drug_name,gene_name
CHEMBL:CHEMBL1833984,PPARG
NERATINIB,KDR
BENZENETHIOL,JUN
NOSCAPINE,HIF1A
CHEMBL:CHEMBL601367,SMAD3
NAVOCAFTOR,CFTR
ERIBULIN MESYLATE,TERT
SERTINDOLE,ADRA1D
LUMACAFTOR,CFTR
"INSULIN, REGULAR, HUMAN",IL6
VILANTEROL,ADRB2
CHEMBL:CHEMBL84010,NFKB1
OT-730,ADRB2
FORETINIB,MET
RAMIPRIL,MMP2
"PYRROLIDINE DITHIOCARBAMIC ACID, AMMONIUM SALT",NFE2L2
OZORALIZUMAB,TNF
DOXAZOSIN MESYLATE,ADRA1D
ODANACATIB,FOS
SAPANISERTIB,KEAP1
ARHALOFENATE,PPARG
FLUOROURACIL,PIK3CA
DEHYDRATED ALCOHOL,CAV1
ANTIDEPRESSANT AGENT,ADRB2
LEBRIKIZUMAB,IL13
"IBUPROFEN, SODIUM SALT",NOS2
ABEMACICLIB,CDKN2A
MRS1505,ABCA3
"N-(5-{4-CHLORO-3-[(2-HYDROXYETHYL)SULFAMOYL]PHENYL}-4-METHYL-1,3-THIAZOL-2-YL)ACETAMIDE",F2R
CHEMBL:CHEMBL481161,TERT
LETROZOLE,CDKN2A
ETHACRYNIC ACID,NFE2L2
SRT2104,SIRT1
DACINOSTAT,MSTN
CHEMBL:CHEMBL530664,STAT3
CHEMBL:CHEMBL578675,NFE2L2
LORAZEPAM,APOE
S-49076,FGFR2
MRS1041,ABCA3
PHENYLEPHRINE,PIK3CG
PARTHENOLIDE,NFKB1
PERICIAZINE,ADRA1D
ORANTINIB,KDR
FLUOROURACIL,KEAP1
INAVOLISIB,FGFR2
DIHYDROSPHINGOSINE,IL6
CHEMBL:CHEMBL408850,TP53
NAVITOCLAX,PIK3CA
I-ABOPX,ABCA3
LEVOFLOXACIN ANHYDROUS,IL6
MSX-2,ABCA3
ADEFOVIR DIPIVOXIL,NFE2L2
GEDATOLISIB,PIK3CD
TASELISIB,PIK3CA
ALACIZUMAB PEGOL,KDR
DIHYDROERGOTAMINE MESYLATE,A2M
XL228,FGFR2
NINTEDANIB ESYLATE,FGFR2
MECHLORETHAMINE HYDROCHLORIDE,TP53
FLUFENAMIC ACID,HIF1A
BELINOSTAT,MSTN
METHYLPARABEN,NFE2L2
CHEMBL:CHEMBL586061,NFE2L2
DEHYDRATED ALCOHOL,F2R
TRETINOIN,FAS
GEFITINIB,MET
DOVITINIB,FGFR2
CLOTRIMAZOLE,TP53
GUGGULSTERONE,NFE2L2
AZ8838,APOE
NIMESULIDE,MPO
SELUMETINIB,MET
COTININE,CYP2A6
EPINEPHRINE BITARTRATE,ADRA1D
ECONAZOLE NITRATE,NR1I2
SULFONE ANTI-INFECTIVE AGENT,MPO
FLUOROURACIL,CYP2A6
BT-11,HGF
DABRAFENIB,TP53
SF1126,PIK3CG
ZM447439,KDR
MOCETINOSTAT,HDAC2
BAY 55-9837,ARCN1
"INSULIN, REGULAR, HUMAN",PIK3CG
CHEMBL:CHEMBL299853,CASP3
REFAMETINIB,MAPK3
"CP608,039",ABCA3
RECOMBINANT HUMAN STEM CELL FACTOR,CDKN1A
ZINC CHLORIDE,TP53
TIVANTINIB,MET
AZD-8186,PIK3CD
SUNITINIB,HIF1A
ENDOTHELIN-1,EDNRA
MESALAMINE,PPARG
PAZOPANIB,KDR
NADOLOL,ADRB2
FIMEPINOSTAT,PIK3CA
FIMEPINOSTAT,PIK3CB
VOXTALISIB,PIK3CD
VOXTALISIB,PIK3CG
MARIMASTAT,MMP12
VASOACTIVE INTESTINAL PEPTIDE,ADRA1D
BALOXAVIR,BLOC1S6
CDX-1140,CD40
FEPIXNEBART,TGFA
CHEMBL:CHEMBL225257,NFE2L2
CHEMBL:CHEMBL296021,NFE2L2
PHENAMIPHOS,PPARG
HALICLONADIAMINE,HIF1A
INDOLE-3-BUTYRIC ACID,NFE2L2
ANGUIDIN,SMAD3
NIFUROXAZIDE,NFE2L2
CHEMBL:CHEMBL600347,TP53
PYRITHIONE,SMAD3
MITONAFIDE,NFE2L2
4-NONYLPHENOL,NFE2L2
SUNITINIB,KDR
CHEMBL:CHEMBL560532,CASP3
CHEMBL:CHEMBL593366,NFE2L2
CHEMBL:CHEMBL591370,NFE2L2
DOXORUBICIN HYDROCHLORIDE,TP53
CYCLOHEXIMIDE,SMAD3
VORINOSTAT,ACE
GITOXIGENIN,SMAD3
CHEMBL:CHEMBL148831,NFE2L2
CHEMBL:CHEMBL429095,TP53
"NITROFURANTOIN, MACROCRYSTALS",NFE2L2
PROCATEROL HYDROCHLORIDE,ADRB2
CYPROTERONE ACETATE,NFE2L2
CARBENOXOLONE SODIUM,NFE2L2
CHEMBL:CHEMBL1466186,SMAD3
CHEMBL:CHEMBL401844,ADCY2
LY-294002,NFKB1
AMINACRINE HYDROCHLORIDE,NFE2L2
ALISERTIB,KDR
CHEMBL:CHEMBL117487,HDAC2
KAMEBANIN,SMAD3
CHEMBL:CHEMBL2095095,SMAD3
TRIAMTERENE,NFE2L2
TRICLOSAN,SMAD3
BIX-01294,SMAD3
E232,NFE2L2
CHEMBL:CHEMBL429095,NFE2L2
CHEMBL:CHEMBL17442,TERT
CINNARIZINE,TP53
SIMETRIDE,NFE2L2
MALINAMIDE,NFE2L2
BARDOXOLONE METHYL,STAT3
GERONTOXANTHONE I,SMAD3
TEPOTINIB,MET
CABOZANTINIB S-MALATE,MET
ANTIDEPRESSANT AGENT,APOE
STAUROSPORINE,APOE
TIRATRICOL,NFE2L2
MPA,FAS
DEHYDRATED ALCOHOL,GCLC
ACELLULAR DERMAL MATRIX,GSTP1
"BENZO(A)PYRENE-7,8-DIOL 9,10-EPOXIDE",GSTP1
LEFLUNOMIDE,MMP1
RETINOIC ACID AGENT,MMP2
SELECTIVE ESTROGEN RECEPTOR MODULATOR,NFE2L2
TAMOXIFEN,NFE2L2
RECOMBINANT 70-KD HEAT-SHOCK PROTEIN,NOS1
TAS-115,KDR
SANDOSTATIN,TGFB1
TOREMIFENE,TGFB1
OSIMERTINIB,MET
FEXAGRATINIB,FGFR2
VITAMIN E,TGFB1
CELECOXIB,PPARG
CLOZAPINE,CYP1A1
GLESATINIB,MET
ASPIRIN,PPARG
ASPIRIN,F2R
ASPIRIN,GSTP1
AR-42,HDAC2
MUPARFOSTAT,KDR
TRANDOLAPRIL,ACE
GOLIMUMAB,TNF
CARVEDILOL,ADRA1D
PINDOLOL,ADRB2
PROCATEROL,ADRB2
PI3K P110BETA/DELTA INHIBITOR KA2237,PIK3CG
ANTI-MET MONOCLONAL ANTIBODY MIXTURE SYM015,MET
NEBENTAN,EDNRA
SILTUXIMAB,IL6
LENVATINIB MESYLATE,KDR
CARMOTEROL,ADRB2
ATIPRIMOD,STAT3
KU-60019,ATM
THR-18,SERPINE1
ANLOTINIB,KDR
CAPMATINIB,MET
SAMOTOLISIB,PIK3CD
BATEFENTEROL,ADRB2
MODAFINIL,ADRA1D
APRICOXIB,PTGS2
EPERISONE,CAV1
"L-775,606",A2M
STX-100,ITGAV
LP-44,SERPINA3
CLOZAPINE,SERPINA3
XANOMELINE,SERPINA3
ZIPRASIDONE,SERPINA3
PSB1115,ABCA3
NICARDIPINE,ABCA3
THEOPHYLLINE,ABCA3
MRS1476,ABCA3
WNY0824,GCLC
VBY-825,FOS
CLAZAKIZUMAB,IL6
BAMOCAFTOR,CFTR
KAEMPHEROL,CYP2A13
TRICHOSTATIN A,MSTN
EDRECOLOMAB,EPCAM
COMPOUND 15 [PMID: 25313322],ADARB2
ISOXSUPRINE HYDROCHLORIDE,ADRA1D
ABSCISIC ACID,HGF
TB-403,PGF
IDELALISIB,PIK3CB
RV6153,PIK3CB
TG-100-115,PIK3CB
"5-QUINOXALIN-6-YLMETHYLENE-THIAZOLIDINE-2,4-DIONE",PIK3CB
SRT-2104,SIRT1
COMPOUND 23 [PMID: 35816678],CX3CR1
PHI,ARCN1
CETUXIMAB,MET
CETUXIMAB,TP53
PANITUMUMAB,CDKN2A
TENALISIB,PIK3CG
CETUXIMAB,CDKN2A
VEMURAFENIB,CDKN2A
DABRAFENIB,CDKN2A
OLVEREMBATINIB,FGFR2
ALPELISIB,FGFR2
NAVITOCLAX,FGFR2
CARBOPLATIN,KEAP1
DABRAFENIB,PIK3CA
PERIFOSINE,PIK3CA
BRAFV600/PI3K INHIBITOR ASN003,PIK3CA
FENAMIDONE,NFE2L2
REBIMASTAT,MMP14
REBIMASTAT,MMP1
TIPIFARNIB,PIK3CA
CHEMBL:CHEMBL1801219,TP53
OMIPALISIB,PIK3CD
ASPIRIN,HLA-DRB1
OMIPALISIB,PIK3CB
PI3K/MTOR KINASE INHIBITOR PF-04691502,PIK3CB
TANNIN PYROGALLOL,NFE2L2
ATROPINE,F2R
ARFORMOTEROL,ADRB2
ESCULETIN,HIF1A
GW7647,HIF1A
BENZO(K)FLUORANTHENE,NFE2L2
CP-547632,KDR
BRIVANIB,FGFR2
RIBAVIRIN,MMP1
CURCUMIN PYRAZOLE,MMP9
"2,4,6-TRIBROMOPHENOL",NFE2L2
PACLITAXEL,PIK3CG
APITEGROMAB,MSTN
CHEMBL:CHEMBL202243,PPARG
CHEMBL:CHEMBL1098875,NFE2L2
BUTINOLINE,JUN
DERAZANTINIB,FGFR2
PHENTOLAMINE MESYLATE,NFE2L2
OPHIOBOLIN O,MAPK3
CHEMBL:CHEMBL578061,MARK2
CISPLATIN,GSTT1
ADENOVIRUS VECTOR,PIK3CG
DOPAMINE,ADRA1D
CHEMBL:CHEMBL312032,PPARG
HALOFUGINONE,TNF
PAXALISIB,PIK3CG
LY-294002,NFE2L2
PARP/TANKYRASE INHIBITOR 2X-121,ATM
COPANLISIB,PIK3CA
ALPELISIB,TP53
IBRUTINIB,SMAD3
PRINOMASTAT,MMP9
BOSENTAN ANHYDROUS,EDNRA
DS-7423,PIK3CD
VUF5574,ABCA3
PSAMMAPLIN A,PPARG
RILOTUMUMAB,HGF
CELECOXIB,VEGFA
BENODANIL,NFE2L2
PRASTERONE,NOS1
CLOZAPINE,GSTT1
AUTOLOGOUS DENDRITIC CELLS TRANSDUCED WITH WILD-TYPE P53 ADENOVIRUS VACCINE,TP53
COMPOUND 1 [PMID: 24900526],ACE
PD173074,FGFR2
E-101 SOLUTION,MPO
BRONCHODILATOR,ADRB2
ROCILETINIB,MET
PYRAZINAMIDE,FAS
OXYPHENBUTAZONE,PTGS2
CHEMBL:CHEMBL581880,NFE2L2
METHYLTHIONINIUM CHLORIDE,SMAD3
SF-1126,PIK3CD
HENATINIB,KDR
INT131,PPARG
FRUQUINTINIB,KDR
PF-04691502,PIK3CD
PILARALISIB,PIK3CB
PILARALISIB,PIK3CG
TG100-801,KDR
BARDOXOLONE METHYL,IKBKB
BARDOXOLONE METHYL,NFE2L2
ALEPLASININ,SERPINE1
ALPRENOLOL,ADRB2
ICI-118551,ADRB2
EMIBETUZUMAB,MET
BENZYDAMINE HYDROCHLORIDE,PTGS2
CNTO-5825,IL13
CD40 LIGAND,CD40
VERDIPERSTAT,MPO
SIREMADLIN,TP53
CHEMBL:CHEMBL29197,MAPK3
PERMETHRIN,ATM
ANTIMYCIN A,NFE2L2
CHEMBL:CHEMBL579837,SMAD3
IOXYNIL,NFE2L2
BAICALEIN,TP53
"DIBENZ[A,H]ANTHRACENE",HIF1A
ETICLOPRIDE,HIF1A
THEONELLASTEROL H,NR1I2
NITROXOLINE,NFE2L2
ANGUIDIN,NFE2L2
LITHOCHOLIC ACID,NR1I2
BENZBROMARONE,HIF1A
"2-METHOXY-1,4-NAPHTHOQUINONE",NFE2L2
CHEMBL:CHEMBL114544,SMAD3
AZD-1080,MARK2
BRONOPOL,NFE2L2
CARTEOLOL,ADRB2
"1,4-DICHLOROBENZENE",CASP3
CHEMBL:CHEMBL547269,NFE2L2
PROCHLORAZ,PPARG
CHEMBL:CHEMBL1528359,HIF1A
UCCF-029,NFE2L2
"2-METHOXY-1,4-NAPHTHOQUINONE",SMAD3
GALLIC ACID,TP53
HEXACHLOROPHENE,SMAD3
CHEMBL:CHEMBL191611,SMAD3
BREFELDIN A,SMAD3
GAMBOGIC AMIDE,MAPK3
TRIAMTERENE,TP53
CHEMBL:CHEMBL599943,NFE2L2
PROPYLPARABEN,PPARG
ATORVASTATIN CALCIUM TRIHYDRATE,NFE2L2
GO-6976,KDR
PATULIN,JUN
APIGENIN,NFKB1
LORATADINE,HIF1A
CHEMBL:CHEMBL599943,TP53
CHELERYTHRINE,NFKB1
PHA-767491,MARK2
CHEMBL:CHEMBL1256291,HIF1A
DEMETHOXYCURCUMIN,SMAD3
2-PHENYLPHENOL,PPARG
CHEMBL:CHEMBL271023,TP53
GITOXIN,NFE2L2
CHEMBL:CHEMBL77675,NFE2L2
FENOFIBRIC ACID,PPARG
CHEMBL:CHEMBL1254091,TERT
CHEMBL:CHEMBL601353,NFE2L2
NIZOFENONE,NFE2L2
MECHLORETHAMINE HYDROCHLORIDE,NFE2L2
TRIBROMOACETIC ACID,NFE2L2
2-PHENYLPHENOL,NFE2L2
METHANESULFONIC ACID METHYL ESTER,NFE2L2
CHEMBL:CHEMBL2208197,PPARG
CHEMBL:CHEMBL255683,SIRT1
CHEMBL:CHEMBL588038,NFE2L2
PICONOL,NFE2L2
CHEMBL:CHEMBL601311,SMAD3
DOCEBENONE,NFE2L2
ISOETHARINE MESYLATE,HIF1A
MERCAPTOPURINE,NFE2L2
2-CHLOROADENOSINE,TP53
CHEMBL:CHEMBL77675,SMAD3
CHEMBL:CHEMBL602922,TP53
BECLOMETHASONE DIPROPIONATE,NFE2L2
CLOTRIMAZOLE,JUN
CHEMBL:CHEMBL584668,CASP3
CHEMBL:CHEMBL259421,TP53
"DIBENZ[A,H]ANTHRACENE",NFE2L2
CHEMBL:CHEMBL578929,NFE2L2
PIROCTONE,SMAD3
DIENESTROL,ADRB2
MITONAFIDE,SMAD3
GEDATOLISIB,PIK3CB
GEDATOLISIB,PIK3CG
CYPROTERONE ACETATE,ADRA1D
TETANUS TOXOID,CD40
FLUOROURACIL,CDKN1A
NICOTINE POLACRILEX,CDKN1A
FREUND'S ADJUVANT,CX3CL1
BUTYRIC ACID,FAS
PACLITAXEL,FOS
PREDNISONE,GSTP1
SELENOMETHIONINE,GSTP1
HEPARIN,HGF
PANCREATIC PROTEOLYTIC ENZYMES,HGF
ZINC CHLORIDE,HMOX1
PRASTERONE,MAPK3
PRAVASTATIN SODIUM,MMP2
MITOGEN-ACTIVATED PROTEIN KINASE INHIBITOR,NFE2L2
DIURETIC,NOS1
CIMETIDINE,NOS1
PENICILLIN,NOS1
RETINOIC ACID AGENT,PIK3CA
PRASTERONE,PIK3CA
"BENZO(A)PYRENE-7,8-DIOL 9,10-EPOXIDE",PIK3CG
CHEMBL:CHEMBL1406948,SMAD3
IH636 GRAPE SEED PROANTHOCYANIDIN EXTRACT,PIK3CB
SURAMIN,PIK3CB
PROTEASOME INHIBITOR,PIK3CB
ARSENIC TRIOXIDE,TERT
INTERFERON ALFA-2B,TGFB1
TAMOXIFEN,TGFB1
HYDROXYCHLOROQUINE,TNF
MEROPENEM ANHYDROUS,TNF
METHYLPREDNISOLONE,TP53
THIOTEPA,TP53
CHEMBL:CHEMBL546797,MET
RECOMBINANT MONOCYTE CHEMOATTRACTANT PROTEIN-1,TP53
DICLOXACILLIN,NR1I2
RIFAPENTINE,NR1I2
PHENYTOIN SODIUM,NR1I2
RESERPINE,NR1I2
METHYLDOPA ANHYDROUS,MMP9
MOTESANIB,KDR
DICLOFENAC SODIUM,PTGS2
ATORVASTATIN CALCIUM TRIHYDRATE,TNF
NIMESULIDE,PTGS2
DACARBAZINE,GSTM1
SB 224289,TP53
RILONACEPT,HLA-DRB1
HESPERETIN,HIF1A
BMS-754807,MET
INFLIXIMAB-DYYB,HLA-DRB1
IMATINIB,GSTT1
THIOTEPA,GSTP1
ORANTINIB,FGFR2
VALPROIC ACID,HDAC2
BMS-777607,MET
GENISTEIN,TP53
GW501516,PPARG
"PAROXETINE HYDROCHLORIDE, HEMIHYDRATE",TP53
2-METHOXYESTRADIOL,NFE2L2
CHEMBL:CHEMBL601137,NFE2L2
ROSIGLITAZONE,PPARG
PALIFERMIN,FGFR2
SF1126,PIK3CD
METHYLBENZETHONIUM CHLORIDE,TP53
PATULIN,TP53
CLENBUTEROL,ADRB2
CARPROFEN,PTGS2
PENBUTOLOL,ADRB2
TIMOLOL,ADRB2
TREPROSTINIL,PPARG
CHEMBL:CHEMBL545900,TP53
CHEMBL:CHEMBL579318,NFE2L2
CEP-11981,MET
PERPHENAZINE,TP53
BAZEDOXIFENE,IL6ST
PHENYLBUTYRYLHYDROXAMIC ACID,HDAC2
VITAMIN K3,NFE2L2
CONBERCEPT,KDR
IMD-1041,IKBKB
QAX-576,IL13
SAR-125844,MET
RISUTEGANIB,VEGFA
CHEMBL:CHEMBL163970,NFE2L2
TRIFLOXYSTROBIN,PPARG
CHEMBL:CHEMBL608862,TERT
CHLORFENAPYR,PPARG
ETANERCEPT-SZZS,TNF
LANATOSIDE C,SMAD3
CHEMBL:CHEMBL428789,TP53
CHLORFENAPYR,TP53
CHEMBL:CHEMBL578061,ATM
FLAVANONE,TP53
SOTIGALIMAB,CD40
"[3H]GR 125,743",A2M
CYPROHEPTADINE HYDROCHLORIDE,SERPINA3
ILOPERIDONE,SERPINA3
DIPROPYL-5-CT,SERPINA3
COMPOUND 6C [PMID: 34435786],ABCA3
LUF7602,ABCA3
ATL802,ABCA3
N(6)-CYCLOHEXYLADENOSINE,ABCA3
DPCPX,ABCA3
ZILEUTON,MMP12
BMS-345541,IKBKB
PROPACHLOR,NFE2L2
TEZACAFTOR,CFTR
AZD6605,ACE
[3H]CYTISINE,CHRNA3
TAMOXIFEN,TP53
SELUMETINIB,TP53
RAMUCIRUMAB,KDR
LETROZOLE,PIK3CA
PEMBROLIZUMAB,TP53
AZD1390,TP53
CAMPTOTHECIN,TP53
CEP-1347,TP53
EPRENETAPOPT,TP53
TRIFLURIDINE,TP53
M8891,TP53
PANITUMUMAB,TP53
DOCETAXEL ANHYDROUS,TP53
IGURATIMOD,PTGS2
DICLOFENAC EPOLAMINE,PTGS2
PICTILISIB,PIK3CA
VORAPAXAR,F2R
LURASIDONE HYDROCHLORIDE,SERPINA3
CYTARABINE,GSTP1
NICLOSAMIDE,STAT3
PILARALISIB,PIK3CA
AN0128,TNF
CLOTRIMAZOLE,HIF1A
REPARIXIN,CXCR2
CAPTOPRIL,ACE
BAMBUTEROL,ADRB2
TRAMETINIB DIMETHYL SULFOXIDE,ATM
PTC299,KDR
ARIPIPRAZOLE LAUROXIL,A2M
GB110,APOE
ALEMTUZUMAB,TP53
FENOFIBRATE MICRONIZED,IL6
IMETELSTAT,TERT
ACALISIB,PIK3CA
ADRIAMYCIN,GSTP1
NU-7441,ATM
TENELIXIMAB,CD40
PRINOMASTAT,MMP2
PENICILLIN V,NR1I2
NORTRIPTYLINE,EPHX1
VEMURAFENIB,KEAP1
ADRIAMYCIN,TGFB1
NIMESULIDE,NOS1
NILUTAMIDE,NFE2L2
DEZAPELISIB,PIK3CB
CHEMBL:CHEMBL1523215,NFE2L2
NOREPINEPHRINE,ADRA1D
RIVOCERANIB,KDR
BEVACIZUMAB-AWWB,F2R
ACETYLCYSTEINE,EPHX1
DACTOLISIB,PIK3CB
CHEMBL:CHEMBL1537417,NFE2L2
PRASTERONE,PIK3CB
IODOQUINOL,HIF1A
GW5074,NFKB1
DACTOLISIB,MET
CHEMBL:CHEMBL529986,NFE2L2
URAPIDIL,ADRA1D
DACTOLISIB,PIK3CA
TEMOZOLOMIDE,ATM
CETUXIMAB,PIK3CA
QUINAPRIL HYDROCHLORIDE,ACE
IMMUNOSUPPRESSANT,CDKN1A
ROMIDEPSIN,CDKN1A
NAPHAZOLINE HYDROCHLORIDE,ADRA1D
NINTEDANIB ESYLATE,KDR
DS-7423,PIK3CA
RAVOXERTINIB,MAPK3
GSK-2636771,PIK3CB
PAXALISIB,PIK3CA
QUERCETIN,GABPA
CA19-9 ANTIGEN,HGF
RECOMBINANT INTERLEUKIN-1,HGF
"GONADOTROPIN, CHORIONIC",HGF
ALEGLITAZAR,PPARG
BRIVANIB,KDR
VATALANIB,KDR
BRODALUMAB,IL17RA
CILENGITIDE,ITGAV
FONTOLIZUMAB,IFNG
ADECATUMUMAB,EPCAM
AMG-811,IFNG
CIMICOXIB,PTGS2
PF-00610355,ADRB2
MYCOPHENOLATE,IL18
4-PHENYLENEDIAMINE,IL18
GALLIUM NITRATE,IL6
MECHLORETHAMINE,CXCR2
TEREVALEFIM,MET
PF-04691502,PIK3CA
ENMD-2076,KDR
ANTI-ULCER AGENT,NOS1
THERAPEUTIC ANDROSTANOLONE,NOS1
DIAZOXIDE,NOS2
HEXACHLOROPHENE,TP53
AG 9,NFKB1
CHEMBL:CHEMBL601933,ATM
OXATOMIDE,HIF1A
TROVAFLOXACIN MESYLATE,NFE2L2
ANCITABINE,NFE2L2
CHEMBL:CHEMBL592316,SMAD3
CGP7930,TP53
CYCLOHEXIMIDE,NFE2L2
COUMARIN,NFE2L2
CHEMBL:CHEMBL261118,TP53
CGP7930,HIF1A
SERGEOLIDE,JUN
GW441756X,MARK2
RIMSULFURON,NFE2L2
THIOURACIL,NOS1
CHEMBL:CHEMBL1198140,NFE2L2
JTC-801,SMAD3
CHEMBL:CHEMBL56393,HIF1A
MELATONIN,PIK3CG
PHENAMIL METHANESULFONATE,NFKB1
CHEMBL:CHEMBL515505,HIF1A
GITOXIGENIN,NFE2L2
CHEMBL:CHEMBL546865,CASP3
PROPYLPYRAZOLETRIOL,PPARG
CHEMBL:CHEMBL1210769,CASP3
VACCINE,PTGS2
CHLORPYRIFOS-METHYL,NFE2L2
CHEMBL:CHEMBL547161,SMAD3
FLUORODIFEN,PPARG
CHEMBL:CHEMBL1761683,NFE2L2
PENDIMETHALIN,NFE2L2
ISOBAVACHALCONE,PTPN1
CHEMBL:CHEMBL583558,NFE2L2
MIDAZOLAM HYDROCHLORIDE,TNF
HALOPERIDOL DECANOATE,TP53
FLUORODIFEN,NFE2L2
NICLOSAMIDE,NFE2L2
ENALAPRIL MALEATE,TP53
GOSSYPOL,TP53
AMG-208,MET
DACTOLISIB,PIK3CD
GLESATINIB,KDR
VITAMIN B12,AGER
SOYBEAN SEED OIL,APOE
NORETHINDRONE ACETATE,APOE
"BENZO(A)PYRENE-7,8-DIOL 9,10-EPOXIDE",APOE
PACLITAXEL,CASP3
ECULIZUMAB,CHRNA3
FAS LIGAND,FAS
ARSENIC TRIOXIDE,IL6
SIROLIMUS,MMP1
DRUGSATFDA.NDA:008378,MPO
BOSENTAN ANHYDROUS,NR1I2
PACLITAXEL,MMP2
STAUROSPORINE,NFE2L2
LIOTHYRONINE,NOS1
METHADONE HYDROCHLORIDE,NR1I2
IFOSFAMIDE,NR1I2
FAS LIGAND,PIK3CG
NAFCILLIN,NR1I2
LUMIRACOXIB,PTGS2
THROMBOLYTIC AGENT,SERPINE1
TERBINAFINE,NR1I2
RECOMBINANT HEPATOCYTE GROWTH FACTOR,SLPI
NICOTINE POLACRILEX,TGFB1
EMODIN,TGFB1
RIVASTIGMINE,APOE
PYRIDOXAL PHOSPHATE ANHYDROUS,CYP2E1
CELECOXIB,IGFBP3
ASPIRIN,TGFB1
ASPIRIN,MYOM2
ASPIRIN,ACE
SENREBOTASE,ADRA1D
TRALOKINUMAB,IL13
ENALAPRIL MALEATE,ADRB2
ADALIMUMAB-ADBM,HLA-DRB1
BAMOSIRAN,ADRB2
ADALIMUMAB-ADBM,VEGFA
VARENICLINE,CHRNA3
LEVOBUNOLOL,ADRB2
MEFENAMIC ACID,PTGS2
CARBOPLATIN,PIK3CA
NABUMETONE,PTGS2
DIFLUNISAL,PTGS2
SULINDAC,PTGS2
CARBIMAZOLE,HLA-DRB1
MYCOPHENOLATE MOFETIL,TNF
PYRAZINAMIDE,TNF
NIFLUMIC ACID,PTGS2
EMAPTICAP PEGOL,CCL2
CYCLOPHOSPHAMIDE ANHYDROUS,CYP2A6
ASP-8477,KDR
DIPROPYL-5-CT,A2M
KETANSERIN,A2M
MRS1042,ABCA3
MRS1486,ABCA3
FLUOXETINE HYDROCHLORIDE,SERPINE1
CLOMIPRAMINE,EPHX1
CITALOPRAM,SERPINE1
AZD3458,PIK3CB
PANULISIB,PIK3CB
COMPOUND 8 [PMID: 17480064],CX3CR1
FICLATUZUMAB,HGF
SRA880,FAS
SORAFENIB,KDR
SUNITINIB,HMOX1
IRINOTECAN HYDROCHLORIDE,PIK3CA
TESEVATINIB,KDR
BORTEZOMIB,TP53
PEMBROLIZUMAB,KEAP1
BUTHIONINE SULFOXIMINE,KEAP1
PI3K ALPHA/BETA INHIBITOR BAY1082439,PIK3CA
ONATASERTIB,PIK3CA
INAVOLISIB,PIK3CA
PI3K-ALPHA INHIBITOR TOS-358,PIK3CA
PKI-179,PIK3CA
RIDAFOROLIMUS,PIK3CA
TOPOTECAN HYDROCHLORIDE,PIK3CA
NANOPARTICLE ALBUMIN-BOUND THIOCOLCHICINE DIMER NAB-5404,VEGFA
CLINDAMYCIN,NR1I2
SOLITOMAB,EPCAM
COMPOUND 34 [PMID: 25974391],FGF7
BUTYRIC ACID,GSTP1
VALDECOXIB,PTGS2
PROPAFENONE HYDROCHLORIDE,ADRB2
MILTEFOSINE,TNF
FLUOROURACIL,NOS1
TADEKINIG ALFA,IL18
SILYMARIN,TGFB1
PEMBROLIZUMAB,MET
LEVONORGESTREL,TP53
INCYCLINIDE,MMP2
DEHYDRATED ALCOHOL,NFE2L2
ASM-024,CHRNA3
EPIGALLOCATECHIN GALLATE,HGF
LAMOTRIGINE,HLA-DRB1
TIAPROFENIC ACID,PTGS2
CHEMBL:CHEMBL259784,TP53
PX-478,HIF1A
TRICLOSAN,NFE2L2
ANDECALIXIMAB,MMP9
MESALAMINE,IKBKB
COMPOUND 4 [PMID: 12408711],CASP3
CHEMBL:CHEMBL260213,TP53
BRUCEANTIN,JUN
SAMOTOLISIB,PIK3CA
FENOPROFEN,PTGS2
PAMIDRONATE,MMP2
PROTEASOME INHIBITOR,HIF1A
PROMAZINE,ADRA1D
CHEMBL:CHEMBL1329443,ATM
SEIMATOPOLIDE A,PPARG
LICOAGRODIN,PTPN1
CATUMAXOMAB,EPCAM
BUPRANOLOL,ADRB2
CHEMBL:CHEMBL588038,SMAD3
DOCETAXEL ANHYDROUS,PIK3CA
ISOETHARINE MESYLATE,ADRB2
AICA RIBONUCLEOTIDE,CASP3
ZILTIVEKIMAB,IL6
PERMETHRIN,NR1I2
APOMORPHINE,TP53
CHEMBL:CHEMBL609606,NFE2L2
CARBOPLATIN,GSTP1
CHEMBL:CHEMBL336095,HIF1A
VINCRISTINE,PIK3CA
PHENYTOIN SODIUM,VEGFA
PENTOSAN POLYSULFATE SODIUM,MMP1
PAN-AKT INHIBITOR ARQ751,PIK3CA
RITUXIMAB,PIK3CA
CLOZAPINE,GSTM1
RECOMBINANT CD40-LIGAND,CD40
INFLIXIMAB-DYYB,TNF
TROGLITAZONE,PPARG
DESERPIDINE,ACE
AJMALICINE,ADRA1D
OLODATEROL HYDROCHLORIDE,ADRB2
PF-04691502,PIK3CB
TESAGLITAZAR,PPARG
BARDOXOLONE METHYL,PPARG
ERITORAN TETRASODIUM,TLR4
BINTRAFUSP ALFA,TGFB1
BEMARITUZUMAB,FGFR2
CTS-1027,MMP12
COPANLISIB,PIK3CD
AVX-470,TNF
COPANLISIB,PIK3CB
OXYPHENBUTAZONE,NFE2L2
DICUMAROL,NFE2L2
EUCALYPTIN A,MET
TRIDECAN-1-OL,NFE2L2
CHEMBL:CHEMBL379975,KDR
SPIRAMIDE,NFE2L2
CHEMBL:CHEMBL1327172,SMAD3
CAMPTOTHECIN,HIF1A
CHEMBL:CHEMBL1405979,NFKB1
TRIAMCINOLONE,NFE2L2
GINSENOSIDE RG3,SIRT1
METHYSTICIN,NFE2L2
MACROCARPAL B,MET
CHEMBL:CHEMBL466465,NFKB1
AZOSEMIDE,NFE2L2
ATRASENTAN,EDNRA
VANDETANIB,KDR
SURATADENOTUREV,TERT
CHEMBL:CHEMBL530499,NFE2L2
ABSCISIC ACID,NFE2L2
AROTINOID ACID,NFE2L2
CHEMBL:CHEMBL408850,NFKB1
SURAMIN,SIRT1
BENZO(K)FLUORANTHENE,NFKB1
RECOMBINANT INTERFERON BETA,FOS
METHOTREXATE,HGF
INTERFERON ALFA-2B,IFNG
C1 ESTERASE INHIBITOR,SERPING1
RECOMBINANT INTERLEUKIN-1-BETA,IFNG
SELECTIVE ESTROGEN RECEPTOR MODULATOR,IL6
INTERFERON ALFA-2B,IL6
SELECTIVE ESTROGEN RECEPTOR MODULATOR,MAPK3
SIROLIMUS,NOS1
RABEPRAZOLE,FGFR2
RAS INHIBITOR,PIK3CA
SULINDAC SULFIDE,PTGS2
BINDARIT,CCL2
FLOXACILLIN,HLA-DRB1
TICLOPIDINE,HLA-DRB1
TEZACAFTOR AND IVACAFTOR,CFTR
BELINOSTAT,HDAC2
PRINOMASTAT,MMP14
MET TYROSINE KINASE INHIBITOR SGX523,MET
PANOBINOSTAT,SIRT1
IVACAFTOR,CFTR
XL765,PIK3CD
TINZAPARIN SODIUM,SERPIND1
DACTOLISIB,PIK3CG
METHOTRIMEPRAZINE,ADRA1D
TOLPERISONE,CAV1
WP-1066,STAT3
ALFUZOSIN,ADRA1D
TENOXICAM,PTGS2
PICTILISIB,PIK3CG
[3H]HEMADO,ABCA3
Z-DQMD-FMK,CASP3
OCAPERIDONE,A2M
&ALPHA;-CONOTOXIN-GIC,CHRNA3
MIANSERIN,SERPINA3
JNJ-18038683,SERPINA3
[125I]LTT-SRIF-28,FAS
CORTISTATIN-14,FAS
"DES-AA1,5-[TYR2,D-TRP8,IAMP9]SRIF",FAS
MITOGEN-ACTIVATED PROTEIN KINASE KINASE INHIBITOR,MET
TCPA,ABCA3
LUF6000,ABCA3
VELIPARIB,ATM
SIROLIMUS,TP53
SERTINDOLE,A2M
AKT INHIBITOR MK2206,PIK3CA
PROPYLPARABEN,NFE2L2
LASALOCID A SODIUM,SMAD3
DIENESTROL,NFE2L2
COMPOUND 17 [PMID: 23642479],ELANE
GLPG1837,CFTR
ABEDITEROL,ADRB2
LIOTHYRONINE,PIK3CG
TOPICAL CORTICOSTEROID,TP53
VB-201,PTGS2
KU-55933,ATM
SURAMIN,PIK3CA
CTS-1027,MMP9
FAS LIGAND,CASP3
FLUORESCEIN,SMAD3
OXPRENOLOL,ADRB2
4SC-202,HDAC2
INFLIXIMAB-DYYB,IL6
CYCLOSERINE,HIF1A
FENRETINIDE,TP53
VORINOSTAT,CFTR
DS-7423,PIK3CB
FEPRAZONE,NFE2L2
LJ-4517,ABCA3
CHEMBL:CHEMBL1304363,NFE2L2
VINCRISTINE,SMAD3
RAVULIZUMAB,CHRNA3
TEBUFENOZIDE,NFE2L2
DARGLITAZONE,NFE2L2
SORAFENIB,VEGFA
PIOGLITAZONE HYDROCHLORIDE,PPARG
CARBOPLATIN,TP53
RAF-265,KDR
CHEMBL:CHEMBL515617,NFE2L2
BACLOFEN,FOS
THYROXINE,IL18
ANESTHETIC AGENT,TNF
ZN2+,ADARB2
"DERIVATIVE 17 [NAKAHATA ET AL., 2018]",ADCY2
TEPRASIRAN,TP53
PEGDINETANIB,KDR
BUDESONIDE,NR1I2
2-AMINO-4-METHYLPYRIDINE,NOS2
LP-12,SERPINA3
FLUAZINAM,SMAD3
PREDNISOLONE ACETATE,NFE2L2
EVEROLIMUS,PIK3CA
ADALIMUMAB-ADBM,TNF
ROMIDEPSIN,HDAC2
NEBIVOLOL HYDROCHLORIDE,ADRB2
BMS-794833,KDR
BMS-794833,MET
SF-1126,PIK3CB
PAXALISIB,PIK3CD
TG100-801,FGFR2
BARDOXOLONE METHYL,KEAP1
LARAZOTIDE ACETATE,CHRNA3
TUCOTUZUMAB CELMOLEUKIN,EPCAM
PF-03446879,MSTN
ESFLURBIPROFEN,PTGS2
SAROGLITAZAR,PPARG
LERIGLITAZONE,PPARG
PF-04217903,MET
HEXACHLOROPHENE,VCP
RA839,KEAP1
CHEMBL:CHEMBL584269,NFE2L2
CHEMBL:CHEMBL607253,NFE2L2
SUBEROHYDROXAMIC ACID,HDAC2
PYROGALLOL RED,MMP14
MECLOFENAMATE SODIUM,HIF1A
AURIN,NFE2L2
CHEMBL:CHEMBL601933,NFE2L2
CHEMBL:CHEMBL426404,NFE2L2
GW7647,PPARG
HEXACHLOROPHENE,GZMB
CHEMBL:CHEMBL86464,SMAD3
SB-431542,MSTN
AROTINOID ACID,NFKB1
HINOKITIOL,HDAC2
PROCATEROL HYDROCHLORIDE,HIF1A
HEXACHLOROPHENE,NFE2L2
OXYPHENBUTAZONE,SMAD3
GENTIAN VIOLET CATION,PPARG
"1,2-DIHYDROXYNAPHTHALENE",PTPN1
CHEMBL:CHEMBL2178583,PPARG
LASALOCID A SODIUM,NFE2L2
TRILOSTANE,NFE2L2
"DIBENZ[A,H]ANTHRACENE",TP53
DIFLUNISAL,NFE2L2
PROPANTHELINE BROMIDE,NFE2L2
N6-BENZYLADENOSINE,TP53
MECHLORETHAMINE HYDROCHLORIDE,JUN
CHEMBL:CHEMBL515617,SMAD3
BENOMYL,TP53
CHEMBL:CHEMBL68096,NFE2L2
FLUFENAMIC ACID,NFE2L2
NEOCHAMAEJASMIN A,JUN
IOXYNIL,TP53
DIGITOXIN,SMAD3
GALLIC ACID,NFE2L2
CHEMBL:CHEMBL2094567,NFE2L2
CHEMBL:CHEMBL531268,NFE2L2
ANISOCOUMARIN H,NFE2L2
TO-901317,NFE2L2
CHEMBL:CHEMBL406557,TP53
VORINOSTAT,NFE2L2
CHEMBL:CHEMBL2207339,PTPN1
BIS(DIMETHYLAMINETHIOCARBONYL)MONOSULFIDE,NFE2L2
CHEMBL:CHEMBL590422,NFE2L2
CHEMBL:CHEMBL444376,TP53
ERGOCALCIFEROL,NFE2L2
CINNARIZINE,JUN
SYRINGARESINOL,FOXO3
CHEMBL:CHEMBL601547,SMAD3
SPIPERONE,NFE2L2
SPIPERONE,HIF1A
GW441756X,KDR
AMCINAFIDE,NFE2L2
BARASERTIB-HQPA,KDR
PF-04691502,PIK3CG
GEDATOLISIB,PIK3CA
FARNESYL TRANSFERASE INHIBITOR,CDKN1A
FLUOROURACIL,CYP2E1
DEHYDRATED ALCOHOL,FOS
PACLITAXEL,GSTT1
EPOETIN ALFA,HIF1A
SURAMIN,IFNG
IMIPENEM-CILASTATIN SODIUM,IL6
RETINOIC ACID AGENT,MAPK3
VINBLASTINE,MMP2
EPIGALLOCATECHIN GALLATE,NFE2L2
IONOMYCIN,NFE2L2
ACETAZOLAMIDE,NOS1
TESTOSTERONE,NOS1
INDOLE-3-CARBINOL,PIK3CA
INTERLEUKIN-11,PIK3CA
PACLITAXEL,PIK3CA
IONOMYCIN,PIK3CG
HYDROXYCHLOROQUINE,PTGS2
FREUND'S ADJUVANT,EPCAM
ESTRADIOL VALERATE,TGFB1
DIDANOSINE,TNF
VITAMIN B6,TNF
FLUOCINOLONE ACETONIDE,TNF
TETRANDRINE,TNF
TRABECTEDIN,TP53
FENOFIBRATE MICRONIZED,APOE
AMPICILLIN (ANHYDROUS),NR1I2
FLUTAMIDE,NR1I2
DOXYCYCLINE ANHYDROUS,NR1I2
SULFAMETHAZINE,NR1I2
RITUXIMAB,CXCL13
NORTRIPTYLINE,DDIT4
RIBAVIRIN,IL6
DICLOFENAC SODIUM,PPARG
ATORVASTATIN CALCIUM TRIHYDRATE,HLA-DRB1
SUNITINIB,VEGFA
CANAKINUMAB,HLA-DRB1
AMITRIPTYLINE HYDROCHLORIDE,DDIT4
MERCAPTOPURINE,GSTP1
PAREGORIC,TLR2
PANOBINOSTAT,HDAC2
CHIDAMIDE,HDAC2
ERITORAN,TLR4
JB991,PPARG
KETOPROFEN,PTGS2
SOVATELTIDE,EDNRA
XL820,KDR
RITODRINE,ADRB2
MOEXIPRIL,ACE
SAVOLITINIB,MET
PERIFOSINE,PIK3CG
PARIDIPRUBART,TLR4
TBC-3711,EDNRA
PEGINTERFERON ALFA-2A,FGFR2
[125I]EPIBATIDINE,ATD
MELOXICAM,PTGS2
VARENICLINE,ATD
ISOETHARINE,ADRB2
DELAPRIL,ACE
ROFECOXIB,PTGS2
SIRUKUMAB,IL6
RS-504393,CCL2
5-CT,A2M
CP-122288,A2M
NARATRIPTAN,A2M
BW-A1433,ABCA3
Z-DEVD-FMK,CASP3
COMPOUND 20 [PMID: 30998356],ELANE
NS1738,ATD
VU0240551,CD74
LY2087101,ATD
AZ3451,APOE
KE 108,FAS
SRIF-14,FAS
PACLITAXEL,GSTP1
CETUXIMAB,EGF
TEMOZOLOMIDE,TP53
TRAMETINIB DIMETHYL SULFOXIDE,MET
ELIMUSERTIB,ATM
ENZALUTAMIDE,ATM
INFIGRATINIB,FGFR2
DS-7423,TP53
ADAVOSERTIB,TP53
IBRUTINIB,TP53
NIVOLUMAB,TP53
RO-5045337,TP53
NAVITOCLAX,TP53
CHIR-124,TP53
TOPOTECAN HYDROCHLORIDE,TP53
SIROLIMUS,PIK3CA
BUTYRIC ACID,HDAC2
TRIPROLIDINE HYDROCHLORIDE,NFE2L2
VINBLASTINE,CDKN1A
ATORVASTATIN CALCIUM TRIHYDRATE,ACE
OLEOCANTHAL,MET
NANOPARTICLE ALBUMIN-BOUND THIOCOLCHICINE DIMER NAB-5404,HGF
BACLOFEN,NOS1
CHEMBL:CHEMBL601757,NFE2L2
ATORVASTATIN CALCIUM TRIHYDRATE,NR1I2
DR-4004,SERPINA3
HMPL-453,FGFR2
INOSITOL,TGFB1
SF1126,PIK3CB
ULINASTATIN,MMP9
FLUOROURACIL,ATM
PRAVASTATIN SODIUM,ACE
PROTOAPIGENONE,SMAD3
RUTAECARPINE,HIF1A
AZD1390,ATM
CLOZAPINE,PIK3CG
LITHIUM,ADCY2
CHEMBL:CHEMBL601550,NFE2L2
HYDROCORTISONE BUTYRATE,HIF1A
PROTEASOME INHIBITOR,FAS
IMATINIB,ABCA3
CYPATE,ITGAV
AMINOSALICYLIC ACID,PTGS2
DINITROPHENYLENE,NFE2L2
N-ACETYLCOLCHINOL,SMAD3
AFATINIB,PIK3CA
DEHYDRATED ALCOHOL,TLR4
CISPLATIN,GSTP1
ALPHA 1-ANTITRYPSIN,SERPINA1
PALBOCICLIB,PIK3CA
CLAVULANIC ACID,HLA-DRB1
(Z)-PIPLARTINE,TP53
CERALASERTIB,ATM
VALPROIC ACID,ATM
PJ34,ATM
POLO-LIKE KINASE 1 INHIBITOR GSK461364,CDKN2A
SAPANISERTIB,CDKN2A
PAXALISIB,PIK3CB
SAR-260301,PIK3CB
LAS190792,ADRB2
RG-1530,KDR
IPATASERTIB,PIK3CA
NERATINIB,PIK3CA
SPARSENTAN,EDNRA
M-2698,PIK3CA
MUTANT-SELECTIVE PI3K-ALPHA H1047R INHIBITOR LOXO-783,PIK3CA
OLAPARIB,PIK3CA
PIRPROFEN,PTGS2
ABX-MA1,MCAM
ACECLOFENAC,PTGS2
AURORA KINASE INHIBITOR AMG 900,TP53
BLZ945,TP53
TEBUFENPYRAD,TP53
GILORALIMAB,CD40
EMB-01,MET
CHEMBL:CHEMBL1389794,TP53
CTS-1027,MMP2
CHEMBL:CHEMBL538798,SMAD3
GINSENOSIDE RG3,NR1I2
CHEMBL:CHEMBL312032,CASP3
CARBENDAZIM,NFE2L2
CHEMBL:CHEMBL531710,NFE2L2
TOLONIUM CHLORIDE,ATM
ISOBONDUCELLIN,TERT
EPINEPHRINE,ADRB2
CHEMBL:CHEMBL586982,NFE2L2
PREDNISOLONE,NFE2L2
INAMRINONE,HIF1A
BREFELDIN A,NFE2L2
DACTOLISIB,NFE2L2
HYDROCORTISONE BUTYRATE,NFE2L2
CHEMBL:CHEMBL116548,ADRB2
IODOQUINOL,TP53
PREDNICARBATE,NFE2L2
DIMETHYL YELLOW,NFE2L2
DESMEDIPHAM,NFE2L2
MERCAPTOPURINE,TP53
DOCUSATE SODIUM,NFE2L2
DYDROGESTERONE,NFE2L2
ATOMOXETINE HYDROCHLORIDE,JUN
TOLONIUM CHLORIDE,NFE2L2
CHEMBL:CHEMBL581225,SMAD3
CHEMBL:CHEMBL601547,NFE2L2
AST-487,KDR
TRIAMTERENE,HIF1A
ACROLEIN,NFE2L2
CAPSAICIN,NFE2L2
DIGITOXIN,STAT3
VINBLASTINE SULFATE,JUN
CIS-RESVERATROL,HIF1A
CHEMBL:CHEMBL599924,SMAD3
DICHLORODIPHENYLDICHLOROETHYLENE,NFE2L2
CHEMBL:CHEMBL2062863,STAT3
STILONIUM IODIDE,NFE2L2
EMBELIN,TP53
BUSPIRONE,NFE2L2
NIHYDRAZONE,NFE2L2
CHEMBL:CHEMBL546493,SMAD3
AMPHOTERICIN B LIPOSOMAL,TNF
CHEMBL:CHEMBL531268,SMAD3
CURCUMIN PYRAZOLE,PTGS2
TIPLASININ,SERPINE1
8-CYCLOPENTYLTHEOPHYLLINE,NFE2L2
"7,8-DIHYDROXYFLAVONE",TP53
CHLORPROMAZINE,TP53
CHEMBL:CHEMBL91163,TERT
CHEMBL:CHEMBL1287980,NFE2L2
TIOXOLONE,NFE2L2
NICLOSAMIDE,HIF1A
CHEMBL:CHEMBL2063681,MAPK3
ACE INHIBITOR,APOE
FENHEXAMID,NFE2L2
PACLITAXEL,CDKN1A
RECOMBINANT INTERFERON,CYP1A1
NIFEDIPINE,ELANE
SILICON PHTHALOCYANINE 4,FAS
METHOTREXATE,GSTM1
DROLOXIFENE,GSTP1
EXATECAN MESYLATE,GSTP1
SIROLIMUS,NFE2L2
RECOMBINANT PROTHYMOSIN ALPHA,NFE2L2
THEOPHYLLINE,NOS2
PROPOFOL,NOS2
INDOLE-3-CARBINOL,PIK3CG
FRAMYCETIN,PIK3CG
RECOMBINANT HEREGULIN,PIK3CG
RAS INHIBITOR,PIK3CG
HALOFUGINONE,SMAD3
KEYHOLE LIMPET HEMOCYANIN,EPCAM
ULINASTATIN,MMP2
TAS-115,MET
PEGINTERFERON ALFA-2A,IL18
PHENYTOIN SODIUM,CYP1A1
DACARBAZINE,CYP1A1
"IBUPROFEN, SODIUM SALT",NOS1
NILOTINIB,GSTP1
PLACULUMAB,TNF
EFATUTAZONE DIHYDROCHLORIDE,PPARG
EW-A-401,VEGFA
MUPARFOSTAT,FGFR2
VEGLIN,VEGFA
LOVASTATIN,PIK3CB
GEMTUZUMAB OZOGAMICIN,CYP2E1
ZANDELISIB,PIK3CD
CHEMBL:CHEMBL579725,ADRB2
FENTICLOR,NFE2L2
LONODELESTAT,ELANE
SAR-113945,IKBKB
TETRADECANOYLPHORBOL ACETATE,NFE2L2
PRAZIQUANTEL,HPGDS
IGMESINE,SERPINA1
FLUFENAMIC ACID,PTGS2
CH 275,FAS
FIMEPINOSTAT,PIK3CG
ARSENIC TRIOXIDE,IKBKB
TRIMAZOSIN,ADRA1D
SAR-405838,TP53
LYSERGOL,A2M
ZIPRASIDONE,A2M
BROMOCRIPTINE,A2M
KETANSERIN,SERPINA3
VUF8507,ABCA3
AC-DEVD-CHO,CASP3
SCRIPTAID,MSTN
BARDOXOLONE,KEAP1
HEPARIN,PIK3CG
GSK2606414,CYP2A13
EMETINE,HIF1A
SLIGKV-NH2,APOE
EGANELISIB,PIK3CB
PIK-108,PIK3CB
AZD8835,PIK3CB
COMPOUND 27 [PMID: 35834807],PIK3CB
NEOCEPTIN-3,TLR4
GEFITINIB,PIK3CA
NAB-PACLITAXEL,PIK3CA
PRAZOSIN,ADRA1D
FLUPIRTINE,HIF1A
4SC-202,VEGFA
VATALANIB,NFE2L2
GSK-1070806,IL18
AXITINIB,KDR
VEMURAFENIB,PIK3CA
HYDROCORTISONE VALERATE,NFE2L2
THIOUREIDOBUTYRONITRILE,TP53
ERLOTINIB,TP53
PILOCARPINE HYDROCHLORIDE,FOS
METAPROTERENOL,ADRB2
IBRUTINIB,ATM
BIM 23050,FAS
CHEMBL:CHEMBL299853,SMAD3
MESALAMINE,PTGS2
VESNARINONE,TP53
CHEMBL:CHEMBL429095,SMAD3
X-82,KDR
AZD0156,ATM
RECOMBINANT MONOCYTE CHEMOATTRACTANT PROTEIN-1,SERPINE1
SUNITINIB,NR1I2
CHEMBL:CHEMBL587620,TP53
GW7647,NFKB1
SB 206553,TP53
COPANLISIB,PIK3CG
XL765,PIK3CA
NITROXOLINE,SMAD3
VEMURAFENIB,MET
CHEMBL:CHEMBL299853,NFE2L2
SELUMETINIB,ATM
CHEMBL:CHEMBL584626,SMAD3
SF-1126,PIK3CA
PENTOSAN POLYSULFATE,VEGFA
AMBRISENTAN,EDNRA
FENOTEROL,ADRB2
CHEMBL:CHEMBL1329443,NFE2L2
SELETALISIB,PIK3CB
BIOFLAVONOID,PIK3CB
NICLOSAMIDE,TP53
BUMETANIDE,ACE
BUPARLISIB,PIK3CA
CARLUMAB,CCL2
KANZONOL X,PPARG
TAMSULOSIN HYDROCHLORIDE,ADRA1D
SAPANISERTIB,PIK3CA
"IBUPROFEN, SODIUM SALT",PIK3CA
NAVARIXIN,CXCR2
MANNITOL,PIK3CG
ILORASERTIB,CDKN2A
MIDODRINE,ADRA1D
FENOPROFEN CALCIUM,PTGS2
FLURBIPROFEN,PTGS2
ASPIRIN,PTGS2
DICLOFENAC POTASSIUM,PTGS2
INDOMETHACIN,PTGS2
KETOROLAC TROMETHAMINE,PTGS2
TELISOTUZUMAB,MET
PILARALISIB,PIK3CD
BGT-226,PIK3CB
INCB-40093,PIK3CD
CEDIRANIB,KDR
ETORICOXIB,PTGS2
FRESOLIMUMAB,TGFB1
PF-04691502,CDKN2A
NAFTOPIDIL,ADRA1D
IMIDAPRIL,ACE
LOXOPROFEN,PTGS2
MK-0767,PPARG
ABBV-3373,TNF
PICTILISIB,PIK3CB
VORINOSTAT,HDAC2
CHEMBL:CHEMBL471225,HIF1A
OXYPHENONIUM BROMIDE,NFE2L2
ANGUSTIBALIN,NFE2L2
MANGOSTIN,TP53
CHEMBL:CHEMBL406557,NFKB1
CHEMBL:CHEMBL411085,TP53
GINSENOSIDE RG3,NFE2L2
DIGITOXIN,NFE2L2
SULCONAZOLE NITRATE,TP53
ADJUVANT,NOS1
GAMBOGIC ACID,MAPK3
RESVERATROL HEXANOIC ACID,TLR2
NORETHINDRONE,NFE2L2
2-CHLOROADENOSINE,HIF1A
BENZO(K)FLUORANTHENE,TP53
TERTATOLOL,ADRB2
PYRIDALYL,NFE2L2
CHEMBL:CHEMBL1530911,SMAD3
ENDRIN,NFE2L2
ZM447439,MET
LENVATINIB,KDR
CHEMBL:CHEMBL601757,SMAD3
CHEMBL:CHEMBL451226,HIF1A
ANTIMYCIN A,TP53
FENRETINIDE,NFKB1
CHEMBL:CHEMBL85826,NFKB1
MICHLER'S KETONE,TP53
CHEMBL:CHEMBL531079,NFE2L2
CHEMBL:CHEMBL604311,ADRB2
FUROXAN,TP53
"2,6-DIMETHOXYQUINONE",TP53
MYRICETIN,PIK3CA
CHEMBL:CHEMBL299853,ATM
CHEMBL:CHEMBL601757,TP53
CHEMBL:CHEMBL448084,CHRNA3
LY-294002,PIK3CA
CHLOROXURON,NFE2L2
LOTEPREDNOL,NFE2L2
CHEMBL:CHEMBL602150,TP53
TERBUTALINE SULFATE,ADRB2
HEXESTROL,NFE2L2
CRYPTOTANSHINONE,SMAD3
THEONELLASTEROL F,NR1I2
CHEMBL:CHEMBL591613,SMAD3
REMTOLUMAB,TNF
IDELALISIB,PIK3CD
REGORAFENIB,KDR
APATINIB,KDR
BEVACIZUMAB-AWWB,VEGFA
CELECOXIB,PTGS2
PENTETIC ACID,CDKN1A
CHOLECALCIFEROL,FAS
MIFEPRISTONE,GSTP1
METHYLPREDNISOLONE,IFNG
THEOPHYLLINE,IFNG
LEUPROLIDE ACETATE,MMP1
TENECTEPLASE,MPO
NEUROPROTECTIVE AGENT,NFE2L2
ANTIBIOTIC,NOS1
THEOPHYLLINE,NOS1
PROPOFOL,NOS1
STAUROSPORINE,NOS1
PRAVASTATIN SODIUM,NOS1
ANAKINRA,NOS1
THERAPEUTIC STEROID HORMONE,NOS2
RECOMBINANT HEPATOCYTE GROWTH FACTOR,PIK3CA
ANGIOGENESIS INHIBITOR,PIK3CA
RETINOIC ACID AGENT,PIK3CB
INDOLE-3-CARBINOL,PIK3CB
IH636 GRAPE SEED PROANTHOCYANIDIN EXTRACT,PIK3CG
ESTRONE,PIK3CG
RECOMBINANT CD40-LIGAND,PIK3CG
SIGNAL TRANSDUCTION INHIBITOR,MAPK3
NORETHINDRONE ACETATE,SERPINE1
ARSENIC TRIOXIDE,SERPINE1
CETRORELIX,SERPINE1
RECOMBINANT TRANSFORMING GROWTH FACTOR-BETA-2,TGFBR3
PROTEASOME INHIBITOR,TGFB1
PIOGLITAZONE HYDROCHLORIDE,TGFB1
INOSITOL,TP53
PUROMYCIN,TP53
PACLITAXEL,TP53
MPA,TP53
SELECTIVE ESTROGEN RECEPTOR MODULATOR,TP53
EFGARTIGIMOD ALFA,CHRNA3
FLOXACILLIN,NR1I2
SPIRONOLACTONE,NR1I2
VINBLASTINE,GSTM1
USTEKINUMAB,IL13
ETOPOSIDE,GSTM1
CELECOXIB,CDKN1A
FUTIBATINIB,FGFR2
PRAVASTATIN SODIUM,HLA-DRB1
AMITRIPTYLINE HYDROCHLORIDE,EPHX1
CAFFEINE,CYP2A6
PHENYTOIN SODIUM,CYP2A6
SU-014813,KDR
C-MET INHIBITOR AMG 208,MET
CRIZOTINIB,MET
INFIGRATINIB,PIK3CD
DARUSENTAN,EDNRA
DACETUZUMAB,CD40
"IBUPROFEN, SODIUM SALT",PTGS2
LICOFELONE,PTGS2
DEXAMETHASONE,GSTP1
SF1126,PIK3CA
XL765,PIK3CG
XL999,KDR
NAVTEMADLIN,TP53
TILUDRONIC ACID,PTPN1
BI-836880,VEGFA
PI3K-DELTA INHIBITOR AMG 319,PIK3CD
BFH-772,KDR
PARTHENOLIDE,IKBKB
PHENYLBUTAZONE,PTGS2
CAPMATINIB HYDROCHLORIDE,MET
IBUDILAST,IL6
SONOLISIB,PIK3CG
MK-2461,FGFR2
SITRAVATINIB,MET
MK-8033,MET
THYMOSIN BETA-4,NFKB1
PALBOCICLIB,CDKN2A
TG100-115,PIK3CG
"L-694,247",A2M
AZ10417808,CASP3
METHYLTHIONINIUM CHLORIDE,ATM
COMPOUND 10 [PMID: 31411465],KEAP1
RXP470.1,ACE
COMPOUND 20 [PMID: 22153340],ACE
[3H]CYTISINE,ATD
PEPTIDOGLYCAN,TLR2
EVEROLIMUS,FLCN
NIVOLUMAB,ATM
NIRAPARIB,ATM
FGFR INHIBITOR CPL304110,FGFR2
ALPELISIB,PIK3CA
ABEMACICLIB,PIK3CA
GANITUMAB,PIK3CA
ENZALUTAMIDE,PIK3CA
PEMBROLIZUMAB,PIK3CA
NIVOLUMAB,PIK3CA
LB-100,TP53
ALECTINIB,TP53
IDASANUTLIN,TP53
CERITINIB,TP53
ENZALUTAMIDE,TP53
VEMURAFENIB,TP53
IFOSFAMIDE,TP53
SERDEMETAN,TP53
XANOMELINE,A2M
TESTOSTERONE,CAV1
9-ANTHROIC ACID,JUN
D-ALPHA-TOCOPHEROL ACETATE,MPO
PUUPEHENONE,HIF1A
CHEMBL:CHEMBL2088731,MAPK3
NAPROXEN SODIUM,PTGS2
CHR-3996,HDAC2
ZIBOTENTAN,EDNRA
COMPOUND (R)-26 [PMID: 22686657],FOS
SALICYLHYDROXAMIC ACID,HIF1A
LUFENURON,NFE2L2
NAMODENOSON,ABCA3
GENISTEIN,CFTR
PF-4708671,PIK3CA
FLUOROURACIL,IGFBP3
VESNARINONE,FAS
CHEMBL:CHEMBL1257022,NFE2L2
KEYHOLE LIMPET HEMOCYANIN,NOS2
DIHYDROERGOTAMINE MESYLATE,SERPINA3
BINETRAKIN,IL6
NEPAFENAC,PTGS2
CHEMBL:CHEMBL261693,TP53
BENZOFURAN,NFE2L2
METYRAPONE,NR1I2
MK-2461,MET
RIVOCERANIB,KEAP1
CHEMBL:CHEMBL592611,SMAD3
ALRIZOMADLIN,TP53
CAMONSERTIB,ATM
INFLIXIMAB-DYYB,TLR2
"BENZO(A)PYRENE-7,8-DIOL 9,10-EPOXIDE",GSTT1
ABEMACICLIB,TP53
6-CL-MLT,NFKB1
ANTIMETABOLITE,CDKN1A
ABBV-3221,CFTR
PAC-1,CASP3
CHEMBL:CHEMBL1537417,SMAD3
CISPLATIN,NR1I2
CELECOXIB,CASP3
INDIRUBIN-3'-MONOXIME,TP53
PHENYTOIN SODIUM,EPHX1
ANTI-HGF MONOCLONAL ANTIBODY TAK-701,HGF
ORTHOTOLIDINE,NFE2L2
GALLOCATECHIN GALLATE,MET
OXYMETAZOLINE HYDROCHLORIDE,ADRA1D
LISINOPRIL ANHYDROUS,ACE
FAS LIGAND,TP53
LINSITINIB,PIK3CA
RUTIN,NFKB1
ISORHAMNETIN,NFKB1
RECOMBINANT BETA CHEMOKINE,GZMA
FLUSPIRILENE,SMAD3
ALACHLOR,NFE2L2
TLR AGONIST CADI-05,TLR2
SPIRAPRIL HYDROCHLORIDE,ACE
TETRAHYDROZOLINE HYDROCHLORIDE,ADRA1D
ESMOLOL HYDROCHLORIDE,ADRB2
ETODOLAC,PTGS2
EPINEPHRINE BITARTRATE,ADRB2
CEP-7055,KDR
FIMEPINOSTAT,HDAC2
FIMEPINOSTAT,PIK3CD
EMD-1204831,MET
DS-7423,PIK3CG
SF-1126,PIK3CG
RG-1530,FGFR2
VOXTALISIB,PIK3CA
VOXTALISIB,PIK3CB
RIVOCERANIB MESYLATE,KDR
LYM-1,HLA-DRB1
ROMILKIMAB,IL13
CTS-1027,MMP14
ZSTK474,PIK3CA
BISPHENOL A,NFE2L2
CHEMBL:CHEMBL225563,NFE2L2
E163,PTGS2
CAMPTOTHECIN,NFE2L2
CORTICOSTERONE,NFE2L2
CHEMBL:CHEMBL199592,NFE2L2
AMENTOFLAVONE,VCP
CHEMBL:CHEMBL311489,HIF1A
CHEMBL:CHEMBL259784,NFE2L2
RIMEXOLONE,NFE2L2
SANGUINARINE SULFATE,TP53
TETRADECYLTHIOACETIC ACID,PPARG
1-NAPHTHYLISOTHIOCYANATE,NFE2L2
CHEMBL:CHEMBL167316,NFE2L2
GO-6976,MARK2
E1501,NFE2L2
BENZOQUINONE,NFE2L2
CHEMBL:CHEMBL582055,NFE2L2
SANGUINARINE SULFATE,SMAD3
KOBOPHENOL A,CASP3
ABIETIC ACID,PPARG
ZAPRINAST,HIF1A
OXENDOLONE,NFE2L2
CHEMBL:CHEMBL609027,NFE2L2
CARBOXYLATED GLUCOSAMINE,MMP9
CHEMBL:CHEMBL329785,MAPK3
PROPYLPYRAZOLETRIOL,HIF1A
TIBOLONE,NFE2L2
FLOCTAFENINE,NFE2L2
KAMEBANIN,NFE2L2
TAMOXIFEN CITRATE,TP53
SB 242084,NFE2L2
APICIDIN,HDAC2
CLOTRIMAZOLE,ADRB2
CIS-RESVERATROL,TP53
NOCODAZOLE,NFE2L2
CARBENDAZIM,TP53
ANGUSTIBALIN,SMAD3
CHEMBL:CHEMBL285157,NFE2L2
DEMETON-S-METHYL,NFE2L2
TACEDINALINE,HDAC2
TRIAMCINOLONE,NFKB1
LITHOCHOLIC ACID,NFE2L2
CABOZANTINIB S-MALATE,KDR
ANTIMALARIAL AGENT,CYP1A1
NICOTINE POLACRILEX,ELANE
TESTOSTERONE,FAS
CHLORAMBUCIL,GSTM1
DEHYDRATED ALCOHOL,GSTP1
ROSIGLITAZONE MALEATE,PPARG
EFLORNITHINE,JUN
CLOZAPINE,JUND
MEDROXYPROGESTERONE,MMP1
SELECTIVE ESTROGEN RECEPTOR MODULATOR,MMP2
THEOPHYLLINE,MPO
MPA,PIK3CG
EMODIN,PIK3CG
INTERLEUKIN-11,PIK3CG
VINCRISTINE,PIK3CG
SELECTIVE ESTROGEN RECEPTOR MODULATOR,PIK3CG
RETINOIC ACID AGENT,SERPINE1
RITUXIMAB,IL6
FLUOROURACIL,TP53
RIBAVIRIN,IL18
CELECOXIB,MMP9
SUNITINIB,FGFR2
IDARUBICIN,CYP2E1
ERDAFITINIB,FGFR2
MERCAPTOPURINE,HLA-DRB1
NILOTINIB,CYP1A1
MBX-2044,PPARG
TABERMINOGENE VADENOVEC,KDR
LABETALOL,ADRB2
SALMETEROL XINAFOATE,ADRB2
ASN007,MAPK3
BERBERINE,TERT
RECOMBINANT MONOCYTE CHEMOATTRACTANT PROTEIN-1,CCL2
PIMAGEDINE,NOS2
MILATUZUMAB,CD74
"BMS 181,101",A2M
CCPA,ABCA3
MRE 3010F20,ABCA3
UCCF-853,CFTR
CHR-3996,MSTN
VORAPAXAR SULFATE,F2R
ISOX-CHA-CHG-ARK(SULFO-CY5)-NH2,APOE
AMDIZALISIB,PIK3CB
AZ2,PIK3CB
COMPOUND 5D [PMID: 31335136],PIK3CB
ZANDELISIB,PIK3CB
IZORLISIB,PIK3CB
BGT-226,PIK3CA
HELODERMIN,ARCN1
PANITUMUMAB,PIK3CA
IBRUTINIB,MYD88
GEFITINIB,KEAP1
CERITINIB,KEAP1
AFATINIB,KEAP1
RIBOCICLIB,PIK3CA
PI3K-ALPHA INHIBITOR HS-10352,PIK3CA
PEGSUNERCEPT,TNF
STAMULUMAB,MSTN
CARBARIL,ACE
TREVOGRUMAB,MSTN
NEMIRALISIB,PIK3CD
NANAOMYCIN,NFE2L2
"4',7-DIMETHOXY-5-HYDROXYGENISTEIN",NFKB1
PURVALANOLA,HIF1A
BENZBROMARONE,PPARG
CHEMBL:CHEMBL531401,ADRB2
CHEMBL:CHEMBL2095095,NFE2L2
CHEMBL:CHEMBL2208195,PPARG
CHEMBL:CHEMBL600694,SMAD3
CHEMBL:CHEMBL602990,SMAD3
CHEMBL:CHEMBL1702181,TP53
NEFAZODONE HYDROCHLORIDE,NFE2L2
PROCHLORAZ,NFE2L2
SIMPINICLINE,CHRNA3
CHEMBL:CHEMBL259422,TP53
CARMINIC ACID,MMP14
TRICIRIBINE,NFE2L2
RABEPRAZOLE,NFE2L2
CYCLOHEXIMIDE,HIF1A
HYDROCORTISONE BUTYRATE,NFKB1
BRIVANIB ALANINATE,KDR
AVOSENTAN,EDNRA
SATRALIZUMAB,IL6ST
CARBOPLATIN,CDKN1A
ARSENIC TRIOXIDE,CDKN1A
ARSENIC TRIOXIDE,FAS
INCOMPLETE FREUND'S ADJUVANT,EPCAM
IDOXURIDINE,TGFB1
RETINOIC ACID AGENT,TGFB1
TESTOSTERONE,TGFB1
PROCARBAZINE HYDROCHLORIDE,TNF
TRIFLUOPERAZINE,TP53
INTERFERON ALFA-2B,TP53
PRAVASTATIN SODIUM,APOE
CEPHRADINE,NR1I2
CEFADROXIL ANHYDROUS,NR1I2
PROGESTERONE,NR1I2
VINBLASTINE,NR1I2
ROSIGLITAZONE,NR1I2
RITUXIMAB,TGFB1
LENALIDOMIDE,KDR
ELEXACAFTOR,CFTR
ETOPOSIDE,GSTT1
COPANLISIB HYDROCHLORIDE,PIK3CA
ISIS 104838,TNF
PERINDOPRIL,ACE
MRA 003 US,IL6
ULIXERTINIB,MAPK3
TELISOTUZUMAB VEDOTIN,MET
DOMAGROZUMAB,MSTN
TIVOZANIB,KDR
SIVELESTAT,ELANE
MK-2461,KDR
ELPAMOTIDE,KDR
DP-B99,MMP9
MEDETOMIDINE,ADRA1D
CLOZAPINE,A2M
CABERGOLINE,A2M
(+)-WAY 100135,A2M
5-CT,SERPINA3
OLEAMIDE,SERPINA3
PZ-128,F2R
TP0556351,ACE
TORIN 2,F2R
RIBOCICLIB,CDKN2A
CETRELIMAB,FGFR2
AKT INHIBITOR MK2206,FGFR2
TINENGOTINIB,FGFR2
ZOTATIFIN,FGFR2
VEMURAFENIB,FGFR2
DOXORUBICIN HYDROCHLORIDE,PIK3CA
INFIGRATINIB,PIK3CA
TORIPALIMAB-TPZI,PIK3CA
ABIRATERONE ACETATE,TP53
P53-HDM2 INTERACTION INHIBITOR MI-773,TP53
GEDATOLISIB,TP53
TILARGININE,NOS2
FGFR INHIBITOR DEBIO 1347,FGFR2
TALAZOPARIB,ATM
OMIPALISIB,PIK3CG
CHEMBL:CHEMBL408563,TP53
CLOCORTOLONE,NFE2L2
CHEMBL:CHEMBL533226,TP53
STREPTONIGRIN,ATM
PF-562271,MET
STROPHANTHIDIN ACETATE,SMAD3
HYDROQUINONE,NFKB1
GW843682X,KDR
PSAMMAPLIN A,HDAC2
BROMETHALIN,NFE2L2
CHEMBL:CHEMBL428789,NFKB1
BROMODICHLOROACETIC ACID,NFE2L2
EUPAROTIN ACETATE,NFE2L2
SOLOMONSTEROL A,NR1I2
CHEMBL:CHEMBL428789,CASP3
STROPHANTHIDIN ACETATE,NFE2L2
CHEMBL:CHEMBL1770735,CYP2A6
AMLEXANOX,NFE2L2
CHEMBL:CHEMBL408653,TP53
BENZO[E]PYRENE,NFE2L2
EXEMESTANE,NFE2L2
CHEMBL:CHEMBL84010,SMAD3
CHEMBL:CHEMBL422942,TP53
RESMETHRIN,NFE2L2
FLAVONE,NFE2L2
E324,NFE2L2
TOZASERTIB,MARK2
CHEMBL:CHEMBL2062869,STAT3
RONNEL,NFE2L2
THIORIDAZINE,TP53
TYRPHOSTIN AG 879,HIF1A
CHEMBL:CHEMBL601140,TP53
ISOLIQUIRITIGENIN,JUN
TRIFLOXYSTROBIN,TP53
CHEMBL:CHEMBL177809,TP53
CLOFOCTOL,TP53
ETOXAZOLE,NFE2L2
MESOTRIONE,NFE2L2
(+)-EPITAXIFOLIN,NFKB1
BUPARLISIB,PIK3CD
2-CHLORO-5-NITRO-N-PHENYLBENZAMIDE,NFE2L2
TOLPERISONE HYDROCHLORIDE,NFE2L2
CHEMBL:CHEMBL581880,SMAD3
CHEMBL:CHEMBL600572,SMAD3
EPOETIN ALFA,CDKN1A
CLOPIDOGREL,F2R
CHLORAMBUCIL,TP53
DIMETHYL FUMARATE,GSTP1
THIOINOSINE,SMAD3
IDAZOXAN,NFE2L2
TROGLITAZONE,PIK3CG
SAQUINAVIR,NR1I2
BROMOCRIPTINE,FOS
VS-5584,PIK3CA
PROMETHAZINE HYDROCHLORIDE,CYP1A1
RECOMBINANT INTERFERON,IL18
PARAROSANILINE,NFE2L2
MW01,ELANE
5-HYDROXYTRYPTAMINE,SERPINA3
DISULFIRAM,NFKB1
TASURGRATINIB,FGFR2
BOMEDEMSTAT,TP53
TEPOTINIB HYDROCHLORIDE,MET
CHEMBL:CHEMBL242171,TP53
PONATINIB,FGFR2
CHEMBL:CHEMBL592124,SMAD3
CHEMBL:CHEMBL1079460,NFE2L2
PRAMLINTIDE,TP53
BMS-698769,MET
CUDC-101,HDAC2
ALTIRATINIB,MET
GSK-1059615,PIK3CB
RECILISIB,PIK3CA
RECILISIB,PIK3CG
WX-037,PIK3CA
WX-037,PIK3CD
BUPARLISIB,PIK3CG
BUPARLISIB,PIK3CB
LUCITANIB,KDR
ACALISIB,PIK3CD
ENRASENTAN,EDNRA
AFELIMOMAB,TNF
TELBERMIN,KDR
CHEMBL:CHEMBL1836411,TLR2
TILARGININE ACETATE,NOS2
TILARGININE ACETATE,NOS1
TEMSIROLIMUS,PIK3CA
4-METHOXYDALBERGIONE,TP53
ENMD-2076,FGFR2
LUTEOLIN,NFKB1
CHEMBL:CHEMBL1522984,TP53
MEGESTROL ACETATE,NFE2L2
CHEMBL:CHEMBL329673,HIF1A
GR 127935,SMAD3
CHEMBL:CHEMBL592363,NFE2L2
GSK-269962A,MARK2
PD-0166285,KDR
GISENOSIDE RK1,SIRT1
PAPAVERINE,NFE2L2
DOXORUBICIN HYDROCHLORIDE,SMAD3
CHEMBL:CHEMBL1902074,SMAD3
(S)-MEXILETINE,NFKB1
PIPOBROMAN,NFE2L2
ANCITABINE HYDROCHLORIDE,NFE2L2
CHEMBL:CHEMBL184450,TP53
CANRENONE,NFE2L2
ACACETIN,SMAD3
DIHYDROXANTHOHUMOL,NFE2L2
MITOXANTRONE,SMAD3
PHENMEDIPHAM,NFE2L2
CHEMBL:CHEMBL2171117,PTGS2
MK-2206,SMAD3
CHLOROTHALONIL,SMAD3
PHLORETIN,NFE2L2
CHEMBL:CHEMBL582722,SMAD3
LOPINAVIR,NFE2L2
CHEMBL:CHEMBL1241268,TP53
FLUFENACET,NFE2L2
CHLOROTHALONIL,TP53
CHEMBL:CHEMBL1519374,ATM
4-(BENZHYDRYLOXY)-1-[3-(1H-TETRAAZOL-5-YL)PROPYL]PIPERIDINE,HPGDS
ISOPROTERENOL,HIF1A
TBBT,NFE2L2
CHEMBL:CHEMBL329673,TP53
ALSTERPAULLONE,MARK2
PROTRIPTYLINE,NFKB1
NVP-TAE684,MET
DISULFIRAM,ADRB2
CHEMBL:CHEMBL310871,ELANE
CHEMBL:CHEMBL601970,NFE2L2
AZACITIDINE,NFE2L2
THONZONIUM BROMIDE,NFE2L2
DACTHAL,NFE2L2
CHEMBL:CHEMBL405914,TP53
METHACHOLINE CHLORIDE,NFE2L2
TETRANITROMETHANE,NFE2L2
BENZETHONIUM CHLORIDE,TP53
COBALT,A2M
TROGLITAZONE,APOE
PTHRP,CDKN1A
PENTACHLORONITROBENZENE,NFE2L2
ANTICONVULSANT AGENT,EPHX1
CARBOPLATIN,GCLC
OXALIPLATIN,GSTP1
ANTIVIRAL AGENT,IL18
CYTARABINE,ITGAV
COBALT,MMP1
OPIATE,NOS2
TYROSINE KINASE INHIBITOR,NOS2
DOXORUBICIN HYDROCHLORIDE,PIK3CG
ALDESLEUKIN,PIK3CG
GP-120 ANTIGEN,PIK3CG
PICEATANNOL,PIK3CG
FGF-1,PIK3CG
BORTEZOMIB,PIK3CG
ORAL CONTRACEPTIVE,SERPINE1
STREPTOZOCIN,SFTPB
ETOPOSIDE,TGFB1
FULVESTRANT,PIK3CA
TROLEANDOMYCIN,NR1I2
CHEMBL:CHEMBL582983,NFE2L2
CHENODEOXYCHOLIC ACID,NR1I2
SULFAMETHOXAZOLE,GCLC
RESVERATROL,NFKB1
(2S)-1-(1H-INDOL-3-YL)-3-{[5-(3-METHYL-1H-INDAZOL-5-YL)PYRIDIN-3-YL]OXY}PROPAN-2-AMINE,SMAD3
METACETAMOL,CYP2E1
CARBAMAZEPINE,CYP1A1
MASOPROCOL,TP53
MOMETASONE,NFE2L2
CHEMBL:CHEMBL591126,SMAD3
CAPIVASERTIB,PIK3CA
BETA-CARBOLINE,IKBKB
CHEMBL:CHEMBL1287983,NFE2L2
BUPROPION HYDROCHLORIDE,ACE
VADIMEZAN,KDR
ARSENIC TRIOXIDE,MAPK3
CHEMBL:CHEMBL461193,SMAD3
EPICATECHIN GALLATE,HIF1A
CHEMBL:CHEMBL530682,NFE2L2
XANTHOANGELOL B,CASP3
TELATINIB,KDR
VOLOCIXIMAB,ITGAV
DEBRISOQUIN,ADRA1D
TYRPHOSTIN A9,TP53
OXYCARBOXIN,NFE2L2
INFIGRATINIB,PIK3CG
RAMIPRIL,ACE
DELPHINIDIN,KDR
SOY PROTEIN ISOLATE,APOE
VITAMIN E,APOE
TRAFERMIN,FGFR2
IMD-0354,IKBKB
LANSOPRAZOLE,CYP1A1
ALPHA-TOCOPHEROL,GSTP1
GARLIC,GSTP1
THERAPEUTIC ANDROGEN,GSTP1
SYNTHETIC HUMAN PAPILLOMAVIRUS 16 E6 PEPTIDE,IL18
LAMIVUDINE,MMP1
FENTANYL CITRATE,MPO
IL-6,NFE2L2
CAPTOPRIL,NOS2
LACTOSE,PIK3CG
LOVASTATIN,PIK3CG
VACCINE,EPCAM
GALLIUM NITRATE,TGFB1
GM-CSF,TGFBR3
ADJUVANT,TLR4
TENALISIB,PIK3CD
ADALIMUMAB-ADBM,NR1I2
RIZATRIPTAN BENZOATE,A2M
RU 24969,A2M
MRS1754,ABCA3
LHVS,FOS
UCCF-029,CFTR
UCCF-339,CFTR
CAPSAICIN,CFTR
NS004,CFTR
NIL,NOS2
NSC 780521,GZMA
PERTUSSIS VACCINE,TLR4
AZD6482,PIK3CB
TGX-221,PIK3CB
VS-5584,PIK3CB
DAPSONE,HLA-DRB1
BIM 23627,FAS
GSK1795091,TLR4
PHENPROCOUMON,EPHX1
N-STEARYL-[NLE17]VIP,ARCN1
ONARTUZUMAB,MET
CISPLATIN,PIK3CA
CYCLOPHOSPHAMIDE ANHYDROUS,NOS1
CAPECITABINE,TP53
PICTILISIB,FGFR2
RIGOSERTIB SODIUM,PIK3CA
SELECTIVE ESTROGEN RECEPTOR MODULATOR,PIK3CA
DNA VACCINE,EPCAM
APAZONE,PTGS2
EPIGALLOCATECHIN-3-GALLATE,MET
SILDENAFIL,VEGFA
CHEMBL:CHEMBL124006,NFE2L2
DOVITINIB,KDR
SALICYLANILIDE,NFE2L2
DIETHYLDITHIOCARBAMATE,GSTP1
THEOPHYLLINE,CYP2E1
VACTOSERTIB,TGFB1
9-AMINOCAMPTOTHECIN,SMAD3
DIPYRITHIONE,NFE2L2
4-PHENYLBUTYRIC ACID,CDKN1A
SUPROFEN,PTGS2
CHEMBL:CHEMBL473735,TP53
SB269970,SERPINA3
PROTEIN KINASE A INHIBITOR,FOS
CURCUMIN,NFE2L2
NEOSTIGMINE,NFE2L2
PHENETHYL ISOCYANATE,CYP2E1
NF-KAPPAB DECOY,NFKB1
PARECOXIB,PTGS2
EZATIOSTAT,GSTP1
ALFUZOSIN HYDROCHLORIDE,NFE2L2
KEPONE,NFE2L2
CHEMBL:CHEMBL329673,NFE2L2
OMEPRAZOLE,TNF
SONOLISIB,PIK3CD
SULFASALAZINE,PTGS2
SULFASALAZINE,PPARG
PHYTOSTEROL,APOE
CLIOQUINOL,SMAD3
QUISINOSTAT,MSTN
BUTYLPARABEN,NFE2L2
ABCIXIMAB,ITGAV
BITOLTEROL MESYLATE,ADRB2
ENMD-981693,FGFR2
4SC-203,KDR
RECILISIB,PIK3CD
INDEGLITAZAR,PPARG
BEVACIZUMAB 111IN,VEGFA
EZATIOSTAT HYDROCHLORIDE,GSTP1
NAPROXEN ETEMESIL,PTGS2
ANRUKINZUMAB,IL13
PARSACLISIB,PIK3CD
IDRONOXIL,CASP3
ZSTK474,PIK3CB
CHEMBL:CHEMBL581574,SMAD3
HALCINONIDE,NFE2L2
CMX-2043,MET
MITIPERSTAT,MPO
CHEMBL:CHEMBL600734,SMAD3
CHEMBL:CHEMBL576208,CASP3
CHEMBL:CHEMBL389685,MAPK3
COTI-2,TP53
VANOXERINE,TP53
CHEMBL:CHEMBL481160,TERT
DIOSMETIN,NFKB1
CHEMBL:CHEMBL533602,SMAD3
CURCUMIN/DOXORUBICIN-ENCAPSULATING NANOPARTICLE IMX-110,STAT3
EMETINE HYDROCHLORIDE,NFE2L2
VEGF/HGF-TARGETING DARPIN MP0250,HGF
EPIGALLOCATECHIN-3-GALLATE,NFKB1
CHEMBL:CHEMBL585502,SMAD3
CONICASTEROL E,NR1I2
CHEMBL:CHEMBL1563896,NFE2L2
BLESELUMAB,CD40
CHEMBL:CHEMBL584514,NFE2L2
FIDUXOSIN HYDROCHLORIDE,SMAD3
DOVITINIB,MARK2
TEROXIRONE,TP53
4-PHENYLBUTYRIC ACID,HDAC2
CHEMBL:CHEMBL1519374,SMAD3
PF-00337210,KDR
SCHISANHENOL,ATM
CHEMBL:CHEMBL536166,NFE2L2
CHEMBL:CHEMBL167529,NFE2L2
PIMOZIDE,HIF1A
CUCURBITACIN B,SMAD3
DESACETOXYMATRICARIN,NFE2L2
DITHIOLETHIONE,PTPN1
AZACITIDINE,SMAD3
BITERTANOL,NFE2L2
PHENYLMERCURIC ACETATE,TP53
CHEMBL:CHEMBL362223,HIF1A
BARASERTIB,KDR
CHEMBL:CHEMBL578512,TP53
RACEPINEPHRINE HYDROCHLORIDE,ADRB2
TOPOTECAN HYDROCHLORIDE,HIF1A
TETRADIFON,NFE2L2
AMINOQUINOL,SMAD3
DEPHOSTATIN,HIF1A
PAC1,CASP3
ANDROGRAPHOLIDE,NFKB1
CHEMBL:CHEMBL1492017,NFE2L2
CHEMBL:CHEMBL83761,NFE2L2
URSOLIC ACID,PTGS2
SALERMIDE,SIRT1
HYDROXYPROGESTERONE CAPROATE (USP),NFE2L2
NVP-TAE684,KDR
DICHLORISONE ACETATE,NFE2L2
CHEMBL:CHEMBL227959,TP53
CHEMBL:CHEMBL375673,ATM
CP-547632,MARK2
PD-0166285,MET
PIMOZIDE,TP53
ISATIN,NFE2L2
CEP-5214,KDR
CHEMBL:CHEMBL600734,NFE2L2
CHEMBL:CHEMBL1939433,PIK3CA
ITRACONAZOLE,KDR
TRICYCLAZOLE,NFE2L2
TPCK,HIF1A
BENOXACOR,NFE2L2
SULFASALAZINE,HIF1A
SP-600125,MET
DYRENE,NFKB1
PHENOL,NFE2L2
DIFENOCONAZOLE,NFE2L2
TELMISARTAN,NFE2L2
THIMEROSAL,SMAD3
CHEMBL:CHEMBL375563,SIRT1
DIELDRIN,NFE2L2
BOLDINE,HIF1A
PI-103,PIK3CB
PI-103,PIK3CA
REGORAFENIB,FGFR2
ENZYME INHIBITOR,ACE
SODIUM CHLORIDE,ADRB2
COBALT,CYP2E1
POLYETHYLENE GLYCOL 4000,CYP2E1
ASPIRIN,FAS
AS101,FAS
VITAMIN K,FAS
THROMBIN,FOS
NIMODIPINE,FOS
TOPOISOMERASE INHIBITOR,GSTP1
CYCLOSPORINE,GZMA
RESERPINE,HGF
ASPIRIN,HGF
THROMBIN,IFNG
IFOSFAMIDE,IL6
GENISTEIN,CXCR2
STREPTOZOCIN,MMP2
PROTEASE INHIBITOR,NFE2L2
BENZODIAZEPINE,NOS1
SODIUM CHLORIDE,NOS1
TIRAPAZAMINE,NOS1
IDOXIFENE,NOS1
FLUOXETINE HYDROCHLORIDE,NOS2
TYROSINE KINASE INHIBITOR,PIK3CA
ALDESLEUKIN,PIK3CA
UROKINASE,PIK3CA
TOPOISOMERASE-II INHIBITOR,PIK3CB
DOXORUBICIN HYDROCHLORIDE,PIK3CB
TYROSINE KINASE INHIBITOR,PIK3CB
ATORVASTATIN CALCIUM TRIHYDRATE,PIK3CG
LENOGRASTIM,PIK3CG
RESERPINE,PTGS2
MITOMYCIN C ANALOG KW-2149,TNF
TARENFLURBIL,TP53
STREPTONIGRIN,TP53
THERAPEUTIC CORTICOSTEROID,NR1I2
OXICONAZOLE,NR1I2
ETHAMBUTOL HYDROCHLORIDE,NR1I2
LOVASTATIN,NR1I2
VINCRISTINE,NR1I2
MEASLES VACCINE,HLA-DRB1
PEGINTERFERON ALFA-2B,IL6
CURCUMIN,CFTR
AZATHIOPRINE,GSTM1
ACETAMINOPHEN,CYP2E1
AMOXICILLIN ANHYDROUS,HLA-DRB1
ANTICONVULSANT AGENT,CYP1A1
METHOTREXATE,GSTT1
COUMARIN,CYP2A13
NITROPRUSSIDE,ACE
DEXAMETHASONE,SERPINE1
COUMARIN,CYP2A6
PIVALOYLOXYMETHYLBUTYRATE,HDAC2
INTEGRIN RECEPTOR ANTAGONIST GLPG0187,ITGB6
ILEPATRIL,ACE
GIVINOSTAT,HDAC2
DECTREKUMAB,IL13
QUINAPRIL,ACE
STANNSOPORFIN,HMOX1
ALPHA 1-ANTITRYPSIN,ELANE
BETHANIDINE,ADRA1D
CAPESEROD,SERPINA3
RANIBIZUMAB,VEGFA
HLA-A*0201 RESTRICTED TERT(572Y)/TERT(572) PEPTIDES VACCINE VX-001,TERT
THALIDOMIDE,TNF
ODANACATIB,FOSB
CH-5132799,PIK3CB
IBOCTADEKIN,IL18
INSULIN SUSP ISOPHANE RECOMBINANT HUMAN,INS
PENTOXIFYLLINE,TNF
METHYSERGIDE,A2M
SB 649915,A2M
RITANSERIN,A2M
METHYSERGIDE,SERPINA3
EMDT,SERPINA3
METERGOLINE,SERPINA3
KF26777,ABCA3
CIRTUVIVINT,ELANE
TILARGININE,NOS1
A-867744,CHRNA3
AC264613,APOE
"CYCLO(7-12) DES-AA1,2,5-[GLU7,D-TRP8,IAMP9,M-I-TYR11,HHLYS12]SRIF",FAS
"[ALA11,22,28]VIP",ARCN1
N-STEARYL-[NLE17] NEUROTENSIN-(6-11)/VIP-(7-28),ARCN1
AVELUMAB,ATM
IRINOTECAN HYDROCHLORIDE,ATM
AZD7648,ATM
TRAMETINIB DIMETHYL SULFOXIDE,CDKN2A
LUCITANIB,PIK3CA
AZD0156,PIK3CA
DECITABINE,TP53
BRIGATINIB,TP53
SN-38,TP53
BRIGIMADLIN,TP53
RWJ-67657,PTGS2
ANTI-HIF-1ALPHA LNA ANTISENSE OLIGONUCLEOTIDE EZN-2968,HIF1A
ST-1535,ABCA3
LINIFANIB,KDR
IGN-101,EPCAM
GR 127935,TP53
CHEMBL:CHEMBL2002487,TP53
RECOMBINANT NEUROTROPHIC FACTOR,HMOX1
RIFABUTIN,NR1I2
KIN-3248,FGFR2
P53/HDM2 INTERACTION INHIBITOR CGM097,TP53
CYCLOSPORINE,TNF
CILOSTAZOL,VEGFA
YUANHUADINE,MET
MEFENAMIC ACID,NFE2L2
CITRIC ACID,NFE2L2
LORNOXICAM,PTGS2
TROGLITAZONE,NFE2L2
CHEMBL:CHEMBL600692,NFE2L2
INK-1117,PIK3CA
ENNIATIN B,NFE2L2
BUPARLISIB,FGFR2
SYMPLOSTATIN 5,ELANE
ZANUBRUTINIB,MYD88
EPOETIN ALFA,NFE2L2
LAPACHONE,TNF
STREPTOZOCIN,HGF
DEXAMETHASONE,VEGFA
TYROSINE KINASE INHIBITOR,MMP1
METHOXYCHLOR,NFE2L2
PHENYLMERCURIC ACETATE,NFE2L2
FIPEXIDE HYDROCHLORIDE,NFE2L2
URSOLIC ACID,PTPN1
CIS/TRANS-ISOEUGENOL,NFE2L2
TILIQUINOL,NFE2L2
LAPATINIB,MET
ERGOTAMINE TARTRATE,ADRA1D
PENBUTOLOL SULFATE,ADRB2
OXPRENOLOL HYDROCHLORIDE,ADRB2
METAPROTERENOL SULFATE,ADRB2
I-287,APOE
PANOBINOSTAT LACTATE,HDAC2
PERINDOPRIL ARGININE,ACE
ALTIRATINIB,KDR
MLN-0415,IKBKB
VS-5584,PIK3CG
SITAXENTAN SODIUM,EDNRA
ALOXIPRIN,PTGS2
IMGN-388,ITGAV
EPHEDRINE,ADRA1D
DEPELESTAT,ELANE
AZD-1236,MMP9
EPHEDRINE HYDROCHLORIDE,ADRA1D
HOMIDIUM BROMIDE,TNF
MANEB,NFE2L2
ELLIPTECINE,NFE2L2
{4-[3-(4-ACETYL-3-HYDROXY-2-PROPYLPHENOXY)PROPOXY]PHENOXY}ACETIC ACID,NFE2L2
CHEMBL:CHEMBL599100,SMAD3
CHEMBL:CHEMBL403308,SIRT1
CHEMBL:CHEMBL1622802,SMAD3
TRYPTANTHRIN,NFE2L2
NAMODENOSON,NFE2L2
OUABAIN,SMAD3
METHYL ROBUSTONE,TP53
AMITRAZ,NFE2L2
AMOXAPINE,TP53
PP2,KDR
CHEMBL:CHEMBL81782,NFE2L2
QUERCETAGETIN,NFKB1
QUINACRINE DIHYDROCHLORIDE,TP53
4-PHENYLENEDIAMINE,NFE2L2
CURCUMIN,PTGS2
THIOPHANATE METHYL,NFE2L2
CHEMBL:CHEMBL602740,SMAD3
GLABROL,PPARG
EPIRUBICIN HYDROCHLORIDE,NFE2L2
SIDURON,NFE2L2
CHEMBL:CHEMBL582473,TP53
CLIOXANIDE,SMAD3
LIFASTUZUMAB VEDOTIN,CHRNA3
ALL-TRANS-RETINAL,NFE2L2
TBBT,NFKB1
EPINEPHRINE BITARTRATE,HIF1A
CHEMBL:CHEMBL576208,NFE2L2
CHEMBL:CHEMBL2002487,NFE2L2
OCHROMYCINONE,STAT3
CYMOXANIL,NFE2L2
PHENOXYBENZAMINE,NFE2L2
CHEMBL:CHEMBL1494650,TP53
CHEMBL:CHEMBL428064,NFE2L2
CYCLOASPEPTIDE A,NFE2L2
BUNITROLOL,ADRB2
TANESPIMYCIN,HIF1A
HYCANTHONE,NFE2L2
SOTALOL,ADRB2
CHEMBL:CHEMBL2088730,MAPK3
ECHINATIN,PPARG
NORADRENALINE,HIF1A
DIETHYLSTILBESTROL,NR1I2
METHYLENE BLUE,TNF
MASITINIB,FGFR2
PICTILISIB,PIK3CD
NITROGLYCERIN,HIF1A
BIM 23454,FAS
THROMBIN,A2M
PREDNISONE,APOE
NIMUSTINE,CDKN1A
DOXORUBICIN HYDROCHLORIDE,CYP1A1
DTRIM24,FGF7
GP-120 ANTIGEN,GPX1
CURCUMIN,GSTM1
AMPHOTERICIN B LIPOSOMAL,GSTP1
MELPHALAN,GSTP1
PROTEASE INHIBITOR,ITGAX
"[LYS15,ARG16,LEU27]VIP-(1-7)/GRF-(8-27)-NH2",ARCN1
LITHIUM,MPO
RESVERATROL,MMP2
NIMODIPINE,NOS2
TRAIL,PIK3CA
GLUCAGON (RDNA),PIK3CG
THERAPEUTIC GONADOTROPIN,PIK3CG
PROGESTIN,PIK3CG
PTHRP,PIK3CG
RECOMBINANT THYROID-STIMULATING HORMONE,PIK3CG
ANTIESTROGEN,SMAD3
ZILUCOPLAN,CHRNA3
BUPROPION HYDROCHLORIDE,APOE
PANITUMUMAB,TGFA
METHOTREXATE,TLR4
OXCARBAZEPINE,HLA-DRB1
ROSUVASTATIN,HLA-DRB1
PAZOPANIB,HDAC2
ANTIDEPRESSANT AGENT,TGFBR3
LAPATINIB,PIK3CA
PAZOPANIB,FGFR2
METFORMIN,PPARG
CROFELEMER,CFTR
NAPROXCINOD,PTGS2
OPORTUZUMAB MONATOX,EPCAM
ATEZOLIZUMAB,CX3CL1
YSIL6,IL6
AZD-8186,PIK3CG
ATM INHIBITOR M 3541,ATM
AEE-788,FGFR2
FENBUFEN,PTGS2
ABT-737,FGFR2
DUVELISIB,PIK3CG
MECLOFENAMATE SODIUM,PTGS2
BUCINDOLOL HYDROCHLORIDE,ADRB2
SB 216641,A2M
"(R,S)-PHPNECA",ABCA3
MRS1220,ABCA3
COMPOUND 5B [PMID: 24900464],MARK2
OSI-027,PIK3CA
MARTINOSTAT,MSTN
GIVINOSTAT,MSTN
PRACINOSTAT,MSTN
SS-208,MSTN
IZORLISIB,PIK3CA
AZD-8186,PIK3CB
ACALISIB,PIK3CB
DUVELISIB,PIK3CB
TENALISIB,PIK3CB
PP-121,PIK3CB
CHEMBL:CHEMBL2057864,PPARG
SULINDAC,PIK3CA
BEDORADRINE SULFATE,ADRB2
SIROLIMUS,FLCN
METHOTREXATE,TP53
APRUTUMAB IXADOTIN,FGFR2
CRIZOTINIB,KEAP1
MIRANSERTIB,PIK3CA
AFURESERTIB,PIK3CA
TYRPHOSTIN A25,PIK3CG
(R)-INDOPROFEN,TP53
TEMOZOLOMIDE,PIK3CA
MYCOPHENOLATE MOFETIL,PRTN3
BENZETHONIUM CHLORIDE,NFKB1
ZOLIGRATINIB,FGFR2
OLAPARIB,ATM
DEFEROXAMINE,NFE2L2
NELFINAVIR,TLR4
HALAZONE,NFE2L2
PERFOSFAMIDE,GSTP1
CYCLOSPORINE,PIK3CG
PANULISIB,PIK3CD
9-OH-RISPERIDONE,A2M
"ESTROGENS, CONJUGATED (USP)",SERPINE1
NIFEDIPINE,HIF1A
CLOPIDOGREL,MYOM2
CLORGYLINE HYDROCHLORIDE,NFE2L2
DUVELISIB,PIK3CD
ALPROSTADIL,A2M
TRICLOCARBAN,SMAD3
MS417,PIK3CA
CHEMBL:CHEMBL1863271,NFE2L2
WX-037,PIK3CB
SU11274,MET
RAUWOLFIA SERPENTINA (USP),ADRA1D
ENZYME INHIBITOR,SMAD3
MRS8054,ABCA3
AMIFOSTINE ANHYDROUS,TGFB1
RECOMBINANT INTERLEUKIN-1 RECEPTOR ANTAGONIST,NOS1
BUTYRYLHYDROXAMIC ACID,HDAC2
CHEMBL:CHEMBL458765,HIF1A
OLOKIZUMAB,IL6
PACLITAXEL,GSTM1
BMS-817378,MET
DICLOFENAC ETALHYALURONATE SODIUM,PTGS2
IROFULVEN,NFE2L2
CHEMBL:CHEMBL532504,SMAD3
CHEMBL:CHEMBL225513,TP53
VEGF RECEPTOR TYROSINE KINASE INHIBITOR III,KDR
CHEMBL:CHEMBL578719,SMAD3
CAMOTESKIMAB,IL18
PLATINUM,GSTP1
DIFLORASONE DIACETATE,NFE2L2
DAPIPRAZOLE,ADRA1D
METHOXAMINE HYDROCHLORIDE,ADRA1D
TRIMETHAPHAN CAMSYLATE,CHRNA3
TIMOLOL MALEATE,ADRB2
ENMD-981693,KDR
ILORASERTIB,KDR
BMS-817378,KDR
SERABELISIB,PIK3CA
EFATUTAZONE HYDROCHLORIDE,PPARG
AMG-337,MET
HEXYLRESORCINOL,NFE2L2
IFOSFAMIDE,CYP2A6
CHEMBL:CHEMBL590927,ADRB2
CHEMBL:CHEMBL505670,SMAD3
SPIRONOLACTONE,PPARG
CHEMBL:CHEMBL1453126,NFE2L2
NS-398,PTGS2
ALSTERPAULLONE,SMAD3
DECYNIUM 22,NFE2L2
CHEMBL:CHEMBL535307,NFE2L2
CHEMBL:CHEMBL576208,SMAD3
CHEMBL:CHEMBL533082,SMAD3
ALSTERPAULLONE,NFE2L2
PYRIDABEN,NFE2L2
DIETHYLCARBAMAZINE CITRATE,NFE2L2
BUFOGENIN,NFE2L2
LOPINAVIR,SMAD3
CHEMBL:CHEMBL466398,CHRNA3
SB220025,KDR
CHEMBL:CHEMBL601320,NFE2L2
TYRPHOSTIN 47,NFKB1
CUCURBITACIN B,STAT3
TRIFLUMIZOLE,NFE2L2
ANDALUSOL,NFE2L2
CHEMBL:CHEMBL1170485,NFE2L2
CHEMBL:CHEMBL70582,NFE2L2
IRISOLIDONE,JUN
TRICHLORFON,NFE2L2
CHEMBL:CHEMBL1565444,SMAD3
CLIOXANIDE,NFE2L2
BUPIRIMATE,NFE2L2
CHEMBL:CHEMBL578636,NFE2L2
RESVERATROL,GSTP1
VITAMIN D,HMOX1
HMG-COA REDUCTASE INHIBITOR,IL6
ACETAMINOPHEN,MARK2
HYDROCORTISONE BUTYRATE,MMP1
SULFAMETHOXAZOLE,MPO
DOXORUBICIN HYDROCHLORIDE,NFE2L2
ATORVASTATIN CALCIUM TRIHYDRATE,NOS1
PREGNANT MARE SERUM GONADOTROPIN,NOS2
ENZYME INHIBITOR,NOS1
STREPTOZOCIN,PIK3CA
EPINEPHRINE,PIK3CB
UROKINASE,PIK3CB
TROGLITAZONE,PIK3CB
BRAIN-DERIVED NEUROTROPHIC FACTOR,PIK3CG
ABACAVIR,LTB
THALIDOMIDE,GSTT1
SIMVASTATIN,HLA-DRB1
AFLIBERCEPT,VEGFA
SHARK CARTILAGE EXTRACT AE-941,MMP9
SHARK CARTILAGE EXTRACT AE-941,VEGFA
BENAZEPRIL,ACE
RIGOSERTIB,PIK3CB
ACETAMINOPHEN,PTGS2
CANDOXATRIL,ACE
"IBUPROFEN, SODIUM SALT",CXCR2
SPIRAPRIL,ACE
NM-3,VEGFA
HYDROCHLOROTHIAZIDE,ACE
OFRANERGENE OBADENOVEC,FAS
COVA322,TNF
GS-9901,PIK3CD
GW274150,NOS2
ETOPOSIDE,MAPK3
BAY 60-6583,ABCA3
PICLIDENOSON,ABCA3
DEMECLOCYCLINE,NR1I2
RABEPRAZOLE,KDR
ATRACURIUM,ATD
RIVANICLINE,ATD
ATR INHIBITOR ART0380,ATM
AZD6482,ATM
CHEMBL:CHEMBL1397308,TP53
SONOLISIB,PIK3CA
CHEMBL:CHEMBL428064,SMAD3
DEXAMETHASONE,KDR
2-HEXYNYL-NECA,ABCA3
CHEMBL:CHEMBL287689,HIF1A
LEVAMISOLE,GSTP1
IL-27 SUBUNIT &ALPHA;,TP53
PANULISIB,PIK3CG
BENZODIAZEPINE,NOS2
GERONTOXANTHONE H,SMAD3
WORTMANNIN,PIK3CB
CHEMBL:CHEMBL604528,NFE2L2
VANUCIZUMAB,VEGFA
CB-5083,VCP
ORYZALIN,NFE2L2
1-NAPHTHOL,NFE2L2
DONEPEZIL,APOE
DOXORUBICIN HYDROCHLORIDE,TGFB1
PAZOPANIB,MET
PTHRP,PIK3CA
CARBAMAZEPINE,CYP2A6
SPIPERONE,SERPINA3
CRIZOTINIB,TP53
BROMFENAC SODIUM,PTGS2
TYROSINE KINASE INHIBITOR,F2R
CHEMBL:CHEMBL405317,TP53
GSK-1059615,PIK3CA
NAVTEMADLIN,NR1I2
MRE 3008F20,ABCA3
EPOETIN ALFA,GSTT1
DILPACIMAB,VEGFA
MERESTINIB,MET
AB-MECA,ABCA3
TPCK,NFE2L2
RISPERIDONE,TNF
AME-527,TNF
COMPOUND 7A [PMID: 24884590],ADCY2
WX-037,PIK3CG
METHYLTESTOSTERONE,NOS1
PG-102,CD40
CHEMBL:CHEMBL528807,TP53
MITOXANTRONE,NFKB1
DEXKETOPROFEN,PTGS2
THERAPEUTIC GLUCOCORTICOID,IFNG
FRENTIZOLE,NFKB1
PLOVAMER ACETATE,HLA-DRB1
TRIMIPRAMINE,EPHX1
DEOXYCYTIDINE,CDKN1A
XL999,FGFR2
OLAPARIB,HDAC2
PRONETALOL,ADRB2
TRIMIPRAMINE MALEATE,ADRA1D
LEVALBUTEROL TARTRATE,ADRB2
AMG-319,PIK3CD
PWT-33579,PIK3CA
AEE-788,KDR
XL-820,KDR
ELUBRIXIN,CXCR2
IMIGLITAZAR,PPARG
AZACITIDINE,TP53
ADJUVANT,EPCAM
ENTINOSTAT,HDAC2
HYDROCORTISONE SODIUM SUCCINATE,NFE2L2
ONERCEPT,TNF
LIPIDYL PSEUDOPTERANE A,PTPN1
DIETHYLSTILBESTROL,TP53
ABICIPAR PEGOL,VEGFA
PEGAPTANIB OCTASODIUM,VEGFA
COLCHICINE,JUN
TORUDOKIMAB,IL33
GW-406381,PTGS2
BACLOFEN,NFE2L2
MERCURIC CHLORIDE,TP53
CIGLITAZONE,PPARG
PHENYLEPHRINE HYDROCHLORIDE,ADRB2
BROMOCHLOROACETIC ACID,NFE2L2
DICLOFENAC SODIUM,HIF1A
YUANHUADINE,MAPK3
OMEGA-CHLOROACETOPHENONE,NFE2L2
CHEMBL:CHEMBL19954,SMAD3
CLOROPHENE,NFE2L2
FLUDARABINE,NFE2L2
CHEMBL:CHEMBL19954,NFE2L2
CHEMBL:CHEMBL600908,NFE2L2
CHEMBL:CHEMBL600334,NFE2L2
CHEMBL:CHEMBL233194,TP53
ARTESUNATE,NFKB1
CHEMBL:CHEMBL63329,NFKB1
SHINPTEROCARPIN,PPARG
HOLACANTHONE,JUN
VANOXERINE,NFE2L2
CHEMBL:CHEMBL1834951,PPARG
CHEMBL:CHEMBL598903,NFE2L2
KEPONE,PPARG
METHOPRENE,NFE2L2
ECONAZOLE NITRATE,TP53
CHEMBL:CHEMBL2333543,MAPK3
DEBRISOQUIN SULFATE,NFE2L2
HYCANTHONE,HIF1A
CATECHOL,NFE2L2
PANTOPRAZOLE SODIUM,NFE2L2
TIVOZANIB HYDROCHLORIDE,KDR
OUABAIN,STAT3
BENZALKONIUM CHLORIDE,TP53
BUPROFEZIN,NFE2L2
CHEMBL:CHEMBL184450,PPARG
CHLORQUINALDOL,SMAD3
(R)-NITRENDIPINE,NFKB1
OXETHAZAINE,HIF1A
ASPIRIN,ATM
TRANILAST,TP53
QUINOXYFEN,NFE2L2
LINOLEIC ACID,NFE2L2
SB-415286,HIF1A
ALPHA-ENDOSULFAN,NFE2L2
KAVAIN,NFE2L2
CHEMBL:CHEMBL600306,NFE2L2
CHEMBL:CHEMBL144757,TERT
METHYCLOTHIAZIDE,NFE2L2
GOSSYPOL,SMAD3
ACETAZOLAMIDE,MMP12
CHEMBL:CHEMBL260451,TP53
PHLORETIN,ATM
DIACYLGLYCEROL KINASE INHIBITOR II,HIF1A
CHEMBL:CHEMBL535307,SMAD3
DIMETHENAMID,NFE2L2
"2,4-DIHYDROXYBENZOPHENONE",NFE2L2
THERAPEUTIC GLUCOCORTICOID,ACE
MEPANIPYRIM,NFE2L2
GP-120 ANTIGEN,CD40
PHENYLEPHRINE HYDROCHLORIDE,ADRA1D
RECOMBINANT TRANSFORMING GROWTH FACTOR,F2R
RECOMBINANT INTERLEUKIN-1-BETA,FOS
SOMATROPIN (RECOMBINANT DNA ORIGIN),HGF
ECHINACEA PREPARATION,IL6
ALDESLEUKIN,MMP2
ANTICOAGULANT AGENT,MPO
BROMOCRIPTINE,NFE2L2
CYTOPROTECTIVE AGENT,NFE2L2
DINITROCHLOROBENZENE,NOS2
RESVERATROL,PIK3CA
RECOMBINANT TRANSFORMING GROWTH FACTOR-BETA 1,PIK3CB
ALDESLEUKIN,PIK3CB
NONSTEROIDAL ANTIINFLAMMATORY DRUG,PIK3CB
ANTIESTROGEN,PIK3CG
IL-4,PIK3CG
AZATHIOPRINE,SERPINE1
BERZOSERTIB,ATM
OMACETAXINE MEPESUCCINATE,TERT
CROMOLYN SODIUM,TNF
RUTIN,TNF
IMMUNOSTIMULANT,TNF
IL-12,TP53
TIRAPAZAMINE,TP53
RITUXIMAB,TP53
COLFORSIN,NR1I2
METHOTREXATE,NR1I2
AMOXICILLIN ANHYDROUS,NR1I2
HYDROCORTISONE BUTYRATE,NR1I2
TOPIRAMATE,NR1I2
TAMOXIFEN,NR1I2
PEGINTERFERON ALFA-2A,IL6
BUSULFAN,GSTP1
BUSULFAN,GSTM1
ZANUBRUTINIB,TP53
BEVACIZUMAB-AWWB,CXCR2
ISOPROTERENOL,ADRA1D
CILAZAPRIL,ACE
EPIRUBICIN,NOS1
LOSIGAMONE,CYP2A6
ACETAMINOPHEN,CYP2A6
EMRICASAN,CASP3
INTEGRIN RECEPTOR ANTAGONIST GLPG0187,ITGAV
AMG-131,PPARG
ISIS 113715,PTPN1
RIGOSERTIB,PIK3CD
STAT3 INHIBITOR OPB-51602,STAT3
AURANOFIN,IKBKB
RHODOMYRTOXIN B,TP53
SALICYLIC ACID,PTGS2
THERAPEUTIC ANDROSTANOLONE,MAPK3
APIGENIN,PPARG
NAVICIXIZUMAB,VEGFA
DEXAMETHASONE,SMAD3
AZD-5122,CXCR2
LY2874455,FGFR2
TERBUTALINE,ADRB2
GALICAFTOR,CFTR
SQUALAMINE,VEGFA
INSULIN SUSP PROTAMINE ZINC BEEF/PORK,INS
PIRFENIDONE,TGFB1
RESATORVID,TLR4
CGS-12066,A2M
2-PHENYLETHYLYL-ADENOSINE DERIVATIVE,ABCA3
CGS 21680,ABCA3
DIMETHYL SULFOXIDE,NOS2
FLUPERLAPINE,SERPINA3
FPA144,FGFR2
"5-(2-PHENYLPYRAZOLO[1,5-A]PYRIDIN-3-YL)-1H-PYRAZOLO[3,4-C]PYRIDAZIN-3-AMINE",MAPK3
INCYCLINIDE,MMP9
NICOTINE POLACRILEX,CHRNA3
2-FUROYL-LIGRLO-AMIDE,APOE
WORTMANNIN,F2R
CST-17,FAS
[L-TYR8]CYN 154806,FAS
[125I]PACAP-27,ARCN1
CAPECITABINE,PIK3CA
PIMASERTIB,PIK3CA
AZD6482,PIK3CA
RESCINNAMINE,ACE
ADO-TRASTUZUMAB EMTANSINE,PIK3CA
GSK1059615,PIK3CA
PRODIGIOSIN,TP53
DOXORUBICIN LIPOSOME,TP53
GANETESPIB,TP53
ALVESPIMYCIN,TP53
METHYLPREDNISOLONE,NFE2L2
IRBESARTAN,APOE
ANTHRACYCLINE ANTINEOPLASTIC ANTIBIOTIC,VEGFA
CP-547632,VEGFA
CHEMBL:CHEMBL606167,NFE2L2
C5A,PIK3CG
CEP-11981,KDR
DOXORUBICIN HYDROCHLORIDE,ATM
TOLMETIN,PTGS2
ANTIDEPRESSANT AGENT,SERPINE1
VARGATEF,KDR
TRAMETINIB DIMETHYL SULFOXIDE,TP53
ALDRIN,NFE2L2
TRAIL,PIK3CB
CARBAMAZEPINE,HLA-DRB1
HAPLAMINE,NFE2L2
CHEMBL:CHEMBL598270,NFE2L2
TIPIFARNIB,CDKN1A
METFORMIN,NR1I2
OXALIPLATIN,TP53
COMPOUND 16D [PMID: 36573286],CFTR
CPUY192018,KEAP1
CHEMBL:CHEMBL195350,TP53
GSK-2269557,PIK3CD
CHIR-265,KDR
GR 127935,A2M
RISPERIDONE,SERPINA3
CHEMBL:CHEMBL527585,NFE2L2
METHYLNITROSOUREA,MAPK3
ELLIPTECINE,TP53
PROROXAN HYDROCHLORIDE,NFE2L2
CHLOROPHACINONE,NFE2L2
DIBUTYLDICHLOROSTANNANE,NFE2L2
KA1010,MSTN
ONC201,TP53
RIFAXIMIN,NR1I2
METERGOLINE,A2M
ISOETHARINE HYDROCHLORIDE,ADRB2
ARTEANNUIN B,NFE2L2
AZD7648,TP53
NIFEDIPINE,NFKB1
JI-101,KDR
ALT-2074,NOS2
2-FUROYL-LIGRL[N-(ALEXA FLUOR 594)-O]-NH2,APOE
DOXYCYCLINE CALCIUM,MMP1
METIPRANOLOL HYDROCHLORIDE,ADRB2
CM-082,KDR
VS-5584,PIK3CD
LUCITANIB,FGFR2
MIDOSTAURIN,KDR
PRAZOSIN HYDROCHLORIDE,ADRA1D
APOLIZUMAB,HLA-DRB1
TERAZOSIN HYDROCHLORIDE,ADRA1D
FAVIPIRAVIR,BLOC1S6
REPROTEROL,ADRB2
RONICICLIB,CDKN2A
ZSTK474,PIK3CG
PHA-665752,MET
MALATHION,NFE2L2
CHEMBL:CHEMBL193093,IKBKB
CHEMBL:CHEMBL546170,TP53
6-CHLOROFLAVONE,NFE2L2
ALSTERPAULLONE,IKBKB
PALBOCICLIB,MET
CHEMBL:CHEMBL578741,NFKB1
CLIOQUINOL,TP53
BUPROPION HYDROCHLORIDE,JUN
ACETAZOLAMIDE,MMP2
CALMIDAZOLIUM CHLORIDE,SMAD3
CHEMBL:CHEMBL602383,NFE2L2
CHEMBL:CHEMBL2336666,TERT
CP-547632,MET
CHLOROXINE,TP53
CHEMBL:CHEMBL320361,NFE2L2
"2,4-HEXADIENAL",NFE2L2
TEROXIRONE,NFE2L2
2-AMINOANTHRACENE,TP53
HYDRALAZINE,TP53
CIGLITAZONE,STAT3
"3,4-DICHLOROBENZAMIL",TP53
COUMESTROL,NFE2L2
P-TOLUENESULFONAMIDE,NFE2L2
KRESOXIM-METHYL,NFE2L2
"(3Z)-N,N-DIMETHYL-2-OXO-3-(4,5,6,7-TETRAHYDRO-1H-INDOL-2-YLMETHYLIDENE)-2,3-DIHYDRO-1H-INDOLE-5-SULFONAMIDE",NFKB1
PROPICONAZOLE,NFE2L2
DISULFIRAM,NFE2L2
CHEMBL:CHEMBL1256364,ADRB2
ANISINDIONE,TP53
CHEMBL:CHEMBL267160,TP53
DIPHENHYDRAMINE HYDROCHLORIDE,JUN
VINCRISTINE SULFATE,HIF1A
CHOLESTEROL,NFE2L2
TOPOTECAN HYDROCHLORIDE,NFE2L2
GEOPYXIN A,SMAD3
CHEMBL:CHEMBL599100,NFE2L2
U50488,TP53
PAMICOGREL,NFE2L2
CHEMBL:CHEMBL259865,NFE2L2
PYRACLOSTROBIN,TP53
MERCURIC CHLORIDE,NFE2L2
LEFLUNOMIDE,NFE2L2
CHEMBL:CHEMBL607140,NFE2L2
CHEMBL:CHEMBL578512,NFE2L2
BROMAMINIC ACID,NFE2L2
NAFRONYL OXALATE,JUN
QUINIZARIN,NFE2L2
SOTRASTAURIN,KDR
DOXYCYCLINE ANHYDROUS,NOS2
ANTIESTROGEN,CYP1A1
RUTIN,CYP1A1
THERAPEUTIC GLUCOCORTICOID,F2R
LITHIUM,FAS
FLUOROURACIL,FAS
ATORVASTATIN CALCIUM TRIHYDRATE,FAS
PREDNISONE,GSTM1
TROGLITAZONE,GSTM1
CURCUMIN,GSTP1
TYROSINE KINASE INHIBITOR,MARK2
CHLORHEXIDINE GLUCONATE,MMP2
THERAPEUTIC GLUCOCORTICOID,MMP1
LENOGRASTIM,MMP2
LITHIUM,NFE2L2
RITUXIMAB,PIK3CG
HYDROGEN PEROXIDE,PIK3CG
ALTEPLASE,PIK3CG
AZD-6482,PIK3CB
LEUPROLIDE ACETATE,SMAD3
"ALUM, POTASSIUM",EPCAM
GENISTEIN,TGFB1
ERLOTINIB,MET
METHOXAMINE,ADRA1D
MEMANTINE HYDROCHLORIDE,NR1I2
METHACHOLINE,ADRB2
LETROZOLE,CYP2A6
INFLUENZA VACCINE,HLA-DRB1
WARFARIN,VEGFA
SGX-523,MET
OMS405,PPARG
INAVOLISIB,PIK3CG
PIMAGEDINE HYDROCHLORIDE,NOS2
ORTATAXEL,TNF
XL-999,KDR
EPIDERMAL GROWTH FACTOR,EGF
DANIRIXIN,CXCR2
(S)-FLUROCARAZOLOL,A2M
[3H]ELETRIPTAN,A2M
[3H]5-HT,SERPINA3
MRS1191,ABCA3
SCH442416,ABCA3
SCH 58261,ABCA3
[3H]CGS23131,AMFR
LORECIVIVINT,ELANE
CFTRINH-172,CFTR
GATX1,CFTR
SETANAXIB,GZMB
POLMACOXIB,PTGS2
STX-100,ITGB6
SETANAXIB,GZMA
SLIGRL-NH2,APOE
I-191,APOE
BIMIRALISIB,PIK3CB
BAY-8400,PIK3CB
PHV,ARCN1
PG 97-269,ARCN1
CABOZANTINIB S-MALATE,PIK3CA
TRAMETINIB DIMETHYL SULFOXIDE,FGFR2
ISOXSUPRINE HYDROCHLORIDE,ADRB2
TRAMETINIB DIMETHYL SULFOXIDE,KEAP1
BAY1125976,PIK3CA
SORAFENIB,PIK3CA
MEDI-5117,IL6
CHEMBL:CHEMBL263664,PIK3CA
TORIN 1,PIK3CA
AZD8055,PIK3CA
NVP-AEW541,PIK3CA
SAR260301,PIK3CA
COMPOUND 3B [PMID: 23454515],MARK2
CISPLATIN,ATM
AZD6482,TP53
CHEMBL:CHEMBL184450,NFE2L2
INK-1117,PIK3CB
APILIMOD DIMESYLATE CAPSULE,PIK3CA
MELPHALAN,IFNG
RAMIPRIL,ADRB2
UMBRALISIB TOSYLATE,PIK3CD
ANTICONVULSANT AGENT,GSTM1
CLOTRIMAZOLE,NR1I2
TETRACYCLINE,NR1I2
FLUMAZENIL,NFE2L2
COMPOUND 14J [PMID: 27050842],NOS1
CLIOQUINOL,NFE2L2
BMS-690514,KDR
CHEMBL:CHEMBL320361,TP53
ASPIRIN,HMOX1
FENTANYL CITRATE,MYD88
DIMETHENAMID,PPARG
SUFORAPHANE ISOSELENOCYANATE,NFE2L2
CHEMBL:CHEMBL121556,SMAD3
JNJ-38877605,MET
4-CHLOROMERCURIBENZOIC ACID,NFE2L2
MAXADILAN,ARCN1
FIPRONIL,NFE2L2
VORTIOXETINE HYDROBROMIDE,A2M
EPIRUBICIN HYDROCHLORIDE,SMAD3
BAMINERCEPT ALFA,LTB
OMIPALISIB,PIK3CA
MDM2 ANTAGONIST RO6839921,TP53
&ALPHA;-CONOTOXIN PNIA,CHRNA3
PYRACLOSTROBIN,NFE2L2
CURCUMIN,SMAD3
CYCLOSPORINE,NR1I2
XL765,PIK3CB
SB 272183,A2M
METHOTREXATE,FOXP3
ENZYME INHIBITOR,IL6
WEDELOLACTONE,MAPK3
PEMIGATINIB,FGFR2
LENIOLISIB,PIK3CD
THROMBIN,FAS
ORLISTAT,SERPINE1
DIMETHYL FUMARATE,KEAP1
TAMOXIFEN,PIK3CA
AG 490,HIF1A
DINOSEB,TP53
CHEMBL:CHEMBL601822,NFE2L2
CHLORAMBUCIL,NFKB1
AMFONELIC ACID,HIF1A
9-AMINOCAMPTOTHECIN,NFE2L2
AZD-1236,MMP12
ATENOLOL,TGFB1
FR139317,EDNRA
TEMUTERKIB,MAPK3
MECAMYLAMINE HYDROCHLORIDE,CHRNA3
ALBUTEROL SULFATE,ADRB2
PROPRANOLOL HYDROCHLORIDE,ADRB2
KO-947,MAPK3
INFIGRATINIB PHOSPHATE,FGFR2
PANULISIB,PIK3CA
KD7040,NOS2
AZD-4547,FGFR2
AMUVATINIB,MET
SONOLISIB,PIK3CB
LY377604,ADRB2
DIROXIMEL FUMARATE,KEAP1
ETOKIMAB,IL33
REBIMASTAT,MMP9
PI3K/MTOR KINASE INHIBITOR PF-04691502,PIK3CA
ZSTK474,PIK3CD
FLUORANTHENE,NFE2L2
HOMIDIUM BROMIDE,TP53
PHENAZINE-1-CARBOXYLIC ACID,NFE2L2
GINSENOSIDE RH1,SIRT1
CHEMBL:CHEMBL579550,TP53
ALTISSIMACOUMARIN D,SIRT1
2-AMINOANTHRACENE,NFE2L2
TPCK,TP53
PRILOCAINE HYDROCHLORIDE,ADRB2
MORNIFLUMATE,NFE2L2
CHEMBL:CHEMBL600173,SMAD3
SPERMINE,CASP3
METHOXYCHLOR,PPARG
CHEMBL:CHEMBL582081,NFE2L2
SP-600125,KDR
RHEIN,NFE2L2
CHEMBL:CHEMBL596633,TP53
WHILE OLIVETOL,NFE2L2
FLUORESCEIN DIPHOSPHATE,PTPN1
FURAZABOL,NFE2L2
ARISTOLACTONE,MAPK3
CHEMBL:CHEMBL585502,NFE2L2
ELLIPTECINE,HIF1A
RIFAMPIN,NR1I2
TECTOQUINONE,NFE2L2
ALOE-EMODIN,NFE2L2
DIMETHISTERONE,NFE2L2
YANGONIN,NFE2L2
HOMIDIUM BROMIDE,NFE2L2
QUINALIZARIN,TP53
NIFEDIPINE,NFE2L2
PARAROSANILINE,HIF1A
BUFOGENIN,SMAD3
OXADIAZON,NFE2L2
CHEMBL:CHEMBL443436,NFE2L2
CHEMBL:CHEMBL375563,CASP3
NSC-663284,TP53
CHEMBL:CHEMBL590184,NFE2L2
LANSOPRAZOLE,NFE2L2
CHEMBL:CHEMBL600334,TP53
NALED,NFE2L2
QUINAPRIL HYDROCHLORIDE,JUN
CHEMBL:CHEMBL443343,NFE2L2
CHEMBL:CHEMBL127579,NFE2L2
PHENYLALANINE,NFE2L2
ALTISSIMACOUMARIN C,SIRT1
CHEMBL:CHEMBL166112,NFE2L2
STANOLONE,NFE2L2
CHEMBL:CHEMBL599100,TP53
CHEMBL:CHEMBL590947,SMAD3
NORTRIPTYLINE,TP53
GUANFACINE HYDROCHLORIDE,NFE2L2
BUTACHLOR,NFE2L2
DIBROMOACETIC ACID,NFE2L2
CHEMBL:CHEMBL265686,TP53
CHEMBL:CHEMBL16685,TP53
ARGIPRESSIN,ACE
THERAPEUTIC GLUCOCORTICOID,CD163
STREPTOZOCIN,CD40
BENZODIAZEPINE,CYP2E1
THROMBIN,F2R
ALPROSTADIL,F2R
PHENOBARBITAL,FOS
DOXORUBICIN HYDROCHLORIDE,GABPA
BUTHIONINE SULFOXIMINE,GCLC
OMEPRAZOLE,GSTP1
ANTIVIRAL AGENT,GZMA
COBALT,HIF1A
RESVERATROL,HGF
THERAPEUTIC HORMONE,HMOX1
GANCICLOVIR,IFNG
PREDNISONE,IFNG
VITAMIN K,IL6
PTHRP,MAPK3
H2O2,MSR1
RECOMBINANT NEUROTROPHIC FACTOR,NOS1
ESTRADIOL VALERATE,NOS2
SELECTIVE ESTROGEN RECEPTOR MODULATOR,PIK3CB
DACTINOMYCIN,PIK3CB
LEVOTHYROXINE,SERPINE1
NIMODIPINE,SERPINE1
LEUCOVORIN CALCIUM,EPCAM
THERAPEUTIC HORMONE,TNF
MASOPROCOL,TNF
ALTEPLASE,TNF
PROPYLTHIOURACIL,TP53
DNA VACCINE,TP53
RITONAVIR,APOE
CEFACLOR ANHYDROUS,NR1I2
PACLITAXEL,NR1I2
NIFEDIPINE,NR1I2
EPIRUBICIN,TP53
ZIDOVUDINE,CYP2E1
ABACAVIR,HLA-DRB1
OMEGA-3 FATTY ACIDS,PTGS2
METHIMAZOLE,HLA-DRB1
CARBAMAZEPINE,TNF
TRIMIPRAMINE,DDIT4
ACETYLCHOLINE,ACE
RESVERATROL,SIRT1
RIGOSERTIB,PIK3CA
SHARK CARTILAGE EXTRACT AE-941,MMP2
FORMOTEROL FUMARATE,ADRB2
CHEMBL:CHEMBL1415258,SMAD3
TRODUSQUEMINE,PTPN1
SALSALATE,PTGS2
IZORLISIB,PIK3CG
SIVELESTAT SODIUM,ELANE
SALMETEROL,ADRB2
EPIGALLOCATECHIN GALLATE,MMP2
FAMITINIB,KDR
LAPACHONE,SIRT1
EGANELISIB,PIK3CG
ALAGEBRIUM CHLORIDE,AGER
AVITRIPTAN,A2M
1-NAPHTHYLPIPERAZINE,A2M
2-METHYL-5-HT,A2M
5-HYDROXYTRYPTAMINE,A2M
ZOTEPINE,A2M
1-NAPHTHYLPIPERAZINE,SERPINA3
VORTIOXETINE HYDROBROMIDE,SERPINA3
RITANSERIN,SERPINA3
SB 258719,SERPINA3
HEMADO,ABCA3
APNEA,ABCA3
XANTHINE AMINE CONGENER,ABCA3
RO5101576,AMFR
SODIUM SELENITE,JUN
HELENALIN,SMAD3
CHEMBL:CHEMBL584458,NFE2L2
NICOTINE POLACRILEX,ATD
A-867744,ATD
AZ2429,APOE
AC-55541,APOE
P2PAL18S,APOE
BROXYQUINOLINE,TP53
GARCINONE E,SMAD3
[125I]CGP 23996,FAS
"L-797,591",FAS
ANTI-C-MET MONOCLONAL ANTIBODY SAIT301,MET
FULVESTRANT,FGFR2
TETRAZOLIUM RED,SMAD3
RUCAPARIB,ATM
DURVALUMAB,ATM
PEGYLATED SN-38 CONJUGATE PLX038,ATM
CHEMBL:CHEMBL589258,PIK3CA
NU-7441,PIK3CA
BUPARLISIB,TP53
PIRTOBRUTINIB,TP53
CISPLATIN,TP53
MAGROLIMAB,TP53
LENALIDOMIDE,TP53
GDC-0425,TP53
CHK1 INHIBITOR GDC-0575,TP53
FULVESTRANT,TP53
GOSSYPETIN,NFKB1
BUPARLISIB,CDKN2A
ACETAMINOPHEN,CDKN1A
PEMETREXED DISODIUM,VEGFA
LONTUCIREV,TP53
NALED,PPARG
INDACATEROL,ADRB2
PACAP-27,ARCN1
PLATINUM,CD74
PROPYLTHIOURACIL,TNF
DILAZEP,NFE2L2
MRS1523,ABCA3
CHEMBL:CHEMBL525826,SMAD3
CHEMBL:CHEMBL578512,SMAD3
FENOTEROL HBR,ADRB2
RN486,FBN1
MADOLIN A,MAPK3
COMPOUND 15 [PMID: 35034442],CHRNA3
ERDAFITINIB,PIK3CA
CEPHALOCHROMIN,NFE2L2
SELISISTAT,SIRT1
MEDROXYPROGESTERONE ACETATE,NFE2L2
COLCHICINE,NFE2L2
ATRACURIUM,CHRNA3
DASATINIB ANHYDROUS,PIK3CA
EPIGALLOCATECHIN GALLATE,ELANE
TEMOZOLOMIDE,CDKN2A
MITOXANTRONE,TP53
DEXAMETHASONE,NR1I2
ALPHA-NAPHTHOFLAVONE,TP53
CYC116,KDR
NOREPINEPHRINE,ADRB2
BROMOCRIPTINE MESYLATE,NFE2L2
THEONELLASTEROL C,NR1I2
CHEMBL:CHEMBL591876,NFE2L2
CHEMBL:CHEMBL156959,NFE2L2
FUSARIC ACID,HIF1A
DICHLORVOS,NFE2L2
(R)-PIA,ABCA3
BENZETHONIUM CHLORIDE,NFE2L2
M-CSF,ITGA5
CABOZANTINIB S-MALATE,HGF
LEVALBUTEROL,ADRB2
IBCASERTIB,KDR
GSK-1059615,PIK3CD
GSK-1059615,PIK3CG
RECILISIB,PIK3CB
ZD-4190,KDR
CLOMETACIN,PTGS2
MOXISYLYTE,ADRA1D
TNX-650,IL13
EPHEDRINE,ADRB2
ITEPEKIMAB,IL33
APG115,TP53
CHIGLITAZAR,PPARG
EPHEDRINE HYDROCHLORIDE,ADRB2
XYLOMETAZOLINE,ADRA1D
TECHNETIUM TC 99M SUCCIMER,A2M
2-NITROFLUORENE,NFE2L2
CHEMBL:CHEMBL528647,NFE2L2
AHPN,TP53
CISPLATIN,NFE2L2
MLN-8054,KDR
DITHIAZANINE IODIDE,ATM
CHEMBL:CHEMBL300389,SMAD3
CHEMBL:CHEMBL1543865,SMAD3
WORTMANNIN,NFE2L2
OCTABENZONE,NFE2L2
ACACETIN,HIF1A
LICOAGRONE,PTPN1
DICHLORODIMETHYLSTANNANE,NFE2L2
CHEMBL:CHEMBL577662,NFE2L2
CHEMBL:CHEMBL1214407,TP53
DECYNIUM 22,SMAD3
TRETAZICAR,NFE2L2
TAZAROTENE,NFE2L2
THIMEROSAL,TP53
METOLACHOR,NFE2L2
CHEMBL:CHEMBL582073,NFE2L2
CHEMBL:CHEMBL546170,CASP3
CHEMBL:CHEMBL589711,NFE2L2
CHEMBL:CHEMBL220845,NFE2L2
TRIBUTYLCHLOROSTANNANE,NFE2L2
CHEMBL:CHEMBL585240,NFE2L2
AZELASTINE HYDROCHLORIDE,JUN
CHEMBL:CHEMBL581574,NFE2L2
ENOXOLONE,PPARG
FLUDARABINE,SMAD3
TRICLOCARBAN,TP53
DIPHENADIONE,NFE2L2
GLABRONE,PPARG
LAGASCATRIOL,NFE2L2
PROPYL GALLATE,NFE2L2
OUABAIN,NFE2L2
TYRPHOSTIN 47,HIF1A
FLUPHENAZINE HYDROCHLORIDE,TP53
LEVONORDEFRIN,HIF1A
MEFENAMIC ACID,HIF1A
KRESOXIM-METHYL,TP53
CHEMBL:CHEMBL585656,NFE2L2
KLUGINE,HIF1A
FLUDIOXONIL,PPARG
OXYQUINOLINE,SMAD3
CHEMBL:CHEMBL154580,TP53
GLABROL,SMAD3
DINOSEB,NFE2L2
CHEMBL:CHEMBL254156,SIRT1
EMETINE HYDROCHLORIDE,SMAD3
CHEMBL:CHEMBL166112,PPARG
CATECHOL,HIF1A
ACACETIN,CYP1A1
CHEMBL:CHEMBL378903,CASP3
"LIPOIC ACID, ALPHA",NFE2L2
DAUNORUBICIN HYDROCHLORIDE,TP53
ENDOSTATIN,VEGFA
GANCICLOVIR,APOE
ANTITUBERCULAR AGENT,GSTM1
IFOSFAMIDE,GSTP1
PROTEIN PHOSPHATASE INHIBITOR,NFE2L2
FGF-1,NFE2L2
MILTEFOSINE,PIK3CA
CHEMBL:CHEMBL583584,NFE2L2
ARGIPRESSIN,SERPINE1
GENISTEIN,SMAD3
ALVAC VACCINE,EPCAM
HYDROCORTISONE BUTYRATE,TGFB1
H2O2,TGFB1
STREPTOZOCIN,TGFB1
ZOLEDRONIC ACID ANHYDROUS,MMP2
PEGINTERFERON ALFA-2B,IL18
ETHAMBUTOL HYDROCHLORIDE,TNF
CHEMBL:CHEMBL1997335,MET
THERAPEUTIC CORTICOSTEROID,KL
GEMFIBROZIL,ACE
ACETAMINOPHEN,TLR4
CARFILZOMIB,VEGFA
METHIOCARB,NFE2L2
AZATHIOPRINE,HLA-DRB1
IRINOTECAN HYDROCHLORIDE,TGFB1
AMOXICILLIN ANHYDROUS,GSTT1
ESTRADIOL 3-BENZOATE,ATM
VARGATEF,FGFR2
ARSENIC TRIOXIDE,JUN
NITRIC OXIDE-RELEASING ACETYLSALICYLIC ACID DERIVATIVE,PTGS2
NXN-188,NOS1
CANFOSFAMIDE,GSTP1
OXAPROZIN,PTGS2
BENZAMIL,HIF1A
ING-1,EPCAM
LABETALOL,ADRA1D
TOMARALIMAB,TLR2
KAEMPHEROL,NFKB1
RHUCIN,SERPING1
TEMOCAPRIL HYDROCHLORIDE,ACE
BRADANICLINE,CYP2E1
CP94253,A2M
(R)-FLUROCARAZOLOL,A2M
CHEMBL:CHEMBL546797,KDR
EGIS-11150,SERPINA3
ZOTEPINE,SERPINA3
NECA,ABCA3
PSB-11,ABCA3
MRS1067,ABCA3
MRE 2029F20,ABCA3
[3H]PSB-11,ABCA3
LTB4,AMFR
SULFONAMIDE-01,CFTR
THIOGUANINE,NFE2L2
PRAZEPAM,NFE2L2
NSC 780521,GZMB
TMP269,MSTN
COMPOUND 82 [PMID: 21332118],PIK3CB
NEOLYMPHOSTIN A,PIK3CB
PACAP-38,ARCN1
PHOSPHATIDYLINOSITIDE 3-KINASE INHIBITOR,PIK3CA
DIGOXIGENIN,NFE2L2
DOXORUBICIN LIPOSOME,PIK3CA
U0126,PIK3CA
CP55940,SMAD3
LANDOGROZUMAB,MSTN
CONICASTEROL D,NR1I2
CHEMBL:CHEMBL1256740,TP53
CYCLOSPORINE,NFE2L2
ACETOCHLOR,NFE2L2
DIGITOXIGENIN,NFE2L2
SULFORAPHANE,NFE2L2
TYRPHOSTIN AG 835,HIF1A
METHYLENE BLUE,TP53
TERPYRIDINE,TP53
MACROCARPAL A,MET
PECTOLINARIGENIN,NFKB1
"LIPOIC ACID, ALPHA",JUN
NEOPETROFORMYNE A,HIF1A
CADMIUM ACETATE,TP53
PENTAMIDINE ISETHIONATE,NFE2L2
ENNIATIN B,SMAD3
THEONELLASTEROL B,NR1I2
SP-600125,HIF1A
EUFLAVINE,NFE2L2
DIETHYLSTILBESTROL,NFE2L2
ISOPROTERENOL,ADRB2
CHEMBL:CHEMBL580421,TP53
BERBERINE CHLORIDE,NFE2L2
ACACETIN,NFKB1
ISOCEPHAELINE,HIF1A
SIRTINOL,SIRT1
CHEMBL:CHEMBL1492017,HIF1A
CHEMBL:CHEMBL607309,SMAD3
EFAVIRENZ,NFE2L2
PI-103,PIK3CG
PI-103,PIK3CD
ENALAPRIL MALEATE,ACE
METOPROLOL SUCCINATE,ADRA1D
MELPHALAN,CDKN1A
ISOFLAVONE,CYP2E1
NONSTEROIDAL ANTIINFLAMMATORY DRUG,CYP2E1
FENRETINIDE,TGFB1
PICIBANIL,TNF
COCAINE,CHRNA3
HYPOXIS HEMEROCALLIDEA ROOT EXTRACT,NR1I2
CEFUROXIME AXETIL,NR1I2
SIMVASTATIN,NR1I2
REPAGLINIDE,NR1I2
SULFINPYRAZONE,NR1I2
NIFEDIPINE,MMP9
CARFILZOMIB,KDR
STAVUDINE,TNF
RECOMBINANT INTERFERON,STAT3
BROMFENAC,PTGS2
CARVEDILOL,ADRB2
ERDOSTEINE,ELANE
INTEGRIN RECEPTOR ANTAGONIST GLPG0187,ITGA5
CHEMBL:CHEMBL584442,NFE2L2
TERAZOSIN,ADRA1D
CONTUSUGENE LADENOVEC,TP53
CHEMBL:CHEMBL372375,SIRT1
EPIGALLOCATECHIN GALLATE,MMP14
CH-5132799,PIK3CA
CH-5132799,PIK3CG
CH-5132799,PIK3CD
IOWH-032,CFTR
CERTOLIZUMAB PEGOL,TNF
7-METHOXY-1-NAPHTHYLPIPERAZINE,A2M
LY344864,A2M
S33084,A2M
RISPERIDONE,A2M
OMEPRAZOLE,NFE2L2
LY344864,SERPINA3
PERPHENAZINE,SERPINA3
DCLK1-IN-1,ELN
GB88,APOE
COMPOUND 22 [WO2019141694A1],F2R
ALVOCIDIB,CDKN2A
TRAMETINIB DIMETHYL SULFOXIDE,PIK3CA
BORUSSERTIB,PIK3CA
PREXASERTIB,PIK3CA
CRIZOTINIB,PIK3CA
KU-60019,TP53
CYCLOPHOSPHAMIDE ANHYDROUS,TP53
AZD7762,TP53
HDM2 INHIBITOR MK-8242,TP53
PIMASERTIB,TP53
IRINOTECAN HYDROCHLORIDE,TP53
P53 Y220C MUTANT REACTIVATOR PC14586,TP53
CAPIVASERTIB,TP53
SP600125,TP53
SORAFENIB,TP53
SANGUINARIUM,NFKB1
CHEMBL:CHEMBL578944,NFE2L2
DANTHRON,NFE2L2
CARDAMOMIN,SMAD3
IOBENGUANE,NFE2L2
CHEMBL:CHEMBL1687979,STAT3
AZINPHOS-ETHYL,NFE2L2
PINAFIDE,NFE2L2
CETYLPYRIDINIUM,SMAD3
PROMAZINE,HIF1A
VENETOCLAX,TP53
QUERCETIN,PIK3CA
BUPARLISIB HYDROCHLORIDE,PIK3CG
FLUTICASONE,CCL5
CLADRIBINE,CDKN1A
PHENETHYL ISOTHIOCYANATE,GSTP1
SHO-SAIKO-TO,HGF
DEFEROXAMINE,HIF1A
SELENIUM,HMOX1
AMITRIPTYLINE HYDROCHLORIDE,IFNG
TRETINOIN,IFNG
"IBUPROFEN, SODIUM SALT",IFNG
MELATONIN,IFNG
IMMUNOSUPPRESSANT,MMP2
DIMETHYL SULFOXIDE,MPO
CAFFEINE,NOS1
ANALGESIC AGENT,NOS1
GABAPENTIN,NOS1
ENALAPRIL MALEATE,NOS1
GM-CSF,PIK3CA
MIDOSTAURIN,PIK3CA
RECOMBINANT CHEMOKINE,PIK3CB
MIDOSTAURIN,PIK3CB
SIMVASTATIN,PLTP
GM-CSF,PRTN3
"INSULIN, REGULAR, HUMAN",PTPN1
GOSSYPOL,TGFB1
CLADRIBINE,TGFB1
RECOMBINANT FIBROBLAST GROWTH FACTOR 2,TGFBR3
SAQUINAVIR,TLR4
FOLIC ACID,TNF
URSODIOL,TP53
FENOFIBRATE MICRONIZED,VEGFA
DEHYDRATED ALCOHOL,CAT
CARBOPLATIN,NR1I2
NICARDIPINE,NR1I2
MINOCYCLINE,NR1I2
LUMIRACOXIB,HLA-DRB1
CYCLOPHOSPHAMIDE ANHYDROUS,CXCR2
RECOMBINANT CYTOKINE,APOE
PI3K INHIBITOR BGT226,PIK3CA
GSK852,GCLC
METHOTREXATE,NFE2L2
ALDICARB,PPARG
MRS928,ABCA3
CARTEOLOL HYDROCHLORIDE,ADRB2
ANTIDEPRESSANT AGENT,CYP2E1
BLEOMYCIN,IFNG
HALOPERIDOL DECANOATE,SERPINA3
LENERCEPT,TNF
RITUXIMAB,IFNG
TRETINOIN,APOE
ICENTICAFTOR,CFTR
TANESPIMYCIN,PIK3CA
APROCITENTAN,EDNRA
COMPOUND 2Q [PMID: 30986068],PIK3CB
OSIMERTINIB,KEAP1
BEVASIRANIB,VEGFA
FGFR1/2/3 INHIBITOR TYRA-200,FGFR2
CARBOPLATIN,VEGFA
MDM2 INHIBITOR AMGMDS3,TP53
PYROGALLOL,NFE2L2
CARBOPLATIN,GSTT1
DIAPEP 277,TLR2
CHLOROPHENOTHANE,NFE2L2
RALOXIFENE HYDROCHLORIDE,PIK3CG
NRF2 PEPTIDE [PMID: 23647822],KEAP1
TRICLOFENOL,NFE2L2
NEBULARINE,TP53
TETRANDRINE,TP53
BENZO[B]TRIPHENYLENE,NFE2L2
BENAZEPRIL HYDROCHLORIDE,ACE
NEOVASTAT,MMP9
ANTIOXIDANT,GCLC
VUF8504,ABCA3
DABRAFENIB,HLA-DRB1
PIROXICAM-BETA-CYCLODEXTRIN,PTGS2
METHYLPREDNISOLONE,SERPINE1
PUQUITINIB,PIK3CA
GOLVATINIB,MET
TASELISIB,PIK3CD
ETALOCIB,PPARG
BUNAZOSIN,ADRA1D
ABEXINOSTAT,HDAC2
ERLOTINIB,KDR
CYAZOFAMID,TP53
CHEMBL:CHEMBL1257092,ADRB2
IPRODIONE,PPARG
ALDICARB,NFE2L2
ISOFLUPREDONE ACETATE,NFE2L2
QUERCETIN,NFKB1
RESACTIN A,SMAD3
PHENYLPYRUVATE,NFE2L2
GLISOFLAVONE,PTPN1
SU9516,NFE2L2
BENZO[B]FLUORANTHENE,JUN
PENTACHLOROPHENOL,TP53
DESOXIMETASONE,NFE2L2
DACINOSTAT,HDAC2
CHEMBL:CHEMBL168075,NFE2L2
METHOTREXATE,PPARG
CHEMBL:CHEMBL601146,SMAD3
BORTEZOMIB,NFE2L2
3-O-METHYLQUERCETIN,ADRB2
NITROMIDE,NFE2L2
CHEMBL:CHEMBL374632,TP53
DICHLON,NFE2L2
ANETHOLE TRITHIONE,NFE2L2
AROMATICIN,SMAD3
CHEMBL:CHEMBL602923,SMAD3
CHEMBL:CHEMBL1379243,PIK3CA
CLOFIBRATE,TP53
FURAZOLIDONE,TP53
PYRITHIONE SODIUM,NFE2L2
(R)-MELPHALAN,HIF1A
FP-1039,FGFR2
KAEMPFERIDE,NFKB1
EMODIN,TP53
FENBUCONAZOLE,NFE2L2
CHEMBL:CHEMBL591412,NFE2L2
CHEMBL:CHEMBL1456848,SMAD3
CHEMBL:CHEMBL407501,TP53
DEXAMETHASONE SODIUM PHOSPHATE,NFE2L2
DASATINIB ANHYDROUS,KDR
BECLOMETHASONE,HIF1A
AZATHIOPRINE,TP53
CALCIMYCIN,NFE2L2
EMODIN,NFE2L2
EMODIN,PIK3CA
ARISTOYUNNOLIN A,MAPK3
ETHYNODIOL DIACETATE,NFE2L2
CHEMBL:CHEMBL2208196,PPARG
BIFENAZATE,NFE2L2
TOSUFLOXACIN TOSYLATE,NFE2L2
VOLVALERENAL D,MAPK3
PIFEXOLE,NFE2L2
ACAMPROSATE CALCIUM,NFE2L2
WARFARIN,TP53
DICYCLOHEXYLCARBODIIMIDE,NFE2L2
CELECOXIB,NFE2L2
CHEMBL:CHEMBL601768,SMAD3
GAMMA-CYHALOTHRIN,NFE2L2
PHENOTHIAZINE,PPARG
MADOLIN T,MAPK3
AROMATICIN,NFE2L2
CHEMBL:CHEMBL581872,NFE2L2
PHENOXYCARB,NFE2L2
MONOBENZONE,NFE2L2
ENTRECTINIB,MET
APITOLISIB,PIK3CB
GSK-2636771,PIK3CA
BUTHIONINE SULFOXIMINE,APOE
TRIAMCINOLONE,APOE
BLEOMYCIN,F2R
PAREGORIC,F2R
LYCOPENE,GSTP1
DAUNORUBICIN LIPOSOMAL,GSTP1
DOCETAXEL ANHYDROUS,GSTP1
IMMUNOSUPPRESSANT,MAPK3
DOXYCYCLINE ANHYDROUS,MPO
INDOMETHACIN,NFE2L2
DEXTRAN SULFATE SODIUM,NFE2L2
ANTIDEPRESSANT AGENT,NOS2
HEAVY MINERAL OIL,EPCAM
TRETINOIN,TGFBR3
TRETINOIN,TGFB1
FLUVASTATIN,APOE
FUROSEMIDE,ACE
FLUPENTHIXOL,NFKB1
CAPECITABINE,CYP1A1
OXALIPLATIN,PTGS2
GLATIRAMER,TGFB1
GRANISETRON,CYP1A1
PHENOBARBITAL,CYP1A1
VALPROIC ACID,CYP2A6
BALSALAZIDE,PPARG
ETARACIZUMAB,ITGA5
CILENGITIDE,ITGA5
CLAZOSENTAN,EDNRA
CANOCTAKIN,CXCR2
ELAFIN,ELANE
FOSINOPRIL,ACE
NISEVOKITUG,TGFB1
ENALAPRILAT ANHYDROUS,ACE
ROMIPLOSTIM,KDR
DENDRITIC CELL VACCINE,TERT
INSULIN PEGLISPRO,INS
INSULIN DEGLUDEC,INS
PAN-PI3K INHIBITOR CLR457,PIK3CG
BQ-123,EDNRA
CFZ533,CD40
ALNIDITAN,A2M
ZOLMITRIPTAN,A2M
MRS1093,ABCA3
20-HYDROXY-LTB4,AMFR
PETESICATIB,FOS
MECLOFENAMATE,PTGS2
PSEUDOEPHEDRINE,ADRB2
G100,TLR4
GKT136901,GZMA
HEXAMETHONIUM,ATD
ISOX-CHA-CHG-ALA-ARG-DPR(4FB)-NH2,APOE
INAVOLISIB,PIK3CB
SAMOTOLISIB,PIK3CB
NEMIRALISIB,PIK3CB
[D-TYR8]CYN 154806,FAS
DIPROVOCIM-1,TLR2
SECRETIN,ARCN1
ASPIRIN,PIK3CA
TELAGLENASTAT,KEAP1
COBIMETINIB,PIK3CA
OSIMERTINIB,PIK3CA
VILANTEROL TRIFENATATE,ADRB2
COLCHICINE,PIK3CG
SAPANISERTIB,NFE2L2
BUCINDOLOL HYDROCHLORIDE,ADRA1D
CAULIBUGULONE B,TP53
CHEMBL:CHEMBL586029,SMAD3
BIMIRALISIB,PIK3CG
EMAPALUMAB-LZSG,IFNG
LISURIDE,A2M
PI3K INHIBITOR BGT226,PIK3CG
NONSTEROIDAL ANTIINFLAMMATORY DRUG,NFE2L2
CHEMBL:CHEMBL595227,NFKB1
CHEMBL:CHEMBL482050,NFE2L2
YOHIMBINE,SERPINA3
PG 99-465,ARCN1
CAMPTOTHECIN,PIK3CA
RIMITEROL,ADRB2
CARBARIL,NFE2L2
IBUFENAC,PTGS2
SORAFENIB,HIF1A
BEPERMINOGENE PERPLASMID,MET
VALPROIC ACID,NR1I2
OLODATEROL,ADRB2
MRS1088,ABCA3
INDOPROFEN,TP53
CHEMBL:CHEMBL1333386,TP53
CELECOXIB,STAT3
METHIMAZOLE,TP53
NONSTEROIDAL ANTIINFLAMMATORY DRUG,PIK3CA
FLUTAMIDE,NFE2L2
1-HYDROXY-4-ETHOXYBENZENE,NFE2L2
L-NNA,NOS1
AMIKACIN,IFNG
PITAVASTATIN,HLA-DRB1
METHIMAZOLE,TNF
INDOMETHACIN,ACE
RECOMBINANT CYTOKINE,JUNB
SCRIPTAID,CFTR
CEFOTAXIME SODIUM,TNF
BALSALAZIDE DISODIUM,PTGS2
ASENAPINE,A2M
[3H]8-OH-DPAT,A2M
SB236057,A2M
CAL-263,PIK3CD
SODELGLITAZAR,PPARG
FARGLITAZAR,PPARG
ZSTK-474,PIK3CA
ZSTK-474,PIK3CD
DEXIBUPROFEN,PTGS2
CONBERCEPT,VEGFA
PHENETHYLISOTHIOCYANATE,CYP2E1
CHEMBL:CHEMBL584883,NFE2L2
THIORPHAN,NFE2L2
CHEMBL:CHEMBL457246,TERT
"2,4-DINITROPHENOL",NFE2L2
CHEMBL:CHEMBL583351,NFE2L2
CHEMBL:CHEMBL590706,NFE2L2
TRICHOSTATIN A,CFTR
TRICHOSTATIN A,HDAC2
S(+)-APOMORPHINE,TP53
CLADRIBINE,NFE2L2
CHEMBL:CHEMBL239439,HIF1A
CGS-27023A,ACE
LINTITRIPT,NFE2L2
THEONELLASTEROL G,NR1I2
FLUOXASTROBIN,NFE2L2
FURAZOLIDONE,NFE2L2
FLUOXASTROBIN,PPARG
CHEMBL:CHEMBL1503729,SMAD3
METOPRINE,NFE2L2
SHINFLAVANONE,PPARG
BROMODIOLONE,NFE2L2
TROPISETRON,JUN
ANISOMYCIN,SMAD3
DIMETHYLADENINE,MARK2
HEPTACHLOR,ATM
CHRYSIN,NFE2L2
NUTLIN-3,TP53
CARBOQUONE,NFE2L2
DIBUCAINE HYDROCHLORIDE,NFE2L2
CHEMBL:CHEMBL260028,TP53
PESUDOGINSENOSIDE RP1 METHYL ESTER,MAPK3
DIHYDROGAMBOGIC ACID,TP53
QUERCETIN,HIF1A
CHEMBL:CHEMBL2062868,STAT3
CHLOROTRIPHENYLSTANNANE,NFE2L2
DOLASTATIN 12,SMAD3
DIACETYLRHEIN,NFE2L2
NITROFURAZONE,NFE2L2
2-MERCAPTOPYRIMIDINE,JUN
BANOXANTRONE,NOS2
ROLIPRAM,ADRB2
3-FORMYLINDOLE,CYP2A6
NORGESTREL,NFE2L2
CHEMBL:CHEMBL580918,SMAD3
"5,7-DIHYDROXY-4-METHYLCOUMARIN",NFE2L2
NELFINAVIR MESYLATE,NFE2L2
CHEMBL:CHEMBL528390,NFE2L2
SALMETEROL XINAFOATE,TP53
KINETIN RIBOSIDE,NFE2L2
GLYBURIDE,PPARG
ENTINOSTAT,CFTR
LICOFLAVANONE A,PPARG
DASATINIB ANHYDROUS,SMAD3
CHEMBL:CHEMBL1307453,SMAD3
DEHYDROEPIANDROSTERONE ACETATE,NFE2L2
CHEMBL:CHEMBL99408,TP53
CHEMBL:CHEMBL138061,NFE2L2
ALDESLEUKIN,CD40
CIPROFLOXACIN,CYP2E1
ANTIBIOTIC,FOS
SULFORAPHANE,GSTP1
PIMONIDAZOLE,HIF1A
DEXTRAN SULFATE SODIUM,IL18
THERAPEUTIC CORTICOSTEROID,IL18
METRONIDAZOLE,IL6
CYCLOPHOSPHAMIDE ANHYDROUS,MAPK3
TOLMETIN,MPO
BLEOMYCIN,NFE2L2
THERAPEUTIC CORTICOSTEROID,NOS1
GREEN TEA LEAF EXTRACT,NOS1
RALOXIFENE HYDROCHLORIDE,PIK3CA
PROGESTERONE,PIK3CB
CAMPTOTHECIN,PIK3CB
RALOXIFENE HYDROCHLORIDE,TERT
BACILLUS CALMETTE-GUERIN ANTIGEN,TNF
PROTON PUMP INHIBITOR,TNF
BUPIVACAINE,TNF
"L-744,832",TP53
ROZANOLIXIZUMAB,CHRNA3
PAZOPANIB,NR1I2
FLUVASTATIN,NR1I2
PHENYLBUTAZONE,NR1I2
MICONAZOLE NITRATE,NR1I2
MODAFINIL,NR1I2
BUCILLAMINE,HLA-DRB1
ROFLUMILAST,CFTR
BLEOMYCIN,GSTM1
CAPECITABINE,PTGS2
ADENOSINE,ABCA3
HYDRALAZINE,HLA-DRB1
I-ABA,ABCA3
CVT-6883,ABCA3
ARTEMISININ,CYP2A6
"4-{2-[(7-AMINO-2-FURAN-2-YL[1,2,4]TRIAZOLO[1,5-A][1,3,5]TRIAZIN-5-YL)AMINO]ETHYL}PHENOL",ABCA3
NEOVASTAT,MMP12
EFATUTAZONE,PPARG
THALIDOMIDE,FGFR2
UMBRALISIB,PIK3CG
TIPRELESTAT,ELANE
CURCUMIN,MMP9
PAZOPANIB HYDROCHLORIDE,KDR
XMD8-92,ELN
BERZOSERTIB,PIK3CG
ANTI-MET/EGFR MONOCLONAL ANTIBODY LY3164530,MET
CHLORPROMAZINE,SERPINA3
MRS5151,ABCA3
LUF5981,ABCA3
LUF6096,ABCA3
BIIL 260,AMFR
ML315,ELANE
2-FUROYL-LIGRL[N[3H]PROPIONYL]-O-NH2,APOE
[3H]2-FUROYL-LIGRL-NH2,APOE
"DES-ALA1,2,5-[D-TRP8,IAMP9]SRIF",FAS
LPS,TLR4
"(10R)-10-METHYL-3-(6-METHYLPYRIDIN-3-YL)-9,10,11,12-TETRAHYDRO-8H-[1,4]DIAZEPINO[5',6':4,5]THIENO[3,2-F]QUINOLIN-8-ONE",CDKN2A
PF-00477736,CDKN2A
HMN-214,CDKN2A
MEK INHIBITOR RO4987655,FGFR2
METFORMIN,PIK3CA
STX-478,PIK3CA
VISTUSERTIB,PIK3CA
MULTI-AGC KINASE INHIBITOR AT13148,PIK3CA
BEVACIZUMAB-AWWB,TP53
IDELALISIB,TP53
PAZOPANIB,TP53
LUXEPTINIB,TP53
ENCORAFENIB,TP53
PF-00477736,TP53
AXITINIB,TP53
FLAVANONE,ABCA3
NAPHTHOQUINONE,NFE2L2
MOLINATE,NFE2L2
MECHLORETHAMINE,MMP2
CHEMBL:CHEMBL201325,NFKB1
4-AMINOPHENOL,NFE2L2
IPILIMUMAB,ATM
CYPRODINIL,NFE2L2
5-FLUOROURIDINE,NFE2L2
DILEVALOL HYDROCHLORIDE,ADRB2
GLUTARAL,NFE2L2
CHEMOPREVENTIVE AGENT,NOS1
ISOPROTERENOL,PIK3CG
CYCLOSPORINE,PTGS2
INTETUMUMAB,ITGAV
CIPROFIBRATE,JUN
ANTIDEPRESSANT AGENT,NOS1
CHEMBL:CHEMBL87568,NFE2L2
BENZYL ISOTHIOCYANATE,NFE2L2
DESIPRAMINE,ADRB2
CHEMBL:CHEMBL536151,KDR
LAS38096,ABCA3
ACEMETACIN,PTGS2
STROPHANTHIDIN,NFE2L2
DICHLOROPHEN,PPARG
PI3K/MTOR KINASE INHIBITOR PF-04691502,PIK3CG
TULOBUTEROL,ADRB2
5-(NONYLOXY)-TRYPTAMINE,A2M
"L-817,818",FAS
FORETINIB,KDR
PHYTOCHEMICAL,CYP1A1
CERALASERTIB,TP53
PEGAPTANIB,VEGFA
COMPOUND 7 [PMID: 31381331],ITGB6
PWT-33587,PIK3CG
GSK159802,ADRB2
GOLVATINIB,KDR
FENCLOFENAC,PTGS2
SITAXENTAN,EDNRA
LUCATUMUMAB,CD40
GRANISETRON,TP53
LENALIDOMIDE,TNF
THUNBERGINOL B,TP53
CYCLOFENIL,NFE2L2
METHYLPREDNISOLONE ACETATE,NFE2L2
MELENGESTROL ACETATE,NFE2L2
"(R,S)-INDATRALINE",TP53
CHEMBL:CHEMBL201325,TP53
CHEMBL:CHEMBL68534,HIF1A
PD-98059,MAPK3
SORBINIL,NFKB1
(S)-FLUOXETINE,TP53
ISOFENPHOS,NFE2L2
2'-HYDROXYCHALCONE,NFE2L2
DOPAMINE,NFE2L2
CHEMBL:CHEMBL584635,NFE2L2
CHEMBL:CHEMBL1650245,HDAC2
TAMATINIB,MET
CHEMBL:CHEMBL563919,TP53
CHLORDANE,NFE2L2
MELPHALAN,TP53
CHEMBL:CHEMBL412603,CASP3
CHEMBL:CHEMBL502774,NFKB1
BIOALLETHRIN S-CYCLOPENTENYL ISOMER,NFE2L2
LOBARIC ACID,SMAD3
NANDROLONE DECANOATE,NFE2L2
CHEMBL:CHEMBL578515,SMAD3
CHEMBL:CHEMBL546344,SMAD3
TRIFLUPROMAZINE HYDROCHLORIDE,JUN
OXYMETHOLONE,NFE2L2
CHEMBL:CHEMBL598263,NFE2L2
ALDISIN,PTPN1
DOPAMINE,TP53
KINETIN RIBOSIDE,TP53
GENIPIN,EGR1
DINITRO CRESOL,NFE2L2
THIAMINE,NFE2L2
SERTRALINE HYDROCHLORIDE,TP53
SERTRALINE HYDROCHLORIDE,JUN
CHEMBL:CHEMBL399530,MET
GW0742X,NFE2L2
CARBOXYMETHYL-TRIMETHYL-ARSONIUM,JUN
FOSPIRATE,NFE2L2
CHEMBL:CHEMBL591178,NFE2L2
ALPELISIB,PIK3CB
GSK-2636771,PIK3CG
CRENOLANIB,MET
LUTEIN,APOE
VITAMIN A,CFTR
RECOMBINANT CYTOKINE,FAS
BACILLUS CALMETTE-GUERIN ANTIGEN,FAS
DECITABINE,GSTP1
ILOMASTAT,ACE
PRAZOSIN,NOS1
FULVESTRANT,PIK3CG
DAIDZEIN,PIK3CG
IMATINIB,PIK3CG
RECOMBINANT INTERLEUKIN,SERPINE1
URIDINE,SERPINE1
RECOMBINANT CYTOKINE,SLPI
ANTIOXIDANT,TGFB1
ALBUTEROL SULFATE,VEGFA
PAZOPANIB,HIF1A
PREDNISONE,EDNRA
VALPROIC ACID,CYP1A1
ZZL-7,NOS1
3-BROMO-7NI,NOS1
CITATUZUMAB BOGATOX,EPCAM
TC-2559,ATD
&ALPHA;-CONOTOXIN TXIA,CHRNA3
MARIMASTAT,MMP9
METIPRANOLOL,ADRB2
SUVN-911,ATD
MECAMYLAMINE,ATD
TERTOMOTIDE,TERT
CLOTRIMAZOLE,CXCR2
OSI-930,KDR
TAK-593,KDR
SUMATRIPTAN,A2M
DONITRIPTAN,A2M
[3H]5-CT,SERPINA3
5-MEOT,SERPINA3
PSB603,ABCA3
PSB-10,ABCA3
ETALOCIB,AMFR
PETCM,CASP3
AMG319,PIK3CB
COMPOUND 20F [PMID: 28520415],PIK3CB
PIK-75,PIK3CB
KU-0060648,ATM
VENETOCLAX,PIK3CA
CC-115,PIK3CA
ATEZOLIZUMAB,PIK3CA
DEXTRAN SULFATE SODIUM,NOS1
CHEMBL:CHEMBL2063687,MAPK3
COMPOUND 12B [PMID: 31465220],PIK3CB
ISRADIPINE,NR1I2
CHEMBL:CHEMBL580727,SMAD3
OBOVATAL,MMP2
CHEMBL:CHEMBL269881,NFE2L2
OCTREOTIDE ACETATE,MPO
ALPELISIB,PIK3CG
PHENOXYBENZAMINE HYDROCHLORIDE,HIF1A
RIVOGLITAZONE,PPARG
HTERT-LAMP MRNA-LOADED AUTOLOGOUS DENDRITIC CELL VACCINE GRNVAC1,TERT
SRIF-28,FAS
TINZAPARIN SODIUM,F2R
E319,PPARG
DESOXIMETASONE,HIF1A
METITEPINE,A2M
CYT007-TNFQB,TNF
2-IODOACETAMIDE,TP53
DENDRITIC CELL VACCINE,TP53
SELICRELUMAB,CD40
ATRACTYLENOLIDE I,TP53
DOXEPIN HYDROCHLORIDE,DDIT4
NITAZOXANIDE,NFE2L2
TAG-72 ANTIGEN,EPCAM
EPIBATIDINE,CHRNA3
COBIMETINIB,CDKN2A
CHEMBL:CHEMBL89250,TERT
SORAFENIB,TNF
THERAPEUTIC CORTICOSTEROID,APOE
CAMBINOL,SIRT1
ZSTK-474,PIK3CG
CAFFEINE,ABCA3
DEFOSLIMOD,TLR2
CHEMBL:CHEMBL51697,NFKB1
RECOMBINANT CYTOKINE,NFE2L2
GELDANAMYCIN,HIF1A
NAVAFENTEROL,ADRB2
CHLORPROMAZINE,CYP2E1
BALSALAZIDE DISODIUM,PPARG
PROTOKYLOL HYDROCHLORIDE,ADRB2
SOTALOL HYDROCHLORIDE,ADRB2
DROXIDOPA,ADRB2
DROXIDOPA,ADRA1D
TASELISIB,PIK3CG
PI3K/MTOR KINASE INHIBITOR PF-04691502,PIK3CD
PROCHLORPERAZINE,NFE2L2
3-METHYLCHOLANTHRENE,NFE2L2
CHRYSIN,HIF1A
"9,10-PHENANTHRENEQUINONE",PPARG
NITAZOXANIDE,TP53
S(+)-APOMORPHINE,HIF1A
BECLOMETHASONE,NFE2L2
CHEMBL:CHEMBL482050,SMAD3
DIOXYBENZONE,HIF1A
CHEMBL:CHEMBL586937,SMAD3
CHEMBL:CHEMBL596839,NFE2L2
OLVANIL,TP53
CHEMBL:CHEMBL587389,NFE2L2
"6,4'-DIMETHOXYFLAVONE",NFKB1
OCHRATOXIN A,PPARG
CHEMBL:CHEMBL260560,NFKB1
CHEMBL:CHEMBL578504,STAT3
CHEMBL:CHEMBL530291,NFE2L2
CHEMBL:CHEMBL581872,SMAD3
CHOLECALCIFEROL,NFE2L2
DICHLOROPHEN,NFE2L2
BENZO[B]FLUORANTHENE,HIF1A
CHEMBL:CHEMBL528694,NFKB1
CINOBUFOTALIN,SMAD3
CHEMBL:CHEMBL581677,SMAD3
POMIFERIN,SMAD3
CHEMBL:CHEMBL73380,NFE2L2
COPPER CHLORIDE,JUN
1-NITROPYRENE,NFE2L2
CYCLOSPORINE,GABPA
THALIDOMIDE,HGF
EDRECOLOMAB,IFNG
INTERFERON BETA,MMP1
TRIAMCINOLONE,MMP1
INTERLEUKIN-11,MPO
TRETINOIN,NOS1
OCTREOTIDE ACETATE,PIK3CB
HALOTHANE,CYP2A6
TROGLITAZONE,GSTT1
SORAFENIB,MAPK3
EFAVIRENZ,HLA-DRB1
PROPYLTHIOURACIL,HLA-DRB1
FLUPIRTINE,HLA-DRB1
DOCETAXEL ANHYDROUS,CYP2A6
BARDOXOLONE,NFKB1
GLYCOPYRRONIUM,ADRB2
MITOMYCIN,TP53
AAV1-FS344,MSTN
BENDAMUSTINE,ATM
EVEROLIMUS,CDKN2A
DIAPLASININ,SERPINE1
PYRIDOXAMINE,AGER
DERENOFYLLINE,ABCA3
CP105696,AMFR
LENVATINIB,FGFR2
SELUMETINIB,FGFR2
L-NNA,NOS2
NS9283,ATD
TRANS-CINNAMOYL-LIGRLO [N-[3H]PROPIONYL]-NH2,APOE
CGP 23996,FAS
NC 4-28B,FAS
ERLOTINIB,PIK3CA
CELECOXIB,PIK3CA
ROGARATINIB,FGFR2
CAPECITABINE,ATM
VANDETANIB,ATM
AC-98170,APOE
RS-17053,TP53
CETUXIMAB,TGFA
AMODIAQUINE,CYP1A1
AZD8835,PIK3CA
SOBLIDOTIN,TNF
DOCETAXEL ANHYDROUS,CYP1A1
MIRDAMETINIB,PIK3CA
GSK2334470,PIK3CA
SELICICLIB,TP53
SELINEXOR,TP53
DOXYCYCLINE ANHYDROUS,MMP1
FENPYROXYMATE,NFE2L2
DIGOXIN,STAT3
MITOGEN-ACTIVATED PROTEIN KINASE INHIBITOR,FOS
PREGNENOLONE-16&ALPHA;-CARBONITRILE,NFE2L2
A-1331852,PIK3CA
ILORASERTIB,MARK2
3-METHOXYCATECHOL,TP53
BUTHIONINE SULFOXIMINE,NOS1
PROTOPORPHYRIN DISODIUM,ATM
AG1478,NFKB1
ISOQUINOLINE 17 [PMID: 30122040],KEAP1
CHEMBL:CHEMBL1317986,HIF1A
SCRIPTAID,HDAC2
SC-41930,AMFR
THALIDOMIDE,NFKB1
COMPOUND 10 [PMID: 18759424],BICD1
RITUXIMAB,MET
GEMCITABINE,PIK3CA
FLUMETHASONE PIVALATE,NFE2L2
CHEMBL:CHEMBL74852,ATM
OCHRATOXIN A,NFKB1
MITOGLITAZONE,PPARG
LAPATINIB,HLA-DRB1
AG-13958,KDR
CURCUMIN,NOS2
CHEMBL:CHEMBL533388,NFE2L2
EPINEPHRINE,NFE2L2
RALOXIFENE HYDROCHLORIDE,PTGS2
DAZOMET,NFE2L2
TRYPTAMINE,A2M
METHIMAZOLE,JUN
RITUXIMAB,HGF
PHENOXYBENZAMINE HYDROCHLORIDE,ADRA1D
INDACATEROL MALEATE,ADRB2
PROPARGITE,NFE2L2
ANTIESTROGEN,NOS1
ETANERCEPT-SZZS,HLA-DRB1
AZ9773,TNF
ATN-161,ITGAV
PETESICATIB,CTSS
BRIVOLIGIDE,EGR1
2-[(FORMYL-HYDROXY-AMINO)-METHYL]-HEPTANOIC ACID [1-(2-HYDROXYMETHYL-PYRROLIDINE-1-CARBONYL)-2-METHYL-PROPYL]-AMIDE,NFE2L2
CHEMBL:CHEMBL600313,NFE2L2
ALTISSIMACOUMARIN F,SIRT1
RIGOSERTIB,PIK3CG
MEDRYSONE,NFE2L2
PROCHLORPERAZINE,TP53
CHEMBL:CHEMBL584635,SMAD3
CAULIBUGULONE D,TP53
CHLOROACETIC ACID,NFE2L2
STANOZOLOL,NFE2L2
RESACTIN A,NFE2L2
CHEMBL:CHEMBL463783,SMAD3
ACEQUINOCYL,TP53
CHEMBL:CHEMBL269881,MAPK3
DIMETHYL FUMARATE,NFE2L2
CONICASTEROL B,NR1I2
CLOXYQUIN,SMAD3
CLOMIPRAMINE,TP53
LOBARIC ACID,PTPN1
ZM336372,TP53
RETINYLRETINOATE,JUN
A77636,TP53
METHYLEUGENOL,NFE2L2
SN-38,HDAC2
"5,7-DIHYDROXY-4-METHYLCOUMARIN",TNF
CHEMBL:CHEMBL1873045,SMAD3
ROBUSTIC ACID,TP53
IODOFORM,NFE2L2
LAPACHONE,NFKB1
[3H]GBR12935,TP53
ROTENONE,PPARG
MEPINDOLOL,ADRB2
CHEMBL:CHEMBL578504,NFE2L2
CHEMBL:CHEMBL591618,TP53
AMCINONIDE,HIF1A
PHENOTHIAZINE,NFE2L2
OXYQUINOLINE SULFATE,NFE2L2
INDOPROFEN,NFKB1
NEPAPRAZOLE,NFE2L2
13-CIS-RETINAL,NFE2L2
BENSULIDE,PPARG
SNS-314,MET
CHEMBL:CHEMBL536599,NFE2L2
CHEMBL:CHEMBL591618,SMAD3
ANETHOLE TRITHIONE,PTPN1
DEFEROXAMINE,MMP12
CHEMBL:CHEMBL171699,SMAD3
CHEMBL:CHEMBL1255944,SMAD3
CINOBUFOTALIN,NFE2L2
(R)-IBUPROPHEN,PTGS2
CHEMBL:CHEMBL42355,NFE2L2
RALOXIFENE HYDROCHLORIDE,PPARG
ALPELISIB,PIK3CD
HYDROQUINONE,CD40
MONOCLONAL ANTIBODY SGN-14,CD40
SODIUM SALICYLATE,CDKN1A
DAIDZEIN,FOS
HYPERBARIC OXYGEN,HIF1A
WORTMANNIN,HGF
CYCLOPHOSPHAMIDE ANHYDROUS,IFNG
DOXIFLURIDINE,IFNG
LORATADINE,MPO
PYRAZINAMIDE,MPO
ASCORBIC ACID,NFE2L2
CARVEDILOL,NOS1
BACILLUS CALMETTE-GUERIN ANTIGEN,NOS1
GINKGO BILOBA EXTRACT,NOS1
"ESTROGENS, CONJUGATED (USP)",NOS2
CHEMOPREVENTIVE AGENT,PIK3CB
OCTREOTIDE ACETATE,PIK3CG
ISOTRETINOIN,TGFB1
ANTISENSE OLIGONUCLEOTIDES,TGFB1
KEYHOLE LIMPET HEMOCYANIN,TGFB1
LACTULOSE,TNF
SELECTIVE CYTOKINE INHIBITORY DRUG CC-1088,VEGFA
CYPROTERONE,NR1I2
DOCETAXEL ANHYDROUS,NR1I2
GLYBURIDE,NR1I2
DOXORUBICIN HYDROCHLORIDE,NR1I2
ARTEMISININ,NR1I2
ETONOGESTREL,NR1I2
TROGLITAZONE,NR1I2
TORSEMIDE,ACE
CYSTEAMINE HYDROCHLORIDE,CFTR
FLUVASTATIN,HLA-DRB1
C-MET INHIBITOR MK2461,MET
S-3304,MMP9
AUTOLOGOUS PROSTATE CANCER ANTIGEN-EXPRESSING DENDRITIC CELL VACCINE BPX-101,CD40
DERSALAZINE,TNF
THALIDOMIDE,PTGS2
TST10088,MMP9
GOLOTIMOD,STAT3
DISITERTIDE,TGFB1
GALLOPAMIL,ACE
ACITRETIN,STAT3
STAUROSPORINE,IKBKB
BAY-1082439,PIK3CB
HARMINE HYDROCHLORIDE,NFE2L2
[3H]N-METHYL-AZ10419369,A2M
PERGOLIDE,A2M
CYAMEMAZINE,SERPINA3
PRACINOSTAT,HDAC2
CYCLOPENTYLADENOSINE,ABCA3
[125I]AB-MECA,ABCA3
ISTRADEFYLLINE,ABCA3
[3H]SUMATRIPTAN,A2M
MW05,ELANE
C-MET INHIBITOR AMG 337,MET
LONIDAMINE,NFE2L2
"L-362,855",FAS
CRX-555,TLR4
VIP,ARCN1
BINIMETINIB,ATM
UPROSERTIB,PIK3CA
GSK126,PIK3CA
BORTEZOMIB,PIK3CA
IPILIMUMAB,TP53
JQ1,TP53
PD166285,TP53
ACALABRUTINIB,TP53
NAPABUCASIN,TP53
PALBOCICLIB,TP53
XD14,GCLC
CHEMBL:CHEMBL1503190,SMAD3
PUQUITINIB,PIK3CG
DEXAMETHASONE,JUNB
2-ACETYLAMINOFLUORENE,NFE2L2
L-21649,KDR
THERAPEUTIC AUTOLOGOUS LYMPHOCYTES,IFNG
CHEMBL:CHEMBL582715,TP53
"9,10-PHENANTHRENEQUINONE",SMAD3
PEGPLERANIB SODIUM,KDR
MOC31-PE,EPCAM
CALCIMYCIN,SMAD3
BROXURIDINE,SERPINE1
"TRIS(2,3-DIBROMOPROPYL)PHOSPHATE",NFE2L2
ATX08-001,PPARG
PASIREOTIDE,FAS
TST10088,MMP2
LANIFIBRANOR,PPARG
CHEMBL:CHEMBL528712,TP53
PIPAMPERONE,A2M
BIAFINE CREAM,IL6
LOPERAMIDE,TP53
CHEMBL:CHEMBL582983,SMAD3
PF-562271,KDR
RABEPRAZOLE,TNF
MECHLORETHAMINE,NOS1
CHEMBL:CHEMBL443949,NFE2L2
2-METHOXYESTRADIOL,HIF1A
FLUDARABINE,ATM
ALLYL ISOTHIOCYANATE,PTPN1
PTC299,VEGFA
CHEMBL:CHEMBL376616,CASP3
2-BROMOETHANOL,NFE2L2
GLYCYRRHETINIC ACID,SERPINE1
GW1929,HIF1A
IRINOTECAN HYDROCHLORIDE,GSTP1
STIROFOS,NFE2L2
DEQUALINIUM,HIF1A
SERABELISIB,PIK3CB
NIACINAMIDE,SIRT1
COLCHICINE,IL18
CHEMBL:CHEMBL458855,PTPN1
CHEMBL:CHEMBL1436543,SIRT1
NOREPINEPHRINE BITARTRATE,ADRB2
CHEMBL:CHEMBL324053,HDAC2
PANITUMUMAB,MET
ISOPROTERENOL SULFATE,ADRB2
LABETALOL HYDROCHLORIDE,ADRB2
MEPHENTERMINE SULFATE,ADRB2
PUQUITINIB,PIK3CB
APITOLISIB,PIK3CD
LADARIXIN,CXCR2
SEMAXANIB,KDR
ABBV-257,TNF
AEE788,KDR
OMAVELOXOLONE,NFE2L2
2-MERCAPTOBENZOTHIAZOLE,NFE2L2
CHRYSOPHANOL,NFE2L2
CHEMBL:CHEMBL591630,NFE2L2
PROGESTERONE,NFE2L2
CHEMBL:CHEMBL535714,NR1I2
BETANAPHTHOL,NFE2L2
OCHRATOXIN A,TP53
PIOGLITAZONE HYDROCHLORIDE,NFE2L2
KANZONOL W,PPARG
GLUTARAL,TP53
MELPHALAN,NFE2L2
CHLOROETHYLCLONIDINE,HIF1A
ROTENONE,TP53
BENZO[B]FLUORANTHENE,TP53
PIPOXOLAN HYDROCHLORIDE,NFE2L2
CINNAMIC ACID HYDROXAMATE,HDAC2
PIRETANIDE,HIF1A
CHLORPYRIFOS,NFE2L2
MANASSANTIN B,HIF1A
CHEMBL:CHEMBL609570,NFE2L2
LAPACHONE,TP53
CHEMBL:CHEMBL1493528,CASP3
CHEMBL:CHEMBL609438,NFE2L2
CHEMBL:CHEMBL530281,SMAD3
TRETINOIN,HIF1A
NITROGEN MUSTARD HN-3,NFE2L2
ETHOPROPAZINE HYDROCHLORIDE,TP53
AZD-1480,STAT3
CHEMBL:CHEMBL591361,NFE2L2
PHENETHYLISOTHIOCYANATE,MAPK3
PLUMBAGIN,TP53
CHEMBL:CHEMBL598263,SMAD3
DAUNORUBICIN LIPOSOMAL,HDAC2
ALEXIDINE DIHYDROCHLORIDE,TP53
CHEMBL:CHEMBL172988,NFE2L2
NAFTIFINE,ATM
"1,10-PHENANTHROLINE",NFE2L2
CAULIBUGULONE C,TP53
DIBENZOYLMETHANE,NFE2L2
KENPAULLONE,SMAD3
RALOXIFENE HYDROCHLORIDE,TP53
GINKGO BILOBA EXTRACT,APOE
IMMUNOSUPPRESSANT,APOE
CYCLOPHOSPHAMIDE ANHYDROUS,GSTP1
HYDROQUINONE,GSTP1
IRINOTECAN HYDROCHLORIDE,GSTM1
DOCETAXEL ANHYDROUS,GSTM1
CYCLOSPORINE,MMP2
XANTHINE OXIDASE INHIBITOR,MPO
INTERLEUKIN-11,NOS2
SULFORAPHANE,PIK3CG
RITUXIMAB,EPCAM
ANTISENSE OLIGONUCLEOTIDES,TERT
TRIAMCINOLONE,TGFB1
INFLIXIMAB-DYYB,TLR4
FLUDARABINE,CYP2E1
DOXEPIN HYDROCHLORIDE,EPHX1
PAZOPANIB,VEGFA
PYRIMETHAMINE,GSTP1
SEVOFLURANE,GSTP1
DOXORUBICIN HYDROCHLORIDE,CASP3
MONOAMINE OXIDASE INHIBITOR,EPHX1
VULOLISIB,PIK3CB
REGORAFENIB,VEGFA
DAIDZEIN,TP53
HTERT VACCINE V934/V935,TERT
CISPLATIN,GCLC
EPITALON,TERT
FUMARIC ACID,IFNG
SUMATRIPTAN,SERPINA3
[3H]LSD,SERPINA3
TRYPTAMINE,SERPINA3
(+)-LSD,SERPINA3
FLUPHENAZINE HYDROCHLORIDE,SERPINA3
FK-453,ABCA3
SAKURANETIN,ABCA3
APIGENIN,CFTR
GKT136901,GZMB
LEUCETTINE L41,MARK2
NSC61610,HGF
LY-294002,PIK3CB
ALOFANIB,FGFR2
TGX-221,PIK3CA
OXALIPLATIN,PIK3CA
SULFISOXAZOLE,NR1I2
KENPAULLONE,MARK2
PHANTASMIDINE,CHRNA3
CYTARABINE,TP53
UMBRALISIB,PIK3CD
INSULIN ZINC SUSP RECOMBINANT HUMAN,INS
ATN-161,ITGA5
BALAGLITAZONE,PPARG
NINTEDANIB ESYLATE,PIK3CA
CHEMBL:CHEMBL580727,NFE2L2
APADENOSON,ABCA3
THEONELLASTEROL D,NR1I2
OLANZAPINE,CYP1A1
CHEMBL:CHEMBL528181,NFE2L2
CHLOROXYLENOL,NFE2L2
CHEMBL:CHEMBL520095,TERT
RALOXIFENE HYDROCHLORIDE,IL6ST
NOREPINEPHRINE BITARTRATE,ADRA1D
HEXAMETHONIUM,CHRNA3
TIPRELESTAT,PRTN3
CHEMBL:CHEMBL259805,TP53
CELIPROLOL,ADRB2
CHEMOPREVENTIVE AGENT,NFE2L2
5-MEOT,A2M
TEMOZOLOMIDE,GSTP1
CHEMBL:CHEMBL599102,NFE2L2
DIACETYLRHEIN,CASP3
CHEMBL:CHEMBL1363033,NFE2L2
ERGOTAMINE,ADRA1D
PD-98059,TP53
MEPHENTERMINE SULFATE,ADRA1D
NEOVASTAT,MMP2
SALVIANOLIC ACID B,ACE
AKT INHIBITOR IV,SMAD3
MOEXIPRIL HYDROCHLORIDE,ACE
ENMD-1198,HIF1A
BAY-1082439,PIK3CA
"9,10-PHENANTHRENEQUINONE",NFE2L2
PAPAVERINE,ADRA1D
CENDAKIMAB,IL13
MISONIDAZOLE,GSTP1
MULTI-NEO-EPITOPE VACCINE OSE 2101,TP53
CHEMBL:CHEMBL224318,NFE2L2
IODINE I-131,TERT
CAPTOPRIL,PIK3CG
SEVOFLURANE,CYP2E1
AS-19,SERPINA3
CHEMBL:CHEMBL531322,ADRB2
PENTOLINIUM TARTRATE,CHRNA3
MACITENTAN,EDNRA
DB959,PPARG
CAL-263,PIK3CG
PWT-33587,PIK3CA
PWT-33587,PIK3CB
MK-0533,PPARG
APITOLISIB,PIK3CG
ZSTK-474,PIK3CB
AZD3199,ADRB2
ETARACIZUMAB,ITGAV
OLACAFTOR,CFTR
VILANTEROL .ALPHA.-PHENYL CINNAMATE,ADRB2
LENALIDOMIDE,VEGFA
THIRAM,NFE2L2
"9,10-PHENANTHRENEQUINONE",TERT
RO 40-6055,NFE2L2
CLADRIBINE,TP53
METHABENZTHIAZURON,NFE2L2
RECOMBINANT VASCULAR ENDOTHELIAL GROWTH FACTOR,NOS2
CHEMBL:CHEMBL388979,NFE2L2
CHEMBL:CHEMBL580918,NFE2L2
FLUNARIZINE DIHYDROCHLORIDE,ATM
CARFENTRAZONE-ETHYL,NFE2L2
CHEMBL:CHEMBL388823,NFE2L2
PHENAZINE,NFE2L2
CHEMBL:CHEMBL592305,NFE2L2
MARIMASTAT,MMP2
CHEMBL:CHEMBL200762,SIRT1
TAMATINIB,KDR
ANISOMYCIN,NFE2L2
BISDEMETHOXYCURCUMIN,SMAD3
TRIFLUPROMAZINE,TP53
LINOLENIC ACID,NFE2L2
CHEMBL:CHEMBL235891,SMAD3
CHEMBL:CHEMBL602969,SMAD3
PHENOXYBENZAMINE HYDROCHLORIDE,NFE2L2
XANTHOHUMOL,MAPK3
CHEMBL:CHEMBL1343568,TP53
SR59230A,TP53
CHEMBL:CHEMBL1362503,SMAD3
CHEMBL:CHEMBL538965,NFE2L2
DOPAMINE,HIF1A
CAPTOPRIL,MMP12
PYRIMETHAMINE,STAT3
PAPAVERINE HYDROCHLORIDE,NFE2L2
CHEMBL:CHEMBL1465049,SMAD3
INDIGO,NFE2L2
CHEMBL:CHEMBL374632,ATM
E319,NFE2L2
CHEMBL:CHEMBL85194,TP53
PROPYLTHIOURACIL,MPO
"1,10-PHENANTHROLINE",TP53
SNS-314,KDR
RECOMBINANT OX40 LIGAND,CCL5
IRINOTECAN HYDROCHLORIDE,CDKN1A
CYCLOSPORINE,CDKN1A
VALERIAN ROOT EXTRACT,CYP2E1
CYCLOPHOSPHAMIDE ANHYDROUS,FAS
MAGNESIUM SULFATE ANHYDROUS,FOS
TETRADECANOYLPHORBOL ACETATE,FOS
IMATINIB,HGF
ACETYLCYSTEINE,CXCR2
IMMUNOTHERAPEUTIC AGENT,MPO
FULVESTRANT,NOS1
ROSIGLITAZONE,NOS1
BACILLUS CALMETTE-GUERIN ANTIGEN,PIK3CA
EPIRUBICIN,SERPINE1
ALDESLEUKIN,EPCAM
ANTINEOPLASTIC VACCINE,EPCAM
SPIRONOLACTONE,TNF
TIMOLOL MALEATE,TNF
MAGNESIUM SULFATE ANHYDROUS,TNF
SAPONIN,TP53
ERYTHROMYCIN,NR1I2
SIROLIMUS,NR1I2
PHENOBARBITAL,NR1I2
TOFACITINIB,CTSS
GLATIRAMER,HLA-DRB1
EPINEPHRINE,ADRA1D
ARTEMETHER,CYP2A6
NEOVASTAT,KDR
S-3304,MMP2
VONAPANITASE,ELN
PHENYLEPHRINE,ADRA1D
RESMINOSTAT,HDAC2
RAVAGALIMAB,CD40
GEMCITABINE,TP53
APRUTUMAB,FGFR2
ATOPAXAR,F2R
METITEPINE,SERPINA3
MPDT,SERPINA3
E55888,SERPINA3
CGS 15943,ABCA3
FLAVONE,ABCA3
DEXNIGULDIPINE,ABCA3
MPC-MECA,ABCA3
U75302,AMFR
ONO-4057,AMFR
IBUPROFEN LYSINE,PTGS2
INDOMETHACIN SODIUM,PTGS2
COMPOUND 1 [PMID: 24900608],ADARB2
CALMODULIN,CYP2A13
7NI,NOS1
&ALPHA;-CONOTOXIN AUIB,CHRNA3
"DES-AA1,2,5,12,13-[D-TRP8]SRIF",FAS
DES-AA5-[D-TRP8]SRIF,FAS
COMPOUND 13 [PMID: 23098072],TLR2
OXAPROZIN POTASSIUM,PTGS2
[125I]BAY 55-9837,ARCN1
C-MET INHIBITOR,MET
RITODRINE HYDROCHLORIDE,ADRB2
IDELALISIB,PIK3CA
VENETOCLAX,ATM
PACLITAXEL,ATM
OXALIPLATIN,ATM
GEMCITABINE,CDKN2A
ULIXERTINIB,CDKN2A
FGFR/CSF-1R INHIBITOR 3D185,FGFR2
APITOLISIB,PIK3CA
LORLATINIB,PIK3CA
AKT INHIBITOR LY2780301,PIK3CA
FLOXURIDINE,PIK3CA
OBINUTUZUMAB,TP53
GSK2830371,TP53
MILADEMETAN,TP53
TANESPIMYCIN,TP53
IXAZOMIB,TP53
RUXOLITINIB,TP53
KENPAULLONE,KDR
ROSIGLITAZONE,NFE2L2
PF-04236921,TNF
FLURBIPROFEN SODIUM,PTGS2
LAPACHONE,SMAD3
CHEMBL:CHEMBL587849,SMAD3
SAPONIN,FOS
RO 25-1553,ARCN1
DORAMAPIMOD,KDR
PWT-33587,PIK3CD
CHEMBL:CHEMBL578294,SMAD3
ARRY-300,MET
PYRAFLUFEN-ETHYL,NFE2L2
DEFEROXAMINE,MMP2
[ARG16]CHICKEN SECRETIN,ARCN1
ESTRADIOL VALERATE,PPARG
DEFOSLIMOD,TLR4
"(S,R)-MEFLOQUINE",SMAD3
DEXAMETHASONE,NFE2L2
ELSILIMOMAB,IL6
DULOXETINE HYDROCHLORIDE,IL6
POLYESTRADIOL PHOSPHATE,NOS1
PIRARUBICIN,TP53
OLANZAPINE,PPARG
DIPIVEFRIN HYDROCHLORIDE,ADRA1D
HYDROXYAMPHETAMINE HYDROBROMIDE,ADRA1D
ALVELESTAT,ELANE
ANTI-THYMOCYTE GLOBULIN,ITGAV
DEZAPELISIB,PIK3CD
CP-459632,KDR
TELEOCIDIN B,CASP3
CYC-116,KDR
LY-2874455,FGFR2
GALUNISERTIB,TGFB1
PENTACHLOROPHENOL,NFE2L2
BPI-9016,MET
SB 207710,SERPINA3
AZATHIOPRINE,NFE2L2
ANTI-ANDROGEN,PIK3CG
SANGIVAMYCIN,JUN
TIOTROPIUM,ADRB2
BGT-226,PIK3CD
ROTENONE,JUN
SB 714786,A2M
NIMODIPINE,CFTR
PF-06843195,PIK3CB
ANHYDROUS TACROLIMUS,IL18
FOSINOPRIL SODIUM,ACE
AFLIBERCEPT,PGF
PHENTOLAMINE MESYLATE,ADRA1D
LABETALOL HYDROCHLORIDE,ADRA1D
IMD-2560,IKBKB
TEZOSENTAN,EDNRA
PUQUITINIB,PIK3CD
PUQUITINIB,KDR
TASELISIB,PIK3CB
NERELIMOMAB,TNF
ISCALIMAB,CD40
SX-682,CXCR2
CHEMBL:CHEMBL585439,NFE2L2
IPCONAZOLE,NFE2L2
CHEMBL:CHEMBL577660,NFE2L2
ELLAGIC ACID,SMAD3
DICHLOROISOPROTERENOL,ADRB2
DICHLOROPHEN,TP53
ROCAGLAMIDE,NFE2L2
CHEMBL:CHEMBL587229,NFE2L2
CHEMBL:CHEMBL29878,NFE2L2
"(R,S)-INDATRALINE",NFKB1
SB 222200,NFKB1
CHEMBL:CHEMBL578928,SMAD3
EPINEPHRINE,HIF1A
QUESTIOMYCIN B,NFE2L2
SENNOSIDE B,SMAD3
METAMIZOLE SODIUM,PTGS2
ENTRECTINIB,KDR
INDOPROFEN,PTGS2
ISOXICAM,PTGS2
CLOFIBRATE,JUN
BENZOTHIAZYL DISULFIDE,NFE2L2
TELOMESTATIN,TERT
OLTIPRAZ,PTPN1
NAPHTHOQUINONE,CASP3
OLEAMIDE,TP53
CHEMBL:CHEMBL401565,IKBKB
RO31-8220,SMAD3
VITAMIN A,NFE2L2
CHEMBL:CHEMBL599088,TP53
TRACAZOLATE,TP53
PIPLARTINE,TP53
INDOLE-3-CARBINOL,NFE2L2
CHEMBL:CHEMBL601146,NFE2L2
HESPERADIN,KDR
CHEMBL:CHEMBL260560,TP53
CHEMBL:CHEMBL1317506,SMAD3
STROPHANTHIDIN,SMAD3
FLUPENTHIXOL,TP53
PYRITHIONE ZINC,TP53
ILORASERTIB,MET
CHEMBL:CHEMBL1362503,NFE2L2
CHEMBL:CHEMBL297304,NFE2L2
CHEMBL:CHEMBL421215,TP53
MORONIC ACID,PTPN1
CHEMBL:CHEMBL592123,TP53
ROTENONE,NFE2L2
CHEMBL:CHEMBL1588679,HIF1A
CHEMBL:CHEMBL53738,NFE2L2
GSK-2636771,PIK3CD
DAUNORUBICIN LIPOSOMAL,CYP1A1
SPIRONOLACTONE,CYP1A1
OLINVACIMAB,KDR
CAMPTOTHECIN,GSTP1
SULFORAPHANE,GSTM1
LETROZOLE,MMP2
DICLOFENAC SODIUM,MPO
LYCOPENE,NFE2L2
NONSTEROIDAL ANTIINFLAMMATORY DRUG,NOS1
THEAFLAVIN,PIK3CA
MTOR INHIBITOR,PIK3CG
ROSIGLITAZONE,PIK3CG
THEAFLAVIN,PIK3CG
RECOMBINANT INTERLEUKIN,STAT3
GALANTAMINE,APOE
VORICONAZOLE,NR1I2
ASPARAGINASE,HLA-DRB1
HYDRALAZINE,MMP9
DOCETAXEL ANHYDROUS,EPHX1
OMAVELOXOLONE,GABPA
ASTEGOLIMAB,IL33
STAT3 INHIBITOR OPB-31121,STAT3
ALACEPRIL,ACE
TFMPP,A2M
MRS1186,ABCA3
MRS1097,ABCA3
PRELADENANT,ABCA3
FELODIPINE,CFTR
COMPOUND 15A [PMID: 32069401],PIK3CB
AZD8154,PIK3CB
BEVACIZUMAB-AWWB,MMP2
BEVACIZUMAB-AWWB,MMP9
LIRAFUGRATINIB,FGFR2
OXALIPLATIN,FGFR2
TAS-117,PIK3CA
PI3K/MTOR KINASE INHIBITOR WXFL10030390,PIK3CA
REGORAFENIB,PIK3CA
MALATHION,ACE
MUPARFOSTAT,VEGFA
PARECOXIB SODIUM,PTGS2
CONBERCEPT,PGF
PF-04236921,IL6
EDASALONEXENT,NFKB1
SELETALISIB,PIK3CD
VB-201,TLR2
CHEMBL:CHEMBL590665,TP53
CHELIDAMIC ACID,NFKB1
CLOXYQUIN,NFE2L2
COMBRETASTATIN A4,MAPK3
BENZO[B]FLUORANTHENE,NFE2L2
EUPATORIN,KDR
PHENETHYLISOTHIOCYANATE,TP53
TRETINOIN,NFE2L2
CIMIRACEMATE A,MAPK3
7-BENZYLOXYCOUMARIN,NFE2L2
OLEANOLIC ACID,PTPN1
CHEMBL:CHEMBL530049,TP53
TYROSOL SINAPATE,MET
CHEMBL:CHEMBL1465049,ADRB2
FLUNARIZINE DIHYDROCHLORIDE,HIF1A
4-AMINOPHENOL,SMAD3
KETOCONAZOLE,NFE2L2
PONATINIB,KDR
DEXTRAN SULFATE SODIUM,CDKN1A
THALIDOMIDE,F2R
DESIRUDIN,F2R
FLOXURIDINE,FAS
TENIPOSIDE,FAS
DAUNORUBICIN LIPOSOMAL,FAS
ADENOVIRUS 5-CD40 LIGAND,FAS
TINZAPARIN SODIUM,SERPINE1
RECOMBINANT CYTOKINE,TGFBR3
GLIMEPIRIDE,TNF
PRAZOSIN HYDROCHLORIDE,TNF
GENTAMICIN,TNF
GENTAMICIN,VEGFA
DOLUTEGRAVIR SODIUM,NR1I2
ISONIAZID,NR1I2
CHLORPROMAZINE,NR1I2
SORAFENIB,NR1I2
INTERFERON ALFA-2B,IL18
ANTIHYPERTENSIVE AGENT,MMP9
NPPB,CFTR
DOXORUBICIN HYDROCHLORIDE,GSTM1
GEMCITABINE,TNF
OLANZAPINE,GSTP1
MONOAMINE OXIDASE INHIBITOR,DDIT4
DERSALAZINE,PTGS2
PROPIOMAZINE,ADRA1D
ENZASTAURIN,PIK3CG
PERUVOSIDE,NFE2L2
CHEMBL:CHEMBL111201,ADRB2
ASUNERCEPT,FAS
DARBUFELONE,PTGS2
TRANSFERRIN RECEPTOR-TARGETED LIPOSOMAL P53 CDNA,TP53
ABITUZUMAB,ITGAV
TYRPHOSTIN B48,HIF1A
TOZULERISTIDE,MMP9
[11C]AZ10419369,A2M
YOHIMBINE,A2M
SB 224289,A2M
1400W,NOS2
MK-8353,MAPK3
COMPOUND 5  [PMID: 24900526],ACE
AZD1236,ACE
MT47-100,CYP1A1
PRN1371,FGFR2
PP-242,PIK3CA
BEVACIZUMAB-AWWB,PIK3CA
BINIMETINIB,PIK3CA
OSIMERTINIB,TP53
VORINOSTAT,TP53
R547,TP53
LORLATINIB,TP53
CHEMBL:CHEMBL533226,NFE2L2
VINORELBINE TARTRATE,JUN
NICOTINE POLACRILEX,APOE
CANFOSFAMIDE HYDROCHLORIDE,GSTP1
UROKINASE,SERPINE1
PHA-680632,TP53
CHEMBL:CHEMBL578890,SMAD3
DROMETRIZOLE,NFE2L2
RP-6530,PIK3CG
LANATOSIDE C,NFE2L2
DEMETHYLWEDELOLACTONE,MAPK3
[125I]EPIBATIDINE,CHRNA3
ATRASENTAN HYDROCHLORIDE,EDNRA
SUNITINIB,TP53
ETOPOSIDE,TP53
ETOPOSIDE,ATM
PINAFIDE,SMAD3
NISOLDIPINE,NFE2L2
ADJUVANT,CYP2E1
RIFAMPIN,TNF
SAR260301,PIK3CB
METHYLENE BLUE ANHYDROUS,MPO
CHEMBL:CHEMBL259615,TP53
CHEMBL:CHEMBL578502,NFE2L2
TIRATRICOL,HIF1A
CISPLATIN,GABPA
CHEMBL:CHEMBL1481509,NFE2L2
NITRILOTRIACETIC ACID,NFE2L2
FINASTERIDE,NFE2L2
CHLORANIL,TP53
ODM-203,FGFR2
CHEMBL:CHEMBL295337,NFE2L2
"ERGOLOID MESYLATES, USP",ADRA1D
NS1738,CHRNA3
CHEMBL:CHEMBL484663,CASP3
RETINOIC ACID AGENT,PIK3CG
RECOMBINANT CHEMOKINE,CHI3L1
BETAMETHASONE,NFE2L2
CENISERTIB,MARK2
CP-459632,FGFR2
IMETELSTAT SODIUM,TERT
CHEMBL:CHEMBL591631,NFE2L2
AZELIRAGON,AGER
QUETMOLIMAB,CX3CL1
REBIMASTAT,MMP2
CHLORPROPAMIDE,NFKB1
NOVIFLUMURON,NFE2L2
ALPHA-TERTHIENYL,NFE2L2
CHEMBL:CHEMBL1504679,CASP3
FENOFIBRATE MICRONIZED,TP53
CHRYSENE,NFE2L2
ALPHA-PHELLANDRENE,NFE2L2
CHEMBL:CHEMBL253989,NFE2L2
RITANSERIN,NFKB1
ZIRAM,TP53
STREPTONIGRIN,NFE2L2
DIHYDREXIDINE,NFKB1
TRITON X,NFE2L2
PATULIN,PPARG
DEMETHYLWEDELOLACTONE,MMP2
OXYTETRACYCLINE ANHYDROUS,HIF1A
CHEMBL:CHEMBL2178586,PPARG
FURAFYLLINE,NFKB1
CHEMBL:CHEMBL1342336,SMAD3
POTASSIUM DICHROMATE,TP53
RESVERATROL,TP53
CHEMBL:CHEMBL578890,TP53
CLENBUTEROL HYDROCHLORIDE,ADRB2
GMQ,SMAD3
PROPARGITE,TP53
CGS 15943,HIF1A
ENDOSULFAN,NFE2L2
CENISERTIB,MET
TAK-715,IKBKB
DIPIVEFRIN HYDROCHLORIDE,ADRB2
CHEMBL:CHEMBL398363,NFE2L2
GANCAONIN L,PPARG
CHEMBL:CHEMBL253989,HIF1A
LARGAZOLE,HDAC2
CYC-116,MET
TENATOPRAZOLE,NFE2L2
CHEMBL:CHEMBL1531222,NFE2L2
PHENAZOPYRIDINE HYDROCHLORIDE,NFE2L2
PELUBIPROFEN,NFE2L2
RIBAVIRIN,TP53
TETRAZOLIUM RED,NFE2L2
EPICATECHIN GALLATE,MET
S-METOLACHLOR,NFE2L2
COSMOMYCIN C,STAT3
SPINASAPONIN A METHYL ESTER,MAPK3
CHEMBL:CHEMBL2332279,CHRNA3
N-OLEOYLDOPAMINE,TP53
HYDROQUINONE,NFE2L2
CHEMBL:CHEMBL600313,CASP3
ELATOSIDE D,PPARG
CLEMASTINE,TP53
ASTEMIZOLE,TP53
SAQUINAVIR MESYLATE,NFE2L2
FUROSPONGOLIDE,HIF1A
SRT-1720,SIRT1
ISOPROPYL PALMITATE,NFE2L2
CHEMBL:CHEMBL582099,SMAD3
LEVOTHYROXINE,PPARG
CHEMBL:CHEMBL529138,NFE2L2
MITOGEN-ACTIVATED PROTEIN KINASE INHIBITOR,AGER
LIOTHYRONINE,CYP1A1
DIMETHYL SULFOXIDE,ITGA5
TETRADECANOYLPHORBOL ACETATE,ITGAX
FLUDARABINE,MPO
SIMVASTATIN,MMP2
GENE TRANSDUCTION AGENT,NFE2L2
HERBIMYCIN A,PIK3CA
FLUDARABINE,PIK3CG
SELENIUM,PIK3CG
RECOMBINANT VASCULAR ENDOTHELIAL GROWTH FACTOR,PIK3CG
SIMVASTATIN,PIK3CG
HEPARIN,SLPI
IL-6,SOS1
STAUROSPORINE,CASP3
BDNF,TERT
MELATONIN,TGFB1
RECOMBINANT RANTES,TGFBR3
LECANEMAB,APOE
CUCURBITACIN E,STAT3
CHEMBL:CHEMBL586135,NFE2L2
ETANERCEPT-SZZS,NFKB1
FOLIC ACID,TLR4
CHEMBL:CHEMBL1945130,SIRT1
DESIPRAMINE,EPHX1
RESVERATROL,HIF1A
PEXMETINIB,KDR
TRIFLOXYSTROBIN,NFE2L2
BALSALAZIDE,PTGS2
CHEMBL:CHEMBL2094789,NFKB1
QUINOXALINE,SMAD3
MILVETEROL,ADRB2
NIMOTUZUMAB,EGF
ALTISSIMACOUMARIN E,SIRT1
TAK-715,KDR
CHRYSOERIOL,NFKB1
BITHIONOL,TP53
BACLOFEN,NFKB1
MASOPROCOL,NFKB1
ILOMASTAT,MMP9
ALT-801,TP53
TRYPTAMINE,NFKB1
OXYMETAZOLINE HYDROCHLORIDE,A2M
TERGURIDE,A2M
SB656104,SERPINA3
CHEMBL:CHEMBL80155,HIF1A
MRS1177,ABCA3
K777,FOS
8-AZAGUANINE,HIF1A
COMPOUND 7C [PMID: 22041175],GZMB
DIMETHYL GAMBOGATE,TP53
ROMIDEPSIN,MSTN
COMPOUND 7C [PMID: 22041175],GZMA
"[125I]VIP (HUMAN, MOUSE, RAT)",ARCN1
ANTI-EGFR MONOCLONAL ANTIBODY,PIK3CA
TOLFENAMIC ACID,HIF1A
AVUTOMETINIB,FGFR2
TRABECTEDIN,FGFR2
FGF RECEPTOR ANTAGONIST HGS1036,FGFR2
TEMUTERKIB,FGFR2
ABT-737,PIK3CA
GSK690693,PIK3CA
(2S)-1-(1H-INDOL-3-YL)-3-{[5-(3-METHYL-1H-INDAZOL-5-YL)PYRIDIN-3-YL]OXY}PROPAN-2-AMINE,PIK3CA
BALOXAVIR MARBOXIL,BLOC1S6
HYDROCHLOROTHIAZIDE,SERPINE1
AZAMETHIPHOS,NFE2L2
BGT-226,PIK3CG
DAPH,NFKB1
WITHAFERIN A,MAPK3
ALMOTRIPTAN,A2M
GW559768X,KDR
PREGNENOLONE,NFE2L2
PROMETHAZINE HYDROCHLORIDE,NFKB1
SOFALCONE,NFE2L2
SOTATERCEPT,TGFB1
NINGETINIB,MET
5-HT-MODULINE,A2M
PIOGLITAZONE HYDROCHLORIDE,NR1I2
ALVOCIDIB,PIK3CB
TCDD,NFE2L2
NELFINAVIR,IL6
TLR AGONIST CADI-05,TLR4
GENISTEIN,NFE2L2
CEDIRANIB,FGFR2
MPI-0479605,TP53
LIPIDYL PSEUDOPTERANE D,PTPN1
CHEMBL:CHEMBL190474,TERT
RAMATERCEPT,MSTN
NETOGLITAZONE,PPARG
CHEMBL:CHEMBL578915,NFE2L2
PIRITREXIM ISETHIONATE,NFE2L2
RISPERIDONE,CYP2E1
APRATOXIN F,MET
BENDAMUSTINE,TP53
THIOCYCLAM HYDROGEN OXALATE,NFE2L2
SORAFENIB,NFE2L2
(2S)-1-(1H-INDOL-3-YL)-3-{[5-(3-METHYL-1H-INDAZOL-5-YL)PYRIDIN-3-YL]OXY}PROPAN-2-AMINE,NFE2L2
AZD-6482,PIK3CG
ATOVAQUONE,NFE2L2
IMMUNOSUPPRESSANT,MMP1
DAIDZEIN,NFE2L2
ENPIROLINE,SMAD3
E324,HIF1A
SAPANISERTIB,TP53
PD-169316,NFE2L2
ALFUZOSIN HYDROCHLORIDE,ADRA1D
DOBUTAMINE HYDROCHLORIDE,ADRB2
AZD-6482,PIK3CA
XL-999,FGFR2
SAMOTOLISIB,PIK3CG
ABITUZUMAB,ITGB6
BROLUCIZUMAB,VEGFA
MARIMASTAT,MMP1
MONOMETHYL FUMARATE,KEAP1
AMIVANTAMAB-VMJW,MET
EX-527,SIRT1
BORTEZOMIB,NFKB1
PHENYTOIN SODIUM,NFE2L2
CLEMIZOLE,HIF1A
MITOXANTRONE HYDROCHLORIDE,TP53
R-RUGULACTONE,IKBKB
KAEMPHEROL,NFE2L2
ARISTOLOCHIC ACID,NFE2L2
DIGOXIGENIN,SMAD3
ZILEUTON,MMP2
TUBERCIDIN,NFE2L2
METHYLTHIONINIUM CHLORIDE,NFE2L2
PSAMMAPLIN A,SIRT1
LINIFANIB,MET
CHEMBL:CHEMBL599165,PPARG
CHEMBL:CHEMBL118417,NFE2L2
CARFILZOMIB,NFE2L2
CETYLPYRIDINIUM BROMIDE,NFE2L2
METHYL ALCOHOL,NFE2L2
FENTICLOR,TP53
IPRIFLAVONE,CASP3
CHEMBL:CHEMBL578944,SMAD3
MUNDULONE,TP53
CHEMBL:CHEMBL586135,SMAD3
TECNAZENE,PPARG
METHYL ABIETATE,NFE2L2
ZAFIRLUKAST,NFE2L2
CHEMBL:CHEMBL22062,NFE2L2
DIGOXIN,TNF
HYDROCORTISONE HEMISUCCINATE,NFE2L2
CADMIUM DICHLORIDE,TP53
NITROFEN,NFE2L2
RIMCAZOLE,TP53
CHEMBL:CHEMBL528791,SMAD3
BIPHENYL,NFE2L2
(-)-CAMPHOR,JUN
RESVERATROL,FOXO3
SULFAPHENAZOLE,NFKB1
ISOSILYBIN A,PPARG
SANGUINARIUM,SMAD3
TAMARIXETIN,NFKB1
DEXBUDESONIDE,NFE2L2
IOPANOIC ACID,NFE2L2
TRIACETYLRESVERATROL,TP53
AMINOCARB,NFE2L2
CALCIPOTRIENE,NFE2L2
CHEMBL:CHEMBL1224755,SMAD3
CHEMBL:CHEMBL547977,NFE2L2
MIFEPRISTONE,NFE2L2
DEMETHYLWEDELOLACTONE,MMP9
ISOVELLERAL,ATM
CHEMBL:CHEMBL410484,TP53
STREPTONIGRIN,SMAD3
JNJ1661010,NFE2L2
HELENALIN,NFE2L2
CRIDANIMOD,JUN
CHEMBL:CHEMBL599896,ADRB2
ETODOLAC,NFE2L2
LIOTHYRONINE SODIUM,NFE2L2
RS-39604,TP53
CHEMBL:CHEMBL1303948,TP53
CHEMBL:CHEMBL602718,SMAD3
DEOXIEPINEPHRINE,HIF1A
QUERCETIN,PIK3CB
FLUTICASONE,CD163
DICUMAROL,CDKN1A
DIAZIQUONE,CDKN1A
FLUTAMIDE,CDKN1A
RITONAVIR,CYP2E1
VALPROIC ACID,FAS
IMMUNOTHERAPEUTIC AGENT,FOS
CISPLATIN,IFNG
CHINESE HERBS,IL6
SELENIUM,IL6
LINEZOLID,IL6
SELENIUM,MAPK3
QUERCETIN,MAPK3
HEPARAN SULFATE,MMP2
FLUTAMIDE,MPO
AZITHROMYCIN,NOS1
CLARITHROMYCIN,NOS1
SOY PROTEIN ISOLATE,NOS1
ZINC SULFATE ANHYDROUS,PIK3CA
ZINC SULFATE ANHYDROUS,PIK3CB
VITAMIN E,PLTP
ALITRETINOIN,SERPINE1
KAEMPHEROL,HIF1A
LYMPHOKINE-ACTIVATED KILLER CELLS,EPCAM
RAMIPRIL,TGFB1
DEXAMETHASONE,TGFBR3
RECOMBINANT VASCULAR ENDOTHELIAL GROWTH FACTOR,TP53
GARLIC,TP53
PHENETHYL ISOTHIOCYANATE,VEGFA
BEXAROTENE,NR1I2
CEPHALEXIN ANHYDROUS,NR1I2
ESTRADIOL VALERATE,NFE2L2
SULFAMETHOXAZOLE / TRIMETHOPRIM,GSTM1
ISOFLURANE,CYP2E1
CYTARABINE,CYP2E1
INFIGRATINIB,PIK3CB
RISPERIDONE,ADRB2
CARBOPLATIN,TNF
RIFAMPIN,NOS2
TOCILIZUMAB,HLA-DRB1
CYCLOPHOSPHAMIDE ANHYDROUS,GSTT1
BUPARLISIB HYDROCHLORIDE,PIK3CD
AXITINIB,HIF1A
ARTESUNATE,CYP2A6
ARTEMOTIL,CYP2A6
CLOMIPRAMINE,DDIT4
ELAFIN,PRTN3
BIOCHANIN A,CYP1A1
PERFLUBRON,CYP2E1
VIMNERIXIN,CXCR2
AEM-28,APOE
ARGATROBAN,F2R
AZACITIDINE,GSTP1
CELASTROL,TNF
CERTOLIZUMAB,TNF
"INSULIN, REGULAR, HUMAN",JUNB
METHOXSALEN,CYP2A6
VITAMIN E,MMP1
RESINIFERATOXIN,NOS1
INULIN,INS
FLUORODEOXYGLUCOSE F18,PIK3CG
PIRBUTEROL,ADRB2
DAVAMOTECAN PEGADEXAMER,HIF1A
ROXINDOLE,A2M
RAUWOLSCINE,A2M
[3H]8-OH-DPAT,SERPINA3
HG2+,KLF9
MRS5698,ABCA3
PENECA,ABCA3
GALANGIN,ABCA3
CP-195543,AMFR
PHENYLGLYCINE-01,CFTR
PIBTU,NOS2
AY77,APOE
NVP-CLR457,PIK3CB
RKI-1447,CTSS
STAUROSPORINE,CTSS
DANUSERTIB,FBN1
ANTI-EGFR MONOCLONAL ANTIBODY,MET
REBEMADLIN,TP53
CISPLATIN,IL6
EVEROLIMUS,ATM
MILCICLIB,CDKN2A
SIROLIMUS,CDKN2A
RISOVALISIB,PIK3CA
CARBOXYAMIDOTRIAZOLE OROTATE,PIK3CA
LEUCOVORIN CALCIUM,PIK3CA
PI3K/BET INHIBITOR LY294002,PIK3CA
EZABENLIMAB,TP53
ALK INHIBITOR TAE684,TP53
PF-04217903,TP53
HESPERETIN,PPARG
FUMAGILLIN,NFE2L2
NITROGLYCERIN,MAPK3
GLAFENINE,PTGS2
AVE0847,PPARG
EDELFOSINE,FAS
CN-105,APOE
COPANLISIB HYDROCHLORIDE,PIK3CD
TAK-733,PIK3CA
TUBERCIDIN,SMAD3
DEOXIEPINEPHRINE,TP53
PSORALEN,MPO
CHEMBL:CHEMBL555242,NFE2L2
CHEMBL:CHEMBL261123,TP53
CHEMBL:CHEMBL1546223,SMAD3
RO 25-1392,ARCN1
CHEMBL:CHEMBL254077,NFE2L2
PF-562271,MARK2
CHEMBL:CHEMBL530682,SMAD3
GRISEOFULVIN,NR1I2
ATENOLOL,PTGS2
OLAPARIB,TP53
TYRPHOSTIN A9,NFE2L2
QUERCETIN,CYP1A1
MURAGLITAZAR,PPARG
JNJ-7706621,KDR
DEHYDROXYMETHYLEPOXYQUINOMICIN,NFKB1
APIGENIN,NFE2L2
SULFATINIB,KDR
(S)-ROSCOVITINE,NFE2L2
GW-274150,NOS2
OMEPRAZOLE,NR1I2
ENPIROLINE,ATM
OXIDOPAMINE,PIK3CG
HYDROXYAMPHETAMINE HYDROBROMIDE,ADRB2
IZORLISIB,PIK3CD
VOLOCIXIMAB,ITGA5
METELIMUMAB,TGFB1
LY-2382770,TGFB1
.ALPHA.1-PROTEINASE INHIBITOR HUMAN,ELANE
FARICIMAB,VEGFA
NINGETINIB,KDR
QUISINOSTAT,HDAC2
TNF-ALPHA,SLPI
DIETHYLSTILBESTROL DIPROPIONATE,HIF1A
THIOINOSINE,NFE2L2
BUMETANIDE,NFE2L2
RECOMBINANT VASCULAR ENDOTHELIAL GROWTH FACTOR,TERT
AMINEPTIN,JUN
TCDD,TGFB1
VERAPAMIL,TGFB1
CHEMBL:CHEMBL591126,TP53
MOROLIC ACID,PTPN1
CHEMBL:CHEMBL2094484,SMAD3
RITONAVIR,TLR4
BROMOXYNIL,NFE2L2
CHEMBL:CHEMBL599098,SMAD3
CHEMBL:CHEMBL600971,NFE2L2
LINIFANIB,MARK2
TOZASERTIB,KDR
AMORFRUTIN A,PPARG
IMATINIB,SMAD3
CHEMBL:CHEMBL275260,JUN
DIGOXIN,NFE2L2
OSAJIN,SMAD3
PYRIPROXYFEN,NFE2L2
DITHIAZANINE,SMAD3
CHEMBL:CHEMBL578061,IKBKB
HYDROCORTISONE ACETATE,NFE2L2
CHEMBL:CHEMBL530361,NFE2L2
CHEMBL:CHEMBL1438389,HIF1A
(1R)-TRANS-TETRAMETHRIN,NFE2L2
FENTICLOR,SMAD3
SOLOMONSTEROL B,NR1I2
CHEMBL:CHEMBL169335,SMAD3
TYRPHOSTIN 23,NFKB1
CHEMBL:CHEMBL1873684,NFE2L2
PREDNISOLONE SODIUM SUCCINATE,NFE2L2
BENZO[E]PYRENE,TNF
CHEMBL:CHEMBL2333548,MAPK3
CHEMBL:CHEMBL1162414,PTPN1
CHEMBL:CHEMBL1346468,TP53
PHENOLPHTHALEIN,PPARG
MENATETRENONE,NR1I2
CENISERTIB,KDR
CHEMBL:CHEMBL602718,NFKB1
CHEMBL:CHEMBL89977,TERT
ALLO-OCIMENE,NFE2L2
CHEMBL:CHEMBL198759,TP53
CHEMBL:CHEMBL578502,SMAD3
CHLORMIDAZOLE,NFE2L2
PROPACHLOR,TP53
LEAD DIACETATE TRIHYDRATE,NFE2L2
MITOTANE,NFE2L2
CHEMBL:CHEMBL2062862,STAT3
CHEMBL:CHEMBL477052,JUN
PHOSALONE,NFE2L2
ETHAMSYLATE,HIF1A
HARMINE,NFE2L2
OXYQUINOLINE,NFE2L2
METHYL YELLOW,NFE2L2
APIGENIN,HIF1A
MADOLIN U,MAPK3
RESVERATROL,NFE2L2
HPTE,NFE2L2
PERUVOSIDE,SMAD3
VITAMIN K3,TP53
BUPARLISIB HYDROCHLORIDE,PIK3CA
HUMAN CHORIONIC GONADOTROPIN,APOE
HYPERICIN,CYP1A1
RISPERIDONE,CYP1A1
CISPLATIN,FAS
NITROGLYCERIN,GSTM1
ETHACRYNIC ACID,GSTP1
DICUMAROL,GSTM1
VITAMIN E,GSTP1
MIDOSTAURIN,IL6
RECOMBINANT INTERLEUKIN-1,ITGAX
PERFOSFAMIDE,MMP2
ASULACRINE ISETHIONATE,MPO
HYPERICIN,NFE2L2
ALVOCIDIB,PIK3CA
ZINC SULFATE ANHYDROUS,PIK3CG
ALPHA-TOCOPHEROL,PLTP
THERAPEUTIC ANDROGEN,TGFB1
BROXURIDINE,TGFB1
BOVINE CARTILAGE,TGFB1
ADALIMUMAB-ADBM,IL13
ANAKINRA,HLA-DRB1
PF-04605412,ITGA5
NAVEGLITAZAR,PPARG
VEGF/HGF-TARGETING DARPIN MP0250,VEGFA
ILOMASTAT,MMP12
ILOMASTAT,MMP2
ILOMASTAT,MMP14
OT-551,GABPA
"L-772,405",A2M
CAPESEROD,A2M
GR-55562,A2M
REGADENOSON ANHYDROUS,ABCA3
VISNAGIN,ABCA3
ROLOFYLLINE,ABCA3
TONAPOFYLLINE,ABCA3
(+)-JQ1,GCLC
GLYBURIDE,CFTR
CISPLATIN,CASP3
FLUOXETINE HYDROCHLORIDE,ACE
COMPOUND 41 [PMID: 31855425],PIK3CB
PI-3065,PIK3CB
SILDENAFIL,ACE
DESIPRAMINE,DDIT4
COMPOUND 16 [PMID: 19097778],CHI3L1
[125I]TYR10-CST14,FAS
GUNAGRATINIB,FGFR2
LEUCOVORIN CALCIUM,FGFR2
PHA-665752,FGFR2
CAMRELIZUMAB,KEAP1
AZD-6482,PIK3CD
GEMFIBROZIL,IL6
OLAPARIB,PPP2R2A
CHEMBL:CHEMBL529918,NFE2L2
RISPERIDONE,CCL2
PEGASPARGASE,HLA-DRB1
PHENFORMIN HYDROCHLORIDE,NFE2L2
METOPROLOL,ACE
IH636 GRAPE SEED PROANTHOCYANIDIN EXTRACT,NOS1
OLSALAZINE SODIUM,PPARG
TAKINIB,ELANE
AR-9281,EPHX1
RECOMBINANT 70-KD HEAT-SHOCK PROTEIN,TLR4
DUVELISIB,TP53
URSODIOL,FOS
PROSTAGLANDIN D2,PPARG
MECHLORETHAMINE,GSTP1
PEFLOXACIN,IFNG
SANGUINARIUM,TP53
CHLORANIL,NFE2L2
CHELERYTHRINE,TP53
MORICIZINE HYDROCHLORIDE,NFE2L2
AZ7188,APOE
MITOGEN-ACTIVATED PROTEIN KINASE INHIBITOR,CDKN1A
BCG VACCINE,PIK3CB
COLLAGENASE CLOSTRIDIUM HISTOLYTICUM-AAES,MMP1
METHYLTHIONINIUM CHLORIDE,PPARG
BRIVANIB ALANINATE,FGFR2
[3H]LTB4,AMFR
CRUFOMATE,NFE2L2
VITAMIN A PALMITATE,IL6
TG100-115,PIK3CD
LEVOTHYROXINE,NFE2L2
OLSALAZINE SODIUM,PTGS2
GEMFIBROZIL,JUN
QUERCETIN,PIK3CG
METAGLIDASEN,PPARG
BENZYDAMINE,PTGS2
LIDOCAINE,MPO
ABICIPAR PEGOL,KDR
PHENYLEPHRINE BITARTRATE,ADRA1D
METARAMINOL BITARTRATE,ADRA1D
BISMUTH SUBSALICYLATE,PTGS2
TOLMETIN SODIUM,PTGS2
TOLAZOLINE HYDROCHLORIDE,ADRA1D
PIRBUTEROL ACETATE,ADRB2
CLX-0921,PPARG
AS-602868,IKBKB
RP-6530,PIK3CD
LUSPATERCEPT-AAMT,TGFB1
HYDROQUINONE,HIF1A
TRIBUTYLTIN-OXIDE,NFE2L2
TYRPHOSTIN AG 555,HIF1A
MYCOPHENOLATE,PPARG
CHEMBL:CHEMBL84685,NFE2L2
ONONIN,TP53
THEONELLASTEROL E,NR1I2
GW1929,PPARG
INDIUM CHLORIDE,NFE2L2
CHEMBL:CHEMBL582030,NFE2L2
TEMEFOS,NFE2L2
RETINYL ACETATE,NFE2L2
CHEMBL:CHEMBL585591,NFE2L2
TOLFENAMIC ACID,NFE2L2
FANGCHINOLINE,SMAD3
CHEMBL:CHEMBL590186,SMAD3
CHEMBL:CHEMBL429335,TP53
AZOXYSTROBIN,NFE2L2
CHEMBL:CHEMBL261692,NFE2L2
METACRESOL,NFE2L2
WITHAFERIN A,CASP3
MAPROTILINE,TP53
CHEMBL:CHEMBL579318,SMAD3
CHEMBL:CHEMBL128729,NFE2L2
CHEMBL:CHEMBL592819,SMAD3
CADMIUM DICHLORIDE,NFE2L2
CHEMBL:CHEMBL606460,ATM
RUSALATIDE,F2R
VERAPAMIL,GSTP1
URSODIOL,IFNG
FENTANYL CITRATE,IL6
SAQUINAVIR,IL6
SIGNAL TRANSDUCTION INHIBITOR,IL6
ALPHA-TOCOPHEROL,CXCR2
PYRAZOLE,NFE2L2
SIMVASTATIN,NFE2L2
DITIOCARB,NOS1
PHENYLEPHRINE,NOS1
BDNF,PIK3CG
RECOMBINANT CHEMOKINE,PIK3CG
ADALIMUMAB-ADBM,TLR2
INTERFERON BETA-1A,HLA-DRB1
MULTIKINASE INHIBITOR AEE788,KDR
SODIUM METAARSENITE,TERT
THALIDOMIDE,VEGFA
SULODEXIDE,SERPIND1
MRS3558,ABCA3
GS9667,ABCA3
BINODENOSON,ABCA3
(S)-PIA,ABCA3
PSB36,ABCA3
VIPADENANT,ABCA3
M826,CASP3
GW274150,NOS1
&ALPHA;-CONOTOXIN MII,CHRNA3
MECAMYLAMINE,CHRNA3
BIM 23052,FAS
SORAFENIB,HMOX1
EPIRUBICIN,FOXP3
MTOR KINASE INHIBITOR PP242,PIK3CA
LEUCOVORIN CALCIUM,ATM
VEBRELTINIB,MET
IOPOFOSINE,PIK3CG
LENABASUM,TNF
IMRECOXIB,PTGS2
FROVATRIPTAN,A2M
OLANZAPINE,A2M
ELETRIPTAN,A2M
2-BROMO-LSD,SERPINA3
PIRENPERONE,SERPINA3
THIORIDAZINE,SERPINA3
12R-HETE,AMFR
LY255283,AMFR
CBIQ,CFTR
GLYH-101,CFTR
CUDC-101,MSTN
VORINOSTAT,MSTN
RLY-2608,PIK3CA
FUTIBATINIB,PIK3CA
BEZAFIBRATE,PPARG
IMC-1C11,KDR
CHEMBL:CHEMBL1990783,NFE2L2
CHEMBL:CHEMBL275260,NFE2L2
TYRPHOSTIN A9,HIF1A
SUFENTANIL CITRATE,NFE2L2
BAY 61-3606,MET
CHEMBL:CHEMBL256967,IKBKB
JNJ-7706621,MET
SUVANINE'S SODIUM SALT,NR1I2
HYDROXYFLUTAMIDE,NFE2L2
CHEMBL:CHEMBL602424,NFE2L2
CHEMBL:CHEMBL1415851,SMAD3
MITOTANE,ATM
CHEMBL:CHEMBL597035,NFE2L2
FENOFIBRATE MICRONIZED,JUN
ROSIGLITAZONE MALEATE,NFE2L2
PHATHALIMIDE,CASP3
NIGULDIPINE,TP53
CHEMBL:CHEMBL2178596,PPARG
QUERCETIN,PIK3CD
B-RAF/VEGFR-2 INHIBITOR RAF265,KDR
BUPARLISIB HYDROCHLORIDE,PIK3CB
FLUDARABINE,CD40
MANNOSE-BINDING LECTIN,CD40
CASPASE INHIBITOR,CDKN1A
BISPECIFIC ANTIBODY,FAS
GM-CSF,SERPINE1
CAPTOPRIL,SERPINE1
DEFIBROTIDE,SERPINE1
ALPHA-TOCOPHEROL,TGFB1
HEPARAN SULFATE,TGFB1
PNEUMOCOCCAL POLYVALENT VACCINE,TNF
HUANG LIAN,TNF
"INSULIN, REGULAR, HUMAN",TNF
MIDOSTAURIN,TNF
LANSOPRAZOLE,NR1I2
ADALIMUMAB-ADBM,IL6
ETANERCEPT-SZZS,IL6
PILOCARPINE HYDROCHLORIDE,CYP2A6
CYCLOPHOSPHAMIDE ANHYDROUS,GSTM1
OSIMERTINIB,STAT3
CYCLOPHOSPHAMIDE ANHYDROUS,ATM
NAFAMOSTAT,TNF
GLPG-1837,CFTR
BRL-15572,A2M
OLANZAPINE,SERPINA3
MESULERGINE,SERPINA3
KL044,GPX1
C391,APOE
DIOA,CD74
KU-0060648,PIK3CB
COMPOUND 20 [PMID: 22136433],CTSS
FLUOROURACIL,FGFR2
SELUMETINIB,PIK3CA
MIRDAMETINIB,TP53
SULANEMADLIN,TP53
LY3009120,TP53
CABOZANTINIB S-MALATE,TP53
