geneSymbol,diseaseName
IRS1,"Diabetes Mellitus, Type 2"
AVP,"Diabetes Insipidus, Neurogenic"
INS,"Diabetes Mellitus, Permanent Neonatal"
KCNJ11,"Diabetes Mellitus, Permanent Neonatal"
HNF4A,"Diabetes Mellitus, Type 2"
HNF1A,"Maturity-Onset Diabetes of the Young, Type 3"
HNF4A,"Maturity-Onset Diabetes of the Young, Type 1"
AKT2,"Diabetes Mellitus, Type 2"
PDX1,"Maturity-Onset Diabetes of the Young, Type 4"
HNF1B,"Diabetes Mellitus, Type 2"
TCF7L2,"Diabetes Mellitus, Type 2"
HNF1B,Renal cysts and diabetes syndrome
ABCC8,"Diabetes Mellitus, Permanent Neonatal"
ZFP57,"Diabetes Mellitus, Transient Neonatal, 1"
MAPK8IP1,"Diabetes Mellitus, Type 2"
PAX4,"Maturity-Onset Diabetes Of The Young, Type 9"
KCNJ11,"Diabetes Mellitus, Transient Neonatal, 3"
KLF11,"Maturity-Onset Diabetes of the Young, Type 7"
HNF1A,"Diabetes Mellitus, Insulin-Dependent, 20"
CAPN10,"Diabetes Mellitus, Type 2"
IL6,"Diabetes Mellitus, Type 2"
INSR,"Diabetes Mellitus, Type 2"
SLC2A2,"Diabetes Mellitus, Type 2"
SLC2A4,"Diabetes Mellitus, Type 2"
AQP2,"Diabetes Insipidus, Nephrogenic"
PAX4,"Diabetes Mellitus, Type 2"
AVPR2,"DIABETES INSIPIDUS, NEPHROGENIC, X-LINKED"
GCK,"Diabetes Mellitus, Type Ii, Autosomal Dominant"
GCK,"Diabetes Mellitus, Type 2"
INSR,Insulin Resistance
ABCC8,"Diabetes Mellitus, Transient Neonatal, 2"
HMGA1,"Diabetes Mellitus, Type 2"
GLIS3,"Diabetes Mellitus, Neonatal, with Congenital Hypothyroidism"
ENPP1,"Diabetes Mellitus, Type 2"
ABCC8,"Diabetes Mellitus, Type 2"
IGF2BP2,"Diabetes Mellitus, Type 2"
RETN,"Diabetes Mellitus, Type 2"
NEUROD1,"Diabetes Mellitus, Type 2"
AVPR2,"Diabetes Insipidus, Nephrogenic"
LEP,"Diabetes Mellitus, Type 2"
LIPC,"Diabetes Mellitus, Type 2"
HNF1A,"Diabetes Mellitus, Type 1"
INS,"Diabetes Mellitus, Type 2"
INS,"Diabetes Mellitus, Type 1"
ACE,Diabetic Nephropathies
GCGR,"Diabetes Mellitus, Type 2"
INS,"Maturity-onset diabetes of the young, type 10"
IFIH1,"Diabetes Mellitus, Insulin-Dependent, 19"
INSR,"Diabetes Mellitus, Insulin-Resistant, with Acanthosis Nigricans"
INS,"Diabetes Mellitus, Insulin-Dependent, 2"
HNF1A,"Diabetes Mellitus, Type 2"
GPD2,"Diabetes Mellitus, Type 2"
GCK,"Diabetes Mellitus, Permanent Neonatal"
CEL,"Maturity-Onset Diabetes of the Young, Type 8, with Exocrine Dysfunction"
ADIPOQ,"Diabetes Mellitus, Type 2"
GATA6,"Pancreatic Hypoplasia, Congenital, with Diabetes Mellitus and Congenital Heart Disease"
PTF1A,"Diabetes Mellitus, Permanent Neonatal, with Cerebellar Agenesis"
VEGFA,"MICROVASCULAR COMPLICATIONS OF DIABETES, SUSCEPTIBILITY TO, 1"
IL1RN,"MICROVASCULAR COMPLICATIONS OF DIABETES, SUSCEPTIBILITY TO, 4"
EPO,"MICROVASCULAR COMPLICATIONS OF DIABETES, SUSCEPTIBILITY TO, 2"
IER3IP1,"MICROCEPHALY, EPILEPSY, AND DIABETES SYNDROME"
SOD2,"MICROVASCULAR COMPLICATIONS OF DIABETES, SUSCEPTIBILITY TO, 6"
BLK,"Maturity-onset diabetes of the young, type 11"
TNF,"Diabetes Mellitus, Type 2"
CDKAL1,"Diabetes Mellitus, Type 2"
PPARGC1A,"Diabetes Mellitus, Type 2"
INS,Diabetes Mellitus
NOS3,"Diabetes Mellitus, Type 2"
UCP2,"Diabetes Mellitus, Type 2"
TGFB1,Diabetic Nephropathies
ADIPOQ,Insulin Resistance
LEPR,"Diabetes Mellitus, Type 2"
PDX1,"Diabetes Mellitus, Type 2"
TNF,Insulin Resistance
IRS2,"Diabetes Mellitus, Type 2"
PPARG,"Diabetes Mellitus, Type 2"
ICAM1,"Diabetes Mellitus, Type 2"
IFNG,"Diabetes Mellitus, Type 1"
PPP1R3A,"Diabetes Mellitus, Type 2"
ADIPOQ,"Diabetes, Gestational"
NOS2,"Diabetes Mellitus, Type 2"
ADRB2,Insulin Resistance
HLA-DQB1,"Diabetes Mellitus, Type 1"
ALB,Diabetic Nephropathies
EDN1,"Diabetes Mellitus, Type 2"
TNFRSF1A,"Diabetes Mellitus, Type 2"
AGT,Diabetic Retinopathy
CCL2,Diabetic Nephropathies
NOS3,Diabetic Angiopathies
TGFBI,Diabetic Nephropathies
NOS3,Insulin Resistance
SIRT1,Insulin Resistance
SERPINE1,Diabetic Nephropathies
TLR4,Diabetic Neuropathies
ATP2A2,"Diabetes Mellitus, Type 2"
ACACB,Insulin Resistance
CD36,Insulin Resistance
LEP,Insulin Resistance
PIK3R1,Insulin Resistance
NFE2L2,Diabetic Nephropathies
EDNRA,"Diabetes Mellitus, Type 2"
ATP2A2,Diabetic Cardiomyopathies
CPT1A,"Diabetes Mellitus, Type 2"
EDNRB,"Diabetes Mellitus, Type 2"
PRKAA1,Insulin Resistance
PTEN,Insulin Resistance
SREBF1,Insulin Resistance
AQP2,"DIABETES INSIPIDUS, NEPHROGENIC, AUTOSOMAL"
ACE,"Diabetes Mellitus, Experimental"
ADRA1A,"Diabetes Mellitus, Experimental"
ADRB3,"Diabetes Mellitus, Experimental"
AOC3,"Diabetes Mellitus, Experimental"
ATP2A2,"Diabetes Mellitus, Experimental"
BAX,"Diabetes Mellitus, Experimental"
BCL2,"Diabetes Mellitus, Experimental"
BCL2L1,"Diabetes Mellitus, Experimental"
BDKRB1,"Diabetes Mellitus, Experimental"
CAT,"Diabetes Mellitus, Experimental"
CX3CL1,"Diabetes Mellitus, Experimental"
CYBA,"Diabetes Mellitus, Experimental"
CYBB,"Diabetes Mellitus, Experimental"
CYP1A1,"Diabetes Mellitus, Experimental"
EDN1,"Diabetes Mellitus, Experimental"
FAS,"Diabetes Mellitus, Experimental"
GCK,"Diabetes Mellitus, Experimental"
GPX1,"Diabetes Mellitus, Experimental"
GSR,"Diabetes Mellitus, Experimental"
HMOX1,"Diabetes Mellitus, Experimental"
ICAM1,"Diabetes Mellitus, Experimental"
IFNG,"Diabetes Mellitus, Experimental"
IGF1,"Diabetes Mellitus, Experimental"
IL1B,"Diabetes Mellitus, Experimental"
IL6,"Diabetes Mellitus, Experimental"
INSR,"Diabetes Mellitus, Experimental"
IRS1,"Diabetes Mellitus, Experimental"
KCNJ11,"Diabetes Mellitus, Experimental"
MMP9,"Diabetes Mellitus, Experimental"
MPO,"Diabetes Mellitus, Experimental"
NOS2,"Diabetes Mellitus, Experimental"
NOS3,"Diabetes Mellitus, Experimental"
PCK1,"Diabetes Mellitus, Experimental"
PCSK2,"Diabetes Mellitus, Experimental"
PDX1,"Diabetes Mellitus, Experimental"
PKLR,"Diabetes Mellitus, Experimental"
PPARG,"Diabetes Mellitus, Experimental"
PPARGC1A,"Diabetes Mellitus, Experimental"
PRKCD,"Diabetes Mellitus, Experimental"
PTGS2,"Diabetes Mellitus, Experimental"
RELA,"Diabetes Mellitus, Experimental"
SIRT1,"Diabetes Mellitus, Experimental"
SLC2A2,"Diabetes Mellitus, Experimental"
SLC2A4,"Diabetes Mellitus, Experimental"
SLC9A3,"Diabetes Mellitus, Experimental"
SOD1,"Diabetes Mellitus, Experimental"
SOD2,"Diabetes Mellitus, Experimental"
SREBF1,"Diabetes Mellitus, Experimental"
TGFB1,"Diabetes Mellitus, Experimental"
TIMP1,"Diabetes Mellitus, Experimental"
TNF,"Diabetes Mellitus, Experimental"
TNFRSF1A,"Diabetes Mellitus, Experimental"
UCP2,"Diabetes Mellitus, Experimental"
VEGFA,"Diabetes Mellitus, Experimental"
CASP3,Diabetic Neuropathies
INSR,Diabetic Neuropathies
TGFB1,Diabetic Neuropathies
CASP12,"Diabetes Mellitus, Type 1"
THBS1,Diabetic Retinopathy
PTPN22,"Diabetes Mellitus, Type 1"
TNF,"Diabetes Mellitus, Type 1"
VEGFA,Diabetic Retinopathy
KCNJ11,"Diabetes Mellitus, Type 2"
FTO,"Diabetes Mellitus, Type 2"
SLC30A8,"Diabetes Mellitus, Type 2"
KCNQ1,"Diabetes Mellitus, Type 2"
HHEX,"Diabetes Mellitus, Type 2"
WFS1,"Diabetes Mellitus, Type 2"
JAZF1,"Diabetes Mellitus, Type 2"
IAPP,"Diabetes Mellitus, Type 2"
VEGFA,"Diabetes Mellitus, Type 2"
PPARG,Insulin Resistance
ADAMTS9,"Diabetes Mellitus, Type 2"
THADA,"Diabetes Mellitus, Type 2"
IL2RA,"Diabetes Mellitus, Type 1"
NOTCH2,"Diabetes Mellitus, Type 2"
MTNR1B,"Diabetes Mellitus, Type 2"
PPARG,Diabetes Mellitus
GCKR,"Diabetes Mellitus, Type 2"
SLC2A1,"Diabetes Mellitus, Type 2"
NOS3,Diabetic Nephropathies
CLEC16A,"Diabetes Mellitus, Type 1"
PPARA,"Diabetes Mellitus, Type 2"
AGT,Diabetic Nephropathies
IL10,"Diabetes Mellitus, Type 1"
GCK,Mason-Type Diabetes
GCG,"Diabetes Mellitus, Type 2"
GNB3,"Diabetes Mellitus, Type 2"
TGFB1,"Diabetes Mellitus, Type 2"
PTPN1,"Diabetes Mellitus, Type 2"
CNDP1,Diabetic Nephropathies
SOD2,"Diabetes Mellitus, Type 2"
VEGFA,Diabetic Nephropathies
HNF4A,Mason-Type Diabetes
GSTM1,"Diabetes Mellitus, Type 2"
ADIPOQ,Diabetes Mellitus
IRS1,Insulin Resistance
KCNJ11,Neonatal diabetes mellitus
NOS3,"Diabetes Mellitus, Type 1"
ICAM1,Diabetic Retinopathy
GCK,"Diabetes, Gestational"
INS,Insulin Resistance
SH2B3,"Diabetes Mellitus, Type 1"
PON1,Diabetes Mellitus
FOXP3,"Diabetes Mellitus, Type 1"
INS,Diabetic Nephropathies
LEPR,Insulin Resistance
RETN,Insulin Resistance
HMOX1,"Diabetes Mellitus, Type 2"
BACH2,"Diabetes Mellitus, Type 1"
CYBA,"Diabetes Mellitus, Type 2"
KCNJ11,"Diabetes Mellitus, Type 1"
TNFRSF1B,"Diabetes Mellitus, Type 2"
ACE2,Diabetic Nephropathies
SLC11A1,"Diabetes Mellitus, Type 1"
HP,"Diabetes Mellitus, Type 2"
MTHFR,Diabetic Angiopathies
HP,"Diabetes Mellitus, Type 1"
CAT,"Diabetes Mellitus, Type 2"
LIPC,Insulin Resistance
PAX4,"Diabetes Mellitus, Type 1"
SOD1,"Diabetes Mellitus, Type 2"
LEP,"Diabetes, Gestational"
CAT,Diabetes Mellitus
C2CD4A,"Diabetes Mellitus, Type 2"
PON1,Diabetic Retinopathy
CTSH,"Diabetes Mellitus, Type 1"
ADCY5,"Diabetes Mellitus, Type 2"
CAT,"Diabetes Mellitus, Type 1"
OGG1,"Diabetes Mellitus, Type 2"
SOD1,Diabetes Mellitus
LEPR,Diabetes Mellitus
AGER,Diabetic Angiopathies
PCSK2,"Diabetes Mellitus, Type 2"
SHBG,"Diabetes Mellitus, Type 2"
AVP,Diabetes Insipidus
GPX1,"Diabetes Mellitus, Type 2"
IRS1,Diabetes Mellitus
C1QTNF6,"Diabetes Mellitus, Type 1"
IL27,"Diabetes Mellitus, Type 1"
GLIS3,"Diabetes Mellitus, Type 1"
AR,Insulin Resistance
PRKCQ,"Diabetes Mellitus, Type 1"
NFKB1,"Diabetes Mellitus, Type 2"
OAS1,"Diabetes Mellitus, Type 1"
CNDP2,Diabetic Nephropathies
HMG20A,"Diabetes Mellitus, Type 2"
ITPR3,"Diabetes Mellitus, Type 1"
PROX1,"Diabetes Mellitus, Type 2"
MBL2,"Diabetes, Gestational"
C2CD4B,"Diabetes Mellitus, Type 2"
HK1,"Diabetes Mellitus, Type 2"
PRKCB,"Diabetes Mellitus, Type 2"
HSD11B2,"Diabetes Mellitus, Type 1"
AGTR1,Diabetic Retinopathy
CAT,Diabetic Neuropathies
PEPD,"Diabetes Mellitus, Type 2"
IGF1,"Diabetes Mellitus, Type 1"
SREBF1,"Diabetes Mellitus, Type 2"
PPARA,Insulin Resistance
CD69,"Diabetes Mellitus, Type 1"
INS,Diabetic Ketoacidosis
CP,Diabetes Mellitus
HP,Diabetic Angiopathies
FN1,Diabetes Mellitus
SLC29A3,"Diabetes Mellitus, Type 1"
ABCC8,"Diabetes Mellitus, Type 1"
SOD1,Diabetic Retinopathy
AP3S2,"Diabetes Mellitus, Type 2"
TGFBR2,Diabetic Nephropathies
ABCC8,Neonatal diabetes mellitus
CP,"Diabetes Mellitus, Type 1"
CCND2,"Diabetes Mellitus, Type 2"
FAS,"Diabetes Mellitus, Type 2"
GRB14,"Diabetes Mellitus, Type 2"
ITLN1,"Diabetes Mellitus, Type 2"
MAEA,"Diabetes Mellitus, Type 2"
NKX6-1,"Diabetes Mellitus, Type 2"
PAX6,"Diabetes Mellitus, Type 2"
UBE2E2,"Diabetes Mellitus, Type 2"
VPS26A,"Diabetes Mellitus, Type 2"
MDK,Diabetic Nephropathies
KCNJ11,Insulin Resistance
MC4R,Insulin Resistance
NR4A1,Insulin Resistance
NR4A3,Insulin Resistance
PLTP,Insulin Resistance
TRIB3,Insulin Resistance
HMOX1,Diabetic Angiopathies
HP,Diabetes Complications
IL19,"Diabetes Mellitus, Type 1"
IL20,"Diabetes Mellitus, Type 1"
STAT3,"Diabetes Mellitus, Type 1"
CBS,"Diabetes Mellitus, Type 2"
KCNK16,"Diabetes Mellitus, Type 2"
PSMD6,"Diabetes Mellitus, Type 2"
ST6GAL1,"Diabetes Mellitus, Type 2"
ZFAND3,"Diabetes Mellitus, Type 2"
PLAGL1,"Diabetes Mellitus, Transient Neonatal, 1"
POMC,Diabetes Mellitus
PTGS2,Diabetes Mellitus
GLIS3,"Diabetes Mellitus, Type 2"
CRP,"Diabetes Mellitus, Type 1"
HBA1,"Diabetes Mellitus, Type 2"
MAP3K5,Diabetes Mellitus
TXNIP,Diabetic Nephropathies
HYMAI,"Diabetes Mellitus, Transient Neonatal, 1"
NR1I2,Diabetes Mellitus
ZFP57,Diabetes Mellitus
IDDM4,"Diabetes Mellitus, Insulin-Dependent, 4"
NOS1,"Diabetes Mellitus, Type 1"
ATF3,"Diabetes Mellitus, Type 2"
BCL2,"Diabetes Mellitus, Type 2"
C3,"Diabetes Mellitus, Type 2"
TIMP1,"Diabetes Mellitus, Type 2"
LEPR,"Diabetes, Gestational"
KLK1,Diabetic Cardiomyopathies
INS,"Maturity-Onset Diabetes of the Young, Type 1"
CPT1A,Diabetes Mellitus
COL4A1,Diabetic Nephropathies
GAS6,Diabetic Nephropathies
KDR,Diabetic Nephropathies
KLK1,Diabetic Nephropathies
RELA,Diabetic Nephropathies
INS,Diabetic Neuropathies
NTF3,Diabetic Neuropathies
CRP,Diabetic Retinopathy
IDDM8,"Diabetes Mellitus, Insulin-Dependent, 8"
ATP2A3,"Diabetes Mellitus, Type 2"
EGFR,"Diabetes Mellitus, Type 2"
NIDDM4,"Diabetes Mellitus, Type 2"
PAM,"Diabetes Mellitus, Type 2"
FGF2,"Diabetes, Gestational"
APOA1,Diabetic Cardiomyopathies
INS,Diabetic Cardiomyopathies
IDDM6,"Diabetes Mellitus, Insulin-Dependent, 6"
NIDDM2,"Diabetes Mellitus, Noninsulin-Dependent, 2"
C3,Insulin Resistance
CASP1,Insulin Resistance
CPE,Insulin Resistance
CTF1,Insulin Resistance
EGFR,Insulin Resistance
GH1,Insulin Resistance
GNAS,Insulin Resistance
GPX3,Insulin Resistance
HMGA1,Insulin Resistance
HMOX1,Insulin Resistance
HSD11B1,Insulin Resistance
IGFALS,Insulin Resistance
IGFBP2,Insulin Resistance
NEIL1,Insulin Resistance
PRKAA2,Insulin Resistance
SEPP1,Insulin Resistance
SLC2A4,Insulin Resistance
SREBF2,Insulin Resistance
STS,Insulin Resistance
TNDM,"Diabetes Mellitus, Transient Neonatal, 1"
ADRB1,Diabetes Mellitus
ATP6,Diabetes Mellitus
KIF1A,Diabetes Mellitus
KIF5B,Diabetes Mellitus
NR1I3,Diabetes Mellitus
IDDM7,"Diabetes Mellitus, Insulin-Dependent, 7"
ALB,Diabetic Angiopathies
ASS1,Diabetic Angiopathies
CAPN10,"Diabetes Mellitus, Noninsulin-Dependent, 1"
NIDDM1,"Diabetes Mellitus, Noninsulin-Dependent, 1"
ACE,"MICROVASCULAR COMPLICATIONS OF DIABETES, SUSCEPTIBILITY TO, 3"
IDDM13,"Diabetes Mellitus, Insulin-Dependent, 13"
IDDM11,"Diabetes Mellitus, Insulin-Dependent, 11"
IL2RA,"Diabetes Mellitus, Insulin-Dependent, 10"
NIDDM4,"Diabetes Mellitus, Noninsulin-Dependent, Type 4"
AOC3,Diabetic Nephropathies
AXL,Diabetic Nephropathies
DGKH,Diabetic Nephropathies
MIR145,Diabetic Nephropathies
PRKCE,Diabetic Nephropathies
TINAG,Diabetic Nephropathies
TNFAIP1,Diabetic Nephropathies
VDAC1,Diabetic Nephropathies
VDAC2,Diabetic Nephropathies
IDDMX,"DIABETES MELLITUS, INSULIN-DEPENDENT, X-LINKED, SUSCEPTIBILITY TO"
TAGAP,"Diabetes Mellitus, Insulin-Dependent, 21"
ACE,"MICROVASCULAR COMPLICATIONS OF DIABETES, SUSCEPTIBILITY TO, 1"
DIANPH,"MICROVASCULAR COMPLICATIONS OF DIABETES, SUSCEPTIBILITY TO, 1"
IDDM23,"Diabetes Mellitus, Insulin-Dependent, 23"
ALDH2,Diabetes Complications
IDDM17,"Diabetes Mellitus, Insulin-Dependent, 17"
IDDM3,"Diabetes Mellitus, Insulin-Dependent, 3"
SUMO4,"Diabetes Mellitus, Insulin-Dependent, 5"
TRNL1,Noninsulin-dependent diabetes mellitus with deafness
ACOT1,"Diabetes Mellitus, Experimental"
ACOX1,"Diabetes Mellitus, Experimental"
ACSL1,"Diabetes Mellitus, Experimental"
AGT,"Diabetes Mellitus, Experimental"
AIFM1,"Diabetes Mellitus, Experimental"
ATF3,"Diabetes Mellitus, Experimental"
ATP2A3,"Diabetes Mellitus, Experimental"
CAV1,"Diabetes Mellitus, Experimental"
CAV3,"Diabetes Mellitus, Experimental"
CCL20,"Diabetes Mellitus, Experimental"
CD68,"Diabetes Mellitus, Experimental"
CHRM2,"Diabetes Mellitus, Experimental"
COX2,"Diabetes Mellitus, Experimental"
CPT1A,"Diabetes Mellitus, Experimental"
CPT1B,"Diabetes Mellitus, Experimental"
ESRRA,"Diabetes Mellitus, Experimental"
FGF21,"Diabetes Mellitus, Experimental"
FOXO3,"Diabetes Mellitus, Experimental"
GPAM,"Diabetes Mellitus, Experimental"
GPD2,"Diabetes Mellitus, Experimental"
HK1,"Diabetes Mellitus, Experimental"
HSD11B1,"Diabetes Mellitus, Experimental"
IAPP,"Diabetes Mellitus, Experimental"
ID1,"Diabetes Mellitus, Experimental"
LEPR,"Diabetes Mellitus, Experimental"
MAP3K5,"Diabetes Mellitus, Experimental"
MFGE8,"Diabetes Mellitus, Experimental"
MMP2,"Diabetes Mellitus, Experimental"
NCF1,"Diabetes Mellitus, Experimental"
ND1,"Diabetes Mellitus, Experimental"
NEUROD1,"Diabetes Mellitus, Experimental"
NKX6-1,"Diabetes Mellitus, Experimental"
NQO1,"Diabetes Mellitus, Experimental"
PAX6,"Diabetes Mellitus, Experimental"
PDK4,"Diabetes Mellitus, Experimental"
PFKM,"Diabetes Mellitus, Experimental"
PPARA,"Diabetes Mellitus, Experimental"
PRKCA,"Diabetes Mellitus, Experimental"
PRKCE,"Diabetes Mellitus, Experimental"
REN,"Diabetes Mellitus, Experimental"
S100A6,"Diabetes Mellitus, Experimental"
S1PR2,"Diabetes Mellitus, Experimental"
S1PR4,"Diabetes Mellitus, Experimental"
S1PR5,"Diabetes Mellitus, Experimental"
SERPINE1,"Diabetes Mellitus, Experimental"
SLC9A1,"Diabetes Mellitus, Experimental"
SNAP25,"Diabetes Mellitus, Experimental"
STS,"Diabetes Mellitus, Experimental"
TIMP2,"Diabetes Mellitus, Experimental"
YWHAH,"Diabetes Mellitus, Experimental"
PBCA,Pancreatic beta cell agenesis with neonatal diabetes mellitus
CHRM2,Diabetic Neuropathies
GRM5,Diabetic Neuropathies
MME,Diabetic Neuropathies
MMP2,Diabetic Neuropathies
MMP9,Diabetic Neuropathies
SGK1,Diabetic Neuropathies
AIFM1,"Diabetes Mellitus, Type 1"
CCL20,"Diabetes Mellitus, Type 1"
CHRM2,"Diabetes Mellitus, Type 1"
DDIT3,"Diabetes Mellitus, Type 1"
FGF21,"Diabetes Mellitus, Type 1"
NIDDM3,"Diabetes Mellitus, Noninsulin-Dependent, 3"
GAD2,Diabetic Retinopathy
CTLA4,"Diabetes Mellitus, Insulin-Dependent, 12"
CCR5,"Diabetes Mellitus, Insulin-Dependent, 22"
IDDM18,"Diabetes Mellitus, Insulin-Dependent, 18"
HFE,"MICROVASCULAR COMPLICATIONS OF DIABETES, SUSCEPTIBILITY TO, 7"
PON1,"MICROVASCULAR COMPLICATIONS OF DIABETES, SUSCEPTIBILITY TO, 5"
BCL2L1,"Diabetes Mellitus, Type 2"
BHMT,"Diabetes Mellitus, Type 2"
CASP3,"Diabetes Mellitus, Type 2"
CASP8,"Diabetes Mellitus, Type 2"
CDO1,"Diabetes Mellitus, Type 2"
CYP1A2,"Diabetes Mellitus, Type 2"
ECE1,"Diabetes Mellitus, Type 2"
HPX,"Diabetes Mellitus, Type 2"
ID1,"Diabetes Mellitus, Type 2"
MAT1A,"Diabetes Mellitus, Type 2"
NIDDM3,"Diabetes Mellitus, Type 2"
RELA,"Diabetes Mellitus, Type 2"
S100A6,"Diabetes Mellitus, Type 2"
SNAP25,"Diabetes Mellitus, Type 2"
AR,"Diabetes, Gestational"
CYP19A1,"Diabetes, Gestational"
IDDM24,"Diabetes Mellitus, Insulin-Dependent, 24"
AGTR2,Diabetic Cardiomyopathies
IGF1,Diabetic Cardiomyopathies
RYR2,Diabetic Cardiomyopathies
SLC25A4,Diabetic Cardiomyopathies
SPP1,Diabetic Cardiomyopathies
TNF,Diabetic Cardiomyopathies
IDDM15,"Diabetes Mellitus, Insulin-Dependent, 15"
POMC,Diabetes Insipidus
IGF1R,"Diabetes Mellitus, Type 2"
FASLG,"Diabetes Mellitus, Type 1"
TRNE,Noninsulin-dependent diabetes mellitus with deafness
FOXC2,Lymphedema-Distichiasis Syndrome with Renal Disease and Diabetes Mellitus
PPP1R3A,"INSULIN RESISTANCE, SUSCEPTIBILITY TO"
PTPN1,"INSULIN RESISTANCE, SUSCEPTIBILITY TO"
HNF1A,"INSULIN RESISTANCE, SUSCEPTIBILITY TO"
KCNJ11,"Diabetes Mellitus, Permanent Neonatal, With Neurologic Features"
INSR,Type 2 diabetes mellitus with acanthosis nigricans
TRNK,Noninsulin-dependent diabetes mellitus with deafness
PDX1,"Diabetes Mellitus, Permanent Neonatal"
SERPINE1,"Diabetes Mellitus, Type 2"
GAD2,"Diabetes Mellitus, Type 1"
NOS3,Diabetic Retinopathy
HLA-DRB1,"Diabetes Mellitus, Type 1"
AGTR1,Diabetic Nephropathies
AKR1B1,Diabetic Retinopathy
UCP3,"Diabetes Mellitus, Type 2"
IGF1,"Diabetes Mellitus, Type 2"
IL6,Insulin Resistance
CTGF,Diabetic Nephropathies
AGER,"Diabetes Mellitus, Type 2"
INS,Mason-Type Diabetes
CCL2,"Diabetes Mellitus, Type 2"
PPARG,Diabetic Nephropathies
PCK1,"Diabetes Mellitus, Type 2"
CCR5,"Diabetes Mellitus, Type 1"
IL4,"Diabetes Mellitus, Type 1"
AGER,Diabetic Retinopathy
AGER,Diabetic Nephropathies
IL1R1,"Diabetes Mellitus, Type 1"
SERPINF1,Diabetic Retinopathy
REN,Diabetic Nephropathies
RBP4,"Diabetes Mellitus, Type 2"
PCSK1,"Diabetes Mellitus, Type 2"
ND1,"Diabetes Mellitus, Type 2"
CCR5,"Diabetes Mellitus, Type 2"
SOD2,"Diabetes Mellitus, Type 1"
MMP3,"Diabetes Mellitus, Type 2"
TNF,Diabetic Nephropathies
CD36,"Diabetes Mellitus, Type 2"
IGF2,"Diabetes Mellitus, Type 1"
MMP9,"Diabetes Mellitus, Type 2"
PTGS2,"Diabetes Mellitus, Type 2"
CYP3A4,"Diabetes Mellitus, Type 2"
INSR,Diabetes Mellitus
HSD11B1,"Diabetes Mellitus, Type 2"
GIP,"Diabetes Mellitus, Type 2"
PRKCB,Diabetic Nephropathies
PPARGC1A,Insulin Resistance
ACE,"Diabetes Mellitus, Type 2"
PTPRN,"Diabetes Mellitus, Type 1"
SIRT1,"Diabetes Mellitus, Type 2"
STAT4,"Diabetes Mellitus, Type 1"
NR3C1,"Diabetes Mellitus, Type 2"
PDX1,"Diabetes Mellitus, Type 1"
PIK3R1,"Diabetes Mellitus, Type 2"
CTLA4,"Diabetes Mellitus, Type 1"
EDN1,Diabetic Retinopathy
GAD1,Diabetes Mellitus
F7,"Diabetes Mellitus, Type 2"
IL1B,Diabetic Nephropathies
IL6,Diabetic Nephropathies
GSTT1,"Diabetes Mellitus, Type 1"
G6PC2,"Diabetes Mellitus, Type 1"
ADRA2A,"Diabetes Mellitus, Type 2"
FGF2,Diabetic Retinopathy
CYP2E1,"Diabetes Mellitus, Type 2"
CXCL10,"Diabetes Mellitus, Type 1"
BMP7,Diabetic Nephropathies
PDX1,Mason-Type Diabetes
IGF2,"Diabetes Mellitus, Type 2"
TRPC1,Diabetic Nephropathies
SERPINF1,"Diabetes Mellitus, Type 2"
HIF1A,"Diabetes Mellitus, Type 2"
APOC3,"Diabetes Mellitus, Type 1"
CBLB,"Diabetes Mellitus, Type 1"
GIPR,"Diabetes Mellitus, Type 2"
CD38,"Diabetes Mellitus, Type 2"
ICAM1,Diabetic Nephropathies
AIF1,"Diabetes Mellitus, Type 1"
AR,"Diabetes Mellitus, Type 2"
HTR2C,"Diabetes Mellitus, Type 2"
NPPB,"Diabetes Mellitus, Type 2"
NOS2,"Diabetes Mellitus, Type 1"
MIF,"Diabetes Mellitus, Type 2"
AKT1,"Diabetes Mellitus, Type 2"
HMGCR,"Diabetes Mellitus, Type 2"
CNR1,Insulin Resistance
GCK,Insulin Resistance
CAPN10,Diabetic Nephropathies
IL2RA,Diabetes Mellitus
AKR1B1,Diabetic Neuropathies
GIMAP5,"Diabetes Mellitus, Type 1"
PTGS2,Diabetic Nephropathies
CAT,Diabetic Nephropathies
PRKAA1,"Diabetes Mellitus, Type 2"
PTPRN2,"Diabetes Mellitus, Type 1"
HNF4A,Diabetic Nephropathies
TIMP2,Diabetic Nephropathies
SELL,"Diabetes Mellitus, Type 1"
LGALS3,"Diabetes Mellitus, Type 1"
HIF1A,Diabetic Retinopathy
CRTC2,"Diabetes Mellitus, Type 2"
TRPC1,"Diabetes Mellitus, Type 2"
PGF,Diabetic Retinopathy
CTGF,Diabetic Retinopathy
CCL2,Diabetic Retinopathy
VEGFA,Diabetic Angiopathies
CASP12,Diabetic Nephropathies
CD38,"Diabetes Mellitus, Type 1"
PRF1,"Diabetes Mellitus, Type 1"
GAL,"Diabetes Mellitus, Type 1"
SRD5A1,"Diabetes Mellitus, Type 2"
CYTB,"Diabetes Mellitus, Type 2"
AGTR2,"Diabetes Mellitus, Type 2"
MMP1,"Diabetes Mellitus, Type 2"
ICA1,"Diabetes Mellitus, Type 1"
CST3,Diabetic Nephropathies
SERPINE1,Insulin Resistance
STK11,Insulin Resistance
TP53,Diabetic Nephropathies
CASP3,Diabetic Nephropathies
CCNE1,Diabetic Nephropathies
B2M,"Diabetes Mellitus, Type 1"
ALDOB,"Diabetes Mellitus, Type 2"
NOS1,"Diabetes Mellitus, Type 2"
CARTPT,"Diabetes Mellitus, Type 2"
COX2,"Diabetes Mellitus, Type 2"
PPARA,Diabetic Cardiomyopathies
GLP1R,Diabetes Mellitus
NR0B2,Diabetes Mellitus
PTEN,Diabetes Mellitus
SERPINF1,Diabetic Nephropathies
ICA1,Diabetes Mellitus
CTGF,"Diabetes Mellitus, Type 2"
NOX4,Diabetic Nephropathies
CD80,"Diabetes Mellitus, Type 1"
ANGPT2,Diabetic Retinopathy
G6PC,"Diabetes Mellitus, Type 2"
FN1,Diabetic Angiopathies
IGF2,Diabetic Nephropathies
GHR,Diabetic Nephropathies
SPP1,Diabetic Nephropathies
UTS2R,Diabetic Nephropathies
ERRFI1,Diabetic Nephropathies
CCL20,Diabetic Nephropathies
TRPC6,Diabetic Nephropathies
TGM2,Mason-Type Diabetes
CD86,"Diabetes Mellitus, Type 1"
CDK4,"Diabetes Mellitus, Type 1"
CD40LG,"Diabetes Mellitus, Type 1"
CASP3,"Diabetes Mellitus, Type 1"
MAFA,"Diabetes Mellitus, Type 2"
AOC3,"Diabetes Mellitus, Type 2"
PLN,Diabetic Cardiomyopathies
F7,Diabetes Mellitus
UTS2,Diabetic Nephropathies
LCN2,Diabetic Nephropathies
AGTR2,Diabetic Nephropathies
HTR2A,Diabetic Nephropathies
LAMB2,Diabetic Nephropathies
PRMT1,Diabetic Nephropathies
SPARC,Diabetic Nephropathies
ESR1,Diabetic Nephropathies
PTEN,Diabetic Nephropathies
NPPA,Diabetic Nephropathies
CD36,Diabetic Nephropathies
NOS1,Diabetic Nephropathies
MPZ,Diabetic Neuropathies
NGFR,Diabetic Neuropathies
BDNF,Diabetic Neuropathies
NGF,Diabetic Neuropathies
CCL11,"Diabetes Mellitus, Type 1"
KDM1A,Diabetic Retinopathy
PPARGC1A,Diabetic Retinopathy
CD59,Diabetic Retinopathy
GAPDH,Diabetic Retinopathy
CAT,Diabetic Retinopathy
SERPINA3,Diabetic Retinopathy
CYB5R4,"Diabetes Mellitus, Type 2"
MTNR1A,"Diabetes Mellitus, Type 2"
CALM1,"Diabetes Mellitus, Type 2"
CALCA,"Diabetes Mellitus, Type 2"
CCKAR,"Diabetes Mellitus, Type 2"
AGRP,"Diabetes Mellitus, Type 2"
LNPEP,"Diabetes Mellitus, Type 2"
SLC9A1,"Diabetes Mellitus, Type 2"
TRPC6,"Diabetes Mellitus, Type 2"
KCNJ11,Prediabetic State
DRD1,Insulin Resistance
ARG1,Insulin Resistance
NOS2,Insulin Resistance
SIRT4,Insulin Resistance
PRKCD,Insulin Resistance
SI,Insulin Resistance
PDE3A,Insulin Resistance
ADORA1,Insulin Resistance
PRKCB,Insulin Resistance
TF,Insulin Resistance
PMCH,Insulin Resistance
FABP4,Insulin Resistance
SCD5,Insulin Resistance
CNTF,Insulin Resistance
BDKRB1,Insulin Resistance
RELA,Insulin Resistance
APLN,Insulin Resistance
INPPL1,Insulin Resistance
ACACA,Insulin Resistance
PRKCQ,Insulin Resistance
SLC27A1,Insulin Resistance
PDX1,Insulin Resistance
SERPINF1,Insulin Resistance
IKBKB,Insulin Resistance
ATM,Insulin Resistance
AGTR2,Insulin Resistance
PROM1,Diabetes Mellitus
AQP1,Diabetes Mellitus
SRD5A2,Diabetes Mellitus
AQP4,Diabetes Mellitus
NEUROD1,"Diabetes Mellitus, Insulin-Dependent, 7"
SPARC,Diabetic Angiopathies
NOS2,Diabetic Angiopathies
ICAM1,Diabetic Angiopathies
BDKRB1,Diabetic Angiopathies
VEGFA,Pregnancy in Diabetics
GC,Pregnancy in Diabetics
GAPDH,Pregnancy in Diabetics
BECN1,Diabetic Nephropathies
NTRK2,Diabetic Nephropathies
BDNF,Diabetic Nephropathies
HDAC2,Diabetic Nephropathies
HDAC4,Diabetic Nephropathies
HDAC5,Diabetic Nephropathies
HAS2,Diabetic Nephropathies
TF,Diabetic Nephropathies
HAVCR1,Diabetic Nephropathies
COL1A1,Diabetic Nephropathies
KEAP1,Diabetic Nephropathies
SELP,Diabetic Nephropathies
SREBF1,Diabetic Nephropathies
CD38,Diabetic Nephropathies
EDNRA,Diabetic Nephropathies
ADORA1,Diabetic Nephropathies
PAX2,Diabetic Nephropathies
EP300,Diabetic Nephropathies
CDKN1B,Diabetic Nephropathies
ACVR1,Diabetic Nephropathies
SMAD6,Diabetic Nephropathies
CUBN,Diabetic Nephropathies
TGIF1,Diabetic Nephropathies
PLAU,Diabetic Nephropathies
MLLT3,Diabetic Nephropathies
FAS,Diabetic Nephropathies
CYP19A1,Diabetic Nephropathies
VCAM1,Diabetic Nephropathies
XDH,Diabetic Nephropathies
CLU,Diabetic Nephropathies
AQP3,"DIABETES INSIPIDUS, NEPHROGENIC, AUTOSOMAL"
SIRT1,"DIABETES INSIPIDUS, NEPHROGENIC, AUTOSOMAL"
MAFA,Mason-Type Diabetes
PRKAA1,Diabetes Complications
PLN,Diabetes Complications
MUC1,Diabetes Complications
SLC9A1,Diabetes Complications
SLC4A4,"Diabetes Insipidus, Nephrogenic"
ADSSL1,"Diabetes Mellitus, Experimental"
CRTC2,"Diabetes Mellitus, Experimental"
ADRB1,"Diabetes Mellitus, Experimental"
NTRK1,"Diabetes Mellitus, Experimental"
ITGB1,"Diabetes Mellitus, Experimental"
KDR,"Diabetes Mellitus, Experimental"
HMBS,"Diabetes Mellitus, Experimental"
HMGCR,"Diabetes Mellitus, Experimental"
HMGCS2,"Diabetes Mellitus, Experimental"
LDLR,"Diabetes Mellitus, Experimental"
LPL,"Diabetes Mellitus, Experimental"
CXCL12,"Diabetes Mellitus, Experimental"
SORD,"Diabetes Mellitus, Experimental"
UCP3,"Diabetes Mellitus, Experimental"
COMT,"Diabetes Mellitus, Experimental"
ELN,"Diabetes Mellitus, Experimental"
IL10,"Diabetes Mellitus, Experimental"
FGA,"Diabetes Mellitus, Experimental"
IGF2,"Diabetes Mellitus, Experimental"
PTGS1,"Diabetes Mellitus, Experimental"
FBN1,"Diabetes Mellitus, Experimental"
S100B,"Diabetes Mellitus, Experimental"
HSP90AA1,"Diabetes Mellitus, Experimental"
SMARCA4,"Diabetes Mellitus, Experimental"
SUV420H2,"Diabetes Mellitus, Experimental"
HNRNPA2B1,"Diabetes Mellitus, Experimental"
MAP2K3,"Diabetes Mellitus, Experimental"
CDKN1A,"Diabetes Mellitus, Experimental"
ENPP2,"Diabetes Mellitus, Experimental"
TP53,"Diabetes Mellitus, Experimental"
H6PD,"Diabetes Mellitus, Experimental"
GJB6,"Diabetes Mellitus, Experimental"
LCN2,"Diabetes Mellitus, Experimental"
PGF,"Diabetes Mellitus, Experimental"
ITGB3,"Diabetes Mellitus, Experimental"
GJA1,"Diabetes Mellitus, Experimental"
GJA5,"Diabetes Mellitus, Experimental"
POLG,"Diabetes Mellitus, Experimental"
C10orf2,"Diabetes Mellitus, Experimental"
AQP4,"Diabetes Mellitus, Experimental"
AGTR2,"Diabetes Mellitus, Experimental"
LGALS3,"Diabetes Mellitus, Experimental"
KCNA2,"Diabetes Mellitus, Experimental"
KCNA5,"Diabetes Mellitus, Experimental"
RPE65,"Diabetes Mellitus, Experimental"
CASR,"Diabetes Mellitus, Experimental"
GJB2,"Diabetes Mellitus, Experimental"
GATA4,"Diabetes Mellitus, Experimental"
MYC,"Diabetes Mellitus, Experimental"
HDAC1,"Diabetes Mellitus, Experimental"
HDAC2,"Diabetes Mellitus, Experimental"
HDAC4,"Diabetes Mellitus, Experimental"
PRKRA,"Diabetes Mellitus, Experimental"
CCNT1,"Diabetes Mellitus, Experimental"
IRS2,"Diabetes Mellitus, Experimental"
MAPK1,"Diabetes Mellitus, Experimental"
NPPA,"Diabetes Mellitus, Experimental"
HCN3,"Diabetes Mellitus, Experimental"
HCN1,"Diabetes Mellitus, Experimental"
HCN2,"Diabetes Mellitus, Experimental"
AKR1B1,"Diabetes Mellitus, Experimental"
SOX2,"Diabetes Mellitus, Experimental"
EZH2,"Diabetes Mellitus, Experimental"
SLC22A2,"Diabetes Mellitus, Experimental"
ENTPD1,"Diabetes Mellitus, Experimental"
ECE1,"Diabetes Mellitus, Experimental"
GLRX,"Diabetes Mellitus, Experimental"
TREX2,"Diabetes Mellitus, Experimental"
PDGFB,"Diabetes Mellitus, Experimental"
NPPB,"Diabetes Mellitus, Experimental"
PIK3R1,"Diabetes Mellitus, Experimental"
FASLG,"Diabetes Mellitus, Experimental"
ACHE,"Diabetes Mellitus, Experimental"
FGF2,"Diabetes Mellitus, Experimental"
CCL2,"Diabetes Mellitus, Experimental"
HRAS,"Diabetes Mellitus, Experimental"
ACSL6,"Diabetes Mellitus, Experimental"
G6PC,"Diabetes Mellitus, Experimental"
IL1A,"Diabetes Mellitus, Experimental"
SLC28A2,"Diabetes Mellitus, Experimental"
BCKDHB,"Diabetes Mellitus, Experimental"
GC,"Diabetes Mellitus, Experimental"
CSHL1,"Diabetes Mellitus, Experimental"
GLP1R,"Diabetes Mellitus, Experimental"
MAS1,"Diabetes Mellitus, Experimental"
OPRM1,"Diabetes Mellitus, Experimental"
SLC37A4,"Diabetes Mellitus, Experimental"
HNF4A,"Diabetes Mellitus, Experimental"
TF,"Diabetes Mellitus, Experimental"
NGF,"Diabetes Mellitus, Experimental"
AQP2,"Diabetes Mellitus, Experimental"
ADORA2A,"Diabetes Mellitus, Experimental"
CALCA,"Diabetes Mellitus, Experimental"
CALD1,"Diabetes Mellitus, Experimental"
PLCG1,"Diabetes Mellitus, Experimental"
PPARD,"Diabetes Mellitus, Experimental"
CMA1,"Diabetes Mellitus, Experimental"
SLC2A1,"Diabetes Mellitus, Experimental"
CYP2E1,"Diabetes Mellitus, Experimental"
CFD,"Diabetes Mellitus, Experimental"
EDNRA,"Diabetes Mellitus, Experimental"
SI,"Diabetes Mellitus, Experimental"
ARG1,"Diabetes Mellitus, Experimental"
BCKDHA,"Diabetes Mellitus, Experimental"
BDKRB2,"Diabetes Mellitus, Experimental"
HPRT1,"Diabetes Mellitus, Experimental"
SPP1,"Diabetes Mellitus, Experimental"
STAT1,"Diabetes Mellitus, Experimental"
STAT3,"Diabetes Mellitus, Experimental"
DRD2,"Diabetes Mellitus, Experimental"
ALAD,"Diabetes Mellitus, Experimental"
TXNRD2,"Diabetes Mellitus, Experimental"
TXNRD1,"Diabetes Mellitus, Experimental"
PEMT,"Diabetes Mellitus, Experimental"
APOE,"Diabetes Mellitus, Experimental"
ARG2,"Diabetes Mellitus, Experimental"
CNR1,"Diabetes Mellitus, Experimental"
G6PD,"Diabetes Mellitus, Experimental"
PCSK1,"Diabetes Mellitus, Experimental"
GIPR,"Diabetes Mellitus, Experimental"
FOXA2,"Diabetes Mellitus, Experimental"
FOXA3,"Diabetes Mellitus, Experimental"
LIPC,"Diabetes Mellitus, Experimental"
UMOD,"Diabetes Mellitus, Experimental"
OTC,"Diabetes Mellitus, Experimental"
ESR1,"Diabetes Mellitus, Experimental"
SLC22A1,"Diabetes Mellitus, Experimental"
DRD1,"Diabetes Mellitus, Experimental"
ADCYAP1,"Diabetes Mellitus, Experimental"
CASP9,"Diabetes Mellitus, Experimental"
ETS1,"Diabetes Mellitus, Experimental"
NGFR,"Diabetes Mellitus, Experimental"
ADORA1,"Diabetes Mellitus, Experimental"
IGF1R,"Diabetes Mellitus, Experimental"
ADM,"Diabetes Mellitus, Experimental"
GMPS,"Diabetes Mellitus, Experimental"
CASP1,"Diabetes Mellitus, Experimental"
CASP3,"Diabetes Mellitus, Experimental"
CCK,"Diabetes Mellitus, Experimental"
CCND3,"Diabetes Mellitus, Experimental"
CD36,"Diabetes Mellitus, Experimental"
CLPS,"Diabetes Mellitus, Experimental"
SLC2A3,"Diabetes Mellitus, Experimental"
GGT1,"Diabetes Mellitus, Experimental"
PDGFRB,"Diabetes Mellitus, Experimental"
CTSL,"Diabetes Mellitus, Experimental"
GPX3,"Diabetes Mellitus, Experimental"
HADH,"Diabetes Mellitus, Experimental"
EGFR,"Diabetes Mellitus, Experimental"
CYP11A1,"Diabetes Mellitus, Experimental"
GAL,"Diabetes Mellitus, Experimental"
NT5E,"Diabetes Mellitus, Experimental"
PRKCB,"Diabetes Mellitus, Experimental"
GIP,"Diabetes Mellitus, Experimental"
STAR,"Diabetes Mellitus, Experimental"
SLC29A1,"Diabetes Mellitus, Experimental"
ACAA1,"Diabetes Mellitus, Experimental"
ANXA1,"Diabetes Mellitus, Experimental"
FABP4,"Diabetes Mellitus, Experimental"
ALDOB,"Diabetes Mellitus, Experimental"
TH,"Diabetes Mellitus, Experimental"
APOB,"Diabetes Mellitus, Experimental"
CTSC,"Diabetes Mellitus, Experimental"
CYP11B2,"Diabetes Mellitus, Experimental"
NTRK3,"Diabetes Mellitus, Experimental"
TLR4,"Diabetes Mellitus, Experimental"
DCN,"Diabetes Mellitus, Experimental"
ENO2,"Diabetes Mellitus, Experimental"
HGF,"Diabetes Mellitus, Experimental"
CYP19A1,"Diabetes Mellitus, Experimental"
IL2RA,"Diabetes Mellitus, Experimental"
PNMT,"Diabetes Mellitus, Experimental"
AANAT,"Diabetes Mellitus, Experimental"
ADK,"Diabetes Mellitus, Experimental"
KHK,"Diabetes Mellitus, Experimental"
MET,"Diabetes Mellitus, Experimental"
NOS1,"Diabetes Mellitus, Experimental"
AGER,"Diabetes Mellitus, Experimental"
SSTR2,"Diabetes Mellitus, Experimental"
SSTR5,"Diabetes Mellitus, Experimental"
ADA,"Diabetes Mellitus, Experimental"
AOC1,"Diabetes Mellitus, Experimental"
ACP5,"Diabetes Mellitus, Experimental"
CCNB1,"Diabetes Mellitus, Experimental"
AQP1,"Diabetes Mellitus, Experimental"
PYGM,"Diabetes Mellitus, Experimental"
RAMP2,"Diabetes Mellitus, Experimental"
PLCB3,"Diabetes Mellitus, Experimental"
CEL,"Diabetes Mellitus, Experimental"
AR,"Diabetes Mellitus, Experimental"
CCKBR,"Diabetes Mellitus, Experimental"
CPS1,"Diabetes Mellitus, Experimental"
SLC8A1,"Diabetes Mellitus, Experimental"
PDE3A,"Diabetes Mellitus, Experimental"
BDH1,"Diabetes Mellitus, Experimental"
TXN,"Diabetes Mellitus, Experimental"
NCF2,"Diabetes Mellitus, Experimental"
PDE5A,"Diabetes Mellitus, Experimental"
THBD,"Diabetes Mellitus, Experimental"
LRP2,"Diabetes Mellitus, Experimental"
LEP,"Diabetes Mellitus, Experimental"
OGG1,"Diabetes Mellitus, Experimental"
EP300,"Diabetes Mellitus, Experimental"
GNAT1,"Diabetes Mellitus, Experimental"
TJP1,"Diabetes Mellitus, Experimental"
ABCG2,"Diabetes Mellitus, Experimental"
CAD,"Diabetes Mellitus, Experimental"
LPIN1,"Diabetes Mellitus, Experimental"
NPC1L1,"Diabetes Mellitus, Experimental"
ASS1,"Diabetes Mellitus, Experimental"
BGLAP,"Diabetes Mellitus, Experimental"
ADIPOQ,"Diabetes Mellitus, Experimental"
CP,"Diabetes Mellitus, Experimental"
GRIN2B,"Diabetes Mellitus, Experimental"
CX3CR1,"Diabetes Mellitus, Experimental"
SMPD1,"Diabetes Mellitus, Experimental"
PTPRU,"Diabetes Mellitus, Experimental"
SSTR1,"Diabetes Mellitus, Experimental"
STAT5B,"Diabetes Mellitus, Experimental"
CTGF,"Diabetes Mellitus, Experimental"
AACS,"Diabetes Mellitus, Experimental"
UMPS,"Diabetes Mellitus, Experimental"
OXCT1,"Diabetes Mellitus, Experimental"
BCHE,"Diabetes Mellitus, Experimental"
MEF2C,"Diabetes Mellitus, Experimental"
PPAT,"Diabetes Mellitus, Experimental"
CYTB,"Diabetes Mellitus, Experimental"
BAD,"Diabetes Mellitus, Experimental"
CASP8,"Diabetes Mellitus, Experimental"
CYP27B1,"Diabetes Mellitus, Experimental"
FABP3,"Diabetes Mellitus, Experimental"
ABAT,"Diabetes Mellitus, Experimental"
VWF,"Diabetes Mellitus, Experimental"
DUSP1,"Diabetes Mellitus, Experimental"
NAMPT,"Diabetes Mellitus, Experimental"
UCK2,"Diabetes Mellitus, Experimental"
ITGA3,"Diabetes Mellitus, Experimental"
NR1H4,"Diabetes Mellitus, Experimental"
ACE2,"Diabetes Mellitus, Experimental"
HMGCS1,"Diabetes Mellitus, Experimental"
ANGPT1,"Diabetes Mellitus, Experimental"
SOAT2,"Diabetes Mellitus, Experimental"
KLK1,"Diabetes Mellitus, Experimental"
GATM,"Diabetes Mellitus, Experimental"
TXN2,"Diabetes Mellitus, Experimental"
GRK1,"Diabetes Mellitus, Experimental"
ACOT2,"Diabetes Mellitus, Experimental"
QDPR,"Diabetes Mellitus, Experimental"
RHOA,"Diabetes Mellitus, Experimental"
SOCS3,"Diabetes Mellitus, Experimental"
DEFB1,"Diabetes Mellitus, Experimental"
GCNT1,"Diabetes Mellitus, Experimental"
NOX4,"Diabetes Mellitus, Experimental"
F7,"Diabetes Mellitus, Experimental"
GFPT1,"Diabetes Mellitus, Experimental"
HSPD1,"Diabetes Mellitus, Experimental"
HMGCL,"Diabetes Mellitus, Experimental"
LCT,"Diabetes Mellitus, Experimental"
VCAM1,"Diabetes Mellitus, Experimental"
CASQ1,"Diabetes Mellitus, Experimental"
NFKB2,"Diabetes Mellitus, Experimental"
VLDLR,"Diabetes Mellitus, Experimental"
IGFBP3,"Diabetes Mellitus, Experimental"
PHKA1,"Diabetes Mellitus, Experimental"
GABBR1,"Diabetes Mellitus, Experimental"
UPRT,"Diabetes Mellitus, Experimental"
GALP,"Diabetes Mellitus, Experimental"
TRPC1,"Diabetes Mellitus, Experimental"
THBS1,"Diabetes Mellitus, Experimental"
PRKCI,"Diabetes Mellitus, Experimental"
ABCC2,"Diabetes Mellitus, Experimental"
ALAS1,"Diabetes Mellitus, Experimental"
CASP6,"Diabetes Mellitus, Experimental"
TNC,"Diabetes Mellitus, Experimental"
HSPG2,"Diabetes Mellitus, Experimental"
SERPINF1,"Diabetes Mellitus, Experimental"
CTSB,"Diabetes Mellitus, Experimental"
ABCG5,"Diabetes Mellitus, Experimental"
ABCG8,"Diabetes Mellitus, Experimental"
SSTR3,"Diabetes Mellitus, Experimental"
RYR2,"Diabetes Mellitus, Experimental"
ADSL,"Diabetes Mellitus, Experimental"
SLC28A3,"Diabetes Mellitus, Experimental"
ABCB4,"Diabetes Mellitus, Experimental"
MEF2A,"Diabetes Mellitus, Experimental"
GNAT3,"Diabetes Mellitus, Experimental"
FURIN,"Diabetes Mellitus, Experimental"
TLR2,"Diabetes Mellitus, Experimental"
HP,"Diabetes Mellitus, Experimental"
DBH,"Diabetes Mellitus, Experimental"
TGFB2,"Diabetes Mellitus, Experimental"
INS,"Diabetes Mellitus, Experimental"
DHODH,"Diabetes Mellitus, Experimental"
TXNIP,"Diabetes Mellitus, Experimental"
APRT,"Diabetes Mellitus, Experimental"
ADIPOR2,"Diabetes Mellitus, Experimental"
ANGPT2,"Diabetes Mellitus, Experimental"
UTS2R,"Diabetes Mellitus, Experimental"
TNFSF10,"Diabetes Mellitus, Experimental"
SMAD1,"Diabetes Mellitus, Experimental"
ANXA2,"Diabetes Mellitus, Experimental"
FADS1,"Diabetes Mellitus, Experimental"
ABCB1,"Diabetes Mellitus, Experimental"
GUK1,"Diabetes Mellitus, Experimental"
IL2,"Diabetes Mellitus, Experimental"
CRH,"Diabetes Mellitus, Experimental"
IKBKB,"Diabetes Mellitus, Experimental"
MTR,"Diabetes Mellitus, Experimental"
MAP2K6,"Diabetes Mellitus, Experimental"
SCAP,"Diabetes Mellitus, Experimental"
ISG15,"Diabetes Mellitus, Experimental"
GSTA4,"Diabetes Mellitus, Experimental"
BMPR2,"Diabetes Mellitus, Experimental"
HTR2A,"Diabetes Mellitus, Experimental"
MBP,"Diabetes Mellitus, Experimental"
NDUFS2,"Diabetes Mellitus, Experimental"
NDUFS3,"Diabetes Mellitus, Experimental"
CDK9,"Diabetes Mellitus, Experimental"
F11R,"Diabetes Mellitus, Experimental"
PRKG1,"Diabetes Mellitus, Experimental"
CRP,"Diabetes Mellitus, Experimental"
PECAM1,"Diabetes Mellitus, Experimental"
RGN,"Diabetes Mellitus, Experimental"
IL17A,"Diabetes Mellitus, Experimental"
MTHFR,"Diabetes Mellitus, Experimental"
APOA1,"Diabetes Mellitus, Experimental"
GJD3,"Diabetes Mellitus, Experimental"
FN1,"Diabetes Mellitus, Experimental"
MMP1,"Diabetes Mellitus, Experimental"
CAPN10,"Diabetes Mellitus, Experimental"
CLU,"Diabetes Mellitus, Experimental"
KCNE2,"Diabetes Mellitus, Experimental"
NEFH,"Diabetes Mellitus, Experimental"
NEFM,"Diabetes Mellitus, Experimental"
OGT,"Diabetes Mellitus, Experimental"
HIF1A,"Diabetes Mellitus, Experimental"
UCHL5,"Diabetes Mellitus, Experimental"
CYP4A11,"Diabetes Mellitus, Experimental"
PC,"Diabetes Mellitus, Experimental"
PTGS2,Diabetic Neuropathies
IL1B,Diabetic Neuropathies
TNF,Diabetic Neuropathies
NTRK1,Diabetic Neuropathies
TGFB3,Diabetic Neuropathies
CNR1,Diabetic Neuropathies
SREBF1,Diabetic Neuropathies
IGF1,Diabetic Neuropathies
BDKRB1,Diabetic Neuropathies
TGFB2,Diabetic Neuropathies
MAPK14,Diabetic Neuropathies
MBP,Diabetic Neuropathies
TNFSF4,"Diabetes Mellitus, Type 1"
E2F1,"Diabetes Mellitus, Type 1"
IFNGR2,"Diabetes Mellitus, Type 1"
VAV1,"Diabetes Mellitus, Type 1"
ADRB1,"Diabetes Mellitus, Type 1"
SLC18A2,"Diabetes Mellitus, Type 1"
CSHL1,"Diabetes Mellitus, Type 1"
EGFR,"Diabetes Mellitus, Type 1"
CACNA1G,"Diabetes Mellitus, Type 1"
DUSP1,"Diabetes Mellitus, Type 1"
YY1,"Diabetes Mellitus, Type 1"
CLCNKB,"DIABETES INSIPIDUS, NEPHROGENIC, X-LINKED"
ITGA4,Diabetic Retinopathy
EP300,Diabetic Retinopathy
AQP4,Diabetic Retinopathy
BDKRB2,Diabetic Retinopathy
CASP3,Diabetic Retinopathy
NOS1,Diabetic Retinopathy
FUCA1,Diabetic Retinopathy
NPR3,Diabetic Retinopathy
HRAS,Diabetic Retinopathy
BDKRB1,Diabetic Retinopathy
CYBA,Diabetic Retinopathy
KCNJ10,Diabetic Retinopathy
BDNF,Diabetic Retinopathy
IGF2,"Diabetes Mellitus, Insulin-Dependent, 2"
CTF1,"Diabetes Mellitus, Type 2"
PPP1R3C,"Diabetes Mellitus, Type 2"
FEM1B,"Diabetes Mellitus, Type 2"
PHOX2A,"Diabetes Mellitus, Type 2"
CRHR1,"Diabetes Mellitus, Type 2"
DNMT1,"Diabetes Mellitus, Type 2"
PLAT,"Diabetes Mellitus, Type 2"
AVP,"Diabetes Mellitus, Type 2"
AANAT,"Diabetes Mellitus, Type 2"
PTGDS,"Diabetes Mellitus, Type 2"
TGFBR2,"Diabetes Mellitus, Type 2"
ARX,"Diabetes Mellitus, Type 2"
CYP11A1,"Diabetes Mellitus, Type 2"
STAR,"Diabetes Mellitus, Type 2"
OXCT1,"Diabetes Mellitus, Type 2"
AK1,"Diabetes Mellitus, Type 2"
ACOT2,"Diabetes Mellitus, Type 2"
HSD17B3,"Diabetes Mellitus, Type 2"
ABCC2,"Diabetes Mellitus, Type 2"
ANKRD23,"Diabetes Mellitus, Type 2"
MKI67,"Diabetes Mellitus, Type 2"
HSD3B2,"Diabetes Mellitus, Type 2"
SRC,"Diabetes Mellitus, Type 2"
THBD,"Diabetes Mellitus, Type 2"
DEFB1,"Diabetes Mellitus, Type 2"
PLN,"Diabetes Mellitus, Type 2"
MPST,"Diabetes Mellitus, Type 2"
PPP2CA,"Diabetes Mellitus, Type 2"
SCN1B,"Diabetes Mellitus, Type 2"
MTR,"Diabetes Mellitus, Type 2"
GJA1,"Diabetes Mellitus, Type 2"
NCOA6,"Diabetes Mellitus, Type 2"
IL10,Diabetic Cardiomyopathies
AGER,Diabetic Cardiomyopathies
CASQ2,Diabetic Cardiomyopathies
ACE,Diabetic Cardiomyopathies
ACE2,Diabetic Cardiomyopathies
CASR,Diabetic Cardiomyopathies
XDH,Diabetic Cardiomyopathies
ADIPOR1,Diabetic Cardiomyopathies
ADIPOQ,Diabetic Cardiomyopathies
NPPA,Diabetic Cardiomyopathies
UCP3,Prediabetic State
SIRT3,Prediabetic State
HLA-DRA,Prediabetic State
CALCA,Prediabetic State
UCP1,Prediabetic State
RELB,Prediabetic State
AGT,Prediabetic State
HAS2,Diabetes Insipidus
APOE,"Diabetes Mellitus, Type 2"
HLA-DQA1,"Diabetes Mellitus, Type 1"
ADRB3,"Diabetes Mellitus, Type 2"
VDR,"Diabetes Mellitus, Type 1"
MTHFR,"Diabetes Mellitus, Type 2"
IDE,"Diabetes Mellitus, Type 2"
CDKN2A,"Diabetes Mellitus, Type 2"
AGT,"Diabetes Mellitus, Type 2"
PON1,"Diabetes Mellitus, Type 2"
ACE,"Diabetes Mellitus, Type 1"
CDKN2B,"Diabetes Mellitus, Type 2"
TSPAN8,"Diabetes Mellitus, Type 2"
LPL,"Diabetes Mellitus, Type 2"
HLA-A,"Diabetes Mellitus, Type 1"
INS-IGF2,Diabetes Mellitus
INS,Diabetes
INS-IGF2,Diabetes
INS-IGF2,"Diabetes Mellitus, Type 1"
INS-IGF2,"Diabetes Mellitus, Type 2"
HLA-B,"Diabetes Mellitus, Type 1"
KCNJ11,Diabetes Mellitus
CDC123,"Diabetes Mellitus, Type 2"
HLA-DRB1,"Diabetes Mellitus, Type 2"
HLA-DQB1,"Diabetes Mellitus, Type 2"
HFE,"Diabetes Mellitus, Type 2"
FABP2,"Diabetes Mellitus, Type 2"
IL6,"Diabetes Mellitus, Type 1"
RBM45,"Diabetes Mellitus, Type 1"
MTHFR,Diabetic Nephropathies
TCF7L2,Diabetes Mellitus
APOE,Diabetic Nephropathies
HNF1A,Diabetes Mellitus
HLA-DPB1,"Diabetes Mellitus, Type 1"
CETP,"Diabetes Mellitus, Type 2"
IFIH1,"Diabetes Mellitus, Type 1"
ADRB3,Insulin Resistance
CAMK1D,"Diabetes Mellitus, Type 2"
GCK,Diabetes Mellitus
AGTR1,"Diabetes Mellitus, Type 2"
LTA,"Diabetes Mellitus, Type 1"
VDR,"Diabetes Mellitus, Type 2"
TNF,Diabetes Mellitus
APOB,"Diabetes Mellitus, Type 2"
IL6,Diabetes Mellitus
APOC3,"Diabetes Mellitus, Type 2"
ADRB2,"Diabetes Mellitus, Type 2"
ACE,Diabetes Mellitus
NEUROD1,"Diabetes Mellitus, Type 1"
LGR5,"Diabetes Mellitus, Type 2"
APOA1,"Diabetes Mellitus, Type 2"
IL10,"Diabetes Mellitus, Type 2"
SUMO4,"Diabetes Mellitus, Type 1"
HLA-DQA1,"Diabetes Mellitus, Type 2"
ACE,Insulin Resistance
APOE,Diabetes Mellitus
INS,"Diabetes, Gestational"
ADIPOR1,"Diabetes Mellitus, Type 2"
HNF1A,Diabetes
HLA-C,"Diabetes Mellitus, Type 1"
HLA-DQB2,"Diabetes Mellitus, Type 1"
ACP1,"Diabetes Mellitus, Type 1"
HNF4A,Diabetes Mellitus
ERBB3,"Diabetes Mellitus, Type 1"
LTA,"Diabetes Mellitus, Type 2"
EXT2,"Diabetes Mellitus, Type 2"
IL1RN,"Diabetes Mellitus, Type 2"
HLA-E,"Diabetes Mellitus, Type 1"
PON2,"Diabetes Mellitus, Type 2"
IL1B,"Diabetes Mellitus, Type 2"
HNF1A,Mason-Type Diabetes
MC4R,"Diabetes Mellitus, Type 2"
GYS1,"Diabetes Mellitus, Type 2"
ADIPOR2,"Diabetes Mellitus, Type 2"
G6PC2,"Diabetes Mellitus, Type 2"
IL12B,"Diabetes Mellitus, Type 1"
HLA-DRB4,"Diabetes Mellitus, Type 1"
CRP,"Diabetes Mellitus, Type 2"
AKR1B1,"Diabetes Mellitus, Type 2"
IL2,"Diabetes Mellitus, Type 1"
HNF4A,Diabetes
HLA-DRB1,Diabetes Mellitus
GCK,Diabetes
FABP2,Insulin Resistance
CRP,Diabetes Mellitus
SLC30A8,Diabetes Mellitus
INS-IGF2,"Diabetes, Gestational"
TNF,"Diabetes, Gestational"
ACE,Diabetic Retinopathy
FTO,Diabetes Mellitus
SLC30A8,"Diabetes Mellitus, Type 1"
ABCA1,"Diabetes Mellitus, Type 2"
IL18,"Diabetes Mellitus, Type 1"
TAP2,"Diabetes Mellitus, Type 1"
INS-IGF2,Mason-Type Diabetes
TCF7L2,Insulin Resistance
AKR1B1,Diabetic Nephropathies
TNF,Diabetic Retinopathy
HLA-DQB1,Diabetes Mellitus
SLC2A1,Diabetic Nephropathies
TGFB1,"Diabetes Mellitus, Type 1"
APOE,"Diabetes Mellitus, Type 1"
VEGFA,Diabetes Mellitus
ELMO1,Diabetic Nephropathies
CYP2C9,"Diabetes Mellitus, Type 2"
MICA,"Diabetes Mellitus, Type 1"
CYP27B1,"Diabetes Mellitus, Type 1"
GSTT1,"Diabetes Mellitus, Type 2"
ATN1,Diabetes Mellitus
ATN1,Diabetes
CTLA4,"Diabetes Mellitus, Type 2"
TAP1,"Diabetes Mellitus, Type 1"
ABCC8,Diabetes Mellitus
GAD1,"Diabetes Mellitus, Type 1"
AGTR1,"Diabetes Mellitus, Type 1"
INS,Neonatal diabetes mellitus
UCP1,"Diabetes Mellitus, Type 2"
HLA-DQA2,"Diabetes Mellitus, Type 1"
NOS3,Diabetes Mellitus
KCNJ11,Diabetes
GHRL,"Diabetes Mellitus, Type 2"
WFS1,Diabetes Mellitus
MOK,Diabetic Retinopathy
ICAM1,"Diabetes Mellitus, Type 1"
NAMPT,"Diabetes Mellitus, Type 2"
MTHFR,Diabetes Mellitus
APOA5,"Diabetes Mellitus, Type 2"
SELE,"Diabetes Mellitus, Type 2"
HK2,"Diabetes Mellitus, Type 2"
MOK,"Diabetes Mellitus, Type 2"
ACE,Diabetes
GCNT2,"Diabetes Mellitus, Type 1"
LOC100509457,"Diabetes Mellitus, Type 1"
CYP2C19,"Diabetes Mellitus, Type 2"
HFE,Diabetes Mellitus
TCF7L2,Diabetes
IL1B,"Diabetes Mellitus, Type 1"
LDLR,"Diabetes Mellitus, Type 2"
NPY,"Diabetes Mellitus, Type 2"
ITGA2,"Diabetes Mellitus, Type 2"
INS-IGF2,Neonatal diabetes mellitus
ATN1,"Diabetes Mellitus, Type 1"
TRNL1,Diabetes Mellitus
HLA-DRA,"Diabetes Mellitus, Type 1"
MBL2,"Diabetes Mellitus, Type 1"
ESR1,"Diabetes Mellitus, Type 2"
ALB,"Diabetes Mellitus, Type 2"
DCD,"Diabetes Mellitus, Type 2"
PPARD,"Diabetes Mellitus, Type 2"
PPARG,Diabetes
PPARA,Diabetes Mellitus
AGT,"Diabetes Mellitus, Type 1"
PDCD1,"Diabetes Mellitus, Type 1"
PTPN2,"Diabetes Mellitus, Type 1"
NOS1AP,"Diabetes Mellitus, Type 2"
CCR5,Diabetic Nephropathies
NEUROG3,"Diabetes Mellitus, Type 2"
ADRA2B,"Diabetes Mellitus, Type 2"
VEGFA,"Diabetes Mellitus, Type 1"
IL4,"Diabetes Mellitus, Type 2"
LMNA,"Diabetes Mellitus, Type 2"
CAPN10,Diabetes Mellitus
KIR3DL1,"Diabetes Mellitus, Type 1"
GCG,Diabetes Mellitus
PSMB9,"Diabetes Mellitus, Type 1"
MTHFR,"Diabetes Mellitus, Type 1"
BCL11A,"Diabetes Mellitus, Type 2"
CDKAL1,Diabetes Mellitus
VDR,Diabetic Retinopathy
APOA4,"Diabetes Mellitus, Type 2"
PRKCZ,"Diabetes Mellitus, Type 2"
HP,Diabetes Mellitus
GAD2,Diabetes Mellitus
CD226,"Diabetes Mellitus, Type 1"
MTHFR,Diabetic Retinopathy
SERPINE1,Diabetes Mellitus
TLR4,"Diabetes Mellitus, Type 1"
ENPP1,Insulin Resistance
FTO,Insulin Resistance
NOS3,Diabetes Complications
TCF20,"Diabetes Mellitus, Type 2"
TCF7L2,"Diabetes, Gestational"
IL4R,"Diabetes Mellitus, Type 1"
SUMO4,"Diabetes Mellitus, Type 2"
INS,Insulin resistance syndrome
TLR4,"Diabetes Mellitus, Type 2"
AGT,Diabetes Mellitus
NPHS1,Diabetic Nephropathies
INS-IGF2,Insulin resistance syndrome
AQP2,"DIABETES INSIPIDUS, NEPHROGENIC, X-LINKED"
IL6R,"Diabetes Mellitus, Type 2"
EPO,Diabetic Retinopathy
KIR2DL2,"Diabetes Mellitus, Type 1"
UBASH3A,"Diabetes Mellitus, Type 1"
UTS2,"Diabetes Mellitus, Type 2"
IL1A,"Diabetes Mellitus, Type 2"
HNF1A,"Diabetes, Gestational"
ADIPOQ,Diabetic Nephropathies
IGF1,Diabetes Mellitus
PSMB8,"Diabetes Mellitus, Type 1"
PPARG,"Diabetes Mellitus, Type 1"
PTPN22,"Diabetes Mellitus, Type 2"
IL21,"Diabetes Mellitus, Type 1"
UCP2,Diabetes Mellitus
CRP,Diabetes
F2,Diabetes Mellitus
HLA-DPA1,"Diabetes Mellitus, Type 1"
NPPA,"Diabetes Mellitus, Type 2"
IL1A,"Diabetes Mellitus, Type 1"
ADD1,"Diabetes Mellitus, Type 2"
HLA-DRB5,"Diabetes Mellitus, Type 1"
APOE,Diabetes
LEP,Diabetes Mellitus
KIR3DS1,"Diabetes Mellitus, Type 1"
KIR2DL1,"Diabetes Mellitus, Type 1"
HFE,Diabetic Retinopathy
NOS2,Diabetic Retinopathy
HNF1B,Diabetes Mellitus
INS-IGF2,Diabetic Nephropathies
ENPP1,Diabetic Nephropathies
LPL,Insulin Resistance
MTHFR,Diabetes Complications
KIR2DS5,"Diabetes Mellitus, Type 1"
KLF11,"Diabetes Mellitus, Type 2"
USF1,"Diabetes Mellitus, Type 2"
FOXO1,"Diabetes Mellitus, Type 2"
HNF4A,"Diabetes, Gestational"
INSR,Diabetes
IGF1,Diabetic Retinopathy
SLC12A3,Diabetic Nephropathies
ACP1,"Diabetes Mellitus, Type 2"
GAD2,Diabetes
TNF,Diabetes
HHEX,Diabetes Mellitus
IGF2BP2,Diabetes Mellitus
CDKN2A,Diabetes Mellitus
BDNF,"Diabetes Mellitus, Type 2"
VWF,"Diabetes Mellitus, Type 2"
PDX1,Diabetes Mellitus
ALB,Diabetes Mellitus
GCG,Diabetes
HLA-DRB1,Diabetes
VEGFA,Diabetes
KIR2DS1,"Diabetes Mellitus, Type 1"
KIR2DL5A,"Diabetes Mellitus, Type 1"
MTTP,"Diabetes Mellitus, Type 2"
PPARGC1B,"Diabetes Mellitus, Type 2"
IAPP,Diabetes Mellitus
ALB,Diabetes
AVP,"DIABETES INSIPIDUS, NEPHROGENIC, X-LINKED"
IL1RN,"Diabetes Mellitus, Type 1"
PON1,"Diabetes Mellitus, Type 1"
PTGES2,"Diabetes Mellitus, Type 2"
KIF11,"Diabetes Mellitus, Type 2"
IGFBP2,"Diabetes Mellitus, Type 2"
ELMO1,"Diabetes Mellitus, Type 2"
TCF7,"Diabetes Mellitus, Type 2"
ADIPOQ,"Diabetes Mellitus, Type 1"
F3,"Diabetes Mellitus, Type 2"
APOC3,Diabetic Nephropathies
SUMO4,Diabetic Nephropathies
IL6,Diabetes
INS,Prediabetic State
CDKN2B,Diabetes Mellitus
IL12A,"Diabetes Mellitus, Type 1"
HLA-A,"Diabetes Mellitus, Type 2"
CASQ1,"Diabetes Mellitus, Type 2"
CYP2D6,"Diabetes Mellitus, Type 2"
SH2B1,"Diabetes Mellitus, Type 2"
LPL,Diabetes Mellitus
HNF4A,"Diabetes Mellitus, Type 1"
LEP,"Diabetes Mellitus, Type 1"
PDHX,"Diabetes Mellitus, Type 2"
FGF2,"Diabetes Mellitus, Type 2"
VCAM1,"Diabetes Mellitus, Type 2"
HLA-DQB1,Diabetes
F5,Diabetes Mellitus
DBP,"Diabetes Mellitus, Type 1"
SLC22A4,"Diabetes Mellitus, Type 1"
FCRL3,"Diabetes Mellitus, Type 1"
KIR2DL3,"Diabetes Mellitus, Type 1"
NAA25,"Diabetes Mellitus, Type 1"
CNDP1,"Diabetes Mellitus, Type 1"
WRN,"Diabetes Mellitus, Type 2"
CETP,Diabetes Mellitus
PPARGC1A,Diabetes Mellitus
REN,"Diabetes Mellitus, Type 2"
TNF,Diabetes Complications
INS-IGF2,Prediabetic State
ACE,Diabetic Angiopathies
NOD2,"Diabetes Mellitus, Type 1"
HLA-DQB1,Diabetic Retinopathy
HLA-B,"Diabetes Mellitus, Type 2"
KCTD15,"Diabetes Mellitus, Type 2"
HLA-DRB1,"Diabetes, Gestational"
GCK,"Diabetes Mellitus, Type 1"
CD28,"Diabetes Mellitus, Type 1"
GSTP1,"Diabetes Mellitus, Type 2"
GSTT1,Diabetes Mellitus
GSTM1,Diabetes Mellitus
LPIN1,"Diabetes Mellitus, Type 2"
ABCC8,Diabetes
AVP,"Diabetes Insipidus, Nephrogenic"
SLC30A10,"Diabetes Mellitus, Type 1"
HFE,Insulin Resistance
HNF1A,Insulin Resistance
APOE,Insulin Resistance
APOC3,Insulin Resistance
CRP,Insulin Resistance
APOE,Diabetes Complications
ACE,Diabetes Complications
KIR2DS4,"Diabetes Mellitus, Type 1"
KIR2DS3,"Diabetes Mellitus, Type 1"
PKN2,"Diabetes Mellitus, Type 2"
TRNL1,"Diabetes Mellitus, Type 2"
GNPDA2,"Diabetes Mellitus, Type 2"
MTCH2,"Diabetes Mellitus, Type 2"
ADA,"Diabetes Mellitus, Type 1"
CFB,"Diabetes Mellitus, Type 1"
PIK3CB,"Diabetes Mellitus, Type 2"
CXCL12,"Diabetes Mellitus, Type 1"
REN,Diabetes Mellitus
HLA-E,Diabetes Mellitus
HLA-E,Diabetes
KCNJ11,"Diabetes, Gestational"
HLA-DQA1,Diabetes Mellitus
MOK,Diabetic Nephropathies
NFKB1,"Diabetes Mellitus, Type 1"
IL18,"Diabetes Mellitus, Type 2"
GC,"Diabetes Mellitus, Type 2"
IL4,Diabetes Mellitus
CYP27B1,"Diabetes Mellitus, Type 2"
RBM45,Diabetes Mellitus
LEP,Diabetes
RBM45,Diabetes
PNPLA3,"Diabetes Mellitus, Type 2"
AGTR1,Diabetes Mellitus
TLR2,"Diabetes Mellitus, Type 1"
DIO2,"Diabetes Mellitus, Type 2"
IGF1,Diabetes
FTO,Diabetes
INS,autoimmune diabetes
CYBA,Diabetic Nephropathies
GREM1,Diabetic Nephropathies
GCKR,Diabetes Mellitus
AGER,"Diabetes Mellitus, Type 1"
FXN,"Diabetes Mellitus, Type 2"
HLA-DQB1,"Diabetes, Gestational"
IL10,Diabetes Mellitus
AKR1B1,"Diabetes Mellitus, Type 1"
HP,Diabetic Nephropathies
IL1RN,Diabetic Nephropathies
CD14,"Diabetes Mellitus, Type 1"
SOD1,"Diabetes Mellitus, Type 1"
HSPA1B,"Diabetes Mellitus, Type 2"
PSMA6,"Diabetes Mellitus, Type 2"
CTLA4,Diabetes Mellitus
AVPR2,Congenital nephrogenic diabetes insipidus
PPARA,Diabetes
ACTN4,Diabetic Nephropathies
ADM,"Diabetes Mellitus, Type 2"
VDR,Diabetic Nephropathies
IRS1,"Diabetes Mellitus, Type 1"
GSTM1,"Diabetes Mellitus, Type 1"
ALDH2,"Diabetes Mellitus, Type 2"
F5,"Diabetes Mellitus, Type 2"
IFNG,Diabetes Mellitus
NEUROD1,Diabetes Mellitus
PPARG,"Diabetes, Gestational"
SOD2,Diabetes Mellitus
NAT2,Diabetes Mellitus
SOD2,Diabetic Nephropathies
CYP11B2,Diabetic Nephropathies
NPHS2,Diabetic Nephropathies
SOD2,Diabetic Retinopathy
GLP1R,"Diabetes Mellitus, Type 2"
HLA-DQB2,Diabetes Mellitus
CAPN10,Diabetes
SLC30A8,Diabetes
HLA-DPB1,Diabetes Mellitus
XYLT1,Diabetic Nephropathies
GSTM1,Diabetic Nephropathies
MOK,"Diabetes Mellitus, Type 1"
IL18RAP,"Diabetes Mellitus, Type 1"
APOE,Diabetic Retinopathy
FOXA2,"Diabetes Mellitus, Type 2"
CDK4,"Diabetes Mellitus, Type 2"
CCL5,"Diabetes Mellitus, Type 2"
IDE,Diabetes Mellitus
LPL,Diabetic Nephropathies
TP53,"Diabetes Mellitus, Type 1"
CD14,"Diabetes Mellitus, Type 2"
SERPINE1,Diabetes
AGT,Diabetes
PDX1,Diabetes
ADIPOQ,Diabetes
HMGCR,Diabetes Mellitus
HNF1A,Diabetic Nephropathies
PRRC2A,"Diabetes Mellitus, Type 1"
PGM1,"Diabetes Mellitus, Type 1"
NFKBIL1,"Diabetes Mellitus, Type 1"
KIR3DL3,"Diabetes Mellitus, Type 1"
LTA,Diabetic Retinopathy
PKLR,"Diabetes Mellitus, Type 2"
DUSP12,"Diabetes Mellitus, Type 2"
NQO1,"Diabetes Mellitus, Type 2"
ADIPOR2,Diabetes Mellitus
NOS2,Diabetic Nephropathies
UCP2,Diabetic Neuropathies
ITGA2,Diabetic Retinopathy
HFE,"Diabetes, Gestational"
HLA-DQB2,Diabetes
UCP2,Diabetes
INS-IGF2,autoimmune diabetes
LIPC,Diabetic Nephropathies
AGER,Diabetes Complications
CD36,Diabetes Mellitus
UTS2R,"Diabetes Mellitus, Type 2"
GSTT1,Diabetic Nephropathies
NPY,"Diabetes Mellitus, Type 1"
TNFRSF25,"Diabetes Mellitus, Type 1"
LEPR,"Diabetes Mellitus, Type 1"
KIR2DL4,"Diabetes Mellitus, Type 1"
RASGRP1,"Diabetes Mellitus, Type 1"
KIAA1109,"Diabetes Mellitus, Type 1"
HLA-DRB1,Diabetic Retinopathy
APOC2,"Diabetes Mellitus, Type 2"
IL4R,"Diabetes Mellitus, Type 2"
CYP11B2,"Diabetes Mellitus, Type 2"
TMEM18,"Diabetes Mellitus, Type 2"
HLA-DRB5,"Diabetes, Gestational"
ADIPOR1,Diabetes Mellitus
AKR1B10,Diabetic Retinopathy
RETN,Diabetes Mellitus
IL18,Diabetes Mellitus
SERPINE1,Diabetic Retinopathy
PPARG,Diabetic Retinopathy
GAD1,Diabetes
VEGFA,Proliferative diabetic retinopathy
CAPN10,Insulin Resistance
PON1,Insulin Resistance
NR3C1,Insulin Resistance
MTTP,Insulin Resistance
MTNR1B,Insulin Resistance
ADIPOR2,Insulin Resistance
ADIPOR1,Insulin Resistance
PNPLA3,Insulin Resistance
UCP2,Insulin Resistance
MTHFR,Insulin Resistance
IL6,Diabetes Complications
HFE,Diabetes Complications
F5,Diabetes Complications
F2,Diabetes Complications
ACE,Diabetic Neuropathies
KIR3DL2,"Diabetes Mellitus, Type 1"
ADAD1,"Diabetes Mellitus, Type 1"
PSMG2,"Diabetes Mellitus, Type 1"
FGB,"Diabetes Mellitus, Type 2"
HLA-C,"Diabetes Mellitus, Type 2"
TRNK,"Diabetes Mellitus, Type 2"
ND3,"Diabetes Mellitus, Type 2"
LCAT,"Diabetes Mellitus, Type 2"
ARMS2,"Diabetes Mellitus, Type 2"
ADAM30,"Diabetes Mellitus, Type 2"
NEGR1,"Diabetes Mellitus, Type 2"
TIMP4,"Diabetes Mellitus, Type 2"
KCNQ1,Diabetes Mellitus
IL13,"Diabetes Mellitus, Type 1"
TRIB3,"Diabetes Mellitus, Type 2"
ACE2,"Diabetes Mellitus, Type 2"
APOA5,Diabetes Mellitus
TLR4,Diabetes Mellitus
HNF1B,Diabetes
AGER,Diabetes Mellitus
HPSE,Diabetic Nephropathies
IL7R,"Diabetes Mellitus, Type 1"
CD40,"Diabetes Mellitus, Type 1"
ADA,"Diabetes Mellitus, Type 2"
EDN1,Diabetes Mellitus
HLA-A,Diabetes Mellitus
CCL5,Diabetic Nephropathies
VEGFA,Diabetic Neuropathies
SLC2A1,"Diabetes Mellitus, Type 1"
AVP,Congenital nephrogenic diabetes insipidus
HNF1B,Mason-Type Diabetes
GLUL,"Diabetes Mellitus, Type 1"
ISG20,"Diabetes Mellitus, Type 1"
AKR1B1,Diabetes Mellitus
SOD1,Diabetic Nephropathies
CCL2,"Diabetes Mellitus, Type 1"
TCF7,"Diabetes Mellitus, Type 1"
BCHE,"Diabetes Mellitus, Type 2"
AHSG,"Diabetes Mellitus, Type 2"
NRF1,"Diabetes Mellitus, Type 2"
PCK2,"Diabetes Mellitus, Type 2"
LIPC,Diabetes Mellitus
GPX1,Diabetes Mellitus
INS-IGF2,"Diabetes Mellitus, Permanent Neonatal"
ALB,"Diabetes Mellitus, Type 1"
RBP4,"Diabetes, Gestational"
ALDH2,Diabetes Mellitus
ICOS,"Diabetes Mellitus, Type 1"
FOXC2,"Diabetes Mellitus, Type 2"
BTC,"Diabetes Mellitus, Type 2"
SGK1,"Diabetes Mellitus, Type 2"
APOA2,"Diabetes Mellitus, Type 2"
IGFBP1,"Diabetes Mellitus, Type 2"
GLO1,"Diabetes Mellitus, Type 2"
CNDP1,"Diabetes Mellitus, Type 2"
SLC22A1,"Diabetes Mellitus, Type 2"
PRKAA2,"Diabetes Mellitus, Type 2"
LEPROT,"Diabetes Mellitus, Type 2"
KCNQ1,"Diabetes, Gestational"
PTPN1,Diabetes Mellitus
IFNG,"Diabetes Mellitus, Type 2"
PSMD9,"Diabetes Mellitus, Type 2"
NOS1AP,Diabetes Mellitus
HLA-DRB4,Diabetes Mellitus
ATN1,autoimmune diabetes
TXNIP,Diabetes Mellitus
MPO,Diabetic Nephropathies
IL10,Diabetic Nephropathies
ABO,"Diabetes Mellitus, Type 1"
PTPRC,"Diabetes Mellitus, Type 1"
SOCS1,"Diabetes Mellitus, Type 1"
PTEN,"Diabetes Mellitus, Type 2"
PARP1,"Diabetes Mellitus, Type 2"
ARHGEF11,"Diabetes Mellitus, Type 2"
MT1A,"Diabetes Mellitus, Type 2"
RAPGEF1,"Diabetes Mellitus, Type 2"
GHSR,"Diabetes Mellitus, Type 2"
F2,"Diabetes Mellitus, Type 2"
SELP,"Diabetes Mellitus, Type 2"
MBL2,"Diabetes Mellitus, Type 2"
IL2RA,"Diabetes Mellitus, Type 2"
STK11,"Diabetes Mellitus, Type 2"
ARAP1,"Diabetes Mellitus, Type 2"
IGF2BP2,"Diabetes, Gestational"
MOK,Diabetes Mellitus
IL1B,Diabetes Mellitus
GSTP1,Diabetes Mellitus
SDC2,Diabetic Nephropathies
SELL,"Diabetes Mellitus, Type 2"
TFAP2B,"Diabetes Mellitus, Type 2"
MGEA5,"Diabetes Mellitus, Type 2"
HLA-DRB4,Diabetes
NOS3,Diabetes
GAD1,"Diabetes Mellitus, Type 2"
CCL2,Diabetes Mellitus
FGF21,"Diabetes Mellitus, Type 2"
NAMPT,Diabetes Mellitus
THBS1,Diabetic Nephropathies
GFPT1,Diabetic Nephropathies
NR3C1,Diabetes Mellitus
SLC47A1,Diabetes Mellitus
THADA,Diabetes Mellitus
CYP3A4,Diabetes Mellitus
APOE,Diabetic Neuropathies
CYBA,"Diabetes Mellitus, Type 1"
TH,"Diabetes Mellitus, Type 1"
IRF5,"Diabetes Mellitus, Type 1"
NLRP1,"Diabetes Mellitus, Type 1"
CAPSL,"Diabetes Mellitus, Type 1"
SPP1,"Diabetes Mellitus, Type 1"
DRD2,"Diabetes Mellitus, Type 2"
STX1A,"Diabetes Mellitus, Type 2"
PYY,"Diabetes Mellitus, Type 2"
PBX1,"Diabetes Mellitus, Type 2"
NR0B2,"Diabetes Mellitus, Type 2"
ITGB3,"Diabetes Mellitus, Type 2"
NR1H2,"Diabetes Mellitus, Type 2"
TRPM6,"Diabetes Mellitus, Type 2"
TNMD,"Diabetes Mellitus, Type 2"
CACNA1E,"Diabetes Mellitus, Type 2"
BTC,"Diabetes Mellitus, Type 1"
ADIPOQ,Diabetic Retinopathy
SOD3,"Diabetes Mellitus, Type 2"
PCBD1,"Diabetes Mellitus, Type 2"
PINK1,"Diabetes Mellitus, Type 2"
PRKAB2,"Diabetes Mellitus, Type 2"
TGM2,"Diabetes Mellitus, Type 2"
HP,Diabetes
PON1,Diabetes
REN,Diabetes
SEC14L3,"Diabetes Mellitus, Type 1"
INS,Diabetic Retinopathy
GH1,Diabetes Mellitus
TNFRSF11B,Diabetes Mellitus
IDDM17,Diabetes Mellitus
PRKCB,Diabetes Mellitus
TLR2,Diabetes Mellitus
GJA1,Diabetic Nephropathies
NPPB,Diabetic Nephropathies
JAZF1,Diabetes Mellitus
SLC22A1,Diabetes Mellitus
TSPAN8,Diabetes Mellitus
SOX2,Diabetic Nephropathies
CD4,"Diabetes Mellitus, Type 1"
TAF5L,"Diabetes Mellitus, Type 1"
LPL,"Diabetes Mellitus, Type 1"
SOCS3,"Diabetes Mellitus, Type 1"
MYO9B,"Diabetes Mellitus, Type 1"
CTGF,"Diabetes Mellitus, Type 1"
TNFAIP3,"Diabetes Mellitus, Type 1"
KIR2DS2,"Diabetes Mellitus, Type 1"
IL23R,"Diabetes Mellitus, Type 1"
SOX2,"Diabetes Mellitus, Type 1"
NPY,Diabetic Retinopathy
GFPT1,"Diabetes Mellitus, Type 2"
GFPT2,"Diabetes Mellitus, Type 2"
CYP2J2,"Diabetes Mellitus, Type 2"
SPINK1,"Diabetes Mellitus, Type 2"
SDC2,"Diabetes Mellitus, Type 2"
SCARB1,"Diabetes Mellitus, Type 2"
OPRM1,"Diabetes Mellitus, Type 2"
LARS2,"Diabetes Mellitus, Type 2"
KLF7,"Diabetes Mellitus, Type 2"
FABP6,"Diabetes Mellitus, Type 2"
IL13,"Diabetes Mellitus, Type 2"
EPO,"Diabetes Mellitus, Type 2"
TRPM7,"Diabetes Mellitus, Type 2"
PLTP,"Diabetes Mellitus, Type 2"
FADS1,"Diabetes Mellitus, Type 2"
AHI1,"Diabetes Mellitus, Type 2"
PCSK9,"Diabetes Mellitus, Type 2"
SLC22A2,"Diabetes Mellitus, Type 2"
CAPN10,"Diabetes, Gestational"
NLRP3,"Diabetes Insipidus, Neurogenic"
PON1,Diabetic Angiopathies
GHRL,Diabetic Nephropathies
PLEKHH2,Diabetic Nephropathies
NPY,Diabetic Nephropathies
LRRC7,Diabetic Nephropathies
KIRREL,Diabetic Nephropathies
UCP3,Diabetic Neuropathies
PARP1,Diabetic Neuropathies
NUDT1,"Diabetes Mellitus, Type 1"
SUMO4,Diabetic Retinopathy
CMA1,"Diabetes Mellitus, Type 2"
PLA2G4A,"Diabetes Mellitus, Type 2"
PDX1,"Diabetes, Gestational"
SIRT1,Diabetes Mellitus
SLC30A10,Diabetes Mellitus
IRS1,Diabetes
AGER,Diabetic Neuropathies
IL6,Diabetic Retinopathy
NAMPT,"Diabetes, Gestational"
NOTCH2,Diabetes Mellitus
CDC123,Diabetes Mellitus
LGR5,Diabetes Mellitus
ABCB1,Diabetes Mellitus
CYP3A5,Diabetes Mellitus
ADAMTS9,Diabetes Mellitus
LEPR,Pregnancy in Diabetics
LEP,Pregnancy in Diabetics
PCSK1,Diabetic Nephropathies
HLA-DRB1,Diabetic Ketoacidosis
XYLT2,"Diabetes Mellitus, Type 1"
HNF1B,"Diabetes Mellitus, Type 1"
MSH5,"Diabetes Mellitus, Type 1"
LPP,"Diabetes Mellitus, Type 1"
HSPA1L,"Diabetes Mellitus, Type 1"
GNB3,"Diabetes Mellitus, Type 1"
AGTR2,"Diabetes Mellitus, Type 1"
CNDP2,"Diabetes Mellitus, Type 1"
TAGAP,"Diabetes Mellitus, Type 1"
SUOX,"Diabetes Mellitus, Type 1"
BTNL2,"Diabetes Mellitus, Type 1"
PHTF1,"Diabetes Mellitus, Type 1"
GSDMB,"Diabetes Mellitus, Type 1"
ADRB3,Diabetic Retinopathy
PON2,Diabetic Retinopathy
FABP3,"Diabetes Mellitus, Type 2"
CYP1A1,"Diabetes Mellitus, Type 2"
RXRG,"Diabetes Mellitus, Type 2"
KLF5,"Diabetes Mellitus, Type 2"
KLF2,"Diabetes Mellitus, Type 2"
KLF4,"Diabetes Mellitus, Type 2"
INSRR,"Diabetes Mellitus, Type 2"
UGT1A1,"Diabetes Mellitus, Type 2"
DBI,"Diabetes Mellitus, Type 2"
NPHS1,"Diabetes Mellitus, Type 2"
MPO,"Diabetes Mellitus, Type 2"
C4orf32,"Diabetes Mellitus, Type 2"
CXCR4,"Diabetes Mellitus, Type 2"
CSF2,"Diabetes Mellitus, Type 2"
SLCO1B1,"Diabetes Mellitus, Type 2"
PTPRD,"Diabetes Mellitus, Type 2"
ZFAND6,"Diabetes Mellitus, Type 2"
NOD2,"Diabetes Mellitus, Type 2"
IL12B,"Diabetes Mellitus, Type 2"
DGKB,"Diabetes Mellitus, Type 2"
ADH1B,"Diabetes Mellitus, Type 2"
LPIN2,"Diabetes Mellitus, Type 2"
HLA-E,"Diabetes, Gestational"
SLC2A10,"Diabetes Mellitus, Type 2"
IRS1,"Diabetes, Gestational"
AGT,Diabetic Angiopathies
TCF7L2,Diabetic Angiopathies
SOD1,Diabetic Angiopathies
LTA,Diabetes Complications
AKR1B1,Diabetes Complications
MPO,Diabetes Complications
ALDH2,"Diabetes Mellitus, Type 1"
SELE,Diabetic Retinopathy
HGF,"Diabetes Mellitus, Type 2"
PTPRS,"Diabetes Mellitus, Type 2"
ENPP1,Diabetes Mellitus
RENBP,Diabetes Mellitus
SLC2A4,Diabetes Mellitus
CD36,Diabetes
CTLA4,Diabetes
SLC2A4,Diabetes
SIRT1,Diabetes
SLC30A10,Diabetes
MAP4K2,Mason-Type Diabetes
INSR,Insulin resistance - type A
DPP4,"Diabetes Mellitus, Type 2"
LIPE,"Diabetes Mellitus, Type 2"
DIO2,Insulin Resistance
CYBA,Insulin Resistance
TH,Insulin Resistance
IGF1,Insulin Resistance
GCKR,Insulin Resistance
AGTR1,Insulin Resistance
G6PC2,Insulin Resistance
IGF2BP2,Insulin Resistance
CDKAL1,Insulin Resistance
APOA5,Insulin Resistance
SCARB1,Insulin Resistance
ABCG5,Insulin Resistance
VDR,Insulin Resistance
TGFB1,Insulin Resistance
STAT3,Insulin Resistance
SHBG,Insulin Resistance
PPARD,Insulin Resistance
APOB,Insulin Resistance
IL18,Insulin Resistance
ICAM1,Insulin Resistance
GNB3,Insulin Resistance
AGT,Insulin Resistance
ABCA1,Insulin Resistance
PDE4D,Diabetes Mellitus
CAMK1D,Diabetes Mellitus
PPARG,Diabetic Angiopathies
SOD2,Diabetic Angiopathies
PTGS2,Diabetes Complications
PPARG,Diabetes Complications
LPL,Diabetes Complications
MOK,Diabetes Complications
SOD2,Diabetes Complications
HLA-DQB1,Diabetic Ketoacidosis
NOS2,Diabetic Neuropathies
PON2,"Diabetes Mellitus, Type 1"
PADI4,"Diabetes Mellitus, Type 1"
NOTCH4,"Diabetes Mellitus, Type 1"
SMAD3,"Diabetes Mellitus, Type 1"
PSRC1,"Diabetes Mellitus, Type 1"
CLIC1,"Diabetes Mellitus, Type 1"
CARS,"Diabetes Mellitus, Type 1"
C6orf10,"Diabetes Mellitus, Type 1"
TYK2,"Diabetes Mellitus, Type 1"
TNXB,"Diabetes Mellitus, Type 1"
RGS1,"Diabetes Mellitus, Type 1"
GNB3,Diabetic Retinopathy
AR,Diabetic Retinopathy
HFE2,"Diabetes Mellitus, Type 2"
EPHX2,"Diabetes Mellitus, Type 2"
CASP9,"Diabetes Mellitus, Type 2"
KLF15,"Diabetes Mellitus, Type 2"
TPMT,"Diabetes Mellitus, Type 2"
KLF16,"Diabetes Mellitus, Type 2"
KIR2DL3,"Diabetes Mellitus, Type 2"
KIR2DS4,"Diabetes Mellitus, Type 2"
MS4A2,"Diabetes Mellitus, Type 2"
LTC4S,"Diabetes Mellitus, Type 2"
TRNR,"Diabetes Mellitus, Type 2"
TRNQ,"Diabetes Mellitus, Type 2"
ND4,"Diabetes Mellitus, Type 2"
ND2,"Diabetes Mellitus, Type 2"
COX1,"Diabetes Mellitus, Type 2"
IL5RA,"Diabetes Mellitus, Type 2"
GCLM,"Diabetes Mellitus, Type 2"
C5,"Diabetes Mellitus, Type 2"
SCGB1A1,"Diabetes Mellitus, Type 2"
CCL11,"Diabetes Mellitus, Type 2"
SCNN1A,"Diabetes Mellitus, Type 2"
MVK,"Diabetes Mellitus, Type 2"
MADD,"Diabetes Mellitus, Type 2"
SEC16B,"Diabetes Mellitus, Type 2"
APOC4,"Diabetes Mellitus, Type 2"
APOC1,"Diabetes Mellitus, Type 2"
ICAM4,"Diabetes Mellitus, Type 2"
ANGPTL3,"Diabetes Mellitus, Type 2"
ETV5,"Diabetes Mellitus, Type 2"
ERBB3,"Diabetes Mellitus, Type 2"
NAA25,"Diabetes Mellitus, Type 2"
IL23R,"Diabetes Mellitus, Type 2"
NYAP2,"Diabetes Mellitus, Type 2"
HLA-DRB4,"Diabetes, Gestational"
HLA-DQA1,"Diabetes, Gestational"
MMP2,Diabetes Mellitus
AIRE,"Diabetes Mellitus, Type 1"
CTSB,"Diabetes Mellitus, Type 2"
CDK5,"Diabetes Mellitus, Type 2"
IRS2,Diabetes Mellitus
OR10A4,Diabetes Mellitus
IRS2,Diabetes
SEC14L2,"Diabetes Mellitus, Type 1"
INS-IGF2,Diabetic Retinopathy
EHMT1,"Diabetes Mellitus, Type 2"
ZGLP1,"Diabetes Mellitus, Type 2"
BCHE,Diabetes Mellitus
ABCA1,Diabetes Mellitus
HSPD1,Diabetes Mellitus
TP53,Diabetes Mellitus
ACE,Proliferative diabetic retinopathy
HLA-DOA,"Diabetes Mellitus, Type 1"
ATF6,"Diabetes Mellitus, Type 2"
POMC,"Diabetes Mellitus, Type 2"
FFAR1,"Diabetes Mellitus, Type 2"
INSR,"Diabetes, Gestational"
IAPP,Diabetes
ENPP1,Diabetes
RENBP,Diabetes
RETN,Diabetes
LINC00914,"Diabetes Mellitus, Type 2"
MMP9,Diabetic Nephropathies
REG1A,"Diabetes Mellitus, Type 1"
AQP2,Diabetes Insipidus
LDLR,Diabetes Mellitus
PTPN22,Diabetes Mellitus
LTA,Diabetes Mellitus
MC4R,Diabetes Mellitus
GNB3,Diabetes Mellitus
ARNT,"Diabetes Mellitus, Type 2"
GSTK1,"Diabetes Mellitus, Type 2"
AQP2,Congenital nephrogenic diabetes insipidus
PDHX,Diabetes Mellitus
IL4,Diabetes
WFS1,Diabetes
INS-IGF2,Diabetic Ketoacidosis
CD59,"Diabetes Mellitus, Type 2"
WARS,"Diabetes Mellitus, Type 2"
MMP2,Diabetic Nephropathies
DCN,Diabetic Nephropathies
SGK1,Diabetic Nephropathies
IL2,Diabetes Mellitus
IGF2,Diabetes Mellitus
PCK1,Diabetes Mellitus
MTNR1B,Diabetes Mellitus
HLA-B,Diabetes Mellitus
FOXO1,Diabetes Mellitus
PPARGC1B,Diabetes Mellitus
ADH1B,Diabetes Mellitus
DCN,"Diabetes Mellitus, Type 1"
INSR,"Diabetes Mellitus, Type 1"
TCF7L2,"Diabetes Mellitus, Type 1"
HLA-DRB1,autoimmune diabetes
ISL1,"Diabetes Mellitus, Type 2"
PRKAB1,"Diabetes Mellitus, Type 2"
ACACB,"Diabetes Mellitus, Type 2"
MAF,"Diabetes Mellitus, Type 2"
CDKAL1,"Diabetes, Gestational"
MAP4K2,Diabetes Mellitus
UCP3,Diabetes Mellitus
HLA-A,Diabetes
GEM,"Diabetes Mellitus, Type 1"
PGC,"Diabetes Mellitus, Type 2"
MAP4K2,"Diabetes Mellitus, Type 2"
SLC14A2,"Diabetes Mellitus, Type 2"
ZBTB7C,"Diabetes Mellitus, Type 2"
DDIT3,Diabetes Mellitus
SPINK1,Diabetes Mellitus
SELE,Diabetes Mellitus
GHRL,Diabetes Mellitus
GPD1,"Diabetes Mellitus, Type 2"
TXNIP,"Diabetes Mellitus, Type 2"
CRP,"Diabetes, Gestational"
CCL5,Diabetes Mellitus
CYP27B1,Diabetic Nephropathies
LPL,Insulin resistance syndrome
BCL2,"Diabetes Mellitus, Type 1"
ITGAM,"Diabetes Mellitus, Type 1"
TADA1,"Diabetes Mellitus, Type 1"
HLA-DQB1,autoimmune diabetes
NAT2,"Diabetes Mellitus, Type 2"
RRAD,"Diabetes Mellitus, Type 2"
APOM,"Diabetes Mellitus, Type 2"
MT2A,"Diabetes Mellitus, Type 2"
LPA,"Diabetes Mellitus, Type 2"
LCP1,"Diabetes Mellitus, Type 2"
CXCL8,"Diabetes Mellitus, Type 2"
HSPA1A,"Diabetes Mellitus, Type 2"
DDIT3,"Diabetes Mellitus, Type 2"
SERPINA12,"Diabetes Mellitus, Type 2"
TP53,"Diabetes Mellitus, Type 2"
PIK3CA,"Diabetes Mellitus, Type 2"
MYH9,"Diabetes Mellitus, Type 2"
MAPK8,"Diabetes Mellitus, Type 2"
FABP1,"Diabetes Mellitus, Type 2"
DUSP9,"Diabetes Mellitus, Type 2"
CRY2,"Diabetes Mellitus, Type 2"
CNR1,"Diabetes Mellitus, Type 2"
SLC12A3,"Diabetes Mellitus, Type 2"
KLF14,"Diabetes Mellitus, Type 2"
PPARG,Prediabetic State
ACP1,Diabetes Mellitus
GLO1,Diabetes Mellitus
LMNA,Diabetes Mellitus
MMP9,Diabetes Mellitus
EHMT1,Diabetes Mellitus
ZGLP1,Diabetes Mellitus
LINC00914,Diabetes Mellitus
ACP1,Diabetes
AGTR1,Diabetes
AKR1B1,Diabetes
EDN1,Diabetes
FN1,Diabetes
IFNG,Diabetes
IL10,Diabetes
PTPN1,Diabetes
MAP4K2,Diabetes
UCP3,Diabetes
PDHX,Diabetes
CDKAL1,Diabetes
EHMT1,Diabetes
ZGLP1,Diabetes
SLC30A10,"Diabetes Mellitus, Type 2"
TXN,Diabetes Mellitus
MT1A,Diabetes Mellitus
KIR2DS2,Diabetes Mellitus
BGLAP,Diabetes Mellitus
FXN,Diabetes Mellitus
IL18,Diabetic Nephropathies
THG1L,Diabetic Nephropathies
XYLT2,Diabetic Nephropathies
PON1,Diabetic Nephropathies
ARHGAP4,"Diabetes Insipidus, Nephrogenic"
CD1D,"Diabetes Mellitus, Type 1"
ABCG1,"Diabetes Mellitus, Type 2"
VIMP,"Diabetes Mellitus, Type 2"
SLC29A1,"Diabetes, Gestational"
MMP3,Diabetes Mellitus
PRKAB1,Diabetes Mellitus
PRKAA2,Diabetes Mellitus
PRKAA1,Diabetes Mellitus
PCK2,Diabetes Mellitus
MYH9,Diabetes Mellitus
APOA4,Diabetes Mellitus
PGM1,Diabetes Mellitus
INS,Diabetic Angiopathies
KNG1,Diabetic Nephropathies
MMP3,Diabetic Nephropathies
TBP,"Diabetes Mellitus, Type 1"
THY1,"Diabetes Mellitus, Type 1"
LRP5,"Diabetes Mellitus, Type 1"
NFKBIA,"Diabetes Mellitus, Type 1"
PRSS16,"Diabetes Mellitus, Type 1"
CIITA,"Diabetes Mellitus, Type 1"
HSPA1B,"Diabetes Mellitus, Type 1"
HSPA1A,"Diabetes Mellitus, Type 1"
MMP9,Diabetic Retinopathy
SDS,Diabetic Retinopathy
INSR,Insulin resistant diabetes
CLPS,"Diabetes Mellitus, Type 2"
PDK4,"Diabetes Mellitus, Type 2"
KCNJ9,"Diabetes Mellitus, Type 2"
VLDLR,"Diabetes Mellitus, Type 2"
PVT1,"Diabetes Mellitus, Type 2"
NR1H3,"Diabetes Mellitus, Type 2"
MC3R,"Diabetes Mellitus, Type 2"
CHI3L1,"Diabetes Mellitus, Type 2"
WNT5B,"Diabetes Mellitus, Type 2"
TFAM,"Diabetes Mellitus, Type 2"
RARRES2,"Diabetes Mellitus, Type 2"
POU2F1,"Diabetes Mellitus, Type 2"
NPC1,"Diabetes Mellitus, Type 2"
KCNJ15,"Diabetes Mellitus, Type 2"
TSC22D1,"Diabetes Mellitus, Type 2"
IGFBP3,"Diabetes Mellitus, Type 2"
FABP4,"Diabetes Mellitus, Type 2"
DDAH2,"Diabetes Mellitus, Type 2"
MLXIPL,"Diabetes Mellitus, Type 2"
ABCA4,"Diabetes Mellitus, Type 2"
ABCC8,"Diabetes, Gestational"
ACP1,"Diabetes, Gestational"
ADRB3,"Diabetes, Gestational"
CTGF,Diabetes Mellitus
EEF1A2,Diabetes Mellitus
PER1,Diabetes Mellitus
PGAP3,Diabetes Mellitus
PPIAP10,Diabetes Mellitus
AGER,Diabetes
EEF1A2,Diabetes
HFE,Diabetes
IDE,Diabetes
IL1B,Diabetes
LMNA,Diabetes
NEUROD1,Diabetes
PER1,Diabetes
CCL2,Diabetes
TXNIP,Diabetes
PGAP3,Diabetes
PPIAP10,Diabetes
NEUROD1,Mason-Type Diabetes
GCG,"Diabetes Mellitus, Type 1"
REN,"Diabetes Mellitus, Type 1"
MAP4K5,"Diabetes Mellitus, Type 2"
EXOSC4,"Diabetes Mellitus, Type 2"
GGT1,Diabetes Mellitus
HSPA1A,Diabetes Mellitus
IL13,Diabetes Mellitus
MPO,Diabetes Mellitus
ICAM1,Diabetes Mellitus
CYP2C9,Diabetes Mellitus
LPA,Diabetes Mellitus
AKT2,Diabetes Mellitus
AHSG,Diabetes Mellitus
TNFSF10,Diabetic Nephropathies
ADM,Diabetic Nephropathies
CALD1,Diabetic Nephropathies
IGF1,Diabetic Nephropathies
TNFRSF11B,Diabetic Nephropathies
TSC22D1,Diabetic Nephropathies
KLF6,Diabetic Nephropathies
CD74,Diabetic Nephropathies
CXCL8,"Diabetes Mellitus, Type 1"
APOA1,Diabetic Retinopathy
TIMP3,Diabetic Retinopathy
SST,Diabetic Retinopathy
TNFSF10,"Diabetes Mellitus, Type 2"
SHBG,"Diabetes, Gestational"
ND1,Diabetes Mellitus
IL6R,Diabetes Mellitus
ESR1,Diabetes Mellitus
PKLR,Diabetes Mellitus
ADH1C,Diabetes Mellitus
MAFA,Diabetes Mellitus
CASQ1,Diabetes Mellitus
USF1,Diabetes Mellitus
STK11,Diabetes Mellitus
PTPRD,Diabetes Mellitus
GATA3,Diabetes Mellitus
EDN1,Diabetic Nephropathies
SLC2A2,Diabetic Nephropathies
ENTPD1,Diabetic Nephropathies
PVT1,Diabetic Nephropathies
HFE,Diabetic Nephropathies
CCR1,Diabetic Nephropathies
FRMD3,Diabetic Nephropathies
ERBB4,Diabetic Nephropathies
CALD1,"Diabetes Mellitus, Type 1"
TLR3,"Diabetes Mellitus, Type 1"
TNFRSF1A,"Diabetes Mellitus, Type 1"
XYLT1,"Diabetes Mellitus, Type 1"
CD274,"Diabetes Mellitus, Type 1"
CYP24A1,"Diabetes Mellitus, Type 1"
RUNX1,"Diabetes Mellitus, Type 1"
KIF5A,"Diabetes Mellitus, Type 1"
IDE,"Diabetes Mellitus, Type 1"
DDX39B,"Diabetes Mellitus, Type 1"
APOM,"Diabetes Mellitus, Type 1"
TXN,"Diabetes Mellitus, Type 1"
PRKCSH,"Diabetes Mellitus, Type 1"
MIF,"Diabetes Mellitus, Type 1"
SIAE,"Diabetes Mellitus, Type 1"
ACE2,"Diabetes Mellitus, Type 1"
TBX21,"Diabetes Mellitus, Type 1"
IL2RB,"Diabetes Mellitus, Type 1"
SLC2A1,Diabetic Retinopathy
TGFB1,Diabetic Retinopathy
APOD,"Diabetes Mellitus, Type 2"
REG1A,"Diabetes Mellitus, Type 2"
PDE3B,"Diabetes Mellitus, Type 2"
IGF2R,"Diabetes Mellitus, Type 2"
ONECUT1,"Diabetes Mellitus, Type 2"
ALX4,"Diabetes Mellitus, Type 2"
PREX1,"Diabetes Mellitus, Type 2"
APPL1,"Diabetes Mellitus, Type 2"
ALOX12,"Diabetes Mellitus, Type 2"
CNDP2,"Diabetes Mellitus, Type 2"
GPBAR1,"Diabetes Mellitus, Type 2"
PARL,"Diabetes Mellitus, Type 2"
CCR2,"Diabetes Mellitus, Type 2"
SIRT3,"Diabetes Mellitus, Type 2"
BMP4,"Diabetes Mellitus, Type 2"
RUNX2,"Diabetes Mellitus, Type 2"
SRR,"Diabetes Mellitus, Type 2"
MMP2,"Diabetes Mellitus, Type 2"
ALOX5,"Diabetes Mellitus, Type 2"
DDAH1,"Diabetes Mellitus, Type 2"
FRMD3,"Diabetes Mellitus, Type 2"
DOK5,"Diabetes Mellitus, Type 2"
TH,"Diabetes Mellitus, Type 2"
TFRC,"Diabetes Mellitus, Type 2"
SNAP23,"Diabetes Mellitus, Type 2"
SLC27A4,"Diabetes Mellitus, Type 2"
ARHGEF12,"Diabetes Mellitus, Type 2"
SDS,"Diabetes Mellitus, Type 2"
HDAC9,"Diabetes Mellitus, Type 2"
PTPRU,"Diabetes Mellitus, Type 2"
ANK1,"Diabetes Mellitus, Type 2"
IGF2,"Diabetes, Gestational"
SERPINE1,"Diabetes, Gestational"
IL10,"Diabetes, Gestational"
ADA,Diabetes Mellitus
CSRP1,Diabetes Mellitus
DPP4,Diabetes Mellitus
GCNT2,Diabetes Mellitus
GLUL,Diabetes Mellitus
NFE2L2,Diabetes Mellitus
SLC2A2,Diabetes Mellitus
EXOSC4,Diabetes Mellitus
CSRP1,Diabetes
CTGF,Diabetes
DPP4,Diabetes
GLO1,Diabetes
LPL,Diabetes
NFE2L2,Diabetes
EXOSC4,Diabetes
ADIPOR2,Diabetes
IFNAR1,"Diabetes Insipidus, Neurogenic"
PLAGL1,Transient neonatal diabetes mellitus
INS,Insulin resistance - type A
INS-IGF2,Insulin resistance - type A
LINC00914,Diabetic Retinopathy
POLR2D,"Diabetes Mellitus, Type 2"
HPGDS,"Diabetes Mellitus, Type 2"
SERPINA1,Diabetes Mellitus
CD163,Diabetes Mellitus
IMPDH2,Diabetes Mellitus
IGFBP7,Diabetes Mellitus
SLC5A3,Diabetes Mellitus
PBX1,Diabetes Mellitus
KIR2DL2,Diabetes Mellitus
APLN,Diabetes Mellitus
AOC3,Diabetic Angiopathies
ADM,Diabetic Angiopathies
HNF1B,Diabetic Nephropathies
FABP1,Diabetic Nephropathies
THBD,Diabetic Nephropathies
NCALD,Diabetic Nephropathies
UCP3,Diabetic Nephropathies
UCP1,Diabetic Nephropathies
MIF,Diabetic Nephropathies
RBP4,Diabetic Nephropathies
FLT1,Diabetic Nephropathies
UCP2,Diabetic Nephropathies
TGFBR1,Diabetic Nephropathies
NOX1,Diabetic Nephropathies
SELL,Diabetic Nephropathies
APOA5,Diabetic Nephropathies
KCNJ11,Diabetic Ketoacidosis
NPY,Diabetic Neuropathies
CPE,"Diabetes Mellitus, Type 1"
GDNF,Diabetic Retinopathy
TNC,Diabetic Retinopathy
PTGS2,Diabetic Retinopathy
LMX1A,"Diabetes Mellitus, Type 2"
IP6K1,"Diabetes Mellitus, Type 2"
GIP,"Diabetes, Gestational"
IL1B,"Diabetes, Gestational"
ATF6,Prediabetic State
AVP,Diabetes Mellitus
PPP1R3A,Diabetes Mellitus
PLAGL1,Diabetes Mellitus
HLA-DRB5,Diabetes Mellitus
HLA-C,Diabetes Mellitus
PDGFD,Diabetes Mellitus
CLPS,Diabetes Mellitus
INSIG2,Diabetes Mellitus
SERPINA3,Diabetes Mellitus
CASP8,Diabetes Mellitus
FAS,Diabetes Mellitus
PRKAG2,Diabetes Mellitus
MEF2A,Diabetes Mellitus
ALOX5,Diabetes Mellitus
EXT2,Diabetes Mellitus
CREB1,Diabetes Mellitus
COMT,Diabetes Mellitus
ASAP1,Diabetes Mellitus
FBN2,Diabetes Mellitus
CISD2,Diabetes Mellitus
PTPRT,Diabetes Mellitus
ADAM10,Diabetes Mellitus
CAT,Diabetic Angiopathies
REN,Diabetic Angiopathies
APOE,Diabetic Angiopathies
TNF,Diabetic Angiopathies
AVP,Diabetes
PPP1R3A,Diabetes
HSPA1B,Diabetic Foot
NOS3,Diabetic Foot
MTHFR,Pregnancy in Diabetics
HSD11B2,Diabetic Nephropathies
LTA,Diabetic Nephropathies
SMAD3,Diabetic Nephropathies
EPO,Diabetic Nephropathies
PHLPP1,Diabetic Nephropathies
CYP2R1,Diabetic Nephropathies
ZNF236,Diabetic Nephropathies
PRKCSH,Diabetic Nephropathies
LGALS3,Diabetic Nephropathies
HMCN1,Diabetic Nephropathies
IL1R1,Diabetic Nephropathies
HLA-DRB1,Diabetic Nephropathies
GNB3,Diabetic Nephropathies
MCF2L2,Diabetic Nephropathies
DDOST,Diabetic Nephropathies
CARS,Diabetic Nephropathies
UMOD,Diabetic Nephropathies
BMP4,Diabetic Nephropathies
BMP2,Diabetic Nephropathies
SCAF4,Diabetic Nephropathies
LIMK2,Diabetic Nephropathies
SYK,Diabetic Nephropathies
UCP2,Proliferative diabetic retinopathy
CXCL12,Proliferative diabetic retinopathy
AVP,Familial diabetes insipidus
CANX,"Diabetes Insipidus, Nephrogenic"
MTHFR,Diabetic Neuropathies
TNFRSF11B,Diabetic Neuropathies
GALNT3,"Diabetes Mellitus, Type 1"
G6PD,"Diabetes Mellitus, Type 1"
FADD,"Diabetes Mellitus, Type 1"
ETS1,"Diabetes Mellitus, Type 1"
CR1,"Diabetes Mellitus, Type 1"
CD3E,"Diabetes Mellitus, Type 1"
SLC9A1,"Diabetes Mellitus, Type 1"
PDCD2,"Diabetes Mellitus, Type 1"
NQO1,"Diabetes Mellitus, Type 1"
NAT2,"Diabetes Mellitus, Type 1"
LST1,"Diabetes Mellitus, Type 1"
TNFRSF1B,"Diabetes Mellitus, Type 1"
TNFRSF8,"Diabetes Mellitus, Type 1"
TNFSF8,"Diabetes Mellitus, Type 1"
IGFBP5,"Diabetes Mellitus, Type 1"
PLAU,"Diabetes Mellitus, Type 1"
IL21R,"Diabetes Mellitus, Type 1"
HSPG2,"Diabetes Mellitus, Type 1"
NPPA,"Diabetes Mellitus, Type 1"
DAXX,"Diabetes Mellitus, Type 1"
MTPAP,"Diabetes Mellitus, Type 1"
RXRB,"Diabetes Mellitus, Type 1"
SLC22A5,"Diabetes Mellitus, Type 1"
SOCS5,"Diabetes Mellitus, Type 1"
TAPBP,"Diabetes Mellitus, Type 1"
IFNW1,"Diabetes Mellitus, Type 1"
IRF8,"Diabetes Mellitus, Type 1"
NRP1,"Diabetes Mellitus, Type 1"
NPHS1,"Diabetes Mellitus, Type 1"
MTRR,"Diabetes Mellitus, Type 1"
CXCL9,"Diabetes Mellitus, Type 1"
FAM167A,"Diabetes Mellitus, Type 1"
ERAP1,"Diabetes Mellitus, Type 1"
IKZF4,"Diabetes Mellitus, Type 1"
HLA-G,"Diabetes Mellitus, Type 1"
HHEX,"Diabetes Mellitus, Type 1"
B4GALNT1,"Diabetes Mellitus, Type 1"
G6PC,"Diabetes Mellitus, Type 1"
DLK1,"Diabetes Mellitus, Type 1"
ADRB2,"Diabetes Mellitus, Type 1"
DEFB1,"Diabetes Mellitus, Type 1"
DDAH2,"Diabetes Mellitus, Type 1"
ADD2,"Diabetes Mellitus, Type 1"
COL11A2,"Diabetes Mellitus, Type 1"
BTLA,"Diabetes Mellitus, Type 1"
CFTR,"Diabetes Mellitus, Type 1"
HAVCR2,"Diabetes Mellitus, Type 1"
BANK1,"Diabetes Mellitus, Type 1"
ELMO1,"Diabetes Mellitus, Type 1"
MIOX,"Diabetes Mellitus, Type 1"
UNC13B,"Diabetes Mellitus, Type 1"
BTN3A2,"Diabetes Mellitus, Type 1"
RNLS,"Diabetes Mellitus, Type 1"
COBL,"Diabetes Mellitus, Type 1"
MEG3,"Diabetes Mellitus, Type 1"
ORMDL3,"Diabetes Mellitus, Type 1"
PVT1,"Diabetes Mellitus, Type 1"
MICB,"Diabetes Mellitus, Type 1"
CCNY,"Diabetes Mellitus, Type 1"
NLRP3,"Diabetes Mellitus, Type 1"
APOA4,"Diabetes Mellitus, Type 1"
HERC2,"Diabetes Mellitus, Type 1"
MCF2L2,"Diabetes Mellitus, Type 1"
FCGR3A,"Diabetes Mellitus, Type 1"
FCGR2A,"Diabetes Mellitus, Type 1"
DDOST,"Diabetes Mellitus, Type 1"
CUBN,"Diabetes Mellitus, Type 1"
PARP1,"Diabetes Mellitus, Type 1"
CTSV,"Diabetes Mellitus, Type 1"
CDKN2B,"Diabetes Mellitus, Type 1"
IL26,"Diabetes Mellitus, Type 1"
ICOSLG,"Diabetes Mellitus, Type 1"
CCR3,"Diabetes Mellitus, Type 1"
UMOD,"Diabetes Mellitus, Type 1"
TNFSF15,"Diabetes Mellitus, Type 1"
BMP2,"Diabetes Mellitus, Type 1"
RBM17,"Diabetes Mellitus, Type 1"
ACTN4,"Diabetes Mellitus, Type 1"
CCR1,"Diabetes Mellitus, Type 1"
KIRREL,"Diabetes Mellitus, Type 1"
NPHS2,"Diabetes Mellitus, Type 1"
HLA-DOB,"Diabetes Mellitus, Type 1"
TNFRSF11B,"Diabetes Mellitus, Type 1"
CUX2,"Diabetes Mellitus, Type 1"
PECAM1,Diabetic Retinopathy
MMP2,Diabetic Retinopathy
HTRA1,Diabetic Retinopathy
SERPINF1,Diabetic microangiopathy
CDKN1C,"Diabetes Mellitus, Type 2"
CCKBR,"Diabetes Mellitus, Type 2"
CCK,"Diabetes Mellitus, Type 2"
CFB,"Diabetes Mellitus, Type 2"
ANXA1,"Diabetes Mellitus, Type 2"
ABCB1,"Diabetes Mellitus, Type 2"
SRD5A2,"Diabetes Mellitus, Type 2"
SLC19A2,"Diabetes Mellitus, Type 2"
SHC1,"Diabetes Mellitus, Type 2"
NEUROD4,"Diabetes Mellitus, Type 2"
MGST3,"Diabetes Mellitus, Type 2"
LRPAP1,"Diabetes Mellitus, Type 2"
KLF1,"Diabetes Mellitus, Type 2"
IRS4,"Diabetes Mellitus, Type 2"
CYP3A5,"Diabetes Mellitus, Type 2"
ITGA1,"Diabetes Mellitus, Type 2"
SORBS1,"Diabetes Mellitus, Type 2"
CDK11A,"Diabetes Mellitus, Type 2"
EXOG,"Diabetes Mellitus, Type 2"
NPY2R,"Diabetes Mellitus, Type 2"
NTRK1,"Diabetes Mellitus, Type 2"
SOCS2,"Diabetes Mellitus, Type 2"
THBS2,"Diabetes Mellitus, Type 2"
ADH1C,"Diabetes Mellitus, Type 2"
ATP5O,"Diabetes Mellitus, Type 2"
MT1E,"Diabetes Mellitus, Type 2"
MC5R,"Diabetes Mellitus, Type 2"
SMAD3,"Diabetes Mellitus, Type 2"
ZMIZ1,"Diabetes Mellitus, Type 2"
LRGUK,"Diabetes Mellitus, Type 2"
ATP8,"Diabetes Mellitus, Type 2"
ATP6,"Diabetes Mellitus, Type 2"
ND5,"Diabetes Mellitus, Type 2"
HTR2A,"Diabetes Mellitus, Type 2"
CFH,"Diabetes Mellitus, Type 2"
GSTA1,"Diabetes Mellitus, Type 2"
ENTPD1,"Diabetes Mellitus, Type 2"
EXOC4,"Diabetes Mellitus, Type 2"
FN3K,"Diabetes Mellitus, Type 2"
CPT1B,"Diabetes Mellitus, Type 2"
COX7A1,"Diabetes Mellitus, Type 2"
COMT,"Diabetes Mellitus, Type 2"
COL18A1,"Diabetes Mellitus, Type 2"
SOCS1,"Diabetes Mellitus, Type 2"
CHEK2,"Diabetes Mellitus, Type 2"
ANGPTL4,"Diabetes Mellitus, Type 2"
SIRT4,"Diabetes Mellitus, Type 2"
SLC2A9,"Diabetes Mellitus, Type 2"
PCLO,"Diabetes Mellitus, Type 2"
CDH22,"Diabetes Mellitus, Type 2"
XRCC1,"Diabetes Mellitus, Type 2"
STAT4,"Diabetes Mellitus, Type 2"
SLC6A4,"Diabetes Mellitus, Type 2"
BMP7,"Diabetes Mellitus, Type 2"
BMP2,"Diabetes Mellitus, Type 2"
CXCL5,"Diabetes Mellitus, Type 2"
RBMS1,"Diabetes Mellitus, Type 2"
BAZ1B,"Diabetes Mellitus, Type 2"
PRKAG2,"Diabetes Mellitus, Type 2"
ALDH7A1,"Diabetes Mellitus, Type 2"
PIK3C2G,"Diabetes Mellitus, Type 2"
PGM1,"Diabetes Mellitus, Type 2"
NR4A1,"Diabetes Mellitus, Type 2"
MEF2A,"Diabetes Mellitus, Type 2"
MAP3K5,"Diabetes Mellitus, Type 2"
MAN2A1,"Diabetes Mellitus, Type 2"
LIPG,"Diabetes Mellitus, Type 2"
SLC47A1,"Diabetes Mellitus, Type 2"
INSIG1,"Diabetes Mellitus, Type 2"
IL2,"Diabetes Mellitus, Type 2"
HLA-DRA,"Diabetes Mellitus, Type 2"
GALNT2,"Diabetes Mellitus, Type 2"
FADS2,"Diabetes Mellitus, Type 2"
STRA6,"Diabetes Mellitus, Type 2"
IGF2BP3,"Diabetes Mellitus, Type 2"
IGF2BP1,"Diabetes Mellitus, Type 2"
CYP2C8,"Diabetes Mellitus, Type 2"
CTSH,"Diabetes Mellitus, Type 2"
CREB1,"Diabetes Mellitus, Type 2"
ACAD10,"Diabetes Mellitus, Type 2"
CLU,"Diabetes Mellitus, Type 2"
AP3S1,"Diabetes Mellitus, Type 2"
GREM1,"Diabetes Mellitus, Type 2"
ADCY3,"Diabetes Mellitus, Type 2"
CHN2,"Diabetes Mellitus, Type 2"
MMAB,"Diabetes Mellitus, Type 2"
LIN7C,"Diabetes Mellitus, Type 2"
TFB1M,"Diabetes Mellitus, Type 2"
APLN,"Diabetes Mellitus, Type 2"
CD28,"Diabetes Mellitus, Type 2"
TAS1R2,"Diabetes Mellitus, Type 2"
BACH2,"Diabetes Mellitus, Type 2"
TRPM2,"Diabetes Mellitus, Type 2"
STXBP3,"Diabetes Mellitus, Type 2"
SPP1,"Diabetes Mellitus, Type 2"
SLC27A1,"Diabetes Mellitus, Type 2"
SLCO1A2,"Diabetes Mellitus, Type 2"
CXCL12,"Diabetes Mellitus, Type 2"
CAMTA1,"Diabetes Mellitus, Type 2"
MMP26,"Diabetes Mellitus, Type 2"
KLF10,"Diabetes Mellitus, Type 2"
ATP8A1,"Diabetes Mellitus, Type 2"
SYNE1,"Diabetes Mellitus, Type 2"
MEF2C,"Diabetes Mellitus, Type 2"
PRC1,"Diabetes Mellitus, Type 2"
CALM2,"Diabetes Mellitus, Type 2"
ESRRG,"Diabetes Mellitus, Type 2"
IRX3,"Diabetes Mellitus, Type 2"
SGSM2,"Diabetes Mellitus, Type 2"
CTBP1-AS2,"Diabetes Mellitus, Type 2"
SOD3,Diabetic polyneuropathy
SOD2,Diabetic polyneuropathy
NEUROD1,"Diabetes, Gestational"
HLA-A,"Diabetes, Gestational"
CYP27B1,"Diabetes, Gestational"
LTA,"Diabetes, Gestational"
AGER,"Diabetes, Gestational"
IL2RA,Prediabetic State
CTLA4,Prediabetic State
ADRB3,Diabetes Mellitus
DECR1,Diabetes Mellitus
IL1A,Diabetes Mellitus
IL1RN,Diabetes Mellitus
SERPINF1,Diabetes Mellitus
RBP4,Diabetes Mellitus
SREBF1,Diabetes Mellitus
UCP1,Diabetes Mellitus
INSM2,Diabetes Mellitus
ADA,Diabetes
GCNT2,Diabetes
GLUL,Diabetes
SERPINF1,Diabetes
MOK,Diabetes
RBP4,Diabetes
SLC2A2,Diabetes
INSM2,Diabetes
LINC00914,Diabetes
AVP,Familial central diabetes insipidus
WFS1,"Diabetes Insipidus, Neurogenic"
ZACN,Transient neonatal diabetes mellitus
FN1,Diabetic Nephropathies
GCK,Neonatal diabetes mellitus
SERPINE1,Insulin resistance syndrome
TCF7,Mason-Type Diabetes
INS,Noninsulin-dependent diabetes mellitus with deafness
FLNB,"Diabetes Mellitus, Type 1"
SLC3A2,"Diabetes Mellitus, Type 1"
USO1,"Diabetes Mellitus, Type 1"
NXF1,"Diabetes Mellitus, Type 1"
INSM2,"Diabetes Mellitus, Type 1"
LINC01193,"Diabetes Mellitus, Type 1"
GAD2,autoimmune diabetes
HLA-E,autoimmune diabetes
EXT3,"Diabetes Mellitus, Type 2"
GH1,"Diabetes Mellitus, Type 2"
GOT2,"Diabetes Mellitus, Type 2"
HLA-DQB2,"Diabetes Mellitus, Type 2"
NIDDM2,"Diabetes Mellitus, Type 2"
PEA15,"Diabetes Mellitus, Type 2"
PPIAP10,"Diabetes Mellitus, Type 2"
WFS1,Diabetes Insipidus
GPX3,Diabetes Mellitus
DCAF17,Diabetes Mellitus
RHD,Diabetes Mellitus
IL4R,Diabetes Mellitus
PLA2G2A,Diabetes Mellitus
ITGAM,Diabetic Angiopathies
PON2,Diabetic Angiopathies
IGF1,Diabetic Angiopathies
MPO,Diabetic Angiopathies
E2F1,Diabetic Angiopathies
AKT1,Diabetic Angiopathies
SELL,Diabetic Angiopathies
CMA1,Diabetic Angiopathies
TGFBR2,Diabetic Foot
TGFB1,Diabetic Foot
DEFB4A,Diabetic Foot
TGFB3,Diabetic Foot
TGFB2,Diabetic Foot
TGFBR1,Diabetic Foot
CRP,Diabetic Foot
ACTG2,Diabetic Nephropathies
JUN,Diabetic Nephropathies
PROC,Diabetic Nephropathies
SLC2A12,Diabetic Nephropathies
MAPK14,Diabetic Nephropathies
IL6R,Diabetic Nephropathies
MMP8,Diabetic Nephropathies
MCAM,Diabetic Nephropathies
DEFA3,Diabetic Nephropathies
DEFA1,Diabetic Nephropathies
MIR377,Diabetic Nephropathies
IAPP,Diabetic Nephropathies
NOX3,Diabetic Nephropathies
SPINK1,Diabetic Nephropathies
LPA,Diabetic Nephropathies
APOB,Diabetic Nephropathies
PRSS2,Diabetic Nephropathies
PRSS1,Diabetic Nephropathies
ANKRD1,Diabetic Nephropathies
ALB,Diabetes Complications
PON1,Diabetes Complications
IGFBP3,Diabetes Complications
GAPDH,Diabetes Complications
IL15,Diabetes Complications
ABCC8,Diabetes Complications
IGF1,Diabetes Complications
AQP2,Diabetic Ketoacidosis
TNNI3,Diabetic Ketoacidosis
AGER,Diabetic Ketoacidosis
PRKCD,Diabetic Neuropathies
TNFSF11,Diabetic Neuropathies
RELA,Diabetic Neuropathies
PLAT,Diabetic Neuropathies
TXN,Diabetic Neuropathies
THBD,Diabetic Neuropathies
REG1B,"Diabetes Mellitus, Type 1"
CYP2D6,"Diabetes Mellitus, Type 1"
ENG,Diabetic Retinopathy
CORT,Diabetic Retinopathy
SELL,Diabetic Retinopathy
VCAM1,Diabetic Retinopathy
BMP4,Diabetic Retinopathy
MME,Diabetic Retinopathy
PLXDC1,Diabetic Retinopathy
B4GALT2,Diabetic Retinopathy
NFKB1,Diabetic Retinopathy
MAPK3,Diabetic Retinopathy
CAPN1,"Diabetes Mellitus, Type 2"
TF,"Diabetes Mellitus, Type 2"
SI,"Diabetes Mellitus, Type 2"
ITGB2,"Diabetes Mellitus, Type 2"
MMP14,"Diabetes Mellitus, Type 2"
B2M,"Diabetes Mellitus, Type 2"
CYP17A1,"Diabetes Mellitus, Type 2"
CPB2,"Diabetes Mellitus, Type 2"
UTS2B,"Diabetes, Gestational"
TGFB1,"Diabetes, Gestational"
LMNA,"Diabetes, Gestational"
HP,"Diabetes, Gestational"
CCL2,"Diabetes, Gestational"
AHSG,"Diabetes, Gestational"
IL15,Prediabetic State
GYS1,Insulin Resistance
F7,Insulin Resistance
IRS2,Insulin Resistance
HYOU1,Insulin Resistance
SLC27A4,Insulin Resistance
FOXC2,Insulin Resistance
NFKBIA,Insulin Resistance
LTA,Insulin Resistance
TRNL2,Insulin Resistance
TRNL1,Insulin Resistance
ND4,Insulin Resistance
ND3,Insulin Resistance
ND1,Insulin Resistance
KCNA3,Insulin Resistance
APPL1,Insulin Resistance
IL10,Insulin Resistance
ABCC8,Insulin Resistance
IGF2,Insulin Resistance
IDE,Insulin Resistance
HMGA2,Insulin Resistance
HHEX,Insulin Resistance
FEM1B,Insulin Resistance
FASN,Insulin Resistance
AHSG,Insulin Resistance
PNPLA2,Insulin Resistance
CYP19A1,Insulin Resistance
CYP17A1,Insulin Resistance
PNPLA5,Insulin Resistance
PNPLA4,Insulin Resistance
COX7A1,Insulin Resistance
PNPLA1,Insulin Resistance
SLC30A8,Insulin Resistance
SOCS1,Insulin Resistance
CDKN2B,Insulin Resistance
CDKN2A,Insulin Resistance
DGAT2,Insulin Resistance
FEM1C,Insulin Resistance
FEM1A,Insulin Resistance
GSTK1,Insulin Resistance
CAT,Insulin Resistance
ABCG8,Insulin Resistance
LPIN1,Insulin Resistance
ACP1,Insulin Resistance
TNFRSF1B,Insulin Resistance
KLF11,Insulin Resistance
TFAP2B,Insulin Resistance
TFAM,Insulin Resistance
SSTR2,Insulin Resistance
SPINK1,Insulin Resistance
BMPR1A,Insulin Resistance
PTPN1,Insulin Resistance
PON3,Insulin Resistance
RBP4,Insulin Resistance
PTK2B,Insulin Resistance
PDZK1,Insulin Resistance
PAX4,Insulin Resistance
OR2F2,Insulin Resistance
PIK3CB,Insulin Resistance
PIK3CG,Insulin Resistance
PCSK1,Insulin Resistance
OGG1,Insulin Resistance
NR1H4,Insulin Resistance
NR1H3,Insulin Resistance
NR1H2,Insulin Resistance
NPPB,Insulin Resistance
NPPA,Insulin Resistance
NPC1L1,Insulin Resistance
NPY,Insulin Resistance
LMNA,Insulin Resistance
LIPG,Insulin Resistance
LIPE,Insulin Resistance
LCAT,Insulin Resistance
VEGFA,Insulin Resistance
KCNQ1,Insulin Resistance
APOL1,Insulin Resistance
APOF,Insulin Resistance
APOD,Insulin Resistance
APOC4,Insulin Resistance
APOA2,Insulin Resistance
APOA1,Insulin Resistance
MBL2,Insulin Resistance
HSP90AA1,Insulin Resistance
JAK2,Insulin Resistance
MCHR1,Insulin Resistance
ABCC6,Insulin Resistance
HSPA1A,Insulin Resistance
ANGPTL3,Insulin Resistance
ABCB4,Insulin Resistance
GIPR,Insulin Resistance
ABCB11,Insulin Resistance
KDSR,Insulin Resistance
AKT1,Insulin Resistance
FOXO3,Insulin Resistance
ABCA7,Insulin Resistance
ACSL1,Insulin Resistance
ESR1,Insulin Resistance
CYP27A1,Insulin Resistance
CUBN,Insulin Resistance
ZNF568,Insulin Resistance
CTSD,Insulin Resistance
STEAP4,Insulin Resistance
CLU,Insulin Resistance
INSIG2,Insulin Resistance
COL1A1,Insulin Resistance
CETP,Insulin Resistance
APOA1BP,Insulin Resistance
TRPM3,Insulin Resistance
CAV1,Insulin Resistance
BCL11A,Insulin Resistance
TLR4,Insulin Resistance
TLR2,Insulin Resistance
SLC27A5,Insulin Resistance
SELP,Insulin Resistance
SELE,Insulin Resistance
SAA4,Insulin Resistance
RXRG,Insulin Resistance
RXRA,Insulin Resistance
ASIC3,Insulin Resistance
FBN3,Insulin Resistance
GHRL,Insulin Resistance
UGT2B17,Insulin Resistance
UGT2B15,Insulin Resistance
SGTA,Insulin Resistance
ADAM10,Insulin Resistance
CCNH,Insulin Resistance
HHLA2,Insulin Resistance
PARK2,Insulin Resistance
FYN,Insulin Resistance
OSBPL3,Insulin Resistance
CCDC88C,Insulin Resistance
ALK,Insulin Resistance
MBOAT1,Insulin Resistance
PITRM1,Insulin Resistance
CAPZB,Insulin Resistance
FAM63B,Insulin Resistance
PFKP,Insulin Resistance
TRAF3IP2,Insulin Resistance
SATB1,Insulin Resistance
CD47,Insulin Resistance
VGLL4,Insulin Resistance
ITPR1,Insulin Resistance
FAM129A,Insulin Resistance
FBXL17,Insulin Resistance
HOMER3,Insulin Resistance
TMEM215,Insulin Resistance
URB2,Insulin Resistance
SCAI,Insulin Resistance
NPBWR1,Insulin Resistance
GPA33,Insulin Resistance
TSSC1,Insulin Resistance
ASB7,Insulin Resistance
SNX19,Insulin Resistance
UBE2QL1,Insulin Resistance
NT5DC1,Insulin Resistance
CAPN9,Insulin Resistance
LRRC4C,Insulin Resistance
KRT42P,Insulin Resistance
TNRC6B,Insulin Resistance
FSTL4,Insulin Resistance
BIN1,Insulin Resistance
FAM19A2,Insulin Resistance
BBX,Insulin Resistance
RASGEF1B,Insulin Resistance
UNC5C,Insulin Resistance
TSEN15,Insulin Resistance
BCAT1,Insulin Resistance
ADAM21P1,Insulin Resistance
SRPK2,Insulin Resistance
EPHB2,Insulin Resistance
CLDN20,Insulin Resistance
UBE2N,Insulin Resistance
NPVF,Insulin Resistance
LZTS1,Insulin Resistance
LMO7,Insulin Resistance
SKCG-1,Insulin Resistance
OLFM4,Insulin Resistance
GALNTL6,Insulin Resistance
F9,Insulin Resistance
CD93,Insulin Resistance
IKZF2,Insulin Resistance
ANK2,Insulin Resistance
LRRTM4,Insulin Resistance
ACBD6,Insulin Resistance
ANK1,Insulin Resistance
ZNF286B,Insulin Resistance
NAMPT,Insulin Resistance
C1orf131,Insulin Resistance
CTNNA2,Insulin Resistance
TMEM144,Insulin Resistance
ACTBL2,Insulin Resistance
TRRAP,Insulin Resistance
RYR2,Insulin Resistance
ZP4,Insulin Resistance
GADL1,Insulin Resistance
EBLN2,Insulin Resistance
CCDC88A,Insulin Resistance
CKS2,Insulin Resistance
PRRC1,Insulin Resistance
CTH,Insulin Resistance
ZNF536,Insulin Resistance
PLCXD3,Insulin Resistance
RHOBTB1,Insulin Resistance
PCDH9,Insulin Resistance
SMOC2,Insulin Resistance
VWA8,Insulin Resistance
SLC5A12,Insulin Resistance
C9orf3,Insulin Resistance
HCCAT5,Insulin Resistance
C12orf75,Insulin Resistance
TRPS1,Insulin Resistance
HELZ,Insulin Resistance
TSC22D1,Insulin Resistance
BFSP2,Insulin Resistance
COX6A1,Insulin Resistance
SLC19A1,Insulin Resistance
ZFAND3,Insulin Resistance
GAS1,Insulin Resistance
CACNA1D,Insulin Resistance
SLC10A2,Insulin Resistance
SEZ6L,Insulin Resistance
CSMD1,Insulin Resistance
NDUFAB1,Diabetes Mellitus
MTAP,Diabetes Mellitus
TYMP,Diabetes Mellitus
TRNL2,Diabetes Mellitus
PALB2,Diabetes Mellitus
ND4,Diabetes Mellitus
LCT,Diabetes Mellitus
IL12A,Diabetes Mellitus
GALT,Diabetes Mellitus
F13A1,Diabetes Mellitus
AGTR2,Diabetes Mellitus
DCTN5,Diabetes Mellitus
TSPAN1,Diabetes Mellitus
ADAM17,Diabetes Mellitus
NCOA6,Diabetes Mellitus
FASLG,Diabetes Mellitus
SOD3,Diabetes Mellitus
SLCO1B1,Diabetes Mellitus
PRKAG3,Diabetes Mellitus
PRKAG1,Diabetes Mellitus
PRKAB2,Diabetes Mellitus
MEF2D,Diabetes Mellitus
ANKS1B,Diabetes Mellitus
ALX4,Diabetes Mellitus
ALDH1B1,Diabetes Mellitus
GP1BA,Diabetes Mellitus
FRA1H,Diabetes Mellitus
IRGM,Diabetes Mellitus
ADH7,Diabetes Mellitus
CPB2,Diabetes Mellitus
ITLN2,Diabetes Mellitus
CSNK1D,Diabetes Mellitus
ITLN1,Diabetes Mellitus
ACTA1,Diabetes Mellitus
SLC22A2,Diabetes Mellitus
SVIL,Diabetes Mellitus
SAP30L,Diabetes Mellitus
CHST11,Diabetes Mellitus
SLC9A9,Diabetes Mellitus
DHRS11,Diabetes Mellitus
LYPLAL1,Diabetes Mellitus
TTC39B,Diabetes Mellitus
ATF6,Diabetes Mellitus
HAND1,Diabetes Mellitus
FAM163B,Diabetes Mellitus
LMO1,Diabetes Mellitus
CLPTM1L,Diabetes Mellitus
C1orf87,Diabetes Mellitus
PMCH,Diabetes Mellitus
CD58,Diabetes Mellitus
OPCML,Diabetes Mellitus
SNTB1,Diabetes Mellitus
FAM63B,Diabetes Mellitus
RBM47,Diabetes Mellitus
SETBP1,Diabetes Mellitus
CNTNAP2,Diabetes Mellitus
ALK,Diabetes Mellitus
BCL9L,Diabetes Mellitus
FAH,Diabetes Mellitus
AJAP1,Diabetes Mellitus
HGC6.3,Diabetes Mellitus
SLC16A9,Diabetes Mellitus
ROR1,Diabetes Mellitus
SPOCK1,Diabetes Mellitus
MANBA,Diabetes Mellitus
TRAPPC11,Diabetes Mellitus
RPS6KA2,Diabetes Mellitus
SPRY2,Diabetes Mellitus
CSRNP1,Diabetes Mellitus
WWOX,Diabetes Mellitus
BCAS3,Diabetes Mellitus
TENM4,Diabetes Mellitus
GYPA,Diabetes Mellitus
DIRC3,Diabetes Mellitus
PIK3C3,Diabetes Mellitus
MALRD1,Diabetes Mellitus
UBE2D3,Diabetes Mellitus
ZNF385B,Diabetes Mellitus
TTC39A,Diabetes Mellitus
CSMD3,Diabetes Mellitus
SRL,Diabetes Mellitus
PCDH7,Diabetes Mellitus
CDH9,Diabetes Mellitus
TNFSF4,Diabetes Mellitus
ATP6V0A4,Diabetes Mellitus
FBXL7,Diabetes Mellitus
CDHR5,Diabetes Mellitus
IRF7,Diabetes Mellitus
TMEM132C,Diabetes Mellitus
SPSB4,Diabetes Mellitus
SLC9B1,Diabetes Mellitus
CSMD1,Diabetes Mellitus
PROK2,Diabetes Mellitus
NXPH1,Diabetes Mellitus
SLC38A4,Diabetes Mellitus
ASCL4,Diabetes Mellitus
PCDH20,Diabetes Mellitus
RBMS3,Diabetes Mellitus
VRK1,Diabetes Mellitus
GSPT1,Diabetes Mellitus
LINC01550,Diabetes Mellitus
C4orf50,Diabetes Mellitus
ARGLU1,Diabetes Mellitus
ARMC2,Diabetes Mellitus
CNTNAP4,Diabetes Mellitus
MTA3,Diabetes Mellitus
IPCEF1,Diabetes Mellitus
RAB22A,Diabetes Mellitus
XIRP1,Diabetes Mellitus
DLG1,Diabetes Mellitus
PPFIA2,Diabetes Mellitus
MYO5B,Diabetes Mellitus
GPR125,Diabetes Mellitus
MIS18BP1,Diabetes Mellitus
MYL12B,Diabetes Mellitus
LZTS1,Diabetes Mellitus
MRPL15,Diabetes Mellitus
TTC12,Diabetes Mellitus
DAP,Diabetes Mellitus
MDM1,Diabetes Mellitus
MGAT4C,Diabetes Mellitus
CDH11,Diabetes Mellitus
IGF2BP2-AS1,Diabetes Mellitus
HCCAT5,Diabetes Mellitus
SGCZ,Diabetes Mellitus
LHX5,Diabetes Mellitus
DPF3,Diabetes Mellitus
SDK2,Diabetes Mellitus
SERPINB7,Diabetes Mellitus
ATP8A1,Diabetes Mellitus
DCC,Diabetes Mellitus
NPBWR1,Diabetes Mellitus
TMEFF2,Diabetes Mellitus
PPP1R2P9,Diabetes Mellitus
PARP15,Diabetes Mellitus
TRPC7,Diabetes Mellitus
RHOBTB3,Diabetes Mellitus
CDC42EP3,Diabetes Mellitus
COLEC10,Diabetes Mellitus
CDH3,Diabetes Mellitus
ROBO2,Diabetes Mellitus
ZNF717,Diabetes Mellitus
IL6,Diabetic Angiopathies
HFE,Diabetic Angiopathies
F7,Diabetic Angiopathies
AGTR2,Diabetic Angiopathies
AGTR1,Diabetic Angiopathies
RETN,Diabetic Angiopathies
PPARGC1A,Diabetic Angiopathies
MMP9,Diabetic Angiopathies
MMP3,Diabetic Angiopathies
MMP2,Diabetic Angiopathies
MMP1,Diabetic Angiopathies
LPL,Diabetic Angiopathies
APOB,Diabetic Angiopathies
APOA4,Diabetic Angiopathies
HLA-DQB1,Diabetic Angiopathies
HLA-DQA1,Diabetic Angiopathies
GPX1,Diabetic Angiopathies
GAD2,Diabetic Angiopathies
CETP,Diabetic Angiopathies
NOS1AP,Diabetic Angiopathies
UCP2,Diabetic Angiopathies
TIMP3,Diabetic Angiopathies
TIMP2,Diabetic Angiopathies
TIMP1,Diabetic Angiopathies
HSPA1L,Diabetic Foot
ACE,Diabetic Foot
GCK,Pregnancy in Diabetics
HLA-DQB1,Pregnancy in Diabetics
HLA-DQA1,Pregnancy in Diabetics
TCF7L2,Pregnancy in Diabetics
CMA1,Diabetic Nephropathies
BDKRB2,Diabetic Nephropathies
BDKRB1,Diabetic Nephropathies
ACHE,Diabetic Nephropathies
ACAA1,Diabetic Nephropathies
SELE,Diabetic Nephropathies
FABP2,Diabetic Nephropathies
IGFBP1,Diabetic Nephropathies
ADNP,Diabetic Nephropathies
PIGN,Diabetic Nephropathies
SERPINB13,Diabetic Nephropathies
SERPINB2,Diabetic Nephropathies
NEDD4L,Diabetic Nephropathies
MBP,Diabetic Nephropathies
MBD2,Diabetic Nephropathies
APOC1,Diabetic Nephropathies
DRD1,Diabetic Nephropathies
ZADH2,Diabetic Nephropathies
DCC,Diabetic Nephropathies
CTBP1,Diabetic Nephropathies
PSRC1,Diabetic Nephropathies
MIA3,Diabetic Nephropathies
MTHFD1L,Diabetic Nephropathies
ALPK2,Diabetic Nephropathies
ZNF407,Diabetic Nephropathies
CDH20,Diabetic Nephropathies
CDH13,Diabetic Nephropathies
CD226,Diabetic Nephropathies
FMN2,Diabetic Nephropathies
VPS4B,Diabetic Nephropathies
SEZ6L,Diabetic Nephropathies
NEUROD1,Diabetic Nephropathies
ANKS1B,Diabetic Nephropathies
HSPB1,Diabetic Nephropathies
HMOX1,Diabetic Nephropathies
CFH,Diabetic Nephropathies
HLA-DQB1,Diabetic Nephropathies
HLA-DQA1,Diabetic Nephropathies
AHSG,Diabetic Nephropathies
ADRB1,Diabetic Nephropathies
MAP3K15,Diabetic Nephropathies
MYO16,Diabetic Nephropathies
NCOR2,Diabetic Nephropathies
C6orf10,Diabetic Nephropathies
LNX1,Diabetic Nephropathies
SMYD3,Diabetic Nephropathies
PDE5A,Diabetic Nephropathies
ABCC4,Diabetic Nephropathies
FAM134B,Diabetic Nephropathies
XKR4,Diabetic Nephropathies
TEX29,Diabetic Nephropathies
PCBD1,Diabetic Nephropathies
NRXN1,Diabetic Nephropathies
C3orf56,Diabetic Nephropathies
TYRP1,Diabetic Nephropathies
ZNF622,Diabetic Nephropathies
Mar.11,Diabetic Nephropathies
AP1S2,Diabetic Nephropathies
BTNL2,Diabetic Nephropathies
C11orf87,Diabetic Nephropathies
WSCD1,Diabetic Nephropathies
DNAH11,Diabetic Nephropathies
NTN1,Diabetic Nephropathies
GPR141,Diabetic Nephropathies
RBM46,Diabetic Nephropathies
FGF12,Diabetic Nephropathies
MAP3K5,Diabetic Nephropathies
CDCA2,Diabetic Nephropathies
MYO5B,Diabetic Nephropathies
TMEM63C,Diabetic Nephropathies
USP24,Diabetic Nephropathies
NRG3,Diabetic Nephropathies
ZNF202,Diabetic Nephropathies
RNF17,Diabetic Nephropathies
GAP43,Diabetic Nephropathies
C1orf174,Diabetic Nephropathies
GRIA4,Diabetic Nephropathies
KCNMA1,Diabetic Nephropathies
NRXN3,Diabetic Nephropathies
NEGR1,Diabetic Nephropathies
THNSL1,Diabetic Nephropathies
GATA6,Diabetic Nephropathies
PEX7,Diabetic Nephropathies
BMS1,Diabetic Nephropathies
NOTCH4,Diabetic Nephropathies
ZNF496,Diabetic Nephropathies
PKD1L2,Diabetic Nephropathies
MS4A4A,Diabetic Nephropathies
KRT2,Diabetic Nephropathies
SASH1,Diabetic Nephropathies
SNORA33,Diabetic Nephropathies
MSRB3,Diabetic Nephropathies
PCSK1,Diabetes Complications
LIPC,Diabetes Complications
LEPR,Diabetes Complications
TYMP,Diabetes Complications
TRNL1,Diabetes Complications
APOB,Diabetes Complications
IL4,Diabetes Complications
IL2,Diabetes Complications
IL1RN,Diabetes Complications
IL1B,Diabetes Complications
IL1A,Diabetes Complications
IL18,Diabetes Complications
IL12A,Diabetes Complications
IL10,Diabetes Complications
IFNG,Diabetes Complications
PLEKHH2,Diabetes Complications
CYP2C19,Diabetes Complications
CRP,Diabetes Complications
CFTR,Diabetes Complications
SNAP25,Diabetes Complications
SLC11A1,Diabetes Complications
SELP,Diabetes Complications
PGM3,Diabetes Complications
OLR1,Diabetes Complications
SERPINE1,Diabetes Complications
MT1A,Diabetes Complications
ITGB3,Diabetes Complications
ICAM1,Diabetes Complications
GSTA4,Diabetes Complications
GPX1,Diabetes Complications
GCLM,Diabetes Complications
FGB,Diabetes Complications
F7,Diabetes Complications
ENPP1,Diabetes Complications
ABCA1,Diabetes Complications
ADRB1,Diabetes Complications
CYBA,Diabetes Complications
CR1,Diabetes Complications
DNASE1,Diabetes Complications
CAT,Diabetes Complications
UCP2,Diabetes Complications
SELE,Diabetes Complications
SLC2A1,Diabetes Complications
HNF1A,Diabetic Ketoacidosis
HLA-DQA1,Diabetic Ketoacidosis
NEUROG3,Diabetic Ketoacidosis
APOB,Diabetic Neuropathies
UCP1,Diabetic Neuropathies
NOS3,Diabetic Neuropathies
SOD2,Diabetic Neuropathies
NOS1,Diabetic Neuropathies
SOD3,Diabetic Neuropathies
ADRA2B,Diabetic Neuropathies
HNF1B,Diabetic Neuropathies
HFE,Diabetic Neuropathies
PPARG,Diabetic Neuropathies
NCALD,Diabetic Neuropathies
GNB3,Diabetic Neuropathies
AGTR1,Diabetic Neuropathies
AGT,Diabetic Neuropathies
SUMO4,Diabetic Neuropathies
FABP2,"Diabetes Mellitus, Type 1"
CYP2J2,"Diabetes Mellitus, Type 1"
CASP7,"Diabetes Mellitus, Type 1"
ADK,"Diabetes Mellitus, Type 1"
PSMB1,"Diabetes Mellitus, Type 1"
PCSK1,"Diabetes Mellitus, Type 1"
OAS3,"Diabetes Mellitus, Type 1"
MOG,"Diabetes Mellitus, Type 1"
LCT,"Diabetes Mellitus, Type 1"
IGFBP2,"Diabetes Mellitus, Type 1"
OAS2,"Diabetes Mellitus, Type 1"
NEUROD2,"Diabetes Mellitus, Type 1"
PYGL,"Diabetes Mellitus, Type 1"
ADAM33,"Diabetes Mellitus, Type 1"
CFH,"Diabetes Mellitus, Type 1"
IBD5,"Diabetes Mellitus, Type 1"
IFNB1,"Diabetes Mellitus, Type 1"
IL1RAP,"Diabetes Mellitus, Type 1"
LAG3,"Diabetes Mellitus, Type 1"
PDCD1LG2,"Diabetes Mellitus, Type 1"
SLC9A3R1,"Diabetes Mellitus, Type 1"
SPINK5,"Diabetes Mellitus, Type 1"
RAB5B,"Diabetes Mellitus, Type 1"
PPT2,"Diabetes Mellitus, Type 1"
POLG,"Diabetes Mellitus, Type 1"
PHOX2B,"Diabetes Mellitus, Type 1"
SMAD5,"Diabetes Mellitus, Type 1"
SMAD4,"Diabetes Mellitus, Type 1"
SMAD1,"Diabetes Mellitus, Type 1"
ZMIZ1,"Diabetes Mellitus, Type 1"
LPAR3,"Diabetes Mellitus, Type 1"
C10orf2,"Diabetes Mellitus, Type 1"
KLRAP1,"Diabetes Mellitus, Type 1"
ITGA2,"Diabetes Mellitus, Type 1"
IRS2,"Diabetes Mellitus, Type 1"
APOC1,"Diabetes Mellitus, Type 1"
GSC,"Diabetes Mellitus, Type 1"
GHR,"Diabetes Mellitus, Type 1"
FGF2,"Diabetes Mellitus, Type 1"
EPO,"Diabetes Mellitus, Type 1"
AGPAT1,"Diabetes Mellitus, Type 1"
BNC2,"Diabetes Mellitus, Type 1"
ADRB3,"Diabetes Mellitus, Type 1"
WDR72,"Diabetes Mellitus, Type 1"
FRMD3,"Diabetes Mellitus, Type 1"
MIA3,"Diabetes Mellitus, Type 1"
MTHFD1L,"Diabetes Mellitus, Type 1"
CDKAL1,"Diabetes Mellitus, Type 1"
NCR3,"Diabetes Mellitus, Type 1"
C6orf47,"Diabetes Mellitus, Type 1"
CDK6,"Diabetes Mellitus, Type 1"
CDK2,"Diabetes Mellitus, Type 1"
CDH13,"Diabetes Mellitus, Type 1"
CD58,"Diabetes Mellitus, Type 1"
SORCS1,"Diabetes Mellitus, Type 1"
KIR2DL5B,"Diabetes Mellitus, Type 1"
FMN2,"Diabetes Mellitus, Type 1"
NELFE,"Diabetes Mellitus, Type 1"
EGFL8,"Diabetes Mellitus, Type 1"
PRRT1,"Diabetes Mellitus, Type 1"
VWA7,"Diabetes Mellitus, Type 1"
C6orf25,"Diabetes Mellitus, Type 1"
LY6G5B,"Diabetes Mellitus, Type 1"
C5,"Diabetes Mellitus, Type 1"
C2,"Diabetes Mellitus, Type 1"
TRPC1,"Diabetes Mellitus, Type 1"
TRAF1,"Diabetes Mellitus, Type 1"
TNFRSF14,"Diabetes Mellitus, Type 1"
TMPO,"Diabetes Mellitus, Type 1"
SEZ6L,"Diabetes Mellitus, Type 1"
CCL21,"Diabetes Mellitus, Type 1"
SCN5A,"Diabetes Mellitus, Type 1"
BID,"Diabetes Mellitus, Type 1"
RNF5,"Diabetes Mellitus, Type 1"
RING1,"Diabetes Mellitus, Type 1"
AFF3,"Diabetes Mellitus, Type 1"
RMI2,"Diabetes Mellitus, Type 1"
CENPW,"Diabetes Mellitus, Type 1"
DIO3,"Diabetes Mellitus, Type 1"
PRM3,"Diabetes Mellitus, Type 1"
PTPN1,"Diabetes Mellitus, Type 1"
PTPN11,"Diabetes Mellitus, Type 1"
TNP2,"Diabetes Mellitus, Type 1"
TRAFD1,"Diabetes Mellitus, Type 1"
PTGER4,"Diabetes Mellitus, Type 1"
NR2F2,"Diabetes Mellitus, Type 1"
ABLIM1,"Diabetes Mellitus, Type 1"
NDST3,"Diabetes Mellitus, Type 1"
SLFN12L,"Diabetes Mellitus, Type 1"
FAM135A,"Diabetes Mellitus, Type 1"
ZFAT,"Diabetes Mellitus, Type 1"
EIF4H,"Diabetes Mellitus, Type 1"
OS9,"Diabetes Mellitus, Type 1"
ZFAND6,"Diabetes Mellitus, Type 1"
SKAP2,"Diabetes Mellitus, Type 1"
TRNL1,"Diabetes Mellitus, Type 1"
HMGCS2,"Diabetes Mellitus, Type 1"
HFE2,"Diabetes Mellitus, Type 1"
HBB,"Diabetes Mellitus, Type 1"
FBXO38,"Diabetes Mellitus, Type 1"
CLEC1B,"Diabetes Mellitus, Type 1"
TDRD9,"Diabetes Mellitus, Type 1"
RSBN1,"Diabetes Mellitus, Type 1"
KLHDC1,"Diabetes Mellitus, Type 1"
OLIG3,"Diabetes Mellitus, Type 1"
ZDHHC1,"Diabetes Mellitus, Type 1"
KIR2DP1,"Diabetes Mellitus, Type 1"
ZGPAT,"Diabetes Mellitus, Type 1"
POFUT2,"Diabetes Mellitus, Type 1"
ZNF300,"Diabetes Mellitus, Type 1"
BSN,"Diabetes Mellitus, Type 1"
BMP7,"Diabetes Mellitus, Type 1"
BMP4,"Diabetes Mellitus, Type 1"
ATXN2,"Diabetes Mellitus, Type 1"
RNPEPL1,"Diabetes Mellitus, Type 1"
LRRC7,"Diabetes Mellitus, Type 1"
HCG26,"Diabetes Mellitus, Type 1"
DXO,"Diabetes Mellitus, Type 1"
STK19,"Diabetes Mellitus, Type 1"
ZBTB12,"Diabetes Mellitus, Type 1"
SLC44A4,"Diabetes Mellitus, Type 1"
CLEC2D,"Diabetes Mellitus, Type 1"
FSTL4,"Diabetes Mellitus, Type 1"
DKFZp667F0711,"Diabetes Mellitus, Type 1"
CTRB2,"Diabetes Mellitus, Type 1"
SIRPG,"Diabetes Mellitus, Type 1"
PRKD2,"Diabetes Mellitus, Type 1"
SMIM20,"Diabetes Mellitus, Type 1"
CCR7,"Diabetes Mellitus, Type 1"
LINC01550,"Diabetes Mellitus, Type 1"
GAB3,"Diabetes Mellitus, Type 1"
GP2,"Diabetes Mellitus, Type 1"
DNAH2,"Diabetes Mellitus, Type 1"
ZPBP2,"Diabetes Mellitus, Type 1"
LMO7,"Diabetes Mellitus, Type 1"
EFR3B,"Diabetes Mellitus, Type 1"
LINC00574,"Diabetes Mellitus, Type 1"
JAZF1,"Diabetes Mellitus, Type 1"
FOSL2,"Diabetes Mellitus, Type 1"
FGF4,"Diabetes Mellitus, Type 1"
IL25,"Diabetes Mellitus, Type 1"
CMA1,Diabetic Retinopathy
AGTR2,Diabetic Retinopathy
ITGB2,Diabetic Retinopathy
ITGA2B,Diabetic Retinopathy
HLA-DPB1,Diabetic Retinopathy
HLA-DQA1,Diabetic Retinopathy
CA1,Diabetic Retinopathy
PVT1,Diabetic Retinopathy
NEUROD1,Diabetic Retinopathy
IL1R1,Diabetic Retinopathy
SCAF4,Diabetic Retinopathy
HLA-DQA1,autoimmune diabetes
GYS2,"Diabetes Mellitus, Type 2"
GPX4,"Diabetes Mellitus, Type 2"
GPX3,"Diabetes Mellitus, Type 2"
ERCC1,"Diabetes Mellitus, Type 2"
PCBD2,"Diabetes Mellitus, Type 2"
CDK7,"Diabetes Mellitus, Type 2"
SYN1,"Diabetes Mellitus, Type 2"
SOS1,"Diabetes Mellitus, Type 2"
RDH5,"Diabetes Mellitus, Type 2"
MTAP,"Diabetes Mellitus, Type 2"
MGMT,"Diabetes Mellitus, Type 2"
MAOB,"Diabetes Mellitus, Type 2"
LCT,"Diabetes Mellitus, Type 2"
KLF8,"Diabetes Mellitus, Type 2"
KLF6,"Diabetes Mellitus, Type 2"
KLF3,"Diabetes Mellitus, Type 2"
KLF12,"Diabetes Mellitus, Type 2"
KLF13,"Diabetes Mellitus, Type 2"
KCNA7,"Diabetes Mellitus, Type 2"
IKBKB,"Diabetes Mellitus, Type 2"
HNMT,"Diabetes Mellitus, Type 2"
XRCC4,"Diabetes Mellitus, Type 2"
DPYD,"Diabetes Mellitus, Type 2"
IDDM3,"Diabetes Mellitus, Type 2"
IDDM4,"Diabetes Mellitus, Type 2"
PTPRA,"Diabetes Mellitus, Type 2"
REG1B,"Diabetes Mellitus, Type 2"
MS,"Diabetes Mellitus, Type 2"
CCNH,"Diabetes Mellitus, Type 2"
PANK4,"Diabetes Mellitus, Type 2"
EGF,"Diabetes Mellitus, Type 2"
NKX2-2,"Diabetes Mellitus, Type 2"
NPY1R,"Diabetes Mellitus, Type 2"
NPY5R,"Diabetes Mellitus, Type 2"
PPY,"Diabetes Mellitus, Type 2"
SLC27A5,"Diabetes Mellitus, Type 2"
PREP,"Diabetes Mellitus, Type 2"
PPP2R2C,"Diabetes Mellitus, Type 2"
AVPR1A,"Diabetes Mellitus, Type 2"
PARK2,"Diabetes Mellitus, Type 2"
NOX4,"Diabetes Mellitus, Type 2"
NOX1,"Diabetes Mellitus, Type 2"
NDUFB6,"Diabetes Mellitus, Type 2"
MTIF2,"Diabetes Mellitus, Type 2"
MC2R,"Diabetes Mellitus, Type 2"
TRNY,"Diabetes Mellitus, Type 2"
TRNP,"Diabetes Mellitus, Type 2"
TRNW,"Diabetes Mellitus, Type 2"
TRNM,"Diabetes Mellitus, Type 2"
TRNN,"Diabetes Mellitus, Type 2"
TRNF,"Diabetes Mellitus, Type 2"
TRNH,"Diabetes Mellitus, Type 2"
TRNA,"Diabetes Mellitus, Type 2"
TRNC,"Diabetes Mellitus, Type 2"
RPGRIP1L,"Diabetes Mellitus, Type 2"
TARS2,"Diabetes Mellitus, Type 2"
TRNV,"Diabetes Mellitus, Type 2"
TRNS2,"Diabetes Mellitus, Type 2"
TRNS1,"Diabetes Mellitus, Type 2"
TRNG,"Diabetes Mellitus, Type 2"
ND6,"Diabetes Mellitus, Type 2"
ND4L,"Diabetes Mellitus, Type 2"
COX3,"Diabetes Mellitus, Type 2"
MTIF3,"Diabetes Mellitus, Type 2"
KIR2DL1,"Diabetes Mellitus, Type 2"
KCNH2,"Diabetes Mellitus, Type 2"
KCNE2,"Diabetes Mellitus, Type 2"
KCNE1,"Diabetes Mellitus, Type 2"
INPP1,"Diabetes Mellitus, Type 2"
HSPA1L,"Diabetes Mellitus, Type 2"
HSD3B1,"Diabetes Mellitus, Type 2"
HLA-DPA1,"Diabetes Mellitus, Type 2"
HAS3,"Diabetes Mellitus, Type 2"
HAS2,"Diabetes Mellitus, Type 2"
FUS,"Diabetes Mellitus, Type 2"
F12,"Diabetes Mellitus, Type 2"
DRD1,"Diabetes Mellitus, Type 2"
PPRC1,"Diabetes Mellitus, Type 2"
IARS2,"Diabetes Mellitus, Type 2"
DLC1,"Diabetes Mellitus, Type 2"
DARS2,"Diabetes Mellitus, Type 2"
TRMU,"Diabetes Mellitus, Type 2"
GPAM,"Diabetes Mellitus, Type 2"
CST1,"Diabetes Mellitus, Type 2"
TRIM68,"Diabetes Mellitus, Type 2"
SLC25A27,"Diabetes Mellitus, Type 2"
TSPAN1,"Diabetes Mellitus, Type 2"
MTO1,"Diabetes Mellitus, Type 2"
MCM10,"Diabetes Mellitus, Type 2"
COMMD5,"Diabetes Mellitus, Type 2"
ELMO2,"Diabetes Mellitus, Type 2"
PRICKLE1,"Diabetes Mellitus, Type 2"
OR52I1,"Diabetes Mellitus, Type 2"
GTPBP3,"Diabetes Mellitus, Type 2"
SLC13A3,"Diabetes Mellitus, Type 2"
SLC12A5,"Diabetes Mellitus, Type 2"
BCO1,"Diabetes Mellitus, Type 2"
ZNF7,"Diabetes Mellitus, Type 2"
C2,"Diabetes Mellitus, Type 2"
BMPR1A,"Diabetes Mellitus, Type 2"
SDF2,"Diabetes Mellitus, Type 2"
SCN5A,"Diabetes Mellitus, Type 2"
RNR1,"Diabetes Mellitus, Type 2"
SYN2,"Diabetes Mellitus, Type 2"
RASAL2,"Diabetes Mellitus, Type 2"
PTPN2,"Diabetes Mellitus, Type 2"
PTGER4,"Diabetes Mellitus, Type 2"
PTER,"Diabetes Mellitus, Type 2"
HTRA1,"Diabetes Mellitus, Type 2"
PRKCQ,"Diabetes Mellitus, Type 2"
PRKCD,"Diabetes Mellitus, Type 2"
PRKAG3,"Diabetes Mellitus, Type 2"
PRKAG1,"Diabetes Mellitus, Type 2"
ACADS,"Diabetes Mellitus, Type 2"
PIGF,"Diabetes Mellitus, Type 2"
PDK1,"Diabetes Mellitus, Type 2"
PBX2,"Diabetes Mellitus, Type 2"
ACAA2,"Diabetes Mellitus, Type 2"
NR2F2,"Diabetes Mellitus, Type 2"
NOTCH1,"Diabetes Mellitus, Type 2"
ABLIM1,"Diabetes Mellitus, Type 2"
NFATC2,"Diabetes Mellitus, Type 2"
NDST3,"Diabetes Mellitus, Type 2"
MSR1,"Diabetes Mellitus, Type 2"
NCALD,"Diabetes Mellitus, Type 2"
MEF2D,"Diabetes Mellitus, Type 2"
MAS1,"Diabetes Mellitus, Type 2"
RHOA,"Diabetes Mellitus, Type 2"
NLRC5,"Diabetes Mellitus, Type 2"
FAM135A,"Diabetes Mellitus, Type 2"
BCDIN3D,"Diabetes Mellitus, Type 2"
TTC39B,"Diabetes Mellitus, Type 2"
BUD13,"Diabetes Mellitus, Type 2"
ZFAT,"Diabetes Mellitus, Type 2"
EIF4H,"Diabetes Mellitus, Type 2"
TRNE,"Diabetes Mellitus, Type 2"
CLEC16A,"Diabetes Mellitus, Type 2"
ADAD1,"Diabetes Mellitus, Type 2"
OS9,"Diabetes Mellitus, Type 2"
AQP2,"Diabetes Mellitus, Type 2"
ITGB6,"Diabetes Mellitus, Type 2"
IL21,"Diabetes Mellitus, Type 2"
SMAD6,"Diabetes Mellitus, Type 2"
MCHR1,"Diabetes Mellitus, Type 2"
ID3,"Diabetes Mellitus, Type 2"
HMGCS2,"Diabetes Mellitus, Type 2"
FGA,"Diabetes Mellitus, Type 2"
CELSR2,"Diabetes Mellitus, Type 2"
MCF2L2,"Diabetes Mellitus, Type 2"
CLCC1,"Diabetes Mellitus, Type 2"
FBXO38,"Diabetes Mellitus, Type 2"
C1orf110,"Diabetes Mellitus, Type 2"
DGKG,"Diabetes Mellitus, Type 2"
ADRA2C,"Diabetes Mellitus, Type 2"
DNAJC11,"Diabetes Mellitus, Type 2"
C1orf167,"Diabetes Mellitus, Type 2"
PSRC1,"Diabetes Mellitus, Type 2"
CLEC1B,"Diabetes Mellitus, Type 2"
CR1,"Diabetes Mellitus, Type 2"
ATG9B,"Diabetes Mellitus, Type 2"
TSPAN9,"Diabetes Mellitus, Type 2"
FAM19A1,"Diabetes Mellitus, Type 2"
STK32C,"Diabetes Mellitus, Type 2"
ITLN2,"Diabetes Mellitus, Type 2"
CLCN6,"Diabetes Mellitus, Type 2"
TDRD9,"Diabetes Mellitus, Type 2"
CAP1,"Diabetes Mellitus, Type 2"
SLC15A4,"Diabetes Mellitus, Type 2"
KLHDC1,"Diabetes Mellitus, Type 2"
STXBP4,"Diabetes Mellitus, Type 2"
IFIH1,"Diabetes Mellitus, Type 2"
SMARCAD1,"Diabetes Mellitus, Type 2"
CEACAM1,"Diabetes Mellitus, Type 2"
OLIG3,"Diabetes Mellitus, Type 2"
ZDHHC1,"Diabetes Mellitus, Type 2"
HAVCR1,"Diabetes Mellitus, Type 2"
RHOQ,"Diabetes Mellitus, Type 2"
FAIM2,"Diabetes Mellitus, Type 2"
TRIB1,"Diabetes Mellitus, Type 2"
ZGPAT,"Diabetes Mellitus, Type 2"
ACSS2,"Diabetes Mellitus, Type 2"
SLC35G5,"Diabetes Mellitus, Type 2"
CBL,"Diabetes Mellitus, Type 2"
CARS,"Diabetes Mellitus, Type 2"
POFUT2,"Diabetes Mellitus, Type 2"
CDCA3,"Diabetes Mellitus, Type 2"
STK33,"Diabetes Mellitus, Type 2"
CPVL,"Diabetes Mellitus, Type 2"
C1QTNF6,"Diabetes Mellitus, Type 2"
CACNA1G,"Diabetes Mellitus, Type 2"
C6orf10,"Diabetes Mellitus, Type 2"
ASPSCR1,"Diabetes Mellitus, Type 2"
SNTG1,"Diabetes Mellitus, Type 2"
ZNF300,"Diabetes Mellitus, Type 2"
VAMP2,"Diabetes Mellitus, Type 2"
VAMP3,"Diabetes Mellitus, Type 2"
CD40,"Diabetes Mellitus, Type 2"
TNFRSF10B,"Diabetes Mellitus, Type 2"
TBL2,"Diabetes Mellitus, Type 2"
STRA13,"Diabetes Mellitus, Type 2"
BSN,"Diabetes Mellitus, Type 2"
SLC11A1,"Diabetes Mellitus, Type 2"
SEL1L,"Diabetes Mellitus, Type 2"
SARS,"Diabetes Mellitus, Type 2"
BDKRB2,"Diabetes Mellitus, Type 2"
RNPEPL1,"Diabetes Mellitus, Type 2"
BCL7B,"Diabetes Mellitus, Type 2"
KCTD12,"Diabetes Mellitus, Type 2"
SCNN1B,"Diabetes Mellitus, Type 2"
SORCS2,"Diabetes Mellitus, Type 2"
PRPS1L1,"Diabetes Mellitus, Type 2"
KCNA10,"Diabetes Mellitus, Type 2"
SHISA9,"Diabetes Mellitus, Type 2"
ARHGAP26,"Diabetes Mellitus, Type 2"
HIPK2,"Diabetes Mellitus, Type 2"
CLEC2L,"Diabetes Mellitus, Type 2"
DDOST,"Diabetes Mellitus, Type 2"
CORO1C,"Diabetes Mellitus, Type 2"
RTL1,"Diabetes Mellitus, Type 2"
MAP3K13,"Diabetes Mellitus, Type 2"
VSIG10,"Diabetes Mellitus, Type 2"
CCDC60,"Diabetes Mellitus, Type 2"
CLEC14A,"Diabetes Mellitus, Type 2"
MRPS33,"Diabetes Mellitus, Type 2"
PLB1,"Diabetes Mellitus, Type 2"
EPHB1,"Diabetes Mellitus, Type 2"
GPR20,"Diabetes Mellitus, Type 2"
PTPRG,"Diabetes Mellitus, Type 2"
CNBD1,"Diabetes Mellitus, Type 2"
C1orf204,"Diabetes Mellitus, Type 2"
TMEM108,"Diabetes Mellitus, Type 2"
SLC13A1,"Diabetes Mellitus, Type 2"
SETBP1,"Diabetes Mellitus, Type 2"
MAST4,"Diabetes Mellitus, Type 2"
PDCD6IP,"Diabetes Mellitus, Type 2"
LRTM1,"Diabetes Mellitus, Type 2"
HIGD1C,"Diabetes Mellitus, Type 2"
ANXA5,"Diabetes Mellitus, Type 2"
MRPS9,"Diabetes Mellitus, Type 2"
FGGY,"Diabetes Mellitus, Type 2"
TYK2,"Diabetes Mellitus, Type 2"
SNORA47,"Diabetes Mellitus, Type 2"
TP53INP1,"Diabetes Mellitus, Type 2"
RPSAP52,"Diabetes Mellitus, Type 2"
OASL,"Diabetes Mellitus, Type 2"
CRTAC1,"Diabetes Mellitus, Type 2"
NDFIP2,"Diabetes Mellitus, Type 2"
C6orf57,"Diabetes Mellitus, Type 2"
PCNXL2,"Diabetes Mellitus, Type 2"
CITED2,"Diabetes Mellitus, Type 2"
DCDC2C,"Diabetes Mellitus, Type 2"
ZPLD1,"Diabetes Mellitus, Type 2"
HUNK,"Diabetes Mellitus, Type 2"
ACHE,"Diabetes Mellitus, Type 2"
TCERG1L,"Diabetes Mellitus, Type 2"
CR2,"Diabetes Mellitus, Type 2"
PEX5L,"Diabetes Mellitus, Type 2"
PLS1,"Diabetes Mellitus, Type 2"
Mar.01,"Diabetes Mellitus, Type 2"
PAPL,"Diabetes Mellitus, Type 2"
PDZRN3,"Diabetes Mellitus, Type 2"
ADAMTS3,"Diabetes Mellitus, Type 2"
GAS2,"Diabetes Mellitus, Type 2"
CPSF2,"Diabetes Mellitus, Type 2"
DGUOK,"Diabetes Mellitus, Type 2"
RAPGEF5,"Diabetes Mellitus, Type 2"
PTPRM,"Diabetes Mellitus, Type 2"
SVIP,"Diabetes Mellitus, Type 2"
NRG1,"Diabetes Mellitus, Type 2"
SLC24A4,"Diabetes Mellitus, Type 2"
TPK1,"Diabetes Mellitus, Type 2"
SH3BP4,"Diabetes Mellitus, Type 2"
LINC00523,"Diabetes Mellitus, Type 2"
SNX7,"Diabetes Mellitus, Type 2"
FITM2,"Diabetes Mellitus, Type 2"
ZNF800,"Diabetes Mellitus, Type 2"
KCNK17,"Diabetes Mellitus, Type 2"
CMIP,"Diabetes Mellitus, Type 2"
RND3,"Diabetes Mellitus, Type 2"
ZBED5,"Diabetes Mellitus, Type 2"
SYK,"Diabetes Mellitus, Type 2"
MED1,"Diabetes, Gestational"
HLA-B,"Diabetes, Gestational"
UTS2,"Diabetes, Gestational"
CYP2R1,"Diabetes, Gestational"
MICA,"Diabetes, Gestational"
ACE,"Diabetes, Gestational"
GHRL,"Diabetes, Gestational"
PTPN22,Prediabetic State
NR4A3,Prediabetic State
HLA-DQB1,Prediabetic State
WFS1,Prediabetic State
FABP2,Diabetes Mellitus
HMOX1,Diabetes Mellitus
NFKB1,Diabetes Mellitus
PTPRN,Diabetes Mellitus
ST3GAL4,Diabetes Mellitus
SLC2A1,Diabetes Mellitus
FGF21,Diabetes Mellitus
HSPA14,Diabetes Mellitus
ADRB3,Diabetes
DECR1,Diabetes
FABP2,Diabetes
GH1,Diabetes
IL1A,Diabetes
IL1RN,Diabetes
IL18,Diabetes
KCNQ1,Diabetes
MMP9,Diabetes
MTHFR,Diabetes
TNFRSF11B,Diabetes
PTPRN,Diabetes
ST3GAL4,Diabetes
SREBF1,Diabetes
UCP1,Diabetes
PPARGC1A,Diabetes
FGF21,Diabetes
ADIPOR1,Diabetes
HSPA14,Diabetes
OR10A4,Diabetes
AQP2,"Diabetes Insipidus, Neurogenic"
RAPGEF5,Diabetic Nephropathies
DIANPH,Diabetic Nephropathies
ADRB3,Insulin resistance syndrome
INS-IGF2,Noninsulin-dependent diabetes mellitus with deafness
UTS2R,"Diabetes Mellitus, Type 1"
IDDM4,"Diabetes Mellitus, Type 1"
IDDM8,"Diabetes Mellitus, Type 1"
TG,"Diabetes Mellitus, Type 1"
TGM2,"Diabetes Mellitus, Type 1"
SLC14A2,"Diabetes Mellitus, Type 1"
APRT,"Diabetes Mellitus, Type 2"
CSRP1,"Diabetes Mellitus, Type 2"
EEF1A2,"Diabetes Mellitus, Type 2"
NIDDM1,"Diabetes Mellitus, Type 2"
PLG,"Diabetes Mellitus, Type 2"
NLRP3,"Diabetes Mellitus, Type 2"
MTNR1B,"Diabetes, Gestational"
KCNJ11,"Developmental Delay, Epilepsy, and Neonatal Diabetes"
ABO,Diabetes Mellitus
PARP1,Diabetes Mellitus
AOC2,Diabetes Mellitus
APRT,Diabetes Mellitus
CYP27B1,Diabetes Mellitus
UTS2R,Diabetes Mellitus
HGF,Diabetes Mellitus
HIF1A,Diabetes Mellitus
PGC,Diabetes Mellitus
PLG,Diabetes Mellitus
SPP1,Diabetes Mellitus
VDR,Diabetes Mellitus
SLC14A2,Diabetes Mellitus
AOC3,Diabetes Mellitus
EIF2AK3,Diabetes Mellitus
SLC19A2,Diabetes Mellitus
AOC2,Diabetes
APRT,Diabetes
CETP,Diabetes
GLP1R,Diabetes
HIF1A,Diabetes
HMOX1,Diabetes
HSPD1,Diabetes
IL2RA,Diabetes
MMP2,Diabetes
PGC,Diabetes
PLG,Diabetes
TLR4,Diabetes
NR0B2,Diabetes
AOC3,Diabetes
EIF2AK3,Diabetes
INS,Diabetes in children
INS-IGF2,Diabetes in children
INS,Transient neonatal diabetes mellitus
INS-IGF2,Transient neonatal diabetes mellitus
AGXT,Diabetic Nephropathies
MYH9,Diabetic Nephropathies
LINC00914,Diabetic Nephropathies
EIF2AK3,Neonatal diabetes mellitus
C4A,"Diabetes Mellitus, Type 1"
C4B,"Diabetes Mellitus, Type 1"
DPT,"Diabetes Mellitus, Type 1"
C4B_2,"Diabetes Mellitus, Type 1"
ERVK-18,"Diabetes Mellitus, Type 1"
GAD1,autoimmune diabetes
AGXT,"Diabetes Mellitus, Type 2"
AQP7,"Diabetes Mellitus, Type 2"
MTOR,"Diabetes Mellitus, Type 2"
HLA-E,"Diabetes Mellitus, Type 2"
INPPL1,"Diabetes Mellitus, Type 2"
MAP6,"Diabetes Mellitus, Type 2"
SLC5A2,"Diabetes Mellitus, Type 2"
MEPE,"Diabetes Mellitus, Type 2"
SLC2A11,"Diabetes Mellitus, Type 2"
RBM45,"Diabetes Mellitus, Type 2"
OR6F1,"Diabetes Mellitus, Type 2"
ZACN,"Diabetes Mellitus, Transient Neonatal, 1"
ADM,Diabetes Mellitus
AGXT,Diabetes Mellitus
APOA1,Diabetes Mellitus
APOC3,Diabetes Mellitus
CD59,Diabetes Mellitus
CEL,Diabetes Mellitus
DMPK,Diabetes Mellitus
DPT,Diabetes Mellitus
GABPA,Diabetes Mellitus
GCGR,Diabetes Mellitus
PAX4,Diabetes Mellitus
PAX6,Diabetes Mellitus
PON2,Diabetes Mellitus
SGK1,Diabetes Mellitus
TCF7,Diabetes Mellitus
UTS2,Diabetes Mellitus
HPGDS,Diabetes Mellitus
G6PC2,Diabetes Mellitus
ABCA1,Diabetes
ADM,Diabetes
PARP1,Diabetes
AGXT,Diabetes
APOC3,Diabetes
CD59,Diabetes
CEL,Diabetes
DPT,Diabetes
GABPA,Diabetes
UTS2R,Diabetes
HGF,Diabetes
HHEX,Diabetes
LTA,Diabetes
MC4R,Diabetes
NFKB1,Diabetes
PAX6,Diabetes
SPP1,Diabetes
SLC14A2,Diabetes
IGF2BP2,Diabetes
PTPN22,Diabetes
G6PC2,Diabetes
APOA5,Diabetes
CCR2,Diabetic Nephropathies
HNF4A,Neonatal diabetes mellitus
GLIS3,Neonatal diabetes mellitus
VEGFA,Diabetic macular edema
HCCS,"Diabetes Mellitus, Type 1"
WFS1,"Diabetes Mellitus, Type 1"
SOX13,"Diabetes Mellitus, Type 1"
CD276,"Diabetes Mellitus, Type 1"
CTLA4,autoimmune diabetes
DECR1,"Diabetes Mellitus, Type 2"
NUCB2,"Diabetes Mellitus, Type 2"
PLIN1,"Diabetes Mellitus, Type 2"
SLC5A4,"Diabetes Mellitus, Type 2"
SGSM3,"Diabetes Mellitus, Type 2"
TMBIM4,"Diabetes Mellitus, Type 2"
C1QTNF1,"Diabetes Mellitus, Type 2"
SLCO6A1,"Diabetes Mellitus, Type 2"
INS,"Diabetes Mellitus, Transient Neonatal, 1"
INS-IGF2,"Diabetes Mellitus, Transient Neonatal, 1"
ALOX15,Diabetes Mellitus
APOB,Diabetes Mellitus
BDNF,Diabetes Mellitus
CD34,Diabetes Mellitus
DNAH8,Diabetes Mellitus
EPO,Diabetes Mellitus
HLA-DQA2,Diabetes Mellitus
IFNA1,Diabetes Mellitus
IFNA13,Diabetes Mellitus
ISG20,Diabetes Mellitus
NPY,Diabetes Mellitus
PIK3CA,Diabetes Mellitus
PIK3CB,Diabetes Mellitus
PIK3CD,Diabetes Mellitus
PIK3CG,Diabetes Mellitus
MAPK7,Diabetes Mellitus
MAPK8,Diabetes Mellitus
TGFB1,Diabetes Mellitus
PLA2G6,Diabetes Mellitus
KLF11,Diabetes Mellitus
ATP6AP2,Diabetes Mellitus
FOXP3,Diabetes Mellitus
SLCO6A1,Diabetes Mellitus
GSTK1,Diabetes Mellitus
LOC100509457,Diabetes Mellitus
ALDH2,Diabetes
ALOX15,Diabetes
BDNF,Diabetes
CDKN2A,Diabetes
CYP27B1,Diabetes
DNAH8,Diabetes
EPO,Diabetes
FOXO1,Diabetes
GCKR,Diabetes
GSTT1,Diabetes
HLA-B,Diabetes
IGF2,Diabetes
IL2,Diabetes
ISG20,Diabetes
LIPC,Diabetes
MTNR1B,Diabetes
NPY,Diabetes
PAX4,Diabetes
PCK1,Diabetes
PON2,Diabetes
MAPK8,Diabetes
PTEN,Diabetes
PTGS2,Diabetes
SGK1,Diabetes
SLC2A1,Diabetes
SOD1,Diabetes
TCF7,Diabetes
TP53,Diabetes
VDR,Diabetes
ATP6AP2,Diabetes
UTS2,Diabetes
FOXP3,Diabetes
PPARGC1B,Diabetes
INS,Pregnancy in Diabetics
INS-IGF2,Pregnancy in Diabetics
ZFP57,Transient neonatal diabetes mellitus
GABPA,Diabetic Nephropathies
MBL2,Diabetic Nephropathies
RENBP,Diabetic Nephropathies
ADA,Mason-Type Diabetes
PAX4,Mason-Type Diabetes
EEF1B2P2,"Diabetes Mellitus, Type 1"
CXCR3,"Diabetes Mellitus, Type 1"
HBA1,"Diabetes Mellitus, Type 1"
HBA2,"Diabetes Mellitus, Type 1"
IDDM13,"Diabetes Mellitus, Type 1"
SLC25A3,"Diabetes Mellitus, Type 1"
PTGS2,"Diabetes Mellitus, Type 1"
RENBP,"Diabetes Mellitus, Type 1"
TIMP1,"Diabetes Mellitus, Type 1"
TNFSF10,"Diabetes Mellitus, Type 1"
PTPRU,"Diabetes Mellitus, Type 1"
BHLHE22,"Diabetes Mellitus, Type 1"
SBDS,"Diabetes Mellitus, Type 1"
CYP2R1,"Diabetes Mellitus, Type 1"
NUDT10,"Diabetes Mellitus, Type 1"
RPS26P32,"Diabetes Mellitus, Type 1"
BW62,"Diabetes Mellitus, Type 1"
COX8A,"DIABETES INSIPIDUS, NEPHROGENIC, X-LINKED"
SGCG,"DIABETES INSIPIDUS, NEPHROGENIC, X-LINKED"
ALB,Diabetic Retinopathy
PNPLA2,Diabetic Retinopathy
INS,"Maturity-Onset Diabetes of the Young, Type 3"
INS-IGF2,"Maturity-Onset Diabetes of the Young, Type 3"
INS,Insulin resistant diabetes
INS-IGF2,Insulin resistant diabetes
ATM,"Diabetes Mellitus, Type 2"
CYP2B6,"Diabetes Mellitus, Type 2"
PTK2B,"Diabetes Mellitus, Type 2"
GAD2,"Diabetes Mellitus, Type 2"
GNAI2,"Diabetes Mellitus, Type 2"
IARS,"Diabetes Mellitus, Type 2"
PIK3CG,"Diabetes Mellitus, Type 2"
HSPB3,"Diabetes Mellitus, Type 2"
SOCS3,"Diabetes Mellitus, Type 2"
MFN2,"Diabetes Mellitus, Type 2"
SP6,"Diabetes Mellitus, Type 2"
LPAL2,"Diabetes Mellitus, Type 2"
OR10X1,"Diabetes Mellitus, Type 2"
OR10Z1,"Diabetes Mellitus, Type 2"
OR10A4,"Diabetes Mellitus, Type 2"
MIA3,"Diabetes Mellitus, Type 2"
MIR375,"Diabetes Mellitus, Type 2"
HLA-DQB2,"Diabetes, Gestational"
SLC2A4,"Diabetes, Gestational"
ABCC8,"Diabetes Mellitus, Transient Neonatal, 1"
APP,Diabetes Mellitus
CCKAR,Diabetes Mellitus
MAPK14,Diabetes Mellitus
CST3,Diabetes Mellitus
CYBA,Diabetes Mellitus
CYP2E1,Diabetes Mellitus
CYP2J2,Diabetes Mellitus
G6PD,Diabetes Mellitus
GATA6,Diabetes Mellitus
GHR,Diabetes Mellitus
GIP,Diabetes Mellitus
GOT2,Diabetes Mellitus
HMGB1,Diabetes Mellitus
FOXA2,Diabetes Mellitus
CXCL10,Diabetes Mellitus
KLK1,Diabetes Mellitus
LAD1,Diabetes Mellitus
MEN1,Diabetes Mellitus
MTTP,Diabetes Mellitus
MYC,Diabetes Mellitus
NOS2,Diabetes Mellitus
OLR1,Diabetes Mellitus
PAEP,Diabetes Mellitus
POLR2D,Diabetes Mellitus
PSMD9,Diabetes Mellitus
PTH,Diabetes Mellitus
REG1A,Diabetes Mellitus
SHBG,Diabetes Mellitus
SLC5A2,Diabetes Mellitus
WARS,Diabetes Mellitus
PLA2G7,Diabetes Mellitus
PEA15,Diabetes Mellitus
CLOCK,Diabetes Mellitus
SOX13,Diabetes Mellitus
RAPGEF5,Diabetes Mellitus
HPSE,Diabetes Mellitus
RALBP1,Diabetes Mellitus
BSCL2,Diabetes Mellitus
NEUROG3,Diabetes Mellitus
ACE2,Diabetes Mellitus
SORCS1,Diabetes Mellitus
GLIS3,Diabetes Mellitus
MICA,Diabetes Mellitus
MAP4K2,"Diabetes Mellitus, Type Ii, Autosomal Dominant"
RENBP,Diabetic Angiopathies
ADH1B,Diabetes
APOA1,Diabetes
APP,Diabetes
BCHE,Diabetes
CD34,Diabetes
CST3,Diabetes
CYP2E1,Diabetes
G6PD,Diabetes
GATA6,Diabetes
GCGR,Diabetes
GIP,Diabetes
GNB3,Diabetes
GSTM1,Diabetes
HLA-DQA1,Diabetes
HLA-DQA2,Diabetes
ICA1,Diabetes
IFNA1,Diabetes
IFNA13,Diabetes
CXCL10,Diabetes
LAD1,Diabetes
LDLR,Diabetes
LEPR,Diabetes
MEN1,Diabetes
MTTP,Diabetes
MYC,Diabetes
NOS2,Diabetes
OLR1,Diabetes
PIK3CA,Diabetes
PIK3CB,Diabetes
PIK3CD,Diabetes
PIK3CG,Diabetes
POLR2D,Diabetes
POMC,Diabetes
MAPK7,Diabetes
PSMD9,Diabetes
CCL5,Diabetes
SHBG,Diabetes
SPINK1,Diabetes
KLF11,Diabetes
PEA15,Diabetes
CLOCK,Diabetes
NOS1AP,Diabetes
RAPGEF5,Diabetes
RALBP1,Diabetes
NEUROG3,Diabetes
GHRL,Diabetes
ACE2,Diabetes
SORCS1,Diabetes
LOC100509457,Diabetes
SPINK1,Fibrocalculous pancreatic diabetes
AVPR2,"Diabetes Insipidus, Neurogenic"
ABCC8,Transient neonatal diabetes mellitus
ANGPT2,Diabetic Nephropathies
VPS51,Diabetic Nephropathies
EGF,Diabetic Nephropathies
FGF2,Diabetic Nephropathies
GARS,Diabetic Nephropathies
HGF,Diabetic Nephropathies
SMAD1,Diabetic Nephropathies
NFKB1,Diabetic Nephropathies
TCF7L2,Diabetic Nephropathies
TIMP1,Diabetic Nephropathies
APOL1,Diabetic Nephropathies
SIRT1,Diabetic Nephropathies
PNPLA2,Diabetic Nephropathies
NANOS3,Diabetic Nephropathies
PDX1,Neonatal diabetes mellitus
ZFP57,Neonatal diabetes mellitus
FABP2,Insulin resistance syndrome
EPO,Proliferative diabetic retinopathy
INS,Proliferative diabetic retinopathy
SERPINF1,Proliferative diabetic retinopathy
INS-IGF2,Proliferative diabetic retinopathy
GAD1,Mason-Type Diabetes
INSR,Mason-Type Diabetes
PDHX,Mason-Type Diabetes
L1CAM,"Diabetes Insipidus, Nephrogenic"
VCAM1,"Diabetes Insipidus, Nephrogenic"
ACAN,"Diabetes Mellitus, Type 1"
CSN2,"Diabetes Mellitus, Type 1"
GH1,"Diabetes Mellitus, Type 1"
IDDM3,"Diabetes Mellitus, Type 1"
IDDM6,"Diabetes Mellitus, Type 1"
IDDM7,"Diabetes Mellitus, Type 1"
IFNA1,"Diabetes Mellitus, Type 1"
IFNA13,"Diabetes Mellitus, Type 1"
COX2,"Diabetes Mellitus, Type 1"
NDUFA2,"Diabetes Mellitus, Type 1"
POMC,"Diabetes Mellitus, Type 1"
SLC14A1,"Diabetes Mellitus, Type 1"
PDHX,"Diabetes Mellitus, Type 1"
SDS,"Diabetes Mellitus, Type 1"
IL17C,"Diabetes Mellitus, Type 1"
IL22,"Diabetes Mellitus, Type 1"
MMAB,"Diabetes Mellitus, Type 1"
CCR2,"Diabetes Mellitus, Type 1"
FN1,Diabetic Retinopathy
KDR,Diabetic Retinopathy
IL10,autoimmune diabetes
PTPN22,autoimmune diabetes
SUMO4,autoimmune diabetes
BCL2A1,"Diabetes Mellitus, Type 2"
CASR,"Diabetes Mellitus, Type 2"
CD68,"Diabetes Mellitus, Type 2"
GAA,"Diabetes Mellitus, Type 2"
GCNT2,"Diabetes Mellitus, Type 2"
HBA2,"Diabetes Mellitus, Type 2"
HCCS,"Diabetes Mellitus, Type 2"
HLA-DRB4,"Diabetes Mellitus, Type 2"
KCNJ4,"Diabetes Mellitus, Type 2"
NFE2L1,"Diabetes Mellitus, Type 2"
NFE2L2,"Diabetes Mellitus, Type 2"
OCA2,"Diabetes Mellitus, Type 2"
PIK3CD,"Diabetes Mellitus, Type 2"
PRF1,"Diabetes Mellitus, Type 2"
SEPP1,"Diabetes Mellitus, Type 2"
HIRA,"Diabetes Mellitus, Type 2"
CNBP,"Diabetes Mellitus, Type 2"
ALMS1,"Diabetes Mellitus, Type 2"
CLOCK,"Diabetes Mellitus, Type 2"
GLYAT,"Diabetes Mellitus, Type 2"
IVNS1ABP,"Diabetes Mellitus, Type 2"
OR10R1P,"Diabetes Mellitus, Type 2"
GPR119,"Diabetes Mellitus, Type 2"
MIR146A,"Diabetes Mellitus, Type 2"
PPARA,"Diabetes, Gestational"
SLC2A1,"Diabetes, Gestational"
ABCC8,"Developmental Delay, Epilepsy, and Neonatal Diabetes"
KCNJ11,"Diabetes Mellitus, Transient Neonatal, 1"
ADORA1,Diabetes Mellitus
ADRB2,Diabetes Mellitus
ATM,Diabetes Mellitus
CASR,Diabetes Mellitus
CCK,Diabetes Mellitus
CD38,Diabetes Mellitus
CD40LG,Diabetes Mellitus
CFTR,Diabetes Mellitus
CLU,Diabetes Mellitus
CPE,Diabetes Mellitus
CSN2,Diabetes Mellitus
CYP2B6,Diabetes Mellitus
DCN,Diabetes Mellitus
NQO1,Diabetes Mellitus
EGFR,Diabetes Mellitus
F3,Diabetes Mellitus
ACSL1,Diabetes Mellitus
FGF2,Diabetes Mellitus
G6PC,Diabetes Mellitus
HBA1,Diabetes Mellitus
HBA2,Diabetes Mellitus
CFH,Diabetes Mellitus
HMGA1,Diabetes Mellitus
AGFG1,Diabetes Mellitus
IDDM7,Diabetes Mellitus
IGFBP2,Diabetes Mellitus
IGFBP3,Diabetes Mellitus
CXCL8,Diabetes Mellitus
IL17A,Diabetes Mellitus
INPPL1,Diabetes Mellitus
KIR2DL3,Diabetes Mellitus
KNG1,Diabetes Mellitus
LGALS3,Diabetes Mellitus
MBL2,Diabetes Mellitus
MMP1,Diabetes Mellitus
MS,Diabetes Mellitus
REG3A,Diabetes Mellitus
PMP22,Diabetes Mellitus
PPARD,Diabetes Mellitus
PTPRN2,Diabetes Mellitus
PVT1,Diabetes Mellitus
CXCL12,Diabetes Mellitus
SELL,Diabetes Mellitus
SOX2,Diabetes Mellitus
STAT5B,Diabetes Mellitus
TFAM,Diabetes Mellitus
TFE3,Diabetes Mellitus
TGM2,Diabetes Mellitus
TIMP1,Diabetes Mellitus
TNFRSF1B,Diabetes Mellitus
TRPM2,Diabetes Mellitus
VEGFC,Diabetes Mellitus
TRPV1,Diabetes Mellitus
VWF,Diabetes Mellitus
WRN,Diabetes Mellitus
TNDM,Diabetes Mellitus
APOL1,Diabetes Mellitus
RIPK1,Diabetes Mellitus
TNFSF10,Diabetes Mellitus
PER3,Diabetes Mellitus
SOCS3,Diabetes Mellitus
GDF15,Diabetes Mellitus
VPRBP,Diabetes Mellitus
SORBS1,Diabetes Mellitus
TREH,Diabetes Mellitus
PART1,Diabetes Mellitus
NOX4,Diabetes Mellitus
KRT20,Diabetes Mellitus
CHDH,Diabetes Mellitus
MEPE,Diabetes Mellitus
PNPLA2,Diabetes Mellitus
SEMA6A,Diabetes Mellitus
HAMP,Diabetes Mellitus
TNMD,Diabetes Mellitus
IFIH1,Diabetes Mellitus
NAA16,Diabetes Mellitus
SLC38A1,Diabetes Mellitus
RPAIN,Diabetes Mellitus
NLRP3,Diabetes Mellitus
KIR3DL3,Diabetes Mellitus
OR14L1P,Diabetes Mellitus
OR3A4P,Diabetes Mellitus
OR2AK2,Diabetes Mellitus
MIR126,Diabetes Mellitus
MIR146A,Diabetes Mellitus
MIR21,Diabetes Mellitus
PLF,Diabetes Mellitus
MIR375,Diabetes Mellitus
ERVK-18,Diabetes Mellitus
HNF4A,"Diabetes Mellitus, Type Ii, Autosomal Dominant"
INS-IGF2,Diabetic Angiopathies
ABO,Diabetes
ADORA1,Diabetes
APOB,Diabetes
ATM,Diabetes
CAT,Diabetes
CCKAR,Diabetes
CD38,Diabetes
CD40LG,Diabetes
CDKN2B,Diabetes
CPE,Diabetes
MAPK14,Diabetes
CYBA,Diabetes
DCN,Diabetes
NQO1,Diabetes
F3,Diabetes
FGF2,Diabetes
FXN,Diabetes
G6PC,Diabetes
GHR,Diabetes
GOT2,Diabetes
GPX1,Diabetes
CFH,Diabetes
HMGB1,Diabetes
HMGA1,Diabetes
FOXA2,Diabetes
AGFG1,Diabetes
IDDM7,Diabetes
IGFBP3,Diabetes
CXCL8,Diabetes
INPPL1,Diabetes
KIR2DL3,Diabetes
KLK1,Diabetes
LGALS3,Diabetes
MBL2,Diabetes
MAP3K5,Diabetes
MMP1,Diabetes
MYH9,Diabetes
PAEP,Diabetes
PCK2,Diabetes
PGM1,Diabetes
PPARD,Diabetes
PRKAA1,Diabetes
PRKAA2,Diabetes
PRKAB1,Diabetes
PTH,Diabetes
PTPRN2,Diabetes
PVT1,Diabetes
REG1A,Diabetes
CXCL12,Diabetes
SELE,Diabetes
SOD2,Diabetes
STAT5B,Diabetes
TFAM,Diabetes
TFE3,Diabetes
TGFB1,Diabetes
TGM2,Diabetes
TIMP1,Diabetes
TXN,Diabetes
VEGFC,Diabetes
TRPV1,Diabetes
WARS,Diabetes
TNDM,Diabetes
PLA2G6,Diabetes
APOL1,Diabetes
RIPK1,Diabetes
TNFSF10,Diabetes
PER3,Diabetes
SOCS3,Diabetes
SOX13,Diabetes
VPRBP,Diabetes
SORBS1,Diabetes
HPSE,Diabetes
HPGDS,Diabetes
NOX4,Diabetes
KRT20,Diabetes
SLC47A1,Diabetes
CHDH,Diabetes
MEPE,Diabetes
HAMP,Diabetes
THADA,Diabetes
TNMD,Diabetes
IFIH1,Diabetes
RPAIN,Diabetes
NLRP3,Diabetes
KIR3DL3,Diabetes
OR14L1P,Diabetes
SLCO6A1,Diabetes
GLIS3,Diabetes
GSTK1,Diabetes
OR2AK2,Diabetes
MIR146A,Diabetes
MIR21,Diabetes
MIR375,Diabetes
KIR2DS2,Diabetes
ERVK-18,Diabetes
PGM1,Pregnancy in Diabetics
NPTX2,"Diabetes Insipidus, Neurogenic"
NRP2,"Diabetes Insipidus, Neurogenic"
KCNJ11,Transient neonatal diabetes mellitus
TNDM,Transient neonatal diabetes mellitus
HYMAI,Transient neonatal diabetes mellitus
INS,Insulin resistance in diabetes
INS-IGF2,Insulin resistance in diabetes
ACACB,Diabetic Nephropathies
CD44,Diabetic Nephropathies
CDC42,Diabetic Nephropathies
DECR1,Diabetic Nephropathies
FGF13,Diabetic Nephropathies
FOXC1,Diabetic Nephropathies
GH1,Diabetic Nephropathies
HSPG2,Diabetic Nephropathies
IHG1,Diabetic Nephropathies
SMAD7,Diabetic Nephropathies
NR3C2,Diabetic Nephropathies
S100A8,Diabetic Nephropathies
SLC5A2,Diabetic Nephropathies
SLC5A4,Diabetic Nephropathies
TLR4,Diabetic Nephropathies
WARS,Diabetic Nephropathies
ATP6AP2,Diabetic Nephropathies
IGAN1,Diabetic Nephropathies
OR10Z1,Diabetic Nephropathies
MIR192,Diabetic Nephropathies
MIR21,Diabetic Nephropathies
GATA6,Neonatal diabetes mellitus
PLAGL1,Neonatal diabetes mellitus
SLC2A2,Neonatal diabetes mellitus
PDHX,Neonatal diabetes mellitus
RFX6,Neonatal diabetes mellitus
ZACN,Neonatal diabetes mellitus
LEP,Insulin resistance syndrome
PLG,Insulin resistance syndrome
PPARG,Insulin resistance syndrome
ADIPOQ,Insulin resistance syndrome
CYR61,Proliferative diabetic retinopathy
PDR,Proliferative diabetic retinopathy
AKR1B1,Diabetic cataract
NEUROG3,Mason-Type Diabetes
ACE,Diabetic peripheral neuropathy
EIF2AK3,"Diabetes Mellitus, Permanent Neonatal"
DNAH8,"Diabetes Mellitus, Type 1"
EDNRA,"Diabetes Mellitus, Type 1"
GLO1,"Diabetes Mellitus, Type 1"
HLA-DMB,"Diabetes Mellitus, Type 1"
HRAS,"Diabetes Mellitus, Type 1"
HSPA4,"Diabetes Mellitus, Type 1"
HSPD1,"Diabetes Mellitus, Type 1"
IDDM11,"Diabetes Mellitus, Type 1"
IDDM15,"Diabetes Mellitus, Type 1"
IGHG3,"Diabetes Mellitus, Type 1"
IL7,"Diabetes Mellitus, Type 1"
IL9,"Diabetes Mellitus, Type 1"
IL15,"Diabetes Mellitus, Type 1"
IL17A,"Diabetes Mellitus, Type 1"
IRF7,"Diabetes Mellitus, Type 1"
LAD1,"Diabetes Mellitus, Type 1"
LCK,"Diabetes Mellitus, Type 1"
SH2D1A,"Diabetes Mellitus, Type 1"
SERPINA1,"Diabetes Mellitus, Type 1"
MAP4K2,"Diabetes Mellitus, Type 1"
RPL17,"Diabetes Mellitus, Type 1"
SNCA,"Diabetes Mellitus, Type 1"
TRB,"Diabetes Mellitus, Type 1"
TPO,"Diabetes Mellitus, Type 1"
SPATA2,"Diabetes Mellitus, Type 1"
EXOSC8,"Diabetes Mellitus, Type 1"
TAB2,"Diabetes Mellitus, Type 1"
BRI3,"Diabetes Mellitus, Type 1"
TPGS2,"Diabetes Mellitus, Type 1"
HSPA14,"Diabetes Mellitus, Type 1"
IL23A,"Diabetes Mellitus, Type 1"
MEPE,"Diabetes Mellitus, Type 1"
EHMT1,"Diabetes Mellitus, Type 1"
SLCO6A1,"Diabetes Mellitus, Type 1"
HT,"Diabetes Mellitus, Type 1"
NANOS3,"Diabetes Mellitus, Type 1"
GSTK1,"Diabetes Mellitus, Type 1"
BW16,"Diabetes Mellitus, Type 1"
BW54,"Diabetes Mellitus, Type 1"
ZGLP1,"Diabetes Mellitus, Type 1"
RPL17-C18orf32,"Diabetes Mellitus, Type 1"
LINC00914,"Diabetes Mellitus, Type 1"
L1CAM,"DIABETES INSIPIDUS, NEPHROGENIC, X-LINKED"
SARDH,Diabetic Retinopathy
HP,Diabetic Retinopathy
RHO,Diabetic Retinopathy
SDHB,Diabetic Retinopathy
SORD,Diabetic Retinopathy
TLR4,Diabetic Retinopathy
ACP1,autoimmune diabetes
HLA-DQB2,autoimmune diabetes
IL2,autoimmune diabetes
IL4,autoimmune diabetes
SOX13,autoimmune diabetes
RBM45,autoimmune diabetes
TCF7,"Maturity-Onset Diabetes of the Young, Type 3"
MTHFR,Diabetic microangiopathy
INS,"Diabetes Mellitus, Lipoatrophic"
INS-IGF2,"Diabetes Mellitus, Lipoatrophic"
ABO,"Diabetes Mellitus, Type 2"
NR0B1,"Diabetes Mellitus, Type 2"
ARNTL,"Diabetes Mellitus, Type 2"
CAPN3,"Diabetes Mellitus, Type 2"
CPE,"Diabetes Mellitus, Type 2"
CRAT,"Diabetes Mellitus, Type 2"
DBP,"Diabetes Mellitus, Type 2"
DNAH8,"Diabetes Mellitus, Type 2"
ENSA,"Diabetes Mellitus, Type 2"
ERCC4,"Diabetes Mellitus, Type 2"
FAT1,"Diabetes Mellitus, Type 2"
FN1,"Diabetes Mellitus, Type 2"
GABPA,"Diabetes Mellitus, Type 2"
GAPDH,"Diabetes Mellitus, Type 2"
MSTN,"Diabetes Mellitus, Type 2"
GEM,"Diabetes Mellitus, Type 2"
HLA-DQA2,"Diabetes Mellitus, Type 2"
HSD17B4,"Diabetes Mellitus, Type 2"
HSPA5,"Diabetes Mellitus, Type 2"
HSPG2,"Diabetes Mellitus, Type 2"
IL15,"Diabetes Mellitus, Type 2"
ISG20,"Diabetes Mellitus, Type 2"
KCNJ1,"Diabetes Mellitus, Type 2"
KIR3DL1,"Diabetes Mellitus, Type 2"
KNG1,"Diabetes Mellitus, Type 2"
KRT16,"Diabetes Mellitus, Type 2"
TNFRSF11B,"Diabetes Mellitus, Type 2"
PER1,"Diabetes Mellitus, Type 2"
PKD1,"Diabetes Mellitus, Type 2"
PTH,"Diabetes Mellitus, Type 2"
RAD1,"Diabetes Mellitus, Type 2"
RNASE6,"Diabetes Mellitus, Type 2"
BRD2,"Diabetes Mellitus, Type 2"
S100A8,"Diabetes Mellitus, Type 2"
S100A9,"Diabetes Mellitus, Type 2"
SAT1,"Diabetes Mellitus, Type 2"
SCD,"Diabetes Mellitus, Type 2"
SLC3A2,"Diabetes Mellitus, Type 2"
SNRNP70,"Diabetes Mellitus, Type 2"
SPARC,"Diabetes Mellitus, Type 2"
TERF1,"Diabetes Mellitus, Type 2"
TIMP3,"Diabetes Mellitus, Type 2"
TLR2,"Diabetes Mellitus, Type 2"
TPD52,"Diabetes Mellitus, Type 2"
TTR,"Diabetes Mellitus, Type 2"
ST8SIA4,"Diabetes Mellitus, Type 2"
NR4A3,"Diabetes Mellitus, Type 2"
PPIG,"Diabetes Mellitus, Type 2"
TBC1D4,"Diabetes Mellitus, Type 2"
POU2F3,"Diabetes Mellitus, Type 2"
RNU1-1,"Diabetes Mellitus, Type 2"
C5AR2,"Diabetes Mellitus, Type 2"
EIF3K,"Diabetes Mellitus, Type 2"
TRPM5,"Diabetes Mellitus, Type 2"
EHD2,"Diabetes Mellitus, Type 2"
VPS13C,"Diabetes Mellitus, Type 2"
CHDH,"Diabetes Mellitus, Type 2"
PCDHA4,"Diabetes Mellitus, Type 2"
NAA16,"Diabetes Mellitus, Type 2"
OR6N2,"Diabetes Mellitus, Type 2"
OR6K2,"Diabetes Mellitus, Type 2"
SLC38A1,"Diabetes Mellitus, Type 2"
PGAP3,"Diabetes Mellitus, Type 2"
SORCS1,"Diabetes Mellitus, Type 2"
OR10J5,"Diabetes Mellitus, Type 2"
NPCA1,"Diabetes Mellitus, Type 2"
NANOS3,"Diabetes Mellitus, Type 2"
MIR126,"Diabetes Mellitus, Type 2"
OR10J3,"Diabetes Mellitus, Type 2"
BDNF-AS,"Diabetes Mellitus, Type 2"
IL6,"Diabetes, Gestational"
IRS2,"Diabetes, Gestational"
FUZ,"Diabetes, Gestational"
ATN1,Prediabetic State
GAD2,Prediabetic State
IFNG,Prediabetic State
AVPR2,Diabetes Insipidus
IFNAR1,Diabetes Insipidus
NLRP3,Diabetes Insipidus
IFNAR1,Congenital nephrogenic diabetes insipidus
NLRP3,Congenital nephrogenic diabetes insipidus
ACACB,Diabetes Mellitus
ADCYAP1,Diabetes Mellitus
ADORA2B,Diabetes Mellitus
ADRA1D,Diabetes Mellitus
APLNR,Diabetes Mellitus
AKT1,Diabetes Mellitus
AMPD1,Diabetes Mellitus
ANGPT1,Diabetes Mellitus
ANGPT2,Diabetes Mellitus
APCS,Diabetes Mellitus
AR,Diabetes Mellitus
ARNTL,Diabetes Mellitus
ATP2A2,Diabetes Mellitus
ATP2A3,Diabetes Mellitus
ATP5J,Diabetes Mellitus
BAX,Diabetes Mellitus
BCL2A1,Diabetes Mellitus
BCL2L1,Diabetes Mellitus
BLK,Diabetes Mellitus
BRCA1,Diabetes Mellitus
BTC,Diabetes Mellitus
VPS51,Diabetes Mellitus
CALCA,Diabetes Mellitus
CASP3,Diabetes Mellitus
CD80,Diabetes Mellitus
ENTPD1,Diabetes Mellitus
CDK4,Diabetes Mellitus
CDKN1C,Diabetes Mellitus
CHGA,Diabetes Mellitus
CNTF,Diabetes Mellitus
COL9A3,Diabetes Mellitus
COL11A2,Diabetes Mellitus
KLF6,Diabetes Mellitus
CRH,Diabetes Mellitus
CRYZ,Diabetes Mellitus
CSF2,Diabetes Mellitus
CSTA,Diabetes Mellitus
CTSB,Diabetes Mellitus
CTSL,Diabetes Mellitus
CX3CR1,Diabetes Mellitus
CYBB,Diabetes Mellitus
CYP1A1,Diabetes Mellitus
CYP2C19,Diabetes Mellitus
CYP2D6,Diabetes Mellitus
CYP7A1,Diabetes Mellitus
DBP,Diabetes Mellitus
DNM2,Diabetes Mellitus
ECE1,Diabetes Mellitus
EGR1,Diabetes Mellitus
EIF5A,Diabetes Mellitus
ERCC4,Diabetes Mellitus
ETV5,Diabetes Mellitus
PTK2B,Diabetes Mellitus
FASN,Diabetes Mellitus
FAT1,Diabetes Mellitus
FGFR4,Diabetes Mellitus
MTOR,Diabetes Mellitus
GAA,Diabetes Mellitus
GC,Diabetes Mellitus
GEM,Diabetes Mellitus
GFAP,Diabetes Mellitus
FFAR1,Diabetes Mellitus
HK2,Diabetes Mellitus
HSD17B4,Diabetes Mellitus
HSPA1B,Diabetes Mellitus
HSPB1,Diabetes Mellitus
IARS,Diabetes Mellitus
IDDM3,Diabetes Mellitus
IDDM14,Diabetes Mellitus
IGFBP1,Diabetes Mellitus
IL1R1,Diabetes Mellitus
IL7,Diabetes Mellitus
TNFRSF9,Diabetes Mellitus
ITGAM,Diabetes Mellitus
KCNJ5,Diabetes Mellitus
KCNMA1,Diabetes Mellitus
KCNN4,Diabetes Mellitus
KIR3DL1,Diabetes Mellitus
LCK,Diabetes Mellitus
LCP1,Diabetes Mellitus
LIG4,Diabetes Mellitus
LNPEP,Diabetes Mellitus
SMAD2,Diabetes Mellitus
MC3R,Diabetes Mellitus
MMP14,Diabetes Mellitus
COX2,Diabetes Mellitus
TRNE,Diabetes Mellitus
NIDDM2,Diabetes Mellitus
NRF1,Diabetes Mellitus
OGG1,Diabetes Mellitus
PARK2,Diabetes Mellitus
PAX5,Diabetes Mellitus
PCBD1,Diabetes Mellitus
PCNA,Diabetes Mellitus
PCSK1,Diabetes Mellitus
PLA2G1B,Diabetes Mellitus
PLTP,Diabetes Mellitus
PPP1R3C,Diabetes Mellitus
PRSS1,Diabetes Mellitus
PTGIS,Diabetes Mellitus
PTHLH,Diabetes Mellitus
RAD1,Diabetes Mellitus
RAF1,Diabetes Mellitus
RELA,Diabetes Mellitus
RNASE6,Diabetes Mellitus
BRD2,Diabetes Mellitus
ROCK1,Diabetes Mellitus
RRAD,Diabetes Mellitus
SORT1,Diabetes Mellitus
S100A8,Diabetes Mellitus
S100A9,Diabetes Mellitus
S100B,Diabetes Mellitus
SCD,Diabetes Mellitus
CXCL5,Diabetes Mellitus
SELP,Diabetes Mellitus
SHC1,Diabetes Mellitus
SLC6A4,Diabetes Mellitus
SLC8A1,Diabetes Mellitus
SPARC,Diabetes Mellitus
SPRR2A,Diabetes Mellitus
SREBF2,Diabetes Mellitus
STAT5A,Diabetes Mellitus
SUV39H1,Diabetes Mellitus
SYT1,Diabetes Mellitus
TFRC,Diabetes Mellitus
TG,Diabetes Mellitus
THBS1,Diabetes Mellitus
TIMP2,Diabetes Mellitus
TIMP3,Diabetes Mellitus
TIMP4,Diabetes Mellitus
TNFRSF1A,Diabetes Mellitus
TPO,Diabetes Mellitus
TRE-TTC3-1,Diabetes Mellitus
TRPC6,Diabetes Mellitus
UMOD,Diabetes Mellitus
VCAM1,Diabetes Mellitus
YY1,Diabetes Mellitus
YWHAZ,Diabetes Mellitus
AIR,Diabetes Mellitus
DDX39B,Diabetes Mellitus
NR4A3,Diabetes Mellitus
OGT,Diabetes Mellitus
DEGS1,Diabetes Mellitus
SOCS1,Diabetes Mellitus
PDE5A,Diabetes Mellitus
TNFRSF6B,Diabetes Mellitus
NAT8,Diabetes Mellitus
FADS2,Diabetes Mellitus
MAP4K4,Diabetes Mellitus
CIR1,Diabetes Mellitus
FGF19,Diabetes Mellitus
DGCR2,Diabetes Mellitus
DDX39A,Diabetes Mellitus
KLRG1,Diabetes Mellitus
DCAF7,Diabetes Mellitus
AKR1A1,Diabetes Mellitus
NSA2,Diabetes Mellitus
AGPAT2,Diabetes Mellitus
IVNS1ABP,Diabetes Mellitus
LBX1,Diabetes Mellitus
BTN2A1,Diabetes Mellitus
SLC7A9,Diabetes Mellitus
MAP4K5,Diabetes Mellitus
PDAP1,Diabetes Mellitus
WDTC1,Diabetes Mellitus
CLEC16A,Diabetes Mellitus
CD2AP,Diabetes Mellitus
DIANPH,Diabetes Mellitus
OR2L2,Diabetes Mellitus
OR7E62P,Diabetes Mellitus
SLC17A5,Diabetes Mellitus
ANGPTL3,Diabetes Mellitus
MCAT,Diabetes Mellitus
CD274,Diabetes Mellitus
GP6,Diabetes Mellitus
MZB1,Diabetes Mellitus
RASD1,Diabetes Mellitus
UBASH3A,Diabetes Mellitus
TLR9,Diabetes Mellitus
CCHCR1,Diabetes Mellitus
DYM,Diabetes Mellitus
TRPM7,Diabetes Mellitus
SLC29A3,Diabetes Mellitus
ACOT13,Diabetes Mellitus
APOM,Diabetes Mellitus
TRPV5,Diabetes Mellitus
TRIB3,Diabetes Mellitus
IL21,Diabetes Mellitus
UBL5,Diabetes Mellitus
IGAN1,Diabetes Mellitus
FN3K,Diabetes Mellitus
GORASP1,Diabetes Mellitus
WNK1,Diabetes Mellitus
NOX5,Diabetes Mellitus
PPP1R3B,Diabetes Mellitus
VTCN1,Diabetes Mellitus
PNPLA3,Diabetes Mellitus
SETD7,Diabetes Mellitus
SLC2A10,Diabetes Mellitus
MTG1,Diabetes Mellitus
FBXO32,Diabetes Mellitus
FOPNL,Diabetes Mellitus
OR10X1,Diabetes Mellitus
OR6K6,Diabetes Mellitus
TMEM18,Diabetes Mellitus
DOCK11,Diabetes Mellitus
TRPM6,Diabetes Mellitus
C2CD4A,Diabetes Mellitus
PLB1,Diabetes Mellitus
GPBAR1,Diabetes Mellitus
SLC35G1,Diabetes Mellitus
ZBTB7C,Diabetes Mellitus
RFX6,Diabetes Mellitus
IFNL3,Diabetes Mellitus
FFAR4,Diabetes Mellitus
ZFP69,Diabetes Mellitus
OR6F1,Diabetes Mellitus
OR10R2,Diabetes Mellitus
NDUFS7,Diabetes Mellitus
SUMO4,Diabetes Mellitus
C2CD4B,Diabetes Mellitus
OR10R3P,Diabetes Mellitus
MIR150,Diabetes Mellitus
MIR155,Diabetes Mellitus
MIR27B,Diabetes Mellitus
OR10J3,Diabetes Mellitus
OR2B3,Diabetes Mellitus
NCF1,Diabetes Mellitus
CCR2,Diabetes Mellitus
AIRN,Diabetes Mellitus
OR3A5P,Diabetes Mellitus
INS,"Diabetes Mellitus, Type Ii, Autosomal Dominant"
INS-IGF2,"Diabetes Mellitus, Type Ii, Autosomal Dominant"
SERPINE1,Diabetic Angiopathies
MOK,Diabetic Angiopathies
THBS1,Diabetic Angiopathies
LINC00914,Diabetic Angiopathies
NAT2,Diabetes
ADCYAP1,Diabetes
ADH1C,Diabetes
ADORA2B,Diabetes
ADRB2,Diabetes
APLNR,Diabetes
AKT2,Diabetes
AMPD1,Diabetes
ANGPT1,Diabetes
ANGPT2,Diabetes
APCS,Diabetes
AR,Diabetes
ARNTL,Diabetes
ATP2A2,Diabetes
ATP2A3,Diabetes
BCL2A1,Diabetes
BCL2L1,Diabetes
BGLAP,Diabetes
BLK,Diabetes
BTC,Diabetes
VPS51,Diabetes
CALCA,Diabetes
CASP3,Diabetes
CASQ1,Diabetes
CD80,Diabetes
ENTPD1,Diabetes
CDK4,Diabetes
CDKN1C,Diabetes
CFTR,Diabetes
CHGA,Diabetes
CLU,Diabetes
COL9A3,Diabetes
COL11A2,Diabetes
CP,Diabetes
CRYZ,Diabetes
CSF2,Diabetes
CSN2,Diabetes
CTSB,Diabetes
CTSL,Diabetes
CYBB,Diabetes
CYP1A1,Diabetes
CYP2B6,Diabetes
CYP2C9,Diabetes
CYP2D6,Diabetes
CYP2J2,Diabetes
CYP3A4,Diabetes
CYP7A1,Diabetes
DDIT3,Diabetes
ECE1,Diabetes
EGFR,Diabetes
EGR1,Diabetes
EIF5A,Diabetes
ERCC4,Diabetes
ESR1,Diabetes
ETV5,Diabetes
F2,Diabetes
F5,Diabetes
ACSL1,Diabetes
FASN,Diabetes
FAT1,Diabetes
FGFR4,Diabetes
MTOR,Diabetes
GAA,Diabetes
GFAP,Diabetes
FFAR1,Diabetes
NR3C1,Diabetes
GSTP1,Diabetes
HBA1,Diabetes
HBA2,Diabetes
HK2,Diabetes
HLA-DPB1,Diabetes
HMGCR,Diabetes
HSPA1A,Diabetes
HSPA1B,Diabetes
HSPB1,Diabetes
IARS,Diabetes
ICAM1,Diabetes
IDDM3,Diabetes
IGFBP1,Diabetes
IGFBP2,Diabetes
IL1R1,Diabetes
IL6R,Diabetes
IL7,Diabetes
IL13,Diabetes
TNFRSF9,Diabetes
IL17A,Diabetes
ITGAM,Diabetes
KCNJ5,Diabetes
KCNN4,Diabetes
KIR3DL1,Diabetes
KNG1,Diabetes
LCK,Diabetes
LCP1,Diabetes
LIG4,Diabetes
LNPEP,Diabetes
SMAD2,Diabetes
MC3R,Diabetes
MMP3,Diabetes
MMP14,Diabetes
MT1A,Diabetes
COX2,Diabetes
ND1,Diabetes
TRNL1,Diabetes
NIDDM2,Diabetes
NRF1,Diabetes
REG3A,Diabetes
PCBD1,Diabetes
PCSK1,Diabetes
PKLR,Diabetes
PLA2G1B,Diabetes
PLTP,Diabetes
PPP1R3C,Diabetes
PRSS1,Diabetes
PTGIS,Diabetes
PTHLH,Diabetes
PTPRD,Diabetes
RAD1,Diabetes
RAF1,Diabetes
RELA,Diabetes
RNASE6,Diabetes
BRD2,Diabetes
ROCK1,Diabetes
RRAD,Diabetes
SORT1,Diabetes
S100A8,Diabetes
S100B,Diabetes
SCD,Diabetes
CXCL5,Diabetes
SELL,Diabetes
SELP,Diabetes
SHC1,Diabetes
SLC5A2,Diabetes
SLC8A1,Diabetes
SOX2,Diabetes
SPARC,Diabetes
SPRR2A,Diabetes
SREBF2,Diabetes
STAT5A,Diabetes
STK11,Diabetes
SUV39H1,Diabetes
SYT1,Diabetes
TG,Diabetes
THBS1,Diabetes
TIMP4,Diabetes
TSPAN8,Diabetes
TNFRSF1A,Diabetes
TNFRSF1B,Diabetes
TPO,Diabetes
TRPC6,Diabetes
TRPM2,Diabetes
UMOD,Diabetes
USF1,Diabetes
VCAM1,Diabetes
VWF,Diabetes
YY1,Diabetes
YWHAZ,Diabetes
AIR,Diabetes
DDX39B,Diabetes
NR4A3,Diabetes
OGT,Diabetes
DEGS1,Diabetes
SOCS1,Diabetes
TNFRSF6B,Diabetes
NR1I2,Diabetes
FADS2,Diabetes
MAP4K4,Diabetes
GDF15,Diabetes
CIR1,Diabetes
FGF19,Diabetes
DGCR2,Diabetes
NAMPT,Diabetes
DDX39A,Diabetes
DCAF7,Diabetes
AKR1A1,Diabetes
NSA2,Diabetes
SLC19A2,Diabetes
IVNS1ABP,Diabetes
LBX1,Diabetes
SLC7A9,Diabetes
TREH,Diabetes
MAP4K5,Diabetes
WDTC1,Diabetes
CD2AP,Diabetes
OR2L2,Diabetes
OR7E62P,Diabetes
BSCL2,Diabetes
ANGPTL3,Diabetes
MCAT,Diabetes
CD274,Diabetes
GP6,Diabetes
MZB1,Diabetes
RASD1,Diabetes
UBASH3A,Diabetes
TLR9,Diabetes
CCHCR1,Diabetes
DYM,Diabetes
TRPM7,Diabetes
SLC29A3,Diabetes
ACOT13,Diabetes
APOM,Diabetes
PNPLA2,Diabetes
TRIB3,Diabetes
IL21,Diabetes
UBL5,Diabetes
IGAN1,Diabetes
FN3K,Diabetes
GORASP1,Diabetes
WNK1,Diabetes
NOX5,Diabetes
NAA16,Diabetes
PPP1R3B,Diabetes
VTCN1,Diabetes
PNPLA3,Diabetes
SETD7,Diabetes
SLC2A10,Diabetes
SLC38A1,Diabetes
MTG1,Diabetes
FBXO32,Diabetes
OR10X1,Diabetes
OR6K6,Diabetes
TMEM18,Diabetes
DOCK11,Diabetes
TRPM6,Diabetes
C2CD4A,Diabetes
PLB1,Diabetes
GPBAR1,Diabetes
SLC35G1,Diabetes
ZBTB7C,Diabetes
JAZF1,Diabetes
ZFP69,Diabetes
OR6F1,Diabetes
OR10R2,Diabetes
ZFP57,Diabetes
NDUFS7,Diabetes
SUMO4,Diabetes
C2CD4B,Diabetes
OR3A4P,Diabetes
MIR150,Diabetes
OR10J3,Diabetes
PLF,Diabetes
NCF1,Diabetes
CCR2,Diabetes
AIRN,Diabetes
MICA,Diabetes
HLA-DQB1,Diabetes in children
HLA-DQB2,Diabetes in children
HNF1A,Diabetes in children
MMP9,Diabetic Foot
VEGFA,Diabetic Foot
SLC9A6,Diabetic Foot
IGF2,Pregnancy in Diabetics
INS,Latent autoimmune diabetes mellitus in adult
FOXP3,Latent autoimmune diabetes mellitus in adult
INS-IGF2,Latent autoimmune diabetes mellitus in adult
INS,Fibrocalculous pancreatic diabetes
INS-IGF2,Fibrocalculous pancreatic diabetes
PCSK1,"Diabetes Insipidus, Neurogenic"
CISD2,"Diabetes Insipidus, Neurogenic"
GSTM1,diabetes mellitus risk
PPARG,diabetes mellitus risk
ADIPOQ,diabetes mellitus risk
HPGDS,diabetes mellitus risk
NAT2,Diabetic Nephropathies
ACTB,Diabetic Nephropathies
ACVRL1,Diabetic Nephropathies
ADRA1D,Diabetic Nephropathies
CDKN2A,Diabetic Nephropathies
CRAT,Diabetic Nephropathies
CTNNB1,Diabetic Nephropathies
DNAH8,Diabetic Nephropathies
F5,Diabetic Nephropathies
GCNT2,Diabetic Nephropathies
GLP1R,Diabetic Nephropathies
HIF1A,Diabetic Nephropathies
ID2,Diabetic Nephropathies
ITGB3,Diabetic Nephropathies
KCNN4,Diabetic Nephropathies
KCNQ1,Diabetic Nephropathies
LRP6,Diabetic Nephropathies
MMP12,Diabetic Nephropathies
TRNT,Diabetic Nephropathies
PDGFA,Diabetic Nephropathies
PLG,Diabetic Nephropathies
PPARA,Diabetic Nephropathies
PRKCA,Diabetic Nephropathies
PTH,Diabetic Nephropathies
S100A9,Diabetic Nephropathies
SNRNP70,Diabetic Nephropathies
SOS1,Diabetic Nephropathies
STAT5A,Diabetic Nephropathies
STAT5B,Diabetic Nephropathies
TALDO1,Diabetic Nephropathies
TIMP3,Diabetic Nephropathies
TKT,Diabetic Nephropathies
VWF,Diabetic Nephropathies
SPHK1,Diabetic Nephropathies
GLYAT,Diabetic Nephropathies
BASP1,Diabetic Nephropathies
NSA2,Diabetic Nephropathies
NFAT5,Diabetic Nephropathies
EXOSC4,Diabetic Nephropathies
NAA16,Diabetic Nephropathies
SLC38A1,Diabetic Nephropathies
SLC9C1,Diabetic Nephropathies
POTEF,Diabetic Nephropathies
MNX1,Neonatal diabetes mellitus
NEUROD1,Neonatal diabetes mellitus
HNF1A,Neonatal diabetes mellitus
KLF11,Neonatal diabetes mellitus
NEUROG3,Neonatal diabetes mellitus
IER3IP1,Neonatal diabetes mellitus
PTF1A,Neonatal diabetes mellitus
APOB,Insulin resistance syndrome
CD59,Insulin resistance syndrome
CETP,Insulin resistance syndrome
ACE,Insulin resistance syndrome
IRS1,Insulin resistance syndrome
MTTP,Insulin resistance syndrome
ENPP1,Insulin resistance syndrome
TNF,Insulin resistance syndrome
WARS,Insulin resistance syndrome
ADIPOR1,Insulin resistance syndrome
ADIPOR2,Insulin resistance syndrome
EDN1,Proliferative diabetic retinopathy
ETV5,Proliferative diabetic retinopathy
FGF2,Proliferative diabetic retinopathy
FN1,Proliferative diabetic retinopathy
ICAM1,Proliferative diabetic retinopathy
IL6,Proliferative diabetic retinopathy
LOX,Proliferative diabetic retinopathy
MMP2,Proliferative diabetic retinopathy
NOS3,Proliferative diabetic retinopathy
SERPINE1,Proliferative diabetic retinopathy
REN,Proliferative diabetic retinopathy
TNF,Proliferative diabetic retinopathy
VWF,Proliferative diabetic retinopathy
APOB,Mason-Type Diabetes
CEL,Mason-Type Diabetes
CRP,Mason-Type Diabetes
GCG,Mason-Type Diabetes
HK1,Mason-Type Diabetes
FOXA2,Mason-Type Diabetes
KCNJ11,Mason-Type Diabetes
PLCG1,Mason-Type Diabetes
PSMD9,Mason-Type Diabetes
SLC2A1,Mason-Type Diabetes
APOM,Mason-Type Diabetes
ARHGAP1,"Diabetes Insipidus, Nephrogenic"
COX8A,"Diabetes Insipidus, Nephrogenic"
VEGFA,Nonproliferative diabetic retinopathy
VEGFC,Diabetic macular edema
PDHX,"Maturity-Onset Diabetes of the Young, Type 4"
HGF,Diabetic Neuropathies
CFTR,Pancreatic disorders (not diabetes)
KRT8,Pancreatic disorders (not diabetes)
SPINK1,Pancreatic disorders (not diabetes)
ABCA1,"Diabetes Mellitus, Type 1"
ADM,"Diabetes Mellitus, Type 1"
ADORA1,"Diabetes Mellitus, Type 1"
ADRA1D,"Diabetes Mellitus, Type 1"
ANXA1,"Diabetes Mellitus, Type 1"
APC,"Diabetes Mellitus, Type 1"
FAS,"Diabetes Mellitus, Type 1"
ATM,"Diabetes Mellitus, Type 1"
C3,"Diabetes Mellitus, Type 1"
CD1B,"Diabetes Mellitus, Type 1"
MS4A1,"Diabetes Mellitus, Type 1"
COL9A3,"Diabetes Mellitus, Type 1"
CRAT,"Diabetes Mellitus, Type 1"
CREM,"Diabetes Mellitus, Type 1"
CYP2E1,"Diabetes Mellitus, Type 1"
DHCR7,"Diabetes Mellitus, Type 1"
DNTT,"Diabetes Mellitus, Type 1"
GPR183,"Diabetes Mellitus, Type 1"
ESR1,"Diabetes Mellitus, Type 1"
F11,"Diabetes Mellitus, Type 1"
FCGR1A,"Diabetes Mellitus, Type 1"
FCN2,"Diabetes Mellitus, Type 1"
FOXM1,"Diabetes Mellitus, Type 1"
GC,"Diabetes Mellitus, Type 1"
GCHFR,"Diabetes Mellitus, Type 1"
GCLC,"Diabetes Mellitus, Type 1"
GZMB,"Diabetes Mellitus, Type 1"
HSD17B4,"Diabetes Mellitus, Type 1"
HSPA2,"Diabetes Mellitus, Type 1"
HSP90AA1,"Diabetes Mellitus, Type 1"
IAPP,"Diabetes Mellitus, Type 1"
IDDM9,"Diabetes Mellitus, Type 1"
IFNA2,"Diabetes Mellitus, Type 1"
KLRD1,"Diabetes Mellitus, Type 1"
RPSA,"Diabetes Mellitus, Type 1"
LBR,"Diabetes Mellitus, Type 1"
LDLR,"Diabetes Mellitus, Type 1"
LPA,"Diabetes Mellitus, Type 1"
LRP6,"Diabetes Mellitus, Type 1"
MMP3,"Diabetes Mellitus, Type 1"
MMP12,"Diabetes Mellitus, Type 1"
MNAT1,"Diabetes Mellitus, Type 1"
SERPINE1,"Diabetes Mellitus, Type 1"
MAPK1,"Diabetes Mellitus, Type 1"
PROC,"Diabetes Mellitus, Type 1"
PSMD7,"Diabetes Mellitus, Type 1"
RPS26,"Diabetes Mellitus, Type 1"
CLIP1,"Diabetes Mellitus, Type 1"
S100A8,"Diabetes Mellitus, Type 1"
SELE,"Diabetes Mellitus, Type 1"
SLC2A2,"Diabetes Mellitus, Type 1"
SLC22A3,"Diabetes Mellitus, Type 1"
SLC22A2,"Diabetes Mellitus, Type 1"
SPRR2A,"Diabetes Mellitus, Type 1"
TRGV3,"Diabetes Mellitus, Type 1"
TJP1,"Diabetes Mellitus, Type 1"
VWF,"Diabetes Mellitus, Type 1"
CLIP2,"Diabetes Mellitus, Type 1"
CDR3,"Diabetes Mellitus, Type 1"
TP63,"Diabetes Mellitus, Type 1"
IDDM17,"Diabetes Mellitus, Type 1"
TNFRSF10A,"Diabetes Mellitus, Type 1"
CDK5R1,"Diabetes Mellitus, Type 1"
ARHGEF2,"Diabetes Mellitus, Type 1"
EIF2AK3,"Diabetes Mellitus, Type 1"
LITAF,"Diabetes Mellitus, Type 1"
RAPGEF5,"Diabetes Mellitus, Type 1"
DDX39A,"Diabetes Mellitus, Type 1"
DCAF7,"Diabetes Mellitus, Type 1"
RABEPK,"Diabetes Mellitus, Type 1"
GLYAT,"Diabetes Mellitus, Type 1"
LANCL1,"Diabetes Mellitus, Type 1"
TUBB4B,"Diabetes Mellitus, Type 1"
HPSE,"Diabetes Mellitus, Type 1"
EBNA1BP2,"Diabetes Mellitus, Type 1"
SLC7A9,"Diabetes Mellitus, Type 1"
WDHD1,"Diabetes Mellitus, Type 1"
SIRT1,"Diabetes Mellitus, Type 1"
LMOD1,"Diabetes Mellitus, Type 1"
ACAD8,"Diabetes Mellitus, Type 1"
HPGDS,"Diabetes Mellitus, Type 1"
TRBV20-1,"Diabetes Mellitus, Type 1"
TRBC1,"Diabetes Mellitus, Type 1"
DEXI,"Diabetes Mellitus, Type 1"
MBL3P,"Diabetes Mellitus, Type 1"
NEUROG3,"Diabetes Mellitus, Type 1"
IL17D,"Diabetes Mellitus, Type 1"
KRT20,"Diabetes Mellitus, Type 1"
MYDGF,"Diabetes Mellitus, Type 1"
ACKR3,"Diabetes Mellitus, Type 1"
VTCN1,"Diabetes Mellitus, Type 1"
UPK3B,"Diabetes Mellitus, Type 1"
CDCA5,"Diabetes Mellitus, Type 1"
FOPNL,"Diabetes Mellitus, Type 1"
OR14L1P,"Diabetes Mellitus, Type 1"
HFM1,"Diabetes Mellitus, Type 1"
PTCRA,"Diabetes Mellitus, Type 1"
OR10A4,"Diabetes Mellitus, Type 1"
C1orf228,"Diabetes Mellitus, Type 1"
ZFP57,"Diabetes Mellitus, Type 1"
RPS26P47,"Diabetes Mellitus, Type 1"
BW22,"Diabetes Mellitus, Type 1"
LOC101929876,"Diabetes Mellitus, Type 1"
ARHGAP4,"DIABETES INSIPIDUS, NEPHROGENIC, X-LINKED"
VCAM1,"DIABETES INSIPIDUS, NEPHROGENIC, X-LINKED"
VPS51,Diabetic Retinopathy
CD36,Diabetic Retinopathy
CHN2,Diabetic Retinopathy
CNR1,Diabetic Retinopathy
CYP27B1,Diabetic Retinopathy
FLT1,Diabetic Retinopathy
GFER,Diabetic Retinopathy
UTS2R,Diabetic Retinopathy
GSTM1,Diabetic Retinopathy
GSTT1,Diabetic Retinopathy
CFH,Diabetic Retinopathy
ID2,Diabetic Retinopathy
LPA,Diabetic Retinopathy
LRP6,Diabetic Retinopathy
PDR,Diabetic Retinopathy
PRKCD,Diabetic Retinopathy
REN,Diabetic Retinopathy
RENBP,Diabetic Retinopathy
UCP2,Diabetic Retinopathy
VEGFC,Diabetic Retinopathy
KMT2D,Diabetic Retinopathy
SLC14A2,Diabetic Retinopathy
NRP1,Diabetic Retinopathy
AKR1A1,Diabetic Retinopathy
CAPN10,Diabetic Retinopathy
GP6,Diabetic Retinopathy
HS6ST3,Diabetic Retinopathy
NANOS3,Diabetic Retinopathy
INS,Diabetes in youth
INS-IGF2,Diabetes in youth
HNF4A,autoimmune diabetes
IL1A,autoimmune diabetes
IL2RA,autoimmune diabetes
LAD1,autoimmune diabetes
NFKB1,autoimmune diabetes
HNF1A,autoimmune diabetes
TCF7L2,autoimmune diabetes
TNF,autoimmune diabetes
SLC30A10,autoimmune diabetes
SLC30A8,autoimmune diabetes
MICA,autoimmune diabetes
AKR1B1,Diabetic microangiopathy
INS,Diabetic microangiopathy
INS-IGF2,Diabetic microangiopathy
INSR,"Diabetes Mellitus, Lipoatrophic"
MMP9,Diabetic foot ulcer
VEGFA,Diabetic foot ulcer
SERPINA3,"Diabetes Mellitus, Type 2"
ACAA1,"Diabetes Mellitus, Type 2"
ACTG1,"Diabetes Mellitus, Type 2"
ACTG2,"Diabetes Mellitus, Type 2"
ADRA1A,"Diabetes Mellitus, Type 2"
APLNR,"Diabetes Mellitus, Type 2"
AMH,"Diabetes Mellitus, Type 2"
ANXA6,"Diabetes Mellitus, Type 2"
AOC2,"Diabetes Mellitus, Type 2"
AQP9,"Diabetes Mellitus, Type 2"
BMI1,"Diabetes Mellitus, Type 2"
BRCA2,"Diabetes Mellitus, Type 2"
BRS3,"Diabetes Mellitus, Type 2"
CAPN5,"Diabetes Mellitus, Type 2"
CACNA1D,"Diabetes Mellitus, Type 2"
CAD,"Diabetes Mellitus, Type 2"
CALD1,"Diabetes Mellitus, Type 2"
CD40LG,"Diabetes Mellitus, Type 2"
CD44,"Diabetes Mellitus, Type 2"
CISH,"Diabetes Mellitus, Type 2"
CRK,"Diabetes Mellitus, Type 2"
CRYZ,"Diabetes Mellitus, Type 2"
MAPK14,"Diabetes Mellitus, Type 2"
CST3,"Diabetes Mellitus, Type 2"
CX3CR1,"Diabetes Mellitus, Type 2"
CYP19A1,"Diabetes Mellitus, Type 2"
DFFB,"Diabetes Mellitus, Type 2"
DHCR7,"Diabetes Mellitus, Type 2"
ELAVL2,"Diabetes Mellitus, Type 2"
ERBB4,"Diabetes Mellitus, Type 2"
FAAH,"Diabetes Mellitus, Type 2"
FANCD2,"Diabetes Mellitus, Type 2"
FASN,"Diabetes Mellitus, Type 2"
FBN1,"Diabetes Mellitus, Type 2"
FGFR4,"Diabetes Mellitus, Type 2"
FHIT,"Diabetes Mellitus, Type 2"
GHR,"Diabetes Mellitus, Type 2"
GRK5,"Diabetes Mellitus, Type 2"
GRB10,"Diabetes Mellitus, Type 2"
HRAS,"Diabetes Mellitus, Type 2"
HSPA2,"Diabetes Mellitus, Type 2"
IL1R1,"Diabetes Mellitus, Type 2"
IL5,"Diabetes Mellitus, Type 2"
IRAK1,"Diabetes Mellitus, Type 2"
KCNJ6,"Diabetes Mellitus, Type 2"
KEL,"Diabetes Mellitus, Type 2"
LAD1,"Diabetes Mellitus, Type 2"
LRP1,"Diabetes Mellitus, Type 2"
MCM2,"Diabetes Mellitus, Type 2"
MEFV,"Diabetes Mellitus, Type 2"
MSD,"Diabetes Mellitus, Type 2"
RNR2,"Diabetes Mellitus, Type 2"
MUTYH,"Diabetes Mellitus, Type 2"
NDUFA2,"Diabetes Mellitus, Type 2"
OLR1,"Diabetes Mellitus, Type 2"
REG3A,"Diabetes Mellitus, Type 2"
PAX5,"Diabetes Mellitus, Type 2"
PCNA,"Diabetes Mellitus, Type 2"
PFKM,"Diabetes Mellitus, Type 2"
SLC25A3,"Diabetes Mellitus, Type 2"
PLA2G2A,"Diabetes Mellitus, Type 2"
PLCG1,"Diabetes Mellitus, Type 2"
MAPK1,"Diabetes Mellitus, Type 2"
PSEN1,"Diabetes Mellitus, Type 2"
RENBP,"Diabetes Mellitus, Type 2"
RFC2,"Diabetes Mellitus, Type 2"
RPS6KB1,"Diabetes Mellitus, Type 2"
RXRA,"Diabetes Mellitus, Type 2"
SLC2A3,"Diabetes Mellitus, Type 2"
SLC5A1,"Diabetes Mellitus, Type 2"
SST,"Diabetes Mellitus, Type 2"
SSTR4,"Diabetes Mellitus, Type 2"
STAT3,"Diabetes Mellitus, Type 2"
STAT5A,"Diabetes Mellitus, Type 2"
TCF4,"Diabetes Mellitus, Type 2"
TRH,"Diabetes Mellitus, Type 2"
UCHL1,"Diabetes Mellitus, Type 2"
UGT2B15,"Diabetes Mellitus, Type 2"
BEST1,"Diabetes Mellitus, Type 2"
XBP1,"Diabetes Mellitus, Type 2"
NELFE,"Diabetes Mellitus, Type 2"
AIMP2,"Diabetes Mellitus, Type 2"
HMGA2,"Diabetes Mellitus, Type 2"
PLA2G6,"Diabetes Mellitus, Type 2"
APOL1,"Diabetes Mellitus, Type 2"
DGAT1,"Diabetes Mellitus, Type 2"
IL18R1,"Diabetes Mellitus, Type 2"
PER2,"Diabetes Mellitus, Type 2"
SPHK1,"Diabetes Mellitus, Type 2"
LPAR2,"Diabetes Mellitus, Type 2"
XPR1,"Diabetes Mellitus, Type 2"
KL,"Diabetes Mellitus, Type 2"
GRAP2,"Diabetes Mellitus, Type 2"
ABCG2,"Diabetes Mellitus, Type 2"
FHL5,"Diabetes Mellitus, Type 2"
H6PD,"Diabetes Mellitus, Type 2"
RIMS2,"Diabetes Mellitus, Type 2"
NR1H4,"Diabetes Mellitus, Type 2"
ABCB6,"Diabetes Mellitus, Type 2"
EBI3,"Diabetes Mellitus, Type 2"
KLRG1,"Diabetes Mellitus, Type 2"
AKR1A1,"Diabetes Mellitus, Type 2"
AHSA1,"Diabetes Mellitus, Type 2"
LBX1,"Diabetes Mellitus, Type 2"
CXCR6,"Diabetes Mellitus, Type 2"
HPSE,"Diabetes Mellitus, Type 2"
NISCH,"Diabetes Mellitus, Type 2"
ACOT7,"Diabetes Mellitus, Type 2"
SIRT2,"Diabetes Mellitus, Type 2"
PHLPP1,"Diabetes Mellitus, Type 2"
RNF19A,"Diabetes Mellitus, Type 2"
GORASP2,"Diabetes Mellitus, Type 2"
POLDIP2,"Diabetes Mellitus, Type 2"
ACAD8,"Diabetes Mellitus, Type 2"
MCAT,"Diabetes Mellitus, Type 2"
EHD4,"Diabetes Mellitus, Type 2"
TAS2R13,"Diabetes Mellitus, Type 2"
GP6,"Diabetes Mellitus, Type 2"
BFAR,"Diabetes Mellitus, Type 2"
TNFRSF12A,"Diabetes Mellitus, Type 2"
GPRC5B,"Diabetes Mellitus, Type 2"
CCHCR1,"Diabetes Mellitus, Type 2"
SULF2,"Diabetes Mellitus, Type 2"
ACKR3,"Diabetes Mellitus, Type 2"
CCNL1,"Diabetes Mellitus, Type 2"
CYSLTR2,"Diabetes Mellitus, Type 2"
JPH3,"Diabetes Mellitus, Type 2"
MAGEE1,"Diabetes Mellitus, Type 2"
STEAP4,"Diabetes Mellitus, Type 2"
OR2G2,"Diabetes Mellitus, Type 2"
FOPNL,"Diabetes Mellitus, Type 2"
B4GALNT2,"Diabetes Mellitus, Type 2"
OR2T10,"Diabetes Mellitus, Type 2"
OR14L1P,"Diabetes Mellitus, Type 2"
OR6N1,"Diabetes Mellitus, Type 2"
PTRH1,"Diabetes Mellitus, Type 2"
SLC2A14,"Diabetes Mellitus, Type 2"
SLC35G1,"Diabetes Mellitus, Type 2"
FNDC5,"Diabetes Mellitus, Type 2"
IFNL3,"Diabetes Mellitus, Type 2"
ZFP69,"Diabetes Mellitus, Type 2"
ACTBL2,"Diabetes Mellitus, Type 2"
ACT,"Diabetes Mellitus, Type 2"
OR10K1,"Diabetes Mellitus, Type 2"
OR2T33,"Diabetes Mellitus, Type 2"
OR7E26P,"Diabetes Mellitus, Type 2"
OR2T2,"Diabetes Mellitus, Type 2"
MIR27A,"Diabetes Mellitus, Type 2"
MIR27B,"Diabetes Mellitus, Type 2"
POTEKP,"Diabetes Mellitus, Type 2"
MBOAT4,"Diabetes Mellitus, Type 2"
POTEM,"Diabetes Mellitus, Type 2"
IRG1,"Diabetes Mellitus, Type 2"
MICA,"Diabetes Mellitus, Type 2"
COMMD3-BMI1,"Diabetes Mellitus, Type 2"
ERVK-18,"Diabetes Mellitus, Type 2"
ALB,"Diabetes, Gestational"
CAT,"Diabetes, Gestational"
FASN,"Diabetes, Gestational"
GAD1,"Diabetes, Gestational"
IAPP,"Diabetes, Gestational"
LPL,"Diabetes, Gestational"
NOS3,"Diabetes, Gestational"
ENPP1,"Diabetes, Gestational"
POLR2D,"Diabetes, Gestational"
MAP4K2,"Diabetes, Gestational"
SLC2A3,"Diabetes, Gestational"
CLOCK,"Diabetes, Gestational"
PPARGC1A,"Diabetes, Gestational"
FGF21,"Diabetes, Gestational"
GLS2,"Diabetes, Gestational"
FTO,"Diabetes, Gestational"
SLC2A14,"Diabetes, Gestational"
EDN1,Diabetic Cardiomyopathies
GAD1,Prediabetic State
PPARGC1A,Prediabetic State
ALB,Macroalbuminuric diabetic nephropathy
HPSE,Macroalbuminuric diabetic nephropathy
PCSK1,Diabetes Insipidus
CISD2,Diabetes Insipidus
ADM,Syndrome of infant of diabetic mother
NR2F2,"Maturity-Onset Diabetes of the Young, Type 1"
INS-IGF2,"Maturity-Onset Diabetes of the Young, Type 1"
PDE4A,Congenital nephrogenic diabetes insipidus
A2M,Diabetes Mellitus
ACADSB,Diabetes Mellitus
ACPP,Diabetes Mellitus
ACVR2B,Diabetes Mellitus
ADD1,Diabetes Mellitus
ADRA2A,Diabetes Mellitus
ADRA2B,Diabetes Mellitus
ADRBK1,Diabetes Mellitus
AFA,Diabetes Mellitus
AFP,Diabetes Mellitus
AGRP,Diabetes Mellitus
JAG1,Diabetes Mellitus
AHCY,Diabetes Mellitus
ALAS1,Diabetes Mellitus
ALCAM,Diabetes Mellitus
ALDH1A1,Diabetes Mellitus
AMH,Diabetes Mellitus
ANXA2,Diabetes Mellitus
APC,Diabetes Mellitus
XIAP,Diabetes Mellitus
APOA2,Diabetes Mellitus
APOH,Diabetes Mellitus
ABCC6,Diabetes Mellitus
ARSA,Diabetes Mellitus
SERPINC1,Diabetes Mellitus
ZFHX3,Diabetes Mellitus
ATF3,Diabetes Mellitus
ATP12A,Diabetes Mellitus
FXYD2,Diabetes Mellitus
ATP4A,Diabetes Mellitus
AVPR1A,Diabetes Mellitus
BCL2,Diabetes Mellitus
BDKRB1,Diabetes Mellitus
BDKRB2,Diabetes Mellitus
BMP6,Diabetes Mellitus
BMP7,Diabetes Mellitus
BNIP3L,Diabetes Mellitus
BRCA2,Diabetes Mellitus
BRS3,Diabetes Mellitus
BUB1,Diabetes Mellitus
TSPO,Diabetes Mellitus
C2,Diabetes Mellitus
C4A,Diabetes Mellitus
C4B,Diabetes Mellitus
SLC25A20,Diabetes Mellitus
CANX,Diabetes Mellitus
CAPN3,Diabetes Mellitus
CARS,Diabetes Mellitus
CAV1,Diabetes Mellitus
CBLB,Diabetes Mellitus
CBS,Diabetes Mellitus
CD1D,Diabetes Mellitus
MS4A1,Diabetes Mellitus
CD27,Diabetes Mellitus
CD28,Diabetes Mellitus
CD86,Diabetes Mellitus
SCARB1,Diabetes Mellitus
CD40,Diabetes Mellitus
CD44,Diabetes Mellitus
CDK5,Diabetes Mellitus
CDKN1B,Diabetes Mellitus
CDKN3,Diabetes Mellitus
CEBPA,Diabetes Mellitus
CEBPB,Diabetes Mellitus
CHAT,Diabetes Mellitus
CHD1,Diabetes Mellitus
CHIT1,Diabetes Mellitus
CHRM3,Diabetes Mellitus
CHRNA4,Diabetes Mellitus
CNR1,Diabetes Mellitus
CR2,Diabetes Mellitus
CRK,Diabetes Mellitus
CRY1,Diabetes Mellitus
CSE,Diabetes Mellitus
CTNS,Diabetes Mellitus
CTRB1,Diabetes Mellitus
CUX1,Diabetes Mellitus
CYP8B1,Diabetes Mellitus
CYP24A1,Diabetes Mellitus
DACH1,Diabetes Mellitus
DAPK3,Diabetes Mellitus
DHPS,Diabetes Mellitus
DIO2,Diabetes Mellitus
DMD,Diabetes Mellitus
SLC26A3,Diabetes Mellitus
DRD2,Diabetes Mellitus
DUSP9,Diabetes Mellitus
TOR1A,Diabetes Mellitus
EEF1B2P2,Diabetes Mellitus
EIF2S1,Diabetes Mellitus
EIF2S3,Diabetes Mellitus
EIF4EBP1,Diabetes Mellitus
EIF4EBP2,Diabetes Mellitus
EPHB6,Diabetes Mellitus
EPHX2,Diabetes Mellitus
ETFA,Diabetes Mellitus
ETFB,Diabetes Mellitus
ETFDH,Diabetes Mellitus
ETS1,Diabetes Mellitus
EZH2,Diabetes Mellitus
FABP4,Diabetes Mellitus
EFEMP1,Diabetes Mellitus
FGF13,Diabetes Mellitus
FKBP1B,Diabetes Mellitus
FOXC1,Diabetes Mellitus
FLG,Diabetes Mellitus
FLNA,Diabetes Mellitus
FLT3,Diabetes Mellitus
FSHMD1A,Diabetes Mellitus
NR5A1,Diabetes Mellitus
SLC37A4,Diabetes Mellitus
GALNT3,Diabetes Mellitus
GAPDH,Diabetes Mellitus
GATA4,Diabetes Mellitus
GCH1,Diabetes Mellitus
GDNF,Diabetes Mellitus
GFER,Diabetes Mellitus
GFPT1,Diabetes Mellitus
GHSR,Diabetes Mellitus
GIF,Diabetes Mellitus
GK,Diabetes Mellitus
GNAS,Diabetes Mellitus
GRIA2,Diabetes Mellitus
GRM2,Diabetes Mellitus
GSK3B,Diabetes Mellitus
GSTA1,Diabetes Mellitus
GSTA4,Diabetes Mellitus
HABP2,Diabetes Mellitus
HAS1,Diabetes Mellitus
HBG2,Diabetes Mellitus
HCCS,Diabetes Mellitus
HCLS1,Diabetes Mellitus
HCRT,Diabetes Mellitus
HDAC2,Diabetes Mellitus
HLA-DMA,Diabetes Mellitus
HLA-DMB,Diabetes Mellitus
MNX1,Diabetes Mellitus
HLA-DOA,Diabetes Mellitus
HNF4G,Diabetes Mellitus
ONECUT1,Diabetes Mellitus
HRH1,Diabetes Mellitus
HRC,Diabetes Mellitus
HSD11B2,Diabetes Mellitus
HSF1,Diabetes Mellitus
HSPA2,Diabetes Mellitus
HSPA4,Diabetes Mellitus
HSPA5,Diabetes Mellitus
HSPB2,Diabetes Mellitus
HTR2A,Diabetes Mellitus
HTR2C,Diabetes Mellitus
ID3,Diabetes Mellitus
IGFBP5,Diabetes Mellitus
CYR61,Diabetes Mellitus
IL2RB,Diabetes Mellitus
IL3,Diabetes Mellitus
CXCR1,Diabetes Mellitus
IL11,Diabetes Mellitus
INSL3,Diabetes Mellitus
IRAK1,Diabetes Mellitus
ISL1,Diabetes Mellitus
ITGAX,Diabetes Mellitus
ITGB1,Diabetes Mellitus
ITGB2,Diabetes Mellitus
KCNA3,Diabetes Mellitus
KCNA5,Diabetes Mellitus
KCNJ1,Diabetes Mellitus
KCNJ9,Diabetes Mellitus
KCNJ10,Diabetes Mellitus
KDR,Diabetes Mellitus
KIF2A,Diabetes Mellitus
KLK2,Diabetes Mellitus
TNPO1,Diabetes Mellitus
KRT16,Diabetes Mellitus
LCN2,Diabetes Mellitus
LGALS1,Diabetes Mellitus
LIF,Diabetes Mellitus
FADS1,Diabetes Mellitus
LRP5,Diabetes Mellitus
LTBR,Diabetes Mellitus
SH2D1A,Diabetes Mellitus
LYZ,Diabetes Mellitus
NBR1,Diabetes Mellitus
MAFD2,Diabetes Mellitus
MAOA,Diabetes Mellitus
MAP6,Diabetes Mellitus
MAZ,Diabetes Mellitus
MGAT1,Diabetes Mellitus
MGP,Diabetes Mellitus
MICE,Diabetes Mellitus
MIF,Diabetes Mellitus
MIP,Diabetes Mellitus
MIPEP,Diabetes Mellitus
FOXO4,Diabetes Mellitus
MMP8,Diabetes Mellitus
MNAT1,Diabetes Mellitus
MT1B,Diabetes Mellitus
ATP8,Diabetes Mellitus
ND5,Diabetes Mellitus
MUC1,Diabetes Mellitus
MUTYH,Diabetes Mellitus
MVD,Diabetes Mellitus
MYD88,Diabetes Mellitus
MYP2,Diabetes Mellitus
NFATC2,Diabetes Mellitus
NFATC3,Diabetes Mellitus
NFATC4,Diabetes Mellitus
NFE2L1,Diabetes Mellitus
NGF,Diabetes Mellitus
NIDDM1,Diabetes Mellitus
NNAT,Diabetes Mellitus
NME1,Diabetes Mellitus
NOS1,Diabetes Mellitus
NOV,Diabetes Mellitus
NPY5R,Diabetes Mellitus
NTF3,Diabetes Mellitus
NTRK1,Diabetes Mellitus
NUCB2,Diabetes Mellitus
ODF1,Diabetes Mellitus
P2RX7,Diabetes Mellitus
P4HB,Diabetes Mellitus
SERPINB2,Diabetes Mellitus
PCMT1,Diabetes Mellitus
PCNT,Diabetes Mellitus
PGF,Diabetes Mellitus
PHB,Diabetes Mellitus
SLC25A3,Diabetes Mellitus
PIM1,Diabetes Mellitus
PIK3R1,Diabetes Mellitus
PKD1,Diabetes Mellitus
PKNOX1,Diabetes Mellitus
PLXNB1,Diabetes Mellitus
POR,Diabetes Mellitus
PPIA,Diabetes Mellitus
PRF1,Diabetes Mellitus
PRKCA,Diabetes Mellitus
MAPK1,Diabetes Mellitus
PROC,Diabetes Mellitus
MASP1,Diabetes Mellitus
PRSS8,Diabetes Mellitus
PSEN2,Diabetes Mellitus
PSMA6,Diabetes Mellitus
PSMD10,Diabetes Mellitus
PTGDS,Diabetes Mellitus
PTGS1,Diabetes Mellitus
PTPN2,Diabetes Mellitus
PTPN6,Diabetes Mellitus
PTPRC,Diabetes Mellitus
PURA,Diabetes Mellitus
PVRL1,Diabetes Mellitus
RBBP6,Diabetes Mellitus
RHEB,Diabetes Mellitus
RNU1-4,Diabetes Mellitus
RPL29,Diabetes Mellitus
RPS6,Diabetes Mellitus
RPS6KA1,Diabetes Mellitus
CLIP1,Diabetes Mellitus
RXRG,Diabetes Mellitus
RYR2,Diabetes Mellitus
S100A1,Diabetes Mellitus
S100A12,Diabetes Mellitus
CCL11,Diabetes Mellitus
CCL20,Diabetes Mellitus
SELPLG,Diabetes Mellitus
SEPP1,Diabetes Mellitus
SFRP5,Diabetes Mellitus
SHH,Diabetes Mellitus
SI,Diabetes Mellitus
SLC5A4,Diabetes Mellitus
SLC7A2,Diabetes Mellitus
SLC10A2,Diabetes Mellitus
SLC11A1,Diabetes Mellitus
SLC14A1,Diabetes Mellitus
SLC18A2,Diabetes Mellitus
SNRNP70,Diabetes Mellitus
SOAT1,Diabetes Mellitus
SORD,Diabetes Mellitus
SORL1,Diabetes Mellitus
SOS1,Diabetes Mellitus
SOX9,Diabetes Mellitus
SRY,Diabetes Mellitus
SST,Diabetes Mellitus
ST13,Diabetes Mellitus
STAT3,Diabetes Mellitus
STX1A,Diabetes Mellitus
STX4,Diabetes Mellitus
STYX,Diabetes Mellitus
SYP,Diabetes Mellitus
TAC1,Diabetes Mellitus
TAGLN,Diabetes Mellitus
TALDO1,Diabetes Mellitus
TEK,Diabetes Mellitus
TGFBR1,Diabetes Mellitus
TH,Diabetes Mellitus
THRB,Diabetes Mellitus
TKT,Diabetes Mellitus
TLR5,Diabetes Mellitus
TM7SF2,Diabetes Mellitus
TPD52,Diabetes Mellitus
TRAF3,Diabetes Mellitus
TSC1,Diabetes Mellitus
TSC2,Diabetes Mellitus
TTN,Diabetes Mellitus
TXNRD1,Diabetes Mellitus
UCHL1,Diabetes Mellitus
UCN,Diabetes Mellitus
UGT1A,Diabetes Mellitus
UGT2B7,Diabetes Mellitus
VDAC2,Diabetes Mellitus
BEST1,Diabetes Mellitus
CLIP2,Diabetes Mellitus
XRCC1,Diabetes Mellitus
ZFP36,Diabetes Mellitus
ZNF236,Diabetes Mellitus
SLC30A3,Diabetes Mellitus
NPHS2,Diabetes Mellitus
ALMS1,Diabetes Mellitus
SCG2,Diabetes Mellitus
NELFE,Diabetes Mellitus
AIMP2,Diabetes Mellitus
CUBN,Diabetes Mellitus
FGF23,Diabetes Mellitus
KMT2D,Diabetes Mellitus
AAAS,Diabetes Mellitus
MKKS,Diabetes Mellitus
EEA1,Diabetes Mellitus
IRS4,Diabetes Mellitus
CST7,Diabetes Mellitus
MADD,Diabetes Mellitus
KHSRP,Diabetes Mellitus
PRKRA,Diabetes Mellitus
TNFSF11,Diabetes Mellitus
HSD17B6,Diabetes Mellitus
VAMP4,Diabetes Mellitus
TNFSF14,Diabetes Mellitus
FADD,Diabetes Mellitus
SUCLA2,Diabetes Mellitus
HDAC3,Diabetes Mellitus
HCAR3,Diabetes Mellitus
ALKBH1,Diabetes Mellitus
KAT2B,Diabetes Mellitus
ASAP2,Diabetes Mellitus
EIF2S2,Diabetes Mellitus
BCL10,Diabetes Mellitus
WASF1,Diabetes Mellitus
HSPB3,Diabetes Mellitus
TRPA1,Diabetes Mellitus
SELENBP1,Diabetes Mellitus
MAP3K14,Diabetes Mellitus
RPL14,Diabetes Mellitus
ARTN,Diabetes Mellitus
PTTG1,Diabetes Mellitus
MSC,Diabetes Mellitus
LONP1,Diabetes Mellitus
KL,Diabetes Mellitus
CIAO1,Diabetes Mellitus
GRAP2,Diabetes Mellitus
OR7E22P,Diabetes Mellitus
MAPK8IP1,Diabetes Mellitus
LITAF,Diabetes Mellitus
RIMS2,Diabetes Mellitus
GIT2,Diabetes Mellitus
KEAP1,Diabetes Mellitus
SUPT7L,Diabetes Mellitus
PTPRU,Diabetes Mellitus
MBNL2,Diabetes Mellitus
MRPS31,Diabetes Mellitus
KLF2,Diabetes Mellitus
SEMA3A,Diabetes Mellitus
TUBB4B,Diabetes Mellitus
NOD1,Diabetes Mellitus
GNB2L1,Diabetes Mellitus
PEMT,Diabetes Mellitus
LYPLA1,Diabetes Mellitus
IFI30,Diabetes Mellitus
TIMM44,Diabetes Mellitus
SEMA4D,Diabetes Mellitus
CIB2,Diabetes Mellitus
DEAF1,Diabetes Mellitus
HYOU1,Diabetes Mellitus
UBD,Diabetes Mellitus
PRDX4,Diabetes Mellitus
AHSA1,Diabetes Mellitus
MGEA5,Diabetes Mellitus
GIPC1,Diabetes Mellitus
TRAF3IP2,Diabetes Mellitus
NEK6,Diabetes Mellitus
WASF3,Diabetes Mellitus
LILRB1,Diabetes Mellitus
C1QL1,Diabetes Mellitus
MRPS30,Diabetes Mellitus
MMP24,Diabetes Mellitus
PAPOLA,Diabetes Mellitus
KCNQ1OT1,Diabetes Mellitus
IMMT,Diabetes Mellitus
KIF2C,Diabetes Mellitus
LIAS,Diabetes Mellitus
PSIP1,Diabetes Mellitus
WDHD1,Diabetes Mellitus
TUSC2,Diabetes Mellitus
VASH1,Diabetes Mellitus
SACM1L,Diabetes Mellitus
KLRK1,Diabetes Mellitus
MMRN1,Diabetes Mellitus
SIRT2,Diabetes Mellitus
MYO16,Diabetes Mellitus
METAP1,Diabetes Mellitus
PASK,Diabetes Mellitus
LARS2,Diabetes Mellitus
GTPBP4,Diabetes Mellitus
DDAH2,Diabetes Mellitus
PADI4,Diabetes Mellitus
CASP14,Diabetes Mellitus
SH3BP1,Diabetes Mellitus
BACE1,Diabetes Mellitus
TXN2,Diabetes Mellitus
RNF19A,Diabetes Mellitus
TPGS2,Diabetes Mellitus
TIPARP,Diabetes Mellitus
SNED1,Diabetes Mellitus
APPL1,Diabetes Mellitus
POLDIP2,Diabetes Mellitus
ANKRD2,Diabetes Mellitus
OR7E66P,Diabetes Mellitus
OR4F3,Diabetes Mellitus
OR2U2P,Diabetes Mellitus
OR2T1,Diabetes Mellitus
RNU1-1,Diabetes Mellitus
FOXD3,Diabetes Mellitus
ATP2C1,Diabetes Mellitus
ACAD8,Diabetes Mellitus
SIGLEC7,Diabetes Mellitus
TAF5L,Diabetes Mellitus
IL17C,Diabetes Mellitus
GPR162,Diabetes Mellitus
BHLHE22,Diabetes Mellitus
STK39,Diabetes Mellitus
MAT2B,Diabetes Mellitus
REM1,Diabetes Mellitus
DBNL,Diabetes Mellitus
NPC1L1,Diabetes Mellitus
HOOK2,Diabetes Mellitus
SEC61A1,Diabetes Mellitus
PADI1,Diabetes Mellitus
DUOX2,Diabetes Mellitus
IL22,Diabetes Mellitus
DHH,Diabetes Mellitus
GAL,Diabetes Mellitus
MLXIPL,Diabetes Mellitus
IER3IP1,Diabetes Mellitus
CYB5R4,Diabetes Mellitus
NT5C3A,Diabetes Mellitus
SLC25A37,Diabetes Mellitus
ISYNA1,Diabetes Mellitus
HSD17B7,Diabetes Mellitus
LARS,Diabetes Mellitus
IL23A,Diabetes Mellitus
TMBIM4,Diabetes Mellitus
IL17D,Diabetes Mellitus
DUOX1,Diabetes Mellitus
UGT1A1,Diabetes Mellitus
BNC2,Diabetes Mellitus
VPS13C,Diabetes Mellitus
CNTLN,Diabetes Mellitus
SLC52A1,Diabetes Mellitus
MTPAP,Diabetes Mellitus
GIMAP5,Diabetes Mellitus
ZNF823,Diabetes Mellitus
MIOX,Diabetes Mellitus
CNDP2,Diabetes Mellitus
VIMP,Diabetes Mellitus
CISD1,Diabetes Mellitus
ZKSCAN7,Diabetes Mellitus
MYDGF,Diabetes Mellitus
PCDHA@,Diabetes Mellitus
PCDHA4,Diabetes Mellitus
PELI1,Diabetes Mellitus
AS3MT,Diabetes Mellitus
SCAF4,Diabetes Mellitus
KIAA1524,Diabetes Mellitus
NEUROD4,Diabetes Mellitus
PROL1,Diabetes Mellitus
ARHGAP22,Diabetes Mellitus
BACH2,Diabetes Mellitus
NIF3L1,Diabetes Mellitus
HPSE2,Diabetes Mellitus
SRR,Diabetes Mellitus
CIDEC,Diabetes Mellitus
MOAP1,Diabetes Mellitus
NOD2,Diabetes Mellitus
HHIP,Diabetes Mellitus
PDIA2,Diabetes Mellitus
P2RY12,Diabetes Mellitus
PORCN,Diabetes Mellitus
PINK1,Diabetes Mellitus
MMEL1,Diabetes Mellitus
OR5H5P,Diabetes Mellitus
OR10R1P,Diabetes Mellitus
MUL1,Diabetes Mellitus
DHX40,Diabetes Mellitus
LIN28A,Diabetes Mellitus
BICC1,Diabetes Mellitus
ALPK1,Diabetes Mellitus
FLAD1,Diabetes Mellitus
LPAL2,Diabetes Mellitus
CD276,Diabetes Mellitus
OR4F16,Diabetes Mellitus
OR2G3,Diabetes Mellitus
CCDC8,Diabetes Mellitus
HOPX,Diabetes Mellitus
LYZL1,Diabetes Mellitus
ZGPAT,Diabetes Mellitus
TRIM63,Diabetes Mellitus
CNDP1,Diabetes Mellitus
PLXDC2,Diabetes Mellitus
ABCC11,Diabetes Mellitus
BMF,Diabetes Mellitus
RFT1,Diabetes Mellitus
TRMT10A,Diabetes Mellitus
MUC16,Diabetes Mellitus
IL17F,Diabetes Mellitus
TXNRD3,Diabetes Mellitus
CYGB,Diabetes Mellitus
MYSM1,Diabetes Mellitus
OSBPL11,Diabetes Mellitus
SLC26A9,Diabetes Mellitus
SLC5A11,Diabetes Mellitus
RMI2,Diabetes Mellitus
MOGAT1,Diabetes Mellitus
MAS1L,Diabetes Mellitus
OSCAR,Diabetes Mellitus
OR10J5,Diabetes Mellitus
OR6N1,Diabetes Mellitus
OR1N1,Diabetes Mellitus
GPR119,Diabetes Mellitus
AMOT,Diabetes Mellitus
ZNF645,Diabetes Mellitus
CRTC2,Diabetes Mellitus
RANP1,Diabetes Mellitus
IL27,Diabetes Mellitus
TCERG1L,Diabetes Mellitus
FRMD3,Diabetes Mellitus
HS6ST3,Diabetes Mellitus
TUSC5,Diabetes Mellitus
MMAB,Diabetes Mellitus
NLRP10,Diabetes Mellitus
HCAR2,Diabetes Mellitus
VWA2,Diabetes Mellitus
OR7E31P,Diabetes Mellitus
TBPL2,Diabetes Mellitus
FAM132A,Diabetes Mellitus
OR6B2,Diabetes Mellitus
LIN28B,Diabetes Mellitus
OR10K1,Diabetes Mellitus
OR6Y1,Diabetes Mellitus
OR6K3,Diabetes Mellitus
OR7E26P,Diabetes Mellitus
LINC01194,Diabetes Mellitus
MIR132,Diabetes Mellitus
MIR143,Diabetes Mellitus
MIR145,Diabetes Mellitus
MIR182,Diabetes Mellitus
MIR184,Diabetes Mellitus
MIR195,Diabetes Mellitus
MIR204,Diabetes Mellitus
MIR206,Diabetes Mellitus
MIR29A,Diabetes Mellitus
MIR30D,Diabetes Mellitus
MIR93,Diabetes Mellitus
MIR338,Diabetes Mellitus
BW22,Diabetes Mellitus
BW56,Diabetes Mellitus
MIR499A,Diabetes Mellitus
MIR503,Diabetes Mellitus
GGTLC5P,Diabetes Mellitus
MAFIP,Diabetes Mellitus
GGTLC3,Diabetes Mellitus
GGT2,Diabetes Mellitus
DNLZ,Diabetes Mellitus
OR4F29,Diabetes Mellitus
GGTLC4P,Diabetes Mellitus
CDKN2B-AS1,Diabetes Mellitus
C20orf181,Diabetes Mellitus
KIF28P,Diabetes Mellitus
FOXO6,Diabetes Mellitus
C4B_2,Diabetes Mellitus
AAA1,Diabetes Mellitus
KLRC4-KLRK1,Diabetes Mellitus
LINC01150,Diabetes Mellitus
LOC102724560,Diabetes Mellitus
LOC104968398,Diabetes Mellitus
GCG,"Diabetes Mellitus, Type Ii, Autosomal Dominant"
GCKR,"Diabetes Mellitus, Type Ii, Autosomal Dominant"
BBS1,"Diabetes Mellitus, Insulin-Dependent, 4"
SDHAF2,"Diabetes Mellitus, Insulin-Dependent, 4"
G6PC,Streptozotocin Diabetes
SLC37A4,Streptozotocin Diabetes
SLC9A3,Streptozotocin Diabetes
AHR,Diabetic Angiopathies
AKR1B1,Diabetic Angiopathies
EEF1A2,Diabetic Angiopathies
GLP1R,Diabetic Angiopathies
HMGB1,Diabetic Angiopathies
IGFBP7,Diabetic Angiopathies
MBL2,Diabetic Angiopathies
MSX2,Diabetic Angiopathies
TNFRSF11B,Diabetic Angiopathies
PLG,Diabetic Angiopathies
ST3GAL4,Diabetic Angiopathies
TGFBI,Diabetic Angiopathies
NELFE,Diabetic Angiopathies
RIMS2,Diabetic Angiopathies
OR10A4,Diabetic Angiopathies
NANOS3,Diabetic Angiopathies
A2M,Diabetes
SERPINA3,Diabetes
ACACB,Diabetes
ACVR2B,Diabetes
ADAM10,Diabetes
ADD1,Diabetes
ADRA1D,Diabetes
ADRA2A,Diabetes
ADRA2B,Diabetes
ADRBK1,Diabetes
AFA,Diabetes
AGRP,Diabetes
JAG1,Diabetes
AHCY,Diabetes
AHSG,Diabetes
AKT1,Diabetes
ALAS1,Diabetes
ALCAM,Diabetes
ALDH1A1,Diabetes
AMH,Diabetes
ANXA2,Diabetes
APC,Diabetes
XIAP,Diabetes
APOA2,Diabetes
APOA4,Diabetes
APOH,Diabetes
FAS,Diabetes
ABCC6,Diabetes
ARSA,Diabetes
SERPINC1,Diabetes
ATF3,Diabetes
FXYD2,Diabetes
ATP5J,Diabetes
AVPR1A,Diabetes
BAX,Diabetes
BMP6,Diabetes
BMP7,Diabetes
BNIP3L,Diabetes
BRCA1,Diabetes
BRCA2,Diabetes
BRS3,Diabetes
TSPO,Diabetes
C4A,Diabetes
C4B,Diabetes
SLC25A20,Diabetes
CAPN3,Diabetes
CARS,Diabetes
CASR,Diabetes
CAV1,Diabetes
CBLB,Diabetes
CBS,Diabetes
CD1D,Diabetes
MS4A1,Diabetes
CD27,Diabetes
CD28,Diabetes
CD86,Diabetes
SCARB1,Diabetes
CD40,Diabetes
CD44,Diabetes
CDKN1B,Diabetes
CDKN3,Diabetes
CEBPB,Diabetes
CHAT,Diabetes
CHD1,Diabetes
CHIT1,Diabetes
CHRM3,Diabetes
CHRNA4,Diabetes
CLPS,Diabetes
CNR1,Diabetes
CNTF,Diabetes
KLF6,Diabetes
CPT1A,Diabetes
CR2,Diabetes
CRH,Diabetes
CRY1,Diabetes
CSE,Diabetes
CSTA,Diabetes
CTRB1,Diabetes
CX3CR1,Diabetes
CYP8B1,Diabetes
CYP24A1,Diabetes
DACH1,Diabetes
DAPK3,Diabetes
DBP,Diabetes
DHPS,Diabetes
DIO2,Diabetes
DMD,Diabetes
DNM2,Diabetes
SLC26A3,Diabetes
DRD2,Diabetes
DUSP9,Diabetes
EEF1B2P2,Diabetes
EIF2S1,Diabetes
EIF2S3,Diabetes
EIF4EBP1,Diabetes
EIF4EBP2,Diabetes
EPHB6,Diabetes
EPHX2,Diabetes
ETFA,Diabetes
ETFB,Diabetes
ETFDH,Diabetes
ETS1,Diabetes
EZH2,Diabetes
FABP4,Diabetes
PTK2B,Diabetes
FBN2,Diabetes
EFEMP1,Diabetes
FGF13,Diabetes
FKBP1B,Diabetes
FOXC1,Diabetes
FLG,Diabetes
FLNA,Diabetes
FLT3,Diabetes
FSHMD1A,Diabetes
NR5A1,Diabetes
SLC37A4,Diabetes
GALNT3,Diabetes
GAPDH,Diabetes
GATA3,Diabetes
GATA4,Diabetes
GC,Diabetes
GCH1,Diabetes
GDNF,Diabetes
GEM,Diabetes
GFER,Diabetes
GFPT1,Diabetes
GGT1,Diabetes
GHSR,Diabetes
GIF,Diabetes
GRIA2,Diabetes
GRM2,Diabetes
GSK3B,Diabetes
GSTA1,Diabetes
GSTA4,Diabetes
HABP2,Diabetes
HAS1,Diabetes
HBG2,Diabetes
HCCS,Diabetes
HCRT,Diabetes
HDAC2,Diabetes
HLA-C,Diabetes
HLA-DMA,Diabetes
HLA-DMB,Diabetes
MNX1,Diabetes
HLA-DOA,Diabetes
HNF4G,Diabetes
HRH1,Diabetes
HRC,Diabetes
HSD11B2,Diabetes
HSD17B4,Diabetes
HSF1,Diabetes
HSPA2,Diabetes
HSPA4,Diabetes
HSPA5,Diabetes
HSPB2,Diabetes
HTR2A,Diabetes
HTR2C,Diabetes
ID3,Diabetes
IDDM14,Diabetes
IGFBP5,Diabetes
CYR61,Diabetes
IL3,Diabetes
CXCR1,Diabetes
IL11,Diabetes
INSL3,Diabetes
IRAK1,Diabetes
ISL1,Diabetes
ITGAX,Diabetes
ITGB1,Diabetes
ITGB2,Diabetes
KCNA3,Diabetes
KCNA5,Diabetes
KCNJ1,Diabetes
KCNJ9,Diabetes
KCNJ10,Diabetes
KDR,Diabetes
KIF2A,Diabetes
KIR2DL2,Diabetes
KLK2,Diabetes
TNPO1,Diabetes
KRT16,Diabetes
LIF,Diabetes
FADS1,Diabetes
LRP5,Diabetes
LTBR,Diabetes
SH2D1A,Diabetes
LYZ,Diabetes
MAFD2,Diabetes
MAP6,Diabetes
MAZ,Diabetes
MEF2A,Diabetes
MGAT1,Diabetes
MGP,Diabetes
MICE,Diabetes
MIF,Diabetes
MIP,Diabetes
MIPEP,Diabetes
FOXO4,Diabetes
MMP8,Diabetes
MNAT1,Diabetes
MT1B,Diabetes
ATP8,Diabetes
ND5,Diabetes
MUTYH,Diabetes
MVD,Diabetes
MYD88,Diabetes
MYP2,Diabetes
NFATC2,Diabetes
NFATC3,Diabetes
NFATC4,Diabetes
NFE2L1,Diabetes
NGF,Diabetes
NIDDM1,Diabetes
NNAT,Diabetes
NME1,Diabetes
NOS1,Diabetes
NOTCH2,Diabetes
NOV,Diabetes
NPY5R,Diabetes
NTF3,Diabetes
NTRK1,Diabetes
ODF1,Diabetes
OGG1,Diabetes
P2RX7,Diabetes
P4HB,Diabetes
SERPINB2,Diabetes
PARK2,Diabetes
PCMT1,Diabetes
PCNA,Diabetes
PCNT,Diabetes
PGF,Diabetes
PHB,Diabetes
SLC25A3,Diabetes
SERPINA1,Diabetes
PIM1,Diabetes
PIK3R1,Diabetes
PKD1,Diabetes
PKNOX1,Diabetes
PLXNB1,Diabetes
POR,Diabetes
PPIA,Diabetes
PRF1,Diabetes
PRKCA,Diabetes
PROC,Diabetes
MASP1,Diabetes
PRSS8,Diabetes
PSEN2,Diabetes
PSMA6,Diabetes
PSMD10,Diabetes
PTGDS,Diabetes
PTGS1,Diabetes
PTPN2,Diabetes
PTPN6,Diabetes
PTPRC,Diabetes
PURA,Diabetes
PVRL1,Diabetes
RBBP6,Diabetes
RHEB,Diabetes
RNU1-4,Diabetes
RPL29,Diabetes
CLIP1,Diabetes
RXRG,Diabetes
RYR2,Diabetes
S100A1,Diabetes
S100A9,Diabetes
S100A12,Diabetes
CCL11,Diabetes
CCL20,Diabetes
SELPLG,Diabetes
SEPP1,Diabetes
SFRP5,Diabetes
SHH,Diabetes
SI,Diabetes
SLC6A4,Diabetes
SLC7A2,Diabetes
SLC11A1,Diabetes
SLC18A2,Diabetes
SLC22A1,Diabetes
SNRNP70,Diabetes
SOAT1,Diabetes
SORD,Diabetes
SORL1,Diabetes
SOS1,Diabetes
SRY,Diabetes
SST,Diabetes
ST13,Diabetes
STAT3,Diabetes
STX1A,Diabetes
STX4,Diabetes
STYX,Diabetes
SYP,Diabetes
TAC1,Diabetes
TAGLN,Diabetes
TALDO1,Diabetes
TFRC,Diabetes
TH,Diabetes
THRB,Diabetes
TIMP2,Diabetes
TIMP3,Diabetes
TKT,Diabetes
TLR2,Diabetes
TLR5,Diabetes
TM7SF2,Diabetes
TPD52,Diabetes
TRAF3,Diabetes
TSC1,Diabetes
TSC2,Diabetes
TTN,Diabetes
TXNRD1,Diabetes
UCHL1,Diabetes
UGT1A,Diabetes
VDAC2,Diabetes
BEST1,Diabetes
CLIP2,Diabetes
WRN,Diabetes
ZFP36,Diabetes
ZNF236,Diabetes
SLC30A3,Diabetes
NPHS2,Diabetes
ALMS1,Diabetes
SCG2,Diabetes
NELFE,Diabetes
CUBN,Diabetes
FGF23,Diabetes
KMT2D,Diabetes
AAAS,Diabetes
MKKS,Diabetes
EEA1,Diabetes
IRS4,Diabetes
MADD,Diabetes
PRKRA,Diabetes
TNFSF11,Diabetes
HSD17B6,Diabetes
PDE5A,Diabetes
VAMP4,Diabetes
IDDM17,Diabetes
TNFSF14,Diabetes
FADD,Diabetes
SUCLA2,Diabetes
HDAC3,Diabetes
HCAR3,Diabetes
ALKBH1,Diabetes
KAT2B,Diabetes
APLN,Diabetes
CDC123,Diabetes
EIF2S2,Diabetes
BCL10,Diabetes
WASF1,Diabetes
HSPB3,Diabetes
TRPA1,Diabetes
SELENBP1,Diabetes
MAP3K14,Diabetes
RPL14,Diabetes
ARTN,Diabetes
PTTG1,Diabetes
MSC,Diabetes
CD163,Diabetes
LONP1,Diabetes
KL,Diabetes
CIAO1,Diabetes
OR7E22P,Diabetes
MAPK8IP1,Diabetes
RIMS2,Diabetes
GIT2,Diabetes
KEAP1,Diabetes
SUPT7L,Diabetes
PTPRU,Diabetes
KLRG1,Diabetes
MRPS31,Diabetes
KLF2,Diabetes
SEMA3A,Diabetes
NOD1,Diabetes
GNB2L1,Diabetes
PEMT,Diabetes
LYPLA1,Diabetes
IFI30,Diabetes
TIMM44,Diabetes
SEMA4D,Diabetes
CIB2,Diabetes
DEAF1,Diabetes
HYOU1,Diabetes
UBD,Diabetes
PRDX4,Diabetes
AGPAT2,Diabetes
MGEA5,Diabetes
GIPC1,Diabetes
WASF3,Diabetes
LILRB1,Diabetes
C1QL1,Diabetes
MMP24,Diabetes
KCNQ1OT1,Diabetes
IMMT,Diabetes
KIF2C,Diabetes
LIAS,Diabetes
BTN2A1,Diabetes
PTPRT,Diabetes
WDHD1,Diabetes
VASH1,Diabetes
SACM1L,Diabetes
KLRK1,Diabetes
MMRN1,Diabetes
SIRT2,Diabetes
MYO16,Diabetes
METAP1,Diabetes
PASK,Diabetes
LARS2,Diabetes
GTPBP4,Diabetes
PADI4,Diabetes
CASP14,Diabetes
BACE1,Diabetes
DIANPH,Diabetes
TXN2,Diabetes
TPGS2,Diabetes
SNED1,Diabetes
APPL1,Diabetes
ANKRD2,Diabetes
SLC17A5,Diabetes
OR7E66P,Diabetes
OR4F3,Diabetes
OR2T1,Diabetes
RNU1-1,Diabetes
FOXD3,Diabetes
ATP2C1,Diabetes
ACAD8,Diabetes
TAF5L,Diabetes
IL17C,Diabetes
GPR162,Diabetes
BHLHE22,Diabetes
STK39,Diabetes
MAT2B,Diabetes
REM1,Diabetes
HOOK2,Diabetes
SEC61A1,Diabetes
PADI1,Diabetes
DUOX2,Diabetes
IL22,Diabetes
DHH,Diabetes
GAL,Diabetes
MLXIPL,Diabetes
IER3IP1,Diabetes
INSIG2,Diabetes
CYB5R4,Diabetes
NT5C3A,Diabetes
SLC25A37,Diabetes
PRKAG2,Diabetes
ISYNA1,Diabetes
HSD17B7,Diabetes
LARS,Diabetes
IL23A,Diabetes
TMBIM4,Diabetes
IL17D,Diabetes
DUOX1,Diabetes
UGT1A1,Diabetes
BNC2,Diabetes
VPS13C,Diabetes
CNTLN,Diabetes
SLC52A1,Diabetes
GIMAP5,Diabetes
ZNF823,Diabetes
CNDP2,Diabetes
VIMP,Diabetes
CISD1,Diabetes
ZKSCAN7,Diabetes
MYDGF,Diabetes
PCDHA@,Diabetes
PCDHA4,Diabetes
TRPV5,Diabetes
ADAMTS9,Diabetes
PELI1,Diabetes
AS3MT,Diabetes
SCAF4,Diabetes
SEMA6A,Diabetes
NEUROD4,Diabetes
PROL1,Diabetes
ARHGAP22,Diabetes
BACH2,Diabetes
NIF3L1,Diabetes
HPSE2,Diabetes
SRR,Diabetes
CIDEC,Diabetes
MOAP1,Diabetes
NOD2,Diabetes
HHIP,Diabetes
PDIA2,Diabetes
P2RY12,Diabetes
PORCN,Diabetes
PINK1,Diabetes
MMEL1,Diabetes
OR5H5P,Diabetes
OR10R1P,Diabetes
MUL1,Diabetes
DHX40,Diabetes
LIN28A,Diabetes
BICC1,Diabetes
FLAD1,Diabetes
LPAL2,Diabetes
CD276,Diabetes
OR4F16,Diabetes
OR2G3,Diabetes
HOPX,Diabetes
LYZL1,Diabetes
ZGPAT,Diabetes
TRIM63,Diabetes
PLXDC2,Diabetes
ABCC11,Diabetes
BMF,Diabetes
RFT1,Diabetes
TRMT10A,Diabetes
IL17F,Diabetes
TXNRD3,Diabetes
CYGB,Diabetes
MYSM1,Diabetes
OSBPL11,Diabetes
SLC26A9,Diabetes
MOGAT1,Diabetes
MAS1L,Diabetes
OR10J5,Diabetes
OR6N1,Diabetes
OR1N1,Diabetes
GPR119,Diabetes
ZNF645,Diabetes
CRTC2,Diabetes
RANP1,Diabetes
RFX6,Diabetes
IL27,Diabetes
TCERG1L,Diabetes
FRMD3,Diabetes
HS6ST3,Diabetes
IFNL3,Diabetes
TUSC5,Diabetes
MMAB,Diabetes
NLRP10,Diabetes
HCAR2,Diabetes
FFAR4,Diabetes
VWA2,Diabetes
OR7E31P,Diabetes
TBPL2,Diabetes
FAM132A,Diabetes
OR6B2,Diabetes
LIN28B,Diabetes
MAFA,Diabetes
OR10K1,Diabetes
OR10R3P,Diabetes
OR6Y1,Diabetes
OR6K3,Diabetes
OR7E26P,Diabetes
LINC01194,Diabetes
MIR126,Diabetes
MIR132,Diabetes
MIR145,Diabetes
MIR155,Diabetes
MIR182,Diabetes
MIR184,Diabetes
MIR195,Diabetes
MIR204,Diabetes
MIR29A,Diabetes
MIR30D,Diabetes
MIR93,Diabetes
MIR338,Diabetes
BW22,Diabetes
BW56,Diabetes
MIR499A,Diabetes
GGTLC5P,Diabetes
MAFIP,Diabetes
GGTLC3,Diabetes
GGT2,Diabetes
DNLZ,Diabetes
OR4F29,Diabetes
GGTLC4P,Diabetes
CDKN2B-AS1,Diabetes
C20orf181,Diabetes
KIF28P,Diabetes
FOXO6,Diabetes
C4B_2,Diabetes
AAA1,Diabetes
KLRC4-KLRK1,Diabetes
LINC01150,Diabetes
LOC102724560,Diabetes
LOC104968398,Diabetes
GAD1,Diabetes in children
GCK,Diabetes in children
GCNT2,Diabetes in children
HLA-DQA1,Diabetes in children
HNF4A,Diabetes in children
HSPA4,Diabetes in children
SLC25A3,Diabetes in children
MAP4K2,Diabetes in children
REG1A,Diabetes in children
NRP1,Diabetes in children
PTPRU,Diabetes in children
LOC100509457,Diabetes in children
ALB,Insulin resistant diabetes mellitus
PRKAG2,Insulin resistant diabetes mellitus
APOA5,Insulin resistant diabetes mellitus
DMBT1,Diabetic Foot
EEF1A2,Diabetic Foot
HSPA1A,Diabetic Foot
LEP,Diabetic Foot
NTS,Diabetic Foot
PON1,Diabetic Foot
SAG,Diabetic Foot
ADAM17,Diabetic Foot
TIMP3,Diabetic Foot
RNF7,Diabetic Foot
WNK1,Diabetic Foot
ACO1,Pregnancy in Diabetics
ACTB,Pregnancy in Diabetics
CSHL1,Pregnancy in Diabetics
FGF2,Pregnancy in Diabetics
FGF13,Pregnancy in Diabetics
GH2,Pregnancy in Diabetics
MBL2,Pregnancy in Diabetics
KMT2A,Pregnancy in Diabetics
MMP14,Pregnancy in Diabetics
SLC2A1,Pregnancy in Diabetics
SLC6A4,Pregnancy in Diabetics
SLC9A1,Pregnancy in Diabetics
TFRC,Pregnancy in Diabetics
TXN,Pregnancy in Diabetics
GDF15,Pregnancy in Diabetics
DCAF7,Pregnancy in Diabetics
POTEF,Pregnancy in Diabetics
DNMT3B,Latent autoimmune diabetes mellitus in adult
GAD1,Latent autoimmune diabetes mellitus in adult
GAD2,Latent autoimmune diabetes mellitus in adult
IFNG,Latent autoimmune diabetes mellitus in adult
IL2RA,Latent autoimmune diabetes mellitus in adult
ISG20,Latent autoimmune diabetes mellitus in adult
TCF7L2,Latent autoimmune diabetes mellitus in adult
HLA-DQA2,Fibrocalculous pancreatic diabetes
HLA-DQB1,Fibrocalculous pancreatic diabetes
HLA-DQB2,Fibrocalculous pancreatic diabetes
INSR,Fibrocalculous pancreatic diabetes
REG1A,Fibrocalculous pancreatic diabetes
TNF,Fibrocalculous pancreatic diabetes
LEPR,"Diabetes Insipidus, Neurogenic"
SGCG,"Diabetes Insipidus, Neurogenic"
UBB,"Diabetes Insipidus, Neurogenic"
SIRT1,"Diabetes Insipidus, Neurogenic"
BDKRB1,diabetes mellitus risk
BDKRB2,diabetes mellitus risk
GSTT1,diabetes mellitus risk
HLA-DQA1,diabetes mellitus risk
HLA-DQA2,diabetes mellitus risk
HLA-DQB1,diabetes mellitus risk
HLA-DQB2,diabetes mellitus risk
HLA-DRB1,diabetes mellitus risk
INS,diabetes mellitus risk
MTNR1B,diabetes mellitus risk
G6PC2,diabetes mellitus risk
LOC100509457,diabetes mellitus risk
CXCL12,Visually threatening diabetic retinopathy
CDKN1C,Transient neonatal diabetes mellitus
SLC2A2,Transient neonatal diabetes mellitus
KCNQ1OT1,Transient neonatal diabetes mellitus
LPL,Insulin resistance in diabetes
MAPK8,Insulin resistance in diabetes
PTPN1,Insulin resistance in diabetes
ADIPOQ,Insulin resistance in diabetes
RETN,Insulin resistance in diabetes
TNF,Diabetes in old age
PRKAG2,Diabetes in old age
ALB,Microalbuminuric diabetic nephropathy
CAPG,Microalbuminuric diabetic nephropathy
CD46,Microalbuminuric diabetic nephropathy
ADIPOQ,Microalbuminuric diabetic nephropathy
AMOT,Microalbuminuric diabetic nephropathy
MIR145,Microalbuminuric diabetic nephropathy
TXN,Diabetic Embryopathy
ABCA1,Diabetic Nephropathies
ADAM10,Diabetic Nephropathies
ADD1,Diabetic Nephropathies
ADD2,Diabetic Nephropathies
ADH1B,Diabetic Nephropathies
JAG1,Diabetic Nephropathies
APLNR,Diabetic Nephropathies
ALDH2,Diabetic Nephropathies
ALOX12,Diabetic Nephropathies
AMH,Diabetic Nephropathies
ANG,Diabetic Nephropathies
ANGPT1,Diabetic Nephropathies
FASLG,Diabetic Nephropathies
AQP1,Diabetic Nephropathies
AQP2,Diabetic Nephropathies
AQP5,Diabetic Nephropathies
BCL2,Diabetic Nephropathies
BGN,Diabetic Nephropathies
CAV1,Diabetic Nephropathies
CDH2,Diabetic Nephropathies
CETP,Diabetic Nephropathies
CNR1,Diabetic Nephropathies
COL1A2,Diabetic Nephropathies
COL8A1,Diabetic Nephropathies
COL8A2,Diabetic Nephropathies
COX8A,Diabetic Nephropathies
CREB1,Diabetic Nephropathies
CREM,Diabetic Nephropathies
VCAN,Diabetic Nephropathies
CYBB,Diabetic Nephropathies
CYP24A1,Diabetic Nephropathies
DBP,Diabetic Nephropathies
DPP4,Diabetic Nephropathies
DRD3,Diabetic Nephropathies
E2F1,Diabetic Nephropathies
ECE1,Diabetic Nephropathies
EDA,Diabetic Nephropathies
EEF1B2P2,Diabetic Nephropathies
EGFR,Diabetic Nephropathies
MARK2,Diabetic Nephropathies
EPHX2,Diabetic Nephropathies
ETS1,Diabetic Nephropathies
G6PD,Diabetic Nephropathies
GC,Diabetic Nephropathies
GCG,Diabetic Nephropathies
GHSR,Diabetic Nephropathies
GPX1,Diabetic Nephropathies
GPX4,Diabetic Nephropathies
GTF2H1,Diabetic Nephropathies
HBA1,Diabetic Nephropathies
HBA2,Diabetic Nephropathies
HCCS,Diabetic Nephropathies
HLA-DRB4,Diabetic Nephropathies
HMGB1,Diabetic Nephropathies
HES1,Diabetic Nephropathies
HSD17B4,Diabetic Nephropathies
HSPA4,Diabetic Nephropathies
HSPA5,Diabetic Nephropathies
IL1A,Diabetic Nephropathies
CXCL8,Diabetic Nephropathies
INPPL1,Diabetic Nephropathies
INSR,Diabetic Nephropathies
ITGA1,Diabetic Nephropathies
ITGA2B,Diabetic Nephropathies
JAK2,Diabetic Nephropathies
KRT16,Diabetic Nephropathies
LAMC1,Diabetic Nephropathies
LCP1,Diabetic Nephropathies
LEP,Diabetic Nephropathies
LMNA,Diabetic Nephropathies
LRP5,Diabetic Nephropathies
LTBP1,Diabetic Nephropathies
SMAD5,Diabetic Nephropathies
MEP1B,Diabetic Nephropathies
KMT2A,Diabetic Nephropathies
MME,Diabetic Nephropathies
MMP7,Diabetic Nephropathies
MMP10,Diabetic Nephropathies
COX1,Diabetic Nephropathies
MUC1,Diabetic Nephropathies
NCK1,Diabetic Nephropathies
NOTCH3,Diabetic Nephropathies
PITX2,Diabetic Nephropathies
PKD1,Diabetic Nephropathies
PPARD,Diabetic Nephropathies
PRH1,Diabetic Nephropathies
PRH2,Diabetic Nephropathies
MAPK1,Diabetic Nephropathies
MAPK3,Diabetic Nephropathies
MAPK8,Diabetic Nephropathies
MAPK9,Diabetic Nephropathies
MAP2K2,Diabetic Nephropathies
PSMD9,Diabetic Nephropathies
PTGDS,Diabetic Nephropathies
PTGS1,Diabetic Nephropathies
PTHLH,Diabetic Nephropathies
PTPN1,Diabetic Nephropathies
BRD2,Diabetic Nephropathies
ROCK1,Diabetic Nephropathies
RPL36A,Diabetic Nephropathies
SCD,Diabetic Nephropathies
SLC22A3,Diabetic Nephropathies
SLC22A2,Diabetic Nephropathies
SLPI,Diabetic Nephropathies
SMN1,Diabetic Nephropathies
SMN2,Diabetic Nephropathies
SORD,Diabetic Nephropathies
STAT1,Diabetic Nephropathies
STAT3,Diabetic Nephropathies
ABCC8,Diabetic Nephropathies
SYT1,Diabetic Nephropathies
ADAM17,Diabetic Nephropathies
TGFB2,Diabetic Nephropathies
TGFB3,Diabetic Nephropathies
TLR2,Diabetic Nephropathies
TPD52,Diabetic Nephropathies
CRISP2,Diabetic Nephropathies
TXN,Diabetic Nephropathies
BEST1,Diabetic Nephropathies
WFS1,Diabetic Nephropathies
WT1,Diabetic Nephropathies
NELFE,Diabetic Nephropathies
CUL5,Diabetic Nephropathies
HMGA2,Diabetic Nephropathies
SLC14A2,Diabetic Nephropathies
C21orf33,Diabetic Nephropathies
EPX,Diabetic Nephropathies
AXIN2,Diabetic Nephropathies
SDPR,Diabetic Nephropathies
IRS2,Diabetic Nephropathies
IL18R1,Diabetic Nephropathies
NR1I2,Diabetic Nephropathies
SQSTM1,Diabetic Nephropathies
SLC22A6,Diabetic Nephropathies
PPIG,Diabetic Nephropathies
KL,Diabetic Nephropathies
SLC22A8,Diabetic Nephropathies
PICK1,Diabetic Nephropathies
GDF15,Diabetic Nephropathies
RIMS2,Diabetic Nephropathies
SFI1,Diabetic Nephropathies
ZEB2,Diabetic Nephropathies
GFPT2,Diabetic Nephropathies
EBI3,Diabetic Nephropathies
CALCRL,Diabetic Nephropathies
RAMP2,Diabetic Nephropathies
AKR1A1,Diabetic Nephropathies
TFG,Diabetic Nephropathies
TIMM44,Diabetic Nephropathies
HYOU1,Diabetic Nephropathies
KHDRBS1,Diabetic Nephropathies
MMP24,Diabetic Nephropathies
JTB,Diabetic Nephropathies
ADAMTS13,Diabetic Nephropathies
SYNPO,Diabetic Nephropathies
VASH1,Diabetic Nephropathies
MLYCD,Diabetic Nephropathies
CD2AP,Diabetic Nephropathies
NUP62,Diabetic Nephropathies
HPGDS,Diabetic Nephropathies
BHLHE22,Diabetic Nephropathies
SGSM3,Diabetic Nephropathies
REM1,Diabetic Nephropathies
EHD2,Diabetic Nephropathies
MBL3P,Diabetic Nephropathies
FOXP3,Diabetic Nephropathies
MLXIPL,Diabetic Nephropathies
DCTN4,Diabetic Nephropathies
MEPE,Diabetic Nephropathies
MAGEE1,Diabetic Nephropathies
ZNF410,Diabetic Nephropathies
TRPV4,Diabetic Nephropathies
FN3K,Diabetic Nephropathies
NOD2,Diabetic Nephropathies
GORASP1,Diabetic Nephropathies
WNK1,Diabetic Nephropathies
NOX5,Diabetic Nephropathies
LIN28A,Diabetic Nephropathies
EHMT1,Diabetic Nephropathies
DOT1L,Diabetic Nephropathies
SPZ1,Diabetic Nephropathies
LMNB2,Diabetic Nephropathies
ABCC11,Diabetic Nephropathies
MTG1,Diabetic Nephropathies
OR6B1,Diabetic Nephropathies
GLIPR2,Diabetic Nephropathies
PRSS55,Diabetic Nephropathies
NANOS1,Diabetic Nephropathies
HCN1,Diabetic Nephropathies
SERPINA13P,Diabetic Nephropathies
OR3A4P,Diabetic Nephropathies
MIRLET7B,Diabetic Nephropathies
MIR126,Diabetic Nephropathies
MIR210,Diabetic Nephropathies
MIR93,Diabetic Nephropathies
OR13G1,Diabetic Nephropathies
NCF1,Diabetic Nephropathies
ZGLP1,Diabetic Nephropathies
OR3A5P,Diabetic Nephropathies
LOC102724023,Diabetic Nephropathies
ABCA4,Neonatal diabetes mellitus
ASAH1,Neonatal diabetes mellitus
DNAH8,Neonatal diabetes mellitus
GATA4,Neonatal diabetes mellitus
HLA-DRB4,Neonatal diabetes mellitus
NKX2-2,Neonatal diabetes mellitus
PAX4,Neonatal diabetes mellitus
MAP4K2,Neonatal diabetes mellitus
SOX3,Neonatal diabetes mellitus
HNF1B,Neonatal diabetes mellitus
TNDM,Neonatal diabetes mellitus
FOXP3,Neonatal diabetes mellitus
PDGFB,Diabetic ulcer
ALB,Insulin resistance syndrome
APOA2,Insulin resistance syndrome
APOA4,Insulin resistance syndrome
APOC1,Insulin resistance syndrome
APOC2,Insulin resistance syndrome
APOC4,Insulin resistance syndrome
CD36,Insulin resistance syndrome
CP,Insulin resistance syndrome
CRP,Insulin resistance syndrome
GCG,Insulin resistance syndrome
GYS1,Insulin resistance syndrome
LMNA,Insulin resistance syndrome
TRIM37,Insulin resistance syndrome
NOS3,Insulin resistance syndrome
NUCB2,Insulin resistance syndrome
PPARA,Insulin resistance syndrome
ACSM3,Insulin resistance syndrome
VWF,Insulin resistance syndrome
NR0B2,Insulin resistance syndrome
SLC27A4,Insulin resistance syndrome
TRIM31,Insulin resistance syndrome
TMBIM4,Insulin resistance syndrome
EXOSC4,Insulin resistance syndrome
CHDH,Insulin resistance syndrome
RETN,Insulin resistance syndrome
ABCG5,Insulin resistance syndrome
ABCG8,Insulin resistance syndrome
LPAL2,Insulin resistance syndrome
SLC27A1,Insulin resistance syndrome
ADM,Proliferative diabetic retinopathy
ADRB3,Proliferative diabetic retinopathy
APLNR,Proliferative diabetic retinopathy
AKR1B1,Proliferative diabetic retinopathy
CCNA2,Proliferative diabetic retinopathy
SARDH,Proliferative diabetic retinopathy
GFAP,Proliferative diabetic retinopathy
UTS2R,Proliferative diabetic retinopathy
HGF,Proliferative diabetic retinopathy
MMP14,Proliferative diabetic retinopathy
NFKB1,Proliferative diabetic retinopathy
PML,Proliferative diabetic retinopathy
PPP3CA,Proliferative diabetic retinopathy
PSG1,Proliferative diabetic retinopathy
SDHB,Proliferative diabetic retinopathy
SP1,Proliferative diabetic retinopathy
SST,Proliferative diabetic retinopathy
TCF7L2,Proliferative diabetic retinopathy
TMSB4X,Proliferative diabetic retinopathy
SLC14A2,Proliferative diabetic retinopathy
AOC3,Proliferative diabetic retinopathy
VAMP8,Proliferative diabetic retinopathy
NRP1,Proliferative diabetic retinopathy
SDS,Proliferative diabetic retinopathy
PLXDC1,Proliferative diabetic retinopathy
SNAP47,Proliferative diabetic retinopathy
DAND5,Proliferative diabetic retinopathy
CAPN5,Diabetic cataract
CAPN3,Diabetic cataract
INS,Diabetic cataract
SORD,Diabetic cataract
INS-IGF2,Diabetic cataract
GLI1,Necrobiosis lipoidica diabeticorum
EDN1,Diabetic Heart Disease
LEP,Diabetic Heart Disease
ALB,Mason-Type Diabetes
APOC3,Mason-Type Diabetes
ASIP,Mason-Type Diabetes
FXYD2,Mason-Type Diabetes
BRCA2,Mason-Type Diabetes
CREBBP,Mason-Type Diabetes
CSRP1,Mason-Type Diabetes
DNAH8,Mason-Type Diabetes
FABP1,Mason-Type Diabetes
FANCD2,Mason-Type Diabetes
GCKR,Mason-Type Diabetes
GGT1,Mason-Type Diabetes
GIP,Mason-Type Diabetes
GLP1R,Mason-Type Diabetes
GNAI2,Mason-Type Diabetes
GPD1,Mason-Type Diabetes
ONECUT1,Mason-Type Diabetes
IAPP,Mason-Type Diabetes
ISL1,Mason-Type Diabetes
KCNC4,Mason-Type Diabetes
KCNJ1,Mason-Type Diabetes
KCNJ3,Mason-Type Diabetes
LEPR,Mason-Type Diabetes
MTNR1B,Mason-Type Diabetes
PCBD1,Mason-Type Diabetes
PCK1,Mason-Type Diabetes
PPARA,Mason-Type Diabetes
PSEN1,Mason-Type Diabetes
PTPRN,Mason-Type Diabetes
SCT,Mason-Type Diabetes
SGCG,Mason-Type Diabetes
NR2F2,Mason-Type Diabetes
TGFB1,Mason-Type Diabetes
TTR,Mason-Type Diabetes
LBX1,Mason-Type Diabetes
MAP4K5,Mason-Type Diabetes
SACM1L,Mason-Type Diabetes
WDTC1,Mason-Type Diabetes
PASK,Mason-Type Diabetes
SGSM3,Mason-Type Diabetes
CYB5R4,Mason-Type Diabetes
NEUROD4,Mason-Type Diabetes
EHMT1,Mason-Type Diabetes
C1QTNF1,Mason-Type Diabetes
PPIAP10,Mason-Type Diabetes
GGTLC5P,Mason-Type Diabetes
GGTLC3,Mason-Type Diabetes
GGT2,Mason-Type Diabetes
GGTLC4P,Mason-Type Diabetes
ZGLP1,Mason-Type Diabetes
ADRA1A,"Diabetes Insipidus, Nephrogenic"
ADRA2B,"Diabetes Insipidus, Nephrogenic"
AQP1,"Diabetes Insipidus, Nephrogenic"
AQP3,"Diabetes Insipidus, Nephrogenic"
BRS3,"Diabetes Insipidus, Nephrogenic"
CALCA,"Diabetes Insipidus, Nephrogenic"
CLCNKA,"Diabetes Insipidus, Nephrogenic"
CLCNKB,"Diabetes Insipidus, Nephrogenic"
DMD,"Diabetes Insipidus, Nephrogenic"
EDNRA,"Diabetes Insipidus, Nephrogenic"
EPHA3,"Diabetes Insipidus, Nephrogenic"
G6PD,"Diabetes Insipidus, Nephrogenic"
OXT,"Diabetes Insipidus, Nephrogenic"
SGCG,"Diabetes Insipidus, Nephrogenic"
SSTR4,"Diabetes Insipidus, Nephrogenic"
VWF,"Diabetes Insipidus, Nephrogenic"
UBL4A,"Diabetes Insipidus, Nephrogenic"
LPAR2,"Diabetes Insipidus, Nephrogenic"
CXCR6,"Diabetes Insipidus, Nephrogenic"
ACKR3,"Diabetes Insipidus, Nephrogenic"
CYSLTR2,"Diabetes Insipidus, Nephrogenic"
INS,Pre-Gestational Diabetes
MMP14,Pre-Gestational Diabetes
ACE,Nonproliferative diabetic retinopathy
SARDH,Nonproliferative diabetic retinopathy
RBP3,Nonproliferative diabetic retinopathy
SDHB,Nonproliferative diabetic retinopathy
SDS,Nonproliferative diabetic retinopathy
OR7E26P,Nonproliferative diabetic retinopathy
EPO,Diabetic macular edema
IL1B,Diabetic macular edema
INS,Diabetic macular edema
NOS3,Diabetic macular edema
SOD1,Diabetic macular edema
INS-IGF2,Diabetic macular edema
ADM,Diabetic Ketoacidosis
CTLA4,Diabetic Ketoacidosis
HLA-DRB4,Diabetic Ketoacidosis
HNF4A,Diabetic Ketoacidosis
PTPRN,Diabetic Ketoacidosis
WFS1,Diabetic Ketoacidosis
RNLS,Diabetic Ketoacidosis
GCNT2,Protein-deficient diabetes mellitus
HGF,Diabetic peripheral neuropathy
HSPB1,Diabetic peripheral neuropathy
HSPB2,Diabetic peripheral neuropathy
IL4,Diabetic peripheral neuropathy
LEP,Diabetic peripheral neuropathy
SREBF1,Diabetic peripheral neuropathy
HSPB3,Diabetic peripheral neuropathy
NOS1AP,Diabetic peripheral neuropathy
GCG,Noninsulin-dependent diabetes mellitus with deafness
RAPGEF5,Noninsulin-dependent diabetes mellitus with deafness
GHR,"Diabetes Mellitus, Experimental"
TMSB4X,"Diabetes Mellitus, Experimental"
MNX1,"Diabetes Mellitus, Permanent Neonatal"
HLA-DRB4,"Diabetes Mellitus, Permanent Neonatal"
MAFD2,"Diabetes Mellitus, Permanent Neonatal"
MAP4K2,"Diabetes Mellitus, Permanent Neonatal"
SLC2A2,"Diabetes Mellitus, Permanent Neonatal"
TNDM,"Diabetes Mellitus, Permanent Neonatal"
ALB,Diabetic Neuropathies
ALOX15,Diabetic Neuropathies
XIAP,Diabetic Neuropathies
ATP1A1,Diabetic Neuropathies
ATP1A4,Diabetic Neuropathies
DNAH8,Diabetic Neuropathies
ACSL1,Diabetic Neuropathies
GPX1,Diabetic Neuropathies
GSTM1,Diabetic Neuropathies
GSTT1,Diabetic Neuropathies
PGF,Diabetic Neuropathies
RPS19,Diabetic Neuropathies
SHH,Diabetic Neuropathies
SLC5A5,Diabetic Neuropathies
TRPV1,Diabetic Neuropathies
LOH19CR1,Diabetic Neuropathies
PNPLA6,Diabetic Neuropathies
GAL,Diabetic Neuropathies
ZKSCAN7,Diabetic Neuropathies
BDNF-AS,Diabetic Neuropathies
INS-IGF2,Diabetic Neuropathies
ACP5,Pancreatic disorders (not diabetes)
CD40,Pancreatic disorders (not diabetes)
CD40LG,Pancreatic disorders (not diabetes)
NTS,Pancreatic disorders (not diabetes)
PRSS2,Pancreatic disorders (not diabetes)
TRAF2,Pancreatic disorders (not diabetes)
TDRD7,Pancreatic disorders (not diabetes)
UGT1A7,Pancreatic disorders (not diabetes)
SCYL1,Pancreatic disorders (not diabetes)
TRAP,Pancreatic disorders (not diabetes)
CALR,Insulin resistance - type A
HSP90AA1,Insulin resistance - type A
IGFBP3,Insulin resistance - type A
LMNA,Insulin resistance - type A
SERPINA3,"Diabetes Mellitus, Type 1"
ACTG1,"Diabetes Mellitus, Type 1"
ACTG2,"Diabetes Mellitus, Type 1"
ADAM10,"Diabetes Mellitus, Type 1"
ADD1,"Diabetes Mellitus, Type 1"
ALOX15,"Diabetes Mellitus, Type 1"
AMH,"Diabetes Mellitus, Type 1"
ANGPT1,"Diabetes Mellitus, Type 1"
ANGPT2,"Diabetes Mellitus, Type 1"
ANXA5,"Diabetes Mellitus, Type 1"
ANXA11,"Diabetes Mellitus, Type 1"
AOC2,"Diabetes Mellitus, Type 1"
APP,"Diabetes Mellitus, Type 1"
APRT,"Diabetes Mellitus, Type 1"
AR,"Diabetes Mellitus, Type 1"
ASIP,"Diabetes Mellitus, Type 1"
ASPA,"Diabetes Mellitus, Type 1"
SERPINC1,"Diabetes Mellitus, Type 1"
ATF3,"Diabetes Mellitus, Type 1"
BAAT,"Diabetes Mellitus, Type 1"
BCAT1,"Diabetes Mellitus, Type 1"
BCL2L1,"Diabetes Mellitus, Type 1"
BDNF,"Diabetes Mellitus, Type 1"
BGLAP,"Diabetes Mellitus, Type 1"
BLK,"Diabetes Mellitus, Type 1"
BMI1,"Diabetes Mellitus, Type 1"
BMP6,"Diabetes Mellitus, Type 1"
BTF3P11,"Diabetes Mellitus, Type 1"
VPS51,"Diabetes Mellitus, Type 1"
CA2,"Diabetes Mellitus, Type 1"
DDR1,"Diabetes Mellitus, Type 1"
SLC25A20,"Diabetes Mellitus, Type 1"
CALCA,"Diabetes Mellitus, Type 1"
CBR1,"Diabetes Mellitus, Type 1"
CD1A,"Diabetes Mellitus, Type 1"
CD1C,"Diabetes Mellitus, Type 1"
CD1E,"Diabetes Mellitus, Type 1"
CD27,"Diabetes Mellitus, Type 1"
CD36,"Diabetes Mellitus, Type 1"
CD59,"Diabetes Mellitus, Type 1"
CDC25C,"Diabetes Mellitus, Type 1"
CDKN2A,"Diabetes Mellitus, Type 1"
CHGA,"Diabetes Mellitus, Type 1"
CCR4,"Diabetes Mellitus, Type 1"
CRYGD,"Diabetes Mellitus, Type 1"
CRYZ,"Diabetes Mellitus, Type 1"
CSF2,"Diabetes Mellitus, Type 1"
CSRP1,"Diabetes Mellitus, Type 1"
CTSL,"Diabetes Mellitus, Type 1"
CYBB,"Diabetes Mellitus, Type 1"
DES,"Diabetes Mellitus, Type 1"
DHPS,"Diabetes Mellitus, Type 1"
DMBT1,"Diabetes Mellitus, Type 1"
DPYD,"Diabetes Mellitus, Type 1"
ARID3A,"Diabetes Mellitus, Type 1"
EIF5A,"Diabetes Mellitus, Type 1"
EPHB4,"Diabetes Mellitus, Type 1"
ERG,"Diabetes Mellitus, Type 1"
ESD,"Diabetes Mellitus, Type 1"
ESRRA,"Diabetes Mellitus, Type 1"
FASN,"Diabetes Mellitus, Type 1"
FCER2,"Diabetes Mellitus, Type 1"
FCGRT,"Diabetes Mellitus, Type 1"
FGR,"Diabetes Mellitus, Type 1"
FLNA,"Diabetes Mellitus, Type 1"
FN1,"Diabetes Mellitus, Type 1"
FOS,"Diabetes Mellitus, Type 1"
FSHMD1A,"Diabetes Mellitus, Type 1"
FUT2,"Diabetes Mellitus, Type 1"
FYN,"Diabetes Mellitus, Type 1"
SLC37A4,"Diabetes Mellitus, Type 1"
GATA3,"Diabetes Mellitus, Type 1"
GATA4,"Diabetes Mellitus, Type 1"
GFAP,"Diabetes Mellitus, Type 1"
GFER,"Diabetes Mellitus, Type 1"
GGT1,"Diabetes Mellitus, Type 1"
GLP1R,"Diabetes Mellitus, Type 1"
GPX4,"Diabetes Mellitus, Type 1"
GSN,"Diabetes Mellitus, Type 1"
GSTM2,"Diabetes Mellitus, Type 1"
HCRT,"Diabetes Mellitus, Type 1"
HFE,"Diabetes Mellitus, Type 1"
HGF,"Diabetes Mellitus, Type 1"
HLA-DQB3,"Diabetes Mellitus, Type 1"
HLA-DRB3,"Diabetes Mellitus, Type 1"
HMOX1,"Diabetes Mellitus, Type 1"
HOXD8,"Diabetes Mellitus, Type 1"
HPRT1,"Diabetes Mellitus, Type 1"
HES1,"Diabetes Mellitus, Type 1"
HSPA5,"Diabetes Mellitus, Type 1"
HTR1A,"Diabetes Mellitus, Type 1"
ID2,"Diabetes Mellitus, Type 1"
ID3,"Diabetes Mellitus, Type 1"
IDDM16,"Diabetes Mellitus, Type 1"
IGBP1,"Diabetes Mellitus, Type 1"
IGF2R,"Diabetes Mellitus, Type 1"
IGH,"Diabetes Mellitus, Type 1"
IL3,"Diabetes Mellitus, Type 1"
IL12RB1,"Diabetes Mellitus, Type 1"
IL12RB2,"Diabetes Mellitus, Type 1"
TNFRSF9,"Diabetes Mellitus, Type 1"
INPPL1,"Diabetes Mellitus, Type 1"
ITGAX,"Diabetes Mellitus, Type 1"
ITGB2,"Diabetes Mellitus, Type 1"
JAK2,"Diabetes Mellitus, Type 1"
KCNC4,"Diabetes Mellitus, Type 1"
KCNE1,"Diabetes Mellitus, Type 1"
LCN2,"Diabetes Mellitus, Type 1"
LIPC,"Diabetes Mellitus, Type 1"
LTBR,"Diabetes Mellitus, Type 1"
SMAD7,"Diabetes Mellitus, Type 1"
MAS1,"Diabetes Mellitus, Type 1"
MAP3K1,"Diabetes Mellitus, Type 1"
MGAT1,"Diabetes Mellitus, Type 1"
MME,"Diabetes Mellitus, Type 1"
MMP9,"Diabetes Mellitus, Type 1"
MMP10,"Diabetes Mellitus, Type 1"
MMP14,"Diabetes Mellitus, Type 1"
MNDA,"Diabetes Mellitus, Type 1"
MPP1,"Diabetes Mellitus, Type 1"
MS,"Diabetes Mellitus, Type 1"
MYO1B,"Diabetes Mellitus, Type 1"
TRNT,"Diabetes Mellitus, Type 1"
MYC,"Diabetes Mellitus, Type 1"
NELL1,"Diabetes Mellitus, Type 1"
NOTCH3,"Diabetes Mellitus, Type 1"
NRAS,"Diabetes Mellitus, Type 1"
NTRK2,"Diabetes Mellitus, Type 1"
OAT,"Diabetes Mellitus, Type 1"
OR3A1,"Diabetes Mellitus, Type 1"
ORM1,"Diabetes Mellitus, Type 1"
P4HB,"Diabetes Mellitus, Type 1"
PAEP,"Diabetes Mellitus, Type 1"
PCMT1,"Diabetes Mellitus, Type 1"
ENPP1,"Diabetes Mellitus, Type 1"
PGC,"Diabetes Mellitus, Type 1"
POLR2D,"Diabetes Mellitus, Type 1"
PREP,"Diabetes Mellitus, Type 1"
PRKCB,"Diabetes Mellitus, Type 1"
MAPK8,"Diabetes Mellitus, Type 1"
PRSS1,"Diabetes Mellitus, Type 1"
PSMD12,"Diabetes Mellitus, Type 1"
PTH,"Diabetes Mellitus, Type 1"
RARRES3,"Diabetes Mellitus, Type 1"
RBP4,"Diabetes Mellitus, Type 1"
RELB,"Diabetes Mellitus, Type 1"
S100A9,"Diabetes Mellitus, Type 1"
S100A12,"Diabetes Mellitus, Type 1"
SAG,"Diabetes Mellitus, Type 1"
SCD,"Diabetes Mellitus, Type 1"
CCL3L1,"Diabetes Mellitus, Type 1"
CCL5,"Diabetes Mellitus, Type 1"
SEL1L,"Diabetes Mellitus, Type 1"
SELP,"Diabetes Mellitus, Type 1"
SHH,"Diabetes Mellitus, Type 1"
SLC2A4,"Diabetes Mellitus, Type 1"
SLC5A1,"Diabetes Mellitus, Type 1"
SLCO1A2,"Diabetes Mellitus, Type 1"
FSCN1,"Diabetes Mellitus, Type 1"
SPINK1,"Diabetes Mellitus, Type 1"
SREBF1,"Diabetes Mellitus, Type 1"
STAT1,"Diabetes Mellitus, Type 1"
STAT5A,"Diabetes Mellitus, Type 1"
STAT5B,"Diabetes Mellitus, Type 1"
STYX,"Diabetes Mellitus, Type 1"
SUV39H1,"Diabetes Mellitus, Type 1"
TCF19,"Diabetes Mellitus, Type 1"
TIMP3,"Diabetes Mellitus, Type 1"
TM7SF2,"Diabetes Mellitus, Type 1"
TTC3,"Diabetes Mellitus, Type 1"
TTR,"Diabetes Mellitus, Type 1"
TNFRSF4,"Diabetes Mellitus, Type 1"
SUMO1,"Diabetes Mellitus, Type 1"
UCP1,"Diabetes Mellitus, Type 1"
UCP2,"Diabetes Mellitus, Type 1"
UCP3,"Diabetes Mellitus, Type 1"
VIL1,"Diabetes Mellitus, Type 1"
WARS,"Diabetes Mellitus, Type 1"
ALMS1,"Diabetes Mellitus, Type 1"
PLA2G7,"Diabetes Mellitus, Type 1"
TNDM,"Diabetes Mellitus, Type 1"
NR4A3,"Diabetes Mellitus, Type 1"
RASSF7,"Diabetes Mellitus, Type 1"
KMT2D,"Diabetes Mellitus, Type 1"
MADCAM1,"Diabetes Mellitus, Type 1"
C21orf33,"Diabetes Mellitus, Type 1"
AXIN2,"Diabetes Mellitus, Type 1"
PLA2G6,"Diabetes Mellitus, Type 1"
DHX16,"Diabetes Mellitus, Type 1"
PIK3R3,"Diabetes Mellitus, Type 1"
TNFSF11,"Diabetes Mellitus, Type 1"
AOC3,"Diabetes Mellitus, Type 1"
TNFRSF11A,"Diabetes Mellitus, Type 1"
IL18R1,"Diabetes Mellitus, Type 1"
HDAC3,"Diabetes Mellitus, Type 1"
KAT2B,"Diabetes Mellitus, Type 1"
MSC,"Diabetes Mellitus, Type 1"
NRXN1,"Diabetes Mellitus, Type 1"
NCR1,"Diabetes Mellitus, Type 1"
FHL5,"Diabetes Mellitus, Type 1"
ATG5,"Diabetes Mellitus, Type 1"
ADAMTS1,"Diabetes Mellitus, Type 1"
RNF7,"Diabetes Mellitus, Type 1"
DDX46,"Diabetes Mellitus, Type 1"
SUPT7L,"Diabetes Mellitus, Type 1"
DGCR2,"Diabetes Mellitus, Type 1"
IL18BP,"Diabetes Mellitus, Type 1"
EBI3,"Diabetes Mellitus, Type 1"
KLRG1,"Diabetes Mellitus, Type 1"
RAMP2,"Diabetes Mellitus, Type 1"
IKZF1,"Diabetes Mellitus, Type 1"
AKR1A1,"Diabetes Mellitus, Type 1"
TUBB3,"Diabetes Mellitus, Type 1"
TUBB4A,"Diabetes Mellitus, Type 1"
DEAF1,"Diabetes Mellitus, Type 1"
BATF,"Diabetes Mellitus, Type 1"
PRDX4,"Diabetes Mellitus, Type 1"
TXNIP,"Diabetes Mellitus, Type 1"
AP4B1,"Diabetes Mellitus, Type 1"
NES,"Diabetes Mellitus, Type 1"
CIT,"Diabetes Mellitus, Type 1"
POLG2,"Diabetes Mellitus, Type 1"
USP18,"Diabetes Mellitus, Type 1"
CTRC,"Diabetes Mellitus, Type 1"
ACOT7,"Diabetes Mellitus, Type 1"
IKZF3,"Diabetes Mellitus, Type 1"
SIRT2,"Diabetes Mellitus, Type 1"
WDTC1,"Diabetes Mellitus, Type 1"
DDX58,"Diabetes Mellitus, Type 1"
CD2AP,"Diabetes Mellitus, Type 1"
CA14,"Diabetes Mellitus, Type 1"
QPCT,"Diabetes Mellitus, Type 1"
CCRN4L,"Diabetes Mellitus, Type 1"
OR7E66P,"Diabetes Mellitus, Type 1"
FOXD3,"Diabetes Mellitus, Type 1"
ATP2C1,"Diabetes Mellitus, Type 1"
SGSM3,"Diabetes Mellitus, Type 1"
BLNK,"Diabetes Mellitus, Type 1"
A1CF,"Diabetes Mellitus, Type 1"
CXXC1,"Diabetes Mellitus, Type 1"
DUOX2,"Diabetes Mellitus, Type 1"
NOX4,"Diabetes Mellitus, Type 1"
TUBE1,"Diabetes Mellitus, Type 1"
SLC25A37,"Diabetes Mellitus, Type 1"
NELFCD,"Diabetes Mellitus, Type 1"
TLR9,"Diabetes Mellitus, Type 1"
ELP6,"Diabetes Mellitus, Type 1"
NADSYN1,"Diabetes Mellitus, Type 1"
QRSL1,"Diabetes Mellitus, Type 1"
DDX19A,"Diabetes Mellitus, Type 1"
IL17RB,"Diabetes Mellitus, Type 1"
VIMP,"Diabetes Mellitus, Type 1"
ZNF395,"Diabetes Mellitus, Type 1"
PRDM10,"Diabetes Mellitus, Type 1"
IDDM18,"Diabetes Mellitus, Type 1"
CD177,"Diabetes Mellitus, Type 1"
CNOT6,"Diabetes Mellitus, Type 1"
SEMA6A,"Diabetes Mellitus, Type 1"
MAGEE1,"Diabetes Mellitus, Type 1"
ZNF410,"Diabetes Mellitus, Type 1"
SMOC1,"Diabetes Mellitus, Type 1"
ERAP2,"Diabetes Mellitus, Type 1"
ROBO3,"Diabetes Mellitus, Type 1"
OR5H5P,"Diabetes Mellitus, Type 1"
SUV39H2,"Diabetes Mellitus, Type 1"
PIP4K2C,"Diabetes Mellitus, Type 1"
DHDDS,"Diabetes Mellitus, Type 1"
PNPLA3,"Diabetes Mellitus, Type 1"
SETD7,"Diabetes Mellitus, Type 1"
NPL,"Diabetes Mellitus, Type 1"
SGPP1,"Diabetes Mellitus, Type 1"
ROPN1L,"Diabetes Mellitus, Type 1"
ABCC11,"Diabetes Mellitus, Type 1"
FMNL3,"Diabetes Mellitus, Type 1"
AP5B1,"Diabetes Mellitus, Type 1"
KIAA1919,"Diabetes Mellitus, Type 1"
MOGAT1,"Diabetes Mellitus, Type 1"
OR10T2,"Diabetes Mellitus, Type 1"
BHLHE23,"Diabetes Mellitus, Type 1"
OR6B1,"Diabetes Mellitus, Type 1"
PRSS58,"Diabetes Mellitus, Type 1"
PPIAP10,"Diabetes Mellitus, Type 1"
EFHB,"Diabetes Mellitus, Type 1"
GIMAP7,"Diabetes Mellitus, Type 1"
ASPM,"Diabetes Mellitus, Type 1"
GSDMA,"Diabetes Mellitus, Type 1"
SLC9C1,"Diabetes Mellitus, Type 1"
RNF180,"Diabetes Mellitus, Type 1"
NANOS2,"Diabetes Mellitus, Type 1"
VWA2,"Diabetes Mellitus, Type 1"
ACTBL2,"Diabetes Mellitus, Type 1"
H3F3AP5,"Diabetes Mellitus, Type 1"
THEMIS,"Diabetes Mellitus, Type 1"
ACT,"Diabetes Mellitus, Type 1"
MAFA,"Diabetes Mellitus, Type 1"
LOC390714,"Diabetes Mellitus, Type 1"
OR3A4P,"Diabetes Mellitus, Type 1"
MIR126,"Diabetes Mellitus, Type 1"
MIR210,"Diabetes Mellitus, Type 1"
MIR93,"Diabetes Mellitus, Type 1"
CCL3L3,"Diabetes Mellitus, Type 1"
BCL2L15,"Diabetes Mellitus, Type 1"
POTEKP,"Diabetes Mellitus, Type 1"
OR10J3,"Diabetes Mellitus, Type 1"
OR14J1,"Diabetes Mellitus, Type 1"
BW35,"Diabetes Mellitus, Type 1"
POTEM,"Diabetes Mellitus, Type 1"
COMMD3-BMI1,"Diabetes Mellitus, Type 1"
OR3A5P,"Diabetes Mellitus, Type 1"
LOC102723996,"Diabetes Mellitus, Type 1"
LOC102724023,"Diabetes Mellitus, Type 1"
OPN1MW,"DIABETES INSIPIDUS, NEPHROGENIC, X-LINKED"
OXTR,"DIABETES INSIPIDUS, NEPHROGENIC, X-LINKED"
VWF,"DIABETES INSIPIDUS, NEPHROGENIC, X-LINKED"
NAA10,"DIABETES INSIPIDUS, NEPHROGENIC, X-LINKED"
OPN1MW2,"DIABETES INSIPIDUS, NEPHROGENIC, X-LINKED"
LOC101060233,"DIABETES INSIPIDUS, NEPHROGENIC, X-LINKED"
ABCA4,Diabetic Retinopathy
ALDH2,Diabetic Retinopathy
ANXA2,Diabetic Retinopathy
C5AR1,Diabetic Retinopathy
CYP2C19,Diabetic Retinopathy
ERCC1,Diabetic Retinopathy
ERCC4,Diabetic Retinopathy
FAAH,Diabetic Retinopathy
FGF3,Diabetic Retinopathy
FLT4,Diabetic Retinopathy
GABPA,Diabetic Retinopathy
GH1,Diabetic Retinopathy
GLUL,Diabetic Retinopathy
HGF,Diabetic Retinopathy
IDUA,Diabetic Retinopathy
MMP3,Diabetic Retinopathy
MMP10,Diabetic Retinopathy
NFE2L2,Diabetic Retinopathy
NID1,Diabetic Retinopathy
SERPINB2,Diabetic Retinopathy
PAX5,Diabetic Retinopathy
PLG,Diabetic Retinopathy
PTPN1,Diabetic Retinopathy
RAF1,Diabetic Retinopathy
RBP3,Diabetic Retinopathy
RBP4,Diabetic Retinopathy
RPE65,Diabetic Retinopathy
RS1,Diabetic Retinopathy
SELP,Diabetic Retinopathy
SLC12A3,Diabetic Retinopathy
SMPD1,Diabetic Retinopathy
SPARC,Diabetic Retinopathy
TCF7L2,Diabetic Retinopathy
TIMP1,Diabetic Retinopathy
UCP1,Diabetic Retinopathy
VIP,Diabetic Retinopathy
VWF,Diabetic Retinopathy
CTSF,Diabetic Retinopathy
ATP6AP2,Diabetic Retinopathy
SEMA3A,Diabetic Retinopathy
CARM1,Diabetic Retinopathy
TXNIP,Diabetic Retinopathy
NFAT5,Diabetic Retinopathy
MMRN1,Diabetic Retinopathy
SIRT1,Diabetic Retinopathy
CPAMD8,Diabetic Retinopathy
REM1,Diabetic Retinopathy
DYT10,Diabetic Retinopathy
CPVL,Diabetic Retinopathy
ARHGAP22,Diabetic Retinopathy
OR10R1P,Diabetic Retinopathy
SUV39H2,Diabetic Retinopathy
PLXDC2,Diabetic Retinopathy
PRRT2,Diabetic Retinopathy
MYSM1,Diabetic Retinopathy
OR10X1,Diabetic Retinopathy
OR1N1,Diabetic Retinopathy
FRMD3,Diabetic Retinopathy
H19,Diabetic Retinopathy
HCAR2,Diabetic Retinopathy
OR2AK2,Diabetic Retinopathy
MIR195,Diabetic Retinopathy
MIR200B,Diabetic Retinopathy
GCK,Diabetes in youth
HNF4A,Diabetes in youth
B2M,autoimmune diabetes
BAX,autoimmune diabetes
CALCA,autoimmune diabetes
CD1D,autoimmune diabetes
MS4A1,autoimmune diabetes
TNFRSF8,autoimmune diabetes
CTSL,autoimmune diabetes
ERBB3,autoimmune diabetes
FABP5,autoimmune diabetes
FCGR1A,autoimmune diabetes
GCK,autoimmune diabetes
HLA-B,autoimmune diabetes
HLA-DOA,autoimmune diabetes
HLA-DRB4,autoimmune diabetes
HP,autoimmune diabetes
AGFG1,autoimmune diabetes
ICAM1,autoimmune diabetes
IDDM3,autoimmune diabetes
IDDM4,autoimmune diabetes
IDDM6,autoimmune diabetes
IDDM14,autoimmune diabetes
IFNA1,autoimmune diabetes
IFNA13,autoimmune diabetes
IFNG,autoimmune diabetes
IGF1,autoimmune diabetes
IL1B,autoimmune diabetes
IL9,autoimmune diabetes
TNFRSF9,autoimmune diabetes
IL17A,autoimmune diabetes
LGALS3,autoimmune diabetes
MAFD2,autoimmune diabetes
MICE,autoimmune diabetes
NTRK1,autoimmune diabetes
SERPINA1,autoimmune diabetes
SLC3A2,autoimmune diabetes
STAT4,autoimmune diabetes
TPO,autoimmune diabetes
NR4A3,autoimmune diabetes
SLC7A5,autoimmune diabetes
CDR3,autoimmune diabetes
RIPK1,autoimmune diabetes
VPRBP,autoimmune diabetes
SH2B3,autoimmune diabetes
RALBP1,autoimmune diabetes
USP18,autoimmune diabetes
CLEC16A,autoimmune diabetes
CASP14,autoimmune diabetes
HSPA14,autoimmune diabetes
KRT20,autoimmune diabetes
RNANC,autoimmune diabetes
G6PC2,autoimmune diabetes
RPAIN,autoimmune diabetes
ATOH7,autoimmune diabetes
FABP5P1,autoimmune diabetes
LOC104968399,autoimmune diabetes
ANO1,Diabetic gastroparesis
HNF4A,"Maturity-Onset Diabetes of the Young, Type 3"
IGF1,"Maturity-Onset Diabetes of the Young, Type 3"
HCA1,"Maturity-Onset Diabetes of the Young, Type 3"
IGF2R,"Diabetes Mellitus, Insulin-Dependent, 8"
AKT2,Insulin resistant diabetes
CASR,Insulin resistant diabetes
FASN,Insulin resistant diabetes
LMNA,Insulin resistant diabetes
NOS3,Insulin resistant diabetes
PLIN1,Insulin resistant diabetes
CIDEC,Insulin resistant diabetes
SELE,Diabetic maculopathy
VCAM1,Diabetic maculopathy
AGTR1,Diabetic microangiopathy
ACE,Diabetic microangiopathy
IGF1,Diabetic microangiopathy
PON1,Diabetic microangiopathy
ADRB3,"Diabetes Mellitus, Lipoatrophic"
APRT,"Diabetes Mellitus, Lipoatrophic"
HNF4A,"Diabetes Mellitus, Lipoatrophic"
PDE3B,"Diabetes Mellitus, Lipoatrophic"
PPARG,"Diabetes Mellitus, Lipoatrophic"
NIDDM2,"Diabetes Mellitus, Insulin-Dependent, 2"
DMBT1,Diabetic foot ulcer
LEP,Diabetic foot ulcer
NTS,Diabetic foot ulcer
SAG,Diabetic foot ulcer
ADAM17,Diabetic foot ulcer
TIMP3,Diabetic foot ulcer
RNF7,Diabetic foot ulcer
SLC9A6,Diabetic foot ulcer
ACACA,"Diabetes Mellitus, Type 2"
ACVR2B,"Diabetes Mellitus, Type 2"
ADCYAP1,"Diabetes Mellitus, Type 2"
ADORA2B,"Diabetes Mellitus, Type 2"
ADORA3,"Diabetes Mellitus, Type 2"
ALDH3B1,"Diabetes Mellitus, Type 2"
ALOX15,"Diabetes Mellitus, Type 2"
AMY2A,"Diabetes Mellitus, Type 2"
FASLG,"Diabetes Mellitus, Type 2"
ABCC6,"Diabetes Mellitus, Type 2"
ARRB2,"Diabetes Mellitus, Type 2"
ATP6V0A1,"Diabetes Mellitus, Type 2"
BLK,"Diabetes Mellitus, Type 2"
BPI,"Diabetes Mellitus, Type 2"
C4A,"Diabetes Mellitus, Type 2"
C4B,"Diabetes Mellitus, Type 2"
CACNA1C,"Diabetes Mellitus, Type 2"
CACNB3,"Diabetes Mellitus, Type 2"
CAV1,"Diabetes Mellitus, Type 2"
RUNX1,"Diabetes Mellitus, Type 2"
CBR3,"Diabetes Mellitus, Type 2"
CD4,"Diabetes Mellitus, Type 2"
CDKN3,"Diabetes Mellitus, Type 2"
CEBPA,"Diabetes Mellitus, Type 2"
CEBPB,"Diabetes Mellitus, Type 2"
CES1,"Diabetes Mellitus, Type 2"
CFTR,"Diabetes Mellitus, Type 2"
CHGA,"Diabetes Mellitus, Type 2"
CHRM3,"Diabetes Mellitus, Type 2"
CHRNA4,"Diabetes Mellitus, Type 2"
CLCN5,"Diabetes Mellitus, Type 2"
CCR1,"Diabetes Mellitus, Type 2"
CNR2,"Diabetes Mellitus, Type 2"
COL8A1,"Diabetes Mellitus, Type 2"
COPA,"Diabetes Mellitus, Type 2"
COX5B,"Diabetes Mellitus, Type 2"
COX10,"Diabetes Mellitus, Type 2"
CRABP2,"Diabetes Mellitus, Type 2"
CREM,"Diabetes Mellitus, Type 2"
CSHL1,"Diabetes Mellitus, Type 2"
CTSL,"Diabetes Mellitus, Type 2"
DCN,"Diabetes Mellitus, Type 2"
DMD,"Diabetes Mellitus, Type 2"
SARDH,"Diabetes Mellitus, Type 2"
ATN1,"Diabetes Mellitus, Type 2"
DUSP6,"Diabetes Mellitus, Type 2"
TYMP,"Diabetes Mellitus, Type 2"
LPAR1,"Diabetes Mellitus, Type 2"
EEF1B2P2,"Diabetes Mellitus, Type 2"
EFNB2,"Diabetes Mellitus, Type 2"
EGR4,"Diabetes Mellitus, Type 2"
EIF4A2,"Diabetes Mellitus, Type 2"
MARK2,"Diabetes Mellitus, Type 2"
EPHX1,"Diabetes Mellitus, Type 2"
ESRRB,"Diabetes Mellitus, Type 2"
ETFA,"Diabetes Mellitus, Type 2"
EYA1,"Diabetes Mellitus, Type 2"
FABP5,"Diabetes Mellitus, Type 2"
FBN2,"Diabetes Mellitus, Type 2"
FCP1,"Diabetes Mellitus, Type 2"
FGFR1,"Diabetes Mellitus, Type 2"
FOXC1,"Diabetes Mellitus, Type 2"
NR5A1,"Diabetes Mellitus, Type 2"
G6PD,"Diabetes Mellitus, Type 2"
GAS6,"Diabetes Mellitus, Type 2"
GATA6,"Diabetes Mellitus, Type 2"
GH2,"Diabetes Mellitus, Type 2"
GJA4,"Diabetes Mellitus, Type 2"
GK,"Diabetes Mellitus, Type 2"
GLB1,"Diabetes Mellitus, Type 2"
GLUL,"Diabetes Mellitus, Type 2"
GPR35,"Diabetes Mellitus, Type 2"
GPR39,"Diabetes Mellitus, Type 2"
GRB2,"Diabetes Mellitus, Type 2"
GRN,"Diabetes Mellitus, Type 2"
GSTA4,"Diabetes Mellitus, Type 2"
HSD17B10,"Diabetes Mellitus, Type 2"
HADH,"Diabetes Mellitus, Type 2"
HCRT,"Diabetes Mellitus, Type 2"
HLA-DMA,"Diabetes Mellitus, Type 2"
HLA-DMB,"Diabetes Mellitus, Type 2"
HRC,"Diabetes Mellitus, Type 2"
PRMT1,"Diabetes Mellitus, Type 2"
HSPA4,"Diabetes Mellitus, Type 2"
IDDM16,"Diabetes Mellitus, Type 2"
IGFBP5,"Diabetes Mellitus, Type 2"
IL6ST,"Diabetes Mellitus, Type 2"
ILK,"Diabetes Mellitus, Type 2"
IMPA1,"Diabetes Mellitus, Type 2"
ITGAM,"Diabetes Mellitus, Type 2"
JAK2,"Diabetes Mellitus, Type 2"
KCNA2,"Diabetes Mellitus, Type 2"
KCNA3,"Diabetes Mellitus, Type 2"
KCNB1,"Diabetes Mellitus, Type 2"
KCNC4,"Diabetes Mellitus, Type 2"
KCNJ3,"Diabetes Mellitus, Type 2"
KCNJ10,"Diabetes Mellitus, Type 2"
KDR,"Diabetes Mellitus, Type 2"
KIR2DS1,"Diabetes Mellitus, Type 2"
KLK1,"Diabetes Mellitus, Type 2"
KRT31,"Diabetes Mellitus, Type 2"
STMN1,"Diabetes Mellitus, Type 2"
LCN2,"Diabetes Mellitus, Type 2"
LDHA,"Diabetes Mellitus, Type 2"
LIF,"Diabetes Mellitus, Type 2"
FADS3,"Diabetes Mellitus, Type 2"
SMAD4,"Diabetes Mellitus, Type 2"
SMAD7,"Diabetes Mellitus, Type 2"
MAN1A1,"Diabetes Mellitus, Type 2"
MAOA,"Diabetes Mellitus, Type 2"
ME1,"Diabetes Mellitus, Type 2"
MEN1,"Diabetes Mellitus, Type 2"
MME,"Diabetes Mellitus, Type 2"
MMP7,"Diabetes Mellitus, Type 2"
MPI,"Diabetes Mellitus, Type 2"
MT1B,"Diabetes Mellitus, Type 2"
MT1F,"Diabetes Mellitus, Type 2"
MT1G,"Diabetes Mellitus, Type 2"
MT1H,"Diabetes Mellitus, Type 2"
MT1JP,"Diabetes Mellitus, Type 2"
MT1M,"Diabetes Mellitus, Type 2"
MT1L,"Diabetes Mellitus, Type 2"
MT1X,"Diabetes Mellitus, Type 2"
MYL2,"Diabetes Mellitus, Type 2"
NM,"Diabetes Mellitus, Type 2"
NPR1,"Diabetes Mellitus, Type 2"
NPR2,"Diabetes Mellitus, Type 2"
YBX1,"Diabetes Mellitus, Type 2"
OAS1,"Diabetes Mellitus, Type 2"
OSM,"Diabetes Mellitus, Type 2"
OXA1L,"Diabetes Mellitus, Type 2"
P2RX7,"Diabetes Mellitus, Type 2"
P4HB,"Diabetes Mellitus, Type 2"
SERPINB2,"Diabetes Mellitus, Type 2"
PCOS1,"Diabetes Mellitus, Type 2"
PDK2,"Diabetes Mellitus, Type 2"
PGF,"Diabetes Mellitus, Type 2"
PHEX,"Diabetes Mellitus, Type 2"
PIK3C2A,"Diabetes Mellitus, Type 2"
PLA2G1B,"Diabetes Mellitus, Type 2"
PLAGL1,"Diabetes Mellitus, Type 2"
PLD1,"Diabetes Mellitus, Type 2"
PLEK,"Diabetes Mellitus, Type 2"
PLXNA2,"Diabetes Mellitus, Type 2"
PMM2,"Diabetes Mellitus, Type 2"
PNLIP,"Diabetes Mellitus, Type 2"
Sep.05,"Diabetes Mellitus, Type 2"
PPIA,"Diabetes Mellitus, Type 2"
PPOX,"Diabetes Mellitus, Type 2"
PPP1R2,"Diabetes Mellitus, Type 2"
PPP2R4,"Diabetes Mellitus, Type 2"
PSMB6,"Diabetes Mellitus, Type 2"
PTPN9,"Diabetes Mellitus, Type 2"
PTPRN,"Diabetes Mellitus, Type 2"
PTPRN2,"Diabetes Mellitus, Type 2"
RANGAP1,"Diabetes Mellitus, Type 2"
RIT2,"Diabetes Mellitus, Type 2"
ROCK1,"Diabetes Mellitus, Type 2"
RORA,"Diabetes Mellitus, Type 2"
RORC,"Diabetes Mellitus, Type 2"
RPL29,"Diabetes Mellitus, Type 2"
RPN2,"Diabetes Mellitus, Type 2"
RPS6KA3,"Diabetes Mellitus, Type 2"
CLIP1,"Diabetes Mellitus, Type 2"
SORT1,"Diabetes Mellitus, Type 2"
MSMO1,"Diabetes Mellitus, Type 2"
CCL4,"Diabetes Mellitus, Type 2"
CX3CL1,"Diabetes Mellitus, Type 2"
SDHB,"Diabetes Mellitus, Type 2"
SFRP4,"Diabetes Mellitus, Type 2"
SFRP5,"Diabetes Mellitus, Type 2"
SFTPD,"Diabetes Mellitus, Type 2"
SGCG,"Diabetes Mellitus, Type 2"
SLAMF1,"Diabetes Mellitus, Type 2"
SLC2A5,"Diabetes Mellitus, Type 2"
SOAT1,"Diabetes Mellitus, Type 2"
SORD,"Diabetes Mellitus, Type 2"
SORL1,"Diabetes Mellitus, Type 2"
ST13,"Diabetes Mellitus, Type 2"
STX4,"Diabetes Mellitus, Type 2"
SULT1A1,"Diabetes Mellitus, Type 2"
SYT4,"Diabetes Mellitus, Type 2"
ADAM17,"Diabetes Mellitus, Type 2"
TACR3,"Diabetes Mellitus, Type 2"
TAT,"Diabetes Mellitus, Type 2"
TEK,"Diabetes Mellitus, Type 2"
TEP1,"Diabetes Mellitus, Type 2"
TERF2,"Diabetes Mellitus, Type 2"
TLE1,"Diabetes Mellitus, Type 2"
TLL1,"Diabetes Mellitus, Type 2"
TLR5,"Diabetes Mellitus, Type 2"
TNFAIP3,"Diabetes Mellitus, Type 2"
TOP2A,"Diabetes Mellitus, Type 2"
TPO,"Diabetes Mellitus, Type 2"
TSC1,"Diabetes Mellitus, Type 2"
TUB,"Diabetes Mellitus, Type 2"
TXN,"Diabetes Mellitus, Type 2"
UGCG,"Diabetes Mellitus, Type 2"
UGT1A,"Diabetes Mellitus, Type 2"
VGF,"Diabetes Mellitus, Type 2"
VTN,"Diabetes Mellitus, Type 2"
CLIP2,"Diabetes Mellitus, Type 2"
XBP1P1,"Diabetes Mellitus, Type 2"
YY1,"Diabetes Mellitus, Type 2"
HBFQTL2,"Diabetes Mellitus, Type 2"
ZNF239,"Diabetes Mellitus, Type 2"
BRAP,"Diabetes Mellitus, Type 2"
FZD4,"Diabetes Mellitus, Type 2"
PLA2G10,"Diabetes Mellitus, Type 2"
DHX16,"Diabetes Mellitus, Type 2"
OGT,"Diabetes Mellitus, Type 2"
DGKE,"Diabetes Mellitus, Type 2"
DGKD,"Diabetes Mellitus, Type 2"
BLZF1,"Diabetes Mellitus, Type 2"
VAMP4,"Diabetes Mellitus, Type 2"
TNFSF14,"Diabetes Mellitus, Type 2"
TNFSF12,"Diabetes Mellitus, Type 2"
RIPK2,"Diabetes Mellitus, Type 2"
TMEM11,"Diabetes Mellitus, Type 2"
NR1I2,"Diabetes Mellitus, Type 2"
SELENBP1,"Diabetes Mellitus, Type 2"
RPL14,"Diabetes Mellitus, Type 2"
SLC7A7,"Diabetes Mellitus, Type 2"
USP2,"Diabetes Mellitus, Type 2"
SLC33A1,"Diabetes Mellitus, Type 2"
GPR55,"Diabetes Mellitus, Type 2"
CD163,"Diabetes Mellitus, Type 2"
MAP4K4,"Diabetes Mellitus, Type 2"
CHST3,"Diabetes Mellitus, Type 2"
GAL3ST1,"Diabetes Mellitus, Type 2"
GDF15,"Diabetes Mellitus, Type 2"
CCL4L2,"Diabetes Mellitus, Type 2"
BCAR1,"Diabetes Mellitus, Type 2"
GDF3,"Diabetes Mellitus, Type 2"
SOX13,"Diabetes Mellitus, Type 2"
BMS1,"Diabetes Mellitus, Type 2"
MAFB,"Diabetes Mellitus, Type 2"
THRAP3,"Diabetes Mellitus, Type 2"
NR1I3,"Diabetes Mellitus, Type 2"
HIPK3,"Diabetes Mellitus, Type 2"
RASGRP1,"Diabetes Mellitus, Type 2"
LRPPRC,"Diabetes Mellitus, Type 2"
ATP6AP2,"Diabetes Mellitus, Type 2"
SPRY2,"Diabetes Mellitus, Type 2"
TCIRG1,"Diabetes Mellitus, Type 2"
NOD1,"Diabetes Mellitus, Type 2"
NSA2,"Diabetes Mellitus, Type 2"
SPON2,"Diabetes Mellitus, Type 2"
C1D,"Diabetes Mellitus, Type 2"
HYOU1,"Diabetes Mellitus, Type 2"
PROCR,"Diabetes Mellitus, Type 2"
AGPAT1,"Diabetes Mellitus, Type 2"
NPC2,"Diabetes Mellitus, Type 2"
PDLIM5,"Diabetes Mellitus, Type 2"
EBP,"Diabetes Mellitus, Type 2"
LILRB1,"Diabetes Mellitus, Type 2"
ADAM28,"Diabetes Mellitus, Type 2"
EHD1,"Diabetes Mellitus, Type 2"
PRSS21,"Diabetes Mellitus, Type 2"
LIAS,"Diabetes Mellitus, Type 2"
BTN2A1,"Diabetes Mellitus, Type 2"
PTPRT,"Diabetes Mellitus, Type 2"
TREH,"Diabetes Mellitus, Type 2"
VASH1,"Diabetes Mellitus, Type 2"
MLXIP,"Diabetes Mellitus, Type 2"
SACM1L,"Diabetes Mellitus, Type 2"
NT5C2,"Diabetes Mellitus, Type 2"
WDTC1,"Diabetes Mellitus, Type 2"
SYT11,"Diabetes Mellitus, Type 2"
SIK2,"Diabetes Mellitus, Type 2"
DICER1,"Diabetes Mellitus, Type 2"
LPAR3,"Diabetes Mellitus, Type 2"
SMUG1,"Diabetes Mellitus, Type 2"
ZMYND8,"Diabetes Mellitus, Type 2"
BACE1,"Diabetes Mellitus, Type 2"
LY96,"Diabetes Mellitus, Type 2"
DIANPH,"Diabetes Mellitus, Type 2"
BRI3,"Diabetes Mellitus, Type 2"
TENM4,"Diabetes Mellitus, Type 2"
OR2L2,"Diabetes Mellitus, Type 2"
NUPR1,"Diabetes Mellitus, Type 2"
OR2T1,"Diabetes Mellitus, Type 2"
SESN1,"Diabetes Mellitus, Type 2"
BHLHE22,"Diabetes Mellitus, Type 2"
IGHV1-17,"Diabetes Mellitus, Type 2"
DLL1,"Diabetes Mellitus, Type 2"
SLC27A6,"Diabetes Mellitus, Type 2"
MYLIP,"Diabetes Mellitus, Type 2"
C18orf8,"Diabetes Mellitus, Type 2"
PADI1,"Diabetes Mellitus, Type 2"
ERO1L,"Diabetes Mellitus, Type 2"
EHD3,"Diabetes Mellitus, Type 2"
G0S2,"Diabetes Mellitus, Type 2"
IL22,"Diabetes Mellitus, Type 2"
DYT10,"Diabetes Mellitus, Type 2"
F11R,"Diabetes Mellitus, Type 2"
SBDS,"Diabetes Mellitus, Type 2"
NT5C3A,"Diabetes Mellitus, Type 2"
DACT1,"Diabetes Mellitus, Type 2"
POMP,"Diabetes Mellitus, Type 2"
ISYNA1,"Diabetes Mellitus, Type 2"
LARS,"Diabetes Mellitus, Type 2"
RASD1,"Diabetes Mellitus, Type 2"
IL17D,"Diabetes Mellitus, Type 2"
TLR9,"Diabetes Mellitus, Type 2"
TERF2IP,"Diabetes Mellitus, Type 2"
ARL15,"Diabetes Mellitus, Type 2"
GATAD2A,"Diabetes Mellitus, Type 2"
CDCA8,"Diabetes Mellitus, Type 2"
LARP6,"Diabetes Mellitus, Type 2"
SAGE1,"Diabetes Mellitus, Type 2"
ATF7IP,"Diabetes Mellitus, Type 2"
VPS35,"Diabetes Mellitus, Type 2"
UGGT2,"Diabetes Mellitus, Type 2"
CISD1,"Diabetes Mellitus, Type 2"
NKRF,"Diabetes Mellitus, Type 2"
ALG1,"Diabetes Mellitus, Type 2"
PCDHA6,"Diabetes Mellitus, Type 2"
CELF4,"Diabetes Mellitus, Type 2"
HYMAI,"Diabetes Mellitus, Type 2"
PNPLA2,"Diabetes Mellitus, Type 2"
CD177,"Diabetes Mellitus, Type 2"
PELI1,"Diabetes Mellitus, Type 2"
ATP10A,"Diabetes Mellitus, Type 2"
KIR2DL5A,"Diabetes Mellitus, Type 2"
GJD2,"Diabetes Mellitus, Type 2"
ABHD6,"Diabetes Mellitus, Type 2"
TMIGD3,"Diabetes Mellitus, Type 2"
KLHL42,"Diabetes Mellitus, Type 2"
HAMP,"Diabetes Mellitus, Type 2"
LGR6,"Diabetes Mellitus, Type 2"
IGAN1,"Diabetes Mellitus, Type 2"
PRDM16,"Diabetes Mellitus, Type 2"
ABCG8,"Diabetes Mellitus, Type 2"
HHIP,"Diabetes Mellitus, Type 2"
PDIA2,"Diabetes Mellitus, Type 2"
ACD,"Diabetes Mellitus, Type 2"
VKORC1,"Diabetes Mellitus, Type 2"
ALG8,"Diabetes Mellitus, Type 2"
ANKRD55,"Diabetes Mellitus, Type 2"
BBS10,"Diabetes Mellitus, Type 2"
ATAT1,"Diabetes Mellitus, Type 2"
FLAD1,"Diabetes Mellitus, Type 2"
HM13,"Diabetes Mellitus, Type 2"
CCM2,"Diabetes Mellitus, Type 2"
SESN2,"Diabetes Mellitus, Type 2"
TAS1R3,"Diabetes Mellitus, Type 2"
IMMP2L,"Diabetes Mellitus, Type 2"
ARID5B,"Diabetes Mellitus, Type 2"
TCHP,"Diabetes Mellitus, Type 2"
L3MBTL3,"Diabetes Mellitus, Type 2"
NKX6-2,"Diabetes Mellitus, Type 2"
UBASH3B,"Diabetes Mellitus, Type 2"
ABCC11,"Diabetes Mellitus, Type 2"
EXOC3L2,"Diabetes Mellitus, Type 2"
SYT12,"Diabetes Mellitus, Type 2"
DNER,"Diabetes Mellitus, Type 2"
FOXP2,"Diabetes Mellitus, Type 2"
SFXN1,"Diabetes Mellitus, Type 2"
PRRT2,"Diabetes Mellitus, Type 2"
C1QTNF3,"Diabetes Mellitus, Type 2"
SLC26A9,"Diabetes Mellitus, Type 2"
TADA1,"Diabetes Mellitus, Type 2"
THEM4,"Diabetes Mellitus, Type 2"
MRGPRX3,"Diabetes Mellitus, Type 2"
MRGPRX4,"Diabetes Mellitus, Type 2"
SPPL3,"Diabetes Mellitus, Type 2"
OR2T4,"Diabetes Mellitus, Type 2"
GPR151,"Diabetes Mellitus, Type 2"
OR1N1,"Diabetes Mellitus, Type 2"
SESN3,"Diabetes Mellitus, Type 2"
OR2AG1,"Diabetes Mellitus, Type 2"
NRG4,"Diabetes Mellitus, Type 2"
BEAN1,"Diabetes Mellitus, Type 2"
CILP2,"Diabetes Mellitus, Type 2"
PTPRVP,"Diabetes Mellitus, Type 2"
FAM78B,"Diabetes Mellitus, Type 2"
SH3D19,"Diabetes Mellitus, Type 2"
SLC16A11,"Diabetes Mellitus, Type 2"
TMPRSS6,"Diabetes Mellitus, Type 2"
OXER1,"Diabetes Mellitus, Type 2"
SGMS2,"Diabetes Mellitus, Type 2"
NLRP6,"Diabetes Mellitus, Type 2"
SLC16A13,"Diabetes Mellitus, Type 2"
Mar.08,"Diabetes Mellitus, Type 2"
KIF6,"Diabetes Mellitus, Type 2"
GPRC6A,"Diabetes Mellitus, Type 2"
SPESP1,"Diabetes Mellitus, Type 2"
MRGPRX1,"Diabetes Mellitus, Type 2"
HECTD4,"Diabetes Mellitus, Type 2"
KSR2,"Diabetes Mellitus, Type 2"
LAMA1,"Diabetes Mellitus, Type 2"
SLC9C1,"Diabetes Mellitus, Type 2"
FFAR4,"Diabetes Mellitus, Type 2"
OR14K1,"Diabetes Mellitus, Type 2"
ZACN,"Diabetes Mellitus, Type 2"
FABP5P1,"Diabetes Mellitus, Type 2"
CCL4L1,"Diabetes Mellitus, Type 2"
OR6Y1,"Diabetes Mellitus, Type 2"
OR2AK2,"Diabetes Mellitus, Type 2"
AGMO,"Diabetes Mellitus, Type 2"
LINC01194,"Diabetes Mellitus, Type 2"
MIR107,"Diabetes Mellitus, Type 2"
MIR144,"Diabetes Mellitus, Type 2"
MIR150,"Diabetes Mellitus, Type 2"
MIR182,"Diabetes Mellitus, Type 2"
MIR187,"Diabetes Mellitus, Type 2"
MIR192,"Diabetes Mellitus, Type 2"
MIR21,"Diabetes Mellitus, Type 2"
MIR223,"Diabetes Mellitus, Type 2"
MIR34A,"Diabetes Mellitus, Type 2"
TNFSF12-TNFSF13,"Diabetes Mellitus, Type 2"
VN1R17P,"Diabetes Mellitus, Type 2"
GPR166P,"Diabetes Mellitus, Type 2"
BW61,"Diabetes Mellitus, Type 2"
BW62,"Diabetes Mellitus, Type 2"
MIR483,"Diabetes Mellitus, Type 2"
MT1IP,"Diabetes Mellitus, Type 2"
CHCHD2P9,"Diabetes Mellitus, Type 2"
MIR661,"Diabetes Mellitus, Type 2"
CDKN2B-AS1,"Diabetes Mellitus, Type 2"
C20orf181,"Diabetes Mellitus, Type 2"
HMGA1P8,"Diabetes Mellitus, Type 2"
FOXO6,"Diabetes Mellitus, Type 2"
C4B_2,"Diabetes Mellitus, Type 2"
LOC100509457,"Diabetes Mellitus, Type 2"
LOC104968398,"Diabetes Mellitus, Type 2"
PARP1,Diabetic polyneuropathy
SOD1,Diabetic polyneuropathy
VEGFA,Diabetic polyneuropathy
ABO,"Diabetes, Gestational"
ADCY5,"Diabetes, Gestational"
ADORA2B,"Diabetes, Gestational"
APLNR,"Diabetes, Gestational"
APOA1,"Diabetes, Gestational"
ARNT,"Diabetes, Gestational"
ARNTL,"Diabetes, Gestational"
BCL2A1,"Diabetes, Gestational"
C3,"Diabetes, Gestational"
CBL,"Diabetes, Gestational"
CCNG2,"Diabetes, Gestational"
CD59,"Diabetes, Gestational"
CDKN2A,"Diabetes, Gestational"
CDKN2B,"Diabetes, Gestational"
COL6A2,"Diabetes, Gestational"
CSF2,"Diabetes, Gestational"
CSH1,"Diabetes, Gestational"
CSH2,"Diabetes, Gestational"
DCN,"Diabetes, Gestational"
DDIT3,"Diabetes, Gestational"
ESR1,"Diabetes, Gestational"
FABP2,"Diabetes, Gestational"
FGR,"Diabetes, Gestational"
FOXC2,"Diabetes, Gestational"
MTOR,"Diabetes, Gestational"
GAD2,"Diabetes, Gestational"
GCKR,"Diabetes, Gestational"
GH1,"Diabetes, Gestational"
GH2,"Diabetes, Gestational"
NR3C1,"Diabetes, Gestational"
GSR,"Diabetes, Gestational"
GYS2,"Diabetes, Gestational"
HHEX,"Diabetes, Gestational"
MNX1,"Diabetes, Gestational"
HLA-G,"Diabetes, Gestational"
HTR2A,"Diabetes, Gestational"
HTR2B,"Diabetes, Gestational"
IDE,"Diabetes, Gestational"
IFNG,"Diabetes, Gestational"
CXCL8,"Diabetes, Gestational"
KIT,"Diabetes, Gestational"
LGALS1,"Diabetes, Gestational"
LUM,"Diabetes, Gestational"
SMAD2,"Diabetes, Gestational"
MEST,"Diabetes, Gestational"
ND1,"Diabetes, Gestational"
MYB,"Diabetes, Gestational"
PLG,"Diabetes, Gestational"
PLTP,"Diabetes, Gestational"
RAP1A,"Diabetes, Gestational"
RPS6KB1,"Diabetes, Gestational"
S100A9,"Diabetes, Gestational"
SDHC,"Diabetes, Gestational"
SPARC,"Diabetes, Gestational"
STK11,"Diabetes, Gestational"
SULT1A1,"Diabetes, Gestational"
TERT,"Diabetes, Gestational"
TLE1,"Diabetes, Gestational"
TLR2,"Diabetes, Gestational"
TPH1,"Diabetes, Gestational"
WARS,"Diabetes, Gestational"
WFS1,"Diabetes, Gestational"
ST8SIA4,"Diabetes, Gestational"
NELFE,"Diabetes, Gestational"
EBAG9,"Diabetes, Gestational"
LIPG,"Diabetes, Gestational"
RIMS2,"Diabetes, Gestational"
FGF19,"Diabetes, Gestational"
DCAF7,"Diabetes, Gestational"
OR2B6,"Diabetes, Gestational"
OR2M4,"Diabetes, Gestational"
OR2L2,"Diabetes, Gestational"
B3GAT1,"Diabetes, Gestational"
CYB5R4,"Diabetes, Gestational"
RASD1,"Diabetes, Gestational"
G6PC2,"Diabetes, Gestational"
HPSE2,"Diabetes, Gestational"
OR10J5,"Diabetes, Gestational"
LYPD6,"Diabetes, Gestational"
OR10A4,"Diabetes, Gestational"
MIA3,"Diabetes, Gestational"
OR10K1,"Diabetes, Gestational"
OR6K3,"Diabetes, Gestational"
MIR222,"Diabetes, Gestational"
OR10C1,"Diabetes, Gestational"
AGT,Diabetic Cardiomyopathies
CRP,Diabetic Cardiomyopathies
CYP2J2,Diabetic Cardiomyopathies
DNAH8,Diabetic Cardiomyopathies
FGF1,Diabetic Cardiomyopathies
FN1,Diabetic Cardiomyopathies
LEP,Diabetic Cardiomyopathies
NGF,Diabetic Cardiomyopathies
PIM1,Diabetic Cardiomyopathies
PVRL1,Diabetic Cardiomyopathies
REN,Diabetic Cardiomyopathies
VCAM1,Diabetic Cardiomyopathies
BEST1,Diabetic Cardiomyopathies
NR1I2,Diabetic Cardiomyopathies
LONP1,Diabetic Cardiomyopathies
ATP6AP2,Diabetic Cardiomyopathies
MAT2B,Diabetic Cardiomyopathies
SEMA6A,Diabetic Cardiomyopathies
TXNRD3,Diabetic Cardiomyopathies
MIR499A,Diabetic Cardiomyopathies
INS-IGF2,Diabetic Cardiomyopathies
INS,Diabetic gastropathy
INS-IGF2,Diabetic gastropathy
CAT,Prediabetic State
DACH1,Prediabetic State
DPT,Prediabetic State
FAAH,Prediabetic State
HRAS,Prediabetic State
IL6,Prediabetic State
ISG20,Prediabetic State
KCNJ4,Prediabetic State
MBL2,Prediabetic State
MTNR1B,Prediabetic State
NRF1,Prediabetic State
PAFAH1B1,Prediabetic State
PGC,Prediabetic State
POLR2D,Prediabetic State
PTPRN,Prediabetic State
PTPRN2,Prediabetic State
RBP4,Prediabetic State
RFC2,Prediabetic State
SLC2A4,Prediabetic State
TNF,Prediabetic State
HIRA,Prediabetic State
TNFRSF4,Prediabetic State
YWHAE,Prediabetic State
CAPN10,Prediabetic State
SF3B1,Prediabetic State
APPL1,Prediabetic State
SGSM3,Prediabetic State
PARD6A,Prediabetic State
MLXIPL,Prediabetic State
TET2,Prediabetic State
SLC30A10,Prediabetic State
PNPLA2,Prediabetic State
FTO,Prediabetic State
FA2H,Prediabetic State
MTG1,Prediabetic State
SLC30A8,Prediabetic State
ASXL1,Prediabetic State
FNDC5,Prediabetic State
IFNL3,Prediabetic State
OR2AK2,Prediabetic State
MIR375,Prediabetic State
PDGFA,Macroalbuminuric diabetic nephropathy
SLC9A6,Diabetic foot infection
ERBB2,Diabetes Insipidus
LEPR,Diabetes Insipidus
PGR,Diabetes Insipidus
TP53,Diabetes Insipidus
UBB,Diabetes Insipidus
SIRT1,Diabetes Insipidus
INS,Malnutrition related diabetes mellitus
INS-IGF2,Malnutrition related diabetes mellitus
