drug_name,gene_name
RACLOPRIDE,CYP2D6
CHEMBL:CHEMBL1833984,PPARG
WITHAFERIN A,MAPK1
ANGIOTENSIN II,AGTR1
NERATINIB,KDR
CEP-9722,PARP1
IMATINIB,KIT
CLODRONIC ACID,CCL4
PLATINUM,CSF2
BENZENETHIOL,JUN
ARBUTAMINE,ADRB1
CHEMBL:CHEMBL347610,AGTR1
[125I]TYR11-SRIF-14,AQP1
DIPIVEFRIN HYDROCHLORIDE,ADRB3
LANOTEPLASE,PLG
TAMOXIFEN,ESR1
PHENOLPHTHALEIN,GPR55
TETRABENAZINE,CYP2D6
NOSCAPINE,HIF1A
REMOXIPRIDE,DRD2
RM65,PRMT1
AVUTOMETINIB,FGFR1
ABEXINOSTAT,HDAC9
DACTINOMYCIN,NR3C1
AMLODIPINE BESYLATE,CACNA1D
THEONELLASTEROL E,NR1H4
CHEMBL:CHEMBL601367,SMAD3
BAZEDOXIFENE,IL6R
TOZASERTIB,RPS6KB1
E324,CYP2C9
NABUMETONE,PTGS1
"[SAR9,MET(O2)11]SP",AQP3
VASOPRESSIN TANNATE,AVPR1A
PITAVASTATIN MAGNESIUM,HMGCR
ANTI-PD-L1 MONOCLONAL ANTIBODY MDX-1105,CD274
BIX-01294,GCNT2
BMS-599626,ERBB2
ENMD-2076,KIT
PICROTOXIN,ASAH1
THIOURACIL,EDN1
LAMIVUDINE,LEP
AM404,CYP2C9
CER-002,PPARD
SELUMETINIB,MAP2K2
MESALAMINE,PTGS1
NAVOCAFTOR,CFTR
GILTERITINIB,PTK2B
CHEMBL:CHEMBL259615,GLP1R
CHEMBL:CHEMBL459729,IGF1R
PALBOCICLIB,ESR1
ERIBULIN MESYLATE,TERT
GW843682X,EGFR
CERITINIB,ALK
4-BENZYLOXYANILINE,SMN2
X-396,ALK
UMIFENOVIR,CYP3A4
Y27632,CTRB1
DALUTRAFUSP ALFA,CCR3
ELOBIXIBAT,SLC10A2
PHENYLEPHRINE,VWF
METHYLPREDNISOLONE SODIUM SUCCINATE,NR3C1
FLUVASTATIN,HMGCR
TASOSARTAN,AGTR1
FARICIMAB,ANGPT2
EVEROLIMUS,HRAS
NERATINIB,ERBB2
TYRPHOSTIN A9,ATXN2
DESIPRAMINE,CYP1A2
SERTINDOLE,ADRA1D
NEPAFENAC,COX8A
FULVESTRANT,ESR1
PRAZOSIN HYDROCHLORIDE,ADRA1A
LUMACAFTOR,CFTR
PRILIXIMAB,CD4
CHELERYTHRINE,CYP1A2
"INSULIN, REGULAR, HUMAN",IL6
2MD,VDR
ALPROSTADIL,RND3
CHLORAMBUCIL,CXCL12
CYTARABINE,GATA3
ANTIBIOTIC,SOD2
VILANTEROL,ADRB2
CYC-116,FYN
YOHIMBINE,ADRA2A
"INSULIN, REGULAR, HUMAN",YWHAE
CISPLATIN,CXCR4
CHLORPROTHIXENE,HTR2B
GNE-131,BBS1
TOLVAPTAN,ABCC6
HUMAN CHORIONIC GONADOTROPIN,TAC1
BEFIRADOL,HTR1A
LOBELINE HYDROCHLORIDE,KCNH2
NONIVAMIDE,ALOX15
PINOMETOSTAT,GCNT1
ROLAPITANT,AQP3
AXITINIB,DRD2
CHEMBL:CHEMBL1642672,MAOA
CHEMBL:CHEMBL84010,NFKB1
OT-730,ADRB2
BMS-986020,LPAR1
CHEMBL:CHEMBL590914,KCNH2
IMATINIB,PDGFRB
INDAPAMIDE,KCNQ1
LIRAGLUTIDE,GLP1R
MOLIBRESIB,DNER
COMPOUND 17 [PMID: 23642479],ELAVL2
ALLISAN,AR
FORETINIB,MET
CISPLATIN,TGM2
RAMIPRIL,MMP2
HISTAMINE,HRH1
GLOFITAMAB,GATM
CISPLATIN,ESR1
FLUDROCORTISONE ACETATE,NR3C2
EPTIFIBATIDE,ITGA2B
CHEMBL:CHEMBL594257,TOP2A
PHENETHYL ISOTHIOCYANATE,DDIT3
MINAPRINE,SLC6A4
E6201,PTEN
"PYRROLIDINE DITHIOCARBAMIC ACID, AMMONIUM SALT",NFE2L2
MYCOPHENOLATE,IMPDH2
AM404,CYP3A4
METHANDROSTENOLONE,AR
PSORA-4,CYP2C19
OZORALIZUMAB,TNF
QUININE,CYP3A4
DOXAZOSIN MESYLATE,ADRA1D
"[PHAA1,D-TYR(ET)2,VAL4,LYS6,TYR-NH28,DES-GLY9]AVP",ABCC6
CYC-116,SYK
DIAZOXIDE,KCNJ11
AMIKACIN,RPSA
SURAMIN,USP2
DEXAMETHASONE,APOB
THYMOL IODIDE,VDR
TNF-ALPHA,OSM
MANGOSTIN,HSD17B10
DANAZOL,AR
CHLORAMBUCIL,ERBB2
CHEMBL:CHEMBL585045,CYP3A4
TRILOSTANE,HSD3B1
KAEMPHEROL,CYP2C9
ODANACATIB,FOS
SAPANISERTIB,KEAP1
LEDIPASVIR,IFNL3
PAMIDRONATE,CXCL8
CHEMBL:CHEMBL582983,HSP90AA1
CONIVAPTAN,AVPR1A
CHEMBL:CHEMBL1520282,GLP1R
ARHALOFENATE,PPARG
FLUOROURACIL,PIK3CA
DEHYDRATED ALCOHOL,CAV1
"PAROXETINE HYDROCHLORIDE, HEMIHYDRATE",ADM
PANOBINOSTAT,SIRT3
GEMFIBROZIL,BDNF
ULIMORELIN HYDROCHLORIDE,GHSR
SAR-566658,MUC1
CHEMBL:CHEMBL1287895,NQO1
ANTIDEPRESSANT AGENT,ADRB2
LEBRIKIZUMAB,IL13
"IBUPROFEN, SODIUM SALT",NOS2
SULFAMETHOXAZOLE,G6PD
OCTREOTIDE ACETATE,SSTR5
CEDIRANIB,FLT4
VINCRISTINE,TUBB4B
PENTOSAN POLYSULFATE,CTSC
VARDENAFIL,CYP3A5
ABEMACICLIB,CDKN2A
VISTUSERTIB,MTOR
5-HYDROXYMETHYL-2-FURFURAL,KLF5
ERLOTINIB,DXO
BITHIONOL,CASP7
PROPRANOLOL HYDROCHLORIDE,ADCYAP1
AZACITIDINE,NRAS
CHEMBL:CHEMBL258465,CYP2C9
PZM21,APOF
APOMORPHINE,DRD3
ERYTHROMYCIN,BCL2
LADUVIGLUSIB,SLC29A1
6-O-BENZYLGUANINE,CYP3A4
QUINAGOLIDE,DRD2
CHEMBL:CHEMBL1256761,HSP90AA1
CHLORAMPHENICOL SODIUM SUCCINATE,RPSA
CHEMBL:CHEMBL502775,GAPDH
CHEMBL:CHEMBL481161,TERT
LETROZOLE,CDKN2A
CHEMBL:CHEMBL1927670,MAOB
BRIAKINUMAB,IL23A
ZALUNFIBAN,ITGA2B
ETHACRYNIC ACID,NFE2L2
SRT2104,SIRT1
SILVER SULFADIAZINE,ALOX15
SERTINDOLE,ALDH2
DACINOSTAT,MSTN
EPIDERMAL GROWTH FACTOR RECEPTOR TYROSINE KINASE INHIBITOR,EGFR
CYCLOHEXIMIDE,HSP90AA1
GUGGULSTERONE,HSPB1
TICLOPIDINE HYDROCHLORIDE,P2RY12
ORBIFLOXACIN,AR
CHEMBL:CHEMBL530664,STAT3
E4031,CYP2D6
CHEMBL:CHEMBL578675,NFE2L2
OLAPARIB,BRCA1
DOXACURIUM CHLORIDE,CHRM2
PLOZALIZUMAB,CCR2
URACIL,DPYD
BAY 61-3606,PRKD2
DACTOLISIB,PIK3C2A
LORAZEPAM,APOE
AMLODIPINE BESYLATE,CACNA1C
MOFAROTENE,RXRG
2-(2'-METHOXYPHENYL)-1H-INDOLE,SMN2
CASOXIN C,ACACA
AZD8835,F5
METHOTRIMEPRAZINE,DRD3
CLOZAPINE,DRD2
CERITINIB,INSR
VORICONAZOLE,RELA
SERTINDOLE,KCNH2
ANGIOGENESIS INHIBITOR,CCL21
PENTOXIFYLLINE,GFAP
ROFLUMILAST,PDE4A
MASITINIB,PTK2B
MESTANOLONE,AR
CHEMBL:CHEMBL255300,OPRM1
ANTI-CD40 MONOCLONAL ANTIBODY CHI LOB 7/4,CD40LG
PROTOKYLOL HYDROCHLORIDE,ADRB1
DECAMETHONIUM,ARSA
XYLAZINE,AOC1
[125I]SAUVAGINE (FROG),ALB
MEPIVACAINE HYDROCHLORIDE,G6PD
CYPROHEPTADINE HYDROCHLORIDE,ABCA4
PHENYLEPHRINE,PIK3CG
BUSULFAN,CYP2C19
GUGGULSTERONE,AR
RETINOIC ACID AGENT,CYP27A1
ANTIDEPRESSANT AGENT,GDNF
THEOPHYLLINE SODIUM GLYCINATE,PDE4A
SULPIRIDE,DRD2
PARTHENOLIDE,NFKB1
CHLORMEZANONE,TSPO
TAMOXIFEN,MUC16
N(6)-CYCLOHEXYLADENOSINE,ABCA1
HT-0712,PDE4A
FR122047,CPT1B
PERICIAZINE,ADRA1D
CRIZOTINIB,ALK
GO-6976,TYK2
R116031,AQP3
ORANTINIB,KDR
FLUOROURACIL,KEAP1
E324,CYP1A2
NITROXOLINE,PPARD
DIMETHYLFORMAMIDE,RXRA
TRIAZENE COMPOUND,MGMT
OXYPHENBUTAZONE,CYP3A4
ANTICONVULSANT AGENT,ABCB1
VOXTALISIB,PIK3C3
BITHIONOLATE SODIUM,CYP3A4
DIHYDROSPHINGOSINE,IL6
PASIREOTIDE,SSTR3
CHEMBL:CHEMBL408850,TP53
CLOFAZIMINE,CYP2D6
KOS-1584,TUBB3
NAVITOCLAX,PIK3CA
AMITRIPTYLINE HYDROCHLORIDE,DRD1
CHEMBL:CHEMBL101510,CYP2D6
HSD1590,CTRB1
CLINDAMYCIN,RPSA
LY-2090314,PRKAA1
IDARUBICIN,NQO1
PD-0166285,FGFR1
FLUOROURACIL,ALCAM
ACETAZOLAMIDE,CA2
CXCL12-(1-17),ACTG1
TARIQUIDAR,ABCB1
CHEMBL:CHEMBL86464,GLP1R
CHEMBL:CHEMBL408563,SMN1
LEVOFLOXACIN ANHYDROUS,IL6
DCG-IV,SLC25A4
MARIMASTAT,DCC
VAPITADINE,HRH1
METIPRANOLOL,ADRB1
PRX-08066,HTR2B
DOMPERIDONE,DRD2
AFT-II,BBS1
KETANSERIN,CDH13
ADEFOVIR DIPIVOXIL,NFE2L2
FLUOROURACIL,ABCG1
PRAVASTATIN SODIUM,CYP3A4
PHENYTOIN SODIUM,MTHFR
ESZOPICLONE,TSPO
VACCINE,PTPRC
MELATONIN,IL1B
LABETALOL,ADRA1A
GSK2982772,RIPK1
MERCAPTOPURINE,HPRT1
DACTOLISIB,PTEN
ANDROGEN RECEPTOR ANTAGONIST ONC1-0013B,AR
MASOPROCOL,CYP2C19
"INSULIN, REGULAR, HUMAN",EDN1
VINCRISTINE SULFATE,TUBB4B
HYDROCORTISONE SODIUM PHOSPHATE,NR3C1
CODEINE ANHYDROUS,OPRM1
DACTOLISIB,ACVR1
GEDATOLISIB,PIK3CD
NMRA-140,APOF
TETRACYCLINE,HSP90AA1
MONOCILLIN I,HSP90AA1
PYRAZINAMIDE,CYP1A2
MIDODRINE,CYP2C19
MECASERMIN,SCGB1A1
SLC-391,AXL
TASELISIB,PIK3CA
"D(CH2)5[TYR(ME)2,THR4,TYR-NH29]OVT",ABCC6
NORGESTIMATE,PGR
ANTIDEPRESSANT AGENT,TG
EXEMESTANE,ESR1
GW441756X,FLT4
GW441756X,PRKD2
E324,CYP3A4
RUCAPARIB,PALB2
TOLFENAMIC ACID,PLA2G1B
IPH-2101,KIR2DL2
MARAVIROC,OPRM1
AZD1305,KCNH2
MURAGLITAZAR,PPARA
ALACIZUMAB PEGOL,KDR
RISANKIZUMAB,IL12B
EMIXUSTAT HYDROCHLORIDE,RPE65
AMITRIPTYLINE HYDROCHLORIDE,CYP3A4
INGENOL MEBUTATE,PRKCB
ESTROGEN,ESR1
MEPAZINE ACETATE,GFER
DIHYDROERGOTAMINE MESYLATE,A2M
APOMORPHINE,ALDH2
PARICALCITOL,VDR
RITUXIMAB,ERBB2
CHEMBL:CHEMBL1256291,CYP3A4
MACIMORELIN ACETATE,GHSR
DOXYCYCLINE ANHYDROUS,ESR1
SUCCIMER,G6PD
AGOMELATINE,ANK2
BENZTROPINE,COMT
MEQUITAZINE,HRH1
NERATINIB,CBL
DACTOLISIB,MTOR
CHEMBL:CHEMBL1255966,KCNH2
TAK-733,MAP2K2
METHYLTHIONINIUM CHLORIDE,CASP6
FERULIC ACID,CA2
DF3016A,ACACB
MECHLORETHAMINE HYDROCHLORIDE,TP53
ATORVASTATIN CALCIUM TRIHYDRATE,CYP2C19
NERATINIB MALEATE,EGFR
AZD-6482,PIK3R3
AT-7519,CDK4
INTERFERON ALFA,IFNAR1
ZALIFRELIMAB,CD274
CHEMBL:CHEMBL258465,HSD17B10
GLESATINIB,FLT4
FLUFENAMIC ACID,HIF1A
TIVOZANIB,DRD2
NAVARIXIN,CXCR1
FRESOLIMUMAB,TGFB2
ASP4058,AMY2A
6-METHYLFLAVONE,CYP3A4
1D09C3,HLA-DRB3
PICTILISIB,MAPK8
BELINOSTAT,MSTN
ASPIRIN,NAT2
CHEMBL:CHEMBL1256835,CYP2D6
ELTOPRAZINE,HTR2C
METHYLPARABEN,NFE2L2
CHEMBL:CHEMBL483633,NPC1
CHEMBL:CHEMBL586061,NFE2L2
TRETINOIN,FAS
GEFITINIB,MET
RECOMBINANT TUMOR NECROSIS FACTOR FAMILY PROTEIN,CP
CETUXIMAB,SMAD4
CIDOFOVIR ANHYDROUS,CXCL8
CLOTRIMAZOLE,TP53
GUGGULSTERONE,NFE2L2
REPOTRECTINIB,NTRK1
PG-901,ANGPT2
AZ8838,APOE
AMITRIPTYLINE HYDROCHLORIDE,COMT
NIMESULIDE,MPO
SELUMETINIB,MET
OXYPURINOL,XDH
BROMPERIDOL,CYP3A4
FLUOROMETHOLONE,NR3C1
CP-195543,AMH
PGN-9856,APOC1
ROVAZOLAC,NR1H3
CARBOPLATIN,NRAS
MIDOSTAURIN,IL2
METHYLNALTREXONE,OPRM1
MK-6913,ESR1
GANITUMAB,IGF1R
NAMINIDIL,KCNJ11
6-AMINOCAPROIC ACID,PLG
[125I][TYR4]GHRELIN (HUMAN),ALOX15
GNE-7883,HP
THYROXINE,MPST
EPINEPHRINE BITARTRATE,ADRA1D
THYROXINE,IL2RA
CHEMBL:CHEMBL313737,RUNX1
IMGATUZUMAB,EGFR
NECA,MAPK1
TANNIC ACID,AR
TESTOSTERONE,MYO9B
SULPIRIDE,ALDH2
CHEMBL:CHEMBL29197,EGFR
IMIPRAMINE HYDROCHLORIDE,CYP2C9
NOREPINEPHRINE,ABCA4
"NITROFURANTOIN, MACROCRYSTALS",CYP1A2
ECONAZOLE NITRATE,NR1I2
ANDROSTENEDIONE,NR3C1
PHENDIMETRAZINE,ADRA1A
DOSIMERTINIB,DXO
HALOBETASOL,ANXA1
GANCOTAMAB,TOP2A
MECLOFENAMATE,ALOX5
CHEMBL:CHEMBL85826,STAT1
TOLUIC ACID,AR
LY-2090314,LCK
CHEMBL:CHEMBL120806,CYP2C19
SULFONE ANTI-INFECTIVE AGENT,MPO
ADX10059,GRM5
OLANZAPINE,HTR2A
CHEMBL:CHEMBL56393,VDR
NILVADIPINE,AR
ALVOCIDIB,CDK6
BT-11,HGF
DX-2507,FCGRT
LY341495,SLC25A4
DABRAFENIB,TP53
F16357,APOD
CHEMBL:CHEMBL451158,RXRA
EBSELEN,ALB
EMBELIN,ALDH1A1
CIPARGAMIN,ADORA3
CHEMBL:CHEMBL272682,HSD17B10
CHEMBL:CHEMBL429095,HSD17B10
ASPIRIN,EYA1
NICOTINE POLACRILEX,CDK4
HESPERETIN,NR1H3
FLUTICASONE,CYP3A4
SF1126,PIK3CG
LAPATINIB,CDKN1B
ZM447439,KDR
FLUOROURACIL,CDC25C
PROPAFENONE,SCN5A
DOCEBENONE,ATXN2
MOCETINOSTAT,HDAC2
THIOPENTAL SODIUM,CYP3A4
GW441756X,CDK5
ZOLANTIDINE,CYP3A4
CELECOXIB,CYP3A5
VITAMIN B12,MTRR
LAROTRECTINIB SULFATE,NTRK2
VINBLASTINE SULFATE,ATXN2
"7,8-DIHYDROXYFLAVONE",ALDH1A1
FENFLURAMINE HYDROCHLORIDE,HTR2C
VERUBECESTAT,BACE1
"INSULIN, REGULAR, HUMAN",PIK3CG
DIETHYLSTILBESTROL,E2F1
IBRITUMOMAB TIUXETAN,MS4A1
CHEMBL:CHEMBL299853,CASP3
ASPIRIN,IL4
PHENAZOPYRIDINE HYDROCHLORIDE,AHR
REFAMETINIB,MAPK3
BREXPIPRAZOLE,CYP2D6
BRUCINE,AANAT
ETHACRYNIC ACID,AR
DENBUFYLLINE,PDE4A
CHEMBL:CHEMBL493863,GLP1R
CHEMBL:CHEMBL588683,GLP1R
DOXEPIN HYDROCHLORIDE,SLC6A4
REMTOLUMAB,IL17A
CCL23,ACTA1
METHOXYVONE,SMN1
RECOMBINANT HUMAN STEM CELL FACTOR,CDKN1A
MASOPROCOL,BCL2
NABIXIMOLS,FAAH
BENZQUINAMIDE,CHRM3
TRIAMTERENE,CYP1A2
ALENDRONATE SODIUM,PTPRC
TORIN 2,F7
GANITUMAB,NRAS
CHEMBL:CHEMBL379975,RPS6KA3
HEXACHLOROPHENE,HSD17B10
RECOMBINANT 70-KD HEAT-SHOCK PROTEIN,AIFM1
ASENAPINE MALEATE,HTR2A
HALCINONIDE,NR3C1
CVX-060,ANGPT2
SODIUM CHLORIDE,CHAT
PHLOROGLUCINOL,CACNA1G
ZM-306416,DRD1
CI-1040,PRKCA
FIRUGLIPEL,ADH1C
UROKINASE,PLAU
ZINC CHLORIDE,TP53
MAPROTILINE,CYP3A4
BUSPIRONE HYDROCHLORIDE,ALDH1A1
IONOMYCIN,PLAU
ZAFIRLUKAST,CYP2C9
VANDETANIB,MTOR
TIVANTINIB,MET
APATORSEN,HSPB1
AZD-8186,PIK3CD
VELIPARIB,BRCA2
DASATINIB ANHYDROUS,CBL
LUCITANIB,FGFR1
SUNITINIB,HIF1A
R1295,ITGB1
PINOMETOSTAT,KMT2A
DOCETAXEL ANHYDROUS,STK11
JUGLONE,ALDH1A1
ENDOTHELIN-1,EDNRA
EVEROLIMUS,TSC1
DESLORATADINE,HRH1
CHLOROTHIAZIDE SODIUM,SLC12A3
LEVOBETAXOLOL HYDROCHLORIDE,ADRB1
NIMOTUZUMAB,EGFR
CHLORTHALIDONE,SLC12A3
MESALAMINE,PPARG
PERPHENAZINE,CYP1A2
PAZOPANIB,KIT
CANAGLIFLOZIN,SLC5A2
DESOGESTREL,PGR
PSB36,ABCA1
BQ123,ALDH1B1
VINBLASTINE SULFATE,TUBB4B
AMANTADINE HYDROCHLORIDE,GRIN2B
FELBAMATE,GRIN2B
TETRAHYDROZOLINE HYDROCHLORIDE,ADRA2C
NAPHAZOLINE HYDROCHLORIDE,ADRA2C
NAPHAZOLINE HYDROCHLORIDE,ADRA1A
AJMALICINE,ADRA2A
PAZOPANIB,KDR
NANDROLONE DECANOATE,AR
NADOLOL,ADRB2
GANDOTINIB,JAK2
CLOMIPRAMINE,DRD3
CI-1040,MAPK1
TOLTERODINE,CHRM2
BUSPIRONE HYDROCHLORIDE,KCNH2
COBIMETINIB,MAP2K2
PAZOPANIB,FLT4
DALFOPRISTIN,RPSA
GABAPENTIN ENACARBIL,CACNA1E
CHLOROPROCAINE,SCN5A
EPINEPHRINE BITARTRATE,ADRA2B
SACUBITRIL,MME
OXTRIPHYLLINE,ADORA2B
IXAZOMIB CITRATE,PSMA6
FIMEPINOSTAT,PIK3CA
FIMEPINOSTAT,PIK3CB
FIMEPINOSTAT,HDAC3
DS-7423,MTOR
GSK-690693,PRKCB
KW-2449,FLT3
PAXALISIB,PIK3R1
VOXTALISIB,PIK3CD
VOXTALISIB,PIK3CG
UCN-01,PRKCZ
VX-702,MAPK14
AZD2516,GRM5
PRATOSARTAN,SLC22A8
SURINABANT,CNR1
RELCOVAPTAN,AVPR1A
FRAKEFAMIDE,OPRM1
AZD1305,CACNA1C
NERISPIRDINE,KCNC4
OSIMERTINIB,EGFR
PACRITINIB,FLT3
VATALANIB,PDGFRB
FOSTAMATINIB,SYK
SARIZOTAN HYDROCHLORIDE,DRD3
ESMIRTAZAPINE MALEATE,HTR2A
TARANABANT,CNR1
NALDEMEDINE,OPRM1
ESMIRTAZAPINE MALEATE,HTR2C
RALFINAMIDE,MAOB
IFERANSERIN,HTR2A
PRIDOPIDINE,DRD2
DICYCLOMINE HYDROCHLORIDE,CHRM3
MARIMASTAT,MMP12
DEXMECAMYLAMINE,CHRNA4
FULRANUMAB,NGF
PATRITUMAB,ERBB3
LERDELIMUMAB,TGFB2
CROLIBULIN,TUBB4B
TROPIFEXOR,NR1H4
FOSBRETABULIN DISODIUM,TUBB3
LITRONESIB,KIF11
ERTUMAXOMAB,ERBB2
PERHEXILINE MALEATE,CPT1B
SULOCTIDIL,CACNA1E
ZIMELDINE HYDROCHLORIDE,HTR2C
APOMAB,TNFRSF10B
AMISULPRIDE,HTR2B
CLOTHIAPINE,HTR2B
CLOTHIAPINE,HTR2C
BIVATUZUMAB,CD44
VASOACTIVE INTESTINAL PEPTIDE,ADRA2C
VASOACTIVE INTESTINAL PEPTIDE,ADRA1D
RADEZOLID,RPSA
ACORAMIDIS,TTR
TESOFENSINE,SLC6A4
VOPRATELIMAB,ICOS
CDX-1140,CD40
CARPERITIDE,NPR2
PRI-724,CTNNB1
CTS-1027,MMP3
VUNAKIZUMAB,IL17A
SOCAZOLIMAB,CD274
IBOCTADEKIN,IL18R1
MYCOPHENOLATE SODIUM,IMPDH2
E-7016,PARP1
FINGOLIMOD LAURYL SULFATE,S1PR2
NEZULCITINIB,JAK2
ABEMACICLIB,CCND2
ABEMACICLIB,CDK4
ABEMACICLIB,CCND3
ANASTROZOLE,PGR
ALPELISIB,PIK3R1
TAMOXIFEN,PGR
AKT INHIBITOR MK2206,AKT2
PF-04691502,PTEN
NINTEDANIB ESYLATE,FGFR1
EGEN-001,IL12A
RALIMETINIB MESYLATE,MAPK14
&ALPHA;-CONOTOXIN GI,SERPINC1
SORAFENIB,FLT3
AFATINIB,EGFR
RELCOVAPTAN,AQP9
TRYPAN BLUE,KMT2A
XANTHONE,HSD17B10
"(R,S)-IFENPRODIL",CYP1A2
CHEMBL:CHEMBL225257,NFE2L2
CEDIRANIB,SRC
CHEMBL:CHEMBL296021,NFE2L2
MYRICETIN,CASP7
PHENAMIPHOS,PPARG
LEUCINE,CYP3A4
GSK9772,NR1H2
HALICLONADIAMINE,HIF1A
ETAZOLATE,CYP3A4
CHEMBL:CHEMBL527586,MPI
LIMONIN,AR
CHEMBL:CHEMBL473721,SMN2
INDOLE-3-BUTYRIC ACID,NFE2L2
ANGUIDIN,SMAD3
CHLORPROMAZINE HYDROCHLORIDE,KCNH2
OXYPHENBUTAZONE,ATXN2
AST-487,NTRK3
CLOTRIMAZOLE,CYP1A2
SOMATOSTATIN,SSTR1
CHEMBL:CHEMBL581194,MAPK1
BIS(DIMETHYLAMINETHIOCARBONYL)MONOSULFIDE,AR
NEVIRAPINE,CYP1A2
METHOXYVONE,SMN2
CAFFEIC ACID,GAA
NICARDIPINE,DRD1
NEVIRAPINE,ABCG2
NIFUROXAZIDE,NFE2L2
CHEMBL:CHEMBL600347,TP53
NORTRIPTYLINE HYDROCHLORIDE,KCNH2
PYRITHIONE,SMAD3
CHEMBL:CHEMBL56393,CYP3A4
CHEMBL:CHEMBL313737,VDR
CHLORPROMAZINE,CYP2C9
TANNIC ACID,MEN1
INDOMETHACIN,CYP3A4
CEFUROXIME AXETIL,ABCC2
DECITABINE,DNMT1
APOGOSSYPOL,BCL2L1
PIRSIDOMINE,GC
NABUMETONE,CYP1A2
CHEMBL:CHEMBL259784,ALDH1A1
ZEARALENONE,ESR1
ACIVICIN,AR
SULPIRIDE,KCNH2
ISOVELLERAL,XBP1
NICLOSAMIDE,NPC1
PHORBOL 12-MYRISTATE 13-ACETATE,PRKCE
DICUMAROL,ALDH1A1
VOACANGINE,TRPA1
ETANERCEPT-SZZS,KLRD1
CARMUSTINE,CYP1A2
NILUTAMIDE,AR
GW441756X,BLK
CHEMBL:CHEMBL429095,MEN1
LEVONORGESTREL,PGR
TENONITROZOLE,NPC1
ALEXIDINE HYDROCHLORIDE,USP2
MITONAFIDE,NFE2L2
CHEMBL:CHEMBL606166,HSD17B10
CHEMBL:CHEMBL86464,ATXN2
MANGOSTIN,USP2
RILMENIDINE HEMIFUMARATE,CYP3A4
PHENYLGLYOXAL,ALDH1A1
BITHIONOLOXIDE,VDR
(R)-&ALPHA;-METHYLHISTAMINE,VDR
MAYTANSINOL,TUBB4A
MOCETINOSTAT,HDAC3
(R)-PINOCEMBRIN,CYP2C9
DIAZEPAM,AR
RABEPRAZOLE,AR
ESCULETIN,ERAP1
CHEMBL:CHEMBL1086397,AKT1
MK-571,ABCC2
CHEMBL:CHEMBL429095,DRD1
CHEMBL:CHEMBL483633,SMN2
PHA-767491,PRKCQ
CHEMBL:CHEMBL76012,AR
MANGOSTIN,CYP2C9
CHEMBL:CHEMBL222993,HSD17B10
MERCAPTOPURINE,ALDH1A1
ZALCITABINE,MAPK1
GENTIAN VIOLET CATION,CYP3A4
BITHIONOLOXIDE,SUMO1
NECA,ADORA3
4-NONYLPHENOL,NFE2L2
SUNITINIB,KDR
VORINOSTAT,TUBB4A
OXATOMIDE,CYP3A4
FLUCONAZOLE,CYP2C9
PITAVASTATIN CALCIUM,AR
CHEMBL:CHEMBL601994,ALDH1A1
PLICAMYCIN,CYP2C19
GAMMA-LINOLENIC ACID,VDR
CIS-RESVERATROL,HSD17B10
CHEMBL:CHEMBL560532,CASP3
FENARIMOL,AR
U-0126,HSD17B10
CHEMBL:CHEMBL593366,NFE2L2
CHEMBL:CHEMBL328710,LMNA
CHEMBL:CHEMBL1520282,ACP1
EQUILIN,AR
HEXESTROL,CYP2C9
CHEMBL:CHEMBL225257,ALDH1A1
ROCURONIUM,ABCB1
TO-901317,AR
CHEMBL:CHEMBL591370,NFE2L2
DOXORUBICIN HYDROCHLORIDE,TP53
NANAOMYCIN,ATXN2
ZEARALENONE,NR3C1
CYCLOHEXIMIDE,RORC
CHEMBL:CHEMBL8328,ALOX15
RHAMNETIN,MAPK8
CYCLOHEXIMIDE,SMAD3
HAEMATOXYLIN,ALDH1A1
VORINOSTAT,ACE
OXYBENZONE,ALDH1A1
APOMORPHINE,CYP2D6
CHEMBL:CHEMBL2172378,CTNNB1
GITOXIGENIN,SMAD3
CHEMBL:CHEMBL485756,MGMT
CHEMBL:CHEMBL148831,NFE2L2
GW441756X,PKN2
CHEMBL:CHEMBL429095,TP53
EBSELEN,ALOX15
LOMOFUNGIN,THRB
ZERANOL,ESR1
CHEMBL:CHEMBL313737,CYP3A4
METHAPHIT,CYP3A4
CHEMBL:CHEMBL588683,BRCA1
"NITROFURANTOIN, MACROCRYSTALS",NFE2L2
FPL64176,CYP2C19
PROCATEROL HYDROCHLORIDE,ADRB2
SB203580,GSK3B
EDARAVONE,CYP3A4
HEMICHOLINIUM-3,ALDH1A1
BMS-182874,HSD17B10
CHEMBL:CHEMBL336095,CYP2C9
AMPHOTERICIN B LIPOSOMAL,HSD17B10
DEMETHOXYCURCUMIN,SMAD2
(R)-NFPS,CYP2C19
5-FLUOROINDOLE-2-CARBOXYLIC ACID,HSD17B10
DEQUALINIUM CHLORIDE,AR
BORIC ACID,ESR1
HELIPARVIFOLINE,GFER
CYPROTERONE ACETATE,NFE2L2
NAPROXEN SODIUM,CYP2C9
BUTYRIC ACID,HDAC5
CARBENOXOLONE SODIUM,NFE2L2
CHEMBL:CHEMBL1308677,BRCA1
FERRUGINENE B,TRPV1
METHYLERGONOVINE MALEATE,CASP6
CHEMBL:CHEMBL602413,KCNH2
LY-2090314,CDK2
DOXORUBICIN HYDROCHLORIDE,CYP2C19
CHEMBL:CHEMBL1466186,SMAD3
GW5074,ALOX15
2-CHLOROADENOSINE,MAPK1
SARAFLOXACIN HYDROCHLORIDE,HSD17B10
DOCUSATE,VDR
MITOBRONITOL,AR
FLUAZINAM,VDR
CEP-1347,RPS6KA1
RIMONABANT,AR
DIHYDROTANSHINONE I,MAPK14
AZD-1080,CDK5
ETIDRONIC ACID,CYP1A2
LY-294002,NFKB1
MK-0893,GCGR
BUSULFAN,CYP2D6
NAPROXEN SODIUM,CYP1A2
AMINACRINE HYDROCHLORIDE,NFE2L2
STILONIUM IODIDE,AR
CHEMBL:CHEMBL429095,CYP2C19
ALISERTIB,KDR
DIENESTROL,ALOX15
CHEMBL:CHEMBL515505,HBB
AMCINAFIDE,GLP1R
METHOXYVERAPAMIL HYDROCHLORIDE,KCNH2
IMMUNOTOXIN,GFAP
CHEMBL:CHEMBL117487,HDAC4
CHEMBL:CHEMBL117487,HDAC2
EBSELEN,CYP2C19
FLUSPIRILENE,PPARD
BMS-182874,CYP2C9
ROTTLERIN,ALDH1A1
KAMEBANIN,SMAD3
CHEMBL:CHEMBL406557,SMN1
CHEMBL:CHEMBL2095095,SMAD3
TRIAMTERENE,NFE2L2
CHEMBL:CHEMBL271165,CYP1A2
SALICYLURIC ACID,HSD17B10
SB203580,CSNK1D
GW441756X,NTRK3
CYPATE,ITGB3
TRICLOSAN,SMAD3
BIX-01294,SMAD3
CYCLOTHIAZIDE,FXYD2
CHEMBL:CHEMBL351569,DDAH1
PHENELZINE,CYP3A4
GW7647,NR3C1
PIRAGLIATIN,GCK
SECRAMINE A,CDC42
PROPYLPYRAZOLETRIOL,CYP1A2
CHEMBL:CHEMBL136344,GAA
DACTOLISIB,MAP4K5
DIFLUNISAL,HSD17B10
E232,NFE2L2
ANTHRALIN,ALDH1A1
METCONAZOLE,AR
CHEMBL:CHEMBL607253,ATXN2
PIPERTRAMINE AMIDE,CHRM2
INDIRUBIN-3'-MONOXIME,CYP2D6
TO-901317,RORC
INDIRUBIN-3'-MONOXIME,SMN2
APICIDIN,HDAC9
STICTIC ACID,CASP7
OXAPIUM IODIDE,AR
CHEMBL:CHEMBL444376,SMN2
CHEMBL:CHEMBL538798,VDR
TESTOSTERONE,CYP2C19
DANAZOL,CYP3A4
CHEMBL:CHEMBL471225,CYP2C19
CHEMBL:CHEMBL429095,NFE2L2
CHEMBL:CHEMBL306147,AR
IODOCARB,AR
PYRAZINAMIDE,CYP2C9
CHEMBL:CHEMBL17442,TERT
GENTIAN VIOLET CATION,ESR1
CINNARIZINE,TP53
MORIN,HSD17B10
2'-METHOXYFORMONETIN,HSD17B10
SIMETRIDE,NFE2L2
ZERANOL,RORC
CERITINIB,CYP3A4
ALLETHRIN,AR
MALINAMIDE,NFE2L2
BARDOXOLONE METHYL,STAT3
CHEMBL:CHEMBL581865,GLP1R
DIGITOXIN,TOP2A
TUBASTATIN A,HDAC1
DICHLOROACETIC ACID,PDK1
CHEMBL:CHEMBL119878,VDR
PACLITAXEL,TUBB3
MOFEGILINE,MAOB
VALRUBICIN,AR
RIMEGEPANT,CALCRL
CHEMBL:CHEMBL472004,ADM
MI-503,KMT2A
FUTUXIMAB/MODOTUXIMAB MIXTURE,NRAS
1-NAPHTHYLISOTHIOCYANATE,HSD17B10
IPATASERTIB,STK11
HAEMATOXYLIN,FGB
CARMINIC ACID,ATXN2
QUIFENADINE,AR
DIPHENYLUREA,CDK9
TACEDINALINE,HDAC5
GERONTOXANTHONE I,SMAD3
SB 242084,ATXN2
CHEMBL:CHEMBL379975,MAP2K2
CHEMBL:CHEMBL599924,ATXN2
CHEMBL:CHEMBL600103,SMN2
PROPYLPARABEN,AR
NICLOSAMIDE,SMN2
GW5074,CYP1A2
GW441756X,CHEK2
CEFMETAZOLE,ABCC2
CHEMBL:CHEMBL146525,GAA
AZTREONAM,CYP1A2
AZD1480,JAK2
TEPOTINIB,MET
CABOZANTINIB S-MALATE,MET
IBUTAMOREN,GHSR
DACTOLISIB,PIK3C2G
PF-04691502,PIK3C3
REGORAFENIB,FLT1
X-82,FLT4
SORAFENIB,PDGFRB
FEXAGRATINIB,AKT2
DINACICLIB,CDK2
CISPLATIN,MIR21
DABRAFENIB,MAP2K6
SORAFENIB,VEGFC
NIFEDIPINE,ABCB1
EPIPODOPHYLLOTOXIN COMPOUND,ABCB1
PUROMYCIN,AGTR2
RIBAVIRIN,ANGPT2
IL-10,ALK
DIETHYLSTILBESTROL,AMH
STAUROSPORINE,ANXA1
ANTIDEPRESSANT AGENT,APOE
STAUROSPORINE,APOE
RIBAVIRIN,BCL2
ZM336372,FAH
PILOCARPINE HYDROCHLORIDE,BDNF
FULVESTRANT,BDNF
RECOMBINANT TUMOR NECROSIS FACTOR FAMILY PROTEIN,BDNF
PD-98059,BGLAP
CITALOPRAM,GSK3B
MITOMYCIN,BRCA1
IH636 GRAPE SEED PROANTHOCYANIDIN EXTRACT,CALCA
RECOMBINANT CD40-LIGAND,CDKN1B
PD-98059,CDKN1B
METHOTREXATE,CDKN1B
EPOETIN ALFA,CISH
OXYCODONE,CYP1A2
VINCRISTINE,CP
TETRANDRINE,CP
TOLMETIN SODIUM,PTGS1
ATROPINE,CYP19A1
O6-BENZYLGUANINE,CYP1A2
RECOMBINANT HEPATOCYTE GROWTH FACTOR,CYP2B6
PHENYTOIN SODIUM,CYP3A5
NICOTINE POLACRILEX,CYP3A4
IXABEPILONE,CYP3A4
ATROPINE,CYP3A5
SURAMIN,DDIT3
MANNITOL,DDIT3
NICOTINE POLACRILEX,DDIT3
IMMUNOSUPPRESSANT,DEFB4A
PROTEASOME INHIBITOR,DDIT3
TIRATRICOL,NFE2L2
FARNESYL TRANSFERASE INHIBITOR,DNMT1
PROPOFOL,ENO2
SODIUM BUTYRATE,ENO2
GEFITINIB,ERBB2
PD-98059,ERBB2
FLUOROURACIL,ERCC1
MPA,FAS
ARECAIDINE PROPARGYL ESTER,AANAT
IL-18,FCGR3A
DEXTROAMPHETAMINE SULFATE,GFAP
DEHYDRATED ALCOHOL,GCLC
ROFECOXIB,GHRL
EPIGALLOCATECHIN GALLATE,GJA1
THYROXINE,GSR
RECOMBINANT INTERLEUKIN-1,IL1R1
ACELLULAR DERMAL MATRIX,GSTP1
"BENZO(A)PYRENE-7,8-DIOL 9,10-EPOXIDE",GSTP1
EPOETIN ALFA,IL1R1
CYCLOOXYGENASE INHIBITOR,IL2
BECLOMETHASONE DIPROPIONATE,IL2RA
DINITROCHLOROBENZENE,IL2RA
MEGESTROL ACETATE,IL2RA
DIDANOSINE,IL2RA
IONOMYCIN,CXCL8
BINETRAKIN,CXCL8
PRASTERONE,IRS1
THEOPHYLLINE,ITGAM
PANCREATIC PROTEOLYTIC ENZYMES,ITGB2
PENTOXIFYLLINE,ITGB2
SODIUM BUTYRATE,ITGB2
EPIGALLOCATECHIN GALLATE,KCNJ11
PANTOPRAZOLE SODIUM,ATP4A
TESTOSTERONE,LCAT
EPOETIN ALFA,LDLR
DEHYDRATED ALCOHOL,LIPC
PHOSPHATIDYLINOSITIDE 3-KINASE INHIBITOR,MAPK1
LEVODOPA,MAPK1
LEFLUNOMIDE,MMP1
ISOSORBIDE MONONITRATE,NPR1
RETINOIC ACID AGENT,MMP2
IRINOTECAN HYDROCHLORIDE,MTHFR
RUBOXISTAURIN,F9
BRYOSTATIN 1,MYC
RETINOIC ACID AGENT,MYB
RETASPIMYCIN HYDROCHLORIDE,ALK
SELECTIVE ESTROGEN RECEPTOR MODULATOR,NFE2L2
TAMOXIFEN,NFE2L2
RECOMBINANT 70-KD HEAT-SHOCK PROTEIN,NOS1
ENDOTHELIN RECEPTOR ANTAGONIST,NPY
VINCRISTINE,NRG1
INOSITOL,NRAS
RECOMBINANT HEREGULIN,NRG1
TESTOSTERONE,OXTR
ASTEMIZOLE,AR
CHEMBL:CHEMBL428789,SMN1
MPA,PLA2G1B
BAY-11-7085,ATXN2
RANITIDINE HYDROCHLORIDE,PLA2G1B
DEHYDRATED ALCOHOL,PRKCD
FLUOROURACIL,PTPRC
CISPLATIN,ADH1C
RETINOIC ACID AGENT,RBP3
SIROLIMUS,RPS6KB1
PRASTERONE,SLC2A4
ADENOVIRUS VECTOR,SLC2A4
STAUROSPORINE,SLC2A4
CHEMBL:CHEMBL585045,CYP2C9
CLOZAPINE,SRC
LIF,FCGR3A
CHEMBL:CHEMBL1339015,CYP2C19
THERAPEUTIC STEROID HORMONE,SRY
PROGESTIN,STS
TETRACYCLINE,TAT
ERENUMAB,CALCRL
TAS-115,KDR
DEHYDRATED ALCOHOL,TG
SANDOSTATIN,TGFB1
TOREMIFENE,TGFB1
PROXIBARBAL,MAOA
ADRIAMYCIN,XIAP
HALOFUGINONE,WT1
OSIMERTINIB,MET
INFIGRATINIB,FGFR1
COMPOUND 19A [PMID: 21855335],EPHX2
ESTROGENS,F5
IPILIMUMAB,CTLA4
DICLOFENAC SODIUM,CYP2J2
LOSARTAN POTASSIUM,STK39
VELTUZUMAB,MS4A1
AVATROMBOPAG,CYP2C9
CHEMBL:CHEMBL1351908,NOD2
VITAMIN E,TGFB1
RITUXIMAB,IL2
CARBIMAZOLE,HLA-B
CLOZAPINE,ABCG2
MERCAPTOPURINE,SLC22A1
LITHIUM,SH2B1
CHEMBL:CHEMBL578905,ALDH1A1
NORTRIPTYLINE,AKT1
METHYLPHENIDATE HYDROCHLORIDE,DRD3
EMETINE,MTOR
METHYLPHENIDATE HYDROCHLORIDE,GRIN2B
METHYLPHENIDATE HYDROCHLORIDE,PDIA2
NOREPINEPHRINE,ADRB1
CYTARABINE,TPMT
FLOXACILLIN,HLA-DQA1
BEPRIDIL,ABCB1
IDARUBICIN,ABCB1
CARVEDILOL,ABCB1
MINAPRINE,DRD2
SAR260301,F3
SUNITINIB,FLT4
PROPOFOL,HTR2A
FELODIPINE,NR3C2
MITOTANE,CYP2B6
ALLOPURINOL,UGT1A1
OSPEMIFENE,CYP2B6
ACALABRUTINIB,CYP3A4
NIVOLUMAB,EGFR
NIVOLUMAB,ALK
CELECOXIB,ATP2A3
CELECOXIB,CACNA1D
CELECOXIB,CTNNB1
COMPOUND 28 [PMID: 18324760],ACE2
CELECOXIB,CACNA1C
CELECOXIB,PPARG
USTEKINUMAB,TLR5
RIBOCICLIB,PGR
EXEMESTANE,PGR
BEPRIDIL,CYP2D6
UPADACITINIB,CYP2D6
NOREPINEPHRINE,ADRA2A
N-DESMETHYLCLOZAPINE,CYP1A2
MUSCARINIC TOXIN 7,AANAT
BRAF INHIBITOR BGB-3245,NRAS
INTERFERON ALFA-N1,IFNL3
TENOFOVIR DISOPROXIL FUMARATE,CYP24A1
CLOZAPINE,CYP1A1
USTEKINUMAB,ADAM33
MARAVIROC,CCR5
THIOTEPA,ALDH1A1
GABAPENTIN,OPRM1
LAMOTRIGINE,UGT2B15
DEHYDROXYMETHYLEPOXYQUINOMICIN,RELA
IDARUBICIN,NT5C3A
RIBAVIRIN,FTO
NOREPINEPHRINE,COMT
AVELUMAB,CD274
ATEZOLIZUMAB,CD274
SNS-032,CDK2
TICLOPIDINE,HLA-C
FLOXACILLIN,HLA-C
USTEKINUMAB,HLA-C
SPIRONOLACTONE,NOS3
PAREGORIC,CYP3A5
GLESATINIB,MET
ETOPOSIDE,SLCO1B1
USTEKINUMAB,TNFRSF1B
CISPLATIN,BRCA2
ALPELISIB,ESR1
VELPATASVIR,IFNL3
ASPIRIN,PPARG
ASPIRIN,GSTP1
OLAPARIB,CHEK2
FLOXACILLIN,ST6GAL1
FLOXACILLIN,HLA-A
ONDANSETRON HYDROCHLORIDE,SLC6A4
TICLOPIDINE,HLA-A
PAMIDRONATE,TNFRSF11A
ARSENIC TRIOXIDE,PML
CUDC-101,ERBB2
VALPROIC ACID,HDAC3
VALPROIC ACID,HDAC9
VOLASERTIB,PML
XL228,IGF1R
ALFIMEPRASE,FGA
PYRILAMINE MALEATE,HRH1
ANAMORELIN,GHSR
VON WILLEBRAND FACTOR,F9
TRIPELENNAMINE HYDROCHLORIDE,HRH1
AR-42,HDAC2
AZATADINE MALEATE,HRH1
ARVERAPAMIL,CACNB3
BUCLIZINE HYDROCHLORIDE,HRH1
SELURAMPANEL,GRIA2
ORTICUMAB,OLR1
METHYSERGIDE MALEATE,HTR2B
ESMIRTAZAPINE,HTR2A
METHYSERGIDE MALEATE,HTR1A
METOCLOPRAMIDE HYDROCHLORIDE,DRD2
TRIFLUOPERAZINE HYDROCHLORIDE,HTR2A
THIORIDAZINE,HTR2C
LISINOPRIL ANHYDROUS,ACE2
TAVILERMIDE,NTRK1
MM-111,ERBB3
1.ALPHA.-HYDROXYVITAMIN D5,VDR
TRIFLUOPERAZINE HYDROCHLORIDE,HTR2C
MUPARFOSTAT,KDR
MUPARFOSTAT,FGFR1
LOPERAMIDE,OPRM1
SOMATROPIN (RECOMBINANT DNA ORIGIN),GHR
HYDROMORPHONE HYDROCHLORIDE,OPRM1
NORELGESTROMIN,PGR
VALILTRAMIPROSATE,APP
TROFINETIDE,IGF1
BOSUTINIB,SRC
ANILERIDINE HYDROCHLORIDE,OPRM1
DEXAMETHASONE ACETATE,NR3C1
SAFINAMIDE,MAOB
FIRATEGRAST,ITGA4
HYDROCORTISONE BUTYRATE,NR3C1
TEPLIZUMAB,CD3E
TRANDOLAPRIL,ACE
VALSARTAN,AGTR1
VAPREOTIDE,SSTR2
VAPREOTIDE,SSTR5
VARESPLADIB,PLA2G2A
DIENESTROL,ESR1
BUTABARBITAL,GRIA2
MIGLUSTAT,UGCG
"ERGOLOID MESYLATES, USP",ADRA2A
FLUMETHASONE PIVALATE,NR3C1
GLICLAZIDE,KCNJ1
GOLIMUMAB,TNF
ISOFLUROPHATE,BCHE
LIOTHYRONINE,THRB
MESORIDAZINE,HTR2A
METHYSERGIDE,HTR2A
MILRINONE,PDE3A
METHIXENE,CHRM3
MINAPRINE,HTR2B
PENTAZOCINE,OPRM1
TIROFIBAN,ITGA2B
ZOPICLONE,TSPO
LANSOPRAZOLE,ATP4A
"ESTROGENS, CONJUGATED (USP)",ESR1
DIMENHYDRINATE,HRH1
DICHLORPHENAMIDE,CA1
ALFUZOSIN HYDROCHLORIDE,ADRA1A
PHENYLEPHRINE BITARTRATE,ADRA1A
GALANTAMINE,ACHE
CARVEDILOL,ADRA1D
LOFEXIDINE,ADRA2A
METHADYL ACETATE,OPRM1
METHOXAMINE,ADRA1A
TOLAZOLINE HYDROCHLORIDE,ADRA1A
OLANZAPINE,CHRM2
OXYCODONE,OPRM1
PINDOLOL,ADRB2
PROCATEROL,ADRB2
PROCHLORPERAZINE,HRH1
PERICIAZINE,ADRA1A
DYPHYLLINE,PDE3A
VIGABATRIN,ABAT
BELATACEPT,CD80
EP-7041,F11
EVORPACEPT,CD47
FADRACICLIB,CDK9
PI3K P110BETA/DELTA INHIBITOR KA2237,PIK3CG
SELITRECTINIB,NTRK1
CPI-1205,EZH2
ANTI-MET MONOCLONAL ANTIBODY MIXTURE SYM015,MET
UBROGEPANT,S100A12
DUTASTERIDE,SRD5A1
INTERFERON GAMMA-1B,IFNGR2
CRENEZUMAB,APP
OXCARBAZEPINE,SCN5A
PRILOCAINE HYDROCHLORIDE,SCN5A
GSK-3117391,HDAC9
TT-301,IL1B
NEBENTAN,EDNRA
ROMAZARIT,PPARA
SCH442416,ADORA2A
CHEMBL:CHEMBL27508,ADORA1
PHORBOL 12-MYRISTATE 13-ACETATE,TRPV4
SILTUXIMAB,IL6
RAGAGLITAZAR,PPARA
LENVATINIB MESYLATE,KDR
BLINATUMOMAB,CD3E
METELIMUMAB,TGFBR1
ELSAMITRUCIN,TOP2A
ROXINDOLE,DRD2
LENVATINIB MESYLATE,FLT1
IBALIZUMAB,CD4
FADROZOLE,CYP19A1
TIPIRACIL HYDROCHLORIDE,TYMP
EVODENOSON,ADORA2A
RECOMBINANT MONOCYTE CHEMOATTRACTANT PROTEIN-1,CCR2
EPTASTIGMINE,BCHE
CS-8080,NR1H3
BMS-852927,NR1H2
SU-014813,FLT1
PYRUVIC ACID,ABAT
TUROFEXORATE ISOPROPYL,NR1H4
PEMIROLAST,HRH1
CALCIPOTRIENE,VDR
AEW-541,IGF1R
MESMULOGENE ANCOVACIVEC,IL2
FELYPRESSIN,AVPR1A
AGERAFENIB,EGFR
VINORELBINE,TUB
CEP-5214,FLT1
CARMOTEROL,ADRB2
ATIPRIMOD,STAT3
PALOMID-529,MTOR
IZORLISIB,PIK3R1
ABT-102,TRPV1
CYSTEAMINE HYDROCHLORIDE,SST
MK-0812,CCR2
KU-60019,ATM
KENPAULLONE,CCNB1
PHA-793887,CDK4
SULCARDINE SULFATE,SLC25A20
CIPARGAMIN,KCNH2
SULCARDINE SULFATE,CALCA
AMILOMOTIDE,APP
CR 1447,AR
THR-18,SERPINE1
INIPARIB,PARP1
MT-3995,NR3C2
ANLOTINIB,KDR
BENTAMAPIMOD,MAPK9
AT-7519,CDK7
TRV-120027,AGTR1
TIMOLUMAB,AOC3
DUPILUMAB,IL4R
RONICICLIB,CDK9
PERAMPANEL,GRIA4
MEDETOMIDINE,ADRA2A
METHIMAZOLE,TPO
SPIROGLUMIDE,CCKBR
RG7342,GRM5
POZIOTINIB,ERBB2
NADOFARAGENE FIRADENOVEC,IFNA2
POZIOTINIB,ERBB4
FORETINIB,TEK
AZIMILIDE,CALCA
EPLIVANSERIN FUMARATE,HTR2A
MK-2206,AKT2
BERTILIMUMAB,CCL11
PARP INHIBITOR E7016,PARP1
NEFLAMAPIMOD,MAPK14
CAPMATINIB,MET
SAMOTOLISIB,PIK3CD
BATEFENTEROL,ADRB2
SB-773812,HTR2A
ONO-2333MS,CRHR1
ASP7991,CASR
AZD1446,CHRNA4
DASOLAMPANEL,GRIA4
OBETICHOLIC ACID,NR1H4
ALLOPURINOL,XDH
AMOSULALOL,ADRA2C
MODAFINIL,ADRA1D
BERMEKIMAB,IL1A
EMRICASAN,CASP7
APRICOXIB,PTGS2
4-PHENYLBUTYRIC ACID,HDAC9
EMRICASAN,CASP12
TANESPIMYCIN,HSP90AA1
ALDOXORUBICIN,TOP2A
CLEVUDINE,OCA2
ECOPIPAM,DRD1
ATRELEUTON,ALOX5
BENZODEPA,CD28
ANACETRAPIB,CETP
CANDOXATRIL,MME
EPERISONE,CAV1
"L-775,606",A2M
BROMOCRIPTINE,HTR2C
KETANSERIN,HTR2C
SB 228357,HTR2C
LP-44,SERPINA3
CLOZAPINE,SERPINA3
XANOMELINE,SERPINA3
CAROTUXIMAB,ENG
ZIPRASIDONE,SERPINA3
BW B70C,CREB1
PHENYLEPHRINE,ABCA4
RO-70-0004,ABCA4
IMARADENANT,ABAT
NAMODENOSON,ABCA1
CV-1808,ABCA1
FUROSEMIDE,CD69
LEVOBUNOLOL,ABO
PRENALTEROL,ABO
BUPRANOLOL,ABO
BUPRANOLOL,ACAA1
BIIB091,EFNB2
WNY0824,GCLC
"[HYP3,TYR(ME)8]BK",BDKRB2
RIBOSOMAL PROTEIN S19,ACACB
RPR121154,ACACB
"SQ-24,798",CYP27B1
FPL64176,CACNA1D
MDX-210,ERBB2
VBY-825,FOS
[3H]L365260,CCKBR
BMS COMPOUND 87B,ACTB
LAZUCIRNON,ACTB
CCL24,ACTB
[125I]CCL27 (HUMAN),CCR4
CLAZAKIZUMAB,IL6
BAMOCAFTOR,CFTR
PIROXICAM-BETA-CYCLODEXTRIN,CPT1B
PHENYLBUTAZONE,CPT1B
GOMILIXIMAB,FCER2
PLERIXAFOR,ACTG1
AMINOPURVALANOL A,EGR4
CROZBACICLIB,CDK4
CDK4 INHIBITOR II,CDK4
R547,CDK4
PALBOCICLIB,EIF4EBP1
ABIRATERONE ACETATE,CPB2
COMPOUND 30 [PMID: 22239545],CYP2C19
ORDESEKIMAB,IL15
AMINOETHOXYVINYLGLYCINE,CSHL1
S312,DHODH
JBJ-09-063,DXO
GSK343,EZH2
PD 174265,DXO
TUCATINIB,DXO
LY2077855,CRP
ZILTIVEKIMAB,FCGRT
TASURGRATINIB,SLC26A3
SLF,ONECUT1
PEXMETINIB,DRD1
COMPOUND 8H [PMID: 22765894],DRD3
PEXMETINIB,DRD3
BIMATOPROST (FREE ACID FORM),APOC2
ZK93426,ARNT
TBPS,ARNT
NNC-711,CD14
LY233053,GRIN2B
HOMOQUINOLINIC ACID,GRIN2B
[3H]MDL105519,GRIN2B
TRICHOSTATIN A,MSTN
LECANEMAB,APP
J27644,GAS1
RESMINOSTAT,GAS1
COMPOUND 3A [PMID: 21444206],ADH1C
AM281,ADCY3
AMG-780,ANGPT2
ISOXSUPRINE HYDROCHLORIDE,ADRA1D
ARN19874,CRK
FR181157,APOC3
BEZAFIBRATE,PPARD
CARBETOCIN,OXTR
MK-2461,DRD2
CABOZANTINIB S-MALATE,DRD2
CENISERTIB,DRD2
ZM-306416,DRD2
COMPOUND 8H [PMID: 22765894],DPT
CIPROFIBRATE,PPARA
SEMAXANIB,DPT
CATUMAXOMAB,CD3E
PRENYLAMINE,CALM1
ABSCISIC ACID,HGF
BETAHISTINE,HRH1
DEFACTINIB,CTSV
COMPOUND 23 [PMID: 17600705],EPHX2
CC-90011,GEM
BIIB-022,IGF1R
CORTICOTROPHIN-RELEASING HORMONE,ANG
PG-901,ANK1
IMC-3C5,FLT4
COMPOUND 4 [PMID: 21105727],SLC25A4
TB-403,PGF
DARIFENACIN,AANAT
"WIN 51,708",AANAT
SABCOMELINE,AANAT
OTENZEPAD,AANAT
OXYBUTYNIN,AANAT
MEDI-6469,TNFRSF4
UCSF3384,ANK2
DIFLUOROAGOMELATINE,ANK2
S22153,ANK2
ADL5859,APOF
EWB-3-14,APOF
METHADONE HYDROCHLORIDE,APOF
[3H]CTOP,APOF
E2.3,TFRC
FARALIMOMAB,IFNA1
CP 99994,AQP3
[125I][MEPHE7]NKB,AQP5
ENTRECTINIB,NTRK3
SB 235375,AQP5
MELATONIN,MTNR1A
GLYCYRRHIZIC ACID,SLCO1B1
[3H]BSP,SLCO1A2
PHYSOSTIGMINE SALICYLATE,ACHE
SURAMIN,APC
SELADELPAR,BCKDHB
RAGAGLITAZAR,BCKDHA
PIK-III,F3
COMPOUND 27 [PMID: 35834807],F5
GILMELISIB,F5
RV6153,F5
AZELNIDIPINE,CACNA1D
IDELALISIB,PIK3CB
PIK-108,F7
RV6153,PIK3CB
TG-100-115,PIK3CB
"5-QUINOXALIN-6-YLMETHYLENE-THIAZOLIDINE-2,4-DIONE",PIK3CB
ODEVIXIBAT,SLC10A2
ARI-3531,FXN
"[ALA1,12,AIB3,GLN10,HARG11,TRP14]PTH-(1-14)-NH2",XIAP
"[TRP23,TYR36]PTHRP-(1-36)-NH2 (HUMAN)",XIAP
INDUSATUMAB VEDOTIN,TUBB4B
"PTHRP-(7-34) (HUMAN, RAT, MOUSE)",XIAP
BALAMAPIMOD,FAH
L779450,FAH
SRT-2104,SIRT1
CD2314,BCL2L1
COMPOUND 23 [PMID: 35816678],CX3CR1
ML290,APP
INSL3,APP
COMPOUND 23 [PMID: 35816678],CUX1
SB-747651A,CUX1
BIM 23197,FASLG
EDOTREOTIDE,FASLG
DOSTARLIMAB,PDCD1
BIM 23268,AQP2
IMIQUIMOD,SARDH
IXAZOMIB,PSMD12
IXAZOMIB,PSMB8
IXAZOMIB,PSMB1
LVP,AQP9
TRU-015,MS4A1
"[PP1-17,ALA31,AIB32]NPY (HUMAN)",ANXA5
BAFETINIB,PDGFRB
AKT INHIBITOR MK2206,CCNE1
PF-04457845,FAAH
CETUXIMAB,EGFR
CETUXIMAB,MET
PF-05175157,ACACA
ALK/TRK INHIBITOR TSR-011,NTRK3
ALECTINIB,ALK
PACLITAXEL,NRG1
VEMURAFENIB,PTEN
SELUMETINIB,NRAS
ENVAFOLIMAB,CD274
VEMURAFENIB,AKT1
PEMBROLIZUMAB,JAK2
MITOGEN-ACTIVATED PROTEIN KINASE KINASE INHIBITOR,EGFR
ZENOCUTUZUMAB,ERBB2
JQEZ5,EZH2
CETUXIMAB,TP53
PANITUMUMAB,CDKN2A
GEFITINIB,EGFR
TENALISIB,PIK3CG
CAFICRESTAT,AKR1B1
CETUXIMAB,CDKN2A
VEMURAFENIB,CDKN2A
DABRAFENIB,CDKN2A
CDX-3379,ERBB3
ALPELISIB,FGFR1
OLVEREMBATINIB,FGFR1
KO-947,MAPK1
CARBOPLATIN,KEAP1
CRENOLANIB,KIT
MIDOSTAURIN,KIT
RIPRETINIB,KIT
ADAVOSERTIB,KIT
KO-947,NRAS
NIVOLUMAB,NRAS
NAVITOCLAX,NRAS
SOTORASIB,NRAS
SULTHIAME,CA1
AKT INHIBITOR MK2206,NRAS
DABRAFENIB,PIK3CA
PERIFOSINE,PIK3CA
EBDAROKIMAB,IL23A
BRAFV600/PI3K INHIBITOR ASN003,PIK3CA
BISANTRENE,FTO
CARBOPLATIN,PTEN
CAPMATINIB,PTEN
GDC-0879,PTEN
BRAFV600/PI3K INHIBITOR ASN003,PTEN
NAVITOCLAX,PTEN
INFIGRATINIB,PTEN
TIROFIBAN HYDROCHLORIDE,ITGA2B
GSK-3174998,TNFRSF4
FENAMIDONE,NFE2L2
CHLORPHENIRAMINE POLISTIREX,CYP3A5
EMD-1201081,TLR9
TEBOTELIMAB,PDCD1
QUISINOSTAT,HDAC5
VIRULIZIN,IL12B
GIMSILUMAB,CSF2
QUISINOSTAT,HDAC1
MNK1 INHIBITOR,ESRRG
REBIMASTAT,MMP14
ALLOXAN,USP2
ACETOPHENAZINE,DRD1
REBIMASTAT,MMP1
(R)-16 [PMID: 32267688],BCKDHA
COMPOUND 19A [PMID: 26506089],GYPA
TIPIFARNIB,PIK3CA
REVAMILAST,PDE4D
LOXAPINE,DRD2
INCOBOTULINUMTOXINA,SNAP25
CHEMBL:CHEMBL469309,HSD17B10
CHEMBL:CHEMBL1801219,TP53
SOMATOSTATIN,SSTR2
ADERBASIB,ADAM10
ANCROD,FGB
INFIGRATINIB,KIT
ZSTK474,PIK3R1
UNFRACTIONATED HEPARIN,SERPINC1
CHEMBL:CHEMBL1288106,CYP1A2
DIDANOSINE,AR
ZOLPIDEM TARTRATE,CYP3A5
DIHYDROERGOCRISTINE,DRD1
PRILOCAINE,SCN5A
LABETALOL,ADRB1
DRUGSATFDA.NDA:008378,GHRL
BINIMETINIB,MAP2K2
TRETINOIN,RXRB
PAREGORIC,CYP2D6
ENTRECTINIB,ALK
TRAMETINIB DIMETHYL SULFOXIDE,MAP2K2
OMIPALISIB,PIK3CD
ASPIRIN,HLA-DRB1
OMIPALISIB,PIK3CB
PI3K/MTOR KINASE INHIBITOR PF-04691502,PIK3CB
TANNIN PYROGALLOL,NFE2L2
CENISERTIB,MAP4K2
TRAZODONE,HSD17B10
CHEMBL:CHEMBL44011,AR
GW843682X,FGFR1
BUTORPHANOL,CYP2C19
ACLARUBICIN,TOP2A
LIOTHYRONINE,CYP3A4
"D(CH2)5[D-ILE2,ILE4,ALA-NH29]AVP",AQP9
BROXYQUINOLINE,HSP90AA1
SUNITINIB,FLT1
ARFORMOTEROL,ADRB2
PYROTINIB,DXO
METAMIZOLE SODIUM,ALOX15
CHEMBL:CHEMBL1998001,BRCA1
CLOZAPINE,HLA-C
CHEMBL:CHEMBL1997335,CDK9
CP55940,ADCY3
SOFITUZUMAB VEDOTIN,TUBB4B
CHEMBL:CHEMBL336095,CYP1A2
RUTAECARPINE,SMN2
CHEMBL:CHEMBL591598,GLP1R
MASOPROCOL,VDR
FEBUXOSTAT,GCKR
CCT196969,NRAS
ESCULETIN,HIF1A
KOPARIN,ALOX15
GEMFIBROZIL,CYP2C9
GW7647,HIF1A
R-SPONDIN-3,ADRA1A
GLOFITAMAB,CD3E
GLYCOSYLATED RECOMBINANT HUMAN INTERLEUKIN-7,IL7R
DIGITOXIN,AR
BITHIONOL,ALDH1A1
DORZOLAMIDE,CA2
PANULISIB,ETFB
LETROZOLE,PGR
BENZO(K)FLUORANTHENE,NFE2L2
CP-547632,KDR
RIBAVIRIN,MMP1
LGB321,F11
RADICICOL,NTRK1
TREBANANIB,ANGPT1
PHENYLBUTAZONE,CYP3A4
RIBAVIRIN,RORC
EBSELEN,MPI
D-ALPHA-TOCOPHEROL ACETATE,CXCL8
CARBAMAZEPINE,CYP2D6
SULINDAC SULFIDE,MAPK14
CHEMBL:CHEMBL601757,PTPN22
METHYLPREDNISOLONE,ITGB2
LY2389575,SLC25A4
SB203580,CYP2C9
PIOGLITAZONE HYDROCHLORIDE,CYP3A4
TOLONIUM CHLORIDE,THRB
LEVOBUNOLOL,ACAA1
ANABASINE,CYP2C19
BARASERTIB-HQPA,ERBB4
TO-901317,RXRA
CHLORPROMAZINE,CYP1A2
CHEMBL:CHEMBL471225,CYP2C9
CHEMBL:CHEMBL578944,MC4R
PAN-HER KINASE INHIBITOR AC480,ERBB4
RG-1530,PDGFRB
SAMIDORPHAN L-MALATE,OPRM1
PODOFILOX,TUBB4B
DASATINIB ANHYDROUS,PDGFRB
QUINIDINE,CYP1A2
METHYSERGIDE,HTR1A
COLCHICINE,TUBB4B
BAY 61-3606,MAP4K2
PEGINTERFERON ALFA-2B,JAK2
PATULIN,VDR
ISRADIPINE,CYP3A4
ENDOXIFEN,ESR1
NITROBENZENE,ALDH1A1
ALITRETINOIN,RXRG
CURCUMIN PYRAZOLE,MMP9
PF-05230907,EGFR
"2,4,6-TRIBROMOPHENOL",NFE2L2
TICLOPIDINE,CYP2C19
CHEMBL:CHEMBL275260,ALDH1A1
ROMIDEPSIN,HDAC3
PACLITAXEL,PIK3CG
ASPIRIN,CYP24A1
CGP13501,GLP1R
PYRAZINAMIDE,RPSA
CHEMBL:CHEMBL250053,CYP2C19
CHEMBL:CHEMBL587923,KCNH2
AZITHROMYCIN,CYP2D6
PEXACERFONT,CRHR1
APITEGROMAB,MSTN
CHEMBL:CHEMBL515505,ATXN2
CHEMBL:CHEMBL202243,PPARG
DEHYDRATED ALCOHOL,APOA1
HARMINE,ALDH1A1
RIBAVIRIN,MICB
SUPROFEN,CPT1B
CHEMBL:CHEMBL1098875,NFE2L2
PYRAZOLOPYRIMIDINE 4N,ATP2A2
BUTINOLINE,JUN
RESIMMUNE,CD3E
TYRPHOSTIN AG 555,HSP90AA1
MK-2201,AKT2
VOXTALISIB,PIK3R3
CHLORANIL,ALDH1A1
NICOTINE POLACRILEX,BAX
PSAMMAPLIN A,HDAC9
NORTRIPTYLINE,GNB3
ENDO-ATROPINE,CYP1A2
OXYCARBOXIN,AR
FLUOXYMESTERONE,AR
MG2+,TRPV5
ILOPERIDONE,DRD2
CHLOROTHIAZIDE,CA1
CHEMBL:CHEMBL581044,THRB
EGFR INHIBITOR 57,DXO
5-CT,HTR2C
EPINEPHRINE,ABO
LUTETIUM DOTATATE LU-177,SSTR1
4-(3-PYRIDIN-2-YL-1H-PYRAZOL-4-YL)QUINOLINE,TGFBR1
PHENTOLAMINE MESYLATE,NFE2L2
QUIZARTINIB,FLT3
ALPHA-ADRENERGIC AGONIST,PTH
TRICETIN,ALOX15
SB 224289,CYP2D6
TERFENADINE,BAAT
FINASTERIDE,CYP3A4
CRENOLANIB,FLT3
TIBOLONE,AR
LEVODOPA,MAOB
FLUCONAZOLE,CYP3A4
LEVODOPA,ADA
PENTOSAN POLYSULFATE,FGF2
CCT241161,FAH
OPHIOBOLIN O,MAPK3
CARMINIC ACID,WRN
AVATROMBOPAG,PROC
HARMINE,CYP3A4
PACLITAXEL,AR
OCRIPLASMIN,COL1A2
ZUCAPSAICIN,CYP2C19
CHEMBL:CHEMBL578061,MARK2
NN-DIMETHYL-D-ERYTHROSPHINGOSINE,ATP4A
ECADOTRIL,CYP2C19
ENDOSULFAN,RORC
4-PHENYLBUTYRIC ACID,PRKCA
ANTIBIOTIC,BDNF
BUTOBARBITAL,GRIA2
IDAZOXAN,AOC1
METHYLTHIONINIUM CHLORIDE,THRB
CISPLATIN,GSTT1
ADENOVIRUS VECTOR,PIK3CG
PACLITAXEL,ABCB1
ADO-TRASTUZUMAB EMTANSINE,TUBB3
HEME,BCL2
TRIAMTERENE,JAK2
"7,8-DIHYDROXYFLAVONE",ALOX15
LUTETIUM LU 177 DOTATATE,SSTR1
DS37001789,UTS2R
HYDROCODONE,OPRM1
FLUTAMIDE,CYP3A4
TOREMIFENE,AR
MYCOPHENOLATE,CYP2C8
VILAZODONE HYDROCHLORIDE,SLC6A4
6-HYDROXYMELATONIN,ANK2
MACIMORELIN,GHSR
CEP-7055,FLT4
LUF7602,ABCA1
DOPAMINE,ADRA1D
RIMONABANT,CNR1
REBASTINIB,TEK
PIMETHIXENE,CYP2D6
CHEMBL:CHEMBL85826,NPC1
MECLIZINE,HRH1
CAMPTOTHECIN,HBB
BEVANTOLOL,ADRB1
SR59230A,ACAA1
CHEMBL:CHEMBL312032,PPARG
LIOTHYRONINE,IGFBP1
"IBUPROFEN, SODIUM SALT",PTGS1
CHEMBL:CHEMBL292352,PPARA
HALOFUGINONE,TNF
NORTRIPTYLINE,ADRA2A
LY-294002,MTOR
ASPIRIN,LTC4S
HUMAN THYMOSIN-FRACTION 5,THY1
[3H]BSP,GSTA1
HEXADECYLTRIMETHYLAMMONIUM CHLORIDE,AR
DINALINE,NPC1
CORONOPILIN,GLP1R
PAXALISIB,PIK3CG
NOREPINEPHRINE,ABO
LY-294002,NFE2L2
ELINAFIDE,TOP2A
NAPHMETHONIUM,CHRM2
STICTIC ACID,WRN
LITHIUM,SCN5A
MEDROXYPROGESTERONE ACETATE,AR
PARP/TANKYRASE INHIBITOR 2X-121,ATM
HELENALIN,GPR55
BETHANECHOL,AANAT
PRASTERONE,AR
AFT-II,BAX
VENADAPARIB,GNAI2
SELINEXOR,FLT3
FEDRATINIB,FLT3
COPANLISIB,PIK3CA
SORAFENIB,RAF1
SG-005,ARHGAP4
LUTETIUM DOTATATE LU-177,SSTR3
BIIB-023,TNFSF12
DYNORPHIN A-(1-8),APOF
ALPELISIB,TP53
IBRUTINIB,SMAD3
CONGO RED,APP
RIBAVIRIN,SLC29A1
CHEMBL:CHEMBL187216,CYP1A2
IBANDRONATE,PTH
NEFAZODONE HYDROCHLORIDE,HTR2A
ETHOXZOLAMIDE,CA1
PHENYTOIN SODIUM,CYP1A2
AXITINIB,KIT
ARAMCHOL,SCD
VITAMIN B6,NTRK1
IDARUBICIN,AR
CHEMBL:CHEMBL222808,CYP2C9
ERYTHROMYCIN GLUCEPTATE,RPSA
LEVOMILNACIPRAN HYDROCHLORIDE,SLC6A4
EPINEPHRINE,ACAA1
MOCETINOSTAT,HDAC9
ADO-TRASTUZUMAB EMTANSINE,ERBB2
AFM13,TNFRSF8
APV207010A,TRPM5
CHEMBL:CHEMBL428789,NFKB2
NIRAPARIB,CD274
GLESATINIB,FLT1
CHEMBL:CHEMBL594772,PPARD
IPILIMUMAB,HLA-A
PRINOMASTAT,MMP9
BOSENTAN ANHYDROUS,EDNRA
"CP608,039",ABAT
AMINOPTERIN,MYC
TREBANANIB,ANGPT2
DS-7423,PIK3CD
NKY80,COL4A1
BENZTROPINE,CD27
CHEMBL:CHEMBL2036124,TUBB3
BUTORPHANOL,APOF
BEGACESTAT,GLUL
SF-1126,PIK3R1
GW441756X,GSK3B
INFLIXIMAB-DYYB,IL23R
PSAMMAPLIN A,PPARG
CITALOPRAM,CYP2C19
MK-0752,NOTCH1
RILOTUMUMAB,HGF
ENDOSULFAN,CXCL8
DC-EBIO,ARG1
TRAMIPROSATE,APP
CELECOXIB,VEGFA
ADRIAMYCIN,FASN
CHEMBL:CHEMBL1341830,RUNX1
PHA-767491,RPS6KA3
CANNABINOL,AR
TEBUFENOZIDE,AR
RITLECITINIB,EPHB1
TICLOPIDINE,P2RY12
BENODANIL,NFE2L2
XL820,FLT1
FUDOSTEINE,AR
"L-732,138",AQP3
IPILIMUMAB,EGFR
NIMODIPINE,CACNA1D
CHEMBL:CHEMBL1567571,HSP90AA1
FERRUGINENE C,CNR2
CHEMBL:CHEMBL406557,NPC1
AMILORIDE HYDROCHLORIDE,HSD17B10
FLUCONAZOLE,CYP2C19
FOTEMUSTINE,TXNRD1
DIDANOSINE,CYP3A4
ACETYLCYSTEINE,NTRK1
ACETYLCYSTEINE,NR4A1
TO-901317,RORA
ATUZABRUTINIB,EFNB2
TENOFOVIR,CYP2B6
PRASTERONE,NOS1
FUTUXIMAB,EGFR
CLOZAPINE,GSTT1
UPADACITINIB,TYK2
ARC-239,AOC1
L-LACTIC ACID,ANXA11
AUTOLOGOUS DENDRITIC CELLS TRANSDUCED WITH WILD-TYPE P53 ADENOVIRUS VACCINE,TP53
PHA-767491,PRKG1
METHYLCURCUMIN,ERBB3
BELACTOSIN A,PSMB8
INOSITOL,PLG
GSK4716,BDKRB2
MK-7145,BAD
HARMINE,HSD17B10
COMPOUND 1 [PMID: 24900526],ACE
DANAZOL,ESR1
TRAMETINIB DIMETHYL SULFOXIDE,DUSP6
NINTEDANIB ESYLATE,PDGFRB
ACE INHIBITOR,FASLG
FLUNISOLIDE ANHYDROUS,NR3C1
CHEMBL:CHEMBL1814509,WRN
E-101 SOLUTION,MPO
BENFURACARB,AR
TESTOSTERONE,HNF4A
ASTERRIC ACID,GLP1R
BRONCHODILATOR,ADRB2
METHOTREXATE,TAT
HORMONE THERAPY AGENT,ESR1
"2,4,6-TRIBROMOPHENOL",CYP3A4
APIGENIN,CYP2C19
MK-0752,NOTCH2
CRIZOTINIB,NTRK1
PROPARACAINE,CYP1A2
ROCILETINIB,MET
ROCILETINIB,ERBB2
FLUPHENAZINE ENANTHATE,DRD2
PERPHENAZINE,DRD2
CHEMBL:CHEMBL2094484,AGTR1
ILOPERIDONE,HTR2A
PYRAZINAMIDE,FAS
BECLOMETHASONE DIPROPIONATE,NR3C1
PRAVASTATIN SODIUM,HMGCR
ROMIDEPSIN,HDAC4
ROMIDEPSIN,HDAC9
ESOMEPRAZOLE SODIUM,ATP4A
VINORELBINE TARTRATE,TUBB4A
MIRTAZAPINE,ADRA2A
MIRTAZAPINE,ADRA2B
MIDODRINE,ADRA1A
OXYPHENBUTAZONE,PTGS2
GW843682X,GSK3B
OXYPHENBUTAZONE,PTGS1
ASPIRIN,PTGS1
AJMALICINE,ADRA2C
TOLAZAMIDE,KCNJ11
GLIPIZIDE,ABCC8
ACETOHEXAMIDE,ABCC8
CANAKINUMAB,IL1B
LYPRESSIN,AVPR2
SB-242235,CSNK1D
CHEMBL:CHEMBL581880,NFE2L2
CHEMBL:CHEMBL453384,CYP3A4
BITHIONOL,ALOX15
DIMETHOMORPH,AR
CHEMBL:CHEMBL491550,HSD17B10
METHYLTHIONINIUM CHLORIDE,SMAD3
METIZOLINE,DRD1
PEGINTERFERON ALFA-2A,IFNAR1
ETHOTOIN,SCN5A
ETIDOCAINE HYDROCHLORIDE,SCN5A
INDECAINIDE HYDROCHLORIDE,SCN5A
TOCAINIDE HYDROCHLORIDE,SCN5A
DESVENLAFAXINE FUMARATE,SLC6A4
OXTRIPHYLLINE,PDE4D
CANGRELOR TETRASODIUM,P2RY12
IXAZOMIB CITRATE,PSMB9
OXTRIPHYLLINE,PDE3B
OXTRIPHYLLINE,ADORA3
IXAZOMIB CITRATE,PSMD7
VK5211,AR
RELACORILANT,NR3C1
BMS-599626,ERBB4
BMS-599626,EGFR
AZD-7451,NTRK3
TOVORAFENIB,RAF1
SF-1126,PIK3CD
RGB-286638,CDK5
HENATINIB,KDR
LUNACALCIPOL,VDR
INT131,PPARG
FX-005,MAPK14
FRUQUINTINIB,KDR
KW-2450,INSR
KW-2450,IGF1R
PF-04691502,PIK3CD
GALUNISERTIB,TGFBR1
PF-04691502,PIK3R3
PILARALISIB,PIK3CB
PILARALISIB,PIK3CG
UCN-01,PRKCD
TG100-801,KDR
SAMIDORPHAN,OPRM1
MAVOGLURANT,GRM5
NAXIFYLLINE,ADORA1
MK3207,CALCRL
PBF-680,ADORA1
SRX246,AVPR1A
NERISPIRDINE,KCNA5
ASM-024,CHRM3
KETOPROFEN,PMP22
BARDOXOLONE METHYL,IKBKB
BARDOXOLONE METHYL,NFE2L2
TESAGLITAZAR,PPARA
MOMELOTINIB,JAK2
CHEMBL:CHEMBL84685,CYP3A4
ALEPLASININ,SERPINE1
DUVOGLUSTAT HYDROCHLORIDE,GAA
ERTUGLIFLOZIN,SLC5A2
OBATOCLAX MESYLATE,BCL2
ALPRENOLOL,ADRB2
OBATOCLAX MESYLATE,BCL2A1
GUSELKUMAB,IL12B
NIRAPARIB,PARP1
CHEMBL:CHEMBL548615,HSP90AA1
FRESOLIMUMAB,TGFB3
ICI-118551,ADRB2
VEPALIMOMAB,AOC3
MAB-425,EGFR
NI-0801,CXCL10
IRATUMUMAB,TNFRSF8
AMISELIMOD HYDROCHLORIDE,S1PR2
L19IL2,FN1
AMG-557,ICOSLG
RONTALIZUMAB,IFNA13
EMIBETUZUMAB,MET
RONTALIZUMAB,IFNA1
BENZYDAMINE HYDROCHLORIDE,PTGS2
BENZYDAMINE HYDROCHLORIDE,PTGS1
DIMETHINDENE,HRH1
ANGIOTENSIN II ACETATE,AGTR1
LUTETIUM DOTATATE LU-177,SSTR2
TOSITUMOMAB 131I,MS4A1
CNTO-5825,IL13
MEDI-570,ICOS
LAROTRECTINIB SULFATE,NTRK3
NITRENDIPINE,CACNA1D
CADONILIMAB,CTLA4
PACLITAXEL DOCOSAHEXAENOIC ACID,TUBB4B
PACLITAXEL DOCOSAHEXAENOIC ACID,TUBB4A
PATUPILONE,TUBB4B
BDTX189,EGFR
RG-7600,TUBB4B
RG-7600,TUBB4A
RG-7600,TUBB3
DU 125530,HTR1A
TALSACLIDINE,CHRM3
DAGLUTRIL,ECE1
CD40 LIGAND,CD40
VERDIPERSTAT,MPO
BMS-823778,HSD11B1
ERFONRILIMAB,CTLA4
PF-4136309,CCR2
SIREMADLIN,TP53
TRAZPIROBEN,DRD3
ELINZANETANT,TACR3
PHLOROGLUCINOL,CACNA1C
METFORMIN HYDROCHLORIDE,PRKAA1
TO-901317,NR1H2
ALVOCIDIB,CDK9
CYCLOHEXIMIDE,HSF1
CLOTRIMAZOLE,KCNH2
MERCAPTOPURINE,CYP1A2
(R)-PINOCEMBRIN,CYP3A4
CHEMBL:CHEMBL2094833,SNCA
CHEMBL:CHEMBL1256754,KCNH2
CHEMBL:CHEMBL1371696,CYP2D6
CHEMBL:CHEMBL29197,MAPK3
"4-AMINO-[1,2]NAPHTHOQUINONE",VDR
ESCULETIN,HSD17B10
SULFISOXAZOLE,AR
NIACIN,CYP2C9
CHEMBL:CHEMBL581194,KCNH2
"(R,S)-IFENPRODIL",CYP2D6
CRYPTOCHINONE B,NR1H4
MECLOFENAMATE SODIUM,CYP2C9
RHAMNETIN,HSPB1
ROSE BENGAL,THRB
RUTIN,RELA
PERMETHRIN,ATM
RUTIN,NFKB2
ANTIMYCIN A,NFE2L2
TETRABUTYLAMMONIUM BROMIDE,AR
HEXACHLOROPHENE,SUMO1
SUBEROHYDROXAMIC ACID,HDAC3
PIRFENIDONE,CYP1A2
ALACHLOR,AR
CINNARIZINE,KCNH2
CHEMBL:CHEMBL579837,SMAD3
IOXYNIL,NFE2L2
GW7647,CYP3A4
CHEMBL:CHEMBL97858,VDR
TRAZODONE,DRD1
IODOQUINOL,VDR
CHEMBL:CHEMBL56393,USP2
BAICALEIN,THRB
RIBOFLAVIN,BRCA1
OLSALAZINE,KMT2A
PRALIDOXIME CATION,ACHE
BAICALEIN,TP53
PYRAZINAMIDE,CYP2D6
CHEMBL:CHEMBL429095,CASP1
"DIBENZ[A,H]ANTHRACENE",HIF1A
GW7647,PPARA
AST-487,KIT
1-AZAKENPAULLONE,CDK2
CLOTRIMAZOLE,NR1I3
INDOCYANINE GREEN ACID FORM,WRN
RAUWOLSCINE,ADRA2A
CHEMBL:CHEMBL379975,PRKCQ
ETICLOPRIDE,HIF1A
CLOTRIMAZOLE,CYP2C9
CHEMBL:CHEMBL1446254,ALDH1A1
BENZBROMARONE,NCOR2
THEONELLASTEROL H,NR1I2
CHEMBL:CHEMBL429095,GNAS
CHEMBL:CHEMBL1526167,ALDH1A1
BARASERTIB-HQPA,LCK
DAIDZIN,BRCA1
CHEMBL:CHEMBL119878,WRN
HEXACHLOROPHENE,CYP3A4
CHEMBL:CHEMBL528734,KMT2A
NITROXOLINE,NFE2L2
ANGUIDIN,NFE2L2
CHEMBL:CHEMBL584655,KCNH2
CHEMBL:CHEMBL259784,NPC1
CHEMBL:CHEMBL363332,CYP1A2
LITHOCHOLIC ACID,NR1I2
FEPRAZONE,VDR
TESTOSTERONE,RXRA
CHEMBL:CHEMBL592561,CYP2C19
BENZBROMARONE,HIF1A
HALOPERIDOL DECANOATE,MTOR
"2-METHOXY-1,4-NAPHTHOQUINONE",NFE2L2
CHEMBL:CHEMBL562095,CDC42
CHEMBL:CHEMBL429095,ERG
CHEMBL:CHEMBL114544,SMAD3
AZD-1080,MARK2
ISOTRETINOIN,THRB
MICHLER'S KETONE,AHR
CLOTRIMAZOLE,ATXN2
BRONOPOL,NFE2L2
MOCETINOSTAT,HDAC5
BARASERTIB-HQPA,MAP4K4
CHEMBL:CHEMBL299853,ATXN2
KETANSERIN,CYP2C9
CARTEOLOL,ADRB2
ZEARALENONE,HSP90AA1
"1,4-DICHLOROBENZENE",CASP3
CHEMBL:CHEMBL547269,NFE2L2
GW441756X,INSR
METHYL 7-DESHYDROXYPYROGALLIN-4-CARBOXYLATE,VDR
PF-04620110,DGAT1
PROCHLORAZ,PPARG
MANGOSTIN,CYP2D6
FEPRAZONE,HSPB1
CHEMBL:CHEMBL602970,NPC1
CIPROFLOXACIN,CYP2C19
CHEMBL:CHEMBL1528359,HIF1A
MORICIZINE,CYP3A4
PD-118057,VDR
ALOSETRON HYDROCHLORIDE,CASP6
CHLORPROMAZINE HYDROCHLORIDE,GFER
CHEMBL:CHEMBL601743,KCNH2
TANSHINONE IIA,ALDH1A1
TAMOXIFEN CITRATE,CYP3A4
UCCF-029,NFE2L2
CHEMBL:CHEMBL527271,CYP3A4
PREDNISOLONE,AR
"2-METHOXY-1,4-NAPHTHOQUINONE",SMAD3
CHEMBL:CHEMBL222556,SMN2
GALLIC ACID,TP53
CHEMBL:CHEMBL1889303,ATXN2
HEXACHLOROPHENE,SMAD3
CHEMBL:CHEMBL191611,SMAD3
SB-431542,CYP2C19
CHEMBL:CHEMBL609606,MAPK1
BREFELDIN A,SMAD3
S-TRITYL-L-CYSTEINE,KIF11
17-OCTADECYNOIC ACID,HSD17B10
CHEMBL:CHEMBL1406948,CDK5
GAMBOGIC AMIDE,MAPK3
TRIAMTERENE,TP53
CHEMBL:CHEMBL599943,NFE2L2
SILIBININ,ALDH1A1
DEXMEDETOMIDINE HYDROCHLORIDE,CYP1A2
CHEMBL:CHEMBL590168,ATXN2
GALANTAMINE,BCHE
6-AZAURIDINE,GLP1R
CHEMBL:CHEMBL429095,CYP1A2
CHEMBL:CHEMBL533293,CTNNB1
"IBUPROFEN, SODIUM SALT",CYP2C19
CENISERTIB,RPS6KB1
CHEMBL:CHEMBL406834,HSD17B10
SB 224289,CYP2C9
PROPYLPARABEN,PPARG
CHEMBL:CHEMBL555242,AR
CYPROHEPTADINE HYDROCHLORIDE,DRD1
ATORVASTATIN CALCIUM TRIHYDRATE,NFE2L2
CARDAMOMIN,MAPK8
FLUOCINOLONE ACETONIDE,AR
GO-6976,KDR
PATULIN,JUN
CHEMBL:CHEMBL469309,ALDH1A1
HINOKITIOL,HDAC3
TRIAMTERENE,HSPB1
FENTICLOR,PPARD
AZD-1080,CDK7
EBSELEN,CYP3A4
APIGENIN,NFKB1
LORATADINE,HIF1A
CHEMBL:CHEMBL599943,TP53
CHEMBL:CHEMBL1477383,SMN2
CHEMBL:CHEMBL602213,HSD17B10
PHENACETIN,CYP1A2
TAMSULOSIN HYDROCHLORIDE,AR
CHELERYTHRINE,NFKB1
ISOSILYBIN B,SLCO1B1
ITRACONAZOLE,HSP90AA1
PROPYLPARABEN,ALDH1A1
CHLORHEXIDINE GLUCONATE,PPARD
CHEMBL:CHEMBL1256689,KCNH2
CHEMBL:CHEMBL576809,GLP1R
APIGENIN,RELA
CHEMBL:CHEMBL582286,GLP1R
HAEMATOXYLIN,CDK5
PHA-767491,MARK2
CUDRAFLAVONE B,ATXN2
CHEMBL:CHEMBL2036072,CYP27B1
IMETIT,CYP2D6
CRYPTOTANSHINONE,VDR
CHEMBL:CHEMBL1256291,HIF1A
DEMETHOXYCURCUMIN,SMAD3
DESIPRAMINE,CYP3A4
TRIAMTERENE,PPARD
2-PHENYLPHENOL,PPARG
CHEMBL:CHEMBL271023,TP53
GW843682X,FLT4
8-CYCLOPENTYLTHEOPHYLLINE,CYP3A4
U50488,CYP2D6
PARBENDAZOLE,CYP1A2
KAMEBANIN,ATXN2
CHEMBL:CHEMBL1404865,BRCA1
METHYLISOTHIOCYANATE,ESR1
SILIBININ,SLCO1B1
GITOXIN,NFE2L2
AZTREONAM,CYP3A4
CHEMBL:CHEMBL261692,PTK2B
CHEMBL:CHEMBL223575,ATXN2
"WIN 62,577",GNAS
CHEMBL:CHEMBL77675,NFE2L2
RIMONABANT,ABCC4
U101958,KCNH2
FENOFIBRIC ACID,PPARG
CHEMBL:CHEMBL1254091,TERT
CHEMBL:CHEMBL1580175,ALDH1A1
CHEMBL:CHEMBL601353,NFE2L2
RIBAVIRIN,ALDH1A1
NICARDIPINE,MTOR
CEPHALEXIN ANHYDROUS,ABCC2
PHA-767491,GSK3B
ZEARALENONE,NR1H4
NIZOFENONE,NFE2L2
TYRAMINE,DRD1
CHEMBL:CHEMBL1608067,HSD17B10
BROMOCRESOL GREEN,AR
DIETHYLSTILBESTROL DIPROPIONATE,ESR1
MECHLORETHAMINE HYDROCHLORIDE,NFE2L2
RELCOVAPTAN,CYP3A4
CHEMBL:CHEMBL2332127,TOP2A
GUGGULSTERONE,NR3C1
CHEMBL:CHEMBL586026,KCNH2
CHEMBL:CHEMBL1084941,CHRM3
RITANSERIN,VDR
BYAKANGELICIN,BACE1
TRIAZOLAM,KAT2B
NEVIRAPINE,CYP2C9
DEMETHOXYCURCUMIN,DNMT1
CHEMBL:CHEMBL1288014,CYP2C19
6-CL-MLT,CYP2C19
DICLAZURIL,VDR
CHLOROXURON,AR
CHEMBL:CHEMBL584668,NPC1
CARBAZOLE,HSD17B10
LOMATIN,HSD17B10
AMITRIPTYLINE HYDROCHLORIDE,CYP2D6
HYDROCORTISONE BUTYRATE,HSD17B10
TRIBROMOACETIC ACID,NFE2L2
2-PHENYLPHENOL,NFE2L2
METHANESULFONIC ACID METHYL ESTER,NFE2L2
TESTOSTERONE,CYP3A4
CHEMBL:CHEMBL1466186,HSP90AA1
DUVOGLUSTAT,GAA
CHEMBL:CHEMBL1256025,CYP3A4
AST-487,NTRK1
MERCURIC IODIDE,AR
DILTIAZEM HYDROCHLORIDE,CYP2D6
PREDNISONE,CYP2D6
APOMORPHINE,HSD17B10
SANGUINARINE SULFATE,CYP3A4
MONO-N-ACETYL DAPSONE,CYP2C19
LEUCINE,CYP2C9
CHEMBL:CHEMBL2208197,PPARG
CHEMBL:CHEMBL255683,SIRT1
BENZBROMARONE,CYP1A2
CHEMBL:CHEMBL1367935,CYP1A2
CGP7930,CYP2C19
IDARUBICIN,PPARD
DEMETHOXYCURCUMIN,TLR9
CHEMBL:CHEMBL585628,MAPK1
CHEMBL:CHEMBL588038,NFE2L2
GENTIAN VIOLET CATION,MAPK1
RANITIDINE HYDROCHLORIDE,CYP2D6
INDIRUBIN-3'-MONOXIME,ATXN2
RADANAMYCIN,HSP90AA1
PICONOL,NFE2L2
PRIDINOL METHANESULFONATE,CYP2D6
TRIAMCINOLONE,CYP2C19
BMS-182874,VDR
CHEMBL:CHEMBL379975,CDK5
CHEMBL:CHEMBL2058994,LDHA
OXYPHENBUTAZONE,VDR
IRIGINOL HEXAACEATATE,ALOX15
METFORMIN,PRKAA2
SAPONARIN,PRKAB1
SAPONARIN,PRKAG2
AMPEROZIDE,CYP3A4
SILIBININ,CYP3A4
TRIFLUOPERAZINE HYDROCHLORIDE,KCNH2
METHOXSALEN,CYP1A2
AZITHROMYCIN,CYP2C19
CHEMBL:CHEMBL601311,SMAD3
DOCEBENONE,NFE2L2
BENZBROMARONE,HSD17B10
DESERPIDINE,AR
ISOETHARINE MESYLATE,HIF1A
MERCAPTOPURINE,NFE2L2
CHEMBL:CHEMBL379975,PIM1
2-CHLOROADENOSINE,TP53
CHEMBL:CHEMBL114544,NPC1
BARASERTIB-HQPA,CSNK1D
CHEMBL:CHEMBL77675,SMAD3
CHEMBL:CHEMBL515505,HSD17B10
FORMONONETIN,SMN1
ISOBOLDINE,CYP2C19
CHEMBL:CHEMBL602922,TP53
CHEMBL:CHEMBL530664,HSD17B10
VINCRISTINE,AR
METYROSINE,CYP3A4
BECLOMETHASONE DIPROPIONATE,NFE2L2
ALISERTIB,BLK
CANDESARTAN CILEXETIL,AR
NOBILAMIDE B,TRPV1
SPIRAMIDE,AR
CARMINE,ALDH1A1
CLOTRIMAZOLE,JUN
DICHLORODIPHENYLDICHLOROETHYLENE,CYP3A4
LABETALOL HYDROCHLORIDE,HSD17B10
CHEMBL:CHEMBL1332182,CYP3A4
CHEMBL:CHEMBL584668,CASP3
VANIPREVIR,CYP2C9
ABT702,SNCA
CHEMBL:CHEMBL259421,TP53
"DIBENZ[A,H]ANTHRACENE",NFE2L2
CHEMBL:CHEMBL578929,NFE2L2
AURIN,CYP3A4
TACEDINALINE,HDAC3
PIROCTONE,SMAD3
CHEMBL:CHEMBL429095,WRN
MIDODRINE,CYP2C9
DIENESTROL,ADRB2
MITONAFIDE,SMAD3
CHEMBL:CHEMBL29197,CYP2C9
CIS-RESVERATROL,CYP1A2
ISORHAMNETIN,NFKB2
CARVEDILOL,CYP2D6
CITALOPRAM,CYP2D6
DACLATASVIR,IFNL3
NETUPITANT,CYP2D6
RALOXIFENE HYDROCHLORIDE,ESR1
PHENYTOIN SODIUM,CYP2C19
ROPIVACAINE,G6PD
ROSUVASTATIN,SLCO1B1
RITUXIMAB,ESR1
RITUXIMAB,PGR
PALBOCICLIB,CDK6
GEDATOLISIB,PIK3R3
GEDATOLISIB,PIK3CB
GEDATOLISIB,PIK3CG
REGORAFENIB,RAF1
AXITINIB,FLT4
SIROLIMUS,ABCG2
DACARBAZINE,ADK
METHYLMERCAPTOPURINE RIBOSIDE,ADA
ANTIMALARIAL AGENT,ADA
METHOTREXATE,ADA
CYPROTERONE ACETATE,ADRA1D
DIFFERENTIATION INDUCER,ADA
DIDANOSINE,ADK
DACARBAZINE,BAX
ANDROSTENEDIONE,BAX
IRINOTECAN HYDROCHLORIDE,BCHE
SIROLIMUS,BAX
ENDOTHELIN RECEPTOR ANTAGONIST,BCL2
VITAMIN B6,CBS
EPOETIN ALFA,CCL4
PHOSPHATIDYLINOSITIDE 3-KINASE INHIBITOR,CD28
RETINOIC ACID AGENT,CD28
MPA,CD28
ANTINEOPLASTIC VACCINE,CD40LG
TOZASERTIB,MAP4K5
TETANUS TOXOID,CD40
BRYOSTATIN 1,CDK2
ASCORBIC ACID,CDK4
FLUOROURACIL,CDKN1A
NICOTINE POLACRILEX,CDKN1A
DEHYDRATED ALCOHOL,CHAT
ANAKINRA,CP
CLOMIPHENE CITRATE,CP
DEHYDRATED ALCOHOL,CSF2
MEDICATION,CRH
ASTEMIZOLE,HPSE
FREUND'S ADJUVANT,CX3CL1
DACTINOMYCIN,CYP1A2
FLUOROURACIL,CYP3A4
ASCORBIC ACID,E2F1
IRBESARTAN,CYP3A4
BUTYRIC ACID,FAS
DRONABINOL,FAAH
CADMIUM DICHLORIDE,ALOX12
FAS LIGAND,FCGR3A
PUROMYCIN,FCGR3A
PACLITAXEL,FOS
PENICILLIN,G6PD
ANABOLIC STEROID,GGT1
MASOPROCOL,GFAP
ADRIAMYCIN,GGT1
ANTIBIOTIC,GGT1
PREDNISONE,GSTP1
SELENOMETHIONINE,GSTP1
ADENOVIRUS VECTOR,HK1
HEPARIN,HGF
PANCREATIC PROTEOLYTIC ENZYMES,HGF
ANDROSTENEDIONE,HNF4A
MEDICATION,HNF4A
ZINC CHLORIDE,HMOX1
HEXAMETHYLENE BISACETAMIDE,HRAS
BETA-NAPHTHOFLAVONE,AHR
ARSENIC TRIOXIDE,HSPA4
PUROMYCIN,HSPA4
DIFFERENTIATION INDUCER,HSPB1
CLOZAPINE,HTR2A
TYRPHOSTIN A9,MTOR
MEPIVACAINE HYDROCHLORIDE,CYP2C19
SIROLIMUS,IL10
ETIDRONIC ACID,IL11
MEGESTROL ACETATE,IL15
BENZTHIAZIDE,CYP3A4
TYRPHOSTIN 23,ALDH1A1
ACITRETIN,IL1B
RO 31-8220,CXCL8
LEFLUNOMIDE,CXCL8
PACLITAXEL,LIF
ANTIDEPRESSANT AGENT,MAOB
FREUND'S ADJUVANT,MAPK1
PRASTERONE,MAPK3
GEFITINIB,MAPK8
RECOMBINANT HEREGULIN,MAPK14
HYCANTHONE,MGMT
PRAVASTATIN SODIUM,MMP2
ICRF-193,VDR
DEHYDRATED ALCOHOL,MT2A
METHYLPREDNISOLONE,MYC
NOVOBIOCIN,MYC
THYROTROPIN,MYC
MITOGEN-ACTIVATED PROTEIN KINASE INHIBITOR,NFE2L2
DIURETIC,NOS1
CIMETIDINE,NOS1
PENICILLIN,NOS1
PD-98059,NR5A1
IONOMYCIN,NR4A1
LEVODOPA,NR4A1
ANESTHETIC AGENT,NTRK1
PILOCARPINE HYDROCHLORIDE,NTF3
CYCLOSPORINE,NTRK2
PILOCARPINE HYDROCHLORIDE,NTRK2
RETINOIC ACID AGENT,PIK3CA
PRASTERONE,PIK3CA
"BENZO(A)PYRENE-7,8-DIOL 9,10-EPOXIDE",PIK3CG
CHEMBL:CHEMBL1406948,SMAD3
FLUOROSALAN,AR
IH636 GRAPE SEED PROANTHOCYANIDIN EXTRACT,PIK3CB
SURAMIN,PIK3CB
PROTEASOME INHIBITOR,PIK3CB
TRICHOSTATIN A,PLAU
DACARBAZINE,PLAU
THYROXINE,PRKAA1
PANCREATIC PROTEOLYTIC ENZYMES,PTHLH
BRYOSTATIN 1,PTH
RECOMBINANT MONOCYTE CHEMOATTRACTANT PROTEIN-1,PTH
PAMIDRONATE DISODIUM,PTH
METHOTREXATE,SLAMF1
GINGER ALLERGENIC EXTRACT,TAC1
ETIDRONIC ACID,TAC1
BACLOFEN,TAC1
ARSENIC TRIOXIDE,TERT
INTERFERON ALFA-2B,TGFB1
TAMOXIFEN,TGFB1
SIROLIMUS,TGM2
HYDROXYCHLOROQUINE,TNF
MEROPENEM ANHYDROUS,TNF
BAY 61-3606,ROCK1
STAVUDINE,TNFRSF1B
CHEMBL:CHEMBL546797,CDK9
ADRIAMYCIN,TOP2A
METHYLPREDNISOLONE,TP53
THIOTEPA,TP53
CHEMBL:CHEMBL546797,MET
RECOMBINANT MONOCYTE CHEMOATTRACTANT PROTEIN-1,TP53
RECOMBINANT TUMOR NECROSIS FACTOR FAMILY PROTEIN,TRPV1
AZASERINE,VIP
VITAMIN B6,VWF
JNJ-7706621,ROCK1
ESTROGENS,SULT1A1
BENZPHETAMINE,CYP3A4
RIBOCICLIB,ERBB2
XANTHYLETIN,HSD17B10
EVODIAMINE,SLC6A4
DOPAMINE,ADRA2A
ANTAZOLINE,CYP2D6
DICLOXACILLIN,NR1I2
RIFAPENTINE,NR1I2
PHENYTOIN SODIUM,NR1I2
RESERPINE,NR1I2
PROPOFOL,CYP2C9
FLUVOXAMINE,COMT
ROSIGLITAZONE,CYP2C9
VITAMIN A,ALDH1A1
CETYLPYRIDINIUM BROMIDE,AR
LITHIUM,CREB1
BUMETANIDE,GNB3
TRAMADOL,ICA1
TRAMADOL,CYP2C19
NORTRIPTYLINE,NEFM
NORTRIPTYLINE,CRHR1
TRANILAST,UGT1A1
METHYLPHENIDATE HYDROCHLORIDE,TRIB3
SEMAGACESTAT,PSEN1
REGADENOSON ANHYDROUS,AMPD1
METHYLPHENIDATE HYDROCHLORIDE,PURA
CHEMBL:CHEMBL599255,VDR
METHYLDOPA ANHYDROUS,MMP9
MOTESANIB,KDR
DICLOFENAC SODIUM,PTGS2
ATORVASTATIN CALCIUM TRIHYDRATE,AGTR1
SULFAMETHAZINE,G6PD
ATORVASTATIN CALCIUM TRIHYDRATE,UGT1A7
ATORVASTATIN CALCIUM TRIHYDRATE,TNF
RIPRETINIB,CYP3A4
NIMESULIDE,PTGS2
DACARBAZINE,GSTM1
DIGOXIN,NOS1AP
DIGOXIN,NOS3
FLUOROURACIL,IGF2BP2
CITALOPRAM,TPH1
MERCAPTOPURINE,XDH
SB 224289,TP53
RILONACEPT,HLA-DRB1
PAMIDRONATE,TNFRSF11B
HESPERETIN,HIF1A
HYDROXYUREA,ASS1
CLOZAPINE,SH2B1
RUXOLITINIB,CYP3A4
ONDANSETRON HYDROCHLORIDE,CYP3A4
MESALAMINE,G6PD
CELECOXIB,IL23R
CLINDAMYCIN,HLA-B
HYDROCODONE,CYP2B6
LEVONORGESTREL,CYP2B6
BMS-754807,MET
RIVASTIGMINE,PRKCE
RIBAVIRIN,SOCS3
INFLIXIMAB-DYYB,HLA-DRB1
CITALOPRAM,IL11
DESMOSTEROL,NR1H3
TRETINOIN,PML
CYCLOBENZAPRINE,DRD1
TALAZOPARIB,BRCA1
PRAVASTATIN SODIUM,ADAMTS1
GABAPENTIN,SLC7A5
IMATINIB,GSTT1
AZACITIDINE,CBL
PAMIDRONATE,SPP1
IMATINIB,ABCB4
THIORIDAZINE,KCNH2
JNJ-7706621,CDK5
FLUOROURACIL,CXCL8
FLUOROURACIL,MUTYH
CHEMBL:CHEMBL125044,SMN1
INFLIXIMAB-DYYB,IL12B
TOLBUTAMIDE,G6PD
CLOZAPINE,C3
CHEMBL:CHEMBL2171812,TOP2A
CLOZAPINE,HLA-DRB5
CLOZAPINE,GRIN2B
CLOZAPINE,UGT1A1
AZACITIDINE,XRCC1
CLAVULANIC ACID,HLA-DQB1
CARBAMAZEPINE,NR3C1
FLUOROURACIL,KCNQ1
ALEMTUZUMAB,CXCL12
FLUOROURACIL,CBR3
INFLIXIMAB-DYYB,HLA-DQB1
FLUOROURACIL,FOXO1
"IBUPROFEN, SODIUM SALT",CYP2C8
FLUOROURACIL,SELE
RIBAVIRIN,SLC28A2
CLAVULANIC ACID,HLA-DRB5
DESVENLAFAXINE SUCCINATE,UGT1A1
ASPIRIN,TLR3
NILOTINIB,UGT1A1
CENISERTIB,ALK
"IBUPROFEN, SODIUM SALT",CYP3A5
THIOTEPA,GSTP1
VALPROIC ACID,HDAC2
BELINOSTAT,HDAC3
BMS-777607,MET
PYRAZOPHOS,AR
ORANTINIB,PDGFRB
RUCAPARIB PHOSPHATE,PARP1
RITUXIMAB,EGFR
CANERTINIB,EGFR
GENISTEIN,ESR1
4SC-202,FLT3
PAN-HER KINASE INHIBITOR AC480,ERBB3
THEOPHYLLINE,PDE3A
DIGOXIN,RORC
SENREBOTASE,ADRA2A
SENREBOTASE,ADRA2B
ZALEPLON,TSPO
OCTREOTIDE ACETATE,SSTR1
CHIDAMIDE,HDAC1
CLEVIDIPINE,CACNA1C
1-PHENETHYLPIPERIDINE,MAOA
NISOLDIPINE,CYP2C9
DASATINIB ANHYDROUS,LCK
DONEPEZIL,ACHE
FELODIPINE,CACNA1C
DIGOXIN,CYP2D6
RIVIPANSEL,SELP
RIVIPANSEL,SELE
GW501516,PPARD
GENISTEIN,TP53
GSK-1004723,HRH1
GW501516,PPARG
ISOSORBIDE DINITRATE,NPR1
IMATINIB,NTRK1
TICLOPIDINE,CYP2C9
ATROPINE,CHRM3
LIRANAFTATE,AR
CHEMBL:CHEMBL533542,CYP1A2
"PAROXETINE HYDROCHLORIDE, HEMIHYDRATE",TP53
CHEMBL:CHEMBL582666,KCNH2
CHEMBL:CHEMBL1256726,KCNH2
DOXAZOSIN MESYLATE,GAA
TRIMETREXATE,VDR
GW843682X,PRKG1
KC706,MAPK14
DELCASERTIB,PRKCD
CHEMBL:CHEMBL244707,ALDH1A1
OLANZAPINE,HTR1A
AMITRIPTYLINE HYDROCHLORIDE,HTR2A
OLANZAPINE,ADRA2A
ENOBOSARM,AR
2-METHOXYESTRADIOL,NFE2L2
LEVOCARNITINE PROPIONATE,SLC22A4
PTC299,FLT1
CHEMBL:CHEMBL601137,NFE2L2
SDZ 205557,CYP1A2
CITRONELLYL ACETATE,ALOX15
REGADENOSON ANHYDROUS,ADORA2A
LINIFANIB,HIPK2
ROSIGLITAZONE,PPARG
SF1126,PIK3CD
SF1126,PIK3C3
DOXEPIN HYDROCHLORIDE,HTR2B
DOXEPIN HYDROCHLORIDE,HRH1
SIBUTRAMINE,SLC6A4
BRENTUXIMAB VEDOTIN,TNFRSF8
SNS-032,CDK7
CHEMBL:CHEMBL546597,HSD17B10
TERAZOSIN HYDROCHLORIDE,GAA
ALPHA-TERTHIENYL,HSPB1
LISDEXAMFETAMINE DIMESYLATE,SLC18A2
XL820,KIT
XL999,FGFR1
NS 2028,CYP1A2
XL765,MTOR
XL999,FLT1
XL820,FLT4
XL999,FLT4
METHYLBENZETHONIUM CHLORIDE,TP53
ZIPRASIDONE,HTR2A
ACEBUTOLOL,ADRB1
TRIBUTYLTIN-OXIDE,PPARD
BENZPHETAMINE,ADRA2A
OCTOTROPINE METHYLBROMIDE,CHRM2
OCTOTROPINE METHYLBROMIDE,CHRM3
PATULIN,TP53
CLENBUTEROL,ADRB2
CINACALCET,CASR
CILOSTAZOL,PDE3A
BROMPHENIRAMINE,HRH1
DIPHENIDOL,CHRM2
NODAKENIN,GAA
CHEMBL:CHEMBL546797,MAP2K2
IPRATROPIUM CATION,CYP1A2
PACLITAXEL,BCL2
BENZQUINAMIDE,CHRM2
CVT-6883,IRAK1
CARPROFEN,PTGS2
DRONEDARONE,KCNH2
PYRROLIDINE DITHIOCARBAMATE,CYP2C9
LEVORPHANOL,OPRM1
LOFEXIDINE,ADRA2C
TOZASERTIB,EGFR
MICONAZOLE NITRATE,CYP2C9
MEPHENTERMINE,ADRA1A
PF-562271,DAPK3
PENTOBARBITAL SODIUM,GRIA2
ADAPALENE,RXRA
ADAPALENE,RXRG
PENBUTOLOL,ADRB2
PENTOXIFYLLINE,PDE4A
QUETIAPINE FUMARATE,HTR1A
ROCURONIUM,CHRM2
LANREOTIDE ACETATE,SSTR5
TIMOLOL,ADRB2
TRAZODONE,HTR2A
TREPROSTINIL,PPARG
CHRYSOERIOL,NFKB2
NYLIDRIN HYDROCHLORIDE,KCNH2
CHEMBL:CHEMBL295337,AHR
4-METHOXYDALBERGIONE,VDR
TOZASERTIB,BLK
"5,7-DIHYDROXYISOFLAVONE",ALOX15
ENDO-ATROPINE,CYP3A4
CENISERTIB,ERBB2
ZAFIRLUKAST,CYP2C19
CHEMBL:CHEMBL545900,TP53
RONOMILAST,PDE4A
FENTICLOR,CYP2C9
PSORA-4,CYP2C9
FLOXURIDINE,CYP2C9
VGX-100,VEGFC
REMETINOSTAT,HDAC9
BRONTICTUZUMAB,NOTCH1
IOPAMIDOL,AR
SELICICLIB,CCNB1
"3,4-DICHLOROISOCOUMARIN",HSD17B10
TOTAROL,HSP90AA1
OMEPRAZOLE,HSPB1
CHEMBL:CHEMBL579318,NFE2L2
LEVDOBUTAMINE,HSD17B10
TOZASERTIB,FGFR1
RAMATROBAN,MEN1
CHEMBL:CHEMBL224318,AR
GS-9256,ABCB11
PF-562271,JAK2
CARBAMAZEPINE,AR
L-765314,HSD17B10
DICHLORVOS,CXCL8
ETOPOSIDE,GLP1R
ALVOCIDIB HYDROCHLORIDE,AR
CEP-11981,MET
PERPHENAZINE,TP53
NAN 190,ALDH1A1
FENBUTATIN OXIDE,VDR
BAZEDOXIFENE,IL6ST
TLR-DIRECTED CATIONIC LIPID-DNA COMPLEX JVRS-100,TLR9
ITRIGLUMIDE,CCKBR
TYRPHOSTIN B48,CYP1A2
FLUOXETINE HYDROCHLORIDE,AR
INAMRINONE,ALOX15
MINOCYCLINE,CYP2C9
CHEMBL:CHEMBL601110,CYP2D6
HEPTANE,AR
SAR100842,LPAR1
SOMATROGON,GH1
NIGULDIPINE,CYP2C19
SCH442416,ADORA1
AMINOGLUTETHIMIDE,CYP11A1
ZOTEPINE,HTR2A
DISULFOTON,ALDH1A1
PF-562271,LCK
PHENYLBUTYRYLHYDROXAMIC ACID,HDAC3
XANTHINE,ADORA2B
PHENYLBUTYRYLHYDROXAMIC ACID,HDAC2
[3H]NGD941,CACNA1G
PHENYLBUTYRYLHYDROXAMIC ACID,HDAC5
CYC-116,INSR
LOMEFLOXACIN,TOP2A
SGN-30,TNFRSF8
HUPERZINE A,ACHE
CHEMBL:CHEMBL602561,ACP1
KENPAULLONE,CDK5
FR-79620,NPY5R
EPHEDRINE,DRD2
NEMONAPRIDE,DRD2
AMINOGLUTETHIMIDE,CYP19A1
ATOSIBAN,AVPR2
FOSPHENYTOIN,SCN5A
VICRIVIROC,CCR5
NITRIC OXIDE,GC
BERBAMINE,HSD17B10
LINIFANIB,ROCK1
MASOPROCOL,WRN
CENISERTIB,MAP4K5
S-ETOMIDATE,CYP2C19
N-[2-(2-IODO-5-METHOXY-1H-INDOL-3-YL)ETHYL]ACETAMIDE,CYP2C19
ABAGOVOMAB,MUC16
PHA-793887,CDK2
GENISTEIN,SMN2
PIXATIMOD,HPSE
VITAMIN K3,NFE2L2
ESTRADIOL VALERATE/DIENOGEST,PGR
EUGENOL,ALDH1A1
AMSACRINE HYDROCHLORIDE,AR
GEMFIBROZIL,PPARA
CEDIRANIB,SYK
CHEMBL:CHEMBL1563246,CALCA
DULOXETINE HYDROCHLORIDE,AR
LOBEGLITAZONE,PPARA
FASITIBANT CHLORIDE,BDKRB2
N6022,CBR1
CONBERCEPT,KDR
IMD-1041,IKBKB
ULOCUPLUMAB,CXCR4
NESVACUMAB,ANGPT2
E-2212,GLUL
ELGEMTUMAB,ERBB3
NELIPEPIMUT-S,ERBB2
QAX-576,IL13
IGN523,SLC3A2
LIRILUMAB,KIR2DL2
SAR-125844,MET
RISUTEGANIB,VEGFA
CHEMBL:CHEMBL1684097,GATA4
CIXUTUMUMAB,IGF1R
MAVATREP,TRPV1
BIS(PIPERIDINYLTHIOCARBONYL)DISULFIDE,AR
APTO-253,KLF4
RITUXIMAB,CD38
ORAL AZACITIDINE,DNMT1
AZOXYSTROBIN,AR
NAKIJIQUINONES G,ERBB2
"3,4-DIMETHOXYBENZALDEHYDE",ALDH1A1
VITAMIN K3H2,VDR
CHEMBL:CHEMBL163970,NFE2L2
TRIFLOXYSTROBIN,PPARG
LEVOTHYROXINE,AHR
ADIPHENINE,CYP2D6
ANISODAMINE,ADRB1
CHEMBL:CHEMBL608862,TERT
PIPERINE,CYP3A4
CHEMBL:CHEMBL1927684,MAOB
2-ARACHIDONOYLGLYCEROL,CNR2
CHEMBL:CHEMBL546597,CYP2C9
CHLORFENAPYR,PPARG
DAPHNORIN,DNMT1
CHEMBL:CHEMBL8483,MAPK14
RHODAMINE,AR
METARAMINOL,DRD2
PHOSALONE,AR
LIPOSOMAL MUC1/PET-LIPID A VACCINE ONT-10,MUC1
ETANERCEPT-SZZS,TNF
IPRIFLAVONE,NPC1
CHEMBL:CHEMBL560296,GNAS
ISTRADEFYLLINE,ADORA2A
MIRIDESAP,APCS
M-1095,IL25
M-1095,IL17A
ERTUGLIFLOZIN,SLC5A4
PEPEROMIN E,NFKBIA
CHEMBL:CHEMBL1997335,MAP4K2
FANGCHINOLINE,ATXN2
LANATOSIDE C,SMAD3
SULFAPHENAZOLE,CYP2D6
SANGUINARIUM,CYP3A4
CHEMBL:CHEMBL428789,TP53
VINORELBINE TARTRATE,AR
ZOMEPIRAC SODIUM,AR
BRYOSTATIN,PRKCB
ETOPOSIDE,MAPK1
CHLORFENAPYR,TP53
CYC-116,LCK
"L-741,626",DRD1
CHEMBL:CHEMBL502496,ALOX5
CHEMBL:CHEMBL578061,ATM
DOBUTAMINE,ADRB1
HYDROXYFLUTAMIDE,AR
CEDIRANIB,BLK
PEGAPTANIB,NRP1
PRINOMASTAT,MMP7
PROPYLHEXEDRINE,ADRA2C
FLAVANONE,TP53
SOTIGALIMAB,CD40
VERAPAMIL,CACNA1G
VABICASERIN,HTR2C
VOLINANSERIN,HTR2A
SOTAGLIFLOZIN,SLC5A4
REPARIXIN,CXCR1
CILOSTAMIDE,CYP3A4
GENISTEIN,TOP2A
"[3H]GR 125,743",A2M
MK-212,HTR2C
CABERGOLINE,HTR2C
RS-127445,HTR2C
SERTINDOLE,HTR2C
CHEMBL:CHEMBL222556,CYP3A4
CYPROHEPTADINE HYDROCHLORIDE,SERPINA3
ILOPERIDONE,SERPINA3
DIPROPYL-5-CT,SERPINA3
CENISERTIB,FLT1
BENAZEPRIL,DAPK3
AZELAPRAG,ACADSB
CYCLOUREA APELIN-12 (1-7),ACADSB
CEDIRANIB,PRKD2
2(S)-AMINO-6-BORONOHEXANOIC ACID,ABCC2
BRADANICLINE,CYP2C19
A-317567,BTC
COMPOUND 10 [PMID: 31306001],ABAT
COMPOUND 10 [PMID: 31306001],ABCA1
MITOXANTRONE HYDROCHLORIDE,AR
MRS1086,ABCA1
ZILEUTON,MMP12
NOREPINEPHRINE,ACAA1
SULMAZOLE,HSD17B10
12-HYDROXYHEPTADECATRIENOIC ACID,AMH
TERTATOLOL,ACAA1
PROPACHLOR,ESR1
RONACALERET,ACP5
ZAMIFENACIN,CHRM3
ICATCXPZ-01,CTSC
MYCOPHENOLATE,SMN1
SINCALIDE,CCKBR
SURINABANT,CNR2
CCK-33,CCKAR
CCL7,ACTA1
UCB35625,ACTB
FASUDIL,PRKD2
APIGENIN,ALOX15
ACETAMINOPHEN,CYP3A4
JNJ-10311795,CMA1
CABIRALIZUMAB,DPYD
JNJ-28312141,DPYD
(R)-ARN2508,CPT1B
FENOPROFEN,CPT1B
KETOPROFEN,CPT1B
CORTICOTROPHIN-RELEASING HORMONE,ALB
2-({6-[(3-CHLOROPHENYL)AMINO]-9-ISOPROPYL-9H-PURIN-2-YL}AMINO)ETHANOL,EGR4
COMPOUND 4 [PMID: 26191369],DUSP1
CENISERTIB,EGFR
KETANSERIN,ALCAM
ALPHA-TERTHIENYL,PPARD
SKF-76783,ALCAM
PERICIAZINE,ALCAM
LY3154885,ALCAM
CABERGOLINE,ALDH2
AG 9,DXO
AZ5104,DXO
EXAMPLE 10 [CN110740999A],DXO
CHEMBL:CHEMBL84010,RELA
TGF&ALPHA;,DXO
CARBACYCLIN,APOC1
NONIVAMIDE,CYP1A2
BMS-345541,IKBKB
BETACELLULIN,ERBB4
FENOFIBRATE MICRONIZED,KCNH2
GENISTEIN,BDH1
CHEMBL:CHEMBL332670,AR
CLAZOSENTAN,ALDH1B1
APROCITENTAN,ALDH1B1
GEFITINIB,PIM1
[3H]D-ASPARTIC ACID,CBLB
PROPACHLOR,NFE2L2
[3H]GABAZINE,ARNT
GABOXADOL,ARRB2
LIOTHYRONINE SODIUM,ALDH1A1
FLUMAZENIL,ARRB2
[3H]CGS8216,ARRB2
ANASTROZOLE,ESR1
ANISINDIONE,CNR1
FLUORO-WILLARDIINE,ASS1
PIRACETAM,ASS1
(R)-N-OLEOYLTYROSINOL,ADH1C
LYSOPHOSPHATIDYLINOSITOL,ADH1C
2-ARACHIDONOYLGLYCEROLPHOSPHOINOSITOL,ADCY3
EUPAFOLIN,CASP6
ANIFROLUMAB,DHODH
DACLIZUMAB,IL2RA
6-METHYLFLAVONE,BRCA2
NARINGENIN,BRCA2
BRIVARACETAM,CYP2C19
DEURUXOLITINIB,EPHB1
AZ960,EPHB2
XL019,EPHB1
PF-06263276,EPHB2
SOLCITINIB,EPHB2
GSK2646264,EPHB2
SAR-20347,EPHB2
IVARMACITINIB,EPHB2
JAK INHIBITOR 17B,EPHB2
PIRETANIDE,CD68
CEDIRANIB,DPT
LEIUROTOXIN I,ARG1
CLOTRIMAZOLE,ARG2
IMIPRAMINE HYDROCHLORIDE,BAAT
QUINIDINE,CYP2D6
ERDAFITINIB,CYP2C9
RY796,KIF1A
PP-242,ETFB
TORIN 2,ETFB
DS-7423,ETFB
SULFISOXAZOLE,G6PD
TEZACAFTOR,CFTR
COMPOUND 14 [PMID: 34333981],ESR1
CORTICOSTERONE,NR3C2
PEXMETINIB,ESRRB
ETEPLIRSEN,DMD
GNE-3511,ERCC4
GNE-8505,ERCC4
CM-352,DCN
AZD6605,ACE
MARIMASTAT,MMP7
METHYLNALTREXONE,APOF
BMS-986124,APOF
NALTRINDOLE,APOF
ENFORTUMAB VEDOTIN-EJFV,HLA-DOB
LY2087101,ZFHX3
APREPITANT,AQP3
R396,AQP4
NEPADUTANT,AQP4
R-486,AQP3
NEUROPEPTIDE S,ANXA2
SR142948A,ANXA6
VONLEROLIZUMAB,TNFRSF4
COMPOUND 3 [PMID: 26191365],EXT3
FRAX486,EXT3
DIQUAFOSOL,APCS
MRS2693,AIRE
BEZAFIBRATE,BCKDHA
8S-HETE,BCKDHA
DS-7423,F7
LUCITANIB,DPP4
COMPOUND 8H [PMID: 22765894],DPP4
AG14361,GNAI2
ETC-1922159,HMBS
COMPOUND 8A [PMID: 23713581],NRG1
RIPK2 INHIBITOR 5,RIPK2
"(5Z)-1-(2-FLUOROPHENYL)-2-SULFANYLIDENE-5-(THIOPHEN-2-YLMETHYLIDENE)-1,3-DIAZINANE-4,6-DIONE",GP1BA
RGS4 INHIBITOR 11B,GP1BA
CD666,BCHE
CCG-50014,GP1BA
CCG-50014,GP2
SR8278,BCL2
COMPOUND 22 [PMID: 20462760],CTRB1
INSL3,APPL1
PURMORPHAMINE,ALOX12
MARALIXIBAT,CD44
MRT-92,ALOX12
TAK-020,MS4A2
COMPOUND 8H [PMID: 22765894],MS4A2
FLIBANSERIN,CYP2C9
PROPAFENONE,CYP2D6
[125I]LTT-SRIF-28,AQP1
AZ6102,HLA-DMA
RO5166017,AQP7
QUININE,CYP2D6
CARBACYCLIN,APOC4
RALTEGRAVIR POTASSIUM,UGT1A1
FLUPROSTENOL,APOC4
ICI 192605,APOC4
SKF96365,FXYD2
4-PHENYLBUTYRIC ACID,CPS1
ECONAZOLE NITRATE,TRPV5
SOLCITINIB,TYK2
[BZ-PHE6]U-II (HUMAN),UTS2R
F180,AQP9
RO5028442,AQP9
SSR126768A,AQP9
"D[VAL4,DARG8]VP",ABCC6
[3H]DDAVP,ABCC6
DESMOPRESSIN,ABCC6
OH-LVA,ABCC6
RITUXIMAB,MS4A1
CETUXIMAB,ERBB2
VEMURAFENIB,MAP2K2
4-PHENYLBUTYRIC ACID,ASS1
TAMOXIFEN,TP53
FLUOROURACIL,HSPA5
RUCAPARIB,CYP1A2
PEMBROLIZUMAB,HLA-DRA
WARFARIN,VKORC1
TOLTERODINE,CYP2D6
SELUMETINIB,TP53
SELUMETINIB,HRAS
MK-2206,AKT1
OICR-9429,CEBPA
AEE788,EGFR
CETUXIMAB,NT5E
TRAMETINIB DIMETHYL SULFOXIDE,ERBB3
SELUMETINIB,ERBB3
QUERCETIN,PRKCD
VOXTALISIB,PIK3R1
CARMUSTINE,MGMT
GEFITINIB,IGF1R
AFATINIB,ALK
PEMBROLIZUMAB,ALK
DOXORUBICIN HYDROCHLORIDE,ALK
OSUGACESTAT,APC
DACTOLISIB,APC
VOXTALISIB,PIK3C2G
ANTI-PD-L1/CD27 BISPECIFIC ANTIBODY CDX-527,CD274
CARBOPLATIN,CD274
TORIPALIMAB-TPZI,CD274
QUERCETIN,PRKD2
DABRAFENIB,CD274
NINTEDANIB ESYLATE,FLT1
MOGAMULIZUMAB,CCR4
ALISERTIB,FLT3
KADCYLA,ERBB2
APG-2575,FLT3
SONIDEGIB,FLT3
RAMUCIRUMAB,KDR
RIGOSERTIB,HRAS
CETUXIMAB,HRAS
ENOTICUMAB,NOTCH1
P53-HDM2 INTERACTION INHIBITOR MI-773,NRAS
INFIGRATINIB,NRAS
LETROZOLE,PIK3CA
OLAPARIB,PARP1
RETASPIMYCIN,HSP90AA1
GEDATOLISIB,STK11
PEMBROLIZUMAB,TP53
AZD1390,TP53
CAMPTOTHECIN,TP53
CEP-1347,TP53
EPRENETAPOPT,TP53
TRIFLURIDINE,TP53
M8891,TP53
PANITUMUMAB,TP53
DOCETAXEL ANHYDROUS,TP53
CHEMBL:CHEMBL406557,RELA
GO-6976,MAPK9
BORTEZOMIB,PSMB6
CHEMBL:CHEMBL458602,AR
SB203580,CYP3A4
GW441756X,IRAK1
TESTOSTERONE,AMH
BORTEZOMIB,PSMB9
METHOTRIMEPRAZINE,HRH1
PIROTINIB,ERBB4
IGURATIMOD,PTGS2
CETUXIMAB,NRAS
DICLOFENAC EPOLAMINE,PTGS2
LEVOCARNITINE PROPIONATE,SLC25A20
CHEMBL:CHEMBL1448292,ALDH1A1
BEMPEGALDESLEUKIN,IL2RB
CHEMBL:CHEMBL601757,S1PR2
DIDANOSINE,CYP2C19
AKT INHIBITOR MK2206,AKT1
AMOXICILLIN ANHYDROUS,IL10
CHEMBL:CHEMBL588683,NPC1
CCPA,ABAT
NARAZACICLIB,CDK4
TISLELIZUMAB,CD274
DIFFERENTIATION INDUCER,NRG1
FLUOROURACIL,GCKR
CLOZAPINE,GLP1R
PICTILISIB,PIK3CA
ABEDITEROL,ACAA1
SIMVASTATIN,ABCB1
LEVODOPA,AGTR1
FENOFIBRATE MICRONIZED,ABCA1
PEXIDARTINIB,KIT
[125I]TYR3 SMS 201-995,FASLG
MILNACIPRAN,SLC6A4
LURASIDONE HYDROCHLORIDE,SERPINA3
OXYTETRACYCLINE HYDROCHLORIDE,RPSA
RASBURICASE,G6PD
PROTEASOME INHIBITOR,XIAP
RS-504393,CCR2
IGURATIMOD,MIF
MERCAPTOPURINE,CYP2C19
CYTARABINE,GSTP1
LEVOMETHADONE,OPRM1
TENIPOSIDE,TOP2A
ANGUSTIBALIN,GLP1R
PROPRANOLOL HYDROCHLORIDE,BGLAP
ERLOTINIB,CBL
URIDINE,TYMP
EFLORNITHINE,XIAP
INTERFERON ALFA-N1,IFNAR1
CGP7930,CYP3A4
NP118809,CNR1
TG100-801,SRC
NICLOSAMIDE,STAT3
ATORVASTATIN CALCIUM TRIHYDRATE,HMGCR
TETRACYCLINE,LDLR
RO19-4603,ALDH1A1
PRAVASTATIN SODIUM,LDLR
LOMITAPIDE MESYLATE,MTTP
OLANZAPINE,DRD3
PILARALISIB,PIK3CA
ETELCALCETIDE,CASR
AN0128,TNF
OXAPROZIN,CPT1B
VINORELBINE TARTRATE,TUBB4B
BUSULFAN,CYP2C9
AST-487,FYN
PRT-2607,SYK
CLOTRIMAZOLE,HIF1A
TETRACYCLINE,IL17A
K185,ANK2
METFORMIN,PRKAG3
FOLIC ACID,ABCG2
SB203580,SIK2
BDTX189,ERBB2
FLUVOXAMINE,FGF2
CAPTOPRIL,ACE
BAMBUTEROL,ADRB2
ARSENIC TRIOXIDE,FGFR1
FLURBIPROFEN,PTGS1
SB 203186,CYP1A2
CHEMBL:CHEMBL375971,AR
PROPAFENONE,DRD1
6-AZAURIDINE,SMN2
NIROGACESTAT,NOTCH1
OXALIPLATIN,BRCA1
HUMAN CHORIONIC GONADOTROPIN,AMH
TRAMETINIB DIMETHYL SULFOXIDE,ATM
CIDOFOVIR ANHYDROUS,SLC22A6
PTC299,KDR
PROPRANOLOL HYDROCHLORIDE,ADRB1
CORONOPILIN,CXCL8
POLIDOCANOL,AR
CHEMBL:CHEMBL20377,CYP2D6
[3H]CGS8216,ARNT
DEXAMETHASONE,ANXA1
ESTRADIOL VALERATE,ALDH3B1
AF353,ATP1A4
CHEMBL:CHEMBL56393,WRN
CAMRELIZUMAB,PDCD1
LADOSTIGIL,MAOA
ENDRIN,KCNH2
SORAFENIB,KIT
THERAPEUTIC ANDROGEN,AQP9
ZELASUDIL,CTRB1
MG2+,RYR2
CELECOXIB,CYP2C9
MRS1220,CYP2C9
ARIPIPRAZOLE LAUROXIL,A2M
"COMPOUND 33 [TODA ET AL., 2013]",ADK
GB110,APOE
ALEMTUZUMAB,TP53
FENOFIBRATE MICRONIZED,IL6
DEXMEDETOMIDINE HYDROCHLORIDE,CYP2C9
CISPLATIN,BAX
FLUOROURACIL,SLC19A1
TG100-801,BLK
HUMAN CHORIONIC GONADOTROPIN,BAX
CJ13610,CREB1
BIM 23313,AQP2
ICT-121 DENDRITIC CELL VACCINE,PROM1
AG 112,DXO
SAMOTOLISIB,PTEN
TAMRLX,APP
IMETELSTAT,TERT
MECHLORETHAMINE,BAX
CHEMBL:CHEMBL379975,MAP4K2
CHEMBL:CHEMBL445153,VDR
NELOTANSERIN,HTR2A
TRETINOIN,BCL2
PERAKIZUMAB,IL17A
CHEMBL:CHEMBL109873,AR
COMPOUND 2C [PMID: 24900538],F2
URSODIOL,BCL2
EXENATIDE,GLP1R
ACALISIB,PIK3CA
VEMURAFENIB,TET2
DOLASTATIN 10,BCL2
IMIPRAMINE HYDROCHLORIDE,CYP1A2
ADRIAMYCIN,GSTP1
NU-7441,ATM
ANAKINRA,IL1R1
PROCAINE HYDROCHLORIDE,SCN5A
[111IN]DOTA-NOC,FASLG
PEMBROLIZUMAB,PTEN
PENTOXIFYLLINE,PDE5A
TRIAMTERENE,AR
[3H]WIN55212-2,CNR2
TRAMETINIB DIMETHYL SULFOXIDE,NRAS
TENELIXIMAB,CD40
CHEMBL:CHEMBL2095095,MAPK1
AST-487,MAPK14
FLECAINIDE ACETATE,SCN5A
"L-363,301",FASLG
PHENYLBUTAZONE,CYP2C9
DEHYDRATED ALCOHOL,SLC29A1
LYSOZYME,BCL2
PRINOMASTAT,MMP2
PENICILLIN V,NR1I2
SLX-4090,P4HB
GW7647,PPARD
6-HYDROXYFLAVONE,NPC1
AMISELIMOD HYDROCHLORIDE,S1PR4
TCDD,CBL
NORTRIPTYLINE,EPHX1
ZERANOL,HSP90AA1
OXYBENZONE,CYP1A2
NORETHINDRONE,PLG
BISOPROLOL,ADRB1
PAROMOMYCIN SULFATE,RPSA
INDOMETHACIN,CYP2D6
SOMATROPIN (RECOMBINANT DNA ORIGIN),CDK4
EXARAFENIB,NRAS
AMIODARONE HYDROCHLORIDE,KCNH2
GABAPENTIN ENACARBIL,CACNA1C
SAVIRIN,HSD17B10
PIMOZIDE,CYP2D6
CHEMBL:CHEMBL124267,GFER
CYCLOPENTYLADENOSINE,ADORA3
VEMURAFENIB,KEAP1
TAK-070,BACE1
THIORPHAN,DAP
PEMBROLIZUMAB,STK11
ADRIAMYCIN,TGFB1
DEMECARIUM BROMIDE,ACHE
AFASEVIKUMAB,IL17A
ORTERONEL,CYP17A1
FLX475,CCR4
RIBOCICLIB,NRAS
ZAPRINAST,USP2
DENILEUKIN DIFTITOX,IL2RA
CHEMBL:CHEMBL2088731,MAPK1
BASILIXIMAB,IL2RB
LUCITANIB,PTK2B
ZEARALENONE,ALDH1A1
CYSTEINE,VDR
NIMESULIDE,NOS1
ANTIDEPRESSANT AGENT,SLC22A3
IMIPENEM ANHYDROUS,IL2
CORDYCEPIN,CCNA2
(+)-S-14297,ALDH1A1
G&OUML; 6976,JAK2
GW7647,VDR
NILUTAMIDE,NFE2L2
ACETYLCYSTEINE,SLC2A4
GAMMA-INTERFERON,CYP27B1
DIFFERENTIATION INDUCER,MUC16
SPARSENTAN,AGTR1
DEZAPELISIB,PIK3CB
STAUROSPORINE,EIF2S1
DEHYDRATED ALCOHOL,NTS
LANREOTIDE ACETATE,SSTR1
IDARUBICIN,ERG
CHEMBL:CHEMBL1523215,NFE2L2
PERGOLIDE,DRD2
NOREPINEPHRINE,ADRA1D
EPOETIN ALFA,STAT5B
CHEMBL:CHEMBL530499,HSP90AA1
ISOBOLDINE,CYP2D6
ASPIRIN,ADORA1
YM-543,SLC5A4
RIVOCERANIB,KDR
ARGIPRESSIN,ABCC6
QUIZARTINIB,NRAS
RG-2833,HDAC1
RECOMBINANT MONOCYTE CHEMOATTRACTANT PROTEIN-1,PIK3C2A
BAICALEIN,CYP2D6
SIMVASTATIN,CYP2D6
PD-98059,HRAS
CLOZAPINE,GDNF
DESMETRAMADOL,ICA1
ERYTHROMYCIN STEARATE,RPSA
KI16425,BIN1
METHSCOPOLAMINE,AANAT
CLINDAMYCIN,CYP3A5
PHA-767491,HIPK2
RHAMNETIN,MAPK14
DIDANOSINE,TNFRSF1B
FLIBANSERIN,HTR1A
TIDEGLUSIB,GSK3B
NILUTAMIDE,CYP1A2
ACETYLCYSTEINE,EPHX1
CHEMBL:CHEMBL429095,TLR9
CLOZAPINE,MTHFR
COMPOUND 11J [PMID: 23021994],ETFB
DACTOLISIB,PIK3CB
TRULI,CTSV
SARUPARIB,GNAI2
NEOSTIGMINE BROMIDE,CYP1A2
PF-04691502,PIK3R1
GLICLAZIDE,ABCC8
GW441756X,FGFR1
"4',7-DIMETHOXY-5-HYDROXYGENISTEIN",CYP2D6
SENREBOTASE,ADRA1A
MIRTAZAPINE,AOC1
GW405833,ATXN2
BARASERTIB-HQPA,FLT3
CHEMBL:CHEMBL1537417,NFE2L2
AGANIRSEN,IRS1
PRASTERONE,PIK3CB
HEXACHLOROPHENE,ESR1
APOMORPHINE,ALDH1A1
PEMBROLIZUMAB,NRAS
CHEMBL:CHEMBL590660,ALDH1A1
EVEROLIMUS,PTEN
DESMOPRESSIN,AVPR1A
1-STEAROYL-LYSOPHOSPHATIDYLCHOLINE,ADH1C
CHEMBL:CHEMBL531268,ATXN2
HYDROXYPROGESTERONE,ESR1
PRACTOLOL,ADRB1
GO-6976,PRKCD
N-OLEOYLETHANOLAMIDE,PPARA
ISONIAZID,CYP2C9
PREDNISOLONE,NR3C1
IODOQUINOL,HIF1A
LOXAPINE,DRD1
DNPA,ANXA1
LOVASTATIN,CD14
CHEMBL:CHEMBL452157,SSTR3
GW5074,NFKB1
DACTOLISIB,MET
CLOZAPINE,CYP2C19
ETHOSUXIMIDE,CYP3A4
MEPIVACAINE HYDROCHLORIDE,SCN5A
CHEMBL:CHEMBL529986,NFE2L2
URAPIDIL,ADRA1D
PROCHLORPERAZINE,DRD2
ENDOMORPHIN-1,APOF
OLARATUMAB,DPP4
DACTOLISIB,PIK3CA
TRICHLORMETHIAZIDE,CA2
TIMOLOL,ABO
ERLOTINIB,EGFR
MOMETASONE,CD44
TEMOZOLOMIDE,ATM
ABEMACICLIB,ESR1
CETUXIMAB,PIK3CA
CRIZOTINIB,ERBB2
SUNITINIB,MKI67
ANTINEOPLASTIC VACCINE,CD80
ACETAZOLAMIDE,CA1
VEMURAFENIB,NRAS
OXYPHENCYCLIMINE HYDROCHLORIDE,CHRM3
ARGATROBAN,F2
FENOFIBRATE MICRONIZED,CD40LG
QUINAPRIL HYDROCHLORIDE,ACE
PROPAFENONE HYDROCHLORIDE,ADRB1
ANASTROZOLE,CYP19A1
INSULIN LISPRO PROTAMINE RECOMBINANT,INSR
DEXAMETHASONE,CD86
ETONOGESTREL,PGR
IMMUNOSUPPRESSANT,CDKN1A
ADO-TRASTUZUMAB EMTANSINE,TUBB4A
PAZOPANIB,PDGFRB
LOVASTATIN,CDK2
ROMIDEPSIN,CDKN1A
TCDD,CDKN1B
NAPHAZOLINE HYDROCHLORIDE,ADRA1D
NAPHAZOLINE HYDROCHLORIDE,ADRA2B
NAPHAZOLINE HYDROCHLORIDE,ADRA2A
GLIPIZIDE,KCNJ11
FLUTAMIDE,AR
TESTOSTERONE PROPIONATE,AR
STAVUDINE,CSF2
OCRIPLASMIN,LAMB2
OCRIPLASMIN,LAMC1
"INSULIN, REGULAR, HUMAN",CSF2
OCRIPLASMIN,COL6A2
OCRIPLASMIN,COL1A1
RECOMBINANT FAS LIGAND,CTLA4
OCRIPLASMIN,COL11A2
OXYBUTYNIN,CHRM2
RECOMBINANT RANTES,CXCR4
DIRITHROMYCIN,RPSA
RIFAMPIN,CYP2C8
ADEFOVIR DIPIVOXIL,OCA2
METHOXSALEN,CYP3A4
DEFEROXAMINE,EDN1
MEPHENYTOIN,SCN5A
EPINEPHRINE BITARTRATE,ADRA1A
CHLORPROMAZINE,DRD3
METHSUXIMIDE,CACNA1G
NINTEDANIB ESYLATE,KDR
NINTEDANIB ESYLATE,FLT4
UBENIMEX,FCGR3A
EVOLOCUMAB,PCSK9
FIMEPINOSTAT,HDAC4
DS-7423,PIK3CA
RAVOXERTINIB,MAPK3
TYROSINE KINASE INHIBITOR,FLT3
GSK-690693,PRKCQ
GSK-690693,PRKCD
GSK-2636771,PIK3CB
LY-2780301,RPS6KB1
HEPARIN,FGF4
LY-2780301,AKT1
MK-2201,AKT1
PAXALISIB,PIK3CA
SF-1126,MTOR
QUERCETIN,GABPA
ENSARTINIB,ALK
MSX-122,CXCR4
RG-1530,FLT4
RG-1530,FLT3
IMMUNOTOXIN,GAL
GSK2798745,TRPV4
PRATOSARTAN,AGTR1
PRATOSARTAN,SLC22A6
SUMATRIPTAN,GCG
SELENIUM,GAPDH
NONABINE,CNR2
AZD1386,TRPV1
AMINOGLYCOSIDE ANTIBIOTIC,GDNF
AZD1305,SCN5A
TRAXOPRODIL,GRIN2B
PERMETHRIN,GFAP
TRETINOIN,HES1
CA19-9 ANTIGEN,HGF
RECOMBINANT INTERLEUKIN-1,HGF
NERISPIRDINE,KCNA10
"GONADOTROPIN, CHORIONIC",HGF
CISPLATIN,HMGB1
MK-8777,GRIA4
GP100 ANTIGEN,HMGB1
MK-8777,GRIA2
ALEGLITAZAR,PPARG
BRIVANIB,FGFR1
NITROGLYCERIN,HRAS
BRIVANIB,KDR
CEDIRANIB,FLT1
BRIVANIB,FLT4
VATALANIB,KDR
FEDRATINIB,JAK2
PACRITINIB,JAK2
VATALANIB,KIT
SARIZOTAN HYDROCHLORIDE,HTR1A
ESMIRTAZAPINE MALEATE,ADRA2A
BEVENOPRAN,OPRM1
LIXIVAPTAN,AVPR2
BENRALIZUMAB,IL5RA
ZALUTUMUMAB,EGFR
ULIPRISTAL ACETATE,PGR
TEGLARINAD CHLORIDE,NAMPT
FONTOLIZUMAB,IFNG
IL-6,HRAS
ABX-IL8,CXCL8
ELENBECESTAT,BACE1
HALOPERIDOL DECANOATE,HSPA4
SULOCTIDIL,CACNA1C
ZIMELDINE HYDROCHLORIDE,HTR2B
ZIMELDINE HYDROCHLORIDE,HTR1A
ZALCITABINE,HSPA4
TOLRESTAT,AKR1B1
VERAPAMIL,HSPA4
AMG-811,IFNG
PHOSPHODIESTERASE INHIBITOR,HSPA4
SOFITUZUMAB VEDOTIN,MUC16
MEDI-565,CD3E
DAPAGLIFLOZIN PROPANEDIOL,SLC5A2
LOFEXIDINE HYDROCHLORIDE,ADRA2B
ANAGLIPTIN,DPP4
NITRENDIPINE,CACNA1C
CELGOSIVIR,GAA
CIMICOXIB,PTGS2
THERAPEUTIC ANDROGEN,IGF2
CILOMILAST,PDE4D
TETOMILAST,PDE4A
MK-0767,PPARA
AVDORALIMAB,C5AR1
TETRADECANOYLPHORBOL ACETATE,IL15
PF-00610355,ADRB2
ZIDOVUDINE,IL10
DAZODALIBEP,CD40LG
MYCOPHENOLATE,IL18
VOCLOSPORIN,PPP3CA
4-PHENYLENEDIAMINE,IL18
GALLIUM NITRATE,IL6
DAVANAT,LGALS3
PF-06823859,IFNB1
FLYSYN,FLT3
LYMPHOKINE-ACTIVATED KILLER CELLS,IL7
SPESOLIMAB,IL1RAP
TEREVALEFIM,MET
PARNAPARIN SODIUM,SERPINC1
MEDROXYPROGESTERONE ACETATE,CXCL8
ABELACIMAB,F11
FENTANYL CITRATE,CXCL8
HEPARIN,LIPC
IBOCTADEKIN,IL18RAP
HUMAN CHORIONIC GONADOTROPIN,LIF
LAZERTINIB,EGFR
CAFFEINE,LPAR2
TECARFARIN,VKORC1
DEXAMETHASONE,LIF
PHLOROGLUCINOL,CACNA1D
"INSULIN, REGULAR, HUMAN",LPL
SETANAXIB,NOX4
ROVAZOLAC,NR1H2
FOLIC ACID,LPL
BREQUINAR,DHODH
TCDD,MAPK8
FONADELPAR,PPARD
NEZULCITINIB,TYK2
PANITUMUMAB,EGFR
PF-04691502,PIK3CA
DS-7423,PTEN
PANITUMUMAB,PTEN
DEXAMETHASONE,MT1F
ALPELISIB,PTEN
MARGETUXIMAB-CMKB,ERBB3
RECOMBINANT INTERLEUKIN-1,MYC
ENMD-2076,KDR
ADOZELESIN,MYC
EGEN-001,IL12B
TETRADECANOYLPHORBOL ACETATE,MYC
METFORMIN HYDROCHLORIDE,PRKAB1
DOXORUBICIN HYDROCHLORIDE,TOP2A
PLICAMYCIN,CYP3A4
CAPTOPRIL,MYO9B
CAMPTOTHECIN,HSD17B10
EDARAVONE,CYP1A2
GO-6976,CDK2
ISOQUINE,CYP3A4
AZD-1080,GSK3B
BECLOMETHASONE DIPROPIONATE,AR
ANTI-ULCER AGENT,NOS1
FUROXAN,ALDH1A1
ESCULETIN,GAA
OLANZAPINE,GAA
GAMBOGIC AMIDE,NTRK3
MERCAPTOPURINE,HBB
NILUTAMIDE,CYP2D6
THERAPEUTIC ANDROSTANOLONE,NOS1
DIAZOXIDE,NOS2
CHEMBL:CHEMBL86464,UBE2N
NILUTAMIDE,CYP2C19
CHEMBL:CHEMBL1422704,GLP1R
TESTOSTERONE PROPIONATE,ESR1
HEXACHLOROPHENE,TP53
CHEMBL:CHEMBL1972216,AGTR1
TRISMETHOXYRESVERATROL,PRKCA
CHEMBL:CHEMBL547269,KCNH2
CHEMBL:CHEMBL1477383,HSD17B10
ISOCHLOROGENIC ACID B,APP
VANDETANIB,AXL
CEP-1347,MAP4K4
NARASIN,AR
FLUAZINAM,NR1H4
METYROSINE,CYP2D6
CHEMBL:CHEMBL313737,CYP1A2
GO-6976,FLT4
CHEMBL:CHEMBL258465,CYP2D6
ISOBOLDINE,HSD17B10
AG 9,NFKB1
CHEMBL:CHEMBL601933,ATM
RANITIDINE HYDROCHLORIDE,CYP1A2
CHEMBL:CHEMBL17329,ALDH1A1
2-PHENYLPHENOL,RXRA
12A-HYDROXY-5-DEOXYDEHYDROMUNDUSERONE,HSD17B10
UMBELLIFERONE,ERAP1
CHEMBL:CHEMBL528734,ACP1
TRICLOSAN,HSP90AA1
VANDETANIB,PDGFRB
CHEMBL:CHEMBL379975,PKN2
MICHLER'S KETONE,ALDH1A1
TO-901317,NR1H4
INDIRUBIN-3'-MONOXIME,NPC1
OXATOMIDE,HIF1A
DILTIAZEM HYDROCHLORIDE,CYP3A4
BARASERTIB-HQPA,PDGFRB
CAMPTOTHECIN,MTOR
PIRARUBICIN,KMT2A
VANDETANIB,LCK
CHEMBL:CHEMBL429095,KMT2A
CHEMBL:CHEMBL1426508,VDR
"4',7-DIMETHOXY-5-HYDROXYGENISTEIN",NPC1
ANGUSTIBALIN,XBP1
BENZBROMARONE,VDR
TROVAFLOXACIN MESYLATE,NFE2L2
CHEMBL:CHEMBL584269,GLP1R
TETRACYCLINE,CYP2C9
MYRICETIN,TOP2A
MOCETINOSTAT,HDAC4
CHEMBL:CHEMBL602970,SMN2
CHEMBL:CHEMBL527271,CYP2D6
ANCITABINE,NFE2L2
CYCLOHEXIMIDE,GLP1R
CHEMBL:CHEMBL592316,SMAD3
CGP7930,TP53
CHEMBL:CHEMBL527586,GNAS
RO-3201195,MAPK14
CHEMBL:CHEMBL1371696,HSD17B10
PICLIDENOSON,ADORA3
CHEMBL:CHEMBL483633,SMN1
MONATEPIL,AR
1-AZAKENPAULLONE,FYN
PIMPINELLIN,CYP3A4
METHYLDOPA ANHYDROUS,CYP3A4
GW441756X,PRKAA1
CYCLOHEXIMIDE,NFE2L2
GW7647,HSD17B10
CAMPTOTHECIN,CYP1A2
METAMIZOLE SODIUM,ALOX12
MITONAFIDE,ERG
COUMARIN,NFE2L2
CYSTAMINE DIHYDROCHLORIDE,VDR
ALEXIDINE HYDROCHLORIDE,UBE2N
PHENYLBUTAZONE,CYP2C19
CHEMBL:CHEMBL261118,TP53
TOLONIUM CHLORIDE,RUNX1
RESERPINE,ABCB1
CHEMBL:CHEMBL1371696,CYP2C19
CHEMBL:CHEMBL2203707,TACR3
CGP7930,HIF1A
CHEMBL:CHEMBL1448292,ALOX12
VU0080241,NPC1
SERGEOLIDE,JUN
NICLOSAMIDE,ATXN2
SULINDAC,CYP2D6
GW441756X,MARK2
SB203580,LCK
PIPERTRAMINE AMIDE,CHRM3
CHEMBL:CHEMBL1243244,NR1H3
(S)-UH 301,DRD1
RIMSULFURON,NFE2L2
CHEMBL:CHEMBL1534034,UBE2N
CHEMBL:CHEMBL116548,ATXN2
NICLOSAMIDE,CYP3A4
CAFFEIC ACID,HSD17B10
WARFARIN POTASSIUM,AR
MYRICETIN,GPR35
ANGUSTIBALIN,GPR55
PROPYLPYRAZOLETRIOL,HSD17B10
RS67506,CYP2D6
RILMENIDINE,CYP2D6
THIOURACIL,NOS1
CHEMBL:CHEMBL583611,GPBAR1
TETRACYCLINE,CYP3A4
BISPHENOL A,ESR1
DEXAMETHASONE,NR5A1
CHEMBL:CHEMBL379975,CAMK1D
CHEMBL:CHEMBL587620,MTOR
XANTHOPTERIN,HSD17B10
CHEMBL:CHEMBL527271,CYP2C9
CHEMBL:CHEMBL1198140,NFE2L2
GW441756X,CDK2
PROPYLPYRAZOLETRIOL,ATXN2
AURIN,ATXN2
HALOPERIDOL DECANOATE,NR4A1
GW441756X,NTRK2
AMINOGLYCOSIDE ANTIBIOTIC,NTF3
PYRITHIONE,GLP1R
METHYLDOPA ANHYDROUS,CYP1A2
BUTYRIC ACID,HDAC3
CHEMBL:CHEMBL258465,CYP1A2
ZERANOL,AR
CHEMBL:CHEMBL601757,ATXN2
RISPERIDONE,NTF3
PADIMATE-O,HSD17B10
GW441756X,LCK
MYRICETIN,CYP2C9
THERAPEUTIC ANDROSTANOLONE,NTRK1
JTC-801,SMAD3
INDIRUBIN-3'-MONOXIME,CYP1A2
CHEMBL:CHEMBL56393,HIF1A
DEXAMETHASONE,NTRK1
AST-487,JAK2
SALMETEROL,AR
ANISALDEHYDE,ALDH1A1
EBSELEN,ALDH1A1
MELATONIN,PIK3CG
SB203580,MAPK1
PHENAMIL METHANESULFONATE,NFKB1
CHEMBL:CHEMBL553503,GFER
TARIQUIDAR,ABCG2
CHEMBL:CHEMBL600694,HSP90AA1
PROTEIN KINASE C INHIBITOR,PLAU
CHEMBL:CHEMBL515505,HIF1A
CHEMBL:CHEMBL137498,CYP3A4
CHEMBL:CHEMBL1269022,CYP2D6
DIGITOXIN,NR3C1
NERVE GROWTH FACTOR,PNMT
(Z)-PIPLARTINE,CYP1A2
LORATADINE,MAPK1
CHLORPROMAZINE HYDROCHLORIDE,CYP2C19
TANDUTINIB,FLT4
CHEMBL:CHEMBL602213,VDR
VANIPREVIR,CYP2D6
BOVINE CARTILAGE,PLG
CHEMBL:CHEMBL329785,MAPK1
CHEMBL:CHEMBL166486,VDR
LORATADINE,CYP2C19
ALTHIAZIDE,CYP3A4
CHEMBL:CHEMBL117487,HDAC1
LITHOCHOLIC ACID,VDR
CHEMBL:CHEMBL117487,HDAC5
CHEMBL:CHEMBL117487,HDAC3
GITOXIGENIN,NFE2L2
CHEMBL:CHEMBL546865,CASP3
ACID BLUE 129,MAPK1
PROPYLPYRAZOLETRIOL,PPARG
CHEMBL:CHEMBL602213,ALOX15
CHEMBL:CHEMBL1210769,CASP3
VANDETANIB,MAP4K4
ROTTLERIN,RHOA
NOCODAZOLE,AR
RILUZOLE,NPC1
PHA-767491,PASK
VACCINE,PTGS2
NIACIN,CYP2C19
NOCODAZOLE,HSPB1
CHEMBL:CHEMBL589245,GLP1R
MANGOSTIN,CYP2C19
IODINE I-131,PTH
HAEMATOXYLIN,MAPK1
CHEMBL:CHEMBL258756,WRN
TOLRESTAT,AKR1B10
VITAMIN E,PTH
CHEMBL:CHEMBL379975,ALK
FENRETINIDE,RBP4
CHLORPYRIFOS-METHYL,NFE2L2
CHEMBL:CHEMBL507986,TOP2A
CHEMBL:CHEMBL547161,SMAD3
CYCLOHEXANONE OXIME,PPARD
4-NONYLPHENOL,KCNH2
CANDESARTAN CILEXETIL,VDR
CATECHIN,ALDH1A1
CHEMBL:CHEMBL1287980,WRN
CHEMBL:CHEMBL429095,ATXN2
FLUORODIFEN,PPARG
BISPHENOL A,AR
GW7647,CYP2C9
MOCLOBEMIDE,AR
DESIPRAMINE,CYP2D6
CHEMBL:CHEMBL581152,ATXN2
IL-7,SLC2A1
GUGGULSTERONE,CYP3A4
RO19-4603,CYP2C19
RECOMBINANT FIBROBLAST GROWTH FACTOR 2,SLC2A1
CHEMBL:CHEMBL1530911,CREBBP
CHEMBL:CHEMBL261693,GLP1R
NEOSTIGMINE BROMIDE,CYP3A4
NIZATIDINE,TAC1
"NITROFURANTOIN, MACROCRYSTALS",CYP2D6
CHEMBL:CHEMBL1761683,NFE2L2
MEXILETINE,TAC1
ACIFRAN,HCAR2
MEK1/2 INHIBITOR,MAPK1
BAICALEIN,GPR35
PENDIMETHALIN,NFE2L2
LY-294002,CYP2D6
TRETINOIN,TG
DINOPROSTONE,PTGER4
ACEBUTOLOL,TG
BENZO(K)FLUORANTHENE,THRB
EMBELIN,ALOX15
VANDETANIB,FYN
6-CL-MLT,CYP2C9
"NITROFURANTOIN, MACROCRYSTALS",CYP2C19
DILTIAZEM HYDROCHLORIDE,CYP2C9
BIS(DIMETHYLAMINETHIOCARBONYL)MONOSULFIDE,PPARD
ETIDRONIC ACID,CYP2C9
VACCINE,TG
ISOBAVACHALCONE,PTPN1
CHEMBL:CHEMBL583558,NFE2L2
ANTIMYCIN A,HSD17B10
VITAMIN E,TH
AICA RIBONUCLEOTIDE,CASP9
SINENSETIN,KMT2A
MECLOFENOXATE,CYP1A2
STREPTOZOCIN,TH
ALISERTIB,NTRK2
LOVASTATIN,THBS1
NIRIDAZOLE,CYP1A2
AST-487,MAP4K4
CHEMBL:CHEMBL384441,ESR1
TIOXOLONE,VDR
PROTEIN KINASE C INHIBITOR,THBS1
MIDAZOLAM HYDROCHLORIDE,TNF
ETIDRONIC ACID,SMPD1
PIRFENIDONE,HSD17B10
CHEMBL:CHEMBL1237255,KCNH2
METHYL 7-DESHYDROXYPYROGALLIN-4-CARBOXYLATE,HSD17B10
FLUTICASONE,TNFRSF8
BUPRANOLOL,ADRB1
HALOPERIDOL DECANOATE,TP53
PREDNISONE,NR3C1
PD173074,ATXN2
NEFAZODONE HYDROCHLORIDE,AR
ZEARALANONE,HSP90AA1
FLUORODIFEN,NFE2L2
SULINDAC SULFIDE,VDR
NICLOSAMIDE,NFE2L2
CHEMBL:CHEMBL124267,CYP3A4
ENALAPRIL MALEATE,TP53
FLUOROURACIL,DPYD
FLUTAMIDE,G6PD
GOSSYPOL,TP53
CABOZANTINIB S-MALATE,FLT3
REGORAFENIB,KIT
AMG-208,MET
DACTOLISIB,PIK3R3
X-82,PDGFRB
DACTOLISIB,PIK3CD
PF-04691502,PIK3C2A
PAZOPANIB,FLT1
GLESATINIB,KDR
FEXAGRATINIB,AKT1
HEPARIN,UCP2
FEXAGRATINIB,FGFR1
SELUMETINIB,MAP2K6
CARBOPLATIN,ABCB1
FLUOROURACIL,ABCB1
ADRIAMYCIN,ABCB1
PRAVASTATIN SODIUM,ABCB1
GEFITINIB,ABCB1
RO 31-8220,ABCB1
"INSULIN, REGULAR, HUMAN",UCP1
VITAMIN B12,AGER
MASOPROCOL,AFP
ADRIAMYCIN,AGT
TECTORIGENIN,AKR1B1
SOYBEAN SEED OIL,APOE
NORETHINDRONE ACETATE,APOE
"BENZO(A)PYRENE-7,8-DIOL 9,10-EPOXIDE",APOE
TCDD,VDAC2
PENTOXIFYLLINE,BCL2
ISOTRETINOIN,BCL2
ANESTHETIC AGENT,BDNF
NYSTATIN,BDNF
INOSITOL,BDNF
LEVODOPA,BDNF
THERAPEUTIC ANDROSTANOLONE,VDR
VINCRISTINE,BDNF
TNP-470,VWF
PACLITAXEL,CASP3
OLTIPRAZ,CALR
EPOETIN ALFA,CDKN1B
NICOTINE POLACRILEX,CP
DANAZOL,CP
MILTEFOSINE,CSF2
PERFOSFAMIDE,CSF2
CETIRIZINE HYDROCHLORIDE,CSF2
CYTARABINE,NQO1
NICOTINE POLACRILEX,CREB1
TESTOSTERONE,CXCL10
ISOPROPYL ALCOHOL,CYP19A1
LIOTHYRONINE,CYP19A1
PACLITAXEL,CYP3A5
PENTAZOCINE,ABCB1
SIROLIMUS,DCN
TESTOSTERONE,DBH
STAUROSPORINE,DDIT3
MURAGLITAZAR,REN
ADRIAMYCIN,DNMT1
FENRETINIDE,ENO2
FAS LIGAND,FAS
SACITUZUMAB GOVITECAN,ERBB2
PENICILLIN,FCGR3A
MECASERMIN,GCG
SULINDAC SULFIDE,GDF15
ASCORBIC ACID,GJA1
TUCATINIB,ERBB2
MANNITOL,GGT1
PIOGLITAZONE HYDROCHLORIDE,GHRL
PROTEASOME INHIBITOR,GJA1
ISPAGHULA HUSK,GHRL
LIOTHYRONINE,GGT1
RECOMBINANT HEREGULIN,GRB2
DEHYDRATED ALCOHOL,GRM5
THYROGLOBULIN,IL1B
PENTOXIFYLLINE,IL1B
HALOFUGINONE,IL2
MISTLETOE EXTRACT,IL2
ISOTRETINOIN,CYP3A5
PROTEASOME INHIBITOR,IL2
CETIRIZINE HYDROCHLORIDE,IL2RA
ARSENIC TRIOXIDE,IL6
DRUGSATFDA.NDA:008378,IL2RA
MIDAZOLAM HYDROCHLORIDE,POR
CYCLOOXYGENASE INHIBITOR,ITGB2
METHADONE HYDROCHLORIDE,POR
HEPARIN CALCIUM,LDLR
ACTH,LDLR
RECOMBINANT EOTAXIN,MAPK8
DANAZOL,MBL2
NICOTINE POLACRILEX,POR
SIROLIMUS,MMP1
DRUGSATFDA.NDA:008378,MPO
BOSENTAN ANHYDROUS,NR1I2
PACLITAXEL,MMP2
RECOMBINANT INTERFERON ALFA,MYC
STAUROSPORINE,NFE2L2
LIOTHYRONINE,NOS1
MPA,NRG1
CLOZAPINE,NT5E
TOREMIFENE,PGR
METHADONE HYDROCHLORIDE,NR1I2
AMPHOTERICIN B LIPOSOMAL,PC
IFOSFAMIDE,NR1I2
SUNSCREEN,PCNA
FAS LIGAND,PIK3CG
DEHYDRATED ALCOHOL,PPARD
TAMOXIFEN,PLD1
NAFCILLIN,NR1I2
LUMIRACOXIB,PTGS2
THROMBOLYTIC AGENT,SERPINE1
ISPAGHULA HUSK,SLC2A4
RETINOIC ACID AGENT,SLC2A4
TERBINAFINE,NR1I2
TESTOSTERONE,SLCO1A2
RECOMBINANT HEPATOCYTE GROWTH FACTOR,SLPI
TYRPHOSTIN A9,SRC
LUMIRACOXIB,HLA-DQA1
FREUND'S ADJUVANT,SST
ESTRONE,STS
BENZNIDAZOLE,TAT
ISOTRETINOIN,TG
NICOTINE POLACRILEX,TGFB1
EMODIN,TGFB1
DEHYDRATED ALCOHOL,TGM2
METHYLCELLULOSE,THBS1
TRETINOIN,XIAP
IH636 GRAPE SEED PROANTHOCYANIDIN EXTRACT,WT1
UCN-01,XIAP
DIFFERENTIATION INDUCER,XIAP
LAROTRECTINIB,NTRK1
DACLATASVIR,CYP24A1
RIVASTIGMINE,APOE
THIORIDAZINE,CYP2J2
PYRILAMINE,KCNH2
PIOGLITAZONE HYDROCHLORIDE,CYP2C9
IMATINIB,SLC19A1
DICLOFENAC SODIUM,CYP2C9
PROPAFENONE,ABCB1
LAMIVUDINE,ABCG2
RHODAMINE123,ABCG2
FLUOROURACIL,PTEN
NATEGLINIDE,CYP2C9
LITHIUM,GADL1
BUMETANIDE,SLC12A3
BUMETANIDE,ADD1
ANTIBIOTIC,KCNE1
TRAMADOL,CYP1A2
NORTRIPTYLINE,BDNF
METHYLPHENIDATE HYDROCHLORIDE,DRD1
FLIBANSERIN,CYP2C19
SPIRONOLACTONE,ABCB1
FLUOROURACIL,IRS1
CLOZAPINE,HTR1A
METHYLDOPA ANHYDROUS,ARG2
SUNITINIB,IL4R
SUNITINIB,NOS3
DEHYDRATED ALCOHOL,CHRNA4
LENALIDOMIDE,CTNNB1
PYRIDOXAL PHOSPHATE ANHYDROUS,CYP2E1
CELECOXIB,KCNQ1
CELECOXIB,PDK1
CELECOXIB,ALOX12
CELECOXIB,IGFBP3
CELECOXIB,CASP9
CELECOXIB,DDIT3
RIBAVIRIN,EGFR
HYDROXYUREA,MAP3K5
CEMIPLIMAB-RWLC,EGFR
TEPOTINIB,EGFR
KETOROLAC TROMETHAMINE,CYP2D6
LOFEXIDINE,CYP2D6
SERTINDOLE,CYP2D6
CARIPRAZINE,CYP2D6
ACETAMINOPHEN / CODEINE,CYP2D6
AMOXAPINE,CYP2D6
MERCAPTOPURINE,CPT1A
ASPIRIN,TGFB1
"ESTROGENS, CONJUGATED (USP)",SULT1A1
MYCOPHENOLATE,HPRT1
AVATROMBOPAG,F2
AVATROMBOPAG,F5
LIDOCAINE,SCN5A
INFLIXIMAB-DYYB,HLA-DPB1
CLOZAPINE,HLA-DRB3
RISDIPLAM,SMN2
CISPLATIN,WFS1
HYDROCODONE,CYP2C19
DABIGATRAN,CYP3A5
MERCAPTOPURINE,SLC28A2
MERCAPTOPURINE,NT5C2
FLUOROURACIL,PDGFRB
VALBENAZINE,CYP2D6
RIBAVIRIN,IL21R
RIBAVIRIN,KLRK1
SELEGILINE,CYP3A4
ARTICAINE / EPINEPHRINE,G6PD
"NITROFURANTOIN, MACROCRYSTALS",G6PD
NOREPINEPHRINE,ADRA2B
TENOFOVIR DISOPROXIL FUMARATE,SLC28A2
TEPOTINIB,ALK
AVATROMBOPAG,SERPINC1
GABAPENTIN,CYP3A5
RIBOCICLIB,ESR1
USTEKINUMAB,IL12A
TENOFOVIR,NME1
SELEGILINE,CYP2B6
IDARUBICIN,SLCO1B1
FENOFIBRATE MICRONIZED,SLCO1B1
CEMIPLIMAB-RWLC,ALK
CITALOPRAM,NEDD4L
ASPIRIN,NTRK1
ASPIRIN,ACE
DIURETIC,NEDD4L
MYCOPHENOLATE,UGT1A7
HYDROCODONE,CYP1A2
NEVIRAPINE,TCF19
VILDAGLIPTIN,GLP1R
TETANUS ANTITOXIN,HLA-A
MOMELOTINIB,EGFR
PANOBINOSTAT,HDAC3
PANOBINOSTAT,HDAC9
SENREBOTASE,ADRA1D
CYCLOPHOSPHAMIDE ANHYDROUS,GATA3
BACLOFEN,GABBR1
ALTEPLASE,FGA
ALTEPLASE,PLG
CLOMIPHENE,ESR1
RISPERIDONE,SH2B1
"ESTROGENS, CONJUGATED (USP)",VDR
APOMORPHINE,DRD2
VON WILLEBRAND FACTOR,VWF
ARTEMOTIL,CYP3A4
APALUTAMIDE,AR
LOSARTAN POTASSIUM,CYP3A4
VARLITINIB,EGFR
VEROSUDIL,ROCK1
SILDENAFIL,CYP3A4
AR-42,HDAC3
PROGUANIL,CYP3A4
DABRAFENIB,NRAS
ARVERAPAMIL,CACNA1C
PHOSPHORODIAMIDATE MORPHOLINO OLIGOMER AVI-4126,MYC
ATL1102,ITGB1
AV-412,EGFR
ATL1102,ITGA4
PICROPODOPHYLLIN,IGF1R
ADUCANUMAB,APP
TRALOKINUMAB,IL13
CERE-110,NGF
CITALOPRAM,SLC6A4
PHENPROCOUMON,PPARA
GESTODENE,PGR
DEVIMISTAT,PDK2
ABATACEPT,CD86
GS9667,ADORA1
FIPAMEZOLE,ADRA2A
INTERFERON BETA-1A,HLA-B
ICATIBANT,BDKRB2
ENALAPRIL MALEATE,ADRB2
KETOTIFEN FUMARATE,HRH1
VORTIOXETINE HYDROBROMIDE,SLC6A4
ADALIMUMAB-ADBM,CRP
MECASERMIN,IGF1R
ADALIMUMAB-ADBM,CASP9
MM-111,ERBB2
ADALIMUMAB-ADBM,HFE
PL-3994,NPR1
PIRFENIDONE,MAPK14
ADALIMUMAB-ADBM,HLA-DRB1
ADALIMUMAB-ADBM,CD40LG
BAMOSIRAN,ADRB2
ADALIMUMAB-ADBM,VEGFA
ADALIMUMAB-ADBM,HLA-E
BOSENTAN ANHYDROUS,EDNRB
VARENICLINE,CHRNA4
NORETHINDRONE,PGR
CARBOPLATIN,PRRC2A
CHLOROTHIAZIDE,CA2
EDROPHONIUM CATION,ACHE
FLUPENTHIXOL,DRD1
FLUPENTHIXOL,DRD2
LORAZEPAM,TSPO
LEVOBUNOLOL,ADRB2
MEFENAMIC ACID,PTGS2
MESORIDAZINE,DRD2
MEPENZOLATE,HCAR3
CARBOPLATIN,PIK3CA
MINAPRINE,DRD1
NABUMETONE,PTGS2
MINAPRINE,HTR2C
OXPRENOLOL,ADRB1
THIETHYLPERAZINE,HTR2A
THIETHYLPERAZINE,HTR2C
TOLAZAMIDE,KCNJ1
TRICHLORMETHIAZIDE,CA1
TRICHLORMETHIAZIDE,KCNMA1
ROMIDEPSIN,HDAC1
DIFLUNISAL,PTGS1
DIAZOXIDE,SLC12A3
DIFLUNISAL,PTGS2
FLUMETHASONE PIVALATE,ANXA1
IFOSFAMIDE,DNMT1
HYDROCORTAMATE,ANXA1
ASPIRIN,PDE5A
OLANZAPINE,DRD1
PROCHLORPERAZINE,DRD1
PROPAFENONE,KCNH2
SULINDAC,PTGS2
TADALAFIL,PDE4A
XALIPRODEN,HTR1A
CA-170,CD274
ETC-1922159,PORCN
KO-947,EPHB2
TINOSTAMUSTINE,HDAC9
ANDROGEN RECEPTOR ANTAGONIST TAS3681,AR
CXCR4 ANTAGONIST USL311,CXCR4
FINASTERIDE,SRD5A2
CARBOPLATIN,ALDH1A1
LORUKAFUSP ALFA,IL2
MOTIXAFORTIDE,CXCR4
CARBIMAZOLE,HLA-DRB1
CHEMBL:CHEMBL472004,PTPN6
ENTRECTINIB,NTRK2
KX2-361,SRC
OBINUTUZUMAB,MS4A1
RASBURICASE,CYB5R4
RUTHENIUM-BASED TRANSFERRIN TARGETING AGENT NKP-1339,HSPA5
VAROGLUTAMSTAT,QPCT
MYCOPHENOLATE MOFETIL,TNF
DIANEXIN,ANXA5
DAS-431 IV,DRD1
COTININE,CHRNA4
PYRAZINAMIDE,TNF
GALLAMINE TRIETHIODIDE,CHRM2
ORAL AZACITIDINE,PARP1
BUCLIZINE,HRH1
ATOSIBAN,OXTR
TERIFLUNOMIDE,HMGCR
BUSPIRONE,HTR1A
CHOLIC ACID,CES1
NM-702,ALDH7A1
IBUDILAST,IL1B
NIFLUMIC ACID,PTGS2
RADIPRODIL,GRIN2B
PRETOMANID,FASN
ATOSIBAN,AVPR1A
CYCLOPHOSPHAMIDE ANHYDROUS,MUTYH
DAPORINAD,NAMPT
MESMULOGENE ANCOVACIVEC,MUC1
SALACINOL,GAA
NELIVAPTAN,AVPR1A
NELIVAPTAN,OXTR
RISPERIDONE,GRIN2B
"UK-396,082",CPB2
HUA33,GPA33
EMAPTICAP PEGOL,CCL2
TESTOSTERONE BUCYCLATE,AR
INOTERSEN,TTR
ACECLIDINE,CHRM2
ALITRETINOIN,RXRA
CHEMBL:CHEMBL27508,ADORA2A
ALITRETINOIN,RXRB
ACECLIDINE,CHRM3
ASP-8477,KDR
CYCLOPHOSPHAMIDE ANHYDROUS,CTNNB1
BECAPLERMIN,PDGFRB
CARDIOTROPHIN-1,CTF1
ELACESTRANT,ESR1
PEGAPAMODUTIDE,GCGR
TUCIDINOSTAT,HDAC1
CYCLOPHOSPHAMIDE ANHYDROUS,SOD2
SLV-334,MME
LITOXETINE,SLC6A4
VEMURAFENIB,CYP1A2
ACECLOFENAC,COX8A
"SYNTHETIC CONJUGATED ESTROGENS, A",ESR1
DOXYLAMINE,HRH1
TINZAPARIN SODIUM,SERPINC1
PROPOFOL,FAAH
QUETIAPINE FUMARATE,DRD2
TETRAHYDROZOLINE,ADRA2C
IPH-2101,KIR2DS1
IBROLIPIM,LPL
RILAPLADIB,PLA2G7
Z-360,CCKBR
DIPROPYL-5-CT,A2M
KETANSERIN,A2M
ZIPRASIDONE,HTR2C
AC-90179,HTR2C
TH5487,HCRT
SILODOSIN,ABCA4
CLOZAPINE,ABCA4
PHENOXYBENZAMINE,ABCA4
BRIMONIDINE,AOC1
KF 17837S,ABCA1
CPX,ABCA1
ANGIOTENSIN II,ACADS
INDACATEROL,ABO
FORMOTEROL FUMARATE,ABO
TERBUTALINE,ABO
SR59230A,ABO
COMPOUND 2 [PMID: 25408830],GCLM
SPEBRUTINIB,EFNB2
TIRABRUTINIB,EFNB2
EVOBRUTINIB,EFNB2
CGI1746,EFNB2
NEMTABRUTINIB,EFNB2
C3A RECEPTOR AGONIST,ACACA
WIN 64338,BDKRB2
SQ007-5,ACACA
ETHOXZOLAMIDE,GAPDH
DORZOLAMIDE,GAPDH
ACETAZOLAMIDE,GAPDH
"UK-396,082",CYP27B1
COMPOUND 3 [PMID: 14640538],CYP27B1
NPS 2143,ACP5
COMPOUND 2B-1 [PMID: 12614873],ACTA1
CCL3,ACTA1
CXCL12&GAMMA;,ACTG1
"SDF-1, 1-9[P2G] DIMER",ACTG1
MAVORIXAFOR,ACTG1
T140,ACTG1
COMPOUND 9B [PMID: 18986805],CDK4
PALBOCICLIB,CDK4
CP-10,CDK4
CROZBACICLIB,EIF4EBP1
HAMI3379,AMPD1
N-METHYL LTC4,AMPD1
[3H]7-OH-DPAT,ALDH1A1
CABERGOLINE,ALDH1A1
BROMOCRIPTINE,ALDH1A1
SB 277011-A,ALDH1A1
CLOZAPINE,ALDH2
SULPIRIDE,ALDH1A1
BROMOCRIPTINE,ALDH2
OL135,CRP
TOLAZAMIDE,G6PD
METHADONE HYDROCHLORIDE,CCL11
ERDAFITINIB,SLC26A3
LORAZEPAM,SLCO1B1
MOTESANIB,DRD1
COMPOUND 8H [PMID: 22765894],DRD1
SEMAXANIB,DRD1
MOTESANIB,DRD3
TAFETINIB,DRD3
METHADONE HYDROCHLORIDE,NPY1R
SEPETAPROST,APOC2
FLUPROSTENOL,APOC2
CLOMIPRAMINE,BDNF
DESIPRAMINE,BDNF
[3H]CGS19755,GRIN2B
2-METHOXYESTRADIOL,ALDH3B1
FLUOXETINE HYDROCHLORIDE,SERPINE1
COMPOUND 1O [PMID: 24210504],CST1
SCRIPTAID,HDAC4
ECULIZUMAB,CFH
SCRIPTAID,GAS2
TRICHOSTATIN A,GAS1
BELINOSTAT,GAS1
OLVANIL,ADH1C
MANSC (415-431),ADCY3
DUAL VEGFR/PARP INHIBITOR 14B,DRD2
AST-487,DRD2
TINENGOTINIB,DRD2
M4205,DPT
BARZOLVOLIMAB,DPT
JNJ-28312141,DPT
LEI-DAB7,ARG1
CLOMIPRAMINE,EPHX1
AZD2927,KCNJ5
A-935142,BAD
QUININE,KIF1A
TAK-020,EPHX2
DEHYDRATED ALCOHOL,GCKR
DEHYDRATED ALCOHOL,CACNA1C
CITALOPRAM,SERPINE1
MULTIKINASE INHIBITOR AEE788,EGFR
SORAFENIB,FLT4
ORY-1001,GEM
GSK2879552,GEM
PF-9363,GDNF
REGORAFENIB,FLT4
ACTH-(11-24),ANG
DACINOSTAT,HDAC5
DOTHIEPIN,AANAT
SILAHEXOCYCLIUM,AANAT
VU0255035,AANAT
LY 156735,ANK2
UCSF7447,ANK2
BC-III,BBS1
TALNETANT,AQP4
VOFOPITANT,AQP3
SCH 206272,AQP4
PAVINETANT,AQP5
"N',2-DIPHENYLQUINOLINE-4-CARBOHYDRAZIDE 8M",AQP5
TALNETANT,AQP5
ESTROPIPATE,SLCO1B1
GSK-7975A,GTF2H1
[3H]HATRAP,APOD
TRETINOIN,BCKDHB
LY-518674,BCKDHA
AZD7648,F5
DS-7423,F5
SELETALISIB,F5
ZANDELISIB,F5
AZD3458,PIK3CB
AZD3458,F7
PANULISIB,PIK3CB
RS-25344,COL11A2
TUNODAFIL,PDE5A
PROGESTERONE,BDNF
PTHRP,APOA4
COMPOUND 8 [PMID: 17480064],CX3CR1
FICLATUZUMAB,HGF
INCLACUMAB,SELP
RP-101075,AMY2A
SPHINGOSINE 1-PHOSPHATE,AMY2A
COMPOUND 1 [PMID: 21742770],FCP1
COMPOUND 7 [PMID: 34333981],FCGR3A
GSA-10,ALOX12
AZD8542,ALOX12
SPHINGOMYELIN SYNTHASE 2 INHIBITOR 15W,FUS
COMPOUND D24 [PMID: 24374347],FUS
BALAMAPIMOD,MS4A2
SRA880,FAS
SORAFENIB,KDR
DOTA-BASS,FASLG
BIM 23056,AQP2
RESIQUIMOD,SARDH
ROSIGLITAZONE,ATP4A
COMBRETASTATIN A4,GLUL
FIGITUMUMAB,IGF1R
JAK INHIBITOR 17B,TYK2
D(CH2)5[TYR(ME)2]AVP,AQP9
"D(CH2)5[TYR(ME)2,THR4,TYR-NH29]OVT",AQP9
[D-TRP32]NPY,ANXA5
FILANESIB,KIF11
SUNITINIB,HMOX1
PATRITUMAB,NRG1
REPOTRECTINIB,NTRK3
IRINOTECAN HYDROCHLORIDE,PIK3CA
BUPARLISIB,PTEN
ABEMACICLIB,SMARCA4
TESEVATINIB,KDR
VEMURAFENIB,TF
IPILIMUMAB,NRAS
PEMBROLIZUMAB,B2M
OSIMERTINIB,ERBB2
EPIDERMAL GROWTH FACTOR RECEPTOR TYROSINE KINASE INHIBITOR,ERRFI1
AMSACRINE,TOP2A
BORTEZOMIB,TP53
DASATINIB ANHYDROUS,KIT
QUIZARTINIB,KIT
ZOLEDRONIC ACID ANHYDROUS,ALK
RITUXIMAB,CD274
PEMBROLIZUMAB,KEAP1
BUTHIONINE SULFOXIMINE,KEAP1
IDRX-42,KIT
ADAVOSERTIB,NRAS
ANTI-CD19 CAR T CELLS PREPARATION,NRAS
PI3K ALPHA/BETA INHIBITOR BAY1082439,PIK3CA
ONATASERTIB,PIK3CA
INAVOLISIB,PIK3CA
PI3K-ALPHA INHIBITOR TOS-358,PIK3CA
PKI-179,PIK3CA
VELIPARIB,PARP1
RIDAFOROLIMUS,PIK3CA
TOPOTECAN HYDROCHLORIDE,PIK3CA
NIRAPARIB,PTEN
TELATINIB,PDGFRB
VOXTALISIB,PTEN
ABIRATERONE ACETATE,PTEN
GEDATOLISIB,PTEN
PILARALISIB,PTEN
DABRAFENIB,PTEN
TIPIFARNIB,PTEN
GANITUMAB,PTEN
C-RAF ANTISENSE OLIGONUCLEOTIDE ISIS 5132,RAF1
CHEMBL:CHEMBL1569494,GLP1R
ZM447439,FYN
AT9283,TYK2
RITUXIMAB,ABCB1
NANOPARTICLE ALBUMIN-BOUND THIOCOLCHICINE DIMER NAB-5404,VEGFA
QUISINOSTAT,HDAC9
SKF-86002,CTNNB1
CEVIMELINE,AANAT
ADAPALENE,BCHE
APG-2449,ALK
CGP13501,CYP2D6
CLINDAMYCIN,NR1I2
BARASERTIB-HQPA,EGFR
ARIPIPRAZOLE LAUROXIL,HTR2A
AMOSULALOL,ADRB3
PF-03882845,NR3C2
SAROGLITAZAR,PPARA
IODINE I 131 MONOCLONAL ANTIBODY 81C6,TNC
PROTOAPIGENONE,CCNB1
TENOFOVIR,ABCC2
PEPTIDE YY,NPY2R
MUPARFOSTAT,HPSE
ACARBOSE,SI
GENISTEIN,BDKRB1
DALANTERCEPT,ACVRL1
K-80003,HCN2
3-DEAZAADENOSINE,CCR4
VELIPARIB,PTEN
NEVIRAPINE,CYP2D6
CYCLIRAMINE MALEATE,MEN1
ACARBOSE,AMY2A
SAM68 MODULATOR CWP232291,CTNNB1
ACLIDINIUM,CHRM3
TOLVAPTAN,AVPR2
9-ANTHROIC ACID,CYP1A2
CYCLOHEXIMIDE,AR
BUTYRIC ACID,GSTP1
VALDECOXIB,PTGS2
AVN-944,IMPDH2
MYCOPHENOLATE MOFETIL,IMPDH2
ESMOLOL HYDROCHLORIDE,ADRB1
PROPAFENONE HYDROCHLORIDE,ADRB2
MILTEFOSINE,TNF
AZILSARTAN MEDOXOMIL,AGTR1
FLUOROURACIL,NOS1
FR173657,BDKRB2
DACOMITINIB ANHYDROUS,ERBB2
TADEKINIG ALFA,IL18
PRI-724,CREBBP
ALVOCIDIB,CDK7
SULINDAC,CYP2C9
E163,PTGS1
BIFEPRUNOX,HTR2C
MERCAPTOPURINE,HLA-DQA1
ATENOLOL,ADRB1
PROGESTERONE,RND3
ISOPROPYL ALCOHOL,CYP3A5
ESTRADIOL VALERATE,ESR1
THEONELLASTEROL F,NR1H4
VERAPAMIL,KCNH2
BRIMONIDINE,ADRA2A
ITRACONAZOLE,NQO1
SILYMARIN,TGFB1
PLX51107,DNER
IRAK-1/4 INHIBITOR,EPHA3
ERYTHROMYCIN,BAX
NICARDIPINE HYDROCHLORIDE,KCNH2
REGORAFENIB,PDGFRB
CETIRIZINE HYDROCHLORIDE,HRH1
BREMELANOTIDE,ANGPT2
CILENGITIDE,ITGB3
PEMBROLIZUMAB,MET
MECHLORETHAMINE HYDROCHLORIDE,RORC
DIDANOSINE,CYP1A2
LEVONORGESTREL,TP53
PHA-767491,CSNK1D
INCYCLINIDE,MMP2
RPR260243,BAD
LEROCICLIB,CDK4
VELDOREOTIDE,SSTR2
VATALANIB,FLT1
CROTOXIN,GCG
PENTAMIDINE ISETHIONATE,IL2
MK-2461,DRD1
VELDOREOTIDE,SSTR4
PROPYLTHIOURACIL,TPO
PAMIDRONATE,CASR
VELDOREOTIDE,SSTR5
FLUOROURACIL,CYP19A1
BRIGATINIB,DXO
COMPOUND A34 [PMID: 35635004],SLC26A3
ANTIDEPRESSANT AGENT,BDNF
SKF96365,ATP2A2
OMEPRAZOLE,ATP4A
DISULFIRAM,ALDH2
LEVODOPA,DRD1
LEXATUMUMAB,TNFRSF10B
CHEMBL:CHEMBL610767,PPARD
DIMETHYLENASTRON,KIF11
FLUOCINOLONE ACETONIDE,NR3C1
OXYMETHOLONE,EPO
(S)-LIQUIRITIGENIN,ATP4A
DEHYDRATED ALCOHOL,NFE2L2
PAMIDRONATE,CD86
GFT14,PPARA
ALIZAPRIDE,DRD2
8-CYCLOPENTYLTHEOPHYLLINE,CYP1A2
GLYBURIDE,ABCC8
PHENELZINE,MAOA
BREMELANOTIDE,ANK1
BUDESONIDE,CYP3A4
MLN-4760,ACE2
GSK-3&BETA; INHIBITOR 3 [PMID: 25845281],SLC29A1
GLIMEPIRIDE,ABCC8
ILOPERIDONE,DRD3
EPIGALLOCATECHIN GALLATE,HGF
ILOPERIDONE,DRD1
LEVOCARNITINE PROPIONATE,SLC22A5
ILOPERIDONE,ADRA1A
INCB7839,ADAM10
PIDILIZUMAB,PDCD1
AMITRIPTYLINE HYDROCHLORIDE,CYP1A2
DIHYDROERGOTAMINE MESYLATE,DRD1
TRABODENOSON,ADORA1
CHLORTHALIDONE,GAPDH
GSK1482160,P2RX7
ROPINIROLE,DRD3
&BETA;-CGRP,ACHE
LAMOTRIGINE,HLA-DRB1
REFAMETINIB,MAPK1
DULOXETINE HYDROCHLORIDE,SLC6A4
LICARBAZEPINE,SCN5A
FINGOLIMOD LAURYL SULFATE,S1PR5
ZILEUTON,ALOX5
SUFENTANIL,OPRM1
TIAPROFENIC ACID,PTGS2
CHEMBL:CHEMBL259784,TP53
BENZOFURAN,AHR
TANDUTINIB,NTRK3
CENISERTIB,KIT
METHYLPHENIDATE HYDROCHLORIDE,ARSA
SB203580,CYP2C19
OCRELIZUMAB,MS4A1
MECHLORETHAMINE HYDROCHLORIDE,AR
CLODRONIC ACID,IL1B
PEGILODECAKIN,IL10
MK-2461,PDGFRB
CCK-33,CCKBR
RISPERIDONE,HTR2A
ACOTIAMIDE HYDROCHLORIDE,ACHE
P505-15,SYK
NEVIRAPINE,NR1I3
ADENOVIRAL TRANSDUCED HIL-12-EXPRESSING AUTOLOGOUS DENDRITIC CELLS INXN-3001 PLUS ACTIVATOR LIGAND INXN-1001,IL12A
RAPALINK-1,ETFB
TANDUTINIB,PDGFRB
CHEMBL:CHEMBL86464,SUMO1
PEPTIDE YY (3-36),NPY2R
CHEMBL:CHEMBL535730,KCNH2
RECOMBINANT EOTAXIN,FCGR3A
PROCHLORPERAZINE,HTR2A
PX-478,HIF1A
BELINOSTAT,HDAC1
JNJ-42165279,FAAH
BIX02188,ERBB4
TRICLOSAN,NFE2L2
ANDECALIXIMAB,MMP9
5-LOX INHIBITOR 2M [PMID: 30199704],CREB1
SNX-5422,HSP90AA1
1-AZAKENPAULLONE,FLT4
PROPRANOLOL HYDROCHLORIDE,ABCB1
USTEKINUMAB,IL23A
MESALAMINE,IKBKB
SOLIFENACIN,CHRM2
CHEMBL:CHEMBL602970,SMN1
AKT INHIBITOR MK2206,HRAS
TAZAROTENE,RXRB
AME-133V,ITGB2
TAMOXIFEN,EDN1
TICAGRELOR,P2RY12
BETAINE,CBS
AR-42,HDAC4
(R)-16 [PMID: 32267688],BCKDHB
KETOPROFEN,CYP2D6
EPINEPHRINE,ADRA2B
ACETYLDIGITOXIN,ATP1A1
ESTRADIOL VALERATE,AR
EGANELISIB,F5
HALOPERIDOL DECANOATE,DRD2
GSK 256471,AQP5
MW150,CTNNB1
PROPOFOL,KCNH2
ONDANSETRON HYDROCHLORIDE,CYP3A5
TRIFLUPERIDOL,MTOR
BUMETANIDE,SLC12A5
POMAGLUMETAD METHIONIL,GRM2
CARTEOLOL,ADRB1
COMPOUND 4 [PMID: 12408711],CASP3
CHLORPROPAMIDE,KCNJ1
THIORIDAZINE,CYP2D6
AST-487,NTRK2
CHEMBL:CHEMBL260213,TP53
BRUCEANTIN,JUN
LESTAURTINIB,FLT3
DIPHENYLPYRALINE,HRH1
DAROTROPIUM BROMIDE,CHRM2
DAPSONE,CYP2D6
DOXAZOSIN MESYLATE,ADRA1A
CHEMBL:CHEMBL1164954,UMPS
CHEMBL:CHEMBL101168,CYP1A2
SAMOTOLISIB,PIK3CA
DENILEUKIN DIFTITOX,IL12RB1
CHLOROTHIAZIDE,SLC12A3
ETHYNODIOL DIACETATE,ESR1
FENOPROFEN,PTGS2
TEGASEROD MALEATE,ATXN2
CELECOXIB,CDKN1B
PHENYTOIN SODIUM,GGT1
CHEMBL:CHEMBL1915269,NR3C1
PAMIDRONATE,MMP2
L745870,ALDH2
MLKL COMPOUND 1,DRD2
BU08028,APOF
HINOKITIOL,HDAC4
ESTRONE,MYC
OCRIPLASMIN,FN1
PROMETHAZINE HYDROCHLORIDE,CHRM3
PROTEASOME INHIBITOR,HIF1A
PROMAZINE,CHRM3
5-METHOXYCANTHINONE,AKT1
NAMILUMAB,CSF2
PROMAZINE,ADRA1D
THEOPHYLLINE,ADORA2B
CHEMBL:CHEMBL1329443,ATM
SEIMATOPOLIDE A,PPARG
KETOROLAC TROMETHAMINE,CYP2C9
O6-BENZYLGUANINE,CYP2B6
EPOETIN ALFA,VAV1
TESTOSTERONE,NR3C1
N-DESMETHYLCLOZAPINE,CYP2D6
BETHANIDINE,ADRA2B
TASQUINIMOD,HDAC4
DEXTROAMPHETAMINE SULFATE,ADRA2A
AZ628,NRAS
BARASERTIB-HQPA,CHEK2
CHEMBL:CHEMBL538798,ALDH1A1
RECOMBINANT 70-KD HEAT-SHOCK PROTEIN,NQO1
BAICALEIN,ALOX15
L-748337,ACAA1
DEXTROAMPHETAMINE SULFATE,ADRA1A
CI-218872,HSD17B10
APRACLONIDINE,ADRA2A
CALCITRIOL,VDR
ML218,ATP6V0A1
PACLITAXEL,ERBB2
TIPIRACIL HYDROCHLORIDE,SLC29A1
ASENAPINE,DRD2
APD668,GPR119
TASELISIB,PTEN
LICOAGRODIN,PTPN1
GW468816,GRIN2B
CHEMBL:CHEMBL1448793,SUMO1
ADO-TRASTUZUMAB EMTANSINE,TUBB4B
LIDOCAINE,EGFR
BUPRANOLOL,ADRB2
CHEMBL:CHEMBL588038,SMAD3
RS67506,CYP2C9
ROSIGLITAZONE MALEATE,UCP2
CHEMBL:CHEMBL261693,KCNH2
IVACAFTOR,SLC26A9
CHLORPROMAZINE,CYP3A4
FOSBRETABULIN DISODIUM,TUBB4B
DOCETAXEL ANHYDROUS,PIK3CA
PACLITAXEL,SYK
"IBUPROFEN, SODIUM SALT",COMT
ABIRATERONE ACETATE,APC
AZD1305,CACNA1D
RECOMBINANT TUMOR NECROSIS FACTOR FAMILY PROTEIN,CYP19A1
ASPIRIN,LPA
TRILOSTANE,HSD3B2
ZYBT1,EFNB2
SUBSTANCE P-(6-11),AQP3
BETHANECHOL CHLORIDE,GCG
ANTI-TIM-3 MONOCLONAL ANTIBODY,HAVCR2
IODINE-131-TOSITUMOMAB,MS4A1
ELDELUMAB,CXCL10
VESNARINONE,CYP3A4
MEFENAMIC ACID,CPT1B
MYRICETIN,ALOX15
LORLATINIB,ALK
PLICAMYCIN,CYP1A2
ISOETHARINE MESYLATE,ADRB2
AICA RIBONUCLEOTIDE,CASP3
CANDIDIN,ALDH1A1
SB 206553,CYP1A2
TRIMETHADIONE,CACNA1G
ROMILKIMAB,IL4
FELODIPINE,CACNA1D
SELUMETINIB,STK11
ZILTIVEKIMAB,IL6
PERMETHRIN,NR1I2
BENZQUINAMIDE,HRH1
TENECTEPLASE,PLG
APOMORPHINE,TP53
LYSOPHOSPHATIDYLINOSITOL,ADCY3
CHEMBL:CHEMBL609606,NFE2L2
PURVALANOLA,CYP1A2
CHEMBL:CHEMBL473721,SMN1
ML354,APOH
VANDETANIB,ACVR1
CARBOPLATIN,GSTP1
TACEDINALINE,HDAC9
THIETHYLPERAZINE,HRH1
PICLOZOTAN,HTR1A
CELECOXIB,CACNB3
CHEMBL:CHEMBL408850,SMN2
BENZTHIAZIDE,SLC12A3
BARASERTIB-HQPA,BLK
EPLERENONE,NR3C2
NEVIRAPINE,TRAF3IP2
OLANZAPINE,ADRA2B
COUMARIN,CYP3A4
ENZALUTAMIDE,AR
NIPRADILOL,ADRB3
CHEMBL:CHEMBL336095,HIF1A
VINCRISTINE,PIK3CA
SORAFENIB,FLT1
PHENYTOIN SODIUM,VEGFA
IMIPRAMINE HYDROCHLORIDE,CYP2D6
ALCAFTADINE,HRH1
VINBLASTINE SULFATE,TUBB3
BROMOPRIDE,DRD2
ERYTHROMYCIN,CYP2D6
PENTOSAN POLYSULFATE SODIUM,MMP1
GAMBOGIC ACID,TXN2
CETIRIZINE HYDROCHLORIDE,RUNX1
VOXELOTOR,HBB
CHLOROTHIAZIDE,KCNMA1
PAN-AKT INHIBITOR ARQ751,PIK3CA
RITUXIMAB,PIK3CA
FOSBRETABULIN DISODIUM,BAX
LITHIUM,TPH1
PONATINIB,KIT
NORTRIPTYLINE,HTR1A
SODIUM BUTYRATE,TGM2
1-NAPHTHYLISOTHIOCYANATE,AR
CLOZAPINE,GSTM1
RECOMBINANT CD40-LIGAND,CD40
CHEMBL:CHEMBL1162521,CYP1A2
ROCILETINIB,EGFR
CHLORPHENIRAMINE POLISTIREX,HRH1
INFLIXIMAB-DYYB,TNF
FLUPHENAZINE HYDROCHLORIDE,DRD2
EMEDASTINE DIFUMARATE,HRH1
IRBESARTAN,AGTR1
PHENYLPROPANOLAMINE POLISTIREX,ADRA1A
EPROSARTAN MESYLATE,AGTR1
TROGLITAZONE,PPARG
WARFARIN POTASSIUM,VKORC1
CALCIFEDIOL ANHYDROUS,VDR
DOFETILIDE,KCNH2
MIRTAZAPINE,HTR2C
ALISKIREN FUMARATE,REN
CYCLOBENZAPRINE,HTR2C
MEPERIDINE HYDROCHLORIDE,OPRM1
DIFENOXIN HYDROCHLORIDE,OPRM1
DIFLUPREDNATE,NR3C1
MEDRYSONE,NR3C1
MITOTANE,CYP11A1
ACEPROMETAZINE,HRH1
PAZOPANIB,LCK
ROMIDEPSIN,HDAC5
DESERPIDINE,ACE
RABEPRAZOLE,ATP4A
QUINESTROL,ESR1
DIETHYLSTILBESTROL DIPHOSPHATE,ESR1
CODEINE PHOSPHATE,OPRM1
VINORELBINE TARTRATE,TUBB3
TOCILIZUMAB,IL6R
DICLOFENAC POTASSIUM,PTGS1
THEOPHYLLINE SODIUM GLYCINATE,ADORA2B
THEOPHYLLINE SODIUM GLYCINATE,ADORA3
THEOPHYLLINE SODIUM GLYCINATE,ADORA2A
AJMALICINE,ADRA1D
ACETOHEXAMIDE,KCNJ11
HYDROXYZINE,HRH1
OCRIPLASMIN,LAMA1
INDOMETHACIN,PTGS1
IPRATROPIUM CATION,CHRM2
DESERPIDINE,SLC18A2
CLOPIDOGREL BISULFATE,P2RY12
ISOPROTERENOL,ADRB1
ESLICARBAZEPINE ACETATE,SCN5A
AFATINIB DIMALEATE,ERBB4
OLODATEROL HYDROCHLORIDE,ADRB2
LEVETIRACETAM,CA1
RG-7167,MAP2K2
CORT 108297,NR3C1
MIRANSERTIB,AKT2
AZD-7451,NTRK2
PAXALISIB,PIK3R3
MR-1817,TRPV1
PESAMPATOR,GRIA4
PESAMPATOR,GRIA2
ORG-34517,NR3C1
IDOXIFENE,ESR1
BECOCALCIDIOL,VDR
PF-04691502,PIK3CB
PF-04691502,MTOR
MEGESTROL ACETATE,ESR1
MILCICLIB,CDK4
MILCICLIB,CDK2
R-343,SYK
PILARALISIB,PIK3R1
TG100-801,FGFR1
MINAPRINE,HTR2A
TG100-801,PDGFRB
DAROTROPIUM BROMIDE,CHRM3
BAY1067197,ADORA1
BVT.115959,ADORA2A
AFACIFENACIN,CHRM3
PRS-211375,CNR2
NERISPIRDINE,KCNH2
PHENOBARBITAL,GRIA2
NERISPIRDINE,KCNA7
ALEGLITAZAR,PPARA
AMILORIDE,SCNN1A
TESAGLITAZAR,PPARG
BARDOXOLONE METHYL,PPARG
LESTAURTINIB,NTRK3
RUBOXISTAURIN,PRKCB
GOSOGLIPTIN,DPP4
TAFAMIDIS,TTR
REPAGLINIDE,KCNJ1
TAMSULOSIN HYDROCHLORIDE,ADRA1A
ERITORAN TETRASODIUM,TLR4
PRABOTULINUMTOXIN A,SNAP25
RO-6870810,BRD2
THEOPHYLLINE,ADORA1
THIETHYLPERAZINE,DRD1
THEOPHYLLINE,PDE5A
DUTOGLIPTIN,DPP4
RG-7841,TUBB4B
AZINTUXIZUMAB VEDOTIN,TUBB4B
CALCIUM OXYBATE,GABBR1
TOREMIFENE,ESR1
SOMAPACITAN,GHR
NILVADIPINE,CACNA1C
ITOPRIDE,DRD2
BINTRAFUSP ALFA,TGFB1
LEFITOLIMOD,TLR9
MAVELERTINIB,EGFR
CADONILIMAB,PDCD1
ITOPRIDE,ACHE
CYTISINE,CHRNA4
BREPOCITINIB,TYK2
ZONISAMIDE,CA1
BMS-817399,CCR1
ARVERAPAMIL,SLC25A20
PELABRESIB,BRD2
FEZOLINETANT,TACR3
AMELPARIB DIHYDROCHLORIDE DIHYDRATE,PARP1
CTS-1027,MMP12
PHLOROGLUCINOL,CACNA1E
DACTOLISIB,CRTC2
ENMD-2076,FLT4
COPANLISIB,PIK3CD
AVX-470,TNF
COPANLISIB,PIK3CB
NEIHULIZUMAB,SELPLG
PEFCALCITOL,ALDH7A1
OXYPHENBUTAZONE,NFE2L2
SM-122,XIAP
MRS1220,CYP2C19
DICUMAROL,NFE2L2
HEXACHLOROPHENE,RORC
CHEMBL:CHEMBL336095,HSD17B10
CHEMBL:CHEMBL1326164,SMN2
BETULINIC ACID,GSK3B
WISTIN,BRCA1
CHEMBL:CHEMBL601142,ALDH1A1
IDARUBICIN,WRN
MTORC1/2 KINASE INHIBITOR BI 860585,MTOR
EUCALYPTIN A,MET
TRIDECAN-1-OL,NFE2L2
ENDRIN,RORC
CHEMBL:CHEMBL277845,FFAR1
SUBEROHYDROXAMIC ACID,HDAC1
AFATINIB,ERBB2
PYROGALLOL RED,TNNI3
TRELANSERIN,AR
SELECTIVE ESTROGEN RECEPTOR MODULATOR TAS-108,ESR1
OXYMETAZOLINE HYDROCHLORIDE,HTR1A
DOCEBENONE,ALDH1A1
FORMONONETIN,HSD17B10
GENTIAN VIOLET CATION,USP2
DEHYDROVARIABILIN,SMN2
CHEMBL:CHEMBL379975,KDR
BARASERTIB-HQPA,MAP4K2
ALLOXAN,VDR
AMP-224,PDCD1
NILUTAMIDE,CYP2C9
AMODIAQUINE HYDROCHLORIDE,HPSE
CHLORPROMAZINE,CYP2D6
MECLOFENAMATE SODIUM,CYP3A4
SCOULERINE,GLP1R
CHLORPROMAZINE HYDROCHLORIDE,PPARD
BAICALEIN,CYP2C19
TROLEANDOMYCIN,CYP1A2
MINOCYCLINE HYDROCHLORIDE,AR
IRIGINOL HEXAACEATATE,VDR
CHEMBL:CHEMBL429095,GAPDH
(S)-ONDANSETRON,CYP1A2
DYDROGESTERONE,AR
PROPYLPYRAZOLETRIOL,CYP3A4
CHEMBL:CHEMBL494107,CDK2
SULFATINIB,FLT4
INDIRUBIN-3'-MONOXIME,ARSA
SPIRAMIDE,NFE2L2
CHLORHEXIDINE GLUCONATE,RORC
AMITIFADINE,SLC6A4
GAMBOGIC AMIDE,NTRK2
U-0126,MAPK1
6-CL-MLT,CYP1A2
SULINDAC,CYP2C19
NIACIN,CYP1A2
LICOGLIFLOZIN,SLC5A1
PHENYLARSINE OXIDE,AR
FENOLDOPAM BROMIDE,KCNH2
LITHOCHOLIC ACID,SNCA
PHENCYCLIDINE HYDROCHLORIDE,OPRM1
PREDNISONE,CYP2C9
ALOIN,EPHX2
TLR AGONIST CADI-05,TLR9
LY-377604,ADRB3
FPL64176,CYP3A4
KAINIC ACID,ALDH1A1
GO-6976,CDK5
CHEMBL:CHEMBL1327172,SMAD3
CAMPTOTHECIN,HIF1A
FLUCONAZOLE,CYP1A2
BARASERTIB-HQPA,FLT1
CHEMBL:CHEMBL1405979,NFKB1
TRIAMCINOLONE,NFE2L2
MERCAPTOPURINE,CYP2D6
6-O-BENZYLGUANINE,CYP1A2
STICTIC ACID,CASP6
CHEMBL:CHEMBL1517542,SMN1
CHEMBL:CHEMBL1517542,SMN2
CHEMBL:CHEMBL585443,GLP1R
PYRITHIONE,HSP90AA1
CHEMBL:CHEMBL404916,KAT2B
NOCODAZOLE,TUBB4A
ZEARALENONE,CYP3A4
GINSENOSIDE RG3,SIRT1
TANSHINONE IIA,HSD17B10
AROTINOID ACID,CYP2C19
ZEARALENONE,PTK2B
SULFURETIN,GAA
METHYSTICIN,NFE2L2
CHEMBL:CHEMBL271023,VDR
MRS1220,HSD17B10
MACROCARPAL B,MET
NORLEUCINE,HNF1A
KURARINONE,BACE1
CHEMBL:CHEMBL466465,NFKB1
COUMARIN,CYP2C19
CHEMBL:CHEMBL584854,CYP2C9
PRALMORELIN,GHSR
AZOSEMIDE,NFE2L2
CURCUMIN PYRAZOLE,PTGS1
CHEMBL:CHEMBL188641,CYP2C19
ATRASENTAN,EDNRA
RUTAECARPINE,SMN1
DEXAMETHASONE PALMITATE,ESRRA
CHEMBL:CHEMBL230686,SRC
ORLISTAT,PNLIP
VANDETANIB,KDR
PHORBOL 12-MYRISTATE 13-ACETATE,RASGRP1
ACID BLUE 129,GNAS
CHEMBL:CHEMBL272005,CYP2C9
CORTICOSTERONE,AR
TERFENADINE,MTOR
PRE-084,CYP3A4
BENZO(K)FLUORANTHENE,NR3C1
FENRETINIDE,RORC
9-ANTHROIC ACID,HSD17B10
SURATADENOTUREV,TERT
TAMOXIFEN CITRATE,RUNX1
VANDETANIB,ALK
"IBUPROFEN, SODIUM SALT",CYP2C9
CHEMBL:CHEMBL1243244,NPC1
CRYPTOTANSHINONE,ALDH1A1
CHEMBL:CHEMBL530499,NFE2L2
ISOBOLDINE,CASP1
RINFABATE,IGF1R
THIOCTIC ACID,SLC2A1
SULPIRIDE,CYP2C9
CHLORHEXIDINE GLUCONATE,UBE2N
CHEMBL:CHEMBL258767,CYP3A4
SILODOSIN,ADRA1A
PURVALANOLA,CYP2C9
ABSCISIC ACID,NFE2L2
ZOTIRACICLIB,CDK2
NICLOSAMIDE,AHR
N-DESMETHYLCLOZAPINE,CYP3A4
BUSULFAN,CYP1A2
STICTIC ACID,CYP3A4
ETHAVERINE,CYP2C9
DIDODECANOYLPHLOROGLUCINOL,FFAR1
RU 24969,CYP1A2
TETRACYCLINE,CYP2D6
CEFTRIAXONE,ABCC2
AROTINOID ACID,NFE2L2
CHEMBL:CHEMBL408850,NFKB1
SB203580,MAPK8
CAMPTOTHECIN,CYP3A4
CHEMBL:CHEMBL602418,CYP3A4
ROSE BENGAL,VDR
NIACIN,CYP3A4
BAICALEIN,CYP2C9
SURAMIN,SIRT1
CHEMBL:CHEMBL1210769,CASP6
EFAROXAN,DRD1
METHYLNALTREXONE,MC4R
BENZO(K)FLUORANTHENE,NFKB1
TOLONIUM CHLORIDE,AR
CIS-RESVERATROL,CYP3A4
"7,8-DIHYDROXYFLAVONE",HSD17B10
T-226296,MCHR1
CHEMBL:CHEMBL404916,EP300
CHOLINE CHLORIDE,CYP3A4
"2,6-DIMETHOXYQUINONE",VDR
TOLNAFTATE,CYP2C19
IDARUBICIN,ATXN2
CRYPTOTANSHINONE,PTPN11
ARGIPRESSIN,AVPR2
GAMBOGIC ACID,TXN
GO-6976,LCK
BARASERTIB-HQPA,FLT4
PHENELZINE,CYP2C19
GW441756X,SYK
CHEMBL:CHEMBL588038,ATXN2
CAPSAICIN,ALDH1A1
METHYL 7-DESHYDROXYPYROGALLIN-4-CARBOXYLATE,ALDH1A1
AMPHOTERICIN B LIPOSOMAL,CYP2C9
AMIFAMPRIDINE PHOSPHATE,NAT2
AMIFAMPRIDINE,NAT2
ATEZOLIZUMAB,EGFR
CARBAMAZEPINE,HLA-A
DEXTROMETHORPHAN POLISTIREX,CYP2D6
CLOPIDOGREL,CYP2C19
CLOZAPINE,CYP2D6
ABT-510,FGF2
THYROTROPIN,FGF2
TRICHOSTATIN A,FHIT
RECOMBINANT INTERFERON BETA,FOS
PRASTERONE,GAL
ZINC CHLORIDE,G6PD
BROXURIDINE,G6PD
NORETHINDRONE ACETATE,G6PD
NIMESULIDE,G6PD
SODIUM BUTYRATE,GCG
ANESTHETIC AGENT,GAPDH
THYROTROPIN ALFA,GALP
TAMOXIFEN,GAPDH
STAUROSPORINE,GFAP
DEHYDRATED ALCOHOL,GFER
SODIUM BUTYRATE,GFAP
FRAMYCETIN,GYPA
LY-518674,PPARA
METHOTREXATE,HGF
STALLIMYCIN,HMGB1
DIETHYLSTILBESTROL,HRAS
CHEMBL:CHEMBL460293,PDE5A
GEMCITABINE,HRAS
RECOMBINANT 70-KD HEAT-SHOCK PROTEIN,HSF1
RANITIDINE HYDROCHLORIDE,HSPA4
CETRORELIX,HSPD1
ASCORBIC ACID,HSPB1
PROPRANOLOL HYDROCHLORIDE,HSPB2
RECOMBINANT PROTHYMOSIN ALPHA,IFNA1
CDK INHIBITOR AT7519,CDK2
STAUROSPORINE,IGF1R
ANASTROZOLE,IGF2
SANDOSTATIN,IGFBP1
INTERFERON ALFA-2B,IFNG
3-[(3-(2-CARBOXYETHYL)-4-METHYLPYRROL-2-YL)METHYLENE]-2-INDOLINONE,IGF2
RECOMBINANT INTERLEUKIN-1-BETA,IFNG
DROLOXIFENE,IGFBP1
FLUOROURACIL,IL11
ERYTHROMYCIN,IL17A
MANNITOL,IL17A
HYDROXYCHLOROQUINE,IL1A
AUTOANTIGEN,IL1B
INTERLEUKIN-2 GENE,IL2RA
SELECTIVE ESTROGEN RECEPTOR MODULATOR,IL6
INTERFERON ALFA-2B,IL6
ACE INHIBITOR,CXCL8
DEOXYSPERGUALIN,CXCL8
TARAFENACIN,CHRM3
RECOMBINANT HUMAN STEM CELL FACTOR,RPS19
EVEROLIMUS,MTOR
ANABOLIC STEROID,LPL
INOSITOL,LPL
RECOMBINANT TRANSFORMING GROWTH FACTOR-BETA-2,MAPK14
ACE INHIBITOR,MAPK8
SELECTIVE ESTROGEN RECEPTOR MODULATOR,MAPK3
CHLORAMBUCIL,MGMT
PRASUGREL,P2RY12
DEHYDRATED ALCOHOL,MT1JP
MANNOMUSTINE,MYO9B
DRUGSATFDA.NDA:008378,MYC
PREDNISONE,MYC
SIROLIMUS,NOS1
PARABEN,CA2
EFLORNITHINE,NR5A1
ACTH,NR5A1
RECOMBINANT INTERFERON BETA,NTF3
ESTRADIOL VALERATE,NTRK1
VESNARINONE,NT5E
METHOTREXATE,NTRK1
GAMMA-INTERFERON,NTRK1
RAS INHIBITOR,PIK3CA
RAZOXANE,PLAU
ESTRADIOL VALERATE,PLAU
PTC299,ALOX5
SULINDAC SULFIDE,PTGS2
ANTINEOPLASTIC AGENT,PTEN
GINGER ALLERGENIC EXTRACT,PTGS1
BINDARIT,CCL2
BERBERINE,SLC6A4
ASPIRIN,PLA2G4A
HCBE-11,LTBR
MERCAPTOPURINE,GATA3
PAREGORIC,CYP3A4
LOTAMILAST,PDE4A
ASPIRIN,F13A1
FLUOROURACIL,EGFR
ASUNAPREVIR,IFNL3
PENICILLIN V,HLA-B
PSI-697,SELP
CLAVULANIC ACID,HLA-B
LAMIVUDINE,HLA-B
PAREGORIC,CYP2B6
TICLOPIDINE,CYP2B6
FLOXACILLIN,HLA-DRB1
TICLOPIDINE,HLA-DRB1
OXAZINE 89,BACE1
TRANDOLAPRIL,GRK5
GI-4000,NRAS
TABERMINOGENE VADENOVEC,FLT4
MOTESANIB,FLT4
BOCOCIZUMAB,PCSK9
CG-200745,HDAC9
VUDALIMAB,PDCD1
FREMANEZUMAB,CALCRL
TEZACAFTOR AND IVACAFTOR,CFTR
BELINOSTAT,HDAC2
NOV-002,GSR
BELINOSTAT,HDAC9
ARGIPRESSIN,AVPR1A
AZD4877,KIF11
PRINOMASTAT,MMP14
MET TYROSINE KINASE INHIBITOR SGX523,MET
PANOBINOSTAT,SIRT1
PANOBINOSTAT,SIRT4
GLESATINIB,TEK
LBY-135,TNFRSF10B
1D09C3,HLA-DRA
4SC-202,HDAC1
ABT-510,CD36
AXITINIB,PDGFRB
CENDERITIDE,NPR1
OLANZAPINE,ADRA1A
TRAMADOL,HTR2C
PALIFERMIN,HSPG2
RISPERIDONE,DRD2
RECOMBINANT NEMATODE ANTICOAGULANT PROTEIN C2,F7
LIFITEGRAST,ICAM1
DOXEPIN HYDROCHLORIDE,CHRM2
DOXEPIN HYDROCHLORIDE,HTR2C
QUETIAPINE FUMARATE,HTR2C
IVACAFTOR,CFTR
XL418,AKT1
XL820,PDGFRB
DEXTROMETHORPHAN POLISTIREX,SLC6A4
XL418,RPS6KB1
XL999,FLT3
XL765,PIK3CD
SMAC MIMETIC GDC-0917,XIAP
AMBENONIUM,ACHE
ALCLOMETASONE,NR3C1
ANILERIDINE,OPRM1
CEVIMELINE,CHRM3
DESOXIMETASONE,ANXA1
VALBENAZINE TOSYLATE,SLC18A2
ASPIRIN,PDE4A
DACTOLISIB,PIK3CG
METHOTRIMEPRAZINE,ADRA1D
MINOXIDIL,KCNJ1
NEPAFENAC,PTGS1
PYRILAMINE,HRH1
MEPINDOLOL,ADRB3
PALIPERIDONE,HTR2A
ARGIPRESSIN,OXTR
ADAPALENE,RXRB
SARPOGRELATE,HTR2A
TOLPERISONE,CAV1
TENAPANOR,SLC9A3
CVX-241,ANGPT2
WP-1066,STAT3
IMO-2055,TLR9
LUMATEPERONE,SLC6A4
SAPANISERTIB,MTOR
LIRIMILAST,PDE4A
AUTOLOGOUS PROSTATE CANCER ANTIGEN-EXPRESSING DENDRITIC CELL VACCINE BPX-101,CD40LG
ALPHA-1-PROTEINASE INHIBITOR HUMAN,PRSS1
SAR100842,LPAR3
NAPHAZOLINE,DRD2
HYDRONIDONE,GATM
AMLINTIDE,MC4R
FLUOROQUINOLONE ANTIBIOTIC,TOP2A
DAGLUTRIL,MME
ALFUZOSIN,ADRA1D
NIACIN,DGAT2
ANISINDIONE,F2
DACINOSTAT,HDAC1
CHEMBL:CHEMBL452157,SSTR1
UE2343,HSD11B1
TEBIPENEM,CNR1
SNAP-7941,MCHR1
BETAMETHASONE,NR3C1
CHOLIC ACID,PLA2G1B
METHYLDOPA ANHYDROUS,DRD2
SAPROPTERIN,TH
ESTRADIOL CYPIONATE,ESR1
MIDAZOLAM HYDROCHLORIDE,TSPO
ADEMETIONINE,TF
ELAFIBRANOR,PPARA
ELAFIBRANOR,PPARD
DROMOSTANOLONE,AR
ENOXAPARIN SODIUM,SERPINC1
LURASIDONE HYDROCHLORIDE,DRD2
TENOXICAM,PTGS2
SULINDAC,AKR1B1
PICTILISIB,PIK3CG
PRADIGASTAT,DGAT1
3-ISOBUTYL-1-METHYL-7H-XANTHINE,ABAT
MRS923,ABCA1
BAY-069,GRIA4
CHLORTHALIDONE,CA14
ACETAZOLAMIDE,CA14
Z-DQMD-FMK,CASP3
OCAPERIDONE,A2M
EXAMPLE 166  [WO2014154727],CYP7A1
AM10257,CNR2
WIN55212-2,CNR2
LENABASUM,CNR2
DESULFATED GASTRIN-71,CCKBR
DOPAMINE,ALDH2
FENOLDOPAM MESYLATE,ALDH2
QUEMLICLUSTAT,CCR3
PSB-6426,RAPGEF1
COMPOUND 18J [PMID: 35446588],DXO
AG1478,DXO
AUMOLERTINIB,DXO
ALLITINIB,DXO
HB-EGF,DXO
BETACELLULIN,DXO
TG8-260,APOC1
NEUREGULIN-3,ERBB4
PD164333,ALDH1B1
BIOCHANIN A,BDKRB1
ASPARTIC ACID,CBLB
L838417,ARNT
FUROSEMIDE,ARRB2
TBPS,STS
GSK1614343,ALOX15
YIL781,ALOX15
COMPOUND 4G [PMID: 2680437],SLC29A1
2-({6-[(3-CHLOROPHENYL)AMINO]-9-ISOPROPYL-9H-PURIN-2-YL}AMINO)ETHANOL,SLC29A1
SB-415286,SLC29A1
COMPOUND 5 [PMID: 19338355],SLC29A1
TIDEGLUSIB,SLC29A1
&ALPHA;-METHYL-5-HT,HTR2C
METHYLERGONOVINE,HTR2C
N-OLEOYLDOPAMINE,ADH1C
OXYMETAZOLINE HYDROCHLORIDE,HTR2C
COMPOUND 1 [PMID: 21939274],ADH1C
25-HYDROXYCHOLESTEROL,ACTN4
CLUL1 (52-77),ADCY3
CGEN-856,ADRA2A
R-SPONDIN-3,LGR6
R-SPONDIN-4,LGR6
FENTANYL CITRATE,APOF
NALBUPHINE HYDROCHLORIDE,APOF
MIANSERIN,HTR2C
CANDOXATRILAT,DAP
FASIDOTRILAT,DAP
COMPOUND 1A [PMID: 25692029],DAP
&ALPHA;-BUNGAROTOXIN,SERPINC1
SB 699551,NAT2
NETUPITANT,AQP3
SB 414240,AQP4
KH28,ANXA6
RFRP-3,ANXA1
JMV431,ANXA6
COMPOUND 1 [PMID: 20005102],EXT3
BZATP,ATP1A4
&ALPHA;&BETA;-MEATP,ATP1A4
MIANSERIN,SERPINA3
MRS2782,AIRE
2MESATP,AIRE
MRS2768,APC
JNJ-18038683,SERPINA3
SURAMIN,RYR2
COMPOUND 11J [PMID: 23021994],FBN2
[125I]LTT-SRIF-28,FAS
CORTISTATIN-14,FAS
"DES-AA1,5-[TYR2,D-TRP8,IAMP9]SRIF",FAS
ANALOG 32 [PMID:18543899],FASLG
COMPOUND 13R [PMID: 23639540],DNM2
BIM 23068,AQP1
LAROPIPRANT,APOC4
U46609,APOC4
NIFEDIPINE,ATP4A
NARINGENIN,ATP4A
SPHINGOSINE,ATP4A
ILOMASTAT,ADAM10
PF-06263276,TYK2
COMPOUND 13 [PMID: 34333981],TYK2
"[125I]N-BIOTIN-[AHX0, BPA3]U-II (HUMAN)",UTS2R
MOZAVAPTAN,AQP9
DESMOPRESSIN,AR
MOZAVAPTAN,AR
ARGIPRESSIN,AR
ALLOPURINOL,GCKR
ABZ-SER-PRO-TYR(NO2)-OH,ACE2
HG2+,BTF3P11
HG2+,KLF5
[3H](PYR1)[MET(0)11]-APELIN-13,ACADSB
PACLITAXEL,EGFR
SUNITINIB,PDGFB
FLT3 INHIBITOR FF-10101 SUCCINATE,FLT3
ROLOFYLLINE,ABAT
PACLITAXEL,STMN1
RUCAPARIB,BRCA1
APADENOSON,ABCA1
TRABECTEDIN,PARP1
MRS1132,ABCA1
MITOGEN-ACTIVATED PROTEIN KINASE KINASE INHIBITOR,MET
CONATUMUMAB,CASP8
LOMUSTINE,EGFR
PATRITUMAB DERUXTECAN,ERBB3
PREXASERTIB,MYC
RIBOCICLIB,ALK
VINCRISTINE SULFATE,ALK
ERLOTINIB,APC
PYRVINIUM,APC
ICG-001,APC
VELIPARIB,ATM
GVAX,B2M
CGP 12177,ABO
NADOLOL,ABO
MIRABEGRON,ACAA1
L742791,ACAA1
NADOLOL,ACAA1
DISOPYRAMIDE PHOSPHATE,SCN5A
GAMBOGIC AMIDE,AKT1
"7,3'-DIMETHOXYFLAVONE",SMN1
SIROLIMUS,TP53
CALHEX 231,ACP5
REGRELOR,P2RY12
SERTINDOLE,A2M
UPACICALCET,ACP5
COMPOUND 8A [PMID: 22861813],CYP7A1
COMPOUND 3D [PMID: 3941405],CTSC
TRAMETINIB DIMETHYL SULFOXIDE,ETV5
ALISERTIB,FLT1
CHEMBL:CHEMBL601757,MPI
SEMULOPARIN SODIUM,SERPINC1
EVACETRAPIB,CETP
GW842166,CNR2
RELAXIN,APP
AKT INHIBITOR MK2206,PIK3CA
ESOMEPRAZOLE STRONTIUM,ATP4A
CCK-39,CCKAR
AV-203,ERBB3
SUBEROHYDROXAMIC ACID,HDAC4
PROPYLPARABEN,NFE2L2
GASTRIN-71,CCKBR
LASALOCID A SODIUM,SMAD3
BELINOSTAT,UGT1A1
[3H]DEVAZEPIDE,CCKAR
GASTRIN-34,CCKBR
NIFEDIPINE,ASAH1
SR146131,CCKAR
PAN-AKT INHIBITOR ARQ751,PTEN
DIENESTROL,NFE2L2
TEMOZOLOMIDE,MGMT
OXTRIPHYLLINE,ADORA1
LEVAMISOLE,CYP2B6
UBLITUXIMAB,GATM
MOCLOBEMIDE,MAOA
QUIZARTINIB,TET2
BELATACEPT,GLRX
BUPIVACAINE,BBS1
BELINOSTAT,HDAC4
NIVOLUMAB,CD274
OCEDURENONE,NR3C2
TOMIVOSERTIB,ELAVL2
OCRIPLASMIN,COL18A1
DIGOXIN,ATP1A1
GLPG1837,CFTR
TRAZODONE,HTR2C
ABEDITEROL,ADRB2
NS5818,TSPO
VENLAFAXINE,SLC6A4
CP-673451,DPP4
LIOTHYRONINE,PIK3CG
NK3201,CMA1
SAPONARIN,PRKAA1
GSK-690693,PRKCE
CHEMBL:CHEMBL379975,SYK
PROTON PUMP INHIBITOR,TRPM6
ERGOCALCIFEROL,VDR
"IBUPROFEN, SODIUM SALT",CPT1B
TG-100-115,F5
INCB086550,CD274
TISLELIZUMAB,PDCD1
TOPICAL CORTICOSTEROID,TP53
CHEMBL:CHEMBL595911,AR
CHEMBL:CHEMBL85826,SMN2
AZASERINE,NTS
UROCORTIN 1,ALB
[3H]TIOTROPIUM,AANAT
AMYLIN,ACHE
IMATINIB,ABCB1
TAMOXIFEN,COL18A1
AC187,ACHE
IDARUBICIN,CBR3
LITIFILIMAB,HLA-G
PBF-509,ADORA2A
TIVOZANIB,FLT4
GSMTX-4,FXYD2
KBP-066,ACHE
CHEMBL:CHEMBL578257,ATXN2
CHEMBL:CHEMBL1526167,ATXN2
VB-201,PTGS2
XL019,EPHB2
CARBENOXOLONE,C3
CENOBAMATE,SCN5A
LOXOPROFEN,PTGS1
KU-55933,ATM
SURAMIN,PIK3CA
SY-5609,EIF2S1
FLIBANSERIN,HTR2A
ST-1535,ADORA2A
CHLORPHENIRAMINE MALEATE,KCNH2
RHAMNETIN,THRB
MABP1,IL1A
TETOMILAST,PDE4D
GLOFITAMAB,MS4A1
CTS-1027,MMP9
ALPROSTADIL,APOB
COMPOUND 6641,APPL1
NORADRENALINE,ALCAM
ENASIDENIB,FLT3
PLICAMYCIN,CYP2D6
TELAPREVIR,CYP7A1
Y-KE88,FASLG
PRAVASTATIN SODIUM,ABCG2
ROXINDOLE,ALDH2
FAS LIGAND,CASP3
TIROFIBAN HYDROCHLORIDE,ITGB3
KETOCONAZOLE,ABCB1
TIP39-(7-39) (HUMAN/BOVINE),XIAP
COMPOUND 53 [PMID: 19631533],PDE5A
MOFAROTENE,RXRA
DDO-3055,CXCR3
BI-2536,FABP2
FLUORESCEIN,SMAD3
[125I]OH-LVA,AQP9
KC-12615,DAP
CURCUMIN,GLI1
METHIXENE HYDROCHLORIDE,HTR2C
LAPATINIB,EGFR
PRASTERONE,IL2
PEGINTERFERON ALFA-2A,HLA-B
OXPRENOLOL,ADRB2
MRS1220,CYP1A2
EGF,DXO
VALPROIC ACID,HDAC1
MEDROXYPROGESTERONE,PGR
QUINELORANE,ALDH1A1
4SC-202,HDAC2
DESFLURANE,ATP2C1
IMATINIB,ABCC4
INFLIXIMAB-DYYB,IL6
DOXORUBICIN HYDROCHLORIDE,CYP1A2
CHEMBL:CHEMBL526776,NPC1
ZAPRINAST,ALOX15
LY-2090314,PKN2
TAPRENEPAG,APOC1
OXENDOLONE,AR
TICLOPIDINE,HLA-DQB1
BUTAPROST (FREE ACID FORM),APOC1
CYCLOSPORINE,IL15
CLAVULANIC ACID,PTPN22
TIGATUZUMAB,GPR183
CYCLOSERINE,HIF1A
EPIGALLOCATECHIN GALLATE,HMGB1
DTS-201,TOP2A
LEO-15520,MAPK14
FENRETINIDE,TP53
PROCHLORPERAZINE,IL2
OLVEREMBATINIB,KIT
[125I]PD164333,ALDH1B1
VORINOSTAT,CFTR
[125I]INSL3 (HUMAN),APPL1
[3H]S0139,ALDH1B1
MOTESANIB,FLT1
PUROMYCIN,TAC1
ALFAXALONE,AR
DS-7423,PIK3CB
CRISABOROLE,PDE4A
BIX-01294,OPN1MW
FEPRAZONE,NFE2L2
LDC1267,AXL
BENZPHETAMINE,ADRA1A
TBPS,ARSA
TRICHOSTATIN A,HDAC4
PROBENECID,SLC22A8
RANITIDINE HYDROCHLORIDE,CYP2C9
CDK1/5 INHIBITOR,CYP2C19
UNC0638,GCNT2
CLOTRIMAZOLE,MAPK1
CORALYNE,CYP3A4
UCPH-101,CBLB
VOXELOTOR,HBA2
&ALPHA;-MSH,ANK1
RANITIDINE HYDROCHLORIDE,PTH
PRAVASTATIN SODIUM,LPL
DESMOPRESSIN,AVPR2
AXELOPRAN,OPRM1
PRILOCAINE,G6PD
AST-487,CTSV
CHEMBL:CHEMBL259421,SMN1
CHEMBL:CHEMBL1405979,BRCA1
NICARDIPINE,ATXN2
[18F]FLUOROETHYLFLUMAZENIL,ARNT
CHEMBL:CHEMBL1304363,NFE2L2
NDD-713,ABO
ADENOVIRUS VECTOR,CR2
VINCRISTINE,SMAD3
ATORVASTATIN CALCIUM TRIHYDRATE,POR
FRUQUINTINIB,FLT1
GDC-0879,NRAS
LASALOCID A SODIUM,AR
PROTEASOME INHIBITOR,CD86
MITOGEN-ACTIVATED PROTEIN KINASE KINASE INHIBITOR,NRAS
LGD-2941,AR
AL-78898A,C3
CTS-1027,MMP8
PROGESTERONE,PGR
CHEMBL:CHEMBL581225,ERG
GAMBOGIC ACID,HSP90AA1
PROPYLPYRAZOLETRIOL,CYP2C9
PUCOTENLIMAB,PDCD1
LICOFELONE,ALOX5
DESOGESTREL,AR
VANDETANIB,FLT1
THYROXINE,NTRK3
[18F]FLUOROETHYLFLUMAZENIL,ARRB2
&GAMMA;-KTX1.7,BAD
ISOGUVACINE,ARRB2
RP-8-CPT-CGMPS,PRKG1
RO15-4513,ARRB2
SACITUZUMAB GOVITECAN,UTS2R
STAUROSPORINE,IL2RA
ATROPINE,CXCL10
UCN-01,PRKCB
ABBV-3373,NR3C1
AST-487,LCK
CHROMOCARB,ADORA3
FLETIKUMAB,IL20
TRICIRIBINE,AKT2
LETROZOLE,PTEN
KYNURENIC ACID,HSD17B10
ADENOSINE A2B RECEPTOR ANTAGONIST PBF-1129,ADORA2B
BINTRAFUSP ALFA,CD274
PHENELZINE,MAOB
SB203580,CTNNB1
DAPSONE,CYP1A2
DESOXYCORDIFOLINE,ACHE
ASPIRIN,IL1B
LESOGABERAN,ALOX5
ASENAPINE MALEATE,DRD2
PEGVISOMANT,GHR
ETHISTERONE,AR
TEBUFENOZIDE,NFE2L2
IBUTAMOREN,ALOX15
ESTRADIOL VALERATE,LEP
IBRITUMOMAB TIUXETAN,GATM
AMITRIPTYLINE HYDROCHLORIDE,SLC6A4
"INSULIN ASPART PROTAMINE, HUMAN",INSR
CX516,ASS1
DARGLITAZONE,NFE2L2
METHYLCURCUMIN,ERBB2
LY392098,ASS1
TL6,TYMP
SORAFENIB,VEGFA
852A,SARDH
BENZO(K)FLUORANTHENE,RXRA
NIACIN,CYP2D6
BETA-TOXICAROL,CYP3A4
PASIREOTIDE,SSTR5
ASPARTIC ACID,GRIN2B
RO-0505124,CDK4
PIOGLITAZONE HYDROCHLORIDE,PPARG
DL-TRYPTOPHAN,ALOX15
NATALIZUMAB,ITGA4
EVT-101,GRIN2B
APAMIN,ARG1
TESTOSTERONE,BAX
TENOXICAM,PTGS1
DRONEDARONE HYDROCHLORIDE,SCN5A
TREMELIMUMAB,CTLA4
5-MEO-DMT,HTR1A
MIRTAZAPINE,CYP2C9
DIZOCILPINE,GRIN2B
CARBOPLATIN,TP53
CLOZAPINE,FAAH
ADRIAMYCIN,E2F1
X-82,FLT1
RAF-265,KDR
IDELALISIB,F7
MPA,CD44
"5-QUINOXALIN-6-YLMETHYLENE-THIAZOLIDINE-2,4-DIONE",MTOR
PROPOFOL,DRD2
NEUROPEPTIDE-Y,NPY2R
EDROPHONIUM CHLORIDE,ACHE
AMITRIPTYLINE HYDROCHLORIDE,NEFM
1-NAPHTHYLISOTHIOCYANATE,AHR
TRICHOSTATIN A,CYP27B1
"6-PHENYL[5H]PYRROLO[2,3-B]PYRAZINE",ENSA
OLANZAPINE,DRD2
7-HYDROXYSTAUROSPORINE,SLC29A1
VITAMIN B6,HP
CHEMBL:CHEMBL68096,WRN
ETICLOPRIDE,CYP1A2
CLOZAPINE,CYP3A4
METYRAPONE,CYP3A4
&BETA;-CYANO-L-ALANINE,CSHL1
CAY10441,APOC3
IDASANUTLIN,ALK
ANTINEOPLASTIC AGENT,TGM2
CHEMBL:CHEMBL515617,NFE2L2
BECLOMETHASONE DIPROPIONATE,BGLAP
FORMONONETIN,SMN2
DEXMEDETOMIDINE HYDROCHLORIDE,CYP3A4
PALMIDROL,ADH1C
METHYLPHENIDATE HYDROCHLORIDE,TH
CHEMBL:CHEMBL1448793,UBE2N
BACLOFEN,FOS
THYROXINE,IL18
ANESTHETIC AGENT,TNF
FULVESTRANT,XIAP
GEDATOLISIB,PIK3R1
FLIBANSERIN,CYP2D6
SALMON CALCITONIN,ACHE
GENISTEIN,BDKRB2
CHEMBL:CHEMBL1091137,ESR1
VINBLASTINE,TRH
TREQUINSIN HYDROCHLORIDE,MAPK1
TEPRASIRAN,TP53
CYCLOHEXIMIDE,NR3C1
N-DESMETHYLCLOZAPINE,CYP2C19
ANAKINRA,GHRL
PEGDINETANIB,KDR
RUCAPARIB,BRCA2
BUDESONIDE,NR1I2
2-AMINO-4-METHYLPYRIDINE,NOS2
LEFLUNOMIDE,DHODH
MIPOMERSEN,APOB
LP-12,SERPINA3
EPINEPHRINE,GAPDH
FLUOROURACIL,LGR5
DOMPERIDONE,ALDH1A1
FLUAZINAM,SMAD3
ANTI-CD40/ANTI-MESOTHELIN BISPECIFIC ANTIBODY ABBV-428,CD40LG
PYROGALLOL RED,RELA
PREDNISOLONE ACETATE,NFE2L2
GENTIAN VIOLET CATION,VDR
DYCLONINE,SCN5A
TETRAHYDROZOLINE HYDROCHLORIDE,ADRA2B
REFAMETINIB,STK11
NIFEDIPINE,HSPA4
CEDIRANIB,KIT
BENIDIPINE,CACNA1C
RG-4733,GLUL
RILAPLADIB,PLA2G1B
GANETESPIB,HSP90AA1
EVEROLIMUS,PIK3CA
TRIPROLIDINE HYDROCHLORIDE,HRH1
DIPHENHYDRAMINE CITRATE,HRH1
ADALIMUMAB-ADBM,TNF
AZILSARTAN KAMEDOXOMIL,AGTR1
DAPIPRAZOLE HYDROCHLORIDE,ADRA1A
NEFAZODONE HYDROCHLORIDE,SLC6A4
CLOFIBRATE,PPARA
MIRTAZAPINE,HTR2A
NEFAZODONE HYDROCHLORIDE,HTR2C
SPIRONOLACTONE,NR3C2
OXYCODONE TEREPHTHALATE,OPRM1
RIMEXOLONE,NR3C1
FLUPREDNISOLONE,NR3C1
ROFLUMILAST,PDE4D
ROMIDEPSIN,HDAC2
OMEPRAZOLE MAGNESIUM,ATP4A
VINBLASTINE SULFATE,TUBB4A
THEOPHYLLINE SODIUM GLYCINATE,PDE3B
DICLOFENAC EPOLAMINE,PTGS1
TETRAHYDROZOLINE HYDROCHLORIDE,ADRA1A
"TOLBUTAMIDE SODIUM, STERILE",KCNJ11
NEBIVOLOL HYDROCHLORIDE,ADRB2
ANIDULAFUNGIN,GSC
OCRIPLASMIN,COL4A1
TAPROSTENE,APOC3
MUROMONAB-CD3,CD3E
LUTEOLIN,BRCA2
QUINIDINE SULFATE,SCN5A
AFATINIB DIMALEATE,EGFR
TASIMELTEON,MTNR1A
AFATINIB DIMALEATE,ERBB2
VEDOLIZUMAB,ITGA4
OXTRIPHYLLINE,ADORA2A
IXAZOMIB CITRATE,PSMD6
GSK2881078,AR
BMS-794833,KDR
BMS-794833,MET
HYODEOXYCHOLIC_ACID,NR1H2
AC-430,JAK2
AZD-7451,NTRK1
AZD-8055,MTOR
SC-80036,MAPK14
RGB-286638,CDK2
SF-1126,PIK3CB
PAXALISIB,PIK3CD
LY2623091,NR3C2
ELOCALCITOL,VDR
PIMASERTIB,MAP2K2
FRUQUINTINIB,FLT4
UCN-01,PRKCI
UCN-01,CDK6
UCN-01,PRKCE
UCN-01,CDK4
LY545694,GRM5
AZD4818,CCR1
NETAZEPIDE,CCKBR
INDANTADOL,MAOA
NERISPIRDINE,KCNQ1
ASM-024,CHRM2
NAMINIDIL,ABCC8
BARDOXOLONE METHYL,KEAP1
LESTAURTINIB,NTRK2
LESTAURTINIB,NTRK1
LESTAURTINIB,JAK2
RESLIZUMAB,IL5
IXEKIZUMAB,IL17A
NIVOCASAN,CASP8
FASIGLIFAM,FFAR1
JAK3 INHIBITOR IV,EPHB1
IBUTAMOREN MESYLATE,GHSR
EPTINEZUMAB,CALCA
TEPROTUMUMAB-TRBW,IGF1R
TREGALIZUMAB,CD4
CINPANEMAB,SNCA
ZOTIRACICLIB,EPHB1
DIHYDROSTREPTOMYCIN SULFATE,RPSA
RONTALIZUMAB,IFNA2
RG-1530,EPHB2
HUMAX-IL15,CD38
MINAPRINE,ACHE
AMISULPRIDE,DRD2
LUTETIUM DOTATATE LU-177,SSTR4
REPOTRECTINIB,EPHB2
ANTI-TAC 90 Y-HAT,IL2RA
LUMRETUZUMAB,ERBB3
MU-BC-1,FN1
HG-10-102-01,EPHB2
PF-03446879,MSTN
LAROTRECTINIB SULFATE,NTRK1
PEXIDARTINIB HYDROCHLORIDE,KIT
PEXIDARTINIB HYDROCHLORIDE,FLT3
VOXELOTOR,HBA1
FEDRATINIB HYDROCHLORIDE,JAK2
ESFLURBIPROFEN,PTGS2
GEMIGLIPTIN,DPP4
IBUDILAST,PDE4D
LASOFOXIFENE,ESR1
IBUDILAST,PDE5A
IBUDILAST,PDE4A
LIRANAFTATE,KCNH2
PAZUFLOXACIN,TOP2A
MARALIXIBAT,SLC10A2
AZINTUXIZUMAB VEDOTIN,TUBB3
AZINTUXIZUMAB VEDOTIN,TUBB4A
SAROGLITAZAR,PPARG
FAZPILODEMAB,FGF1
IBREXAFUNGERP CITRATE,GSC
VILAPRISAN,PGR
ELRANATAMAB,CD3E
ZILUCOPLAN,C5
RODATRISTAT ETHYL,TPH1
PF-04937319,GCK
YM-543,SLC5A2
IDAZOXAN,ADRA2A
LERIGLITAZONE,PPARG
TRAZPIROBEN,DRD2
ENCEQUIDAR,ABCB1
NINTEDANIB ESYLATE,FGFR4
PF-04217903,MET
TO-901317,NR1H3
PROPAFENONE,MTOR
TROLEANDOMYCIN,CYP2C9
ERGOCALCIFEROL,AR
N-ETHYLMALEIMIDE,ANXA2
RA839,KEAP1
AMOXICILLIN ANHYDROUS,CYP3A4
CHEMBL:CHEMBL584269,NFE2L2
MAYTANSINE,TUBB4B
DPCPX,CYP1A2
CHEMBL:CHEMBL379975,LCK
CHLORHEXIDINE GLUCONATE,PLIN1
CHEMBL:CHEMBL553503,KCNH2
NITROXOLINE,CASP6
CHEMBL:CHEMBL1335833,ALDH1A1
ROTTLERIN,PRKCD
BIX-01294,ATXN2
ROSMARINIC ACID,THRB
CHLORHEXIDINE GLUCONATE,MC4R
PLX-4720,DRD2
CHEMBL:CHEMBL444376,NPC1
SPIPERONE,AR
SIB-1893,NPC1
CHEMBL:CHEMBL607253,NFE2L2
CHEMBL:CHEMBL586024,ATXN2
GERONTOXANTHONE I,HSP90AA1
CHEMBL:CHEMBL101168,CYP3A4
SUBEROHYDROXAMIC ACID,HDAC2
TRIAMCINOLONE,AR
PHA-767491,RPS6KB1
CHEMBL:CHEMBL116548,VDR
SUBEROHYDROXAMIC ACID,HDAC5
CHEMBL:CHEMBL1701915,ATXN2
DEXTROMETHORPHAN HYDROBROMIDE,CYP2D6
METHYLCURCUMIN,EGFR
PYROGALLOL RED,FASN
SU-14813,DRD2
PYROGALLOL RED,MMP14
CHEMBL:CHEMBL29197,MAPK1
CHEMBL:CHEMBL335741,CYP2D6
COUMARIN,CYP2C9
TANDUTINIB,FLT3
E1501,ALDH1A1
MECLOFENAMATE SODIUM,HIF1A
EMTRICITABINE,ABCC2
HERBIMYCIN,HSP90AA1
LASALOCID A SODIUM,GLP1R
CHEMBL:CHEMBL515505,WRN
ZOLANTIDINE,MTOR
NOMIFENSINE MALEATE,KCNH2
MYRICETIN,CYP1A2
ROXITHROMYCIN,AMOT
CHEMBL:CHEMBL258767,HSD17B10
PYROGALLOL RED,CASP6
ACRYLAMIDE,ESR1
VORINOSTAT,HDAC5
CHEMBL:CHEMBL610767,AR
CHEMBL:CHEMBL406557,NFKB2
METYROSINE,CYP2C19
CHEMBL:CHEMBL592316,WRN
PROPYLPYRAZOLETRIOL,NR3C1
VUF5574,CYP1A2
AURIN,NFE2L2
HAEMATOXYLIN,HSD17B10
CHEMBL:CHEMBL1256291,ALDH1A1
BENFLUOREX HYDROCHLORIDE,CYP3A4
CHEMBL:CHEMBL1561747,GNAS
ALEXIDINE HYDROCHLORIDE,ATXN2
HYDROXYPROGESTERONE,AR
AURIN,VDR
COUMARIN,CYP2D6
ESTRADIOL PHOSPHATE,AR
SU-11652,DRD2
SB203580,MAPK9
VINBLASTINE SULFATE,AR
PREDNISONE,AR
GAMMA-LINOLENIC ACID,CASP6
CHEMBL:CHEMBL597248,KCNH2
BEZUCLASTINIB,DPT
IRIGINOL HEXAACEATATE,RUNX1
6-CL-MLT,CYP3A4
ELENESTINIB,DPT
CHEMBL:CHEMBL601933,NFE2L2
CHEMBL:CHEMBL426404,NFE2L2
12A-HYDROXY-5-DEOXYDEHYDROMUNDUSERONE,CYP3A4
GW7647,PPARG
TANDUTINIB,KIT
CHEMBL:CHEMBL225563,AR
CHEMBL:CHEMBL534535,ATXN2
SU-14813,DPT
HEXACHLOROPHENE,GZMB
RG-1530,DPT
DEXMEDETOMIDINE HYDROCHLORIDE,CYP2C19
CHEMBL:CHEMBL426404,THRB
NS309,ARG2
CHEMBL:CHEMBL592561,CYP2C9
ALISERTIB,ERBB2
CHEMBL:CHEMBL2095095,HSP90AA1
ETHACRYNIC ACID,ALDH1A1
CHEMBL:CHEMBL261118,SMN1
MYRICETIN,CYP2C19
FENRETINIDE,MTOR
GO-6976,ROCK1
AZITHROMYCIN,CYP3A4
CHEMBL:CHEMBL86464,SMAD3
TREQUINSIN HYDROCHLORIDE,AR
URANTIDE,UTS2R
CEFMETAZOLE,ABCC4
CHEMBL:CHEMBL1405979,NFKB2
SB-431542,MSTN
LEUCINE,CYP1A2
TRIAZOPHOS,VDR
DANAZOL,CYP2D6
ISOTRETINOIN,VDR
CHEMBL:CHEMBL2204435,NR1H3
NECROSTATIN-1,SMN2
AROTINOID ACID,NFKB1
HEXACHLOROPHENE,ALOX15
ETHYLISOTHIOUREA,CYP2D6
HINOKITIOL,HDAC2
FPL64176,CYP2C9
PHENAMIL METHANESULFONATE,SMN2
XANTHONE,CYP3A4
TRICIFEROL,VDR
NITROXOLINE,AR
BENZANTHRONE,DNMT1
6-AZAURIDINE,SNCA
PROCATEROL HYDROCHLORIDE,HIF1A
HALOBETASOL,AR
TETRADECYLTHIOACETIC ACID,PPARD
LEUCINE,CYP2C19
HEXACHLOROPHENE,USP2
ANHYDROUS TACROLIMUS,AR
HEXACHLOROPHENE,NFE2L2
CANTHIN-6-ONE,AKT1
CHEMBL:CHEMBL1477383,SMN1
ETIDRONIC ACID,CYP3A4
MIRTAZAPINE,CYP2C19
ACID BLUE 129,WRN
SILIBININ,F2
TRIPHENYLBISMUTHINE,AR
KU-0063794,ETFB
NP118809,OPRM1
CHEMBL:CHEMBL379975,CDK2
PIRENPERONE,DRD1
ALEXIDINE HYDROCHLORIDE,TLR9
LOTEPREDNOL,AR
INDIRUBIN-3'-MONOXIME,MAPK1
LASALOCID A SODIUM,ATXN2
CZ415,ETFB
CHEMBL:CHEMBL1269022,CYP2C19
EBSELEN,HSD17B10
CHEMBL:CHEMBL85826,SMN1
OXYPHENBUTAZONE,SMAD3
CLOZAPINE,DRD1
CHEMBL:CHEMBL1337960,CYP2D6
CHEMBL:CHEMBL145725,CYP2C9
STM2457,HNRNPA2B1
GENTIAN VIOLET CATION,PPARG
SURAMIN,KMT2A
"1,2-DIHYDROXYNAPHTHALENE",PTPN1
"IBUPROFEN, SODIUM SALT",CYP2D6
NOCODAZOLE,TUBB3
NOCODAZOLE,TUBB4B
GSK9772,NR1H3
CHEMBL:CHEMBL2178583,PPARG
INDOMETHACIN,CYP1A2
SILYBIN B,SLCO1B1
CHEMBL:CHEMBL429095,VDR
LASALOCID A SODIUM,NFE2L2
BARASERTIB-HQPA,MAP4K5
NITROXOLINE,VDR
CHEMBL:CHEMBL2171781,TOP2A
EFAROXAN,AR
AMPHOTERICIN B LIPOSOMAL,CYP1A2
PROCHLORAZ,AR
(S)-UH 301,CYP2D6
CHEMBL:CHEMBL114544,BRCA1
OLOMOUCINE,CYP2D6
TETRACYCLINE,CYP2C19
TESTOSTERONE,RORC
DACTOLISIB,ALK
NICLOSAMIDE,CYP2D6
CHEMBL:CHEMBL471225,HSD17B10
TRILOSTANE,NFE2L2
BENZO(K)FLUORANTHENE,HSPB1
MOSAPRAMINE,PPARD
CHEMBL:CHEMBL584841,KCNH2
(R)-PINOCEMBRIN,CYP2D6
SIMVASTATIN,AR
"DIBENZ[A,H]ANTHRACENE",TP53
CHEMBL:CHEMBL400912,AGTR1
NICARDIPINE HYDROCHLORIDE,CYP3A4
HEXACHLOROPHENE,HSP90AA1
GW5074,VDR
DIFLUNISAL,NFE2L2
CHEMBL:CHEMBL538798,HSP90AA1
METHYLDOPA ANHYDROUS,CYP2C9
CHEMBL:CHEMBL271023,ALDH1A1
IOXYNIL,PPARA
GALLIC ACID,HSD17B10
MANUMYCIN A,VDR
EXISULIND,CYP1A2
GENTIAN VIOLET CATION,RORC
CHEMBL:CHEMBL335741,CYP2C19
PHA-767491,PRKCZ
GONIOTHALAMIN,AXL
CLOTRIMAZOLE,AR
CHEMBL:CHEMBL599924,PTPN22
PROPANTHELINE BROMIDE,NFE2L2
N6-BENZYLADENOSINE,TP53
BETULINIC ACID,GLI1
MECHLORETHAMINE HYDROCHLORIDE,JUN
ZM447439,MAP4K5
CHEMBL:CHEMBL515617,SMAD3
CHEMBL:CHEMBL597251,GLP1R
PHENAMIL METHANESULFONATE,BRCA1
PENFLURIDOL,PPARD
CHEMBL:CHEMBL415893,CASP1
BENOMYL,TP53
CHEMBL:CHEMBL1327172,GLP1R
HEXACHLOROPHENE,FASN
HALOPERIDOL DECANOATE,CYP3A4
PIRENPERONE,ARSA
CHEMBL:CHEMBL68096,NFE2L2
CHEMBL:CHEMBL408850,HSD17B10
CHEMBL:CHEMBL406557,SMN2
FLUFENAMIC ACID,NFE2L2
AMOXICILLIN ANHYDROUS,CYP1A2
GAMBOGIC ACID,MAPK1
DIPHENYLUREA,AHR
ETHACRYNIC ACID,VDR
CHLORHEXIDINE GLUCONATE,CYP2D6
TRIAMTERENE,HSD17B10
NEOCHAMAEJASMIN A,JUN
IOXYNIL,TP53
CHEMBL:CHEMBL296021,HSD17B10
CHEMBL:CHEMBL590949,ALDH1A1
NEVIRAPINE,CYP2C19
CHEMBL:CHEMBL572637,CYP19A1
CITALOPRAM HYDROBROMIDE,KCNH2
CHEMBL:CHEMBL1370698,HSD17B10
CHLORPROMAZINE HYDROCHLORIDE,AR
DIGITOXIN,SMAD3
TEBUFENOZIDE,CYP3A4
CHEMBL:CHEMBL221733,HSD17B10
AZTREONAM,CYP2D6
DICYCLOMINE HYDROCHLORIDE,CYP2D6
CHEMBL:CHEMBL259421,HSD17B10
AKT INHIBITOR VIII,AKT1
SALMETEROL,ADRB1
GALLIC ACID,NFE2L2
NIRIDAZOLE,HSD17B10
CHEMBL:CHEMBL2094567,NFE2L2
FENRETINIDE,ALDH1A1
METFORMIN,PRKAG1
MILBEMYCIN A4,AR
FENOVERINE,AR
ETAZOLATE,CREBBP
OLOMOUCINE,CYP1A2
SAPONARIN,PRKAG1
EMBELIN,ALOX12
SAPONARIN,PRKAA2
CHEMBL:CHEMBL576353,ALDH1A1
CHEMBL:CHEMBL1534034,SUMO1
CHEMBL:CHEMBL531268,NFE2L2
HEXACHLOROPHENE,VDR
TRILOSTANE,AR
TURBINATINE,ACHE
ANISOCOUMARIN H,NFE2L2
ESTRADIOL PROPIONATE,AR
APICIDIN,HDAC5
DOCEBENONE,AR
CEFOTAXIME SODIUM,VDR
HAEMATOXYLIN,WRN
CHEMBL:CHEMBL411085,NPC1
TO-901317,NFE2L2
(2-NITROVINYL)BENZENE,AR
CHEMBL:CHEMBL406557,TP53
GERANIOL,ALOX15
FLUCONAZOLE,HSP90AA1
2-PHENYLPHENOL,ALDH1A1
GO-6976,RPS6KA3
VORINOSTAT,NFE2L2
CHEMBL:CHEMBL2207339,PTPN1
CHEMBL:CHEMBL597244,GLP1R
N-DESMETHYLCLOZAPINE,ATXN2
CHEMBL:CHEMBL446567,BRCA1
LITHOCHOLIC ACID,NR1H4
DOXORUBICIN HYDROCHLORIDE,CYP2D6
BIS(DIMETHYLAMINETHIOCARBONYL)MONOSULFIDE,NFE2L2
EBSELEN,G6PD
17-OCTADECYNOIC ACID,CYP2C9
SB 206553,CYP3A4
FURAMIDINE,PRMT1
AROTINOID ACID,RXRA
PHA-767491,MAP4K2
TAMOXIFEN CITRATE,AR
CORALYNE,HSD17B10
CHEMBL:CHEMBL590422,NFE2L2
CHEMBL:CHEMBL444376,TP53
ALEXIDINE HYDROCHLORIDE,HSP90AA1
TIMOLOL,CYP2D6
ZAPRINAST,GPR35
GO-6976,EGFR
CHEMBL:CHEMBL445153,ALDH1A1
METHYLDOPA ANHYDROUS,ALDH1A1
DIMETHYL YELLOW,AHR
TRIAMCINOLONE,CYP2D6
CHEMBL:CHEMBL408850,NFKB2
CHEMBL:CHEMBL408850,RELA
ERGOCALCIFEROL,NFE2L2
TRIAMTERENE,THRB
CHLORPROMAZINE HYDROCHLORIDE,CYP1A2
CHEMBL:CHEMBL379975,MAP4K5
PHA-767491,ROCK1
CINNARIZINE,JUN
PENFLURIDOL,AR
SYRINGARESINOL,FOXO3
CHEMBL:CHEMBL601547,SMAD3
SPIPERONE,NFE2L2
NANAOMYCIN,HSP90AA1
AZORUBINE,THRB
ALEXIDINE HYDROCHLORIDE,PLA2G1B
CHEMBL:CHEMBL379975,ACVR1
CHEMBL:CHEMBL602363,HSP90AA1
VANDETANIB,MAP2K2
SPIPERONE,HIF1A
ASTERRIC ACID,WRN
PROPYLPARABEN,ESR1
BAICALEIN,NR3C1
ALISERTIB,RPS6KA3
NORTRIPTYLINE HYDROCHLORIDE,AR
DOCUSATE SODIUM,AR
CHEMBL:CHEMBL85826,ESR1
GW441756X,KDR
AMCINAFIDE,NFE2L2
"7,3'-DIMETHOXYFLAVONE",CYP3A4
GW441756X,RPS6KB1
BARASERTIB-HQPA,KDR
ALVOCIDIB,CDK4
MALTOTRIOSE,AR
ISORHAMNETIN,RELA
CHEMBL:CHEMBL515617,ATXN2
DAPSONE,G6PD
DEUTETRABENAZINE,CYP2D6
NUSINERSEN,SMN2
PITOLISANT,CYP2D6
RAMUCIRUMAB,EGFR
PRASUGREL,CYP2C19
SIMEPREVIR,IFNL3
PF-04691502,PIK3CG
GEDATOLISIB,PIK3CA
ENCORAFENIB,RAF1
XL281,RAF1
MM-151,EGFR
VINCRISTINE,ABCB4
VINBLASTINE,ABCB4
IMATINIB,ABCG2
PD-98059,ADM
RECOMBINANT PROTHYMOSIN ALPHA,ADA
PROGESTIN,APOA1
NAFOXIDINE,AR
THYROGLOBULIN,B2M
LEVODOPA,BAX
RECOMBINANT INHIBIN,BAX
PRAVASTATIN SODIUM,BAX
METHYLPREDNISOLONE,BCL2
DIFFERENTIATION INDUCER,CD34
RECOMBINANT TUMOR NECROSIS FACTOR FAMILY PROTEIN,CD44
GAMMA-INTERFERON,CD44
FARNESYL TRANSFERASE INHIBITOR,CDKN1A
PROTEASOME INHIBITOR,CSF2
IDARUBICIN,CSF2
TETANUS TOXOID,CSF2
STAUROSPORINE,CSF2
INTERLEUKIN-12 GENE,CSF2
VINBLASTINE,CSF2
DEHYDRATED ALCOHOL,CTLA4
RIBAVIRIN,CST3
ABATACEPT,CTLA4
FLUOROURACIL,CYP2E1
OXYGEN THERAPY,EDN1
DEHYDRATED ALCOHOL,EGFR
RECOMBINANT HEPATOCYTE GROWTH FACTOR,E2F1
ESTRADIOL VALERATE,E2F1
LIOTHYRONINE,FASN
EPOETIN ALFA,FCGR3A
VINCRISTINE,FGF2
PROPIONIBACTERIUM ACNES,FLG
DEHYDRATED ALCOHOL,FOS
BACLOFEN,GCG
LIOTHYRONINE,GAL
WARFARIN,GAS6
INTERLEUKIN-11,GFAP
RECOMBINANT HEREGULIN,GFAP
NIFEDIPINE,GFAP
PACLITAXEL,GSTT1
EPOETIN ALFA,HIF1A
BRYOSTATIN 1,HRAS
TAMOXIFEN,HSPB2
PROTEASOME INHIBITOR,HSPB2
ROFECOXIB,HSPB1
IL-10,HSPB2
RECOMBINANT HEPATOCYTE GROWTH FACTOR,IGF2
ACETYLCYSTEINE,IGF1R
SURAMIN,IFNG
SIROLIMUS,IL15
ROFECOXIB,IL10
ANESTHETIC AGENT,IL10
KLEBSIELLA PNEUMONIAE GLYCOPROTEIN,CXCL8
IMIPENEM-CILASTATIN SODIUM,IL6
DANAZOL,CXCL8
FENRETINIDE,CXCL8
PENTOXIFYLLINE,CXCL8
BUTYRIC ACID,LIPE
ADRIAMYCIN,LPL
MIFEPRISTONE,LPL
RETINOIC ACID AGENT,MAPK3
SURAMIN,MC2R
RECOMBINANT 70-KD HEAT-SHOCK PROTEIN,MICA
VINBLASTINE,MMP2
HEXAMETHYLENE BISACETAMIDE,MUC1
SODIUM BUTYRATE,MUC1
WARFARIN,MTHFR
LOBAPLATIN,MYC
PD-98059,MYC
NIFEDIPINE,MYO9B
DEHYDRATED ALCOHOL,NAT2
PACLITAXEL,NAT2
EPIGALLOCATECHIN GALLATE,NFE2L2
IONOMYCIN,NFE2L2
ACETAZOLAMIDE,NOS1
TESTOSTERONE,NOS1
CYTARABINE,NRAS
INOSITOL,NTF3
CYTARABINE,NTRK1
PILOCARPINE HYDROCHLORIDE,NTRK1
NIFEDIPINE,NTS
SURAMIN,NTRK1
TAMOXIFEN,NTRK1
INDOLE-3-CARBINOL,PIK3CA
INTERLEUKIN-11,PIK3CA
PACLITAXEL,PIK3CA
IONOMYCIN,PIK3CG
PD-98059,PLG
RECOMBINANT EOTAXIN,PLG
PENTOSTATIN,PRKAA1
CISAPRIDE,PPY
HYDROXYCHLOROQUINE,PTGS2
BECLOMETHASONE DIPROPIONATE,PTH
CLOMIPHENE CITRATE,PTH
ENDOTHELIN RECEPTOR ANTAGONIST,PTH
PUROMYCIN,PTH
MIFEPRISTONE,PYGM
IMATINIB,RUNX1
PF-03715455,CTNNB1
ESTRADIOL VALERATE,TGFB1
AMPHOTERICIN B LIPOSOMAL,TGM2
DEHYDRATED ALCOHOL,TJP1
DIDANOSINE,TNF
VITAMIN B6,TNF
FLUOCINOLONE ACETONIDE,TNF
TETRANDRINE,TNF
COMPOUND 10 [PMID: 23147077],MAP3K5
TESTOSTERONE,TNFRSF11B
VINCRISTINE,TOP2A
SODIUM BUTYRATE,TNFSF10
TRABECTEDIN,TP53
PHENYTOIN SODIUM,TRH
MPA,TYMP
RIBAVIRIN,VWF
VINCRISTINE,VWF
ALPELISIB,ERBB2
FLUOROURACIL,ABCC2
SUNITINIB,POR
FENOFIBRATE MICRONIZED,APOE
FLUOROURACIL,ABCC4
AMPICILLIN (ANHYDROUS),NR1I2
FLUTAMIDE,NR1I2
DOXYCYCLINE ANHYDROUS,NR1I2
SULFAMETHAZINE,NR1I2
HYDROCODONE,CYP2C9
GABAPENTIN,CYP2C9
DESMETRAMADOL,HCN1
LITHIUM,CRY1
PRAVASTATIN SODIUM,MTTP
EFGARTIGIMOD ALFA,CHRNA4
NORTRIPTYLINE,DRD3
RIBAVIRIN,IL6
METHYLPHENIDATE HYDROCHLORIDE,BDNF
MOBOCERTINIB,EGFR
DICLOFENAC SODIUM,TNFRSF11A
DICLOFENAC SODIUM,PLCG1
ASPIRIN,AGT
DICLOFENAC SODIUM,PPARG
ATORVASTATIN CALCIUM TRIHYDRATE,IFNL3
ATORVASTATIN CALCIUM TRIHYDRATE,HLA-DRB1
ATORVASTATIN CALCIUM TRIHYDRATE,PRDM16
ATORVASTATIN CALCIUM TRIHYDRATE,APOA5
RIBAVIRIN,CTLA4
SUNITINIB,VEGFA
SUNITINIB,NR1I3
BETAINE,MTHFR
EPOETIN ALFA,HFE
ACENOCOUMAROL,STX4
FLUOROURACIL,TOP2A
TELITHROMYCIN,CYP3A4
CELECOXIB,CYP3A4
SERTINDOLE,CYP3A4
MYCOPHENOLATE,CYP3A4
KETOCONAZOLE,CYP3A4
MEPHENYTOIN,CYP3A4
METHOXYFLURANE,CYP3A4
CARVEDILOL,PPARA
CANAKINUMAB,HLA-DRB1
CLOZAPINE,AOC1
FLOXACILLIN,HLA-B
THIOTEPA,CYP2B6
ELAGOLIX,SLCO1B1
AMITRIPTYLINE HYDROCHLORIDE,CRHR1
IMATINIB,CYP3A5
IRBESARTAN,APOB
MERCAPTOPURINE,GSTP1
FLUOROURACIL,COLEC10
PRAVASTATIN SODIUM,NPC1L1
PHENELZINE,FSHMD1A
PRAVASTATIN SODIUM,MMP3
CAFFEINE,NAT2
FLOXACILLIN,HLA-DQB1
AMPICILLIN (ANHYDROUS),HLA-A
ASPIRIN,HLA-DQB1
AZACITIDINE,PTPN11
FLUOROURACIL,FGFR4
FLUOROURACIL,CHN2
RIBAVIRIN,OASL
RIBAVIRIN,HLA-A
RIBAVIRIN,HLA-C
GLIPIZIDE,G6PD
SODIUM ASCORBATE,G6PD
DULAGLUTIDE,SLCO1B1
METHYLDOPA ANHYDROUS,COMT
TALAZOPARIB,BRCA2
MYCOPHENOLATE,CYP3A5
USTEKINUMAB,SLC22A4
FENOFIBRATE MICRONIZED,APOB
GABAPENTIN,COMT
PAREGORIC,TLR2
BUPRENORPHINE/NALOXONE,UGT2B7
CUDC-101,EGFR
XL228,FGFR1
CANERTINIB,ERBB2
PANOBINOSTAT,HDAC2
PRINOMASTAT,MMP3
MOTESANIB,PDGFRB
APRINOCARSEN,PRKCA
XEVINAPANT,XIAP
1D09C3,HLA-DRB4
ABT-510,CD47
PAN-HER KINASE INHIBITOR AC480,EGFR
ACOTIAMIDE,ACHE
HYDROXYCHLOROQUINE,TLR9
CARIPRAZINE,DRD2
CHIDAMIDE,HDAC2
NIACIN,HCAR2
ELINOGREL,P2RY12
ELIGLUSTAT,UGCG
ERITORAN,TLR4
CIMETIDINE,SLC47A1
"INSULIN GLULISINE, HUMAN",INSR
JB991,PPARG
KETOPROFEN,PTGS2
RECOMBINANT INTERLEUKIN-2,IL2RA
PTC299,FLT4
TRAMADOL,OPRM1
RGFP109,HDAC3
RESVERATROL,PDE4D
PALIFERMIN,FGFR4
QUETIAPINE FUMARATE,HTR2A
SF1126,MTOR
DOXEPIN HYDROCHLORIDE,HTR2A
SOVATELTIDE,EDNRA
DIPRENORPHINE,APOF
HSP90 INHIBITOR XL888,HSP90AA1
XL844,CHEK2
XL999,PDGFRB
XL820,KDR
XL999,AXL
XL999,KIT
ACETOPHENAZINE,DRD2
PHENYLPROPANOLAMINE,ADRA1A
PERPHENAZINE,DRD1
RITODRINE,ADRB2
ALPRENOLOL,ADRB1
BMS-986123,APOF
AMBRISENTAN,EDNRB
LEVALLORPHAN,APOF
DRONEDARONE,ADRA1A
DRONEDARONE,ADRB1
NOR-BINALTORPHIMINE,APOF
MEPHOBARBITAL,CHRNA4
MOEXIPRIL,ACE
NICOTINE POLACRILEX,CHRNA4
PALIPERIDONE,DRD2
ROTIGOTINE,HTR1A
REMIKIREN,REN
TERLIPRESSIN,AVPR2
THIAMYLAL,KCNJ11
TOLBUTAMIDE,KCNJ1
TRAZODONE,HTR1A
TREPROSTINIL,P2RY12
TRAZODONE,HRH1
TRAZODONE,SLC6A4
TRIMIPRAMINE,SLC6A4
AZD1678,CCR4
IMARIKIREN HYDROCHLORIDE,REN
HT-0712,PDE4D
SAVOLITINIB,MET
ENOBLITUZUMAB,CD276
DEPATUXIZUMAB,EGFR
GEPTANOLIMAB,PDCD1
ANTI-MET MONOCLONAL ANTIBODY MIXTURE SYM015,EGFR
ODRONEXTAMAB,MS4A1
ANTI-EGFR MONOCLONAL ANTIBODY SYN004,EGFR
PERIFOSINE,PIK3CG
PIMAGEDINE,CCR2
FLANVOTUMAB,TYRP1
RUTHENIUM-BASED TRANSFERRIN TARGETING AGENT NKP-1339,MAPK8
PARIDIPRUBART,TLR4
ELTOPRAZINE,HTR1A
BGC-20-1531,PTGER4
MEPHENTERMINE,DRD2
TBC-3711,EDNRA
ANIRACETAM,HTR2A
PYRIDOXAL PHOSPHATE ANHYDROUS,F2
PHORBOL 12-MYRISTATE 13-ACETATE,KCNJ5
CHEMBL:CHEMBL452157,SSTR5
GOSSYPOL,BCL2
6-AMINOCAPROIC ACID,PLAT
TILARGININE ACETATE,NOS3
SUMANIROLE,DRD2
SARALASIN,AGTR2
CCT-018159,HSP90AA1
DERENOFYLLINE,ADORA1
[3H]&ALPHA;-BUNGAROTOXIN,SERPINC1
COLCHICINE,TUB
MK-2461,NTRK2
MK-2461,FLT4
VILAZODONE HYDROCHLORIDE,HTR1A
CHR-3996,HDAC3
ANTROQUINONOL,DNMT1
MECAMYLAMINE,ZFHX3
LIRILUMAB,KIR2DL3
VOBARILIZUMAB,IL6R
FLUDIAZEPAM,TSPO
SASANLIMAB,PDCD1
LEVOBUNOLOL,ADRB1
CY-1503,SELP
CY-1503,SELE
LEUKOCYTE INTERLEUKIN,IL2RB
NITRIC OXIDE,UGCG
MELOXICAM,PTGS2
CHEMBL:CHEMBL18380,SLC10A2
TAK-285,ERBB2
LY-2624587,CXCR4
BIRICODAR,ABCB1
ECHOTHIOPHATE IODIDE,ACHE
DEXTROTHYROXINE SODIUM,THRB
FLURAZEPAM,TSPO
ISOETHARINE,ADRB2
NATEGLINIDE,CALCA
OXTRIPHYLLINE,PDE4A
PINACIDIL,CALCA
TALIMOGENE LAHERPAREPVEC,CSF2
TERIPARATIDE,PTH
BEVANTOLOL,DRD2
DELAPRIL,ACE
DEXIBUPROFEN,COX8A
PODOFILOX,TOP2A
PIMAVANSERIN,HTR2A
ROFECOXIB,PTGS2
ENSACULIN HYDROCHLORIDE,HTR1A
SODIUM BUTYRATE,HDAC1
SIRUKUMAB,IL6
RS-504393,CCL2
TUCIDINOSTAT,HDAC9
5-CT,A2M
CP-122288,A2M
NARATRIPTAN,A2M
KV-37,CRABP2
PHOSPHATIDYLSERINE,AFP
PCMBS,KLF5
AG+,KLF5
[125I](PYR1)APELIN-13,ACADSB
DIMINAZENE,BTC
AS99,ABAT
8-CYCLOPENTYLTHEOPHYLLINE,ABAT
NAMODENOSON,ABAT
ATL802,ABAT
"UK-432,097",ABCA1
MRS1084,ABCA1
[3H]ZM 241385,ABCA1
LJ-4517,ABCA1
DUBERMATINIB,AXL
ABEDITEROL,ABO
[3H](-)CGP 12177,ABO
BI-167107,ABO
COMPOUND 42 [PMID: 26938474],GRIA4
Z-DEVD-FMK,CASP3
AC265347,ACP5
Z-VEID-FMK,DBI
COMPOUND (R)-26 [PMID: 22686657],CTSF
AM1241,CNR2
DEXLOXIGLUMIDE,CCKAR
SINCALIDE,CCKAR
CCX354,ACTA1
CCL13,ACTA1
LULIZUMAB PEGOL,GPR39
OCRELIZUMAB,GATM
QUIZARTINIB,DPYD
TANDUTINIB,DPYD
IACS-9439,DPYD
KETOROLAC TROMETHAMINE,CPT1B
NIMESULIDE,CPT1B
ACETAMINOPHEN,CPT1B
CXCL12&DELTA;,ACTG1
TP0472993,CYP4A11
BROMOCRIPTINE,ALCAM
FENOLDOPAM MESYLATE,ALCAM
CABERGOLINE,ALCAM
APOMORPHINE,ALCAM
SKF-83566,ALCAM
PRAMIPEXOLE,ALDH1A1
SPIPERONE,ALDH2
COMPOUND 52 [PMID: 36749735],DXO
HB-EGF,ERBB4
TUCATINIB,ERBB4
[125I]ET-2 (HUMAN),ALDH1B1
DL-TBOA,CBLB
[125I]TYR-ALA-HEXARELIN,ALOX15
EZLOPITANT,AQP3
FK-888,AQP3
GSK-3BETA INHIBITOR II,SLC29A1
SB-415286,ENSA
"7&BETA;, 27-DIHYDROXYCHOLESTEROL",ACTN4
R-SPONDIN-2,LGR6
R-SPONDIN-2,ADRA1A
MYCOPHENOLATE MOFETIL,GATA3
PANCREATIC POLYPEPTIDE,ANXA1
IL-6,IL6R
[CY5-LYS19]NPS,ANXA2
CHLORAMPHENICOL,BRS3
COMPOUND 5E [PMID: 28580438],EPHB1
ILGINATINIB,EPHB1
FILGOTINIB,EPHB1
PF-06263276,EPHB1
SOLCITINIB,EPHB1
ILGINATINIB,EPHB2
COMPOUND 74 [PMID: 24793884],EXT2
VU0240551,CD74
OSI-930,DPT
SITRAVATINIB,DPT
ASTEMIZOLE,BAAT
ASTEMIZOLE,BAD
AZD3778,BAD
TETRAMETHYLAMMONIUM,KIF1A
COMPOUND 4 [PMID: 24432870],EYA1
AM966,ACVRL1
VPC32179,BIN1
FARNESYL MONOPHOSPHATE,ACVRL1
DOLICHOL PHOSPHATE,BLK
ISOSPAGLUMIC ACID,SLC25A4
PCC0208017,ESR1
PROGESTERONE,NR3C2
COMPOUND 35 [PMID: 23916259],CTNNA2
TALMAPIMOD,CTNNB1
COMPOUND 26 [PMID: 31710475],MAP3K5
MARIMASTAT,DCN
CGS-27023A,DCC
NALOXONE BENZOYLHYDRAZONE,APOF
BMS-986122,APOF
SUFENTANIL,APOF
PPADS,APCS
ITP,APCS
MEN 10376,AQP4
PI1,ANXA2
QA1,ANXA2
DIQUAFOSOL,APC
CETILISTAT,GALNT2
SCH-79797,APOD
VORAPAXAR,APOD
AZ3451,APOE
CHIGLITAZAR,BCKDHA
AKT INHIBITOR X,F9
LGB321,F9
SERALUTINIB,DPP4
M4205,DPP4
SITRAVATINIB,DPP4
WNY0824,FABP1
COMPOUND 6 [PMID: 30125504],FABP1
BI-2536,FABP1
COMPOUND (S)-29 [PMID: 37606563],F7
DUAL VEGFR/PARP INHIBITOR 14B,GNAI2
BI-2536,FABP3
PUQUITINIB,F7
OCIFISERTIB,FABP5
C21,PRMT1
DARAPLADIB,MAPK14
CCG-203920,GP1BA
CABOZANTINIB S-MALATE,PTK2B
COMPOUND 1 [PMID: 34917254],PTK2B
TRIAZINE COMPOUND PC7,APOA1
QUIZARTINIB,PTK2B
TAFETINIB,PTK2B
EUROPIUM-LABELLED RELAXIN-3-B/INSL5 A CHIMERA,APRT
RELAXIN-3,APPL1
COMPOUND 86 [PMID: 26982234],SIRT2
IBCASERTIB,DPP4
SONIDEGIB,ALOX12
KE 108,FAS
SRIF-14,FAS
GA-NODAGA-LM3,FASLG
SRIF-14,FASLG
CORTISTATIN-14,AQP1
[125I]TYR3 SMS 201-995,AQP2
COMPOUND 20 [PMID: 30998356],FGF12
VERAPAMIL,ARHGAP1
AH23848,APOC4
TPC2-A1-N,ARHGAP4
PYR3,ATP2A2
ACAA,ATP2A2
MEFENAMIC ACID,ATP4A
I-C11,NRG1
RUTHENIUM RED,TRPV5
JAK INHIBITOR 20A,TYK2
ILGINATINIB,TYK2
SB-611812,UTS2R
DESMOPRESSIN,AQP9
"D(CH2)5[D-ILE2,ILE4,ALA-NH29]AVP",AR
[3H]D(CH2)5[TYR(ME)2]AVP,AQP9
OH-LVA,AR
FLUOROURACIL,MTHFR
RG-1530,PTK2B
IRINOTECAN HYDROCHLORIDE,ERBB2
PACLITAXEL,GSTP1
FLUOROURACIL,SMAD4
CETUXIMAB,EGF
RYANODINE,RYR2
PEMBROLIZUMAB,PDCD1LG2
TEMOZOLOMIDE,TP53
ENZALUTAMIDE,PTEN
GEFITINIB,ERBB3
TRAMETINIB DIMETHYL SULFOXIDE,MET
LETROZOLE,ESR1
CETUXIMAB,ERBB3
BAFETINIB,ABCB1
LOMUSTINE,MGMT
GEFITINIB,ALK
ELIMUSERTIB,ATM
ENZALUTAMIDE,ATM
NIVOLUMAB,B2M
MIDOSTAURIN,CBL
QUIZARTINIB,CBL
GLASDEGIB,ALOX12
CEMIPLIMAB-RWLC,CD274
VACTOSERTIB,CD274
NOFAZINLIMAB,CD274
ENGINEERED TOXIN BODY TARGETING PD-L1 MT-6402,CD274
CETUXIMAB,CTNNB1
ZOTATIFIN,FGFR1
MIDOSTAURIN,FGFR1
TAMATINIB,FLT3
ALTIRATINIB,FLT3
IBRUTINIB,FLT3
TIPIFARNIB,HRAS
SGI-1776,JAK2
MIDOSTAURIN,JAK2
YM-254890,NRAS
GEDATOLISIB,NRAS
BI-847325,NRAS
AKT INHIBITOR MK2206,STK11
DS-7423,TP53
ADAVOSERTIB,TP53
IBRUTINIB,TP53
NIVOLUMAB,TP53
RO-5045337,TP53
NAVITOCLAX,TP53
CHIR-124,TP53
TOPOTECAN HYDROCHLORIDE,TP53
CHEMBL:CHEMBL379975,DAPK3
NEOSTIGMINE BROMIDE,CYP2C9
RANITIDINE HYDROCHLORIDE,CYP3A4
METHYLPREDNISOLONE,BDNF
FOSBRETABULIN DISODIUM,BCL2
ASPIRIN,TSC1
MESALAMINE,ALOX5
CYPROHEPTADINE HYDROCHLORIDE,CYP2D6
THEOPHYLLINE SODIUM GLYCINATE,PDE4D
TREQUINSIN HYDROCHLORIDE,CYP3A4
CHEMBL:CHEMBL45245,CYP1A2
METHOTRIMEPRAZINE,HTR2B
(S)-NITRENDIPINE,CYP2C9
PRAVASTATIN SODIUM,SLCO1B1
EXEMESTANE,CYP19A1
FLUOROURACIL,BDNF
ASCORBIC ACID,GFAP
LB80380,OCA2
HUMAN THYMOSIN-FRACTION 5,IL2RA
INFLIXIMAB-DYYB,IL1B
NOVAFERON,IFNA2
MEDETOMIDINE,ADRA2B
TENOFOVIR,OCA2
CHEMBL:CHEMBL1784521,AR
SIROLIMUS,PIK3CA
ALPRAZOLAM,TSPO
PACLITAXEL,BDNF
APARARENONE,NR3C2
LIOTHYRONINE,APC
LUMATEPERONE,HTR2A
AM-630,CYP1A2
CHEMBL:CHEMBL429095,CYP2D6
CHEMBL:CHEMBL586163,GLP1R
RECOMBINANT 70-KD HEAT-SHOCK PROTEIN,DCN
PD-98059,SLC2A4
TRICLOSAN,AR
CYANIDIN,F2
BUTYRIC ACID,HDAC2
TRIPROLIDINE HYDROCHLORIDE,NFE2L2
VINBLASTINE,CDKN1A
SULPIRIDE,CYP3A4
ATORVASTATIN CALCIUM TRIHYDRATE,ACE
RILZABRUTINIB,EFNB2
LIRILUMAB,KIR2DL1
RUTAECARPINE,NPC1
SKF-105494,ABCC6
EPZ004777,KMT2A
BATIRAXCEPT,AXL
DILTIAZEM HYDROCHLORIDE,CYP1A2
RU 24969,HSD17B10
BETA-LAPACHONE PRODRUG ARQ 761,NQO1
HEXYLCAINE,SCN5A
BUCELIPASE ALFA,CEL
AVOSENTAN,ALDH1B1
SITRAVATINIB,DRD3
NONABINE,CNR1
BINODENOSON,ADORA2A
CHLORPHENIRAMINE MALEATE,HRH1
ISATUXIMAB,CD38
GDC-0134,DLK1
OLEOCANTHAL,MET
PRAVASTATIN SODIUM,ABCA1
OTILIMAB,CSF2
PAMIPARIB,GNAI2
HALAZEPAM,TSPO
PARTHENOLIDE,RELA
4SC-202,HDAC3
DERAZANTINIB,FGFR1
CARBACYCLIN,APOB
ELZOVANTINIB,MS4A2
CARVEDILOL,DRD1
KETOCONAZOLE,CYP3A5
NANOPARTICLE ALBUMIN-BOUND THIOCOLCHICINE DIMER NAB-5404,HGF
ALFERMINOGENE TADENOVEC,FGF4
DRONEDARONE HYDROCHLORIDE,CACNA1D
ANGIOGENESIS INHIBITOR,FGF2
APOMORPHINE,HTR2C
SARIZOTAN HYDROCHLORIDE,DRD2
TELITHROMYCIN,KCNH2
DOXORUBICIN HYDROCHLORIDE,TET2
EMBELIN,CYP2C9
USTEKINUMAB,HTR2A
CHEMBL:CHEMBL609606,ATXN2
BIOCHANIN A,BDKRB2
DABRAFENIB,ALK
GO-6976,MAPK1
VANDETANIB,MAP4K5
AMINEPTIN,DRD2
BACLOFEN,NOS1
CETUXIMAB,NRG1
METHYSERGIDE,HTR2C
CHEMBL:CHEMBL601757,NFE2L2
OLOMOUCINE,CDK2
BUTAMBEN,BMP2
TRICHOSTATIN A,TNFSF10
ATORVASTATIN CALCIUM TRIHYDRATE,NR1I2
DR-4004,SERPINA3
QUIZARTINIB,DPT
NEOMYCIN SULFATE,RPSA
4-NONYLPHENOL,ALDH1A1
CHEMBL:CHEMBL137498,HSD17B10
IMARADENANT,ADORA2A
DANAZOL,CYP2C9
5-HYDROXYTRYPTOPHAN,ALDH1A1
CHEMBL:CHEMBL530280,WRN
PHOTOSENSITIZING AGENT,FGF2
INOSITOL,TGFB1
"L-803,087",AQP1
SF1126,PIK3CB
RILVEGOSTOMIG,CD274
[125I]TYR10-CST14,AQP2
[3H]CNQX,ASS1
PLIXORAFENIB,FAH
HYDROCODONE,COMT
CAPREOMYCIN SULFATE,RPSA
VINORELBINE,TUBB4B
MIDODRINE,CYP2D6
S5A1,AQP2
COMPOUND 27 [WO2019226977A1],SARDH
TAMOXIFEN CITRATE,ALDH1A1
AJMALICINE,ADRA2B
SPIRAMIDE,CYP2D6
ULINASTATIN,MMP9
AMEDIPLASE,PLAU
[125I]PTA-OH,APOC4
BUTAPROST,PTGER4
ANESTHETIC AGENT,GDNF
IDARUBICIN,CYBA
FLUOROURACIL,ATM
PRAVASTATIN SODIUM,ACE
KETANSERIN,CYP2C19
NEVIRAPINE,CYP3A4
PROTOAPIGENONE,SMAD3
RUTAECARPINE,HIF1A
NA+,ATP4A
AZD1390,ATM
IBRUTINIB,ERBB2
CLOZAPINE,PIK3CG
DIHYDROSPHINGOSINE,ATP4A
NOCODAZOLE,NR0B1
CHEMBL:CHEMBL531710,NPC1
NIFUROXAZIDE,ALDH1A1
FLT3 TYROSINE KINASE INHIBITOR TTT-3002,FLT3
TROLEANDOMYCIN,CYP2D6
SB203580,CYP1A2
CLOTRIMAZOLE,GLP1R
NMS-P715,FGFR4
RGB-286638,CDK7
LARGE NEUROTENSIN,ANXA6
XENTUZUMAB,IGF1
COMPOUND 31 [PMID: 24915291],FGR
CHEMBL:CHEMBL77675,AHR
ULINASTATIN,PRSS1
CHEMBL:CHEMBL601550,NFE2L2
ZOTIRACICLIB,TYK2
SURAMIN,SIRT3
GABAPENTIN,CYP2D6
LEVOSIMENDAN,PDE3B
COMPOUND 30 [PMID: 17280833],FGF1
PRAVASTATIN SODIUM,IL2
RUXOLITINIB,TYK2
MORIN,GAA
FOSBRETABULIN TROMETHAMINE,TUBB3
NORTRIPTYLINE,SLC6A4
PAMIDRONATE,COL1A1
CITALOPRAM,GRK5
TASIMELTEON,MTNR1B
BRIAKINUMAB,IL12B
TRAMETINIB DIMETHYL SULFOXIDE,G6PD
METHIXENE,CHRM2
SOTORASIB,HRAS
HYDROCORTISONE SODIUM SUCCINATE,NR3C1
RANITIDINE HYDROCHLORIDE,CALCA
GAMBOGIC AMIDE,MAPK1
HYDROCORTISONE BUTYRATE,HIF1A
EPPTB,AQP7
SR101099,UTS2R
PROTEASOME INHIBITOR,FAS
PYRIDOXAL PHOSPHATE ANHYDROUS,ABAT
CEPHALEXIN ANHYDROUS,ABCC4
"TOLBUTAMIDE SODIUM, STERILE",ABCC8
GSK-690693,PRKCI
BP-CCL3,ACTA1
[125I]IODOVINYL-TBZ,CDH13
SANGUINARINE SULFATE,MAPK1
CYCLOBENZAPRINE,HTR2A
ICOTINIB,EGFR
ESTRADIOL DIPROPIONATE,FGF2
TOLVAPTAN,AQP9
DOVITINIB,FGF4
CH7233163,DXO
YM 218,AR
PRAVASTATIN SODIUM,APOB
IMEGLIMIN,PRKAA2
GO-6976,PRKD2
"[PHAA1,D-TYR2,VAL4,ARG6,ARG-NH29]AVP",ABCC6
AR-42,HDAC9
RIVASTIGMINE,ACHE
AMISULPRIDE,HTR2A
H87/07,ABO
ACECLIDINE,AANAT
CHEMBL:CHEMBL592561,CYP1A2
PHA-767491,PRKD2
AMINOSALICYLIC ACID,PTGS2
DINITROPHENYLENE,NFE2L2
BUTORPHANOL,CYP3A4
YM 471,ABCC6
ETOPOSIDE,TOP2A
CLOZAPINE,HTR2C
EXALAMIDE,AR
MS40,NPBWR1
DEUTETRABENAZINE,SLC18A2
HINOKITIOL,HDAC9
CHEMBL:CHEMBL344127,KCNH2
"4-[3-(1,4-DIAZEPAN-1-YLCARBONYL)-4-FLUOROBENZYL]PHTHALAZIN-1(2H)-ONE",PARP1
CELL SURFACE ANTIGEN,IL15
"D(CH2)5[TYR(ME)2,ARG8]VP",AQP9
N-ACETYLCOLCHINOL,SMAD3
"DIBENZ[A,H]ANTHRACENE",AHR
APOMORPHINE,AR
ONDANSETRON HYDROCHLORIDE,ABCB1
ALISKIREN,REN
AFATINIB,PIK3CA
PALBOCICLIB,CCNE1
DEHYDRATED ALCOHOL,TLR4
CLOBETASOL,ANXA1
TRIAMCINOLONE,CYP3A4
PROSAVIN,TH
COBIMETINIB,RAF1
RANITIDINE HYDROCHLORIDE,SLC22A1
CHEMBL:CHEMBL2062277,CXCR4
PHENELZINE,CYP2D6
ALGENPANTUCEL-L,GALT
BRIGATINIB,EGFR
EPZ005687,EZH2
FLUDARABINE,IKZF1
NEBIVOLOL HYDROCHLORIDE,ADRB1
CISPLATIN,GSTP1
QUIZARTINIB,FGF2
ALPHA 1-ANTITRYPSIN,SERPINA1
CHEMBL:CHEMBL217425,ABCB1
PRASTERONE,BAX
CHEMBL:CHEMBL261118,SMN2
CHEMBL:CHEMBL312032,NCOR2
SAFINAMIDE,SCN5A
EPINEPHRINE,ABCA4
COMPOUND 8H [PMID: 22765894],DRD2
CHEMBL:CHEMBL585651,GFER
RG-7841,TUBB3
TRETINOIN,RXRG
SODIUM BUTYRATE,GAPDH
PROPRANOLOL HYDROCHLORIDE,BDNF
FLUORODIFEN,AR
CHEMBL:CHEMBL515505,GNAS
RITUXIMAB,GSTA1
NEBIVOLOL HYDROCHLORIDE,CYP2D6
CHEMBL:CHEMBL502242,CYP3A4
APINOCALTAMIDE,CACNA1G
REVUMENIB,FLT3
FLUOROURACIL,GNAS
PALBOCICLIB,PIK3CA
ZALIFRELIMAB,CTLA4
FASIDOTRILAT,DAPK3
CCL13,ACTB
PAZOPANIB,MTOR
CHEMBL:CHEMBL211045,VDR
CHEMBL:CHEMBL587620,BRCA1
FAS LIGAND,LUM
EVEROLIMUS,STK11
HYDROCORTISONE ACETATE,NR3C1
TESTOSTERONE CYPIONATE,AR
ZONISAMIDE,SCN5A
NERISPIRDINE,KCNA3
TRETINOIN,BCHE
CI-218872,CYP1A2
ATALUREN,DMD
"NITROFURANTOIN, MACROCRYSTALS",CYP2C9
DEHYDRATED ALCOHOL,CREB1
NODAGA-[TYR3]-OCTREOTIDE,FASLG
LVP,ABCC6
CLAVULANIC ACID,HLA-DRB1
QUETIAPINE FUMARATE,HRH1
CHEMBL:CHEMBL29197,JAK2
INSULIN TREGOPIL,INSR
(Z)-PIPLARTINE,TP53
ACETYLCYSTEINE,E2F1
METHOXSALEN,ESR1
CT-011,PDCD1
EVEROLIMUS,CTNNB1
LUCITANIB,FGF3
DOVITINIB,FGF3
LUCITANIB,FGF4
MITOGEN-ACTIVATED PROTEIN KINASE KINASE INHIBITOR,STK11
TEMOZOLOMIDE,MYC
TRANEXAMIC ACID,PLG
INDAPAMIDE,SLC12A3
CHLORPROMAZINE,HTR2A
INSULIN ZINC SUSP EXTENDED BEEF,INSR
INSULIN ZINC SUSP PROMPT BEEF,INSR
PAZOPANIB,FGFR1
NORGESTREL,PGR
DANAZOL,PGR
FEXAGRATINIB,FGFR4
CABAZITAXEL,TUBB4A
CISPLATIN,XRCC1
TOLAZAMIDE,ABCC8
DRONEDARONE HYDROCHLORIDE,CACNA1C
OXYMETHOLONE,AR
CERALASERTIB,ATM
VALPROIC ACID,ATM
PJ34,ATM
PEMETREXED DISODIUM,CD274
TRABECTEDIN,CD274
YTTRIUM Y 90 IBRITUMOMAB TIUXETAN,MS4A1
POLO-LIKE KINASE 1 INHIBITOR GSK461364,CDKN2A
SAPANISERTIB,CDKN2A
ERYTHROMYCIN,RPSA
GABAPENTIN ENACARBIL,CACNB3
GUNAGRATINIB,FGFR1
EPINEPHRINE BITARTRATE,ADRA2C
SUNITINIB,FLT3
EPINEPHRINE BITARTRATE,ADRB3
CHLORPROMAZINE,DRD2
NEMTABRUTINIB,FLT3
IXAZOMIB CITRATE,PSMB8
FIMEPINOSTAT,HDAC5
REBASTINIB,FLT3
GMI-1359,FLT3
DS-7423,PIK3R1
SF1126,HRAS
GSK-690693,PRKCA
LY-2780301,AKT2
B-RAF/VEGFR-2 INHIBITOR RAF265,HRAS
PAXALISIB,PIK3CB
SF-1126,PIK3R3
SAR-260301,PIK3CB
RO-4987655,MAP2K2
CABOZANTINIB S-MALATE,HRAS
SAPANISERTIB,HRAS
OLAPARIB,JAK2
ALFENTANIL HYDROCHLORIDE,JAK2
TAK-632,NRAS
MEK 1/2 INHIBITOR FCN-159,NRAS
LY2881835,FFAR1
TAK-733,NRAS
LAS190792,ADRB2
EVENAMIDE,SCN5A
RG-1530,KDR
EVEROLIMUS,NRAS
PILARALISIB,PIK3R3
E6201,NRAS
IPATASERTIB,PIK3CA
TG100-801,FLT1
ODELEPRAN,OPRM1
AFACIFENACIN,CHRM2
NERATINIB,PIK3CA
SPARSENTAN,EDNRA
M-2698,PIK3CA
RAFABEGRON,ADRB3
CE-224535,P2RX7
BEMCENTINIB,AXL
INDANTADOL,GRIN2B
NERISPIRDINE,SCN5A
NERISPIRDINE,KCNB1
BRIVANIB,FGFR4
RALFINAMIDE,SCN5A
MUTANT-SELECTIVE PI3K-ALPHA H1047R INHIBITOR LOXO-783,PIK3CA
VENETOCLAX,BCL2
OLAPARIB,PIK3CA
ALBINTERFERON ALFA-2B,IFNAR1
CROLIBULIN,TUBB3
FOSBRETABULIN TROMETHAMINE,TUBB4B
ROLEDUMAB,RHD
PIRPROFEN,PTGS2
PIRPROFEN,PTGS1
TERFENADINE,HRH1
ZIMELDINE HYDROCHLORIDE,HTR2A
ABX-MA1,MCAM
CLOTHIAPINE,HTR2A
ACECLOFENAC,PTGS2
PITAVASTATIN SODIUM,HMGCR
OCARATUZUMAB,MS4A1
AS-1403,MUC1
MIROCOCEPT,CR1
LOFEXIDINE HYDROCHLORIDE,ADRA2C
VASOACTIVE INTESTINAL PEPTIDE,ADRA1A
SELITRECTINIB,NTRK2
BENIDIPINE,CACNA1D
NILVADIPINE,CACNA1D
CELGOSIVIR,SI
ELRAGLUSIB,GSK3B
CILOMILAST,PDE4A
OLAPARIB,STK11
BATOPROTAFIB,PTPN11
ONO-2952,TSPO
SIROLIMUS,STK11
AURORA KINASE INHIBITOR AMG 900,TP53
BLZ945,TP53
TEBUFENPYRAD,TP53
SLX-4090,MTTP
VU0001171,BRCA1
ENFORTUMAB VEDOTIN-EJFV,TUBB4A
CARPERITIDE,NPR1
TRASTUZUMAB DUOCARMAZINE,ERBB2
GLICLAZIDE,KCNJ11
GILORALIMAB,CD40
EUPAFOLIN,WRN
MILVEXIAN,F11
EMB-01,MET
CHEMBL:CHEMBL1389794,TP53
ABACAVIR,HLA-B
NOMEGESTROL ACETATE,PGR
EMB-01,EGFR
CTS-1027,MMP2
FEXUPRAZAN,ATP4A
FINGOLIMOD LAURYL SULFATE,S1PR4
OXALIPLATIN,BCL2
PARP/TANKYRASE INHIBITOR 2X-121,BRCA1
DACTOLISIB,PIK3R1
RIMSULFURON,AHR
RO 04-6790,CYP3A4
CHEMBL:CHEMBL175266,MPI
CAMPTOTHECIN,ATXN2
PHORBOL 12-MYRISTATE 13-ACETATE,PRKCD
METYROSINE,CYP1A2
CHEMBL:CHEMBL538798,SMAD3
AZTREONAM,CYP2C19
OXATOMIDE,KCNH2
GINSENOSIDE RG3,NR1I2
CHEMBL:CHEMBL312032,CASP3
CARBENDAZIM,NFE2L2
CHEMBL:CHEMBL531710,NFE2L2
TOLONIUM CHLORIDE,ATM
ISOBONDUCELLIN,TERT
REPAGLINIDE,AR
BUTAMBEN,CYP1A2
CHEMBL:CHEMBL512908,CYP2C19
EPINEPHRINE,ADRB2
CARNITINE,SLC22A5
6-HYDROXYFLAVONE,BRCA1
AROTINOID ACID,CYP2D6
LAVENDUSTIN A,VDR
AKT INHIBITOR VIII,ACP1
CHEMBL:CHEMBL586982,NFE2L2
HEXACHLOROPHENE,AR
RILUZOLE,CYP1A2
CHEMBL:CHEMBL120806,CYP1A2
PREDNISOLONE,NFE2L2
HALOPERIDOL DECANOATE,DRD1
METHYSTICIN,CYP3A4
TANNIC ACID,KMT2A
TROVAFLOXACIN MESYLATE,PPARD
LEVOMETHADYL ACETATE HYDROCHLORIDE,OPRM1
INAMRINONE,HIF1A
PERPHENAZINE,CYP2D6
METHYLDOPA ANHYDROUS,CASP6
BREFELDIN A,NFE2L2
CGP13501,CYP3A4
ZM447439,LCK
DACTOLISIB,NFE2L2
ESCULETIN,ERAP2
DECYLUBIQUINONE,VDR
DICYCLOMINE HYDROCHLORIDE,DRD1
"8,2'-DIMETHOXYFLAVONE",HSD17B10
GO-6976,PIM1
TRIFLUOPERAZINE HYDROCHLORIDE,ATXN2
HYDROCORTISONE BUTYRATE,NFE2L2
DOCEBENONE,CYP2C19
CHEMBL:CHEMBL116548,ADRB2
CXCL9,ACTB
CHEMBL:CHEMBL56393,ALOX15
AG 9,VDR
RS 39604,CYP2D6
CHEMBL:CHEMBL530280,MAPK1
TESTOSTERONE PROPIONATE,NR3C1
CHEMBL:CHEMBL579837,GAA
CHEMBL:CHEMBL1256291,GFER
MIGLITOL,GAA
BREFELDIN A,NR0B1
CHEMBL:CHEMBL589469,ALDH1A1
PYROGALLOL RED,WRN
CHEMBL:CHEMBL1269022,CYP1A2
CHEMBL:CHEMBL328710,SMN1
GENTIAN VIOLET CATION,THRB
GO-6976,BLK
DAMGO,OPRM1
LY-2090314,PIM1
MAYTANSINOL,TUBB4B
FLUOXETINE HYDROCHLORIDE,CYP2D6
BENZO(K)FLUORANTHENE,NR1H4
PREDNISOLONE ACETATE,AR
PREGNANT MARE SERUM GONADOTROPIN,GCLM
ALPHA-TOCOPHEROL,MAPK8
DACINOSTAT,HDAC3
SULCONAZOLE NITRATE,CYP3A4
CHLORPYRAMIN HYDROCHLORIDE,FLT4
BIFENOX,AR
CHEMBL:CHEMBL145725,CYP2C19
SB 206553,NPC1
AM-630,ALDH1A1
GW7647,ESR1
VATALANIB,AR
CHEMBL:CHEMBL530149,HSD17B10
IODOQUINOL,TP53
ESTRONE,ESR1
CEFTRIAXONE,CYP2D6
PREDNICARBATE,NFE2L2
METRIBUZIN,RXRA
MEDI6012,LCAT
RIBOFLAVIN,HSD17B10
GANGLEOIDIN ACETATE,CYP3A4
FLUCONAZOLE,CYP2D6
DIMETHYL YELLOW,NFE2L2
DINALINE,AR
VORINOSTAT,TUBB4B
1-AZAKENPAULLONE,PIM1
VORINOSTAT,TUBB3
DESMEDIPHAM,NFE2L2
MERCAPTOPURINE,TP53
GO-6976,CHEK2
CHEMBL:CHEMBL1466186,GLP1R
SANGUINARINE SULFATE,VDR
DOCUSATE SODIUM,NFE2L2
DESMEDIPHAM,AHR
CHEMBL:CHEMBL271165,CYP2C19
ISONIAZID,CYP1A2
TESTOSTERONE,CYP1A2
ROTTLERIN,VDR
CHEMBL:CHEMBL429095,CYP2C9
DYDROGESTERONE,NFE2L2
CHEMBL:CHEMBL600968,SMN1
ETAZOLATE,CYP1A2
HYDROCORTISONE VALERATE,AR
FLUOXETINE HYDROCHLORIDE,DRD1
AZITHROMYCIN,CYP2C9
ATOMOXETINE HYDROCHLORIDE,JUN
SYROSINGOPINE,AR
RO19-4603,CYP2C9
CHEMBL:CHEMBL1927670,MAOA
CANDESARTAN CILEXETIL,CYP3A4
SIMVASTATIN,CYP2C9
VORICONAZOLE,CYP2B6
NICARDIPINE HYDROCHLORIDE,AR
SULINDAC,RXRA
RANOLAZINE,PLG
SILIBININ,HSD17B10
RUTIN,GAA
CHEMBL:CHEMBL533293,ABCB1
SB203580,MAPK14
CEFTRIAXONE,CYP2C9
GLABRIDIN,BRCA1
CHEMBL:CHEMBL512908,CYP2D6
BIS(DIMETHYLAMINETHIOCARBONYL)MONOSULFIDE,ALDH1A1
CHEMBL:CHEMBL2332126,TOP2A
ALISERTIB,SRC
TOLONIUM CHLORIDE,NFE2L2
CHEMBL:CHEMBL585628,ALDH1A1
CHEMBL:CHEMBL529348,KCNH2
METHYLDOPA ANHYDROUS,CYP2C19
VINORELBINE,TUBB3
RALTITREXED,SLC19A1
CHEMBL:CHEMBL1337960,CYP1A2
DIETHANOLAMINE,HSD17B10
CHEMBL:CHEMBL259421,SMN2
SANGUINARINE SULFATE,HSD17B10
CATECHIN,ALOX15
AMINOQUINURIDE,MEN1
CHEMBL:CHEMBL581225,SMAD3
DEFLAZACORT,AR
ETHACRYNIC ACID,RORC
CHEMBL:CHEMBL601547,NFE2L2
CHEMBL:CHEMBL145725,CYP3A4
NONYL 4-HYDROXYBENZOATE,AR
AST-487,KDR
CHEMBL:CHEMBL135115,AR
ALTANSERIN,CYP3A4
NORETHINDRONE,AR
GLYCITEIN,ESR1
U-0126,VDR
TRIAMCINOLONE,CYP1A2
BUTYRIC ACID,HDAC4
DIAZEPAM,ALB
MELAGATRAN,VPS35
CEFAMANDOLE SODIUM,WRN
TRIAMTERENE,HIF1A
NANAOMYCIN,WRN
R-348,SYK
CHROMOCARB,ADORA1
PHA-767491,CDK5
ACROLEIN,NFE2L2
APICIDIN,HDAC4
AMITRIPTYLINE HYDROCHLORIDE,CYP2C9
TAMOXIFEN CITRATE,KCNH2
CHEMBL:CHEMBL1256291,CYP2C9
CHEMBL:CHEMBL2094567,SNCA
17-OCTADECYNOIC ACID,CYP1A2
SIROLIMUS,AR
CHEMBL:CHEMBL1385558,HSP90AA1
CAPSAICIN,NFE2L2
RUTAECARPINE,CYP1A2
DIGITOXIN,STAT3
CLOCAPRAMINE,PPARD
CHEMBL:CHEMBL587892,KCNH2
VINBLASTINE SULFATE,JUN
CIS-RESVERATROL,HIF1A
HEXESTROL,CYP3A4
BUNAMIDINE HYDROCHLORIDE,AR
BENZOXIQUINE,AR
SPIPERONE,CYP2D6
ROPINIROLE HYDROCHLORIDE,KCNH2
TETRACYCLINE,CYP1A2
MERCAPTOPURINE,CYP3A4
ERYTHROMYCIN,CYP3A4
GRINIMIBINE,NPC1
CHEMBL:CHEMBL599924,SMAD3
EBSELEN,CYP2D6
CHEMBL:CHEMBL515505,VDR
CLOTRIMAZOLE,AVPR2
MINOPAFANT,AR
CHEMBL:CHEMBL117487,HDAC9
BROMPERIDOL,CYP2D6
DICHLORODIPHENYLDICHLOROETHYLENE,NFE2L2
SURAMIN,HSD17B10
CHEMBL:CHEMBL2062863,STAT3
CHEMBL:CHEMBL525519,KCNH2
TRIPROLIDINE HYDROCHLORIDE,KCNH2
CHLORPROMAZINE HYDROCHLORIDE,ATXN2
SPERMINE TETRAHYDROCHLORIDE,UBE2N
PHENELZINE,CYP1A2
STILONIUM IODIDE,NFE2L2
ALISERTIB,GRK5
CHEMBL:CHEMBL600694,VDR
U-0126,CYP2D6
CHEMBL:CHEMBL600342,ALDH1A1
EBSELEN,PMM2
GO-6976,RPS6KB1
"7,3'-DIMETHOXYFLAVONE",SMN2
"NITROFURANTOIN, MACROCRYSTALS",CYP3A4
PROPYLPYRAZOLETRIOL,CYP2D6
MOXISYLYTE,CYP1A2
GALLIC ACID,GAPDH
CHEMBL:CHEMBL1509103,GLP1R
GALLIC ACID,VDR
EMBELIN,TP53
GALLINAMIDE A,CTSL
CHEMBL:CHEMBL602418,CYP1A2
BUSPIRONE,NFE2L2
SECRAMINE B,CDC42
CHEMBL:CHEMBL1392244,GNAS
SURAMIN,VDR
RO 04-6790,CYP2C9
HEXACHLOROPHENE,NPY1R
XANTHOANGELOL F,ATXN2
DOCEBENONE,CYP2D6
NIHYDRAZONE,NFE2L2
GW441756X,RPS6KA3
CHEMBL:CHEMBL546493,SMAD3
METHYSTICIN,ALDH1A1
CHEMBL:CHEMBL317364,KCNH2
GR 113808,CYP1A2
AMPHOTERICIN B LIPOSOMAL,TNF
SULPIRIDE,CYP2D6
MRS1220,CYP2D6
DACTOLISIB,MAP4K2
CHEMBL:CHEMBL29197,CYP2C19
CHEMBL:CHEMBL146525,ERG
CHEMBL:CHEMBL1256291,ARSA
CHEMBL:CHEMBL529984,KCNH2
CHEMBL:CHEMBL469309,CYP2C19
CAPSAICIN,CYP3A4
CHEMBL:CHEMBL531268,SMAD3
CURCUMIN PYRAZOLE,PTGS2
GO-6976,FLT1
ORLISTAT,ABHD6
METOPROLOL,ADRB1
TIPLASININ,SERPINE1
PIRENOXINE,KMT2A
8-CYCLOPENTYLTHEOPHYLLINE,NFE2L2
PHENTOLAMINE,CYP2D6
LUPEOL,TOP2A
CHEMBL:CHEMBL595912,AR
CHEMBL:CHEMBL379975,GSK3B
HYDROCORTISONE BUTYRATE,AR
CEFTRIAXONE,CYP1A2
CEFUROXIME AXETIL,ABCC4
CHEMBL:CHEMBL512908,CYP3A4
METHYLDOPA ANHYDROUS,CYP2D6
DICYCLOMINE HYDROCHLORIDE,CYP3A4
GAVESTINEL SODIUM,ALOX15
NIMETAZEPAM,AR
PHA-767491,IRAK1
CHEMBL:CHEMBL594695,TOP2A
TOLNAFTATE,CYP1A2
CHEMBL:CHEMBL97858,ALDH1A1
PHA-767491,MAPK1
GENTIAN VIOLET CATION,APP
"7,8-DIHYDROXYFLAVONE",TP53
AZD-1080,CDK2
RILMENIDINE,CYP3A4
CHLORPROMAZINE,TP53
CHEMBL:CHEMBL91163,TERT
TACEDINALINE,HDAC1
SULINDAC,CYP3A4
CHEMBL:CHEMBL1287980,NFE2L2
EMBELIN,CYP2D6
TIOXOLONE,NFE2L2
CHEMBL:CHEMBL271023,CYP1A2
NICLOSAMIDE,SMN1
ESTRONE,AR
CHEMBL:CHEMBL1526167,SNCA
EBSELEN,CYP2C9
GO-6976,GSK3B
CHEMBL:CHEMBL530149,KCNH2
NICLOSAMIDE,HIF1A
PHYTANIC ACID,RXRA
CHEMBL:CHEMBL2063681,MAPK3
CHEMBL:CHEMBL250428,CYP2D6
PROTOAPIGENONE,ATXN2
FLURBIPROFEN,CYP2C9
OXYMETAZOLINE HYDROCHLORIDE,G6PD
DABRAFENIB,MAP2K3
ITRACONAZOLE,ABCB1
DOMPERIDONE,ABCB1
NICOTINE POLACRILEX,ABCB1
FEXOFENADINE HYDROCHLORIDE,ABCB1
NICOTINE POLACRILEX,AFP
BROXURIDINE,AFP
GAMMA-INTERFERON,AGTR1
METHYLCELLULOSE,AHR
ACE INHIBITOR,APOE
PROPOFOL,APP
EPIDERMAL GROWTH FACTOR RECEPTOR TYROSINE KINASE INHIBITOR,BCL2
FAS LIGAND,BCL2
DRONABINOL,BDNF
TRICHOSTATIN A,BDNF
FENHEXAMID,NFE2L2
TAMOXIFEN,BGLAP
WARFARIN,BGLAP
EMODIN,BRCA1
TAMOXIFEN,BRCA1
RETINOIC ACID AGENT,CEACAM1
PACLITAXEL,CDKN1A
FREUND'S ADJUVANT,CP
TETANUS TOXOID,CR1
RECOMBINANT INTERFERON,CYP1A1
BIOFLAVONOID,CYP19A1
RECOMBINANT INTERLEUKIN-1,CYP1A2
DEXTROAMPHETAMINE SULFATE,CYP2D6
HYDROXYCHLOROQUINE,CYP2D6
TESTOSTERONE,CYP2B6
ACTH,CYP2D6
AMPHOTERICIN B LIPOSOMAL,CYP2B6
NIFEDIPINE,CYP3A4
FENRETINIDE,DDIT3
DIETHYLSTILBESTROL,DNMT1
DEHYDRATED ALCOHOL,DRD2
PACLITAXEL,EIF4EBP1
ARSENIC TRIOXIDE,EPO
LIOTHYRONINE,ENO2
ANTHRAQUINONE,ERBB2
VACCINE ADJUVANT,ERBB2
DIETHYLSTILBESTROL,ESRRG
CLOZAPINE,FASN
PACLITAXEL,FASN
SILICON PHTHALOCYANINE 4,FAS
DEMECOLCINE,GFAP
PIOGLITAZONE HYDROCHLORIDE,GFAP
METHOTREXATE,GSTM1
DROLOXIFENE,GSTP1
EXATECAN MESYLATE,GSTP1
DEHYDRATED ALCOHOL,IL1R1
DRUGSATFDA.NDA:008378,IL1B
CLOZAPINE,IL2
ITRACONAZOLE,IL2
TRICHOSTATIN A,IL2
METHYLPREDNISOLONE,IL2RA
METHYLPREDNISOLONE,IL5
INTERLEUKIN-3,IL5
ANGIOGENESIS INHIBITOR,ITGA2B
DEHYDRATED ALCOHOL,IRS1
SOYBEAN SEED OIL,LEP
TOSITUMOMAB,MAPK14
DEXRAZOXANE,MAPK8
ACETYLCYSTEINE,MT1E
SODIUM BUTYRATE,MUC16
BUTYRIC ACID,MT1IP
FENTICLOR,GLP1R
GW843682X,FLT3
SIROLIMUS,NFE2L2
RECOMBINANT PROTHYMOSIN ALPHA,NFE2L2
THEOPHYLLINE,NOS2
ANTIHYPERTENSIVE AGENT,NPY
PROPOFOL,NOS2
MONOCLONAL ANTIBODY ICR62,NRG1
CYPROTERONE ACETATE,PAEP
INDOLE-3-CARBINOL,PIK3CG
FRAMYCETIN,PIK3CG
RECOMBINANT HEREGULIN,PIK3CG
RAS INHIBITOR,PIK3CG
ASCORBIC ACID,PLA2G2A
ADRIAMYCIN,PLA2G1B
GEMFIBROZIL,SLCO1B1
MIFEPRISTONE,PLAU
TAZAROTENE,PML
DROLOXIFENE,SHBG
BUSULFAN,SHBG
ACE INHIBITOR,SLC2A4
SOYBEAN SEED OIL,SLC2A4
RECOMBINANT HEPATOCYTE GROWTH FACTOR,SLC2A4
EPIGALLOCATECHIN GALLATE,SLC2A4
TESTOSTERONE,SOAT1
HALOFUGINONE,SMAD3
DANAZOL,STS
ESTRADIOL VALERATE,TAT
EFLORNITHINE,TGM2
GEMCITABINE,TGM2
ERYTHROMYCIN,XDH
LAROTRECTINIB,NTRK2
ULINASTATIN,MMP2
IPILIMUMAB,CD274
TAS-115,MET
ATORVASTATIN CALCIUM TRIHYDRATE,LEPR
TENIVASTATIN,SLCO1B1
OSPEMIFENE,CYP2C9
RIMEGEPANT,CYP2C9
BRIVARACETAM,CYP2C9
BOC-ATE,AQP2
RAVULIZUMAB,CHRNA4
SERTRALINE HYDROCHLORIDE,HTR1A
GIVOSIRAN,HMBS
TOZASERTIB,ACVR1
LEVOMETHADONE,COMT
WAY-100135,ALOX15
PEGINTERFERON ALFA-2A,IL18
HYDROXYUREA,KLF4
TETRABENAZINE,ABCB1
DILTIAZEM HYDROCHLORIDE,ABCB1
GABAPENTIN,ABCB1
SPIRONOLACTONE,ADD1
AMITRIPTYLINE HYDROCHLORIDE,HTR1A
2-(PHENOXYMETHYL)BENZOTHIAZOLE,SMN2
CLOZAPINE,ELAVL2
CELECOXIB,PTGS1
CELECOXIB,CACNA1E
CELECOXIB,ATP2A2
COMPOUND 3 [PMID: 32636746],BDKRB2
CELECOXIB,PTGER4
CLOZAPINE,CCKBR
CLOZAPINE,PRKAB2
IMATINIB,SLCO1A2
TICLOPIDINE,HLA-B
CARVEDILOL,UGT2B7
AZACITIDINE,MTHFR
PHENYTOIN SODIUM,CYP1A1
ASPIRIN,PLCG1
FLUOROURACIL,WNT5B
DACARBAZINE,CYP1A1
INFLIXIMAB-DYYB,NFATC2
FLUOROURACIL,RALBP1
CLOZAPINE,HLA-DPB1
ASPIRIN,HLA-DPB1
RISDIPLAM,SMN1
CLOZAPINE,MC4R
PHENYTOIN SODIUM,UGT2B15
FLUOROURACIL,CYP2C19
GABAPENTIN,CYP2C19
TOLBUTAMIDE,CYP2C19
"IBUPROFEN, SODIUM SALT",NOS1
DABIGATRAN,APOB
RIBAVIRIN,CASP1
LAMOTRIGINE,HLA-C
ABIRATERONE ACETATE,SRD5A2
ONDANSETRON HYDROCHLORIDE,UGT1A1
OXYPHENCYCLIMINE,CHRM2
USTEKINUMAB,IL1B
NEVIRAPINE,NAT2
BUPRENORPHINE,SLC6A4
BUPRENORPHINE,ARRB2
NILOTINIB,GSTP1
ASPIRIN,NOS3
PAREGORIC,UGT1A7
"IBUPROFEN, SODIUM SALT",UGT2B7
PANOBINOSTAT,HDAC4
MOTESANIB,KIT
ALFIMEPRASE,FGB
CAPLACIZUMAB-YHDP,VWF
ANTI-CD3 MONOCLONAL ANTIBODY,CD3E
APC-100,AR
MACIMORELIN,GHRL
AR-42,HDAC5
PLACULUMAB,TNF
BELAGENPUMATUCEL-L,TGFB2
CGS8216,ARRB2
OCTREOTIDE ACETATE,SSTR2
DEVIMISTAT,PDK1
EFATUTAZONE DIHYDROCHLORIDE,PPARG
EW-A-401,VEGFA
FIPAMEZOLE,ADRA2C
FLUOCINONIDE,NR3C1
KETOPROFEN,PTGS1
M0002,AVPR2
PRAMIPEXOLE,DRD2
TAFASITAMAB,TNFRSF8
HSP90 INHIBITOR LAM-003A,HSP90AA1
MUPARFOSTAT,FLT1
NORELGESTROMIN,ESR1
INTERFERON ALFA-2B,IFNAR1
PONEZUMAB,APP
TABERMINOGENE VADENOVEC,FLT1
PRAMLINTIDE,RAMP2
TELMISARTAN,AGTR1
TORCETRAPIB,CETP
V24343,CNR1
VEGLIN,VEGFA
VB-201,PTGS1
DESOGESTREL,ESR1
MEPHOBARBITAL,GRIA2
MILRINONE,PDE4A
MOLINDONE,DRD2
PACRITINIB CITRATE,FLT3
NORGESTREL,ESR1
THIETHYLPERAZINE,CHRM3
TIAGABINE HYDROCHLORIDE,ABAT
ZOXAMIDE,AR
CHEMBL:CHEMBL585591,ATXN2
COLCHICINE,ABCB1
LOVASTATIN,PIK3CB
HEXOBARBITAL,CHRNA4
TIVOZANIB HYDROCHLORIDE,KIT
METARAMINOL,ADRA1A
CHEMBL:CHEMBL126804,CYP3A4
METHOTRIMEPRAZINE,CHRM3
METHOTRIMEPRAZINE,CHRM2
ORPHENADRINE,HRH1
GEMTUZUMAB OZOGAMICIN,CYP2E1
SULINDAC,PTGS1
ZANDELISIB,PIK3CD
LIXUMISTAT ACETATE,PRKAA2
CHEMBL:CHEMBL579725,ADRB2
ANTI-TIM3 MONOCLONAL ANTIBODY LY3321367,HAVCR2
CHEMBL:CHEMBL546797,NTRK1
MK-8353,EPHB2
LISAVANBULIN,TUB
FENTICLOR,NFE2L2
BIMEKIZUMAB,IL17F
L 755507,CYP3A4
GSK2831781,LAG3
BIMEKIZUMAB,IL17A
COTADUTIDE,GCG
(+)-JQ1,DNER
CHELERYTHRINE,ATXN2
CLANFENUR,GLP1R
SITAGLIPTIN,GPR119
AGT-182,INSR
RECOMBINANT HUMAN KALLIKREIN-1,INSR
RANIRESTAT,AKR1B1
SAR-113945,IKBKB
FEZAKINUMAB,IL22
TETRADECANOYLPHORBOL ACETATE,NFE2L2
SAPRISARTAN,AGTR1
LMB-2,IL2RA
DENBUFYLLINE,PDE4D
ALBUSOMATROPIN,GH1
NEUROKININ A,AQP5
OCAPERIDONE,DRD2
PRAZIQUANTEL,HPGDS
IGMESINE,SERPINA1
MIBEFRADIL,MTOR
CYCLOSPORINE,PPP3CA
PF-562271,GSK3B
ZOTAROLIMUS,MTOR
HSP90 INHIBITOR BIIB021,HSP90AA1
MALATHION,ACHE
RECOMBINANT FIBROBLAST GROWTH FACTOR 2,IL11
TASPOGLUTIDE,GLP1R
NELIVAPTAN,AVPR2
MK-2461,FGFR1
CAPTOPRIL,SST
MK-0354,HCAR2
264W94,SLC10A2
LADOSTIGIL,ACHE
SOTAGLIFLOZIN,SLC5A1
CYP17/CYP11B2 INHIBITOR LAE001,CYP17A1
LINERIXIBAT,SLC10A2
THIOPENTAL,FAAH
BETIFISOLIMAB,CD274
FLUFENAMIC ACID,PTGS2
MEDETOMIDINE,ADRA1A
MEDETOMIDINE,ADRA2C
APREMILAST,CDK6
CH 275,FAS
PROSAVIN,GCH1
PF-06291874,GCGR
AUTOLOGOUS CD30CAR-CD28-CD3ZETA-EXPRESSING T-LYMPHOCYTES,TNFRSF8
AUTOLOGOUS NKG2D CAR-CD3ZETA-DAP10-EXPRESSING T-LYMPHOCYTES CYAD-01,KLRK1
ALEFACEPT,CD58
LUTETIUM LU 177 DOTATATE,SSTR4
FELZARTAMAB,CD38
EPLIVANSERIN FUMARATE,HTR2C
PEGAPAMODUTIDE,GLP1R
DOXORUBICIN-MAGNETIC TARGETED CARRIER COMPLEX,TOP2A
SLV-334,ECE1
FASINUMAB,NGF
ETIPREDNOL DICLOACETATE,NR3C1
TREBANANIB,TNFRSF4
FIMEPINOSTAT,PIK3CG
ACRIVASTINE,HRH1
ARSENIC TRIOXIDE,IKBKB
AMPIROXICAM,COX8A
CONIVAPTAN,AVPR2
COSYNTROPIN,MC2R
DOPAMINE,DRD2
NICERGOLINE,ADRA2A
PHENYLEPHRINE,FGF2
TRIMAZOSIN,ADRA1D
VOLAGIDEMAB,GCGR
IVUXOLIMAB,TNFRSF4
SAR-405838,TP53
APLINDORE FUMARATE,DRD2
LUCATUMUMAB,CD40LG
SELODENOSON,ADORA1
LYSERGOL,A2M
ZIPRASIDONE,A2M
BROMOCRIPTINE,A2M
KETANSERIN,NAT2
KETANSERIN,SERPINA3
(+)-ADRENALINE,ABCA4
KETANSERIN,ABCA4
BROMOCRIPTINE,AOC1
SPIROXATRINE,AOC1
CABERGOLINE,AOC1
DPCPX,ABAT
PIRETANIDE,CD69
OBRINDATAMAB,GSTA1
TAK-020,EFNB2
[DES-ARG9]BRADYKININ,BDKRB2
INHIBITOR E4,CD27
[TYR8]BRADYKININ,BDKRB2
ACT-1014-6470,ACACB
WWGKKYRASKLGLAR,ACACA
JR14A,ACACA
MELK-TI,CYP2C8
COMPOUND 3 [PMID: 14640538],CYP27A1
AC-DEVD-CHO,CASP3
NIFEDIPINE,CACNA1D
FLUNARIZINE,ATP6V0A1
COMPOUND 1E [PMID: 27285276],CTSH
UCB35625,ACTA1
CCL7,ACTB
CCL11,ACTB
AZD3778,ACTB
AZD2098,CCR4
UROCORTIN 2,ALB
CXCL12&PHI;,ACTG1
TIBREMCICLIB,EIF4EBP1
CP-10,EIF4EBP1
TL1A,TNFRSF25
S416,DHODH
SERTINDOLE,ALDH1A1
VALEMETOSTAT,EZH2
MOBOCERTINIB,DXO
OLMUTINIB,DXO
CEDIRANIB,DRD1
LUCITANIB,DRD1
TINENGOTINIB,DRD1
CEDIRANIB,DRD3
AS604872,APOC2
AL12180,APOC2
PEXMETINIB,ENO2
FZM1,FZD4
&ALPHA;3IA,ARNT
GABOXADOL,ARNT
[3H]DIZOCILPINE,GRIN2B
NVP-AAM077,GRIN2B
G36,ALDH3B1
BRIMONIDINE,ADRA2B
NIACIN,ANXA11
SCRIPTAID,MSTN
BELINOSTAT,GAS2
MARBOSTAT-100,GAS1
TRICHOSTATIN A,GAS2
ABNORMAL CANNABIDIOL,ADCY3
AM3,FASLG
BAY-73-1449,APOC3
BARDOXOLONE,KEAP1
CEDIRANIB,DRD2
ERDAFITINIB,DRD2
MOTESANIB,DRD2
GEMCITABINE,BRCA2
TERGURIDE,HTR2B
P05,ARG1
EXAMPLE 320 [WO2018198077A2],CTSV
IBUTILIDE,CACNA1C
JNJ-28312141,EPHX2
CCT241161,EPHX2
INHIBITOR 19 [PMID: 21476495],LNPEP
RO3306,EGR4
COMPOUND 12 [PMID: 31990537],GALNT3
FARNESYL MONOPHOSPHATE,BIN1
VINTAFOLIDE,ESR1
OG-L002,GEM
CORTICOTROPIN-ZINC HYDROXIDE,ANG
[125I]ACTH-(1-24),ANG
COSYNTROPIN,ANG
BREMELANOTIDE,ANGPT1
SETMELANOTIDE,ANK1
PG-901,ANGPT1
SETMELANOTIDE,ANGPT2
MBP10,ANGPT2
&ALPHA;-MSH,ANGPT1
"(1S,3R)-ACPD",SLC25A4
[3H]ACETYLCHOLINE,AANAT
CLIDINIUM,AANAT
P-F-HHSID,AANAT
HEPARIN,PIK3CG
[3H]QNB,AANAT
MELATONIN,ANK2
GR 196429,ANK2
S26131,ANK2
DADLE,APOF
SRI22141,APOF
JINGZHAOTOXIN-III,BBS1
ELECLAZINE,BBS1
BC-III,BAX
"&ALPHA;-CONOTOXIN MII [H9A, L15A]",ATF3
CHLORMADINONE,AR
CASOPITANT,AQP3
FOSAPREPITANT,AQP3
EMETINE,HIF1A
SENKTIDE,AQP5
GR138676,AQP5
SCH 206272,AQP5
NEUROTENSIN,ANXA6
MRS2578,AIRE
SURAMIN,AIRE
P4PAL-10,APOH
BMS-986120,APOH
SLIGKV-NH2,APOE
DICUMAROL,NQO1
PIK-108,F5
TORIN 2,F3
COMPOUND 11J [PMID: 23021994],F5
PANULISIB,F5
QUINOSTATIN,F5
DEZAPELISIB,F5
EGANELISIB,PIK3CB
PIK-108,PIK3CB
AZD8835,PIK3CB
COMPOUND 27 [PMID: 35834807],PIK3CB
AZD8835,F7
SELETALISIB,F7
CYCLIC GMP,COL9A3
COMPOUND 53 [PMID: 19631533],COMT
PTH-(1-34) (RAT),XIAP
CHOLESTEROL,BCL2L1
COMPOUND 23 [PMID: 35816678],CTRB1
COMPOUND 35 [PMID: 20684608],CTRB1
COMPOUND 8A [PMID: 23713581],PTPRM
RELAXIN-3,APP
RELAXIN-3,APRT
RUTHENIUM RED,RYR2
AFD(R),AMY2A
COMPOUND 48 [PMID: 25815140],SLC28A2
SLB1122168,HBG2
BIM 23056,FASLG
CORTISTATIN-14,FASLG
KE 108,AQP1
"H-C[CYS-PHE-LAGL(N&BETA;ME,BENZOYL)-DTRP-LYS-THR-PHE-CYS]-OH",AQP1
SRIF-14,AQP2
"COMPOUND 5 [TOMASSI ET AL., 2020]",HLA-DMA
MINOCYCLINE,HLA-B
COMPOUND 2C [PMID: 24900538],FGF13
NEOCEPTIN-3,TLR4
LEVOTHYROXINE,THRB
SKF96365,ATP2A3
SF-51,ALDH7A1
ML1-SA1,ALDH7A1
COMPOUND 20 [PMID: 30998356],FGFR4
"D(CH2)5[TYR(ME)2,THR4,TYR(3125I)-NH29]OVT",AQP9
PD173074,FGFR1
PACLITAXEL,ERCC1
IRINOTECAN HYDROCHLORIDE,NRAS
EPIDERMAL GROWTH FACTOR RECEPTOR TYROSINE KINASE INHIBITOR,HRAS
TEMOZOLOMIDE,BRCA2
IPATASERTIB,PTEN
GEFITINIB,PIK3CA
LAPATINIB,ERBB3
NAVITOCLAX,ALK
CRENOLANIB,CBL
CHEMBL:CHEMBL80155,HSD17B10
BEZUCLASTINIB,KIT
TORIPALIMAB-TPZI,KIT
PEMBROLIZUMAB,KIT
LETROZOLE,KIT
DOXORUBICIN HYDROCHLORIDE,KMT2A
DAVUNETIDE,TUBB3
REFAMETINIB,NRAS
OBATOCLAX,NRAS
ALPELISIB,NRAS
NAB-PACLITAXEL,PIK3CA
UMI-77,PTEN
PKI-179,PTEN
TOPOTECAN HYDROCHLORIDE,PTEN
DOCETAXEL ANHYDROUS,PTEN
HARMAN,CYP3A4
HYDROCORTISONE VALERATE,NR3C1
CHEMBL:CHEMBL336095,ALDH1A1
INDIRUBIN-3'-MONOXIME,SMN1
6BETA-HYDROXYTESTOSTERONE,CYP2C19
IMIPRAMINE HYDROCHLORIDE,SLC6A4
PSORALEN,MAOA
KD3010,PPARD
PRAZOSIN,ADRA1D
LARGE NEUROMEDIN N,ANXA6
"5-QUINOXALIN-6-YLMETHYLENE-THIAZOLIDINE-2,4-DIONE",F5
GLYCINE,SLC38A4
SAMOTOLISIB,PIK3R1
"[111IN,90Y]DOTA-TOC",FASLG
BENZBROMARONE,CYP2C9
FLUOXETINE HYDROCHLORIDE,CYP3A4
FLUPIRTINE,HIF1A
ACTH,BDNF
OXIDOPAMINE,FAAH
BRIAKINUMAB,IL12A
NOREPINEPHRINE,ADRA1A
PANOBINOSTAT,HDAC1
ORTHOTOLIDINE,ESR1
CLARITHROMYCIN,IL10
4SC-202,VEGFA
PANITUMUMAB,NRAS
GSK-690693,PRKCZ
CHINOMETHIONAT,VDR
DIDANOSINE,CYP2D6
CAFFEINE,VDR
CLOTRIMAZOLE,CYP2D6
CHLOROQUINE,G6PD
THIETHYLPERAZINE,CHRM2
MM-121,ERBB3
[3H]LTB4,AMH
BNTX,APOF
AMPHOTERICIN B LIPOSOMAL,CYP2D6
RIPK3 INHIBITOR 18,FGR
VENLAFAXINE HYDROCHLORIDE,SLC6A4
ETHOXZOLAMIDE,CA2
QUAVONLIMAB,CTLA4
VATALANIB,NFE2L2
TESTOSTERONE,VDR
RETASPIMYCIN HYDROCHLORIDE,HSP90AA1
EMICERFONT,CRHR1
VOXTALISIB,MTOR
CARBIMAZOLE,TPO
CHEMBL:CHEMBL494081,HSD17B10
SIRUKUMAB,IL6R
GSK-1070806,IL18
ARDEPARIN SODIUM,SERPINC1
"PAROXETINE HYDROCHLORIDE, HEMIHYDRATE",DRD3
AXITINIB,KDR
SIROLIMUS,MTOR
"IBUPROFEN, SODIUM SALT",CYP3A4
LORATADINE,CYP3A5
CIFORADENANT,ADORA2A
METHYLINOSITOL,APP
DIAZOXIDE CHOLINE,ABCC8
VALBENAZINE,SLC18A2
FORETINIB,FLT3
SODIUM NITRITE,ALDH1A1
RETINOIC ACID AGENT,CRABP2
GATIFLOXACIN ANHYDROUS,HSD17B10
ABEMACICLIB,EIF4EBP1
CHEMBL:CHEMBL578061,RPS6KB1
[3H]CYTISINE,ZFHX3
VEMURAFENIB,PIK3CA
TANSHINONE IIA,AR
CENISERTIB,JAK2
VINDESINE SULFATE,AR
HYDROCORTISONE VALERATE,NFE2L2
ABIRATERONE ACETATE,CYP17A1
THIOUREIDOBUTYRONITRILE,TP53
GR94800,AQP4
ERLOTINIB,TP53
EMBELIN,HSD17B10
CARBAMAZEPINE,HLA-B
ANDROSTENEDIONE,RORC
NERISPIRDINE,KCNA2
PILOCARPINE HYDROCHLORIDE,FOS
CHLOROTRIANISENE,ESR1
CELECOXIB,BCAR1
VASOACTIVE INTESTINAL PEPTIDE,ADRA2B
OXYMETHOLONE,PLG
METAPROTERENOL,ADRB2
DRONABINOL,CNR1
BAICALEIN,ALDH1A1
SUBEROHYDROXAMIC ACID,HDAC9
AZD9898,LTC4S
POLYESTRADIOL PHOSPHATE,ESR1
IBRUTINIB,ATM
SPECTINOMYCIN HYDROCHLORIDE,RPSA
BISPHENOL A,PPARD
MIRTAZAPINE,CYP2D6
PLASMIN,FGB
CHEMBL:CHEMBL590949,GAA
LORNEIC ACID A,PDE5A
ATORVASTATIN CALCIUM TRIHYDRATE,NOS3
ARVERAPAMIL,CACNA1D
12-EPI LTB4,AMH
I-CBP112,KMT2A
BIM 23050,FAS
MEPREDNISONE,AR
RITONAVIR,IFNL3
TAZAROTENE,BCL2
PIMECROLIMUS,MTOR
SEMAGLUTIDE,GLP1R
EVANS BLUE,ALB
QUAZEPAM,TSPO
AR-42,HDAC1
NEUROPEPTIDE-Y,NPY1R
AKT INHIBITOR MK2206,ERBB2
FLINDOKALNER,KCNMA1
VATALANIB,RPS6KB1
EPOETIN ALFA,NTF3
NOMEGESTROL,PGR
NEVIRAPINE,CCHCR1
TADALAFIL,PDE5A
MEGESTROL ACETATE,ABCB1
COMPOUND 5D [PMID: 31335136],F5
METHOTREXATE,AFP
CHEMBL:CHEMBL299853,SMAD3
MESALAMINE,PTGS2
VESNARINONE,TP53
IBUTILIDE,KCNH2
PEMBROLIZUMAB,PDCD1
ENALAPRIL MALEATE,DAPK3
DESERPIDINE,VDR
OLVEREMBATINIB,FLT3
CHEMBL:CHEMBL379975,PRKAA1
CHEMBL:CHEMBL429095,SMAD3
CHEMBL:CHEMBL1537417,VDR
NORTRIPTYLINE,CES1
NADOLOL,ADRB1
X-82,KDR
"IBUPROFEN, SODIUM SALT",UGT2B17
IMATINIB,CYP2B6
METHYLDOPA ANHYDROUS,HSD17B10
6-AZAURIDINE,JAK2
AZD0156,ATM
RECOMBINANT MONOCYTE CHEMOATTRACTANT PROTEIN-1,SERPINE1
VODOBATINIB,SRC
DEURUXOLITINIB,EPHB2
SUNITINIB,NR1I2
CINNARIZINE,HRH1
CHEMBL:CHEMBL222993,ALOX15
VALPROIC ACID,HDAC4
PHENTOLAMINE MESYLATE,KCNH2
CHEMBL:CHEMBL587620,TP53
GW7647,NFKB1
CHEMBL:CHEMBL328710,ALDH1A1
SILIBININ,HSP90AA1
SB 206553,TP53
VATALANIB,FLT4
ZSTK474,PTEN
FLUFENAMIC ACID,AR
OPC-14523,HTR1A
INDIRUBIN-3'-MONOXIME,CYP3A4
CIFORADENANT,ABCA1
VONICOG ALFA,VWF
IMATINIB,EGFR
CXCL17,ADAM10
"D(CH2)5[D-ILE2,VAL4,TYR-NH29]AVP",ABCC6
PEMBROLIZUMAB,CD274
ACAMPROSATE CALCIUM,GRIN2B
OSI-930,FAH
SUNITINIB,VEGFC
ASPIRIN,TNFRSF11A
OXYCODEGOL,OPRM1
NIMODIPINE,NR3C2
AMISULPRIDE,HTR2C
COPANLISIB,PIK3CG
XL765,PIK3CA
[3H]CGS 21680,ABCA1
NALIDIXIC ACID,G6PD
CHEMBL:CHEMBL259421,NPC1
RABEPRAZOLE,VDR
DURVALUMAB,CD274
SULPIRIDE,GAPDH
VBY-825,CTSF
SIMVASTATIN,CYP1A2
GSK2646264,SLC29A1
ACROLEIN,ALDH1A1
IBRUTINIB,PIM1
NITROXOLINE,SMAD3
PIRENPERONE,KCNH2
VEMURAFENIB,MET
TRIFLURIDINE,ERBB2
ETIOCHOLANOLONE,CYP1A2
CHEMBL:CHEMBL515505,CYP2C9
TRIAMTERENE,GAA
PYROGALLOL RED,VDR
GLYCOPYRRONIUM,CHRM3
CHEMBL:CHEMBL299853,NFE2L2
GW441756X,CSNK1D
STAUROSPORINE,APLN
DESIPRAMINE,ARSA
6-O-BENZYLGUANINE,CYP2C19
IPRAGLIFLOZIN,SLC5A2
SALIRASIB,HRAS
AZD-4547,SLC26A3
AURIN,GLP1R
SELUMETINIB,ATM
CHEMBL:CHEMBL586344,KCNH2
NABUMETONE,SMN2
SOLIFENACIN SUCCINATE,CHRM2
ATROPINE,CHRM2
CINSEBRUTINIB,EFNB2
TRIFLUOPERAZINE,CSF2
CHEMBL:CHEMBL584626,SMAD3
CHEMBL:CHEMBL1405979,RELA
CHEMBL:CHEMBL1092740,PRMT1
SF-1126,PIK3CA
ASCORBIC ACID,G6PD
UPIDOSIN,ABCA4
CHEMBL:CHEMBL1078244,BRCA1
CLOZAPINE,LEP
PENTOSAN POLYSULFATE,VEGFA
FENOFIBRATE MICRONIZED,GCKR
AMBRISENTAN,EDNRA
EMODIN,ERBB2
CHEMBL:CHEMBL313737,ALDH1A1
EPINEPHRINE,AOC1
PUROMYCIN,CD34
CLOTRIMAZOLE,CYP3A4
FENOTEROL,ADRB2
T863,DGAT1
SURAMIN,ATP1A4
DIPHYLLIN,TOP2A
"IBUPROFEN, SODIUM SALT",CYP1A2
CHEMBL:CHEMBL1329443,NFE2L2
AZD2927,ASIP
PROTOAPIGENONE,VDR
CHEMBL:CHEMBL588234,KMT2A
FENRETINIDE,ESR1
TAMOXIFEN,GGT1
MARGETUXIMAB-CMKB,ERBB2
CHEMBL:CHEMBL591613,CYP2C19
ABROCITINIB,PTK2B
ACETAMINOPHEN,CYP2C9
ERLOTINIB HYDROCHLORIDE,EGFR
GC-376,CAPN1
DACINOSTAT,GAS1
NORMORPHINE,APOF
SELETALISIB,PIK3CB
MOZAVAPTAN,ABCC6
ANHYDROUS TACROLIMUS,PPP3CA
BIOFLAVONOID,PIK3CB
SARALASIN,AGTR1
CARBOPLATIN,RAF1
EPTACOG ALFA PEGOL (ACTIVATED),F7
EC 5-21,FASLG
BUTYRIC ACID,LDLR
KETOROLAC TROMETHAMINE,PTGS1
RESVERATROL,AR
CCPA,ABCA1
LITHOCHOLIC ACID,MAPK1
CHEMBL:CHEMBL184074,MAPK1
INFLIXIMAB-DYYB,NFKBIA
ENMD-2076,FLT1
LAPATINIB,ERBB2
SIVOPIXANT,ATP1A4
GLUCAGON HYDROCHLORIDE,GCGR
CHEMBL:CHEMBL292352,PPARD
GW441756X,IGF1R
CHEMBL:CHEMBL601135,CYP2D6
COUMARIN,CYP1A2
CLOPROSTENOL,APOC4
CHEMBL:CHEMBL29197,CYP1A2
NICLOSAMIDE,TP53
CHEMBL:CHEMBL605708,GLP1R
RG-4733,PSEN2
BUMETANIDE,ACE
BMS-770767,HSD11B1
FASUDIL,ROCK1
COMPOUND (S)-3H [PMID: 15686947],ACP5
HS014,ANGPT1
FEPRAZONE,AR
CHEMBL:CHEMBL260213,SMN2
BUTYRIC ACID,HDAC9
APADENOSON,ABAT
CHEMBL:CHEMBL373822,CDK2
BUPARLISIB,PIK3CA
RUXOLITINIB,IL7R
CARLUMAB,CCL2
VOSORITIDE,NPR2
[3H]NGD941,ALDH2
ARSENIC TRIOXIDE,DNMT1
BACLOFEN,BDNF
ETAMICASTAT,DBH
TESTOSTERONE,CYP2D6
ENTRECTINIB,NTRK1
CHEMBL:CHEMBL532141,KCNH2
TM38837,CNR2
COMPOUND 5D [PMID: 31335136],F7
CX-6258,PTEN
CEFTRIAXONE,CYP3A4
LY-2090314,PRKCD
SB203580,PRKD2
TOZASERTIB,PRKCZ
CHEMBL:CHEMBL27508,ADORA2B
TG-100-115,F7
COPANLISIB,F7
KANZONOL X,PPARG
TAMOXIFEN,NRG1
IS1,APOA1
INFLIXIMAB-DYYB,ADAM17
CHLOROPYRAMINE,CYP2C19
FLUSPIRILENE,XBP1
LORATADINE,CYP2D6
CHEMBL:CHEMBL408850,NPC1
CHEMBL:CHEMBL2095095,XBP1
CHEMBL:CHEMBL573111,NPC1
AZD-1080,PRKD2
TAMSULOSIN HYDROCHLORIDE,ADRA1D
CLODRONIC ACID,VDR
AMINOQUINURIDE,KMT2A
LIF,NR4A1
SELADELPAR,PPARD
UCN-01,CDK2
SAPANISERTIB,PIK3CA
NTP42,APOC4
"IBUPROFEN, SODIUM SALT",PIK3CA
TALBUTAL,CHRNA4
NETARSUDIL,ROCK1
GLIMEPIRIDE,KCNJ11
ADOMEGLIVANT,GCGR
RS-100329,ABCA4
TOZASERTIB LACTATE,LCK
HEXESTROL,AR
THEOPHYLLINE,IL2RA
BARDOXOLONE METHYL,AKT1
NAPROXEN SODIUM,CYP3A4
MIRABEGRON,CYP2D6
GABAPENTIN,CYP1A2
MANNITOL,PIK3CG
TEDIZOLID,RPSA
ILORASERTIB,CDKN2A
EVEROLIMUS,ERBB2
IMATINIB,PDGFB
PHENIRAMINE MALEATE,HRH1
HYDROXYZINE HYDROCHLORIDE,HRH1
LURASIDONE HYDROCHLORIDE,HTR2A
OLANZAPINE,HTR2C
LEVALLORPHAN TARTRATE,OPRM1
BUPRENORPHINE,OPRM1
TAPENTADOL HYDROCHLORIDE,OPRM1
PREDNISOLONE SODIUM PHOSPHATE,NR3C1
FLUOROMETHOLONE ACETATE,NR3C1
TRIAMCINOLONE DIACETATE,NR3C1
METHYLPREDNISOLONE ACETATE,NR3C1
CLOMIPHENE CITRATE,ESR1
FENOLDOPAM MESYLATE,DRD1
"SYNTHETIC CONJUGATED ESTROGENS, B",ESR1
MIRTAZAPINE,ADRA2C
CLONIDINE HYDROCHLORIDE,ADRA2A
THEOPHYLLINE SODIUM GLYCINATE,PDE3A
CLONIDINE HYDROCHLORIDE,ADRA2B
MIDODRINE,ADRA1D
FENOPROFEN CALCIUM,PTGS2
FLURBIPROFEN,PTGS2
ASPIRIN,PTGS2
FENOPROFEN CALCIUM,PTGS1
DICLOFENAC POTASSIUM,PTGS2
INDOMETHACIN,PTGS2
KETOROLAC TROMETHAMINE,PTGS2
GLYBURIDE,KCNJ11
NIMODIPINE,CACNA1C
DEXTROTHYROXINE,THRB
NATALIZUMAB,ITGB1
RIVASTIGMINE,BCHE
ABATACEPT,CD80
USTEKINUMAB,IL12B
PROPARACAINE HYDROCHLORIDE,SCN5A
RUFINAMIDE,SCN5A
PRAMLINTIDE ACETATE,RAMP2
LINEZOLID,RPSA
IXAZOMIB CITRATE,PSMB1
IXAZOMIB CITRATE,PSMD12
MOFAROTENE,RXRB
GLPG0492,AR
HYODEOXYCHOLIC_ACID,NR1H3
PF-562271,CDK9
MIRANSERTIB,AKT1
TELISOTUZUMAB,MET
AZD-4769,EGFR
CEP-7055,FLT1
MINOXIDIL,CYP1A2
CHEMBL:CHEMBL16751,MEN1
RGB-286638,CDK9
SB-85635,MAPK14
XL550,NR3C2
EBDAROKIMAB,IL12A
ZYH7,PPARA
AZD-1480,JAK2
PILARALISIB,PIK3CD
TG100-801,EPHB4
UCN-01,PRKCA
TG100-801,FGR
BGT-226,PIK3CB
INCB-40093,PIK3CD
VERUCERFONT,CRHR1
AZD2423,CCR2
DIPRAGLURANT,GRM5
MAPRACORAT,NR3C1
ACOLBIFENE,ESR1
PEFCALCITOL,VDR
CEDIRANIB,KDR
ENZASTAURIN,PRKCB
ESKETAMINE,GRIN2B
DABIGATRAN,F2
ERYTHRITYL TETRANITRATE,NPR1
ERITORAN TETRASODIUM,LY96
ETORICOXIB,PTGS2
BENZYDAMINE,PTGS1
SEMAGACESTAT,PSEN2
EPLIVANSERIN,HTR2A
EMIXUSTAT,RPE65
CHEMBL:CHEMBL324053,HDAC1
PEGPLERANIB SODIUM,PDGFB
NIVOCASAN,CASP1
OBATOCLAX MESYLATE,BCL2L1
LEVOSIMENDAN,PDE3A
GUSELKUMAB,IL23A
TILDRAKIZUMAB,IL12B
TILDRAKIZUMAB,IL23A
FRESOLIMUMAB,TGFB1
[3H]4-DAMP,AANAT
ENLIMOMAB PEGOL,ICAM1
GSK690693,FLT3
AZARIBINE,UMPS
AMINEPTIN,DRD1
TESMILIFENE,CYP3A4
ZATUXIMAB,EGFR
LUTETIUM DOTATATE LU-177,SSTR5
RISANKIZUMAB,IL23A
PF-04691502,CDKN2A
PALBOCICLIB,PGR
ALISPORIVIR,PPIA
FEDRATINIB HYDROCHLORIDE,FLT3
UPADACITINIB,JAK2
ESTRIOL,ESR1
CYCLOBENZAPRINE,CYP2D6
ESFLURBIPROFEN,PTGS1
IBUDILAST,PDE3A
NAFTOPIDIL,ADRA1D
IMIDAPRIL,ACE
LOXOPROFEN,PTGS2
RG-7841,TUBB4A
PHENPROCOUMON,CYP2C19
IGURATIMOD,TRAF3IP2
MITIGLINIDE CALCIUM DIHYDRATE,ABCC8
MITIGLINIDE CALCIUM DIHYDRATE,KCNJ11
VOLIXIBAT,SLC10A2
PASCOLIZUMAB,IL4
BINTRAFUSP ALFA,TGFB3
BINTRAFUSP ALFA,TGFB2
PEGBELFERMIN,FGF1
"INSULIN, REGULAR, HUMAN",GRB14
OLECLUMAB,NT5E
MK-0767,PPARG
PACLITAXEL DOCOSAHEXAENOIC ACID,TUBB3
PATUPILONE,TUBB3
RELAMORELIN,GHSR
SNX 5422,HSP90AA1
OLODANRIGAN,AGTR2
ENFORTUMAB VEDOTIN-EJFV,TUBB3
SOFITUZUMAB VEDOTIN,TUBB3
SOFITUZUMAB VEDOTIN,TUBB4A
ERYTHROMYCIN ACISTRATE,RPSA
NIPOCALIMAB,FCGRT
"INSULIN, PROTAMINE ZINC",INSR
INCB-086550,CD274
TRENONACOG ALFA,F9
ABBV-3373,TNF
SETANAXIB,NOX1
TRIMEGESTONE,PGR
PHLOROGLUCINOL,CACNB3
MILATAXEL,TUBB3
MILATAXEL,TUBB4A
DEPEMOKIMAB,IL5
APELIN,APLNR
LOVASTATIN,HMGCR
PICTILISIB,PIK3CB
NIVOLUMAB,PDCD1
VORINOSTAT,HDAC2
E4031,CYP2C19
CHLORMADINONE ACETATE,AR
PROPYLPYRAZOLETRIOL,ESR1
MAYTANSINE,TUBB4A
MAYTANSINE,TUBB3
"2,6-DIMETHOXYQUINONE",WRN
6-O-BENZYLGUANINE,MGMT
CHEMBL:CHEMBL471225,HIF1A
CHEMBL:CHEMBL1500913,GNAS
CHEMBL:CHEMBL1326164,SMN1
AMDINOCILLIN,AR
CHEMBL:CHEMBL593366,AR
RO 8-4304,KCNH2
CHEMBL:CHEMBL260213,NPC1
CHEMBL:CHEMBL1089321,ENPP2
NICLOSAMIDE,GNAS
APOMORPHINE,VDR
ISOETHARINE,VDR
CHEMBL:CHEMBL476968,NQO1
RUTAECARPINE,HSD17B10
FURAMIDINE,HSD17B10
LUFENURON,ALOX15
CHEMBL:CHEMBL1392244,ALDH1A1
IMIDOCARB DIPROPIONATE,UBE2N
GW441756X,NTRK1
ANECORTAVE ACETATE,AR
TAMOXIFEN CITRATE,CYP2D6
CHEMBL:CHEMBL120806,CYP2C9
ASTERRIC ACID,SUMO1
4-NONYLPHENOL,ESR1
OXYPHENONIUM BROMIDE,NFE2L2
PYRIDOSTIGMINE BROMIDE,AR
EBSELEN,VDR
FENTHION,CYP3A4
GW441756X,MAP4K4
CHEMBL:CHEMBL261693,AGTR1
METOLAZONE,HSD17B10
NIHYDRAZONE,AR
"4',7-DIMETHOXY-5-HYDROXYGENISTEIN",RELA
"4',7-DIMETHOXY-5-HYDROXYGENISTEIN",NFKB2
AG 9,ALDH1A1
BROQUINALDOL,AR
4-(2-AMINOETHYL)BENZENESULFONYL FLUORIDE,CYP2D6
FURATHIOCARB,VDR
RESORCINOL MONOACETATE,CYP3A4
DIFLUCORTOLONE 21-VALERATE,AR
ZOLANTIDINE,CYP2D6
VORINOSTAT,HDAC3
ANGUSTIBALIN,NFE2L2
PHA-767491,PKN2
MANGOSTIN,TP53
CHEMBL:CHEMBL406557,NFKB1
CHEMBL:CHEMBL2095095,ATXN2
TIMOLOL,ADRB1
CHEMBL:CHEMBL458602,NR1I3
CHEMBL:CHEMBL411085,TP53
CHEMBL:CHEMBL528734,MEN1
GINSENOSIDE RG3,NFE2L2
CHEMBL:CHEMBL577887,HSD17B10
DIGITOXIN,NFE2L2
DANAZOL,CYP1A2
CDK1/5 INHIBITOR,CYP1A2
SB 242084,DRD1
CHEMBL:CHEMBL584854,CYP2C19
ETHACRYNIC ACID,CYP2C9
VINCRISTINE,TUBB3
VINCRISTINE,TUBB4A
DAPSONE,CYP3A4
TAK-779,CCR2
CHEMBL:CHEMBL597670,NR5A1
CHEMBL:CHEMBL328710,SMN2
CHEMBL:CHEMBL524449,MIF
ERYTHROMYCIN,CYP2C19
DICUMAROL,CYP2C9
FLUOXETINE HYDROCHLORIDE,CYP1A2
NIFLUMIC ACID,GPR35
METHYLNITROSOUREA,AFP
QUERCITRIN,P4HB
SULCONAZOLE NITRATE,TP53
DOCEBENONE,CYP2C9
ADJUVANT,NOS1
MOCETINOSTAT,HDAC1
GO-6976,MAPK8
U-0126,ALOX15
TERGURIDE,ALDH1A1
IMIPRAMINE HYDROCHLORIDE,CYP2C19
RESERPINE,KCNH2
CHEMBL:CHEMBL1269022,CYP2C9
CHLORPYRIFOS-METHYL,VDR
CORTICOTROPIN,MC2R
GAMBOGIC ACID,MAPK3
RESVERATROL HEXANOIC ACID,TLR2
TOREMIFENE,HNF4A
CHEMBL:CHEMBL166486,ALDH1A1
PHA-767491,CDK9
NORETHINDRONE,NFE2L2
TETRAHYDROCANNABIVARIN,TRPV5
IMIPRAMINE HYDROCHLORIDE,DRD1
2-CHLOROADENOSINE,HIF1A
DIENESTROL,CYP3A4
CHEMBL:CHEMBL600968,NPC1
NILUTAMIDE,CYP3A4
PHA-767491,CDK4
GO-6976,INSR
CGP7930,DRD1
VERAPAMIL,CYP3A4
RU 24969,CYP3A4
BENZO(K)FLUORANTHENE,TP53
IODOQUINOL,HSP90AA1
AMINOPHYLLINE,ADORA2A
CHLORPHRIFOS OXON,PPARD
PHENYLBUTAZONE,CYP1A2
NOCODAZOLE,CREBBP
TERTATOLOL,ADRB2
AMINODIMETHOXYQUINAZOLINYLPIPERAZINE,UBE2N
TRIAMCINOLONE,CYP2C9
PYRAZINAMIDE,CYP3A4
OXATOMIDE,CYP2D6
PYRIDALYL,NFE2L2
LITHOCHOLIC ACID,GPBAR1
CHEMBL:CHEMBL1530911,SMAD3
PHENYLBUTAZONE,ALB
BENZO(K)FLUORANTHENE,AHR
TETRADECYLTHIOACETIC ACID,PPARA
NABUMETONE,SMN1
ENDRIN,NFE2L2
DIFLOXACIN HYDROCHLORIDE,AR
TANDUTINIB,ACVR1
CHEMBL:CHEMBL1371696,CYP1A2
HALOPERIDOL DECANOATE,KCNH2
URSODIOL,CD40LG
CHEMBL:CHEMBL466465,ARSA
DACTOLISIB,CDK7
AROTINOID ACID,HSD17B10
AMPEROZIDE,DRD1
DIPHENIDOL,CYP2D6
METRONIDAZOLE,ALDH1A1
(R)-PINOCEMBRIN,CYP2C19
CHEMBL:CHEMBL592316,ATXN2
RECOMBINANT INTERLEUKIN-1,LIF
CHEMBL:CHEMBL379975,HIPK2
BUTORPHANOL,CYP1A2
TUBERCIDIN,ATXN2
GLUTAMIC ACID,GRIA2
DACTINOMYCIN,RORC
KETANSERIN,DRD1
ARTEMISININ,ALDH1A1
EDARAVONE,VDR
PYRITHIONE,VDR
CHEMBL:CHEMBL587615,PRKAA1
ZM447439,MET
INDOMETHACIN,CYP2C19
CYCLOHEXIMIDE,PPARD
LENVATINIB,KDR
TETRACYCLINE,SOD1
SULPIRIDE,CYP2C19
CHEMBL:CHEMBL546493,ATXN2
N-OLEOYLETHANOLAMIDE,HSP90AA1
DAPSONE,CYP2C9
CENISERTIB,PTK2B
CHEMBL:CHEMBL482792,PLIN1
HAEMATOXYLIN,CDK5R1
MARIMASTAT,ADAM17
DIPICOLINIC ACID,PTPN22
CHEMBL:CHEMBL601757,SMAD3
GENTIAN VIOLET CATION,SNCA
PHENYLBUTAZONE,CYP2D6
CHEMBL:CHEMBL2028056,KCNH2
CHEMBL:CHEMBL451226,HIF1A
ANTIMYCIN A,TP53
DIDANOSINE,CYP2C9
OLOMOUCINE,CDK5
DIMETHYLPINOCEMBRIN,HSD17B10
PRAZOSIN HYDROCHLORIDE,HSD17B10
CHEMBL:CHEMBL547285,HSP90AA1
TO-901317,ATXN2
FENRETINIDE,NFKB1
GW5074,CYP3A4
CHEMBL:CHEMBL578420,MTOR
GW7647,RXRA
CHEMBL:CHEMBL85826,NFKB1
CHEMBL:CHEMBL85826,NFKB2
CHEMBL:CHEMBL85826,RELA
CHEMBL:CHEMBL590670,CYP3A4
CAMPHOR OIL,ALDH1A1
CHEMBL:CHEMBL602990,ALDH1A1
CHEMBL:CHEMBL469309,CYP1A2
MICHLER'S KETONE,TP53
CHEMBL:CHEMBL589909,GLP1R
CHEMBL:CHEMBL531079,NFE2L2
SB-431542,CYP3A4
CHEMBL:CHEMBL429095,CYP3A4
CHEMBL:CHEMBL604311,ADRB2
DEQUALINIUM CHLORIDE,CYP3A4
FUROXAN,TP53
(S)-NITRENDIPINE,CYP2C19
BMS309403,APOA1
LEUCINE,CYP2D6
CHEMBL:CHEMBL589245,ATXN2
"2,6-DIMETHOXYQUINONE",TP53
ALPRAZOLAM,CREBBP
PURVALANOLA,HSD17B10
GENTIAN VIOLET CATION,KCNH2
PREDNISONE,HSD17B10
SB-431542,HSD17B10
MANZAMINE A,GSK3B
RESERPINE,AR
HALOPERIDOL DECANOATE,AR
ACID BLUE 129,THRB
BAICALEIN,HSD17B10
CHEMBL:CHEMBL606166,ALDH1A1
SB203580,HSD17B10
CHEMBL:CHEMBL515505,CASP6
BARDOXOLONE METHYL,AR
CHEMBL:CHEMBL601757,GAPDH
GW441756X,HIPK2
PHENTOLAMINE,ADRA2A
MYRICETIN,PIK3CA
NAKIJIQUINONE I,ERBB2
ALISERTIB,ERBB4
LICARIN A,SNCA
CHEMBL:CHEMBL473721,HSP90AA1
CHEMBL:CHEMBL336095,CYP2D6
CHEMBL:CHEMBL582767,KCNH2
GW405833,CYP3A4
CHEMBL:CHEMBL299853,ATM
CHEMBL:CHEMBL1256291,GPR35
CHEMBL:CHEMBL1326164,NPC1
ALACHLOR,ESR1
HAEMATOXYLIN,ALOX15
CHEMBL:CHEMBL601757,TP53
CHEMBL:CHEMBL428402,ABCG2
OXYPHENBUTAZONE,AR
CHEMBL:CHEMBL1517542,NPC1
2-CHLOROADENOSINE-5-TRIPHOSPHATE,DRD1
DOXORUBICIN HYDROCHLORIDE,CYP2C9
FLUFENAMIC ACID,CYP1A2
METFORMIN,PRKAB2
METFORMIN,PRKAA1
SPIPERONE,CYP2C19
CHEMBL:CHEMBL529177,RPS6KA3
CHEMBL:CHEMBL429095,THRB
FLUSPIRILENE,KCNH2
NEVIRAPINE,ABCB1
STICTIC ACID,VDR
SAPONARIN,PRKAG3
SAPONARIN,PRKAB2
"7,8-DIHYDROXYFLAVONE",VDR
OCTOCRYLENE,AR
GO-6976,FLT3
OLANZAPINE,GFER
SB-431542,CYP2D6
LY-294002,PIK3CA
"L-161,982 (EP4A)",VDR
CHEMBL:CHEMBL401844,ADCY5
CGP7930,CYP1A2
GW5074,KCNH2
CHEMBL:CHEMBL260213,SMN1
CHEMBL:CHEMBL328710,NPC1
CHLOROXURON,NFE2L2
ALAPROCLATE,CYP3A4
CHEMBL:CHEMBL258465,CYP2C19
CHEMBL:CHEMBL1312050,MEN1
TAMOXIFEN CITRATE,ESR1
GAMBOGIC AMIDE,NTRK1
TALMAPIMOD,MAPK14
CAMPHOR OIL,ESR1
TO-901317,PPARA
CHEMBL:CHEMBL596847,ALDH1A1
CDK1/5 INHIBITOR,CYP2C9
LOTEPREDNOL,NFE2L2
CHEMBL:CHEMBL601142,GFER
CHEMBL:CHEMBL602150,TP53
PHA-767491,DAPK3
DIMETHYLPINOCEMBRIN,CYP3A4
ESCULIN,AR
CHEMBL:CHEMBL471225,CYP1A2
GW7647,DRD1
CYPROTERONE ACETATE,NR3C1
AM-630,CYP3A4
SB203580,FLT4
DICHLORODIPHENYLDICHLOROETHYLENE,RORC
TANSHINONE IIA,VDR
TERBUTALINE SULFATE,ADRB2
MEFLOQUINE HYDROCHLORIDE,ATXN2
HEXESTROL,NFE2L2
CRYPTOTANSHINONE,SMAD3
OXYMETAZOLINE HYDROCHLORIDE,KCNH2
NICLOSAMIDE,CYP2C9
ZERANOL,CYP3A4
NICARDIPINE,AR
(S)-NITRENDIPINE,CYP3A4
THEONELLASTEROL F,NR1I2
PTEROSTILBENE,GFER
"1,2-DIHYDROXYNAPHTHALENE",PTPRC
CHEMBL:CHEMBL600103,SMN1
NICLOSAMIDE,MTOR
ERYTHROMYCIN,CYP2C9
ABEMACICLIB,ERBB2
DILTIAZEM HYDROCHLORIDE,CYP2C19
BOCEPREVIR,IFNL3
CHEMBL:CHEMBL591613,SMAD3
ATEZOLIZUMAB,ALK
DOCETAXEL ANHYDROUS,ESR1
DOCETAXEL ANHYDROUS,PGR
ANDROSTENEDIONE,AR
ILOPERIDONE,CYP2D6
ONDANSETRON HYDROCHLORIDE,CYP2D6
PRASUGREL,CYP2C9
PRASUGREL,CYP3A5
VALPROIC ACID,POLG
ALK INHIBITOR ASP3026,ALK
CENISERTIB,AKT1
REMTOLUMAB,TNF
IDELALISIB,PIK3CD
REGORAFENIB,KDR
APATINIB,KDR
BEVACIZUMAB-AWWB,VEGFA
CLOFARABINE,FLT3
TRAMETINIB DIMETHYL SULFOXIDE,MAP2K3
ANTI-FLT3/CD3 BISPECIFIC ANTIBODY CLN-049,FLT3
BRIGATINIB,ALK
CELECOXIB,PTGS2
SIROLIMUS,ABCB1
TRICHOSTATIN A,ABCB1
RANITIDINE HYDROCHLORIDE,ABCB1
ITRACONAZOLE,ABCG2
SILYMARIN,ABCG2
METHOTREXATE,ABCC4
ADENOVIRUS VECTOR,AGT
MASOPROCOL,ALOX5
CYCLOOXYGENASE INHIBITOR,APLN
TESTOSTERONE,APOA1
MEDROXYPROGESTERONE,BAX
ACELLULAR DERMAL MATRIX,BAX
METHOTREXATE,BAX
NAFOXIDINE,BAX
ANESTHETIC AGENT,BCHE
SURAMIN,CCNA2
MUROMONAB-CD3,CD40LG
PROPANIDID,ACHE
METHYLPREDNISOLONE,CD80
APIGENIN,CYP3A4
GONADORELIN ACETATE,CDC42
PENTETIC ACID,CDKN1A
NALTREXONE,OPRM1
RECOMBINANT HEPATOCYTE GROWTH FACTOR,CDK2
VINCRISTINE,CDKN1B
TESTOSTERONE,CHAT
TAMOXIFEN,CETP
PILOCARPINE HYDROCHLORIDE,CHAT
BUTYLATED HYDROXYTOLUENE,CYP2B6
AMPHOTERICIN B LIPOSOMAL,CYP3A4
EPIGALLOCATECHIN GALLATE,CYP3A4
BUDESONIDE,EDN1
TRETINOIN,FLT3
PACLITAXEL,EDNRB
NORETHINDRONE ACETATE,EDN1
NICOTINE POLACRILEX,E2F1
TAMOXIFEN,ERBB2
VORINOSTAT,ERBB2
CHOLECALCIFEROL,FAS
METHAPYRILENE,CYP2D6
FAS LIGAND,FOXO1
ANTIDEPRESSANT AGENT,GABBR1
PROPRANOLOL HYDROCHLORIDE,G6PD
PROGESTIN,G6PD
PRASTERONE,GFAP
PROPRANOLOL HYDROCHLORIDE,GFAP
PROCARBAZINE HYDROCHLORIDE,GFAP
MIFEPRISTONE,GSTP1
IODOPHENPROPIT,CYP3A4
ITRACONAZOLE,HMGB1
ESTRADIOL VALERATE,HP
PIOGLITAZONE HYDROCHLORIDE,HSPA4
NIMESULIDE,HSPA4
MASOPROCOL,HSPA4
ASCORBIC ACID,HSPA4
METHYLPREDNISOLONE,IFNG
DEHYDRATED ALCOHOL,IGFBP1
PALMITATE,ESR1
GEFITINIB,IGF2
SIROLIMUS,IGFBP1
THEOPHYLLINE,IFNG
BUSERELIN,IGFBP1
IMMUNOADJUVANT,IL15
LEVODOPA,IL15
SIROLIMUS,IL17A
BECLOMETHASONE DIPROPIONATE,IL1B
ANTIDEPRESSANT AGENT,IL1B
ADENOVIRUS VECTOR,IL5
FLUOROURACIL,IL6R
ALUMINUM HYDROXIDE,CXCL8
ALPRAZOLAM,CXCL8
IMMUNOTHERAPEUTIC AGENT,NT5E
SIROLIMUS,IL7
BIOFLAVONOID,CXCL8
DRUGSATFDA.NDA:008378,IL7
PACLITAXEL,CXCL8
CLOMIPHENE CITRATE,LIF
BIOFLAVONOID,MBP
G207,MGMT
LEUPROLIDE ACETATE,MMP1
TENECTEPLASE,MPO
DEHYDRATED ALCOHOL,MTHFR
THIOGUANINE,MYC
PROTEASOME INHIBITOR,MYC
PD-98059,NEUROD1
NEUROPROTECTIVE AGENT,NFE2L2
ANTIBIOTIC,NOS1
THEOPHYLLINE,NOS1
PROPOFOL,NOS1
STAUROSPORINE,NOS1
PRAVASTATIN SODIUM,NOS1
ANAKINRA,NOS1
THERAPEUTIC STEROID HORMONE,NOS2
PD-98059,NR4A1
NICOTINE POLACRILEX,NR4A1
LIOTHYRONINE,NR5A1
INOSITOL,NT5E
PHENYTOIN SODIUM,NTF3
LIOTHYRONINE,NTF3
VINCRISTINE,NTF3
NICOTINE POLACRILEX,NTF3
IL-10,OSM
THYROXINE,NTRK1
RECOMBINANT HEPATOCYTE GROWTH FACTOR,PIK3CA
ANGIOGENESIS INHIBITOR,PIK3CA
MELOXICAM,AR
RETINOIC ACID AGENT,PIK3CB
INDOLE-3-CARBINOL,PIK3CB
IH636 GRAPE SEED PROANTHOCYANIDIN EXTRACT,PIK3CG
ESTRONE,PIK3CG
RECOMBINANT CD40-LIGAND,PIK3CG
PROTEASOME INHIBITOR,PSMD7
DESIPRAMINE,SLC6A4
VINBLASTINE,PTHLH
DIFFERENTIATION INDUCER,PTHLH
MILODISTIM,PTPRC
SIGNAL TRANSDUCTION INHIBITOR,MAPK3
RETINOIC ACID AGENT,RPE65
NORETHINDRONE ACETATE,SERPINE1
ARSENIC TRIOXIDE,SERPINE1
CETRORELIX,SERPINE1
PIOGLITAZONE HYDROCHLORIDE,SLC2A1
PHENYTOIN SODIUM,SLC2A1
PROTEASOME INHIBITOR,TGFB1
PIOGLITAZONE HYDROCHLORIDE,TGFB1
ACTH,THBS1
IONOMYCIN,TGM2
VESNARINONE,THBS1
BROXURIDINE,TOP2A
INOSITOL,TP53
PUROMYCIN,TP53
PACLITAXEL,TP53
MPA,TP53
SELECTIVE ESTROGEN RECEPTOR MODULATOR,TP53
PROPOFOL,TRPV1
ANTIMETABOLITE,TPK1
ERYTHROMYCIN,TRH
ADRIAMYCIN,UGCG
NICOTINE POLACRILEX,UGT1A7
SOYBEAN SEED OIL,UCP2
TAMOXIFEN,VDR
PD-98059,VDR
RIBAVIRIN,VIP
WARFARIN,VWF
PENTOXIFYLLINE,VWF
FLUINDIONE,VKORC1
"PAROXETINE HYDROCHLORIDE, HEMIHYDRATE",GDNF
NIVOLUMAB,ERBB2
LAMIVUDINE,ABCC2
DOPAMINE,ADRA1A
FLOXACILLIN,NR1I2
SPIRONOLACTONE,NR1I2
EMAPALUMAB-LZSG,XIAP
SULFADIAZINE,G6PD
NORETHINDRONE,CYP2C19
PROPAFENONE,CYP3A4
DIFLOMOTECAN,ABCG2
VINBLASTINE,GSTM1
VINBLASTINE,CYP3A4
TRAMADOL,HCN1
TENOFOVIR,ABCG2
CLAVULANIC ACID,HLA-DRA
SIMVASTATIN,CEL
ACENOCOUMAROL,GATA4
METHYLPHENIDATE HYDROCHLORIDE,ETFDH
METHYLPHENIDATE HYDROCHLORIDE,OPCML
CYTARABINE,PNPLA3
CLOZAPINE,GCG
USTEKINUMAB,IL13
DICLOFENAC SODIUM,UGT2B7
DICLOFENAC SODIUM,PLA2G4A
ATORVASTATIN CALCIUM TRIHYDRATE,DRD3
ATORVASTATIN CALCIUM TRIHYDRATE,MTHFR
ATORVASTATIN CALCIUM TRIHYDRATE,MYLIP
ATORVASTATIN CALCIUM TRIHYDRATE,ABCA1
ATORVASTATIN CALCIUM TRIHYDRATE,BDKRB2
USTEKINUMAB,STAT4
ETOPOSIDE,GSTM1
PROGESTERONE,CYP3A5
MOCLOBEMIDE,CYP2C19
INEBILIZUMAB-CDON,AQP4
SUNITINIB,CXCL8
SUNITINIB,CYP3A4
SUNITINIB,PDGFRB
"IBUPROFEN, SODIUM SALT",FAAH
CHLORPHENIRAMINE POLISTIREX,CYP2D6
ALLOPURINOL,UGT1A7
CHEMBL:CHEMBL1256835,CYP3A4
ALLOPURINOL,NOTCH4
IPRIFLAVONE,SMN1
INFLIXIMAB-DYYB,TLR9
RIBAVIRIN,VDR
CHLORZOXAZONE,CYP3A4
NILOTINIB,CYP3A4
GABAPENTIN,CYP3A4
HYDROCODONE,CYP3A4
CHEMBL:CHEMBL2203705,TACR3
ZOLPIDEM TARTRATE,CYP3A4
TRAMETINIB DIMETHYL SULFOXIDE,HRAS
RECOMBINANT TRANSFORMING GROWTH FACTOR-BETA-2,PTH
CELECOXIB,CDKN1A
CLOZAPINE,HLA-B
BELZUTIFAN,CYP2C19
MEPHENYTOIN,CYP2B6
BENAZEPRIL,AGTR1
PRAVASTATIN SODIUM,HLA-DRB1
DACARBAZINE,CYP1A2
AMITRIPTYLINE HYDROCHLORIDE,BDNF
AMITRIPTYLINE HYDROCHLORIDE,CES1
AMITRIPTYLINE HYDROCHLORIDE,EPHX1
RIBAVIRIN,OAS1
IMATINIB,ARID5B
DILTIAZEM HYDROCHLORIDE,SLCO1B1
CAFFEINE,ADORA1
CLOZAPINE,SLC6A4
LAMOTRIGINE,HLA-DQB1
FLUOROURACIL,CBR1
FLUOROURACIL,CYP2C8
NOREPINEPHRINE,ADRA2C
RIBAVIRIN,SLC6A4
THIORIDAZINE,CYP1A2
ACETAMINOPHEN / CODEINE,G6PD
ASCORBIC ACID,TXNRD1
PEGINTERFERON ALFA-2A,FTO
PEGINTERFERON ALFA-2A,IFNL3
PAREGORIC,IL1B
USTEKINUMAB,IL17F
TERFENADINE,KCNA5
LONAFARNIB,LMNA
SU-014813,KDR
BIM 23454,FASLG
LEUCOVORIN CALCIUM,PTEN
K-00546,DRD1
BELINOSTAT,HDAC5
SUNITINIB,CTSV
CUDC-101,HDAC9
TARENFLURBIL,BACE1
DALOTUZUMAB,IGF1R
NOBERASTINE,HRH1
C-MET INHIBITOR AMG 208,MET
CRIZOTINIB,MET
CEDIRANIB,PDGFRB
XL228,SRC
PANOBINOSTAT,SIRT2
R3(B&DELTA;23-27)R/I5 CHIMERIC PEPTIDE,APRT
PAN-HER KINASE INHIBITOR AC480,ERBB2
THEOPHYLLINE,PDE4A
SENREBOTASE,ADRA2C
SELURAMPANEL,GRIA4
CHEMBL:CHEMBL247471,PSEN2
CHEMBL:CHEMBL247471,PSEN1
CHIDAMIDE,HDAC3
INFIGRATINIB,PIK3CD
NIACIN,HCAR3
DARUSENTAN,EDNRA
DACETUZUMAB,CD40
CYT006-ANGQB,AGT
DAPOXETINE,SLC6A4
FENOFIBRATE MICRONIZED,CYP3A4
DASATINIB ANHYDROUS,SRC
ADENOVIRAL TRANSDUCED HIL-12-EXPRESSING AUTOLOGOUS DENDRITIC CELLS INXN-3001 PLUS ACTIVATOR LIGAND INXN-1001,IL12B
SILDENAFIL,PDE5A
PEPTIDE YY,NPY5R
PRIMAQUINE,THRB
VATIQUINONE,NQO1
EPROTIROME,THRB
GEPIRONE,HTR1A
RIVIPANSEL,SELL
GW501516,PPARA
"IBUPROFEN, SODIUM SALT",PTGS2
LOBELINE,SLC18A2
LICOFELONE,PTGS2
VORTIOXETINE HYDROBROMIDE,HTR1A
OLANZAPINE,HRH1
OLANZAPINE,ADRA2C
OLANZAPINE,CHRM3
OREGOVOMAB,MUC16
OPC-14523,SLC6A4
SPARSENTAN,AGTR2
LEVOCARNITINE PROPIONATE,CRAT
LEVOCARNITINE PROPIONATE,CPT1A
TRAMADOL,SLC6A4
DEXAMETHASONE,GSTP1
RESINIFERATOXIN,TRPV1
EZOGABINE,KCNQ1
RIDAFOROLIMUS,MTOR
PALIFERMIN,FGFR1
RECOMBINANT NEMATODE ANTICOAGULANT PROTEIN C2,F3
RTA 744,TOP2A
SF1126,PIK3CA
QUETIAPINE FUMARATE,HTR2B
DOXEPIN HYDROCHLORIDE,CHRM3
PENECA,ABCA1
PICTILISIB,F5
CILOSTAMIDE,HSD17B10
SNS-032,CDK9
EFAVIRENZ,CYP2B6
TRICIRIBINE,AKT1
NADOLOL,SLCO1A2
SULFAPHENAZOLE,CYP2C19
PIVAMPICILLIN,CYP3A4
VTP-27999,REN
POTASSIUM DICHROMATE,NR3C1
DIPIVEFRIN,ADRB1
XL765,PIK3CG
XL999,KDR
XL418,AKT2
ZIPRASIDONE,DRD2
BENZONATATE,SCN5A
PENTAGASTRIN,CCKBR
NAVTEMADLIN,TP53
PHENYLPROPANOLAMINE,ADRA2A
PRAZOSIN,ADRA1A
VANOXERINE,ADORA3
GEDUNIN,HSP90AA1
CABERGOLINE,DRD2
CLORAZEPATE,TSPO
DIPHENHYDRAMINE,HRH1
HYDROCORTAMATE,NR3C1
ISOETHARINE,ADRB1
INAMRINONE,PDE3A
BEZAFIBRATE,PPARA
TILUDRONIC ACID,PTPN1
PENBUTOLOL,ADRB1
PENTOBARBITAL SODIUM,CHRNA4
PILOCARPINE HYDROCHLORIDE,CHRM2
RANOLAZINE,SCN5A
ROTIGOTINE,DRD2
DRONABINOL,PLA2G2A
ROTIGOTINE,DRD1
METYROSINE,TH
TESTOSTERONE,AR
TERLIPRESSIN,AVPR1A
TRAZODONE,ADRA1A
TRIAZOLAM,TSPO
TRIPELENNAMINE,HRH1
VARDENAFIL,PDE5A
AMG-191,KIT
TRILACICLIB,CDK6
TRILACICLIB,CDK4
TESNATILIMAB,KLRK1
MAVRILIMUMAB,CSF2
BI-836880,VEGFA
IODINE I 131 APAMISTAMAB,PTPRC
RONOMILAST,PDE4D
PI3K-DELTA INHIBITOR AMG 319,PIK3CD
GNKG-168,TLR9
BFH-772,KDR
MUPARFOSTAT,FLT4
GLESATINIB,AXL
OSILODROSTAT,CYP11B2
BISMUTH,ALB
PARTHENOLIDE,IKBKB
POLYTHIAZIDE,SLC12A3
ANIRACETAM,DRD2
A-85380,CHRNA4
TACRINE,ACHE
CHEMBL:CHEMBL452157,SSTR4
CHEMBL:CHEMBL452157,SSTR2
PHENYLBUTAZONE,PTGS2
METHYLDOPATE HYDROCHLORIDE,ADRA2B
TREBANANIB,MC4R
METHAMPHETAMINE,DRD2
CAPMATINIB HYDROCHLORIDE,MET
SEMAPIMOD,RAF1
ILODECAKIN,IL10
QR-333,AKR1B1
K-604,CES1
PRELADENANT,ADORA2A
SODIUM TETRADECYL SULFATE,PROC
MITIGLINIDE,KCNJ10
IBUDILAST,IL6
FLUORESCEIN,SLC22A8
ZOLMITRIPTAN,HTR1A
CP-724714,ERBB2
VIMSELTINIB,DPP4
PARDOPRUNOX,DRD2
TRIPROLIDINE,HRH1
"INSULIN, REGULAR, HUMAN",HRAS
YM-355179,CCR3
STREPTOKINASE,PLG
SONOLISIB,PIK3CG
BROMODIPHENHYDRAMINE,HRH1
METHIXENE HYDROCHLORIDE,ATXN2
EMRICASAN,CASP14
LINSITINIB,IGF1R
VOLINANSERIN,KCNH2
SITRAVATINIB,MET
E-7820,ITGA2
LERONLIMAB,CCR5
RGB-286638,CDK4
TIRATRICOL,THRB
SCYLLITOL,APP
LIFASTUZUMAB VEDOTIN,TUBB4B
ANGIOTENSIN-(1-7),MAS1
TERIFLUNOMIDE,DHODH
MK-8033,MET
DANICOPAN,CFD
GDC-0349,MTOR
GTX-758,ESR1
ASP-4058,S1PR5
SACUBITRIL/VALSARTAN,MME
PEGINTERFERON BETA-1A,IFNB1
GEDATOLISIB,MTOR
BRILANESTRANT,ESR1
ILACIRNON,CCR2
SPARTALIZUMAB,PDCD1
DOCIPARSTAT SODIUM,SERPINC1
CHEMBL:CHEMBL1087333,PREP
DINOPROST,PTGER4
THYMOSIN BETA-4,NFKB1
APREMILAST,CDK4
DEFLAZACORT,NR3C1
BRODALUMAB,IL17A
EPIRUBICIN,TOP2A
PALBOCICLIB,CDKN2A
NIRAPARIB TOSYLATE,PARP1
PARP-1/2 INHIBITOR ABT-767,PARP1
PELITINIB,EGFR
DACLIZUMAB,IL2
CARPHENAZINE,DRD2
DIHYDROTACHYSTEROL,VDR
RILMENIDINE,ADRA2C
FIMEPINOSTAT,HDAC9
BPN14770,PDE4D
TG100-115,PIK3CG
INO-1001,PARP1
LANABECESTAT,BACE1
"L-694,247",A2M
XANOMELINE,HTR2C
CLOZAPINE,NAT2
5-CT,NAT2
QUERCETIN,PRKCE
COMPOUND 14A [PMID: 34795866],ACADSB
TRANDOLAPRIL,DAPK3
NAFAMOSTAT,BTC
VPC171,ABAT
LUF7602,ABAT
ATL802,ABCA1
MRS1042,ABCA1
MRS1041,ABCA1
THEOPHYLLINE,ABCA1
MORIN,ABCA1
BMS-777607,AXL
XAMOTEROL,ABO
ETHOXZOLAMIDE,CA14
DORZOLAMIDE,CA14
BRINZOLAMIDE,CA14
AZ10417808,CASP3
ETELCALCETIDE,ACP5
CP55940,CNR2
"CP-481,715",ACTA1
ONTORPACEPT,CD47
TYRPHOSTIN 23,VDR
PD123319,CYP2C9
SUTIMLIMAB,FN1
CHEMBL:CHEMBL484663,BRCA1
K41498,ALB
X4-HIV-1 GP120,ACTG1
COMPOUND 9B [PMID: 18986805],EGR4
VERAPAMIL,COX6A1
CHEMBL:CHEMBL1306556,ATXN2
CLOPROSTENOL,APOB
SKF-38393,ALCAM
(+)-ADTN,ALCAM
CLOZAPINE,ALDH1A1
SELENIUM,ALOX5
H3-COA-20,GLI1
NECITUMUMAB,DXO
ZM-306416,DXO
METHYLTHIONINIUM CHLORIDE,ATM
SDX-101,RXRA
RILUZOLE,ARG1
LANEPITANT,AQP3
ALLITINIB,ERBB4
METENKEFALIN,OPRM1
ALVERINE CITRATE,CYP2D6
ATRASENTAN,ALDH1B1
BIOCHANIN A,BDH1
PD-156707,ALDH1B1
FLUMAZENIL,ARNT
[3H]GABAZINE,ARRB2
TBPS,ARRB2
"SM-130,686",ALOX15
TELAGLENASTAT,GRIA2
LADUVIGLUSIB,ENSA
PICROTOXININ,ASAH1
4-HYDROXYBUTYRIC ACID,ANXA11
SPAG11B (61-103),ADCY3
METHOXSALEN,BPI
EMZELTRECTINIB,EPHB2
ABROCITINIB,EPHB2
SAR-20347,EPHB1
FILGOTINIB,EPHB2
COMPOUND 10 [PMID: 31411465],KEAP1
OSI-930,DRD2
CP-673451,DPT
AST-487,DPT
TANDUTINIB,DPT
EBIO,ARG1
TETRAMETHYLAMMONIUM,ARG1
SENICAPOC,ARG2
NS6180,ARG2
DC-EBIO,ARG2
UCL1684,ARG1
EBIO,ARG2
HS014,ANGPT2
AGOUTI-RELATED PROTEIN,ANK1
AGOUTI-RELATED PROTEIN,ANGPT1
PCC0105003,ESD
GRAZOPREVIR,IFNL3
DROSPIRENONE,NR3C2
HALICIN,CTNNA2
RXP470.1,ACE
BATIMASTAT,DBP
COMPOUND 20 [PMID: 22153340],ACE
CIPEMASTAT,DBP
UK-356618,DCC
BATIMASTAT,DCC
CISPLATIN,BRCA1
SELEGILINE,FSHMD1A
MOCLOBEMIDE,FSHMD1A
CHEMBL:CHEMBL394883,GPR35
FURTRETHONIUM IODIDE,AANAT
ARECOLINE,AANAT
UCM 793,ANK2
N-[2-(2-IODO-5-METHOXY-1H-INDOL-3-YL)ETHYL]ACETAMIDE,ANK2
DEXRAZOXANE,CP
PYRIMETHAMINE,SLC47A1
METHACYCLINE HYDROCHLORIDE,THRB
&ALPHA;-CONOTOXIN MI,SERPINC1
SCH 206272,AQP3
FLUPENTHIXOL,ATXN2
JMV457,ANXA6
1DME,ANXA1
GSK690693,EYA1
PD-118057,BAD
NF770,ATP12A
OMEPRAZOLE,CYP2D6
RWJ-56110,APOD
PANULISIB,F7
N-ARACHIDONOYLGLYCINE,ALOX15
DEZAPELISIB,F7
"5-QUINOXALIN-6-YLMETHYLENE-THIAZOLIDINE-2,4-DIONE",F7
"6-HYDROXY-5,7-DIMETHOXYFLAVONE",COL11A2
CEDIRANIB,DPP4
GSK-461364A,FABP1
CARBETAPENTANE CITRATE,CYP3A4
ATENOLOL,PRKCB
COMPOUND 13C [PMID: 20684591],CTF1
PF-562271,ACSL1
YHJ1039,ACSL1
PONATINIB,RIPK2
AST-487,PTK2B
HX 531,HCN2
HEME,BCL2A1
WF-47-JS03,PTK2B
PONATINIB,PTK2B
TAMRLX,APPL1
[125I]RELAXIN-3 (HUMAN),APRT
[G(B24)S]R3/I5,APRT
RELAXIN-3 B CHAIN DIMER,APRT
CHEMBL:CHEMBL601385,NPC1
VISMODEGIB,ALOX12
PF-562271,IRAK1
[125I]LTT-SRIF-28,FASLG
PEPTIDOGLYCAN,TLR2
HYDROXYCHLOROQUINE,SARDH
VERAPAMIL,ARHGAP4
STA2,APOC4
DOMITROBAN,APOC4
CHLOROFORM,ATP4A
MICONAZOLE NITRATE,TRPV5
NSC151066,TRPV4
OXYPHENBUTAZONE,ALB
RN-9893,TRPV4
ACETAMINOPHEN,TRPV4
COMPOUND 23 [PMID: 17600705],FGR
COMPOUND 6 [PMID: 34333981],TYK2
FILGOTINIB,TYK2
CONIVAPTAN,AQP9
OH-LVA,AQP9
LVP,AR
"D(CH2)5[TYR(ME)2,THR4,TYR-NH29]OVT",AR
D(CH2)5[TYR(ME)2]AVP,AR
D(CH2)5[TYR(ME)2]AVP,ABCC6
"D(CH2)5[D-ILE2,ILE4,ALA-NH29]AVP",ABCC6
CONIVAPTAN,ABCC6
RO5028442,ABCC6
SUNITINIB,KIT
TRAMETINIB DIMETHYL SULFOXIDE,RAF1
LETROZOLE,ERBB2
WZ4002,MAPK1
PEMBROLIZUMAB,ERBB2
ALK INHIBITOR TAE684,ALK
METHYLPHENIDATE HYDROCHLORIDE,CREBBP
RITUXIMAB,ERBB3
EVEROLIMUS,TSC2
ENZALUTAMIDE,BRCA2
AZD3463,ALK
TOPOTECAN HYDROCHLORIDE,ALK
ERLOTINIB,ALK
FORITINIB SUCCINATE,ALK
TETMYB DNA VACCINE,APC
ENZALUTAMIDE,APC
NIVOLUMAB,ATM
NIRAPARIB,ATM
VEMURAFENIB,CBL
NAB-PACLITAXEL,CD274
DOXORUBICIN HYDROCHLORIDE,CD274
CADONILIMAB,CD274
MIDOSTAURIN,FLT3
MITOXANTRONE,FLT3
AKT INHIBITOR MK2206,FLT3
GANITUMAB,HRAS
RIBOCICLIB,JAK2
DACTOLISIB,JAK2
RIGOSERTIB,NRAS
CERITINIB,NRAS
TIZATERKIB,NRAS
ALPELISIB,PIK3CA
ABEMACICLIB,PIK3CA
GANITUMAB,PIK3CA
ENZALUTAMIDE,PIK3CA
PEMBROLIZUMAB,PIK3CA
NIVOLUMAB,PIK3CA
TAS0612,PTEN
CETUXIMAB,PTEN
ELTANEXOR,TET2
LB-100,TP53
ALECTINIB,TP53
IDASANUTLIN,TP53
CERITINIB,TP53
ENZALUTAMIDE,TP53
VEMURAFENIB,TP53
IFOSFAMIDE,TP53
SERDEMETAN,TP53
PHENSERINE,ACHE
ASPIRIN,ADA
NARAZACICLIB,EIF4EBP1
(+)-AJ76,ALDH1A1
DOPAMINE,ALCAM
FOSBRETABULIN DISODIUM,TUBB4A
PHENYTOIN SODIUM,CYP19A1
INFLIXIMAB-DYYB,TNFRSF1B
2-CHLOROADENOSINE-5-TRIPHOSPHATE,SNCA
REGORAFENIB,TEK
EPOETIN ALFA,TH
MOSUNETUZUMAB,GATM
MERCAPTOPURINE,UGT1A1
XANOMELINE,A2M
COMPOUND 34 [PMID: 25974391],GCLM
PHENYLACETYLRINVANIL,CNR2
GAMBOGIC ACID,NTRK1
MICONAZOLE NITRATE,CYP3A4
TESTOSTERONE,CAV1
9-ANTHROIC ACID,JUN
D-ALPHA-TOCOPHEROL ACETATE,MPO
GLP-1,GLP1R
ISOTRETINOIN,LPL
INFLIXIMAB-DYYB,HLA-B
PUUPEHENONE,HIF1A
LANDIOLOL,ADRB1
XEN-D0501,TRPV1
SODIUM DODECYL SULFATE,ALB
TPA023,ARNT
LADUVIGLUSIB,EGR4
CHEMBL:CHEMBL2094573,NPC1
ORLUDODSTAT,DHODH
GENTIAN VIOLET CATION,AR
BUTORPHANOL,CYP2C9
PROTEASOME INHIBITOR,IL6R
AZATHIOPRINE SODIUM,PPAT
"SERINE, D-",GRIN2B
EXATECAN MESYLATE,MGMT
A-1155463,JAK2
CHEMBL:CHEMBL2088731,MAPK3
CHEMBL:CHEMBL429095,MAPK1
GW501516,BCKDHB
RO0094889,DPYD
MILCICLIB,NTRK1
QUINIDINE,CYP3A4
ARRY-382,DPYD
TESTOSTERONE,AQP9
TERTATOLOL,HTR1A
NAPROXEN SODIUM,PTGS2
CHR-3996,HDAC2
VABICASERIN,HTR2B
"COMPOUND 5 [TOMASSI ET AL., 2020]",HLA-DMB
MUBRITINIB,ERBB2
EPTASTIGMINE,ACHE
SUGEMALIMAB,CD274
[111IN]DOTA-NOC,AQP2
BUTOBARBITAL,CHRNA4
RITUXIMAB,CYBA
PACLITAXEL,TUBB4A
ZIBOTENTAN,EDNRA
HEXOBARBITAL,GRIA2
COMPOUND (R)-26 [PMID: 22686657],FOS
PF-04418948,APOC1
SALICYLHYDROXAMIC ACID,HIF1A
GABAPENTIN ENACARBIL,CACNA1G
LUFENURON,NFE2L2
CAPSAICIN,TRPV1
NNC0114-0006,IL21
ETOPOSIDE,PLA2G6
BUPIVACAINE,G6PD
GENISTEIN,CFTR
BELORANIB,CYP2J2
PHENTOLAMINE,CYP2C19
ESMIRTAZAPINE,ADRA2A
PF-4708671,PIK3CA
MEZAGITAMAB,CD38
ATORVASTATIN CALCIUM TRIHYDRATE,UGT1A1
NECROSTATIN-1,CYP3A4
FLUOROURACIL,IGFBP3
AZ2,F5
STICTIC ACID,SUMO1
VESNARINONE,FAS
DIHYDROTANSHINONE I,VDR
RESMETIROM,THRB
TRIFLUPERIDOL,CYP2D6
LOSARTAN POTASSIUM,AGTR1
ACID BLUE 129,ALDH1A1
CHEMBL:CHEMBL1257022,NFE2L2
ATENOLOL,PLA2G4A
AURAPTENE,HSD17B10
TIOCONAZOLE,AR
NAFITHROMYCIN,RPSA
TRIMETHYL-TETRADECYL-AMMONIUM CHLORIDE,AR
ZAPRINAST,CYP1A2
ESMIRTAZAPINE MALEATE,ADRA2C
KEYHOLE LIMPET HEMOCYANIN,NOS2
NILOTINIB,ABCG2
LIAROZOLE,CYP19A1
APILIMOD,IL12A
BAYCYSLT2,AMPD1
CERITINIB,FGF12
ACALISIB,PTEN
PD-169316,MAPK1
SELUMETINIB,MAP2K3
DIHYDROERGOTAMINE MESYLATE,SERPINA3
MOCETINOSTAT,KMT2A
PHENYTOIN SODIUM,NAT2
ATENOLOL,ABO
LY-2090314,CDK5
FLUSPIRILENE,CYP2D6
GW441756X,ALK
PIOGLITAZONE HYDROCHLORIDE,THBS1
MIZOLASTINE,HRH1
BINETRAKIN,IL6
GADOFOSVESET TRISODIUM,ALB
PBT-3,APOC4
CLOZAPINE,CYP1A2
NONACOG ALFA,F9
EDARAVONE,ALDH1A1
NEPAFENAC,PTGS2
LITHIUM,EPHX2
SUVECALTAMIDE,CACNA1G
DINACICLIB,ALK
CHEMBL:CHEMBL261693,TP53
RECOMBINANT TRANSFORMING GROWTH FACTOR-BETA-2,COL1A2
BENZOFURAN,NFE2L2
DEHYDROVARIABILIN,SMN1
EPOETIN ALFA,HSPA4
METYRAPONE,NR1I2
ETHAVERINE,CYP3A4
IDRONOXIL,SPHK1
RECOMBINANT CD40-LIGAND,IL15
FOTEMUSTINE,MGMT
PUROMYCIN HYDROCHLORIDE,AR
AMONAFIDE,TOP2A
CHEMBL:CHEMBL546531,KCNH2
RIFAPENTINE,NAT2
PERHEXILINE MALEATE,MTOR
TEMSIROLIMUS,MTOR
YH18968,ADH1C
EPINEPHRINE BITARTRATE,ADRB1
LICOGLIFLOZIN,SLC5A2
MK-2461,MET
GRINIMIBINE,XBP1
FIMEPINOSTAT,HDAC1
OMECAMTIV MECARBIL,MYL2
SPIPERONE,DRD1
PREDNISONE,CYP3A4
ALPELISIB,HRAS
RIVOCERANIB,KEAP1
LAMIVUDINE,NME1
TFLLR-NH2,APOD
CHEMBL:CHEMBL592611,SMAD3
PIRENOXINE,MEN1
TG100-801,LCK
SULOCTIDIL,CACNA1G
LY-294002,AKT1
BREMELANOTIDE ACETATE,MC4R
[125I]LTT-SRIF-28,AQP2
RESMINOSTAT,HDAC1
IPH-2101,KIR2DS2
CHLORHEXIDINE GLUCONATE,ATXN2
ARGIPRESSIN,AQP9
ALRIZOMADLIN,TP53
GEDATOLISIB,PIK3C2A
U-0126,CYP3A4
CAMONSERTIB,ATM
CHEMBL:CHEMBL152133,HDAC1
LUCITANIB,DPT
INFLIXIMAB-DYYB,TLR2
CHEMBL:CHEMBL77675,AR
"BENZO(A)PYRENE-7,8-DIOL 9,10-EPOXIDE",GSTT1
ABEMACICLIB,TP53
LABRADIMIL,BDKRB2
BENFLUOREX HYDROCHLORIDE,AR
6-CL-MLT,NFKB1
CHEMBL:CHEMBL533399,KCNH2
THEOPHYLLINE SODIUM GLYCINATE,ADORA1
CIMETIDINE,FCGR3A
METHOTRIMEPRAZINE,ADRA1A
INTERFERON ALFA-2B,CSF2
GAMBOGIC ACID,NFKBIA
BET BROMODOMAIN INHIBITOR ZEN-3694,DNER
ANTIMETABOLITE,CDKN1A
APOMORPHINE,CYP1A2
ABBV-3221,CFTR
PAC-1,CASP3
TANEZUMAB,NGF
CHEMBL:CHEMBL1537417,SMAD3
DOXORUBICIN-HPMA CONJUGATE,TOP2A
SIROLIMUS,WT1
VORINOSTAT,HDAC4
CISPLATIN,NR1I2
CELECOXIB,CASP3
INDIRUBIN-3'-MONOXIME,TP53
THIOTHIXENE HYDROCHLORIDE,HTR2A
TALETRECTINIB,ALK
IONOMYCIN,BDNF
OXYPHENCYCLIMINE,CHRM3
TRIFLUOPERAZINE,APOB
AST-487,FLT1
GW5074,CYP2C9
PREDNISOLONE TEBUTATE,NR3C1
PHENYTOIN SODIUM,EPHX1
ASPIRIN,CYP2D6
CHEMBL:CHEMBL591598,NPC1
LUF5962,ADORA1
FLUPREDNISOLONE,AR
CLOZAPINE,OXT
AMINOPHYLLINE,ADORA2B
HEXACONAZOLE,AR
ANTI-HGF MONOCLONAL ANTIBODY TAK-701,HGF
DEHYDRATED ALCOHOL,FGFR1
L19TNFA,FN1
MIK-BETA-1,IL2RB
EPITUMOMAB CITUXETAN,MUC1
PROGESTERONE,ESR1
TECADENOSON,ADORA1
QUINIDINE,SCN5A
ORTHOTOLIDINE,NFE2L2
GALLOCATECHIN GALLATE,MET
GEFITINIB,PTEN
CHEMBL:CHEMBL512908,CYP1A2
SERTRALINE HYDROCHLORIDE,COMT
PREDNISONE,CYP1A2
OXYMETAZOLINE HYDROCHLORIDE,ADRA1D
PRAVASTATIN SODIUM,RHOA
MITONAFIDE,GLP1R
ESTRADIOL VALERATE,SLC2A1
PARBENDAZOLE,AR
ANLOTINIB,SRC
GT 389-255,FASN
ASPIRIN,CDH13
TIQ-15,ACTG1
PIMURUTAMAB,EGFR
LISINOPRIL ANHYDROUS,ACE
FAS LIGAND,TP53
LANREOTIDE ACETATE,FASLG
ARIPIPRAZOLE LAUROXIL,DRD2
RECOMBINANT TUMOR NECROSIS FACTOR FAMILY PROTEIN,SLC2A4
ROBUSTONE,CYP3A4
ADENOVIRUS VECTOR,GFAP
METHYLPREDNISOLONE,CXCL10
GD3+,ATP2A2
EGFR INHIBITOR,DXO
BIFEMELANE,FSHMD1A
LINSITINIB,PIK3CA
PREDNISONE,ANXA1
RUTIN,NFKB1
CHEMBL:CHEMBL547924,NPC1
CV-1674,ABCA1
THEOPHYLLINE,ADORA2A
PALIFERMIN,NRP1
"IBUPROFEN, SODIUM SALT",PTGER4
AM-6120,BBS1
ROLIPRAM,COL11A2
TYR3-OCTREOTIDE,FASLG
ISORHAMNETIN,NFKB1
MEGESTROL ACETATE,PGR
DIURETIC,BDNF
MAGROLIMAB,CD47
ISOSAKURANETIN,ATP4A
AG 9,CYP1A2
TECHTOCHRYSIN,CYP2C19
AMOXICILLIN ANHYDROUS,CYP2D6
KOS-1584,TUBB4A
FLUSPIRILENE,SMAD3
PHENTOLAMINE MESYLATE,CYP2D6
TIOXOLONE,AR
DRONABINOL,CNR2
ALACHLOR,NFE2L2
DEBIO-1347,SLC26A3
AMITRIPTYLINE HYDROCHLORIDE,OPRM1
METHADONE HYDROCHLORIDE,TXNRD2
ENZASTAURIN,PRKCA
MERCAPTOPURINE,PNPLA3
OXYBUTYNIN,CHRM3
CCT241161,MS4A2
ALPHA-ADRENERGIC AGONIST,MAPK14
DACOMITINIB ANHYDROUS,EGFR
TLR AGONIST CADI-05,TLR2
CUSTIRSEN SODIUM,CLU
EVEROLIMUS,AKT1
CHEMBL:CHEMBL579318,ATXN2
VELIPARIB,BRCA1
MEPIVACAINE HYDROCHLORIDE,CYP2D6
EXEMESTANE,ERBB2
EVEROLIMUS,ESR1
TYRPHOSTIN AG 555,HSD17B10
RUXOLITINIB,SH2B3
RUXOLITINIB,JAK2
ANTHRACYCLINE ANTINEOPLASTIC ANTIBIOTIC,TOP2A
TOLTERODINE,CHRM3
TROPICAMIDE,CHRM3
SOLIFENACIN SUCCINATE,CHRM3
TIOTROPIUM BROMIDE,CHRM3
SPIRAPRIL HYDROCHLORIDE,ACE
PROPIOMAZINE HYDROCHLORIDE,HRH1
HYDROCHLOROTHIAZIDE,SLC12A3
CLOMIPRAMINE HYDROCHLORIDE,SLC6A4
INSULIN ZINC SUSP PURIFIED BEEF/PORK,INSR
VERNAKALANT HYDROCHLORIDE,KCNA5
HYDROXYPROGESTERONE CAPROATE (USP),PGR
IXAZOMIB,PSMB6
CABAZITAXEL,TUBB4B
CABAZITAXEL,TUBB3
VINCRISTINE SULFATE,TUBB3
VINCRISTINE SULFATE,TUBB4A
PEXMETINIB,MAPK14
CLONIDINE HYDROCHLORIDE,ADRA2C
TETRAHYDROZOLINE HYDROCHLORIDE,ADRA2A
TETRAHYDROZOLINE HYDROCHLORIDE,ADRA1D
AJMALICINE,ADRA1A
ESMOLOL HYDROCHLORIDE,ADRB2
UNC0638,OPN1MW
ETODOLAC,PTGS2
GOSSYPOL,TAC1
QUERCETIN,PRKCQ
CHLORTETRACYCLINE HYDROCHLORIDE,RPSA
QUINUPRISTIN,RPSA
BORTEZOMIB,PSMD10
GABAPENTIN ENACARBIL,CACNA1D
TETRACAINE,SCN5A
EPINEPHRINE BITARTRATE,ADRA2A
ABAMECTIN,PPARD
EPINEPHRINE BITARTRATE,ADRB2
AMIODARONE HYDROCHLORIDE,CYP2D6
CENISERTIB,IGF1R
OXTRIPHYLLINE,PDE3A
IXAZOMIB CITRATE,PSMB6
CEP-7055,KDR
FIMEPINOSTAT,HDAC2
FIMEPINOSTAT,PIK3CD
DS-7423,PIK3R3
EMD-1204831,MET
RAVOXERTINIB,MAPK1
DS-7423,PIK3CG
THELIATINIB,EGFR
GSK-690693,AKT2
OLMUTINIB,EGFR
GSK-690693,AKT1
RG-7376,RAF1
BITHIONOL,HSD17B10
SF-1126,PIK3CG
LAS190792,CHRM3
RG-1530,FLT1
RG-1530,FGFR1
VOXTALISIB,PIK3CA
VOXTALISIB,PIK3CB
UCN-01,PRKCQ
SR2640,CYP1A2
TG100-801,FYN
PALOSURAN,UTS2R
VELNEPERIT,NPY5R
PEPINEMAB,CD274
TRELANSERIN,HTR2A
RELCOVAPTAN,OXTR
DAVALINTIDE,CALCRL
ISPRONICLINE,CHRNA4
POZANICLINE,CHRNA4
CHEMBL:CHEMBL176599,CASP6
GRC-17536,TRPA1
BRIVANIB,FLT1
ESMIRTAZAPINE MALEATE,ADRA2B
RIVOCERANIB MESYLATE,KDR
SERTRALINE HYDROCHLORIDE,KCNH2
OTENABANT,CNR1
APLAVIROC HYDROCHLORIDE,CCR5
ESMIRTAZAPINE MALEATE,HRH1
FORETINIB,DRD2
RALFINAMIDE,GRIN2B
AMITRIPTYLINE HYDROCHLORIDE,AANAT
LYM-1,HLA-DRB1
CROLIBULIN,TUBB4A
FOSBRETABULIN TROMETHAMINE,TUBB4A
REMOGLIFLOZIN ETABONATE,SLC5A2
INFIGRATINIB,PIK3R3
ERTUMAXOMAB,CD3E
ALCLOFENAC,PTGS1
SULOCTIDIL,CACNA1D
THENALIDINE,HRH1
SULOCTIDIL,CACNB3
ALFACALCIDOL,VDR
MINAPRINE,MAOA
LOFEXIDINE HYDROCHLORIDE,ADRA2A
VASOACTIVE INTESTINAL PEPTIDE,ADRA2A
WNT-974,PORCN
SELITRECTINIB,NTRK3
OPICAPONE,COMT
2X-121,PARP1
ROMILKIMAB,IL13
COBOLIMAB,HAVCR2
TILSOTOLIMOD,TLR9
AUMOLERTINIB,EGFR
JNJ-41443532,CCR2
DEUCRAVACITINIB,TYK2
PF-00489791,PDE5A
AT-1501,CD40LG
BOMEDEMSTAT,KDM1A
DAVANAT,LGALS1
ENFORTUMAB VEDOTIN-EJFV,TUBB4B
CTS-1027,MMP14
ASTEGOLIMAB,IL1RAP
ZALUNFIBAN,ITGB3
ZANSECIMAB,ANGPT2
PEPTIDE YY HUMAN (3-36),NPY2R
ULOTARONT,HTR1A
PSILOCYBINE,HTR2A
LY-2608204,GCK
MILATAXEL,TUBB4B
PARP/TANKYRASE INHIBITOR 2X-121,BRCA2
ZSTK474,PIK3CA
METFORMIN HYDROCHLORIDE,PRKAA2
PREDNICARBATE,AR
FUROXAN,CYP1A2
CHEMBL:CHEMBL120806,ALDH1A1
CHEMBL:CHEMBL1099167,ARG1
BAICALEIN,CYP3A4
CHEMBL:CHEMBL68096,SUMO1
AMOXICILLIN ANHYDROUS,CYP2C9
FENRETINIDE,ATXN2
RANITIDINE HYDROCHLORIDE,CYP2C19
ALEXIDINE HYDROCHLORIDE,WRN
MEK1/2 INHIBITOR,CYP3A4
ISONIAZID,CYP3A4
GW5074,HSD17B10
BISPHENOL A,NFE2L2
VANDETANIB,FGFR1
ETIDRONIC ACID,CYP2C19
SB 203186,CYP2C9
ESCULIN,HSD17B10
SIMVASTATIN,CYP3A4
METHOXYVONE,CYP3A4
CHEMBL:CHEMBL1673039,MAPK7
ZAPRINAST,ALDH1A1
TANNIC ACID,USP2
2-PHENYLPHENOL,HSD17B10
RS67506,CYP2C19
CHEMBL:CHEMBL600103,NPC1
VORINOSTAT,HDAC1
CHEMBL:CHEMBL225563,NFE2L2
ZEARALENONE,AR
4-NONYLPHENOL,RORC
TESTOSTERONE,ESR1
CEAROIN,HSD17B10
BINOSPIRONE,ALDH1A1
DAIDZIN,NPC1
MK-571,VDR
ETICLOPRIDE,CYP2D6
E163,PTGS2
SECAUBRYOLIDE,TOP2A
CLOTRIMAZOLE,CYP2C19
GO-6976,ERBB2
LY-2090314,RPS6KA3
CAMPTOTHECIN,NFE2L2
CORTICOSTERONE,NFE2L2
Y-27632,CYP3A4
BISSALICYL FUMARATE,HSD17B10
TEGASEROD MALEATE,UBE2N
PIPERILATE ETHOBROMIDE,AR
IMIPRAMINE HYDROCHLORIDE,CYP3A4
CHEMBL:CHEMBL199592,NFE2L2
AST-487,FGFR1
HAEMATOXYLIN,MPI
TERTATOLOL,ADRB1
CHEMBL:CHEMBL588038,GLP1R
CHEMBL:CHEMBL188641,CYP2D6
CHEMBL:CHEMBL1210769,CASP9
HERNANDEZINE,VDR
GW441756X,MAP4K5
CHEMBL:CHEMBL379975,JAK2
CEPHARANTHINE,ATXN2
CHEMBL:CHEMBL311489,CYP2C9
ONONETIN,CYP3A4
LOFEPRAMINE HYDROCHLORIDE,AR
MERCAPTOPURINE,CYP2C9
MAYTANSINOL,TUBB3
CGP 55845,CYP2D6
CLOTRIMAZOLE,HSP90AA1
PYRITHIONE,GFER
PROBENECID,AR
CHEMBL:CHEMBL311489,HIF1A
CHEMBL:CHEMBL259784,NFE2L2
GO-6976,FGFR1
HALOPERIDOL DECANOATE,CYP2D6
CHEMBL:CHEMBL187216,CYP3A4
PHORBOL 12-MYRISTATE 13-ACETATE,PRKCA
CHEMBL:CHEMBL408850,SMN1
LORATADINE,AR
CHEMBL:CHEMBL429095,MTOR
CHEMBL:CHEMBL336095,CYP3A4
OXCARBAZEPINE,VDR
CHEMBL:CHEMBL581152,GLP1R
RIMEXOLONE,NFE2L2
GW775608X,MAPK14
AG 9,CYP3A4
INDOMETHACIN,CYP2C9
CEFTRIAXONE,ABCC4
SANGUINARINE SULFATE,TP53
MAPROTILINE,CYP1A2
CHEMBL:CHEMBL600968,SMN2
GW441756X,ROCK1
TETRADECYLTHIOACETIC ACID,PPARG
PIRIBEDIL,CYP2D6
STEARIC ACID,HSD17B10
CHEMBL:CHEMBL52030,BRD2
CHEMBL:CHEMBL527730,KCNH2
FUROXAN,CYP3A4
FENRETINIDE,CYP3A4
QUINALPHOS,AHR
CHEMBL:CHEMBL602150,GAA
HINOKITIOL,HDAC1
LORATADINE,CYP2C9
MRS3558,ABCA1
PYROGALLOL RED,ATXN2
1-NAPHTHYLISOTHIOCYANATE,NFE2L2
CHEMBL:CHEMBL167316,NFE2L2
CHEMBL:CHEMBL1243244,NR1H2
VALERENIC ACID,ALDH1A1
PIMETHIXENE MALEATE,AR
GO-6976,MARK2
NEOSTIGMINE BROMIDE,CYP2D6
FPL64176,CYP1A2
E1501,NFE2L2
FLUSPIRILENE,AR
MIDODRINE,CYP3A4
BENZOQUINONE,NFE2L2
PHA-767491,AKT1
MOCLOBEMIDE,MAOB
VORINOSTAT,NR0B1
CYCLOHEXIMIDE,NR2F2
GW441756X,SRC
CHEMBL:CHEMBL582055,NFE2L2
EBSELEN,ALOX12
VINORELBINE,TUBB4A
THUNBERGINOL E,BRCA1
CHEMBL:CHEMBL533293,THRB
SANGUINARINE SULFATE,SMAD3
KOBOPHENOL A,CASP3
CHEMBL:CHEMBL258756,CASP6
ABIETIC ACID,PPARG
TAMOXIFEN CITRATE,PPARD
BIX-01294,MTOR
CHEMBL:CHEMBL187216,CYP2D6
ZM447439,MAP2K2
DIBUCAINE,CYP1A2
1-AZAKENPAULLONE,LCK
CHEMBL:CHEMBL1773343,TOP2A
CHEMBL:CHEMBL527271,CYP1A2
PURVALANOLA,CYP3A4
L741742,CYP3A4
ZAPRINAST,HIF1A
BUTYRIC ACID,HDAC1
NANAOMYCIN,VDR
"7,3'-DIMETHOXYFLAVONE",HSD17B10
OXENDOLONE,NFE2L2
FENRETINIDE,AR
BAICALEIN,CYP1A2
PROPYLPYRAZOLETRIOL,CYP2C19
MIDODRINE,CYP1A2
BIS(DIMETHYLAMINETHIOCARBONYL)MONOSULFIDE,VDR
PHA-767491,PRKCD
CAMPTOTHECIN,CYP2C19
GW441756X,MAP4K2
MYRICETIN,ALDH1A1
AMOXICILLIN ANHYDROUS,CYP2C19
ALPRAZOLAM,BRD2
CHLOROPYRAMINE,CYP2D6
CISPLATIN,ERCC4
ALISERTIB,LCK
BUTAMBEN,CYP3A4
TOLONIUM CHLORIDE,ATXN2
"4',7-DIMETHOXY-5-HYDROXYGENISTEIN",SMN2
CHEMBL:CHEMBL250428,CYP1A2
"4',7-DIMETHOXY-5-HYDROXYGENISTEIN",SMN1
NEVIRAPINE,ABCC2
CHEMBL:CHEMBL609027,NFE2L2
PRAZOSIN HYDROCHLORIDE,CYP3A4
LOFEPRAMINE,VDR
METHYLCURCUMIN,ERBB4
CARBOXYLATED GLUCOSAMINE,MMP9
CHEMBL:CHEMBL364729,WRN
DIMETHYL YELLOW,BRCA1
AMOPYROQUINE,HPSE
CHEMBL:CHEMBL464176,ALDH1A1
CLOTRIMAZOLE,PPARD
PROTOCATECHUIC ACID,GAA
NALOXONE HYDROCHLORIDE,OPRM1
CHEMBL:CHEMBL2047666,BACE1
CHEMBL:CHEMBL589694,ATXN2
"LACTOSE, ANHYDROUS",LGALS3
AZTREONAM,CYP2C9
TOREMIFENE,PLIN1
TRIACETIN,GNAS
ISOTRETINOIN,AR
CHEMBL:CHEMBL329785,MAPK3
CHEMBL:CHEMBL596082,TOP2A
CHEMBL:CHEMBL601492,KCNH2
TRIAMCINOLONE,NR3C1
ETIDRONIC ACID,CYP2D6
U-0126,CYP1A2
PYRAZINAMIDE,CYP2C19
ISOCONAZOLE,PPARD
HEXACHLOROPHENE,PPARD
CATECHIN,VDR
PROPYLPYRAZOLETRIOL,HIF1A
TIBOLONE,NFE2L2
(R)-NFPS,CYP2C9
TO-901317,NR3C1
PARTHENOLIDE,NFKB2
FLOCTAFENINE,NFE2L2
RIMONABANT,ABCC2
TRIAMTERENE,ESR1
AZELASTINE,HRH1
SIMVASTATIN,CYP2C19
5-MEO-DMT,CYP1A2
KAMEBANIN,NFE2L2
MORIN,CYP2C9
SB203580,MAP4K4
GW441756X,MAPK9
RABEPRAZOLE,NPC1
AMODIAQUINE HYDROCHLORIDE,ALB
NAVITOCLAX,BCL2
MYRICETIN,HSD17B10
BELINOSTAT,KMT2A
METFORMIN,PRKAG2
PROTOAPIGENONE,ESR1
CHEMBL:CHEMBL1089501,PPARA
TAMOXIFEN CITRATE,TP53
GW441756X,PIM1
BENZO(K)FLUORANTHENE,HSD17B10
SB 242084,NFE2L2
LY-294002,CYP1A2
ZM447439,NTRK2
"DIBENZ[A,H]ANTHRACENE",THRB
CHEMBL:CHEMBL473721,NPC1
APICIDIN,HDAC2
APICIDIN,HDAC1
CHEMBL:CHEMBL444376,SMN1
CLOTRIMAZOLE,ADRB2
METHAZOLAMIDE,CA1
AZASERINE,AR
HEXOCYCLIUM METHYLSULFATE,CHRM3
CIS-RESVERATROL,TP53
EPOTHILONE D,ABCB1
NOCODAZOLE,NFE2L2
2-CHLOROADENOSINE-5-TRIPHOSPHATE,APP
FESOTERODINE,CHRM3
CHEMBL:CHEMBL1210769,CASP8
NOCODAZOLE,CYP1A2
CHEMBL:CHEMBL56393,HSD17B10
CHEMBL:CHEMBL512908,CYP2C9
CHEMBL:CHEMBL592044,KCNH2
CHEMBL:CHEMBL515505,CYP2C19
PASIREOTIDE DIASPARTATE,SSTR5
NAPROXEN SODIUM,CYP2C19
CARBENDAZIM,TP53
PYRITHIONE,ATXN2
UMBELLIFERONE,HSD17B10
MITOXANTRONE HYDROCHLORIDE,TOP2A
CYPROTERONE ACETATE,AR
CHEMBL:CHEMBL1198140,CYP1A2
CHEMBL:CHEMBL1701915,WRN
DORZOLAMIDE HYDROCHLORIDE,CA2
NAPROXEN SODIUM,CYP2D6
ALISERTIB,EGFR
ANGUSTIBALIN,SMAD3
AST-487,MAP4K2
NICLOSAMIDE,CYP1A2
NICLOSAMIDE,RXRA
INDIRUBIN-3'-MONOXIME,CYP2C19
EPINASTINE HYDROCHLORIDE,HRH1
SINENSETIN,MEN1
CHEMBL:CHEMBL285157,NFE2L2
CHEMBL:CHEMBL1332182,ALDH1A1
DEMETON-S-METHYL,NFE2L2
ANGUSTIBALIN,ATXN2
SULCONAZOLE NITRATE,HSP90AA1
TETROQUINONE,VDR
CHELERYTHRINE CHLORIDE,MAPK1
TACEDINALINE,HDAC4
TACEDINALINE,HDAC2
6-AZAURIDINE,SMN1
IMETIT,CYP3A4
"NITROFURANTOIN, MACROCRYSTALS",RORC
BENZYL CAFFEATE,TTR
DIHYDROERGOCRISTINE,AR
CHEMBL:CHEMBL1370698,CYP2C19
TRIAMCINOLONE,NFKB1
SULPIRIDE,DRD3
CHEMBL:CHEMBL530609,GLP1R
LITHOCHOLIC ACID,NFE2L2
AZITHROMYCIN,CYP1A2
ALISERTIB,NTRK3
CHEMBL:CHEMBL2063681,MAPK1
GALANTAMINE,CYP2D6
SOFOSBUVIR,IFNL3
TETRACAINE,G6PD
PALBOCICLIB,ERBB2
CENISERTIB,FLT3
AT9283,JAK2
CABOZANTINIB S-MALATE,KIT
DACTOLISIB,PIK3C3
PF-04691502,PIK3C2G
CABOZANTINIB S-MALATE,KDR
AXITINIB,FLT1
DABRAFENIB,MAP2K2
NILOTINIB,KIT
NILOTINIB,PDGFRB
ATAZANAVIR,ABCB1
ANTIDEPRESSANT AGENT,AANAT
VINCRISTINE,AFP
MIFEPRISTONE,AFP
DEHYDRATED ALCOHOL,ALDH2
RECOMBINANT GROWTH FACTOR,AKR1B1
DEHYDRATED ALCOHOL,APOB
EPIGALLOCATECHIN GALLATE,APOB
HYDROXYCHLOROQUINE,APP
ACETAZOLAMIDE,AQP1
CYCLOOXYGENASE INHIBITOR,BDNF
RALTITREXED,BCL2
ARSENIC TRIOXIDE,BDNF
FREUND'S ADJUVANT,BDNF
NICOTINE POLACRILEX,BDNF
THYROGLOBULIN,BDNF
MEDICATION,BDNF
EXEMESTANE,BGLAP
LIOTHYRONINE,BDNF
EPOETIN ALFA,CA2
PACLITAXEL,BRCA1
GEMCITABINE,BRCA1
ANGIOGENESIS INHIBITOR,CALR
RETINOIC ACID AGENT,CALR
ASCORBIC ACID,COL18A1
ANTIMALARIAL AGENT,CYP1A1
ANDROSTENEDIONE,CYP19A1
WARFARIN,CYP2C9
PROPRANOLOL HYDROCHLORIDE,CYP3A4
TOREMIFENE,CYP3A4
GEFITINIB,CYP3A5
TRICHOSTATIN A,CYP3A4
SIROLIMUS,DDIT3
PHOTOSENSITIZING AGENT,DDIT3
DEOXYSPERGUALIN,DHPS
IRINOTECAN HYDROCHLORIDE,E2F1
TESTOSTERONE,FAS
FAS LIGAND,FADD
MUROMONAB-CD3,FCGR3A
ANTIDEPRESSANT AGENT,GCG
DEHYDRATED ALCOHOL,GDNF
FREUND'S ADJUVANT,GFAP
FREUND'S ADJUVANT,GDNF
DRUGSATFDA.NDA:008378,GGT1
CHLORAMBUCIL,GSTM1
DEHYDRATED ALCOHOL,GSTP1
ERYTHROMYCIN,IL1B
AZIRIDINE,IL2
INOSITOL,IRS1
ROSIGLITAZONE MALEATE,PPARG
DEHYDRATED ALCOHOL,ITGB2
EFLORNITHINE,JUN
THYROTROPIN,KCNJ3
WARFARIN SODIUM,VKORC1
CLOZAPINE,KCNJ3
ANTIBIOTIC,LDLR
ACETYLCYSTEINE,LDLR
MISTLETOE EXTRACT,MAPK14
MEDROXYPROGESTERONE,MMP1
MONOCLONAL ANTIBODY 1F5,MS4A1
SELECTIVE ESTROGEN RECEPTOR MODULATOR,MMP2
THEOPHYLLINE,MPO
FAS LIGAND,MUC1
NICOTINE POLACRILEX,NRG1
SIROLIMUS,PGR
PENTOXIFYLLINE,PCNA
AUTOANTIGEN,PDHX
MPA,PIK3CG
EMODIN,PIK3CG
INTERLEUKIN-11,PIK3CG
VINCRISTINE,PIK3CG
SELECTIVE ESTROGEN RECEPTOR MODULATOR,PIK3CG
SIROLIMUS,PIM1
SIROLIMUS,PLAU
DANAZOL,PLG
NYSTATIN,PLG
SIROLIMUS,PRKAA1
BUTYRIC ACID,RBP3
ANTISENSE OLIGONUCLEOTIDES,RELA
METHOTREXATE,S100A12
RETINOIC ACID AGENT,SERPINE1
NYSTATIN,SLC2A4
FRAMYCETIN,SLC2A4
UCN-01,SLC2A4
LIOTHYRONINE,SLC2A4
NIFEDIPINE,SOAT1
THERAPEUTIC STEROID HORMONE,SNAP25
DEXTROAMPHETAMINE SULFATE,SST
SODIUM BUTYRATE,SPP1
ANTIESTROGEN,STS
TAMOXIFEN,TGM2
HYDROXYCHLOROQUINE,TLR3
RECOMBINANT 70-KD HEAT-SHOCK PROTEIN,WT1
RECOMBINANT TUMOR NECROSIS FACTOR FAMILY PROTEIN,WWOX
NORETHYNODREL,PGR
GSK-2636771,PTEN
LAROTRECTINIB,NTRK3
MEDROXYPROGESTERONE ACETATE,PGR
IPILIMUMAB,ALK
ANDROSTENEDIONE,CYP2C19
EMAPALUMAB-LZSG,SH2D1A
MERCAPTOPURINE,SLC28A3
DASATINIB ANHYDROUS,ABCG2
RITUXIMAB,IL6
RITUXIMAB,FCGR2A
RITUXIMAB,FCGR3A
INFLIXIMAB-DYYB,KLRD1
LITHIUM,ABCB1
TRAMADOL,ARRB2
FLOXACILLIN,HLA-DRA
FLUOROURACIL,TP53
METHYLPHENIDATE HYDROCHLORIDE,ABCB1
RIBAVIRIN,IL18
CELECOXIB,MMP9
GRAPEFRUIT JUICE,ABCB1
DOXYCYCLINE ANHYDROUS,ABCB1
NAPROXEN SODIUM,ABCB1
"IBUPROFEN, SODIUM SALT",ABCB1
PROGESTERONE,ABCB1
EXEMESTANE,MAP4K4
SUNITINIB,SLC22A5
TOLCAPONE,COMT
NALTREXONE HYDROCHLORIDE,OPRM1
LENALIDOMIDE,FGF2
IDARUBICIN,CYP2E1
CODEINE SULFATE,OPRM1
SUCCINYLCHOLINE,BCHE
PHENOXYBENZAMINE,ADRA2A
RIBAVIRIN,HLA-B
DESMETRAMADOL,CYP2D6
DESVENLAFAXINE SUCCINATE,CYP2D6
CARVEDILOL,SLCO1B1
MERCAPTOPURINE,HLA-DRB1
NILOTINIB,CYP1A1
AMITRIPTYLINE HYDROCHLORIDE,DRD3
LAMIVUDINE,SLC22A3
"IBUPROFEN, SODIUM SALT",OPRM1
MERCAPTOPURINE,SLC29A1
ERIBULIN MESYLATE,TUBB4B
RIBAVIRIN,CYP2R1
PRAVASTATIN SODIUM,IL1B
CLAVULANIC ACID,HLA-C
INFLIXIMAB-DYYB,HLA-C
TENOFOVIR DISOPROXIL FUMARATE,CYP27B1
PAREGORIC,TXNRD2
BUDESONIDE,FCER2
BUPRENORPHINE,CYP3A5
FENOFIBRATE MICRONIZED,CYP3A5
USTEKINUMAB,NFKBIA
FENOFIBRATE MICRONIZED,HLA-A
ASPIRIN,GP6
ONDANSETRON HYDROCHLORIDE,UGT1A7
VILDAGLIPTIN,KCNQ1
PAREGORIC,CYP1A2
MYCOPHENOLATE,CES1
"IBUPROFEN, SODIUM SALT",NOS3
MOMELOTINIB,ERBB3
MOMELOTINIB,ERBB2
VALPROIC ACID,HDAC5
PANOBINOSTAT,HDAC5
PAREGORIC,OPRM1
ASUNERCEPT,FASLG
APLINDORE,DRD2
VARLITINIB,ERBB2
ARVERAPAMIL,CACNA1G
AV-412,ERBB2
CARIPRAZINE,DRD3
CINTREDEKIN BESUDOTOX,IL4R
DEVIMISTAT,PDK4
FIPAMEZOLE,ADRA2B
ADH-1,CDH2
LFB-R603,MS4A1
LX1031,TPH1
BARICITINIB,JAK2
MBX-2044,PPARG
MBX-2982,GPR119
PRAMIPEXOLE,DRD3
ROTIGOTINE,DRD3
CARVEDILOL,ADRB3
RECOMBINANT INTERLEUKIN-2,IL2RB
SAFINAMIDE,CACNB3
LIFITEGRAST,ITGB2
FIRATEGRAST,ITGB1
SOVATELTIDE,EDNRB
TABERMINOGENE VADENOVEC,KDR
PIMOZIDE,DRD2
TRABEDERSEN,TGFB2
VARESPLADIB,PLA2G10
VIRULIZIN,IL12A
APRACLONIDINE HYDROCHLORIDE,ADRA2C
VOCLOSPORIN,PPIA
VOSAROXIN,TOP2A
BUTABARBITAL,CHRNA4
"ERGOLOID MESYLATES, USP",DRD1
CHLOPHEDIANOL,HRH1
CLOCORTOLONE,NR3C1
COAGULATION FACTOR VIIA (RECOMBINANT)-JNCW,F7
CYPROHEPTADINE HYDROCHLORIDE,HRH1
CYPROTERONE,AR
CYPROHEPTADINE HYDROCHLORIDE,HTR2A
"ERGOLOID MESYLATES, USP",ADRA1A
LABETALOL,ADRB2
MEPENZOLATE,HCAR2
MEFENAMIC ACID,PTGS1
APRACLONIDINE HYDROCHLORIDE,ADRA2A
TESTOLACTONE,CYP19A1
THIETHYLPERAZINE,DRD2
CAFFEINE CITRATE,ADORA2A
TIROFIBAN,ITGB3
AMINOPHYLLINE,ADORA3
CARMUSTINE,GSR
CAFFEINE CITRATE,ADORA2B
OXAPROZIN POTASSIUM,PTGS1
FENTANYL CITRATE,OPRM1
INDOMETHACIN SODIUM,PTGS1
FLUOCINOLONE ACETONIDE,PLA2G4A
OXYMETAZOLINE HYDROCHLORIDE,ADRA2B
DESIRUDIN,F2
LOFEXIDINE,ADRA2B
TRIAMTERENE,SCNN1A
PREDNISOLONE,ANXA1
PROPOXYPHENE,OPRM1
SUMATRIPTAN,HTR2B
ULIXERTINIB,MAPK1
PRALICIGUAT,UGCG
ALDH2 ACTIVATOR FP-045,ALDH2
SALMETEROL XINAFOATE,ADRB2
ASN007,MAPK3
FT-1101,DNER
TROTABRESIB,DNER
FADRACICLIB,CDK2
TGFBETA INHIBITOR LY3200882,TGFBR1
NP-G2-044,FSCN1
MEVOCICLIB,CDK7
ULIXERTINIB,EPHB2
RAZUPROTAFIB,TEK
EVINACUMAB,ANGPTL3
NAMODENOSON,ADORA3
LEVODOPA,DRD2
TIVOZANIB,FLT1
ANTI-HER3 MONOCLONAL ANTIBODY GSK2849330,ERBB3
FLUMAZENIL,TSPO
AFIMOXIFENE,ESR1
BERBERINE,TERT
OCAPERIDONE,HTR2A
ROLUPERIDONE HYDROCHLORIDE,HTR2A
NCX-4016,COX8A
RECOMBINANT MONOCYTE CHEMOATTRACTANT PROTEIN-1,CCL2
TIANEPTINE,SLC6A4
VATALANIB,EGFR
BLONANSERIN,HTR2A
BLONANSERIN,DRD2
ANDOLAST,CALCA
SECRETIN,SCT
DACINOSTAT,HDAC9
ELISIDEPSIN,ERBB3
PRX-321,IL4R
PIMAGEDINE,NOS2
MK-2461,NTRK3
CLINDAMYCIN HYDROCHLORIDE,RPSA
ZINPENTRAXIN ALFA,NPTX2
VOLINANSERIN,HTR2C
CLARITHROMYCIN,RPSA
SCH442416,ADORA3
MILATUZUMAB,CD74
CHR-3996,HDAC1
NERATINIB MALEATE,ERBB2
NELADENOSON,ADORA1
TREBANANIB,GLUL
LIRIMILAST,PDE4D
ADERBASIB,ADAM17
ALBIGLUTIDE,GLP1R
AMINOPHYLLINE,PDE3A
APREMILAST,PDE4A
BUDESONIDE,NR3C1
CHENODEOXYCHOLIC ACID,NR1H4
FENOPROFEN,COX8A
IPH-2101,KIR2DL1
IPH-2101,KIR2DL3
ATABECESTAT,BACE1
"BMS 181,101",A2M
LY334362,HTR2C
SPIROXATRINE,ABCA4
TERAZOSIN,ABCA4
HEAT (BE2254),ABCA4
METHOXAMINE,ABCA4
A-123189,ABCA4
APOMORPHINE,AOC1
BRL 44408,AOC1
XYLOMETAZOLINE,AOC1
PHENOXYBENZAMINE,AOC1
NOREPINEPHRINE,AOC1
THEOPHYLLINE,ABAT
PSB1115,ABAT
IMARADENANT,ABCA1
DPCPX,ABCA1
AZD0156,EEF1B2P2
SITRAVATINIB,AXL
CGP 12177,ACAA1
GALUNISERTIB,DNMT3B
COMPOUND 2C [PMID: 24900538],EFNB2
[3H]NPC17731,BDKRB2
NPC 18565,BDKRB2
ORYZATENSIN,ACACA
BRINZOLAMIDE,GAPDH
BENZOLAMIDE,GAPDH
COMPOUND 15B [PMID: 18334293],CYP2C8
YM-022,CCKBR
[125I]CCL7 (HUMAN),ACTB
CXCL10,ACTB
UCCF-853,CFTR
SC-560,CPT1B
SAUVAGINE,ALB
ULOCUPLUMAB,ACTG1
R547,EGR4
TIBREMCICLIB,CDK4
LEROCICLIB,EIF4EBP1
BS-181,EIF4EBP2
IRALUKAST,AMPD1
ICI198615,AMPD1
ZAFIRLUKAST,AMPD1
DSM705,DHODH
DOPAMINE,ALDH1A1
EBI-2511,EZH2
TIGOZERTINIB,DXO
MIFANERTINIB,DXO
LAPATINIB,DXO
PIROTINIB,DXO
GSK2194069,FASN
COMPOUND 2C [PMID: 24900538],FGR
PREGABALIN,CACNA1D
PREGABALIN,CACNA1C
SLF,HNMT
OSI-930,DRD1
SITRAVATINIB,DRD1
MK-2461,DRD3
CLOPROSTENOL,APOC2
TAFLUPROST,APOC2
CARBACYCLIN,APOC2
TIAGABINE HYDROCHLORIDE,CD14
NBQX,ASS1
MG2+,GRIN2B
FULVESTRANT,ALDH3B1
CHR-3996,MSTN
DACINOSTAT,HDAC4
APICIDIN,GAS1
DACINOSTAT,GAS2
HYDROXYAMPHETAMINE HYDROBROMIDE,ADRA1A
SCRIPTAID,GAS1
HYDROXYAMPHETAMINE HYDROBROMIDE,ADRB1
FUROSEMIDE,ADAM10
CARBACYCLIN,APOC3
GSK2646264,DRD2
LUCITANIB,DRD2
AZD-4547,DRD2
SITRAVATINIB,DRD2
LABUXTINIB,DPT
AKN-028,DPT
ETHOSUXIMIDE,CACNA1G
NIP-142,KCNJ5
TERFENADINE,BAD
TETRAMETHYLAMMONIUM,AVPR1A
GSK2646264,EPHX2
EXAMPLE 36 [WO2016177845],LTC4S
CP-459632,FLT4
AM966,BIN1
NCL-1,GEM
AGOUTI-RELATED PROTEIN,ANGPT2
[3H]LY341495,SLC25A4
COMPOUND 20 [PMID: 30998356],CTNS
XANOMELINE,AANAT
EFPPEA,ANK2
ICOA-13,ANK2
GR 128107,ANK2
3F-MT-45,APOF
AM-6120,BAX
PHTX-11,ATP1A1
SUBSTANCE P-OME,AQP3
"N&#8242;,2-DIPHENYLQUINOLINE-4-CARBOHYDRAZIDE",AQP5
[3H]ESTRADIOL-17&BETA;-GLUCURONIDE,SLCO1B1
ISOX-CHA-CHG-ARK(SULFO-CY5)-NH2,APOE
AYPGKF-NH2,APOH
NS-220,BCKDHA
SELADELPAR,BCKDHA
AZD3458,F5
IDELALISIB,F5
AMDIZALISIB,PIK3CB
AZ2,PIK3CB
COMPOUND 5D [PMID: 31335136],PIK3CB
AMDIZALISIB,F7
AZ2,F7
ZANDELISIB,PIK3CB
ZANDELISIB,F7
COMPOUND 3M [PMID: 32603117],COL8A2
LGX-806,RAF1
GISADENAFIL,PDE5A
COMPOUND 3M [PMID: 32603117],PDE5A
TPN171,PDE5A
VEGF RECEPTOR TYROSINE KINASE INHIBITOR III,FLT1
WAY-255348,BDNF
(S)-RP-6306,FABP4
PRRP-20,APOA4
NAPORAFENIB,FAH
SB590885,FAH
VEGF RECEPTOR TYROSINE KINASE INHIBITOR III,FLT4
7-HYDROXYCHOLESTEROL,BCL2L1
VEROSUDIL,CTRB1
OSI-930,FLT4
IZORLISIB,PIK3CB
B-R13/17K H2 RELAXIN,APP
SA10SC-RLX,APP
PHA-793887,CDK9
A-971432,AMY2A
FINGOLIMOD-PHOSPHATE,AMY2A
SELECTIN P LIGAND,SELP
SR-13668,AKT1
Y-39983,ROCK1
"[GA-DOTA,TYR3,THR8]OCTREOTIDE",FASLG
KE 108,FASLG
BIM 23068,FASLG
"L-363,301",AQP2
KE 108,AQP2
BIM 23050,AQP2
CORTISTATIN-14,AQP2
ANALOG 32 [PMID:18543899],AQP1
SRIF-14,AQP1
BIM 23197,AQP2
"[111IN,90Y]DOTA-TOC",AQP2
TONANTZITLOLONE,ATP2A3
PYROTINIB,ERBB2
BGT-226,MTOR
APV207095A,TRPM5
QUINAZOLIN-4(3H) DERIVATIVE 36,TRPV4
GNE-7915,FGFR4
SAR-20347,TYK2
UROTENSIN-II,UTS2R
BGT-226,PIK3CA
RESERPINE,CDH13
BMS-911543,JAK2
NPY-(2-36),ANXA5
NPY-(13-36) (PIG),ANXA5
IBRUTINIB,MYC
PANITUMUMAB,PIK3CA
EPIDERMAL GROWTH FACTOR RECEPTOR TYROSINE KINASE INHIBITOR,PTEN
IBRUTINIB,BLK
RITUXIMAB,NRG1
PACRITINIB,EGFR
TOZASERTIB,SMARCA4
PACLITAXEL,PTEN
IBRUTINIB,MYD88
PIXANTRONE,TOP2A
THERAPEUTIC GLUCOCORTICOID,CREBBP
AKT INHIBITOR MK2206,PTEN
LAPATINIB,ERBB4
CARBOPLATIN,ALK
IFOSFAMIDE,ALK
OSUGACESTAT,CTNNB1
DOCETAXEL ANHYDROUS,FGFR1
CARBOPLATIN,FGFR1
GEFITINIB,KEAP1
CERITINIB,KEAP1
AFATINIB,KEAP1
AKT INHIBITOR MK2206,KIT
REVUMENIB,KMT2A
HSP90 INHIBITOR XL888,NRAS
ABEMACICLIB,NRAS
TORIPALIMAB-TPZI,NRAS
PF-4708671,NRAS
RIBOCICLIB,PIK3CA
PI3K-ALPHA INHIBITOR HS-10352,PIK3CA
RIBOCICLIB,PTEN
NIVOLUMAB,PTEN
AFATINIB,PTEN
ONATASERTIB,PTEN
LYPRESSIN,AVPR1A
BASILIXIMAB,IL2RA
PROPOXYCAINE HYDROCHLORIDE,SCN5A
PROPAFENONE HYDROCHLORIDE,SCN5A
BIFEPRUNOX,HTR1A
AVAGACESTAT,PSEN2
AVAGACESTAT,PSEN1
PREXASERTIB,CHEK2
NIVOCASAN,CASP9
BIFEPRUNOX,DRD2
ENAVATUZUMAB,TNFRSF12A
PEGSUNERCEPT,TNF
STAMULUMAB,MSTN
VATELIZUMAB,ITGA2
GSK933776,APP
AMISELIMOD HYDROCHLORIDE,S1PR5
AMISULPRIDE,HTR1A
CARBARIL,ACE
LEVOSIMENDAN,TNNI3
AMISULPRIDE,DRD3
TGN-1412,CD28
SOLITOMAB,CD3E
TREVOGRUMAB,MSTN
CMB-401,MUC1
KRN-330,GPA33
PATUPILONE,TUBB4A
UPROLESELAN,SELE
DORZAGLIATIN,GCK
NEMIRALISIB,PIK3CD
HMPL-453,FGFR1
SISOMICIN,RPSA
ENMD-2076,FLT3
SALIRASIB,NRAS
BI-187004,HSD11B1
TALSACLIDINE,CHRM2
CARPERITIDE,NPR3
GLENZOCIMAB,GP6
ERFONRILIMAB,CD274
IDAZOXAN,ADRA2C
IDAZOXAN,ADRA2B
SPIRAMYCIN,RPSA
FAXELADOL,SLC6A4
OLSALAZINE,MEN1
TAMOXIFEN CITRATE,CYP2C19
CHEMBL:CHEMBL583558,GFER
CHEMBL:CHEMBL429095,ALDH1A1
DOCEBENONE,CYP3A4
DEXBROMPHENIRAMINE MALEATE,KCNH2
NANAOMYCIN,NFE2L2
VOACANGINE,TRPV1
TAMOXIFEN CITRATE,RORC
CHEMBL:CHEMBL590201,KCNH2
"4',7-DIMETHOXY-5-HYDROXYGENISTEIN",NFKB1
RILUZOLE,CYP3A4
CHEMBL:CHEMBL1477383,CYP1A2
DRINABANT,CNR1
CHEMBL:CHEMBL1288014,CYP3A4
MICONAZOLE NITRATE,HSP90AA1
PURVALANOLA,HIF1A
RIVENPROST,PTGER4
BENZBROMARONE,PPARG
EMODIC ACID,ALDH1A1
CARMINE,RORC
CHEMBL:CHEMBL379975,FYN
PROTOAPIGENONE,XBP1
ORTHOTOLIDINE,ALDH1A1
[3H]WAY100635,CYP3A4
HEXACHLOROPHENE,THRB
PHA-767491,ACVR1
SETMELANOTIDE,MC4R
VORINOSTAT,HDAC9
CHEMBL:CHEMBL1235854,AR
CHEMBL:CHEMBL531401,ADRB2
TRICLOSAN,RXRA
GALLIC ACID,ALDH1A1
METHAPHIT,CYP2D6
NORTRIPTYLINE HYDROCHLORIDE,GLP1R
CHEMBL:CHEMBL2095095,NFE2L2
FENAMIDONE,AR
SYROSINGOPINE,P4HB
CHEMBL:CHEMBL2208195,PPARG
NEBOGLAMINE,GRIN2B
1-AZAKENPAULLONE,GSK3B
CLOZAPINE,CYP2C9
CHEMBL:CHEMBL600694,SMAD3
DICYCLOMINE HYDROCHLORIDE,CYP1A2
VANDETANIB,MAPK14
RAPASTINEL,GRIN2B
AST-487,PDGFRB
TYRPHOSTIN 51,VDR
CHEMBL:CHEMBL602990,SMAD3
METYROSINE,CYP2C9
CHEMBL:CHEMBL1269022,CYP3A4
CHEMBL:CHEMBL1702181,TP53
TIZANIDINE HYDROCHLORIDE,AR
NECROSTATIN-1,SMN1
APIMOSTINEL,GRIN2B
BUTAMBEN,AR
DROSPIRENONE,AR
SALICYLAMIDE,HSD17B10
CHEMBL:CHEMBL2204435,NR1H2
HINOKITIOL,HDAC5
PHENAMIL METHANESULFONATE,SMN1
QUINOLINIC ACID,RUNX1
NITROXOLINE,HSP90AA1
AV-101,GRIN2B
CHEMBL:CHEMBL336095,CYP2C19
TERFENADINE,KCNH2
ERYTHROMYCIN,CYP1A2
BENZBROMARONE,ABCC2
ZEARALENONE,HSPB1
CHEMBL:CHEMBL588234,MEN1
NEFAZODONE HYDROCHLORIDE,NFE2L2
VANIPREVIR,CYP3A4
GUGGULSTERONE,RORC
PLICAMYCIN,CYP2C9
PROCHLORAZ,NFE2L2
"8,2'-DIMETHOXYFLAVONE",CYP3A4
CHEMBL:CHEMBL259422,TP53
CHEMBL:CHEMBL1210769,CASP7
NIFLUMIC ACID,CYP1A2
CHEMBL:CHEMBL530609,NPC1
CHEMBL:CHEMBL545880,KCNH2
SIMVASTATIN,HMGCR
CGP7930,GLP1R
TEZAMPANEL,GRIA2
CHEMBL:CHEMBL602776,ALDH1A1
CHEMBL:CHEMBL601135,CYP1A2
SULINDAC,CYP1A2
MARIMASTAT,ADAM10
CHEMBL:CHEMBL546865,NPC1
CHEMBL:CHEMBL1426508,ALDH1A1
CEFTRIAXONE,CYP2C19
CHEMBL:CHEMBL1287980,ATXN2
CHEMBL:CHEMBL546865,BRCA1
APICIDIN,HDAC3
SANGUINARINE SULFATE,ALOX15
CARMINIC ACID,MMP14
TRICIRIBINE,NFE2L2
SULPIRIDE,CYP1A2
AST-487,DAPK3
GUANABENZ ACETATE,KCNH2
MYRICETIN,WRN
FLUCONAZOLE,ALB
RABEPRAZOLE,NFE2L2
CYCLOHEXIMIDE,HIF1A
"4',7-DIMETHOXY-5-HYDROXYGENISTEIN",CYP1A2
NEOSTIGMINE BROMIDE,CYP2C19
METHAPYRILENE HYDROCHLORIDE,KCNH2
CUCURBITACIN D,HSP90AA1
CHLORHEXIDINE GLUCONATE,AR
CHEMBL:CHEMBL601351,GLP1R
BENZOFURAN,AR
CERITINIB,IGF1R
CHEMBL:CHEMBL601135,CYP2C19
FLUAZINAM,AR
ALISERTIB,FGFR1
METFORMIN,PRKAB1
N-DESMETHYLCLOZAPINE,DRD1
ICI-164384,ESR1
CHEMBL:CHEMBL272005,CYP2C19
BUTACAINE,CYP2D6
DITIOCARB SODIUM,AR
BETAXOLOL,ADRB1
N-OLEOYLETHANOLAMIDE,CYP1A2
PHA-767491,CDK2
HAEMATOXYLIN,VDR
FLUOXETINE HYDROCHLORIDE,ATXN2
BATILOL,AR
HYDROCORTISONE BUTYRATE,NFKB1
BRONOPOL,VDR
CHEMBL:CHEMBL598279,KCNH2
BRIVANIB ALANINATE,KDR
BRIVANIB ALANINATE,FLT1
2-(2'-METHOXYPHENYL)-1H-INDOLE,SMN1
RO19-4603,CYP1A2
DOCEBENONE,VDR
CHEMBL:CHEMBL1523215,ESR1
MICHLER'S KETONE,AR
CHEMBL:CHEMBL1312050,KMT2A
ZEARALENONE,RORC
CHEMBL:CHEMBL29197,CYP3A4
CETIRIZINE HYDROCHLORIDE,TEK
CYCLIRAMINE MALEATE,KMT2A
AVOSENTAN,EDNRA
CHEMBL:CHEMBL2094573,SMN1
BUSPIRONE,ALDH1A1
CHEMBL:CHEMBL2094573,SMN2
METHOXSALEN,CYP2D6
ALISERTIB,NTRK1
APTIGANEL HYDROCHLORIDE,KCNH2
MYRICETIN,CASP6
CHEMBL:CHEMBL515505,ALDH1A1
CHEMBL:CHEMBL1797709,KAT2B
BUSULFAN,CYP3A4
CHEMBL:CHEMBL272005,CYP3A4
DRONABINOL,CYP2C9
PROTRIPTYLINE,CYP2D6
PRASUGREL,CYP2B6
OTELIXIZUMAB,CD3E
PHENYTOIN SODIUM,HLA-B
PHENYTOIN SODIUM,CYP2C9
ROZROLIMUPAB,RHD
RIVAROXABAN,F5
GEDATOLISIB,PIK3C3
GEDATOLISIB,PIK3C2G
LEXIBULIN,TUBB3
TIRBANIBULIN,SRC
LEXIBULIN,TUBB4A
ENZASTAURIN,PRKCE
OFATUMUMAB,MS4A1
SATRALIZUMAB,IL6ST
CONATUMUMAB,TNFRSF10B
TRAMETINIB DIMETHYL SULFOXIDE,MAP2K6
SATRALIZUMAB,IL6R
BRYOSTATIN,PRRT2
METHOTREXATE,ALOX5
PROTEASOME INHIBITOR,ARNT
RECOMBINANT INTERLEUKIN-1,BAX
INOSITOL,CCKBR
CLENOLIXIMAB,CD4
INTERLEUKIN-12 GENE,CD28
O-CHLOROACETYLCARBAMOYLFUMAGILLOL,CDK2
TOREMIFENE,CD80
CARBOPLATIN,CDKN1A
ARSENIC TRIOXIDE,CDKN1A
PACLITAXEL,CDK2
LIOTHYRONINE,CHAT
EPIGALLOCATECHIN GALLATE,CSF2
BECLOMETHASONE DIPROPIONATE,CSF2
ROQUINIMEX,CSF2
MPA,CSF2
RECOMBINANT TRANSFORMING GROWTH FACTOR-BETA-2,CSF2
SIROLIMUS,CTLA4
IROPLACT,CXCL10
METHYLPHENIDATE HYDROCHLORIDE,CYP2D6
PACLITAXEL,E2F1
ROMIDEPSIN,ERBB2
GEMCITABINE,ERBB2
MDX-210,FCGR1A
ARSENIC TRIOXIDE,FAS
BUTYRIC ACID,TAC1
ADENOVIRUS VECTOR,TG
IDOXURIDINE,TGFB1
PHENYTOIN SODIUM,TG
RETINOIC ACID AGENT,TGFB1
TESTOSTERONE,TGFB1
LEVAMISOLE,TGM2
PRASTERONE,TH
PROCARBAZINE HYDROCHLORIDE,TNF
TRIFLUOPERAZINE,TP53
INTERFERON ALFA-2B,TP53
MASOPROCOL,TRPV1
LEVODOPA,TRPV1
LIOTHYRONINE,UCP2
ESTRADIOL VALERATE,VDR
STAUROSPORINE,VDR
BI-505,ICAM1
"PAROXETINE HYDROCHLORIDE, HEMIHYDRATE",COMT
ETOPOSIDE,NQO1
TALAZOPARIB,ERBB2
LYSOSOMAL ALPHA-GLUCOSIDASE,GAA
DICLOFENAC SODIUM,ABCC2
ISOSORBIDE DINITRATE,CYB5R4
GLAFENINE,PTGS1
ASPIRIN,B4GALT2
NIALAMIDE,MAOB
DOPAMINE,ADRA2C
OMBITASVIR/PARITAPREVIR/RITONAVIR,IFNL3
DOPAMINE,ADRB1
DOPAMINE,ADRA2B
PRAVASTATIN SODIUM,APOE
LAMIVUDINE,ABCC4
CEPHRADINE,NR1I2
CEFADROXIL ANHYDROUS,NR1I2
PROGESTERONE,NR1I2
COTININE,CYP2B6
VINBLASTINE,NR1I2
ROSIGLITAZONE,NR1I2
EMAPALUMAB-LZSG,PRF1
SULFADIAZINE,CYP3A4
PHENOXYPROPAZINE,MAOA
FLUVOXAMINE,ABCB1
PAREGORIC,CYP2C9
TRAMADOL,CYP2C9
FLUVOXAMINE,CYP1A2
FLUVOXAMINE,HTR1A
SOMATROPIN (RECOMBINANT DNA ORIGIN),COL1A1
RITUXIMAB,TGFB1
RITUXIMAB,CXCL12
DESMETRAMADOL,SLC22A1
CAFFEINE,DRD2
PROPANIDID,BCHE
FENOFIBRATE MICRONIZED,SCARB1
REMOXIPRIDE HYDROCHLORIDE,DRD2
AMITRIPTYLINE HYDROCHLORIDE,AKT1
NORTRIPTYLINE,COMT
DICLOFENAC SODIUM,UGT2B17
LENALIDOMIDE,KDR
BENAZEPRIL,AGT
PHENOXYPROPAZINE,MAOB
SULFAMETHAZINE,NAT2
ELEXACAFTOR,CFTR
CELECOXIB,CACNA1G
TRETINOIN,CYP3A5
ETOPOSIDE,GSTT1
ASPIRIN,TAPBP
MERCAPTOPURINE,FTO
MERCAPTOPURINE,COMT
ABIRATERONE ACETATE,YBX1
INFLIXIMAB-DYYB,HLA-E
CLOZAPINE,PRKAA2
CLOZAPINE,NTRK2
CLOZAPINE,HNMT
NEVIRAPINE,HLA-DQB1
SPIRONOLACTONE,CYP11B2
ALVERINE,HTR1A
GIVOSIRAN,PPOX
FLUOROURACIL,INSR
PAMIDRONATE,CYP2C8
FURAZOLIDONE,G6PD
SERTINDOLE,ADRA1A
LAROPIPRANT,NR1H3
COPANLISIB HYDROCHLORIDE,PIK3CA
GLIPIZIDE,NOS1AP
CLAVULANIC ACID,HLA-A
TRANDOLAPRIL,PTPRD
VESENCUMAB,NRP1
TRANDOLAPRIL,CES1
HYDROCODONE,CYP3A5
CLEVIDIPINE,CACNA1D
PG-110,NGF
DASATINIB ANHYDROUS,FYN
DENILEUKIN DIFTITOX,IL12RB2
DASATINIB ANHYDROUS,STAT5B
IMATINIB,DDR1
NEMIFITIDE,HTR2A
ALICAFORSEN,ICAM1
INTERFERON BETA-1B,IFNAR1
ISIS 104838,TNF
LETROZOLE,CYP19A1
LOTEPREDNOL,NR3C1
DIPHENIDOL,CHRM3
PERINDOPRIL,ACE
PROGABIDE,GABBR1
SOTALOL,KCNH2
AZACITIDINE,DNMT1
QUETIAPINE FUMARATE,DRD1
MRA 003 US,IL6
TEMAZEPAM,TSPO
TALBUTAL,GRIA2
RACEMENTHOL,TRPA1
TRAZODONE,ADRA2A
BOTULINUM TOXIN TYPE B,VAMP2
TRIFLUPROMAZINE,DRD2
TRIFLUPROMAZINE,HTR2B
TRIFLUPROMAZINE,DRD1
TRIFLUPROMAZINE,CHRM2
NEVANIMIBE HYDROCHLORIDE,SOAT1
VENGLUSTAT,UGCG
ULIXERTINIB,MAPK3
MASITINIB,SRC
TELISOTUZUMAB VEDOTIN,MET
SIMUFILAM,FLNA
DOMAGROZUMAB,MSTN
TIVOZANIB,KDR
EZETIMIBE,NPC1L1
DIETHYLSTILBESTROL,ESR1
ASG-5ME,SLC44A4
VITAMIN A,RXRG
MK-2461,KDR
LEVOMILNACIPRAN,SLC6A4
DENOSUMAB,TNFSF11
TAK-715,AHSA1
MK-0731,KIF11
ELPAMOTIDE,KDR
LY-2382770,TGFBR1
ACLERASTIDE,MAS1
LEXAPTEPID PEGOL,HAMP
BMS-582949,AHSA1
LAS101057,ADORA2B
LB-100,PPP2CA
DP-B99,MMP9
ANIFROLUMAB,IFNAR1
NALIDIXIC ACID,TOP2A
PERAMPANEL,GRIA2
PRALSETINIB,KIF5B
ISOCARBOXAZID,MAOA
MEDETOMIDINE,ADRA1D
URAPIDIL,HTR1A
ROR1 CAR-SPECIFIC AUTOLOGOUS T-LYMPHOCYTES,ROR1
CLOZAPINE,A2M
CABERGOLINE,A2M
(+)-WAY 100135,A2M
ARIPIPRAZOLE LAUROXIL,HTR2C
5-CT,SERPINA3
OLEAMIDE,SERPINA3
[PYR1]APELIN-13,ACADSB
AUDIEN,BTF3P11
E339-3D6,ACADSB
AUPHEN,BTF3P11
CCK-4,CCKBR
[125I]CCL7 (HUMAN),ACTA1
PECAVAPTAN,AVPR2
VELTUZUMAB,GATM
AZD7762,CHEK2
GW-2580,DPYD
CEDIRANIB,DPYD
OSI-930,DPYD
M4205,DPYD
MT-3724,RPSA
CELECOXIB,CPT1B
MT-3724,RPS19
ASTRESSIN 2B,ALB
ASTRESSIN,ALB
CXCL12-(1-9) DIMER,ACTG1
BOHEMINE,EGR4
BMS-536924,COX6A1
KETOCONAZOLE,COX6A1
VIDOFLUDIMUS,DHODH
NAPORAFENIB,DUSP1
ZK110841,APOB
&DELTA;12-PGJ2,APOB
CLOZAPINE,ALCAM
MT-3724,RPS6
EPICATECHIN GALLATE,BRCA2
GENISTEIN,BRCA2
IVARMACITINIB,EPHB1
ABROCITINIB,EPHB1
JAK INHIBITOR 20A,EPHB1
JAK INHIBITOR 17B,EPHB1
POVORCITINIB,EPHB1
TINENGOTINIB,EPHB2
JAK INHIBITOR 20A,EPHB2
SAFIMALTIB,EPHB2
ROVADICITINIB,EPHB2
FUROSEMIDE,CD68
TAFETINIB,DRD2
SEMAXANIB,DRD2
SKA-121,ARG2
TORIPALIMAB,PDCD1
&ALPHA;-MSH,ANGPT2
SETMELANOTIDE,ANGPT1
AZD8055,ETFB
ZANDELISIB,ETFB
XMT-1191,CYP2J2
COMPOUND 35 [PMID: 23916259],CTSH
PCC0105003,ESR1
PEXMETINIB,CTNNB1
GNE-3511,CTNNA2
COMPOUND 20 [PMID: 30998356],CTNNA2
TP0556351,ACE
MARIMASTAT,DBP
CGS-27023A,DBP
CM-352,DCC
ATICAPRANT,APOF
COMPOUND 27 [PMID: 35834807],F7
EGANELISIB,F7
RV6153,F7
APREMILAST,COL11A2
RO20-1724,COL11A2
QUIZARTINIB,DPP4
"COMPOUND 5 [TOMASSI ET AL., 2020]",GNAI2
PF-03882845,BDNF
HT1042,PSMB8
SOTRASTAURIN,CTBP1
GSK690693,PRKG1
ALLOSTERIC MODULATOR 33 [PMID: 35878399],PRKG1
CEP-37440,ACSL1
RGS4 INHIBITOR 11B,GP2
AROTINOID ACID,BCHE
CCG-203920,GP2
ZETELETINIB,PTK2B
PUCOTENLIMAB,CD274
BMS-936559,CD274
CETRELIMAB,CD274
RIBOCICLIB,CDKN2A
FGFR INHIBITOR CPL304110,FGFR1
PENPULIMAB,PDCD1
PHI-101,FLT3
SGI-1776,FLT3
FLT3/CDK4/6 INHIBITOR FLX925,FLT3
AZD1480,FLT3
PANITUMUMAB,HRAS
SR9009,HRAS
DACTOLISIB,HRAS
DOXORUBICIN HYDROCHLORIDE,FLT3
DOXORUBICIN HYDROCHLORIDE,PIK3CA
INFIGRATINIB,PIK3CA
TORIPALIMAB-TPZI,PIK3CA
ABIRATERONE ACETATE,TP53
P53-HDM2 INTERACTION INHIBITOR MI-773,TP53
GEDATOLISIB,TP53
TILARGININE,NOS2
APRUTUMAB IXADOTIN,TUBB4A
AMY-101,C3
"INSULIN [INJECTION], BIPHASIC",INSR
"INSULIN, ISOPHANE",INSR
PLONMARLIMAB,CSF2
ORILANOLIMAB,FCGRT
"INSULIN HUMAN, ISOPHANE",INSR
LINCOMYCIN,RPSA
JOSAMYCIN,RPSA
TALAZOPARIB,ATM
DOVITINIB,FGFR4
OMIPALISIB,PIK3CG
CHEMBL:CHEMBL608855,KCNH2
CP55940,CNR1
CHEMBL:CHEMBL408563,TP53
CLOCORTOLONE,NFE2L2
CLOMIPRAMINE HYDROCHLORIDE,AR
CHEMBL:CHEMBL533226,TP53
STREPTONIGRIN,ATM
HELENALIN,GLP1R
CHEMBL:CHEMBL599255,ADAM17
DESMETHOXYYANGONIN,SMN2
SCLEROTIORIN,ATXN2
JNJ-7706621,TYK2
PF-562271,MET
TYRPHOSTIN 23,JAK2
CHEMBL:CHEMBL1287983,ATXN2
PF-562271,CDK5
STROPHANTHIDIN ACETATE,SMAD3
HYDROQUINONE,NFKB1
CHEMBL:CHEMBL1529609,HSD17B10
CEFAMANDOLE,ABCC4
GW843682X,KDR
PSAMMAPLIN A,HDAC2
PRULIFLOXACIN,AR
COLCHICINE,CYP2D6
BROMETHALIN,NFE2L2
FENTICLOR,HSP90AA1
CYC-116,BLK
CHEMBL:CHEMBL184074,CYP3A4
ELEMICIN,CYP3A4
BMS-345541,PRKD2
DAIDZEIN,ESR1
IC261,CSNK1D
CENISERTIB,PDGFRB
BAY 61-3606,GSK3B
AM251,CYP2C19
TYRPHOSTIN A9,HSD17B10
N-OLEOYLDOPAMINE,DRD1
ROCURONIUM BROMIDE,AR
LEUPROLIDE ACETATE,CYP2D6
VITAMIN B2,BRCA1
ONONIN,BRCA1
CHEMBL:CHEMBL1256813,VDR
ZONISAMIDE,AQP4
ETOFENAMATE,CYP1A2
CHEMBL:CHEMBL1437888,GLP1R
(S)-ROSCOVITINE,CYP1A2
ZIRAM,HSD17B10
CHEMBL:CHEMBL599255,ALDH1A1
SRIF-28,SSTR2
CHEMBL:CHEMBL428789,NFKB1
BUTACLAMOL,MTOR
BROMODICHLOROACETIC ACID,NFE2L2
EUPAROTIN ACETATE,NFE2L2
DICOFOL,AR
CHEMBL:CHEMBL1946014,AR
CAFFEIC ACID PHENETHYL ESTER,SMN2
TOZASERTIB,PKN2
SOLOMONSTEROL A,NR1I2
2-METHYL GRAMINE,CYP3A4
CHEMBL:CHEMBL428789,CASP3
STROPHANTHIDIN ACETATE,NFE2L2
INAMRINONE,ALDH1A1
ETHAMSYLATE,HSD17B10
BISACODYL,AR
MASOPROCOL,ESR1
BRIMONIDINE,VDR
GLABRANIN,CYP3A4
GENISTEIN,NR1H4
MIBEFRADIL,CYP2D6
PYRILAMINE MALEATE,KCNH2
"1R,9S-HYDRASTINE",CYP2C9
BENZOXATHIAN,DRD1
CHLORPROPAMIDE,CYP1A2
FASUDIL,RPS6KB1
OCTAVERINE,AR
HYDROGEN PEROXIDE,PTPRC
CIPROFLOXACIN,HSD17B10
CARMUSTINE,CYP2C9
AMLEXANOX,NFE2L2
TYRPHOSTIN AG 879,KCNH2
CHEMBL:CHEMBL408653,TP53
PYRROLIDINE DITHIOCARBAMATE,CYP1A2
BITHIONOL,RORC
CHEMBL:CHEMBL1358137,EGFR
OXYCARBOXIN,THRB
CHEMBL:CHEMBL579318,GLP1R
BUFURALOL,ADRB1
BENZO[E]PYRENE,NFE2L2
CENISERTIB,DAPK3
IPRIFLAVONE,STAT1
CHEMBL:CHEMBL398363,CYP3A4
CHEMBL:CHEMBL1997335,MAPK14
FENOLDOPAM MESYLATE,WRN
CYPROHEPTADINE HYDROCHLORIDE,KCNH2
CHEMBL:CHEMBL1330352,SMN1
"PAROXETINE HYDROCHLORIDE, HEMIHYDRATE",GLP1R
SB 204070,CYP1A2
LARGAZOLE,E2F1
PD 174265,EGFR
RESVERATROL,SMN2
IMAZODAN,CYP3A4
EXEMESTANE,NFE2L2
CHEMBL:CHEMBL84010,SMAD3
"3,6-DIMETHOXYFLAVONE",CYP3A4
CIPROFLOXACIN,CYP2D6
OXYQUINOLINE,AR
RETINYL ACETATE,HSD17B10
CHEMBL:CHEMBL422942,TP53
CHEMBL:CHEMBL599255,HSP90AA1
CYC-116,RPS6KA3
GW459057A,SRC
RESMETHRIN,NFE2L2
DESLORATADINE,PPARD
CHEMBL:CHEMBL76398,RHEB
CHEMBL:CHEMBL602580,KCNH2
FLAVONE,NFE2L2
KAEMPHEROL,CYP1A2
PHENOLPHTHALEIN,NR1H4
MURABUTIDE,NOD2
CARMUSTINE,CYP2C19
TYRPHOSTIN A9,VDR
JNJ-7706621,FLT1
KOPARIN,VDR
EUPAFOLIN,GAA
CHEMBL:CHEMBL584458,GLP1R
CHEMBL:CHEMBL1814509,MAPK1
METHADONE HYDROCHLORIDE,CYP2B6
FLUTOLANIL,AR
BAY 11-7082,VDR
CHEMBL:CHEMBL1341830,ALOX15
CENISERTIB,ERBB4
CENISERTIB,MAP4K4
CENISERTIB,INSR
TRICHLOROMONOFLUOROMETHANE,AR
E324,NFE2L2
CHEMBL:CHEMBL585045,CYP2C19
DOCONEXENT,VDR
MEPANIPYRIM,AR
TOZASERTIB,MARK2
CHEMBL:CHEMBL2062869,STAT3
RONNEL,NFE2L2
FERBAM,RXRA
FAMPROFAZONE,CYP2C9
DACARBAZINE,CYP2C9
NARINGENIN,CYP2C19
"3,4-DICHLOROISOCOUMARIN",CYP2C9
CHEMBL:CHEMBL338115,CYP1A2
CHEMBL:CHEMBL84010,MAPK1
THIORIDAZINE,TP53
CHEMBL:CHEMBL221721,SMN1
GENISTEIN,AHR
TYRPHOSTIN AG 879,HIF1A
"5,7-DIHYDROXYISOFLAVONE",HSD17B10
GW843682X,LCK
GW843682X,RPS6KA3
CHEMBL:CHEMBL10835,KCNH2
BAY-11-7085,VDR
CHEMBL:CHEMBL546797,JAK2
MINOCYCLINE,CYP2D6
CHEMBL:CHEMBL1341830,ALDH1A1
SB-242235,MAP4K5
CHEMBL:CHEMBL1358137,CYP2D6
LINIFANIB,SRC
IPRATROPIUM CATION,CYP2D6
HYDRAMETHYLNON,NR1H4
CEDIRANIB,AXL
CHEMBL:CHEMBL1795737,TUBB4B
BERKELEYAMIDE B,CASP1
NORSTICTIC ACID,VDR
SULFAPHENAZOLE,HSD17B10
AZELNIDIPINE,AR
CHEMBL:CHEMBL601140,TP53
FLAVOXATE,CYP2D6
ISOLIQUIRITIGENIN,JUN
CHEMBL:CHEMBL585591,HNF4A
CETYLPYRIDINIUM CHLORIDE,AR
N-HISTIDYL-2-AMINONAPHTHALENE (BETANA),SMN2
M-CSF,BAX
TRIFLOXYSTROBIN,TP53
MIRDAMETINIB,MAP2K2
CHEMBL:CHEMBL177809,TP53
CARBETAPENTANE CITRATE,KCNH2
ZIDOVUDINE,ABCC4
VEGFC,DRD3
CLOFOCTOL,TP53
"3,5-DIPHENYLISOXAZOLE",NPC1
JNJ-7706621,MAP2K2
IODOPHENPROPIT,CYP1A2
AZD5438,CDK2
XL-228,FYN
ATAGABALIN,CACNA1G
ETOXAZOLE,NFE2L2
MESOTRIONE,NFE2L2
PONATINIB,FGFR1
LARGAZOLE,TUBB4A
DOXORUBICIN HYDROCHLORIDE,XIAP
(+)-EPITAXIFOLIN,NFKB1
METFORMIN,BDNF
CHEMBL:CHEMBL1310138,ALDH1A1
Z-WEHD-FMK,DBH
4-CHLOROMERCURIBENZOIC ACID,ALDH1A1
CHEMBL:CHEMBL1256740,CYP2D6
ERDAFITINIB,FGFR4
2-METHOXY-5 (6)EPOXY-TETRAHYDROCARYOPHYLLENE,CYP3A4
BUPARLISIB,PIK3CD
CLOFIBRATE,BCKDHA
NEFAZODONE,CYP2D6
CHEMBL:CHEMBL1956069,CDK4
LAUROGUADINE,CDK2
NVP-TAE684,SYK
2-CHLORO-5-NITRO-N-PHENYLBENZAMIDE,NFE2L2
CHEMBL:CHEMBL154580,VDR
CHEMBL:CHEMBL362223,CYP2C19
CHEMBL:CHEMBL578741,THRB
CENISERTIB,CDK7
&BETA;-FNA,APOF
TOLPERISONE HYDROCHLORIDE,NFE2L2
PONATINIB,FLT3
AUROTHIOGLUCOSE,TXNRD1
BILIRUBIN,HSD17B10
TEDATIOXETINE,SLC6A4
LUMEFANTRINE,ATP1A1
2-[125I]MELATONIN,ANK2
CHLORPROTHIXENE,HTR2A
STREPTOMYCIN SULFATE,RPSA
NVP-TAE684,EGFR
"(3Z)-N,N-DIMETHYL-2-OXO-3-(4,5,6,7-TETRAHYDRO-1H-INDOL-2-YLMETHYLIDENE)-2,3-DIHYDRO-1H-INDOLE-5-SULFONAMIDE",SMN2
FLURANDRENOLIDE,PLA2G4A
SIBUTRAMINE HYDROCHLORIDE,CYP3A4
ANTISERUM,ACO1
TYRPHOSTIN AG 879,CYP2C19
OXOTREMORINE-M,AANAT
DOVITINIB,FLT4
DASATINIB ANHYDROUS,HRAS
CHEMBL:CHEMBL581880,SMAD3
TUXOBERTINIB,DXO
MEASLES VACCINE,HLA-DQA1
CHEMBL:CHEMBL600572,SMAD3
ACETAMINOPHEN/TRAMADOL,OPRM1
IRINOTECAN HYDROCHLORIDE,UGT1A1
EPOETIN ALFA,CDKN1A
CENISERTIB,BLK
ORAL CONTRACEPTIVE,LEP
ECULIZUMAB,C5
CHEMBL:CHEMBL49055,KCNH2
DIETHYLSTILBESTROL,ESRRB
NALUZOTAN,HTR1A
ESMOLOL,ADRB1
BROMOCRIPTINE MESYLATE,DRD2
ENTOLIMOD,TLR5
CHLORAMBUCIL,TP53
CHEMBL:CHEMBL184450,NR3C1
VARGATEF,PDGFRB
ROSUVASTATIN,ABCA1
ANTIDEPRESSANT AGENT,CRHR1
CLIOQUINOL,MAPK1
LANSOPRAZOLE SULFIDE,CYP3A4
DIMETHYL FUMARATE,GSTP1
LEUCOVORIN CALCIUM,EGFR
CHEMBL:CHEMBL1684098,GATA4
"3,4-DICHLOROISOCOUMARIN",MTOR
SNDX-5613,MEN1
CARNOSIC ACID,ALDH1A1
GSK-269962A,DAPK3
PF-04852946,APOC1
CP-547632,ACVR1
ALOE-EMODIN,ESR1
FRENTIZOLE,RELA
TAMSULOSIN HYDROCHLORIDE,CYP2D6
GOSSYPETIN,VDR
GUTHION,ESR1
GILTERITINIB,KIT
CHEMBL:CHEMBL585656,ATXN2
BENZETHONIUM CHLORIDE,KCNH2
ACP-001,GHR
PRASINEZUMAB,SNCA
METHYLFURMETHIDE,AANAT
UBLITUXIMAB,MS4A1
CHEMBL:CHEMBL505670,MAPK1
THIOINOSINE,SMAD3
&BETA;3-TETRAPEPTIDE,AQP1
DDR1/2 INHIBITOR 5N,DUSP1
SARILUMAB,IL6R
AZD6482,F7
GILTERITINIB,JAK2
BETA-SITOSTEROL,GSK3B
IDAZOXAN,NFE2L2
BIAPENEM,AR
CHEMBL:CHEMBL582099,HSP90AA1
DANTROLENE,CYP3A4
CURCUMIN,TUBB3
COMPOUND 82 [PMID: 21332118],F5
PERPHENAZINE,KCNH2
PROPIONYLPROMAZINE HYDROCHLORIDE,KCNH2
TROGLITAZONE,PIK3CG
SAQUINAVIR,NR1I2
SCRIPTAID,HDAC1
SB 216763,CYP2C9
ETOPOSIDE,SLC2A4
DOXORUBICIN HYDROCHLORIDE,PLG
OXETHAZAINE,CYP3A4
REVEFENACIN,AANAT
CHEMBL:CHEMBL1549738,VDR
BROMOCRIPTINE,FOS
CHEMBL:CHEMBL602718,RELA
"3-HYDROXY-3',4'-DIMETHOXYFLAVONE",HSD17B10
VS-5584,PIK3CA
DEPHOSTATIN,ALOX15
CHEMBL:CHEMBL1940084,RELA
HER2-TARGETED LIPOSOMAL DOXORUBICIN HYDROCHLORIDE MM-302,ERBB2
TPX-0131,ALK
ETOXAZOLE,PPARD
DIGOXIN,NR3C1
THIOPHANATE METHYL,HSD17B10
POLATUZUMAB VEDOTIN,BCL2
AM404,GAA
PROMETHAZINE HYDROCHLORIDE,CYP1A1
RECOMBINANT INTERFERON,IL18
PF-04634817,CCR5
CLARITHROMYCIN,CYP1A2
GALLIUM NITRATE,IL1B
PP2,CDK5
GRAMICIDIN S,AR
URELUMAB,TNFRSF9
PARAROSANILINE,NFE2L2
HYDROFLUMETHIAZIDE,SLC12A3
HYDROCORTISONE BUTYRATE,ABCB1
ALIROCUMAB,PCSK9
FLUROGESTONE ACETATE,AR
ATORVASTATIN CALCIUM TRIHYDRATE,PLAT
GLYCINE,CYP2C9
CHEMBL:CHEMBL546597,CYP3A4
GALIXIMAB,CD80
"5,7-DIHYDROXYISOFLAVONE",ALOX12
METFORMIN,CSMD1
LY379268,SLC25A4
LY320135,CYP3A4
HYDROXYCAMPTOTHECIN,HBB
RAMELTEON,MTNR1B
SULFASALAZINE,PTGS1
CAPTAN,HSD17B10
JWH015,CYP2C19
FENTANYL CITRATE,CALCA
CHEMBL:CHEMBL1256364,CYP2C19
SLAZINIC ACID,VDR
CHEMBL:CHEMBL528068,GPR55
BTI-410,REG3A
PROTHIOFOS,VDR
CALCIUM CHANNEL BLOCKER,CACNA1C
HYDROCORTISONE BUTYRATE,AGT
DACTINOMYCIN,BGLAP
LEVONORGESTREL,BDNF
2-CHLORO-5-NITRO-N-PHENYLBENZAMIDE,CYP1A2
AZACITIDINE,AR
QUAZINONE,CYP1A2
ACETAMINOPHEN,HLA-DQB1
STANOLONE,AR
NECITUMUMAB,EGFR
ZOTEPINE,ALDH2
TIPRANAVIR,CYP3A4
4-PHENYLBUTYRIC ACID,BCL2
EBASTINE,HRH1
PRRP-(24-31) (HUMAN),APOA4
SB220025,MAPK9
ICILIN,CYP2C9
PEGINTERFERON ALFA-2B,IFNA2
CHEMBL:CHEMBL269105,NR1H4
CAPSAZEPINE,HSD17B10
AZATHIOPRINE,ABCC4
MITOXANTRONE HYDROCHLORIDE,WRN
5-HYDROXYTRYPTAMINE,SERPINA3
INAMRINONE,HSD17B10
TRIDIHEXETHYL CHLORIDE,CHRM3
LISDEXAMFETAMINE DIMESYLATE,ADRA1A
RESVERATROL,MAPK14
NIRAPARIB,GNAI2
CYCLOHEXIMIDE,RPL29
BETA-CCM,CYP1A2
ZIDOVUDINE,CYP1A2
ARTEMETHER,ATP1A1
BROMOXYNIL,PPARA
PANITUMUMAB,BTC
STREPTOZOCIN,SLC5A1
BRADYKININ,BDKRB2
NIMODIPINE,ABCB1
MESTRANOL,GGT1
NNC 11-1585,AANAT
CURCUMIN,VDR
ETODOLAC,PTGS1
GAMMA-FAGARINE,BRCA1
CIGLITAZONE,PPARA
CAFFEINE,ADORA2A
CHEMBL:CHEMBL480356,AKT1
LITHIUM,HTR2A
NIFEDIPINE,CYP1A2
DISULFIRAM,NFKB1
CDK/CRK INHIBITOR,SLC29A1
TRAMETINIB DIMETHYL SULFOXIDE,KIT
ROSUVASTATIN,CETP
FLUFENACET,AR
GENISTEIN,PLG
ANTI-CD47 MONOCLONAL ANTIBODY CC-90002,CD47
[ILE5]PTHRP-(1-36) (HUMAN),XIAP
NALTREXONE,ADH1C
NECA,ABAT
NERATINIB,DXO
BRILLIANT GREEN OXALATE,CYP1A2
TEGOPRAZAN,ATP4A
TRAMETINIB DIMETHYL SULFOXIDE,ALK
BOMEDEMSTAT,TP53
CHEMBL:CHEMBL1412489,MPI
OXIGLUTATIONE,GSR
ALTIRATINIB,NTRK3
TEPOTINIB HYDROCHLORIDE,MET
MITIGLINIDE,ABCC8
DS21360717,ENG
COMPOUND 19A [PMID: 30503936],MS4A2
BIM 23060,AQP2
CHEMBL:CHEMBL602940,KCNH2
CHEMBL:CHEMBL242171,TP53
CHLORPROTHIXENE,DRD3
LY-2787106,HAMP
PYRIDABEN,NR2F2
DURVALUMAB,EGFR
CHEMBL:CHEMBL244268,TOP2A
CHEMBL:CHEMBL581929,CYP1A2
RO5508887,BACE1
ANTIESTROGEN,NTRK1
DEBRISOQUIN,ADRA2B
ECHOTHIOPHATE IODIDE,BCHE
CHEMBL:CHEMBL592124,SMAD3
CHEMBL:CHEMBL1079460,NFE2L2
DINACICLIB,CDK9
TAZEMETOSTAT,EZH2
"3,5-DIIODO-L-TYROSINE",ALDH1A1
VERAPAMIL,KCNJ5
VENETOCLAX,FLT3
PRAMLINTIDE,TP53
RETEPLASE,PLG
METOLAZONE,SLC12A3
OXPRENOLOL HYDROCHLORIDE,ADRB1
FLUVOXAMINE MALEATE,SLC6A4
CHOLINE FENOFIBRATE,PPARA
DOXYCYCLINE CALCIUM,MMP8
BRENTUXIMAB VEDOTIN,TUBB4B
ORPHENADRINE CITRATE,GRIN2B
LEVONORDEFRIN,ADRA2B
CAFFEINE,ADORA3
ADENOSINE,ADORA2A
CARFILZOMIB,PSMD7
CARFILZOMIB,PSMD6
METHAMPHETAMINE,SLC6A4
DIGOXIN,ATP1A4
DESLANOSIDE,ATP1A4
DESLANOSIDE,FXYD2
BEPRIDIL HYDROCHLORIDE,CACNA1D
OLANZAPINE PAMOATE,DRD2
LOXAPINE HYDROCHLORIDE,DRD3
DALFAMPRIDINE,KCNA10
DALFAMPRIDINE,KCNC4
DALFAMPRIDINE,KCNA7
CARIPRAZINE HYDROCHLORIDE,DRD2
PASIREOTIDE PAMOATE,SSTR3
BMS-698769,MET
CUDC-101,HDAC2
CUDC-101,HDAC4
ALTIRATINIB,TEK
SELONSERTIB,MAP3K5
ALTIRATINIB,MET
OMIPALISIB,PIK3R1
DS-3078A,MTOR
GSK-1059615,PIK3CB
RECILISIB,PIK3CA
RECILISIB,PIK3CG
VS-5584,PIK3R1
VS-5584,PIK3R3
WX-037,PIK3CA
WX-037,PIK3CD
SAD448,CNR2
CVT-6883,ADORA2B
ORDOPIDINE,DRD2
BUPARLISIB,PIK3CG
BUPARLISIB,PIK3CB
LUCITANIB,KDR
LUCITANIB,FLT1
CC-401,MAPK9
CC-401,MAPK8
AFURESERTIB,AKT2
ACALISIB,PIK3CD
AZD2066,GRM5
ANATIBANT,BDKRB2
BARUSIBAN,OXTR
DABUZALGRON,ADRA1A
S-237648,NPY5R
ENRASENTAN,EDNRA
SB-705498,TRPV1
AZD7009,SCN5A
IDREVLORIDE,SCNN1B
SARACATINIB,SRC
MIDOSTAURIN,PRKCD
APADENOSON,ADORA2A
DARUSENTAN,EDNRB
VISILIZUMAB,CD3E
AFELIMOMAB,TNF
IMAGABALIN,CACNA1D
IMAGABALIN,CACNA1C
TELBERMIN,KDR
TEDISAMIL,KCNB1
VARESPLADIB METHYL,PLA2G2A
SAGOPILONE,TUBB4A
ENOKIZUMAB,IL9
BAMINERCEPT ALFA,LTA
TADOCIZUMAB,ITGB3
DAPIROLIZUMAB PEGOL,CD40LG
BUTAMBEN PICRATE,TRPA1
MOXISYLYTE,ADRA2C
PROGLUMIDE,CCKBR
HOKT3,CD3E
MOTEXAFIN GADOLINIUM,TXNRD1
DEXKETOPROFEN,PTGS1
MINAPRINE HYDROCHLORIDE,ACHE
DORLIMOMAB ARITOX,RPS6
CENEGERMIN-BKBJ,NTRK3
EPHEDRINE,ADRA2A
EPHEDRINE,ADRB3
EPHEDRINE,ADRB1
THIAMYLAL SODIUM,CYP3A4
ROCACETRAPIB,CETP
CP-866087,OPRM1
CAMIDANLUMAB TESIRINE,IL2RA
CP55940,CYP2C9
TRANIMILAST,PDE4D
TOFIMILAST,PDE4A
CHLORANIL,ESR1
PSORA-4,CYP2D6
RESVERATROL,ESR1
CHEMBL:CHEMBL1836411,TLR2
DONANEMAB,APP
CAPROMORELIN,GHSR
BRENSOCATIB,CTSC
S-777469,CNR2
TILARGININE ACETATE,NOS2
TILARGININE ACETATE,NOS1
ISPINESIB,KIF11
AGS-16C3F,TUBB3
BELNACASAN,CASP1
IZOKIBEP,IL17A
REPINOTAN,HTR1A
EPHEDRINE HYDROCHLORIDE,ADRB3
BIVATUZUMAB MERTANSINE,TUBB4A
K-134,PDE3B
ENOXIMONE,PDE3A
ONZIGOLIDE,SSTR2
CS-1003,PDCD1
EFTILAGIMOD ALPHA,LAG3
QUISOVALIMAB,TNFSF14
LERODALCIBEP,PCSK9
XYLOMETAZOLINE,ADRA2B
XYLOMETAZOLINE,ADRA2A
XYLOMETAZOLINE,ADRA1A
XYLOMETAZOLINE,ADRA2C
CISPLATIN,BCL2
PALBOCICLIB,CCND3
ALISERTIB,CCNE1
TEMSIROLIMUS,PIK3CA
AMG-900,MYC
(2S)-1-(1H-INDOL-3-YL)-3-{[5-(3-METHYL-1H-INDAZOL-5-YL)PYRIDIN-3-YL]OXY}PROPAN-2-AMINE,ATXN2
RONICICLIB,MYC
4-METHOXYDALBERGIONE,TP53
LUTEOLIN,NFKB1
CHLOROTHALONIL,MAPK1
CHEMBL:CHEMBL590927,HSP90AA1
CHEMBL:CHEMBL1522984,TP53
PI-CLONIDINE,CYP2D6
MEGESTROL ACETATE,NFE2L2
FR-122047,HSD17B10
CHEMBL:CHEMBL329673,HIF1A
NVP-TAE684,IRAK1
TYRPHOSTIN 47,CYP3A4
(R)-FLECAINIDE,CYP2C9
GR 127935,SMAD3
CHEMBL:CHEMBL592363,NFE2L2
MITOXANTRONE,ARSA
ISOTHYMONIN,ALDH1A1
APOMORPHINE HYDROCHLORIDE HEMIHYDRATE,GAA
DOXORUBICIN HYDROCHLORIDE,FANCD2
CARBONYL CYANIDE M-CHLOROPHENYLHYDRAZONE,CYP3A4
TICRYNAFEN,CYP2D6
CHEMBL:CHEMBL512832,CYP2C9
DAUNORUBICIN HYDROCHLORIDE,RORC
DIPHENHYDRAMINE HYDROCHLORIDE,MAPK1
GSK-269962A,MARK2
CARBOPLATIN,HSD17B10
OXYBUTYNIN,CYP2D6
4-CHLOROMERCURIBENZOIC ACID,CYP3A4
EPIGALLOCATECHIN-3-GALLATE,AR
BW723C86,MTOR
DECYNIUM 22,S1PR2
GR 89696,KCNH2
BENZETHONIUM CHLORIDE,RORC
PD-0166285,KDR
GISENOSIDE RK1,SIRT1
GRISEOFULVIN,CYP3A4
CHEMBL:CHEMBL1522984,NPC1
METHOXYCHLOR,RORC
PAPAVERINE,NFE2L2
PD-168393,EGFR
BUTYLPARABEN,CYP1A2
DOXORUBICIN HYDROCHLORIDE,THRB
DOXORUBICIN HYDROCHLORIDE,SMAD3
DIETHYLSTILBESTROL,CYP2D6
PROTRIPTYLINE,HSD17B10
CHEMBL:CHEMBL225513,HSD17B10
CHEMBL:CHEMBL1902074,SMAD3
TRICLOCARBAN,RXRA
(S)-MEXILETINE,NFKB1
GOSSYPETIN,ALDH1A1
TROPOLONE,AR
FLUSILAZOLE,NR1H4
PROADIFEN HYDROCHLORIDE,KCNH2
PD-0166285,NTRK1
VALPROIC ACID,CYP1A2
CHEMBL:CHEMBL458765,HBB
SPICLOMAZINE,CYP1A2
CHEMBL:CHEMBL601167,PTPN22
MALATHION,HSD17B10
PHENYLMERCURIC ACETATE,NR3C1
FLUFENOXURON,AR
PIPOBROMAN,NFE2L2
CHEMBL:CHEMBL589920,KCNH2
CHEMBL:CHEMBL329673,AHR
GUGGULSTERONE,ESR1
BP 897,KCNH2
BIOCHANIN A,MAPK1
CHEMBL:CHEMBL122701,HSD17B10
YANGONIN,CXCL8
GUTHION,HSD17B10
ANCITABINE HYDROCHLORIDE,NFE2L2
RO-281675,GCK
FANDOSENTAN POTASSIUM,AR
GOSSYPOL,BCL2L1
CHEMBL:CHEMBL184450,TP53
MLN-8054,BLK
CINNAMTANNIN B1,SRC
CURCUMIN,USP2
ETONOGESTREL,AR
TACRINE,CYP2D6
NVP-TAE684,JAK2
CHEMBL:CHEMBL1099168,ARG1
LINOLEIC ACID,FFAR1
PAZOPANIB,AR
DOVITINIB,RPS6KA3
PP2,LCK
MK-886,HSD17B10
THIOACETAZONE,AR
CYCLOSPORINE,ABCB11
MERCURIC CHLORIDE,ALDH1A1
PROROXAN HYDROCHLORIDE,ALDH1A1
QUERCETAGETIN,RELA
GUTHION,ALDH1A1
THIOTEPA,VDR
ENOXOLONE,PRKCB
CHEMBL:CHEMBL1333049,NPC1
CODEINE ANHYDROUS,ABCB1
ALCLOFENAC,AR
CARINATIN G,TOP2A
PIPERONYL BUTOXIDE,ALDH1A1
CANRENONE,NFE2L2
PYRACLOSTROBIN,THRB
2-CHLORO-5-NITRO-N-PHENYLBENZAMIDE,CYP2C19
SP-600125,TYK2
HYMECROMONE,HSD17B10
CAPTAN,CYP3A4
AM281,CYP2C19
DACTINOMYCIN,VDR
CHEMBL:CHEMBL382194,ADORA3
GERALDOL,ALOX15
CYCLOSPORINE,CYP2C9
CHEMBL:CHEMBL1256191,DRD1
CHEMBL:CHEMBL472656,CYP2C9
DANTROLENE,CYP1A2
"L-732,138",CYP3A4
HYDRALAZINE,SMN1
"N-[6-(4-CHLOROPHENYL)-7-(2,4-DICHLOROPHENYL)-2,2-DIMETHYL-3,4-DIHYDRO-2H-PYRANO[2,3-B]PYRIDINE-4-YL]-4,4,4-TRIFLUORO-3-HYDROXYBUTANAMIDE (DIASTEREOMERIC MIX)",CNR2
TRIFLUSAL,HSD17B10
CHEMBL:CHEMBL532412,GLP1R
ACACETIN,SMAD3
PAZOPANIB,MAP4K4
ERGONOVINE,AR
PAPAVERINE,CYP3A4
CHEMBL:CHEMBL1527,WRN
CHEMBL:CHEMBL398765,SMN1
DIHYDROXANTHOHUMOL,NFE2L2
CHEMBL:CHEMBL1623028,KCNH2
(RS)-ROSCOVITINE,CSNK1D
GR 89696,CYP3A4
CHEMBL:CHEMBL588859,CYP3A4
BIOTINYLATED GAMBOGIC ACID,TXN2
MITOXANTRONE,SMAD3
CHEMBL:CHEMBL1390716,AGTR1
AMAUROMINE,CNR1
NVP-TAE684,MAP4K4
PHENMEDIPHAM,NFE2L2
BENOXACOR,AR
PIROXICAM-BETA-CYCLODEXTRIN,CYP2D6
HYMECROMONE,AR
CHEMBL:CHEMBL2171117,PTGS2
SB-415286,VDR
SB220025,ERBB4
CAPTAMINE,VDR
CHEMBL:CHEMBL156075,ALDH1A1
ALFUZOSIN,HSD17B10
MK-2206,SMAD3
CHEMBL:CHEMBL552439,CYP2C9
CHEMBL:CHEMBL565893,VDR
PAZOPANIB,FYN
SELEGILINE,MAOB
MALATHION,VDR
CHEMBL:CHEMBL590184,NPC1
CHLOROTHALONIL,SMAD3
PP2,SIK2
SOTRASTAURIN,GSK3B
PHLORETIN,NFE2L2
PYRIDOSTIGMINE,CYP1A2
CANAVANINE,CYP3A4
PHLORETIN,ARSA
CHEMBL:CHEMBL582722,SMAD3
CHEMBL:CHEMBL600030,KCNH2
ALPROSTADIL,CYP2D6
LOPINAVIR,NFE2L2
DOMPERIDONE,KCNH2
CHEMBL:CHEMBL1910971,PADI1
LACTOFEN,PPARA
CHEMBL:CHEMBL535331,MAP4K5
CHEMBL:CHEMBL1241268,TP53
SALINAZID,AR
CHEMBL:CHEMBL584829,KCNH2
CHLORQUINALDOL,AR
THIMEROSAL,ALOX15
UNOPROSTONE ISOPROPYL,AR
DITHIAZANINE IODIDE,AR
FLUFENACET,NFE2L2
PD-0166285,ACVR1
CHLOROTHALONIL,TP53
CAPSAZEPINE,CYP2C19
CHEMBL:CHEMBL1519374,ATM
CHEMBL:CHEMBL531269,HSD17B10
"4,4'-METHYLENEDIANILINE",CYP3A4
PERHEXILINE MALEATE,ATXN2
SKIMMIANINE,HSD17B10
BENSERAZIDE,VDR
THIMEROSAL,CASP6
BP 897,DRD1
FLUPIRTINE,CYP2D6
ISOXSUPRINE,CYP1A2
REL-CISAPRIDE,CYP1A2
MITOXANTRONE,ATXN2
BERBERINE CHLORIDE,KCNJ11
4-(BENZHYDRYLOXY)-1-[3-(1H-TETRAAZOL-5-YL)PROPYL]PIPERIDINE,HPGDS
4-CHLOROMERCURIBENZOIC ACID,AR
TRICLOCARBAN,PPARD
ALSTERPAULLONE,FGFR1
PERGOLIDE MESYLATE,KCNH2
IPRONIAZID,CYP2C19
CHEMBL:CHEMBL123904,CYP2D6
CHEMBL:CHEMBL1224483,GLP1R
CHEMBL:CHEMBL580421,GAPDH
ARCTIGENIN,CYP2C9
TANESPIMYCIN,AR
ISOPROTERENOL,HIF1A
TBBT,NFE2L2
DOXORUBICIN HYDROCHLORIDE,HSP90AA1
ANANDAMIDE,FAAH
CHEMBL:CHEMBL329673,TP53
URSOLIC ACID,PPARA
GUTHION,MAPK1
ALSTERPAULLONE,MARK2
CATECHOL,ALDH1A1
SP-600125,HIPK2
DILAZEP,CYP3A4
PENTAMIDINE ISETHIONATE,F12
PROTRIPTYLINE,NFKB1
AMBAZONE,AR
CHEMBL:CHEMBL578636,NPC1
ELLIPTECINE,GAA
CHEMBL:CHEMBL606167,CYP1A2
XANTHINE AMINE CONGENER,CYP3A4
CHEMBL:CHEMBL579028,ALDH1A1
QUINACRINE DIHYDROCHLORIDE,CYP3A4
GESTODENE,AR
ALSTERPAULLONE,RPS6KB1
HOMIDIUM BROMIDE,RUNX1
CHEMBL:CHEMBL17201,ATXN2
LUTEOLIN,HSD17B10
TANESPIMYCIN,MTOR
NVP-TAE684,MET
4'-O-ACETYLPATENTIFLORIN B,TOP2A
CHEMBL:CHEMBL591641,KCNH2
CLOFENOXYDE,VDR
4-CHLOROMERCURIBENZOIC ACID,VDR
DISULFIRAM,ADRB2
MEVASTATIN,AR
CHEMBL:CHEMBL305695,VDR
TYRPHOSTIN 47,HSD17B10
4'-METHOXYFLAVONE,CYP3A4
CHEMBL:CHEMBL601970,NFE2L2
CHEMBL:CHEMBL67535,CYP3A4
NOREPINEPHRINE,VDR
PP2,PDGFRB
URSOLIC ACID,HDAC4
WEDELOLACTONE,THRB
DISOPYRAMIDE,KCNH2
PHENYLMERCURIC ACETATE,PPARD
HYMECROMONE,HSPB1
AZACITIDINE,NFE2L2
ELLIPTECINE,CYP1A2
BERBERINE CHLORIDE,AR
ACETOCHLOR,ESR1
CAPENSIN,CYP2C19
MESTRANOL,CYP2C9
THONZONIUM BROMIDE,NFE2L2
SODIUM AZIDE,ALDH1A1
AG 490,HSPA5
LOPERAMIDE,KCNH2
5-(N-METHYL-N-ISOBUTYL)AMILORIDE,CYP2D6
DACTHAL,NFE2L2
SP-600125,FLT4
4'-METHOXYFLAVONE,NLRP3
ALFENTANIL HYDROCHLORIDE,OPRM1
CHEMBL:CHEMBL405914,TP53
DISULFIRAM,HSD17B10
CHEMBL:CHEMBL1431115,NPC1
CARNOSIC ACID,VDR
STANOLONE,NR3C1
EPIRUBICIN HYDROCHLORIDE,WRN
TYRPHOSTIN AG 835,CYP3A4
CHEMBL:CHEMBL580421,CASP1
"DIHYDRO-12-HYDROXY-2,2-DIMETHYL-2H,6H-PYRANO[3,2-B]XANTHEN-6-ONE",ABCB1
CHEMBL:CHEMBL184450,CYP3A4
DOVITINIB,ALK
AR-AO-14418,CDK2
FRENTIZOLE,NFKB2
CHEMBL:CHEMBL578741,ARSA
METHACHOLINE CHLORIDE,NFE2L2
VANOXERINE,PPARD
TERPYRIDINE,CCR1
TETRANITROMETHANE,NFE2L2
DOVITINIB,PRKAA1
CROMOGLYCATE,CYP3A4
BENZETHONIUM CHLORIDE,TP53
GILTERITINIB,FLT3
CENISERTIB,PRKCI
METHYLENE BLUE ANHYDROUS,G6PD
METOPROLOL,CYP2D6
MASITINIB,FGFR1
RABEPRAZOLE,FGFR1
MASITINIB,KIT
CHEMBL:CHEMBL578061,FGFR1
COPANLISIB,PIK3C3
COPANLISIB,PIK3R3
BUPARLISIB,PIK3C2G
PICTILISIB,PIK3R1
PICTILISIB,PIK3C3
PILARALISIB,PIK3C2G
LINIFANIB,FLT4
IPATASERTIB,AKT1
MIRDAMETINIB,MAP2K3
MIRDAMETINIB,MAP2K6
CHEMBL:CHEMBL578061,PRKCD
LIOTHYRONINE,CYP2D6
SANGUINARIUM,CYP1A2
6-HYDROXYMELATONIN,ARSA
DACOMITINIB ANHYDROUS,ERBB4
BROMOCRIPTINE,ABCB1
COBALT,A2M
DEXTROMETHORPHAN POLISTIREX,ABCB1
DACTINOMYCIN,AFP
CYCLOSPORINE,AGT
SODIUM CHLORIDE,AGTR1
TYROSINE KINASE INHIBITOR,AGTR1
IDOXIFENE,AGTR1
THERAPEUTIC HORMONE,AMH
THERAPEUTIC GLUCOCORTICOID,ANXA1
AMPHOTERICIN B LIPOSOMAL,APP
NEVIRAPINE,APOB
TROGLITAZONE,APOE
DAUNORUBICIN LIPOSOMAL,APP
ETOPOSIDE,BCL2
PROTEASE INHIBITOR,BCL2
DOXORUBICIN HYDROCHLORIDE,BDNF
METYROSINE,BDNF
GLUCAGON (RDNA),BDNF
EPOETIN ALFA,BDNF
PTHRP,BGLAP
ATORVASTATIN CALCIUM TRIHYDRATE,BGLAP
PARATHION,ALDH1A1
IROFULVEN,BRCA1
PEMETREXED DISODIUM,SLC19A1
PHYTOESTROGEN,BRCA1
PTHRP,CDKN1A
STREPTOZOCIN,CDKN1B
PHYTOESTROGEN,CYP19A1
IRBESARTAN,CYP1A2
PICEATANNOL,CYP1A2
CIPROFLOXACIN,CYP3A4
PHENOBARBITAL,CYP1A2
THERAPEUTIC HORMONE,CYP27A1
SULFAMETHOXAZOLE,CYP2C8
GENISTEIN,CYP2B6
TYROSINE KINASE INHIBITOR,CYP2B6
RESERPINE,CYP3A4
ARGIPRESSIN,CYP3A4
DACTINOMYCIN,DDIT3
HYDROCORTISONE BUTYRATE,DEFA1
PENTACHLORONITROBENZENE,NFE2L2
CELECOXIB,EDN1
AG 1295,NPC1
ANTICONVULSANT AGENT,EPHX1
LEVOTHYROXINE,F9
AZATHIOPRINE,F9
DEXTRAN SULFATE,F11
HYDROCORTISONE BUTYRATE,F9
RECOMBINANT INTERFERON,FCGR1A
RECOMBINANT FLT3 LIGAND,FCGR3A
CETUXIMAB,FCGR3A
CYCLOSPORINE,FCGR3A
RECOMBINANT HUMAN STEM CELL FACTOR,FCGR3A
CARBOPLATIN,GCLC
H2O2,GFAP
NONSTEROIDAL ANTIINFLAMMATORY DRUG,GGT1
HYDROGEN PEROXIDE,GPD2
OXALIPLATIN,GSTP1
IL-12,IL17A
ANTIVIRAL AGENT,IL18
ALTEPLASE,IL1B
DIETHYLSTILBESTROL DIPHOSPHATE,IL2
GENISTEIN,IL1R1
TICARCILLIN,IL2
PYRIMETHAMINE,IL2
DECITABINE,IL2RA
ASPIRIN,ITGA2B
LITHIUM,INPP1
LYMPHOKINE-ACTIVATED KILLER CELLS,ITGB2
HYDROCORTISONE BUTYRATE,JAG1
TAK-715,ALK
(S)-ROSCOVITINE,CYP2D6
COLESTIPOL HYDROCHLORIDE,LDLR
DOXIFLURIDINE,MAPK1
COBALT,MAPK14
"1,4-BENZOQUINONE",MAPK1
ARGIPRESSIN,MAPK14
DOXORUBICIN HYDROCHLORIDE,MGMT
GENISTEIN,MGMT
COBALT,MMP1
RECOMBINANT TRANSFORMING GROWTH FACTOR-BETA 1,MGMT
THERAPEUTIC HORMONE,MT1H
ETOPOSIDE,MUC16
IL-9,MYC
ACETAMINOPHEN,NQO1
IV FLUID,NPPA
OPIATE,NOS2
TYROSINE KINASE INHIBITOR,NOS2
ALTEPLASE,NRG1
DACTINOMYCIN,NRG1
ALTEPLASE,NRAS
EPOETIN ALFA,NT5E
GENISTEIN,NRG1
DOXORUBICIN HYDROCHLORIDE,PIK3CG
ALDESLEUKIN,PIK3CG
GP-120 ANTIGEN,PIK3CG
PICEATANNOL,PIK3CG
FGF-1,PIK3CG
BORTEZOMIB,PIK3CG
ZOLEDRONIC ACID ANHYDROUS,PLAU
PICIBANIL,PLG
ADENOSINE DEAMINASE INHIBITOR,PRKAA1
EPOETIN ALFA,PTPRC
SODIUM CHLORIDE,REG3A
VITAMIN K3,HBB
DOXORUBICIN HYDROCHLORIDE,RPSA
ORAL CONTRACEPTIVE,SERPINE1
CURCUMIN,SLC2A4
TROGLITAZONE,SLC2A4
PENICILLAMINE,SLC2A4
STREPTOZOCIN,SLC2A4
TRIBUTYLTIN-OXIDE,VDR
AMIFOSTINE ANHYDROUS,SMAD2
DOXORUBICIN HYDROCHLORIDE,SRC
ESTRONE SULFATE,STS
CHLORANIL,ALOX15
ALDESLEUKIN,STAT4
CHEMBL:CHEMBL1623897,KCNH2
ETOPOSIDE,TBP
ENPIROLINE,ATXN2
ETOPOSIDE,TGFB1
RETINYL ACETATE,TGM2
LEVOTHYROXINE,THBD
CURCUMIN,THBD
BUTYLATED HYDROXYTOLUENE,CYP1A2
IODINE I 131-6-BETA-IODOMETHYL-19-NORCHOLESTEROL,NRAS
TYRPHOSTIN B48,SMN2
FULVESTRANT,PIK3CA
CHEMBL:CHEMBL546797,GSK3B
PLATINUM,ERCC1
GRAMINE,HSD17B10
PF-562271,AXL
TROLEANDOMYCIN,NR1I2
DOXAZOSIN MESYLATE,ADRA2A
MEASLES VACCINE,TLR3
KOPARIN,HSD17B10
BAY 61-3606,IRAK1
LEUCOVORIN CALCIUM,SLC19A1
CHEMBL:CHEMBL582983,NFE2L2
ACECLOFENAC,CYP2C9
ANTICONVULSANT AGENT,CYP2C9
IPRONIAZID SULFATE,VDR
WARFARIN,HNF4A
CYCLOSPORINE,ABCG2
FENOTEROL,SLC22A1
ECADOTRIL,CYP1A2
CHEMBL:CHEMBL260311,SMN2
CHENODEOXYCHOLIC ACID,NR1I2
PYRROLIDINE DITHIOCARBAMATE,HSD17B10
BACAMPICILLIN,HLA-A
CALCIUM CHANNEL BLOCKER,KCNH2
ATAZANAVIR,G6PD
TENOFOVIR ALAFENAMIDE,CYP3A4
CHEMBL:CHEMBL80155,CYP2C9
DAPTOMYCIN,ABCB1
ELACRIDAR,ABCB1
ACETAMINOPHEN,ABCB1
QUINIDINE,ABCB1
TENIPOSIDE,ABCB1
SAQUINAVIR,ABCB1
CHEMBL:CHEMBL211670,THRB
MENTHOFURAN,CYP1A2
THERAPEUTIC CORTICOSTEROID,ADAM33
THERAPEUTIC CORTICOSTEROID,FCER2
GEFITINIB,ERBB4
NORFLOXACIN,G6PD
"L-741,626",MTOR
CYCLOSPORINE,CALM1
SULFAMETHOXAZOLE,GCLC
E324,HSD17B10
VINCRISTINE,RALBP1
VINCRISTINE,PNPLA3
VINCRISTINE,CXCL12
BROMAZEPAM,CYP2D6
VILOXAZINE,CYP2D6
CEVIMELINE,CYP2D6
GEFITINIB,MAP4K5
NALTREXONE,DBH
BUPROPION HYDROCHLORIDE,DBH
RESVERATROL,NFKB1
ZIDOVUDINE,SLC22A6
AZATHIOPRINE,SLC29A1
BEVACIZUMAB-AWWB,PRKCA
(2S)-1-(1H-INDOL-3-YL)-3-{[5-(3-METHYL-1H-INDAZOL-5-YL)PYRIDIN-3-YL]OXY}PROPAN-2-AMINE,SMAD3
REPAGLINIDE,CYP2C8
METACETAMOL,CYP2E1
THALIDOMIDE,PPARD
CARBAMAZEPINE,CYP1A1
METHOTREXATE,CDH2
METHOTREXATE,PNPLA3
CHEMBL:CHEMBL591404,UBE2N
AMOXICILLIN ANHYDROUS,HLA-A
CYCLOSPORINE,NFATC2
"5,7-DIHYDROXYISOFLAVONE",VDR
MASOPROCOL,TP53
"3,7-DIMETHOXYFLAVONE",HSD17B10
CAFFEIC ACID PHENETHYL ESTER,HSD17B10
MOMETASONE,NFE2L2
"3,4-METHYLENEDIOXYMETHAMPHETAMINE",OPRM1
"3,4-DICHLOROISOCOUMARIN",CYP1A2
EDOXABAN,APOB
AMISULPRIDE,MC4R
METAMIZOLE SODIUM,CYP2C19
FLUNITRAZEPAM,CYP2C19
"3,4-METHYLENEDIOXYMETHAMPHETAMINE",CYP2C19
CHEMBL:CHEMBL591126,SMAD3
TRIMIPRAMINE,OPRM1
RIVAROXABAN,CYP2C19
CAPIVASERTIB,PIK3CA
LEUCOVORIN CALCIUM,SELE
CLOPIDOGREL,PTGS1
EZETIMIBE / SIMVASTATIN,SLCO1B1
CICHORIC ACID,HSD17B10
DISOPYRAMIDE,SCN5A
BETA-CARBOLINE,IKBKB
GENISTEIN,NPC1
EXENATIDE,KCNQ1
PACLITAXEL,SLCO1B1
GLUCARPIDASE,ARID5B
VILOXAZINE,SLCO1B1
SIMVASTATIN,LIPC
FENTANYL CITRATE,KCNJ6
CHEMBL:CHEMBL1287983,NFE2L2
TOFISOPAM,AR
BEVACIZUMAB-AWWB,ANXA11
RITONAVIR,UGT1A7
BUPROPION HYDROCHLORIDE,ACE
CLOMIPRAMINE HYDROCHLORIDE,KCNH2
VADIMEZAN,KDR
CHEMBL:CHEMBL591126,GLP1R
JUGLONE,USP2
ARRY-300,MAP2K2
EGAPTIVON PEGOL,VWF
ARSENIC TRIOXIDE,MAPK3
ANTI-CD19 CAR T CELLS AT101,BAD
CHEMBL:CHEMBL546797,NTRK2
BEXAROTENE,RXRG
TAK-715,MAPK8
BGC201531,PTGER4
BEXAROTENE,RXRB
BEPOTASTINE BESILATE,HRH1
BUTYLATED HYDROXYTOLUENE,CYP2C9
CAPROSPINOL,APP
COLFORSIN,AR
FLUPIRTINE,KCNJ5
LEVOCETIRIZINE,HRH1
TEDATIOXETINE,ADRA1A
DULAGLUTIDE,GLP1R
MASITINIB,PDGFRB
CINALUKAST,CYP3A4
CHEMBL:CHEMBL461193,SMAD3
MELOGLIPTIN,DPP4
EPICATECHIN GALLATE,HIF1A
UPAMOSTAT,PLAU
ML 10302,CYP3A4
VITAMIN K3H2,PPARD
IODINE,ESR1
TYRPHOSTIN AG 555,JAK2
CHEMBL:CHEMBL603130,GLP1R
CHEMBL:CHEMBL530682,NFE2L2
FENOFIBRATE MICRONIZED,CYP2C19
ALPHA-TERTHIENYL,AR
OXYMORPHONE,OPRM1
XANTHOANGELOL B,CASP3
CHEMBL:CHEMBL233611,LDLR
DESVENLAFAXINE SUCCINATE,SLC6A4
SELICICLIB,CDK2
TELATINIB,KDR
TOPIRAMATE,CA2
ATRIAL NATRIURETIC PEPTIDE,NPR2
FLUTICASONE FUROATE,NR3C1
COCAINE,SLC6A4
DEBRISOQUIN,ADRA1D
FLUNARIZINE,HRH1
LISURIDE,DRD2
LISURIDE,HTR1A
LEVOMETHADYL,OPRM1
METHARBITAL,CHRNA4
MIANSERIN,HTR2A
PARAMETHASONE,NR3C1
DEXMEDETOMIDINE HYDROCHLORIDE,ADRA2A
ENPROFYLLINE,PDE4A
ACETOHEXAMIDE,KCNJ1
"1,4-DIMETHOXYANTHRAQUINONE",ERG
BEPRIDIL,KCNQ1
FLUNITRAZEPAM,TSPO
TYRPHOSTIN AG 555,ALOX15
FLUTICASONE,NR3C1
ERBSTATIN,ATXN2
METHYLERGONOVINE,DRD1
OUABAIN,ATP1A1
SECOBARBITAL,CHRNA4
CHEMBL:CHEMBL402915,CDK2
ASPIRIN,CYP3A4
DAIDZEIN,CYP1A2
CADMIUM DICHLORIDE,AR
TYRPHOSTIN A9,TP53
COLFORSIN,NR0B1
XMAB-2513,TNFRSF8
AJMALICINE,CYP2D6
CAFFEIC ACID PHENETHYL ESTER,TTR
PHOSALONE,CYP3A4
BEMARITUZUMAB,FGF2
BMS-986158,DNER
ROEMERINE,CASP7
ANTI-HER2 ANTIBODY-DRUG CONJUGATE MEDI4276,ERBB2
OXIDOPAMINE HYDROCHLORIDE,KMT2A
BROMOCRIPTINE MESYLATE,AR
UZANSERTIB,PIM1
ANNAMYCIN LIPOSOMAL,TOP2A
ZOLIGRATINIB,FGFR1
4-METHOXYDALBERGIONE,ALOX15
NENDRATAREOTIDE UZATANSINE,SSTR2
DIGOXIN,CYP2C9
CHEMBL:CHEMBL591876,HSP90AA1
DAPANSUTRILE,NLRP3
CETYLPYRIDINIUM BROMIDE,HSP90AA1
JNJ-7706621,ACVR1
PROMETHAZINE HYDROCHLORIDE,ATXN2
DIMERCAPROL,ALDH1A1
BMS-754807,AXL
TELAZORLIMAB,TNFRSF4
"2- (2,6-DIMETHOXYPHENOXYETHYL)AMINOMETHYL-1,4-BENZODIOXANE HYDROCHLORIDE (WB 4101)",CYP3A4
OXYCARBOXIN,NFE2L2
GOSERELIN ACETATE,PGR
FINERENONE,NR3C2
MERCAPTOPURINE,TPMT
GSK126,EZH2
PL37,MME
INFIGRATINIB,PIK3CG
OBP-801,HDAC1
INFIGRATINIB,PIK3C3
INFIGRATINIB,PIK3R1
BRENTUXIMAB,TNFRSF8
ASCRINVACUMAB,ACVRL1
FP-1039,FGFR1
BENRALIZUMAB,IL5
ANTIFUNGAL AGENT,ABCB1
MELATONIN,AANAT
POLYESTRADIOL PHOSPHATE,AFP
FLUDARABINE,ADA
ANALGESIC AGENT,AFP
RAMIPRIL,ACE
THERAPEUTIC ANDROSTANOLONE,AGTR1
QUERCETIN,APOB
HEPARIN,APOB
DELPHINIDIN,KDR
SOY PROTEIN ISOLATE,APOE
VITAMIN E,APOE
METFORMIN,SLC47A1
"INSULIN, REGULAR, HUMAN",AQP7
TCDD,ARNT
GOSSYPOL,AR
GM-CSF,BGLAP
DIHYDROERGOTAMINE MESYLATE,DRD2
ORLISTAT,CNR1
ALBINTERFERON ALFA-2B,IFNA2
EPINEPHRINE,ADRB1
TETRADECANOYLPHORBOL ACETATE,BRD2
"IBUPROFEN, SODIUM SALT",CXCL8
"INSULIN, REGULAR, HUMAN",CARTPT
PIPERINE,MAOA
IMD-0354,IKBKB
LY404039,GRM2
NARINGENIN,CYP19A1
OBATOCLAX,BCL2
ALITRETINOIN,CETP
AMPICILLIN (ANHYDROUS),CP
HE3235,CRYGD
VITAMIN E,COL18A1
BMS-986202,LPAR1
HEPARAN SULFATE,COL18A1
FLUTICASONE,CSF2
FBT-A05,MS4A1
LANSOPRAZOLE,CYP1A1
MM-151,ERBB3
ANTIFUNGAL AGENT,CYP19A1
PREP-001,CYP1A2
METHDILAZINE,HRH1
LACTOSE,CYP1A2
CARBAMAZEPINE,CYP2B6
RITONAVIR,CYP2B6
TIZANIDINE HYDROCHLORIDE,ADRA2A
IMMUNOSUPPRESSANT,CYP3A4
SIMVASTATIN,CYP3A5
ETHINYLESTRADIOL/DROSPIRENONE/PRASTERONE,PGR
DEFEROXAMINE,DDIT3
ENALAPRIL MALEATE,DPP4
TCDD,DPP4
CAPTOPRIL,DPP4
AUTOLOGOUS ANTI-CD20 CAR TRANSDUCED CD4/CD8 ENRICHED T-CELLS MB-CART20.1,MS4A1
QUISINOSTAT,HDAC4
NERVE GROWTH FACTOR,E2F1
RECOMBINANT TUMOR NECROSIS FACTOR-BETA,FASLG
TETRADECANOYLPHORBOL ACETATE,FCGR3A
CAFFEINE,GFAP
RISPERIDONE,GHRL
HUMAN CHORIONIC GONADOTROPIN,GHRL
"INSULIN, REGULAR, HUMAN",GHRL
SENICAPOC,KCNN4
ETHINYL ESTRADIOL,GGT1
OFLOXACIN,GSR
IPRATROPIUM CATION,CHRM3
ENALAPRIL MALEATE,GSR
ALPHA-TOCOPHEROL,GSTP1
GARLIC,GSTP1
THERAPEUTIC ANDROGEN,GSTP1
SYNTHETIC HUMAN PAPILLOMAVIRUS 16 E6 PEPTIDE,IL18
BECLOMETHASONE,IL2
PHENYLEPHRINE,ITGAM
OXIDOPAMINE,ITGAM
METHADONE HYDROCHLORIDE,LEP
HUMAN CHORIONIC GONADOTROPIN,MAPK1
"INSULIN, REGULAR, HUMAN",MBP
LAMIVUDINE,MMP1
FENTANYL CITRATE,MPO
CISPLATIN,MT1H
IL-6,NFE2L2
CAPTOPRIL,NOS2
DEXAMETHASONE,NRG1
LACTOSE,PIK3CG
LOVASTATIN,PIK3CG
LIF,PLAU
GARLIC,PLG
"INSULIN, REGULAR, HUMAN",REG1A
PHENOTHIAZINE,S100B
TCDD,SLC2A1
BETA-ADRENERGIC ANTAGONIST,SLC2A4
ESTRADIOL 3-BENZOATE,SLC2A4
OMAPATRILAT,SLC2A4
HYDROCORTISONE BUTYRATE,SMAD2
VALPROIC ACID,SST
THERAPEUTIC ANDROGEN,TAT
GALLIUM NITRATE,TGFB1
ADJUVANT,TLR4
IMMUNOTHERAPEUTIC AGENT,XDH
HYPOXANTHINE,XDH
"INSULIN, REGULAR, HUMAN",XDH
CLARITHROMYCIN,XDH
SIALYL TN ANTIGEN,XDH
CLADRIBINE,XIAP
ANISTREPLASE,PLG
BITOLTEROL,ADRB3
CLADRIBINE,ADA
PITAVASTATIN CALCIUM,HMGCR
TENALISIB,PIK3CD
CIBINETIDE,EPO
HALOPERIDOL DECANOATE,FAAH
MANOALIDE,PLA2G1B
BUCINDOLOL HYDROCHLORIDE,ADRB1
ADALIMUMAB-ADBM,NR1I2
LUMIRACOXIB,HLA-DQB1
CITALOPRAM,RORA
RIZATRIPTAN BENZOATE,A2M
RU 24969,A2M
SARPOGRELATE,HTR2C
SB 216641,HTR2C
RS-102221,HTR2C
IDALOPIRDINE,HTR2C
METERGOLINE,NAT2
COMPOUND 25 [PMID: 18068976],ADAM10
MOMELOTINIB,DNM2
ACETALDEHYDE,PGM1
GI254023X,ADAM10
CISPLATIN,SLC19A1
RS-17053,ABCA4
INDORAMIN,ABCA4
DOXAZOSIN MESYLATE,ABCA4
ZOTEPINE,AOC1
DEHYDRATED ALCOHOL,ADH7
COMPOUND 9 [PMID: 1738140],CYP2C9
SCH442416,ABAT
ETRUMADENANT,ABCA1
LEVOSALBUTAMOL,ABO
SOTALOL,ABO
CARBOPLATIN,SLC19A1
[125I]ICYP,ABO
CYCLOPHOSPHAMIDE ANHYDROUS,CYP2C9
REMIBRUTINIB,EFNB2
ETRASIMOD,CYP2C9
FR191413,BDKRB2
[125I]HPP-HOE140,BDKRB2
NPC-567,BDKRB2
PMX205,ACACB
"EU-DTPA-[SER27, NLE70]HC5A",ACACB
SB290157,ACACA
LHVS,FOS
MET-CK&BETA;7,ACTB
VMIP-III,CCR4
LORNOXICAM,CYP2C9
UCCF-029,CFTR
UCCF-339,CFTR
CAPSAICIN,CFTR
NS004,CFTR
SU9516,CDK4
CDK2 INHIBITOR IV,EIF4EBP2
SU9516,EIF4EBP2
BS-194,EIF4EBP2
RISPERIDONE,ABCG2
BERBERINE,COX5B
ADALIMUMAB-ADBM,KLRD1
[3H]LTC4,AMPD1
CISPLATIN,PTEN
QUISQUALIC ACID,CCNH
FARUDODSTAT,DHODH
FLUPENTHIXOL,ALDH1A1
NEMONAPRIDE,ALDH1A1
PROCHLORPERAZINE,ALDH2
ROTIGOTINE,ALDH2
U101958,ALDH2
IOX1,CXCR3
POZIOTINIB,DXO
MAVELERTINIB,DXO
OSIMERTINIB,DXO
RALIMETINIB,DXO
JBJ-04-125-02,DXO
XILIERTINIB,DXO
PP-121,DXO
ASP8477,CRP
HM50316,FYN
LINIFANIB,DRD1
BRIVANIB,DRD1
CHMFL-KIT-64,DRD3
RIPK1 INHIBITOR 22B,DRD3
FOLIC ACID,AMPD1
ACALABRUTINIB,ENO2
BOSUTINIB,ENO2
MRK016,ARNT
MIANSERIN,CYP3A4
CILOBRADINE,PHOX2A
INTERFERON BETA-1B,HLA-DQA1
TMP269,HDAC4
MARTINOSTAT,HDAC4
TMP269,GAS2
CELIPROLOL,ABCB1
VEMURAFENIB,ABCB1
ATENOLOL,ABCB1
O-1602,ADCY3
"COMPOUND 3A [BADOLATO ET AL., 2019]",ADCY3
DESIPRAMINE,ABCB1
NIL,NOS2
MERIMEPODIB,GATA3
OMEPRAZOLE,ABCB1
ADENOSINE TRIPHOSPHATE,ITPR1
PYRAZINAMIDE,ABCB1
SJ988497,EPHB2
SPARFLOXACIN,ABCB1
LINIFANIB,DRD2
LAZERTINIB,DRD2
CP-547632,DRD2
CRENOLANIB,DPT
RA-2,ARG1
HALOFANTRINE,BAD
RELATLIMAB,GSK3B
XILIERTINIB,EPHX2
PEMIGATINIB,FGFR1
CPX,BIN1
ADALIMUMAB-ADBM,TLR9
RN-1,GEM
PHENPROCOUMON,STX4
AFAMELANOTIDE,ANK1
COMPOUND 25C [PMID: 36649216],CTNS
BOS172722,CTNS
"WIN 62,577",AANAT
TRIPITRAMINE,AANAT
ETANERCEPT-SZZS,TNFRSF1B
AAE-M-PBP-AMINE,ANK2
SR16835,APOF
BW373U86,APOF
ELUXADOLINE,APOF
SCH221510,APOF
UFP-505,APOF
LOPERAMIDE,APOF
ETANERCEPT-SZZS,PTTG1
SAREDUTANT,AQP4
SB 218795,AQP5
SAREDUTANT,AQP5
BIBP3226,ANXA1
ETANERCEPT-SZZS,IL10
DECYNIUM 22,CDK5
CARBOPLATIN,EGFR
ADENOSINE TRIPHOSPHATE,APC
PERTUSSIS VACCINE,TLR4
GW409544,BCKDHA
AS-252424,F5
FESOTERODINE,CYP2D6
LENIOLISIB,F5
DUVELISIB,F5
COMPOUND 52 [PMID: 28541707],F5
PF-04691502,F5
RV1729,F5
AZD6482,PIK3CB
TGX-221,PIK3CB
VS-5584,PIK3CB
MAVACAMTEN,CYP2C19
TENALISIB,F7
TGX-221,F7
TERBINAFINE,CYP2D6
LENRISPODUN,COL8A1
GNF-1331,HMBS
XY-06-007,FABP1
FLUTICASONE,BDNF
BUDESONIDE,BDNF
DIURETIC,PRKCA
PTHRP-(1-20)/TIP-(23-39) (HUMAN),XIAP
"[ILE5,TRP23]PTHRP-(3-36) (HUMAN)",XIAP
EXARAFENIB,FAH
TGN4,CASP7
"SYNTHETIC CONJUGATED ESTROGENS, A",SERPINC1
METHADONE HYDROCHLORIDE,CRY1
DACTINOMYCIN,MTHFR
GSK650394,CYBA
DAPSONE,HLA-DRB1
EMPAGLIFLOZIN,CD3E
ACALABRUTINIB,MS4A2
BIM 23060,FASLG
BIM 23627,FAS
"[111IN,90Y]DOTA-LAN",AQP2
OCTOPAMINE,AQP7
[3H]TYRAMINE,AQP7
GSK1795091,TLR4
GLIMEPIRIDE,NOS1AP
GSK2833503A,ATP2A2
OXOGLAUCINE,TRPV5
DEUTETRABENAZINE,CDH13
PHENPROCOUMON,EPHX1
ATENOLOL,KCNH2
DICUMAROL,GCK
ALITRETINOIN,GCK
QUETIAPINE FUMARATE,MC4R
REBASTINIB,PDGFRB
TIANEPTINE,OPRM1
ONARTUZUMAB,MET
METHOTREXATE,NTRK3
PEGINTERFERON ALFA-2A,CALR
RITUXIMAB,PTEN
PRAZIQUANTEL,CYP2C19
FLT3/ABL/AURORA KINASE INHIBITOR KW-2449,FLT3
LORAZEPAM,UGT2B15
LINIFANIB,FLT3
CLOMIPRAMINE,OPRM1
PI3K/BET INHIBITOR LY294002,PTEN
QUARFLOXIN,BRCA1
PROGUANIL,CYP2C19
CHLOROQUINE,ASS1
CISPLATIN,PIK3CA
GEMTUZUMAB OZOGAMICIN,PML
CYCLOPHOSPHAMIDE ANHYDROUS,NOS1
CAPECITABINE,TP53
SIROLIMUS,EGFR
TEMOZOLOMIDE,ALK
DASATINIB ANHYDROUS,APC
TRIFLUOPERAZINE,CYP1A2
TRICIRIBINE,CTNNB1
ROCURONIUM,IAPP
TRAMETINIB DIMETHYL SULFOXIDE,FGFR1
DERAZANTINIB,KIT
FLUOXETINE HYDROCHLORIDE,SLCO1B1
HYDROXYZINE,CYP3A5
OXYMORPHONE,CYP3A5
CASPOFUNGIN,SLCO1B1
BUPARLISIB,NRAS
OMIPALISIB,NRAS
PLX-4720,NRAS
RIGOSERTIB SODIUM,PIK3CA
PANULISIB,PTEN
AZD6482,PTEN
PICTILISIB,PTEN
CAPIVASERTIB,PTEN
GDC-0152,PTEN
FULVESTRANT,PTEN
NVP-AEW541,PTEN
COPANLISIB,PTEN
U0126,PTEN
SORAFENIB,PTEN
ONC201,PTEN
GSK2256098,PTEN
ESTRONE,SLCO1B1
ALFATRADIOL,ESR1
SELECTIVE ESTROGEN RECEPTOR MODULATOR,PIK3CA
URACIL,UMPS
AZD-4877,KIF11
CLOMIPRAMINE,CYP1A2
CICLESONIDE,AR
METHIOTHEPIN MESYLATE,KCNH2
METHOTREXATE,CPT1A
FOLIC ACID,MTRR
ASNUCICLIB,KMT2A
CYTARABINE,NOS3
APAZONE,PTGS2
CYTOSPORONE B,NR4A1
CHEMBL:CHEMBL67535,HSPA5
CALMIDAZOLIUM CHLORIDE,HSP90AA1
ESKETAMINE HYDROCHLORIDE,GRIN2B
TACRINE HYDROCHLORIDE,BCHE
EPIGALLOCATECHIN-3-GALLATE,MET
LEVONORDEFRIN,HSD17B10
SB220025,PRKD2
PHENOXYBENZAMINE,ADRA1A
OBP-801,HDAC9
TISAGENLECLEUCEL,MS4A1
AZD9056,P2RX7
NBQX,VDR
GR 89696,CYP2C9
KHELLIN,CYP1A2
CYTARABINE,NT5C2
VU0119498,AANAT
ETOPOSIDE,GDF15
PLX-4720,PTEN
UCB-1184197,ITGA4
CHEMBL:CHEMBL320361,RORC
ZAMPANOLIDE,TUBB4B
OXCARBAZEPINE,ABCB1
FLUOROMETHOLONE,PLA2G4A
PLB1003,ALK
ROSUVASTATIN,LDLR
REPAGLINIDE,KCNJ11
YM-244769,CD34
NS-49,ABCA4
SILDENAFIL,VEGFA
RESVERATROL,PECAM1
ERLIZUMAB,ITGB2
LANIQUIDAR,ABCB1
FLUPHENAZINE HYDROCHLORIDE,CYP1A2
MAPK13-IN-1,CTNNB1
PIMASERTIB,NRAS
DOVITINIB,FLT1
BEVACIZUMAB-AWWB,SLC19A1
GP-120 ANTIGEN,CD34
ATENOLOL,CACNA1C
SONEDENOSON,ADORA2A
TOFACITINIB,FLT3
SB 228357,CYP1A2
THERAPEUTIC HORMONE,H19
TRAIL,TNFRSF10A
SEOCALCITOL,VDR
MONOMETHYL FUMARATE,ITGB2
ANALGESIC AGENT,DBH
ALDOSTERONE,SCNN1B
GUSACITINIB,SYK
LANSOPRAZOLE,CYP2C19
HALOTHANE,ATP4A
TACRINE HYDROCHLORIDE,ACHE
BASIMGLURANT,GRM5
DANICAMTIV,MYL2
BROMOCRIPTINE,DRD1
CHEMBL:CHEMBL1489812,ALDH1A1
GSK-269962A,GSK3B
METOCLOPRAMIDE HYDROCHLORIDE,CYP2D6
FEBUXOSTAT,UGT1A7
PICTILISIB,PIK3R3
METIPRANOLOL HYDROCHLORIDE,ADRB1
CHEMBL:CHEMBL452954,SMN1
ETHYLENEDIAMINE,ESR1
DESIPRAMINE,CES1
COMPOUND 7F [PMID: 29191554],CMA1
TENALISIB,F5
COBITOLIMOD,TLR9
CHEMBL:CHEMBL124006,NFE2L2
AZATHIOPRINE,PPAT
CATECHOL,HSD17B10
4-PHENYLBUTYRIC ACID,HDAC4
DEHYDRATED ALCOHOL,CYP1A2
ALPHA-NAPHTHOFLAVONE,CYP2C19
PREDNISOLONE,CYP3A4
SIPOGLITAZAR,UGT2B15
RITUXIMAB,CBR3
ANTISERUM,CRH
CHEMBL:CHEMBL404505,HSD17B10
DOVITINIB,KDR
4-HYDROXYCYCLOPHOSPHAMIDE,CYP3A5
ABEXINOSTAT,HDAC4
SALICYLANILIDE,NFE2L2
SB 216763,CYP2C19
GOSSYPOL,MTOR
ELBASVIR,IFNL3
GP-120 ANTIGEN,E2F1
BAZEDOXIFENE ACETATE,ESR1
FLUOROURACIL,BAX
VINCRISTINE,CAPG
DEPUDECIN,HDAC1
DIETHYLDITHIOCARBAMATE,GSTP1
EPIRUBICIN,GCKR
METHAMPHETAMINE,ADRA2A
NSC-663284,CYP3A4
GOSSYPOL,ESR1
PP-121,DRD2
CHEMBL:CHEMBL570176,OPRM1
DEXAMETHASONE VALARATE,AR
IZENCITINIB,EPHB2
THERAPEUTIC HORMONE,AQP9
CHEMBL:CHEMBL47875,NPC1
CHEMBL:CHEMBL590919,KCNH2
TABIMORELIN,CYP3A4
DOXORUBICIN HYDROCHLORIDE,WRN
THEOPHYLLINE,CYP2E1
SUCCINYLCHOLINE,SERPINC1
INSULIN SUSP PROTAMINE ZINC PURIFIED PORK,INSR
NVP-TAE684,PRKCQ
FR190997,BDKRB2
VACTOSERTIB,TGFB1
9-AMINOCAMPTOTHECIN,SMAD3
ATALUREN,RPL36A
H2O2,BDNF
AMEDIPLASE,PLG
DYCLONINE HYDROCHLORIDE,SCN5A
MAVORIXAFOR,CXCR4
OLANZAPINE PAMOATE,HTR2A
DIPYRITHIONE,NFE2L2
CHEMBL:CHEMBL578883,FASN
4-PHENYLBUTYRIC ACID,CDKN1A
METHOTREXATE,KLRD1
WARFARIN,LRP1
BRIMAPITIDE,MAPK8
PEPINEMAB,SEMA4D
ANG1005,BCL2
THERAPEUTIC GLUCOCORTICOID,DNTT
SUPROFEN,PTGS2
HEPARIN CALCIUM,SERPINC1
SP-600125,MAPK9
IBIPINABANT,CNR1
OSU-03012,PDK1
TORSEMIDE,CYP1A2
4-CHLOROMERCURIBENZOIC ACID,ALOX15
BPR1R024,DPT
ANTI-ILT7 ANTIBODY,GRN
MIRTAZAPINE,GAL
GSK-3BETA INHIBITOR I,SLC29A1
DOLASTATIN-10,TUBB4B
2-AMINOANTHRACENE,ALDH1A1
CHEMBL:CHEMBL473735,TP53
THERAPEUTIC HORMONE,BDNF
MULTIVITAMIN,MTHFR
FARNESYL DIPHOSPHATE,ACVRL1
SONTUZUMAB,MUC1
CLOPIDOGREL,SLC14A2
AZATHIOPRINE,ADK
VARLILUMAB,CD27
QUINAPRIL,AGT
THIORIDAZINE,ATXN2
BROMPHENIRAMINE MALEATE,HRH1
CHEMBL:CHEMBL600692,GFER
COMPOUND 3 [PMID: 23134120],ALDH1A1
DAPIPRAZOLE,ABCA4
MISOPROSTOL,ABCC4
ALDESLEUKIN,TG
QUINIDINE,KCNH2
LEFLUNOMIDE,CYP1A2
NATEGLINIDE,CYP2C19
CAFFEINE,ADORA2B
EPHEDRINE,ALDH1A1
CYCLOHEXIMIDE,RPS26
DESONIDE,ANXA1
T-900607,TUBB3
OXYCODEGOL,APOF
TEROXIRONE,AR
THERAPEUTIC HORMONE,NR5A1
PROBENECID,SLC22A6
CUDC-101,HDAC3
SB269970,SERPINA3
ESLICARBAZEPINE,SCN5A
PROTEIN KINASE A INHIBITOR,FOS
QUININE,THRB
PSEUDOEPHEDRINE,SLC6A4
ALSTERPAULLONE 2-CYANOETHYL,EGR4
GRISEOFULVIN,AR
NIROGACESTAT,CTNNB1
FLUCYTOSINE,DPYD
CURCUMIN,NFE2L2
PROMETHAZINE HYDROCHLORIDE,HRH1
ISOPROTERENOL,CYP3A4
ANTISERUM,TGM2
ARZOXIFENE,ESR1
SULFINPYRAZONE,CYP3A4
CHEMBL:CHEMBL1594640,ALDH1A1
SOMATROGON,GHR
ETHAMBUTOL HYDROCHLORIDE,SLCO1B1
PEPCAN-12,CNR2
SB-408124,CYP3A4
NEOSTIGMINE,NFE2L2
ANTI-CD19 CAR T CELLS AT101,BCL2
PEFICITINIB,EPHB2
NGD-8243,TRPV1
PHENETHYL ISOCYANATE,CYP2E1
DIHYDROXANTHOHUMOL,GLP1R
DOVITINIB,MAP2K2
CARBAMAZEPINE,HSPA1A
OMEGA-CHLOROACETOPHENONE,NR3C1
NF-KAPPAB DECOY,NFKB1
GSK-269962A,RPS6KB1
SCH 58261,ABAT
NAPROXCINOD,CPT1B
SALAGEN,CYP2C9
AMIFAMPRIDINE,KCNB1
BATOCLIMAB,FCGRT
[3H]2-DEOXYGLUCOSE,SLC2A2
METHANTHELINE,CYP2D6
PHYSOSTIGMINE,ALDH1A1
METHOTREXATE,SLC28A3
PARECOXIB,PTGS2
EZATIOSTAT,GSTP1
NPS(1-4)NH2,ANXA2
BIM 23627,AQP1
SPERMINE,DRD1
ANTI-CD30 CAR T CELLS PREPARATION,TNFRSF8
CHEMBL:CHEMBL549208,ATXN2
INGENOL MEBUTATE,PRKCE
XL-844,CHEK2
ELLIPTECINE,CYP3A4
PHYSOSTIGMINE,ACHE
ZONISAMIDE,SCN1B
DOLASETRON,NOS1AP
ALFUZOSIN HYDROCHLORIDE,NFE2L2
TRANYLCYPROMINE,KDM1A
"2-O, 3-O DESULFATED HEPARIN",SERPINC1
DEMECOLCINE,SGSM3
SEMZUVOLIMAB,CD4
IDRONOXIL,XIAP
KEPONE,NFE2L2
ESTETROL,ESR1
INGENOL MEBUTATE,PRKCA
DEBRISOQUIN,ADRA2C
METHYLHOMATROPINE,CHRM3
CAPTAN,MAPK1
DOVITINIB,CSNK1D
ILORASERTIB,SRC
IOX2,CXCR3
PAVINETANT,TACR3
CHEMBL:CHEMBL329673,NFE2L2
ALDESLEUKIN,IL2RA
BERGAMOTTIN,CYP2C19
EMPAGLIFLOZIN,SLC5A4
135PAM1,APRT
GALLIC ACID METHYL ESTER,GFER
(R)-FLECAINIDE,CYP2C19
LULIZUMAB PEGOL,CD28
ARSENIC TRIOXIDE,MAPK1
BUDIODARONE,ADRB1
CLASCOTERONE,AR
PRACINOSTAT,HDAC5
RECOMBINANT INTERFERON,MUC16
VEGFC,DRD2
BIRABRESIB,BRD2
OMEPRAZOLE,TNF
AMILORIDE HYDROCHLORIDE,SCNN1A
SONOLISIB,PIK3CD
NIVOLUMAB,HLA-DRA
ALSTERPAULLONE,PIM1
REL-CISAPRIDE,CYP2C9
ALCURONIUM,AANAT
STRONTIUM RANELATE,CASR
ESTRADIOL VALERATE,CP
COMPOUND 12D [PMID: 33821636],LONP1
SULFASALAZINE,PTGS2
TUNLAMETINIB,NRAS
DEFERASIROX,GC
SULFASALAZINE,PPARG
COMPOUND 40 [PMID: 34982553],ACADSB
VORUCICLIB,SLC29A1
PHYTOSTEROL,APOE
AMPKINONE,STK11
DOMIPHEN BROMIDE,ESR1
DIPYRIDYL,RUNX1
CP-547632,FGFR1
ACETAMINOPHEN,UGT2B15
PANCURONIUM,CHRNA4
FAMITINIB,FLT1
MOMELOTINIB,EPHB2
CLIOQUINOL,SMAD3
MIBEFRADIL DIHYDROCHLORIDE,KCNH2
ARANIDIPINE,AR
PHENMEDIPHAM,FAAH
NAPROXCINOD,PTGS1
ROTIGOTINE,ALCAM
CEE321,EPHB2
REVEGLUCOSIDASE ALFA,GAA
CHEMBL:CHEMBL592332,KCNH2
BROMFENAC SODIUM,PTGS1
TESMILIFENE,ABCB1
PP1,DXO
RECOMBINANT INTERFERON ALFA,CXCL8
ETIDRONIC ACID,BGLAP
QUISINOSTAT,MSTN
GSK-269962A,PRKCI
METHOTREXATE,SLC22A8
RUCAPARIB,PTEN
PHENTOLAMINE,SLC2A4
BUTYLPARABEN,NFE2L2
TILUDRONIC ACID,IL1B
EPHEDRINE HYDROCHLORIDE,ADRA2B
BRYOSTATIN,PRKD2
HYDROGEN PEROXIDE,HTRA1
ALTEPLASE,DES
DINACICLIB,CDK5
TRIMEPRAZINE TARTRATE,HRH1
TRIPELENNAMINE CITRATE,HRH1
THIETHYLPERAZINE MALATE,DRD2
TRIMIPRAMINE MALEATE,HRH1
SULFASALAZINE,ALOX5
INSULIN ZINC SUSP EXTENDED PURIFIED BEEF,INSR
INSULIN SUSP ISOPHANE BEEF/PORK,INSR
INSULIN ZINC SUSP PURIFIED BEEF,INSR
TRIMIPRAMINE MALEATE,HTR2C
OLANZAPINE PAMOATE,HTR2C
DESOXYCORTICOSTERONE PIVALATE,NR3C2
AMBENONIUM CHLORIDE,ACHE
PARAMETHASONE ACETATE,NR3C1
ERYTHRITYL TETRANITRATE,NPR2
EPHEDRINE,ADRA1A
DESOXIMETASONE,NR3C1
ABCIXIMAB,ITGB3
"ESTROGENS, ESTERIFIED (USP)",ESR1
ISOCARBOXAZID,MAOB
THIOGUANINE,IMPDH2
RAUWOLFIA SERPENTINA (USP),ADRA2A
PARGYLINE HYDROCHLORIDE,MAOA
PHENELZINE SULFATE,MAOB
NATEGLINIDE,KCNJ11
AMILORIDE HYDROCHLORIDE,SCNN1B
RIVASTIGMINE TARTRATE,BCHE
BITOLTEROL MESYLATE,ADRB2
TESTOSTERONE ENANTHATE,AR
COBICISTAT,CYP3A5
COBICISTAT,CYP3A4
RESCINNAMINE,SLC18A2
ETRETINATE,RXRB
MORICIZINE,SCN5A
YOHIMBINE,ADRA2C
DICUMAROL,VKORC1
INTERFERON ALFA-N3,IFNAR1
FINGOLIMOD HYDROCHLORIDE,S1PR4
BEPRIDIL HYDROCHLORIDE,CACNA1C
PRIMIDONE,SCN5A
ASPIRIN,PDE3A
BREXPIPRAZOLE,HTR2A
PASIREOTIDE PAMOATE,SSTR2
ENMD-981693,FGFR4
4SC-203,KDR
CERDULATINIB,TYK2
AZD5438,CDK7
AZD-1208,PIM1
AZD5438,CDK6
CE-245677,TEK
MP-412,EGFR
RECILISIB,PIK3CD
IRAMPANEL,SCN5A
INDEGLITAZAR,PPARD
INDEGLITAZAR,PPARG
INDEGLITAZAR,PPARA
DRF-10945,PPARA
SOTRASTAURIN,PRKCD
AEE-788,ERBB2
PODOFILOX,IGF1R
EPINASTINE,HRH1
JI-101,PDGFRB
JI-101,EPHB4
R-112,SYK
PG-760564,MAPK14
ENCAINIDE,SCN5A
XL-281,RAF1
VABICASERIN HYDROCHLORIDE,HTR2B
LY377604,ADRB1
CENICRIVIROC,CCR5
LY2624803,HRH1
FENOLDOPAM MESYLATE,ADRA2C
IMIGLITAZAR,PPARA
DROLOXIFENE,ESR1
ASOPRISNIL,PGR
CANERTINIB DIHYDROCHLORIDE,EGFR
FENOLDOPAM MESYLATE,ADRA2B
BEVACIZUMAB 111IN,VEGFA
EZATIOSTAT HYDROCHLORIDE,GSTP1
ENTINOSTAT,HDAC5
ENTINOSTAT,HDAC3
NAPROXEN ETEMESIL,PTGS2
MIFAMURTIDE,NOD2
TALAZOPARIB,PARP1
CANNABIDIOL,CNR1
CRISABOROLE,PDE4D
MOXONIDINE,NISCH
CANDESARTAN CILEXETIL,AGTR1
HUHMFG1,MUC1
ANRUKINZUMAB,IL13
ASELIZUMAB,SELL
METHAMPHETAMINE,ADRA1A
OXELUMAB,TNFSF4
BRAZIKUMAB,IL23A
BRAZIKUMAB,IL12B
BISMUTH SUBGALLATE,F12
CARBENOXOLONE,HSD11B2
MINAPRINE HYDROCHLORIDE,DRD1
AGOMELATINE,HTR2C
NETARSUDIL DIMESYLATE,ROCK1
PREDNICARBATE,ANXA1
VILOBELIMAB,C5
HEFI-1,TNFRSF8
PROPIOMAZINE,HRH1
DORLIMOMAB ARITOX,RPSA
POLATUZUMAB VEDOTIN,TUBB4B
MICROPARTICLE MDP/BACTERIAL DNA-CONTAINING MIS416,TLR9
PEMAFIBRATE,PPARA
FADROZOLE HYDROCHLORIDE,CYP19A1
LIPROTAMASE,AMY2A
PF-06263507,TUBB4A
PF-06263507,TUBB4B
SINTILIMAB,PDCD1
CE-326597,CCKAR
TAK-653,GRIA4
PARSACLISIB,PIK3CD
CDX-301,FLT3
TRILACICLIB DIHYDROCHLORIDE,CDK6
GLEMBATUMUMAB VEDOTIN,TUBB3
GLEMBATUMUMAB VEDOTIN,TUBB4A
MINAPRINE HYDROCHLORIDE,HTR2A
MINAPRINE HYDROCHLORIDE,HTR2C
EFPEGLENATIDE,GLP1R
TARLOXOTINIB,ERBB2
RIPASUDIL HYDROCHLORIDE DIHYDRATE,ROCK1
MOSUNETUZUMAB,CD3E
TIBULIZUMAB,IL17A
KN-026,ERBB2
MESDOPETAM,DRD3
NIROGACESTAT,PSEN1
ARX-788,TUBB3
MITAPIVAT SULFATE,PKLR
CLESACOSTAT,ACACA
DIMETHYLCURCUMIN,AR
OMBRABULIN,TUBB3
MOBOCERTINIB SUCCINATE,EGFR
IDRONOXIL,CASP3
VANDETANIB,EGFR
ZSTK474,PIK3CB
ANTI-ERBB3 MONOCLONAL ANTIBODY REGN1400,ERBB3
SENKTIDE,ITGA4
STANOLONE,RORC
CHEMBL:CHEMBL581574,SMAD3
HALCINONIDE,NFE2L2
CMX-2043,MET
FLUDARABINE,SLC29A1
CATECHOL,NR3C1
MITIPERSTAT,MPO
CHEMBL:CHEMBL533954,HSD17B10
TOPOTECAN HYDROCHLORIDE,HBB
HYCANTHONE,CYP2D6
FERULIC ACID,APP
CHEMBL:CHEMBL580851,HSD17B10
REMOXIPRIDE,CYP3A4
CHEMBL:CHEMBL600734,SMAD3
CEFDINIR,ACP1
CHEMBL:CHEMBL576208,CASP3
DINOTERB,AR
CAVROTOLIMOD,TLR9
SOTRASTAURIN,GRK5
CHEMBL:CHEMBL389685,MAPK3
DICHLOROTRIPHENYLBISMUTHANE,AR
CAPTAN,VDR
COTI-2,TP53
PD-0166285,NTRK2
CHEMBL:CHEMBL527584,VDR
"3,4-DIDESMETHYL-5-DESHYDROXY-3'-ETHOXYSCLEROIN",HSD17B10
TOLVAPTAN,AR
BP 897,CYP2D6
WEDELOLACTONE,MAPK1
VANOXERINE,TP53
CHEMBL:CHEMBL481160,TERT
CHEMBL:CHEMBL1079460,CYP2C19
"3',4'-DIMETHOXYFLAVONE",HSD17B10
TROGLITAZONE,CYP1A2
HALAZONE,AR
ASPIRIN,BRCA1
DIOSMETIN,NFKB2
M-2698,RPS6KB1
DIOSMETIN,RELA
PYRONIN Y,WRN
DIOSMETIN,NFKB1
HYCANTHONE,PPARD
CURCUMIN,DNMT1
ROGARATINIB,EGFR
BARASERTIB,KIT
CETUXIMAB SAROTALOCAN SODIUM,EGFR
ANISINDIONE,SMN2
CHEMBL:CHEMBL2063510,ADM
SP-600125,FLT3
CHEMBL:CHEMBL598509,KHSRP
CHEMBL:CHEMBL533602,SMAD3
CHEMBL:CHEMBL257158,AKT1
NMDA,HSD17B10
SOMATOSTATIN,SSTR3
PELABRESIB,DNER
CYCLOSPORINE,CYP3A4
CHEMBL:CHEMBL122701,ALOX15
ZIDOVUDINE,CYP3A4
CURCUMIN/DOXORUBICIN-ENCAPSULATING NANOPARTICLE IMX-110,STAT3
NVP-TAE684,PRKG1
NORADRENALINE,HSD17B10
"3,4-DIDESMETHYL-5-DESHYDROXY-3'-ETHOXYSCLEROIN",ALDH1A1
TEBUCONAZOLE,AR
XANTHOXYLIN,CYP3A4
EMETINE HYDROCHLORIDE,NFE2L2
STANOLONE,ESR1
VEGF/HGF-TARGETING DARPIN MP0250,HGF
CHEMBL:CHEMBL1257031,KCNH2
CHLORQUINALDOL,HSPA5
LAPATINIB,CYP3A5
CHEMBL:CHEMBL329673,RXRA
CHEMBL:CHEMBL2094499,HSPB1
SURAMIN HEXASODIUM,HSD17B10
TOPIRAMATE,AQP4
SIROLIMUS ALBUMIN-BOUND NANOPARTICLES,MTOR
RIFAMPIN,CYP2D6
PYRILAMINE,CYP2C9
MITOXANTRONE,WRN
EPIGALLOCATECHIN-3-GALLATE,NFKB1
VALPROIC ACID,CYP3A4
CHEMBL:CHEMBL585502,SMAD3
SEP-363856,HTR1A
CP-547632,MAPK9
IOFETAMINE HYDROCHLORIDE,KCNH2
CONICASTEROL E,NR1I2
TROGLITAZONE,CYP2D6
EFINOPEGDUTIDE,GCG
CAPTAN,ESR1
PD-0166285,MAPK9
MAHANINE,DNMT1
GYKI53784,CYP2C19
ROFECOXIB,ALDH1A1
NVP-TAE684,SRC
"3,4-DIDESMETHYL-5-DESHYDROXY-3'-ETHOXYSCLEROIN",ALOX15
CHEMBL:CHEMBL1563896,NFE2L2
SB 216763,CYP1A2
BLESELUMAB,CD40
CHEMBL:CHEMBL544115,KCNH2
DOXORUBICIN HYDROCHLORIDE,ATXN2
TBBT,CYP3A4
CHEMBL:CHEMBL584514,NFE2L2
FLUMAZENIL,CYP2C19
BARASERTIB,FYN
METHOCARBAMOL,CYP3A4
FIDUXOSIN HYDROCHLORIDE,SMAD3
PEGMUSIRUDIN,F2
ZOXAZOLAMINE,CYP2C9
CHEMBL:CHEMBL127579,GLP1R
JNJ16259685,CYP3A4
DIETHYLSTILBESTROL,NR1H4
LAUROGUADINE,PRKD2
SALIRASIB,MTOR
DOVITINIB,MARK2
PHLORETIN,GAA
RIFAMPIN,CYP2C19
ISOPROTERENOL,VDR
CHEMBL:CHEMBL225513,CYP2C9
EPINEPHRINE BITARTRATE,HSD17B10
SULFASALAZINE,CYP1A2
DAUNORUBICIN HYDROCHLORIDE,THRB
LAPATINIB,CYP3A4
HYMECROMONE,PPARD
CHEMBL:CHEMBL578741,CYP3A4
"3,4-DICHLOROBENZAMIL",CYP1A2
TEROXIRONE,TP53
TRIPHENYLSTANNANOL,VDR
METFORMIN HYDROCHLORIDE,AR
PD-0166285,PRKAA1
DOMPERIDONE,CYP2D6
PIROMELATINE,MTNR1A
PIMOZIDE,PPARD
INDINAVIR,CYP2D6
BW373U86,CYP3A4
CANGRELOR,P2RY12
4-PHENYLBUTYRIC ACID,HDAC2
4-PHENYLBUTYRIC ACID,HDAC1
CHEMBL:CHEMBL579956,P4HB
"L-694,247",CYP2C19
CHEMBL:CHEMBL1519374,SMAD3
ASARININ,CYP2C9
PF-00337210,KDR
SCHISANHENOL,ATM
CURCUMIN,IAPP
TIPLIMOTIDE,MBP
PECTOLINARIGENIN,RELA
(RS)-ROSCOVITINE,CDK2
IRL 2500,CYP2C19
CHEMBL:CHEMBL536166,NFE2L2
CHEMBL:CHEMBL2333543,MAPK1
CHEMBL:CHEMBL582473,ATXN2
CHEMBL:CHEMBL167529,NFE2L2
DIFLUFENICAN,KMT2A
PAPAVERINE,CYP2D6
PIMOZIDE,HIF1A
BUTACLAMOL HYDROCHLORIDE,KCNH2
URSOLIC ACID,HDAC3
CUCURBITACIN B,SMAD3
OXYFLUORFEN,AR
CHEMBL:CHEMBL598270,AR
CHEMBL:CHEMBL578512,CASP7
CHEMBL:CHEMBL1946013,AR
DESACETOXYMATRICARIN,NFE2L2
CHEMBL:CHEMBL584508,THRB
DITHIOLETHIONE,PTPN1
AZACITIDINE,SMAD3
DAPIPRAZOLE,DRD2
SOTRASTAURIN,CDK2
BITERTANOL,NFE2L2
CODEINE ANHYDROUS,AR
TERLAKIREN,REN
PHENYLMERCURIC ACETATE,TP53
CHEMBL:CHEMBL457504,VDR
CHEMBL:CHEMBL362223,HIF1A
BARASERTIB,KDR
CHLOROXINE,AR
TYRPHOSTIN AG 835,MAPK1
CHLOROXINE,HSP90AA1
ATHRAQUINONES A,CYP3A4
TAK-220,CCR5
CHEMBL:CHEMBL578512,TP53
CHEMBL:CHEMBL565893,HSP90AA1
DIPHENHYDRAMINE HYDROCHLORIDE,KCNH2
"2,4-HEXADIENAL",ALDH1A1
PP2,CYP1A2
ANIRACETAM,CYP1A2
CHEMBL:CHEMBL1079460,CYP1A2
RACEPINEPHRINE HYDROCHLORIDE,ADRB2
TRANSPLATIN,ALDH1A1
ACACETIN,CYP1A2
TOPOTECAN HYDROCHLORIDE,HIF1A
PYRONIN Y,GLP1R
FIPRONIL,AR
CHEMBL:CHEMBL66279,BRCA1
REL-CISAPRIDE,HPSE
ACETOCHLOR,AR
TIOPRONIN,ALDH1A1
CALCIUM PANTOTHENATE,AR
TETRADIFON,NFE2L2
UMESPIRONE,HTR1A
ENOXOLONE,AKR1B10
CHEMBL:CHEMBL2094456,NPC1
AMINOQUINOL,SMAD3
DEPHOSTATIN,HIF1A
SULFASALAZINE,CYP3A4
PAC1,CASP3
CHEMBL:CHEMBL19954,MEN1
GUTHION,ALOX15
DITHIAZANINE IODIDE,CTNNB1
CHEMBL:CHEMBL1337519,GLP1R
VALPROIC ACID,ABAT
CHEMBL:CHEMBL1256740,CYP2C9
NVP-TAE684,PRKD2
DAUNORUBICIN HYDROCHLORIDE,MAPK1
RETUSIN 7-METHYL ETHER,SMN1
RETUSIN 7-METHYL ETHER,SMN2
CHEMBL:CHEMBL2348411,PRKAA2
4'-METHOXYFLAVONE,NPC1
HARMOL,CYP2D6
ANDROGRAPHOLIDE,NFKB1
PARAROSANILINE,SNCA
AMI-1,ESR1
CHEMBL:CHEMBL1492017,NFE2L2
NVP-TAE684,BLK
"3,4-DICHLOROBENZAMIL",CYP2D6
CHEMBL:CHEMBL83761,NFE2L2
BETA-CCM,CYP2C19
PROPICONAZOLE,VDR
DOXORUBICIN HYDROCHLORIDE,AR
CHEMBL:CHEMBL581929,BRCA1
HAPLAMINE,HSD17B10
CHEMBL:CHEMBL2071180,ESR1
NVP-TAE684,PRKCD
2-MERCAPTOBENZIMIDAZOLE,AR
SPIRONOLACTONE,THRB
URSOLIC ACID,PTGS2
U50488,CYP3A4
CP-547632,AXL
MERCURIC CHLORIDE,RORC
SALERMIDE,SIRT1
DEPHOSTATIN,HSD17B10
BERGAMOTTIN,CYP2C9
SP-600125,CYP1A2
QUINOXYFEN,RXRA
CHEMBL:CHEMBL238624,ALOX15
HYDROXYPROGESTERONE CAPROATE (USP),NFE2L2
SP-600125,CYP3A4
CHEMBL:CHEMBL604664,FASN
OFLOXACIN,CYP2C9
NVP-TAE684,KDR
SP-600125,CDK2
ETOCRYLENE,AR
DICLOFENAC SODIUM,CYP3A4
LAWSONE,VDR
DICHLORISONE ACETATE,NFE2L2
OLEANDEROLIDE,TOP2A
CHEMBL:CHEMBL592124,THRB
ZAMPANOLIDE,TUBB3
PP2,MAPK14
CHEMBL:CHEMBL227959,TP53
"L-694,247",CYP3A4
THIMEROSAL,HSD17B10
AMI-1,AR
CHEMBL:CHEMBL375673,ATM
NORETHINDRONE ACETATE,AR
CP-547632,MARK2
CHEMBL:CHEMBL596633,ATXN2
CHEMBL:CHEMBL578741,USP2
SOTRASTAURIN,ERBB2
SB220025,LCK
SP-600125,CSNK1D
PP2,SNCA
DICHLORODIMETHYLSTANNANE,AR
CHEMBL:CHEMBL1453126,SMN1
NITROSCANATE,AR
BERGAMOTTIN,CYP3A4
PD-0166285,MET
GLAFENINE,CYP2C19
PIMOZIDE,TP53
NIFEDIPINE,CYP2D6
DINOSEB,PPARD
WEDELOLACTONE,NFKBIA
SOTALOL,CYP2C19
PI-103,DAPK3
PERHEXILINE MALEATE,GPR55
ISATIN,NFE2L2
PAPAVERINE,CYP2C9
CEP-5214,KDR
CHEMBL:CHEMBL600734,NFE2L2
CALMIDAZOLIUM CHLORIDE,ATXN2
CHEMBL:CHEMBL1939433,PIK3CA
SP-600125,NTRK3
ECONAZOLE NITRATE,VDR
ITRACONAZOLE,KDR
LOMETREXOL,SLC19A1
MECAMYLAMINE,CYP1A2
TRIOXSALEN,CYP3A4
CALMIDAZOLIUM CHLORIDE,USP2
CHEMBL:CHEMBL581187,KCNH2
CHEMBL:CHEMBL1549738,GLP1R
ACACETIN,NFKB2
PYRROLNITRIN,AR
HOMIDIUM BROMIDE,AR
GOSSYPOL,THRB
TRIPHENYLSTANNYL ACETATE,VDR
TRICYCLAZOLE,NFE2L2
IPRONIAZID,CYP2C9
THIORIDAZINE,PPARD
TPCK,HIF1A
BENOXACOR,NFE2L2
CYTARABINE HYDROCHLORIDE,RUNX1
ISOKAEMPFERIDE,WRN
AZACITIDINE,ALDH1A1
METHIOTHEPIN MESYLATE,ATXN2
OCTADECYLAMINE,RXRA
SULFASALAZINE,HIF1A
SP-600125,MET
CHEMBL:CHEMBL505670,TLR9
ALPHA-NAPHTHOFLAVONE,MAPK1
DYRENE,NFKB1
PHENYLMERCURIC ACETATE,RORC
MLN-8054,FGFR1
THONZONIUM BROMIDE,USP2
NALED,VDR
LAUROGUADINE,RPS6KA3
AG 112,ALDH1A1
CHEMBL:CHEMBL1333049,SMN2
PHENOL,NFE2L2
ALSTERPAULLONE,ROCK1
DIFENOCONAZOLE,NFE2L2
PENTAERYTHRITOL TETRANITRATE,ALDH1A1
URSOLIC ACID,PTGS1
BROMOENOL LACTONE,KCNH2
CHEMBL:CHEMBL67535,ALOX15
BEXLOSTERIDE,SRD5A1
DEPHOSTATIN,BRCA1
LEFLUNOMIDE,SMN2
DOXORUBICIN HYDROCHLORIDE,CYP3A4
TELMISARTAN,NFE2L2
CHEMBL:CHEMBL375563,CASP9
LAS38096,FLT3
THIMEROSAL,SMAD3
THIETHYLPERAZINE MALATE,PLIN1
CHEMBL:CHEMBL375563,SIRT1
MEFENAMIC ACID,CYP2D6
ALPROSTADIL,CYP2C9
SP-600125,NTRK1
TETRAHYDROGAMBOGIC ACID,VDR
PIMOZIDE,CYP3A4
TRIPHENYLSTANNANOL,AR
CISPLATIN,ALOX15
DIELDRIN,NFE2L2
CHEMBL:CHEMBL296407,CYP1A2
TOPOTECAN HYDROCHLORIDE,AR
GEOPYXIN A,ATXN2
SP-600125,KIT
BIOCHANIN A,NPC1
CHEMBL:CHEMBL324774,ALDH1A1
LXR-623,PPARA
METHYL PARATHIONE,VDR
AMIDATE,CYP1A2
BOLDINE,HIF1A
SODIUM CHLORIDE,G6PD
CARISOPRODOL,CYP2C19
DOXEPIN HYDROCHLORIDE,CYP2D6
"PAROXETINE HYDROCHLORIDE, HEMIHYDRATE",CYP2D6
RISPERIDONE,CYP2D6
TAMOXIFEN,CYP2D6
TELAPREVIR,IFNL3
VORTIOXETINE HYDROBROMIDE,CYP2D6
TESEVATINIB,EGFR
PI-103,PIK3C2G
PI-103,PIK3R1
PI-103,PIK3CB
PI-103,PIK3CA
DULANERMIN,TNFRSF10A
ANTI-ERBB3 MONOCLONAL ANTIBODY AV-203,ERBB3
CARFILZOMIB,PSMD9
CARFILZOMIB,PSMD10
TRIMETREXATE,ABCB1
THIOGUANINE,ABCC4
GANCICLOVIR,ABCC4
GENISTEIN,ABCG2
GSK269962A,ROCK1
ENVIRONMENTAL ESTROGEN,ACTB
VORICONAZOLE,ABCG2
CHEMBL:CHEMBL219557,EGFR
RADIOSENSITIZING AGENT,ACHE
POLY ICLC,TLR3
ENZYME INHIBITOR,ACE
BUSULFAN,ADK
SODIUM CHLORIDE,ADRB2
CIZOLIRTINE,CALCA
ATORVASTATIN CALCIUM TRIHYDRATE,APOB
DOXORUBICIN HYDROCHLORIDE,BAX
ANTHRACYCLINE ANTINEOPLASTIC ANTIBIOTIC,BAX
COBALT,BAX
ESTRAMUSTINE,BAX
DONEPEZIL,BCHE
RECOMBINANT TRANSFORMING GROWTH FACTOR-BETA 1,BCL2
RECOMBINANT INTERLEUKIN,BCL2
RECOMBINANT FLT3 LIGAND,CBL
RECOMBINANT LYMPHOTOXIN BETA,CCL21
BENZODIAZEPINE,CCKBR
TENIDAP,ALOX5
OXAZEPAM,TSPO
GP-120 ANTIGEN,CD44
ALPROSTADIL,CD40LG
H2O2,CDK2
ANTINEOPLASTIC AGENT,CDK4
ANTIESTROGEN,CDKN1B
RECOMBINANT TRANSFORMING GROWTH FACTOR,COL1A2
CILOSTAZOL,CSF2
RECOMBINANT INTERLEUKIN-1,CSF2
RECOMBINANT TYROSINASE-RELATED PROTEIN-2,CSF2
INDINAVIR,CSF2
MART-1 ANTIGEN,CSF2
TEMOZOLOMIDE,CSF2
NICARDIPINE,SLC25A20
COBALT,CYP2E1
DEXTROMETHORPHAN POLISTIREX,CYP3A4
POLYETHYLENE GLYCOL 4000,CYP2E1
DOXORUBICIN HYDROCHLORIDE,EDN1
ANTICONVULSANT AGENT,EDN1
ETOPOSIDE,E2F1
MYCOPHENOLATE MOFETIL,EPO
ASPIRIN,FAS
AS101,FAS
VITAMIN K,FAS
REBAMIPIDE,FGF2
NABILONE,CNR2
THROMBIN,FOS
NIMODIPINE,FOS
NIMODIPINE,GFAP
PROTEASE INHIBITOR,GFAP
TOPOISOMERASE INHIBITOR,GSTP1
PI3K INHIBITOR BGT226,MTOR
RESERPINE,HGF
ASPIRIN,HGF
ANTISERUM,HNF4A
THROMBIN,HPSE
STREPTOZOCIN,HP
ANTIESTROGEN,HPSE
DIFFERENTIATION INDUCER,HSPB2
ARGIPRESSIN,HSPB1
IMIQUIMOD,IFNA1
CL 246738,IFNA1
THROMBIN,IFNG
ALENDRONATE SODIUM,IL11
DOXORUBICIN HYDROCHLORIDE,IL11
IFOSFAMIDE,IL6
DNA VACCINE,IL7
ANTI-HIV-1 LENTIVIRAL VECTOR-EXPRESSING SH5/C46 CAL-1,CCR5
RITUXIMAB,RPS19
IL-13,LIF
H2O2,LPL
RESERPINE,LPL
RECOMBINANT INTERLEUKIN,MAPK14
HMG-COA REDUCTASE INHIBITOR,MAPK14
STREPTOZOCIN,MMP2
ALANOSINE,MTAP
H2O2,MT1H
OXALIPLATIN,MTHFR
DOXORUBICIN HYDROCHLORIDE,MYB
METHYLNITROSOUREA,MYC
PROPYLTHIOURACIL,MYO9B
TROGLITAZONE,MYC
HERBIMYCIN A,SRC
PROTEASE INHIBITOR,NFE2L2
BENZODIAZEPINE,NOS1
TEPOXALIN,ALOX5
SODIUM CHLORIDE,NOS1
TIRAPAZAMINE,NOS1
IDOXIFENE,NOS1
FLUOXETINE HYDROCHLORIDE,NOS2
DB959,PPARD
DECITABINE,NR5A1
ETOPOSIDE,NR4A1
DACTINOMYCIN,NTF3
TYROSINE KINASE INHIBITOR,PIK3CA
ALDESLEUKIN,PIK3CA
ENDOTHELIN-1,EDNRB
UROKINASE,PIK3CA
TOPOISOMERASE-II INHIBITOR,PIK3CB
DOXORUBICIN HYDROCHLORIDE,PIK3CB
TYROSINE KINASE INHIBITOR,PIK3CB
ATORVASTATIN CALCIUM TRIHYDRATE,PIK3CG
LENOGRASTIM,PIK3CG
ORAL CONTRACEPTIVE,PLAT
THERAPEUTIC HORMONE,PTGDS
RESERPINE,PTGS2
ANTIVIRAL AGENT,PTGS1
ATENOLOL,PTH
VITAMIN K,PTH
DOXORUBICIN HYDROCHLORIDE,RALBP1
TYROSINE KINASE INHIBITOR,PYY
AVALGLUCOSIDASE ALFA,GAA
DOXORUBICIN HYDROCHLORIDE,SDHB
HER2 ECD+TM VIRUS-LIKE REPLICON PARTICLES VACCINE AVX901,ERBB2
ENZYME INHIBITOR,TAT
OPIATE,TH
MITOMYCIN C ANALOG KW-2149,TNF
BEXAROTENE,RXRA
ALDESLEUKIN,TNFAIP1
AMIODARONE HYDROCHLORIDE,CALCA
LITHIUM,TNFRSF1B
DACTINOMYCIN,TNFRSF8
TARENFLURBIL,TP53
STREPTONIGRIN,TP53
ALKAVERVIR,SLC18A2
STREPTOZOCIN,TRPV1
ALDESLEUKIN,TYK2
LIATERMIN,GDNF
TAMSULOSIN HYDROCHLORIDE,CYP3A4
ATAZANAVIR,ABCC2
SIMVASTATIN,ABCC2
LOMITAPIDE MESYLATE,LDLR
ZIDOVUDINE,POR
INCLISIRAN,LDLR
THERAPEUTIC CORTICOSTEROID,NR1I2
OXICONAZOLE,NR1I2
ETHAMBUTOL HYDROCHLORIDE,NR1I2
LOVASTATIN,NR1I2
VINCRISTINE,NR1I2
MEASLES VACCINE,HLA-DRB1
MEASLES VACCINE,HLA-B
PRUVANSERIN,HTR2A
ANALGESIC AGENT,KCNJ6
REPAGLINIDE,TCF7L2
SURONACRINE MALEATE,ACHE
YOHIMBINE,CYP2D6
ZILUCOPLAN,CHRNA4
AMOXICILLIN ANHYDROUS,HLA-DRA
PEGINTERFERON ALFA-2B,IL6
TEBENTAFUSP,HLA-A
SODIUM NITROPRUSSIDE,UGCG
CILOSTAZOL,CYP3A5
CURCUMIN,CFTR
AZATHIOPRINE,GSTM1
ROSUVASTATIN,ABCB11
REPAGLINIDE,IGF2BP2
VINCRISTINE,MTR
THERAPEUTIC CORTICOSTEROID,ACP1
AMILORIDE,NEDD4L
ANTIDEPRESSANT AGENT,NR3C1
ACETAMINOPHEN,CYP2E1
DALFAMPRIDINE,SLC22A2
LEUCOVORIN CALCIUM,GATA3
GLUCARPIDASE,GATA3
VOXILAPREVIR,IFNL3
PERPHENAZINE,CDH13
AMISULPRIDE,SH2B1
PEGINTERFERON ALFA-2A,VDR
LOMITAPIDE MESYLATE,APOB
RIVAROXABAN,CYP3A4
FLUNITRAZEPAM,CYP3A4
LOVASTATIN,CYP3A4
BAZEDOXIFENE,ESR1
VINCRISTINE,ACTG1
"3,4-METHYLENEDIOXYMETHAMPHETAMINE",CYP2B6
FENTANYL CITRATE,CYP2B6
TRIMIPRAMINE,CYP2B6
SULFAMETHOXAZOLE,NAT2
AMOXICILLIN ANHYDROUS,HLA-DRB1
ANTICONVULSANT AGENT,CYP1A1
METHOTREXATE,GSTT1
SOLITHROMYCIN,NAT2
EPIRUBICIN,CBR3
NITROGLYCERIN,G6PD
CALCIFEDIOL ANHYDROUS,CYP2R1
DIHYDROERGOCRISTINE,ADRA2C
TRIMIPRAMINE,HTR2A
CARBAMAZEPINE,PRRC2A
MARGETUXIMAB-CMKB,FCGR2A
EPROSARTAN,AGTR1
NITROPRUSSIDE,ACE
ACETAMINOPHEN/TRAMADOL,G6PD
DEXAMETHASONE,DOK5
ROSUVASTATIN,HNF1A
PEGINTERFERON ALFA-2B,IL21R
ROSUVASTATIN,KIF6
DEXAMETHASONE,SERPINE1
ACETAMINOPHEN/TRAMADOL,MIR107
PEGINTERFERON ALFA-2B,CASP1
PEGINTERFERON ALFA-2B,CYP2R1
AMISULPRIDE,ANKS1B
NALTREXONE,COMT
ODEVIXIBAT,NOTCH2
ZIDOVUDINE,SLC22A8
BEVACIZUMAB-AWWB,PDGFRB
PERIFOSINE,AKT1
PIVALOYLOXYMETHYLBUTYRATE,HDAC2
SONOLISIB,MTOR
MANNOSE 6-PHOSPHATE,IGF2R
LINIFANIB,TEK
BLARCAMESINE,ERBB2
LEVONORGESTREL,SRD5A1
B27PD,SAG
BF-1,HTR2B
BRYOSTATIN 1,PRKCE
BRYOSTATIN 1,PRKD2
BRYOSTATIN 1,PRKCQ
BUDIODARONE,KCNH2
CER-001,APOA1
LATREPIRDINE,ACHE
DUTASTERIDE,SRD5A2
ZONISAMIDE,CACNA1G
INTEGRIN RECEPTOR ANTAGONIST GLPG0187,ITGB6
ILEPATRIL,ACE
SAMPATRILAT,MME
GIVINOSTAT,HDAC2
METHAMPHETAMINE,SLC18A2
METHAMPHETAMINE,MAOA
DECTREKUMAB,IL13
QUINAPRIL,ACE
ROPINIROLE,DRD2
APABETALONE,APOA1
STANNSOPORFIN,HMOX1
TIOTROPIUM,CHRM3
TEZAMPANEL,GRIA4
GLEMANSERIN,HTR2C
BETHANIDINE,ADRA1D
CAPESEROD,HTR2C
SALICYLIC ACID,PTGS1
CAPESEROD,SERPINA3
COMPOUND 14 [PMID: 30925062],ABCG2
AMIODARONE HYDROCHLORIDE,ADRB1
ANISTREPLASE,ANXA2
BEPRIDIL,ATP1A1
ZILURGISERTIB,DNM2
FIDRISERTIB,DNM2
METHYLPHENIDATE HYDROCHLORIDE,SLC6A4
PHENYTOIN SODIUM,SCN5A
RANIBIZUMAB,VEGFA
RIMEXOLONE,ANXA1
TERAZOSIN,ADRA1A
THIORIDAZINE,ADRA1A
ZOLPIDEM TARTRATE,TSPO
DWP05195,TRPV1
OXYMETAZOLINE HYDROCHLORIDE,ABCA4
SEVITERONEL,CYP17A1
GUANABENZ,AOC1
RAUWOLSCINE,AOC1
XENTUZUMAB,IGF2
ROXINDOLE,AOC1
INARIGIVIR SOPROXIL,NOD2
HLA-A*0201 RESTRICTED TERT(572Y)/TERT(572) PEPTIDES VACCINE VX-001,TERT
PMX53,C5AR1
DULIGOTUZUMAB,ERBB3
DULIGOTUZUMAB,EGFR
AUTOLOGOUS BONE MARROW-DERIVED CD34/CXCR4-POSITIVE STEM CELLS AMR-001,CD34
CRETOSTIMOGENE GRENADENOREPVEC,CSF2
GSK-2647544,PLA2G7
GROWTH ARREST SPECIFIC PROTEIN 6,AXL
DELPARANTAG,SERPINC1
CEQ508,CTNNB1
LIRILUMAB,GEM
LAPRITUXIMAB EMTANSINE,EGFR
BQ788,EDNRB
NORADRENALINE,ABO
METOPRINE,HNMT
15S-HETE,AMH
COMPOUND 13R [PMID: 23639540],DNMT1
VOCLOSPORIN,NGFR
FENEBRUTINIB,EFNB2
ONO-AE1-437,PTGER4
VECABRUTINIB,EFNB2
PRN694,EFNB2
CINROMIDE,CD27
P54,SCYL1
ANAGRELIDE HYDROCHLORIDE,PDE3A
HISTAMINE,GAPDH
STO609,EGFR
AMIBEGRON,ADRB3
DIFLORASONE DIACETATE,PLA2G1B
(-)-(S)-BAYK8644,CACNA1D
THALIDOMIDE,TNF
GLUCOSAMINE,IL1B
WEDELOLACTONE,CBR1
CHEMBL:CHEMBL1083499,F2
MAFENIDE,CA2
UK-432097,ADORA2A
CH-5132799,PIK3CB
SB328437,ACTB
JNJ-26070109,CCKBR
FAMITINIB,KIT
EPELSIBAN,OXTR
SEMAGACESTAT,GLUL
IBOCTADEKIN,IL18
SCH-900271,HCAR2
SC-236,CPT1B
CARBENOXOLONE,C4B
CARBENOXOLONE,C2
AFM-13,FCGR3A
CXCL122 (DIMER),ACTG1
7-HYDROXYSTAUROSPORINE,EGR4
BARICITINIB,PTK2B
CDK4 INHIBITOR,CDK4
HEXAFLUORENIUM,BCHE
CYCLOTHIAZIDE,CA2
GUANABENZ,ADRA2A
MITOXANTRONE,TOP2A
SY-5609,EIF4EBP2
SQUALAMINE,FGF2
LEVOKETOCONAZOLE,CPB2
CEBSULFASE ALFA,ARSA
ANTI-CD20 CAR T CELLS PREPARATION,MS4A1
INSULIN SUSP ISOPHANE RECOMBINANT HUMAN,INS
PIPERACETAZINE,DRD2
SARALASIN ACETATE,AGTR1
PROBUCOL,ABCA1
PAROXETINE HYDROCHLORIDE,SLC6A4
VACTOSERTIB,TGFBR1
YXG-158,CPB2
EFAVIRENZ,COX6A1
ROPINIROLE,ALDH1A1
VILAZODONE HYDROCHLORIDE,ALDH1A1
COMPOUND 6EE [PMID: 22364528],CXCR3
S136492,DAXX
EAI045,DXO
PD 158780,DXO
TESEVATINIB,DXO
IBRUTINIB,DXO
APITOLISIB,FGR
ETHYNODIOL DIACETATE,PGR
NOMEGESTROL ACETATE,ESR1
PENTOXIFYLLINE,TNF
PSEUDOEPHEDRINE,DRD2
SCOPOLAMINE,CHRM2
ANTI-IL17A MONOCLONAL ANTIBODY CJM112,IL17A
CRYPTOPHYCIN 52,TUB
ML355,CREBBP
CHEMBL:CHEMBL152543,HDAC1
METHYSERGIDE,A2M
SB 649915,A2M
RITANSERIN,A2M
COMPOUND 29 [PMID: 36356320],SLC26A3
DORSOMORPHIN,DRD1
FORETINIB,DRD3
CGS-12066,HTR2C
QUINPIROLE,HTR2C
SPIPERONE,HTR2C
COMPOUND 38K [PMID: 34351741],DRD3
LOXAPINE,HTR2C
METHYSERGIDE,SERPINA3
EMDT,SERPINA3
METERGOLINE,SERPINA3
PAK-104P,DDR1
PAZOPANIB,DRD3
TESEVATINIB,DRD3
TIVOZANIB,DRD3
COMPOUND 39 [PMID: 34982553],ACADSB
VEGF RECEPTOR TYROSINE KINASE INHIBITOR III,DRD3
AMILORIDE,BTC
PD81723,ABAT
PICLIDENOSON,ABAT
BAY 60-6583,ABAT
HEMADO,ABAT
HEMADO,ABCA1
SCH 58261,ABCA1
COMPOUND 23 [PMID: 31398032],GLB1
NINGETINIB,AXL
CIMATEROL,ACAA1
TAFLUPROST ACID,APOC2
INDISULAM,GAPDH
TOPIRAMATE,GAPDH
CINACALCET,ACP5
2-METHYL-3-PHENETHYL-3H-PYRIMIDIN-4-ONE,ACP5
BIMATOPROST,APOC2
ACT-709478,ATP6V0A1
TTA-A2,ATP6V0A1
NNC55-0396,RND3
JWH-018,CNR2
GW-5823,CCKAR
DESULFATED GASTRIN-34,CCKBR
LORGLUMIDE,CCKBR
DEVAZEPIDE,CCKBR
[125I]-BDZ2,CCKBR
CGS8216,ARNT
BX 471,ACTA1
GSK2239633A,CCR4
ISONIPECOTIC ACID,ARNT
(2S)-1-(1H-INDOL-3-YL)-3-{[5-(3-METHYL-1H-INDAZOL-5-YL)PYRIDIN-3-YL]OXY}PROPAN-2-AMINE,CTSB
MW01,ELAVL2
DIPHENYLAMINE-2-CARBOXYLIC ACID,BUB1
BPR1R024,DPYD
PEXIDARTINIB,DPYD
NAPROXEN SODIUM,CPT1B
COMPOUND 28 [PMID: 16460935],FN1
(2R)-2-({9-(1-METHYLETHYL)-6-[(4-PYRIDIN-2-YLBENZYL)AMINO]-9H-PURIN-2-YL}AMINO)BUTAN-1-OL,EGR4
KINASE INHIBITOR 2 [PMID: 30199702],EGR4
"L-888,291",APOB
BWA868C,APOB
"L-644,698",APOB
VIDUPIPRANT,APOB
[3H]PD128907,ALDH1A1
ROTIGOTINE,ALDH1A1
RISPERIDONE,ALDH1A1
NEMONAPRIDE,ALDH2
PF-592379,ALDH2
LOXAPINE,ALDH2
PLUMBAGIN,GLI1
EPIGEN,DXO
GV196771A,GRIN2B
NEUREGULIN-2,ERBB4
XILIERTINIB,ERBB4
ACALABRUTINIB,ERBB4
GSK5182,BDKRB2
TAMOXIFEN,ALDH3B1
TETRAHYDRODEOXYCORTICOSTERONE,ARRB2
PIPERIDINE-4-SULPHONIC ACID,ARRB2
BICUCULLINE,ARRB2
PF-6870961,ALOX15
MACIMORELIN,ALOX15
IDRA-21,ASS1
[3H]2-DEOXYGLUCOSE,CBS
COMPOUND 30 [PMID: 22468970],CBS
SB 216763,SLC29A1
ALSTERPAULLONE 2-CYANOETHYL,SLC29A1
LITHIUM CARBONATE,SLC29A1
VORUCICLIB,ENSA
CS+,PHOX2A
7&BETA;-HYDROXYCHOLESTEROL,ACTN4
7&ALPHA;-HYDROXYCHOLESTEROL,ACTN4
AR234960,ADRA2A
R-SPONDIN-4,ADRA1A
AFP-07,APOC3
OSE-127,IL7R
VANILLIN,BRCA2
FEDRATINIB,EPHB1
UPADACITINIB,EPHB2
AEE788,DRD2
BRIVANIB,DRD2
PAMUFETINIB,DRD2
SORAFENIB,DRD2
SOTULETINIB,DPT
ASP-0819,ARG2
QUINIDINE,RHOA
CS+,ASPA
QUINIDINE,BAAT
CORTICOTROPIN,ANGPT2
MT-II,ANK1
AC-C[CYS-GLU-HIS-D-PHE-ARG-TRP-D-CYS]-PRO-PRO-LYS-ASP-NH2,ANK1
WORTMANNIN,ETFB
SAPANISERTIB,ETFB
NEOLYMPHOSTIN A,ETFB
STC-15,HNRNPA2B1
AZD-9977,NR3C2
ACUMAPIMOD,CTNNB1
PF-670462,CTNNB1
SAMIDORPHAN,APOF
NALOXONE HYDROCHLORIDE,APOF
ETONITAZENE,APOF
PAREGORIC,APOF
TILARGININE,NOS1
KELATORPHAN,DAP
L760735,AQP3
ZD6021,AQP3
[&BETA;ALA8]NEUROKININ A-(4-10),AQP4
PF-3758309,EXT3
PSB-416,APC
AC264613,APOE
COMPOUND 14B [PMID: 25742366],GPX3
IC-87114,F7
CDP840,COL11A2
COMPOUND 1A [PMID: 24900749],F11
VORUCICLIB,F9
PROKINETICIN-1,APOA2
MASITINIB,DPP4
CRENOLANIB,DPP4
COMPOUND 8I [PMID: 22765894],DPP4
LERZEPARIB,GNAI2
IPATASERTIB,PRKG1
ROMIDEPSIN,GAS2
TAMIBAROTENE,BCHE
SUPRASTAT,GAS1
AGN194204,HCN2
PANOBINOSTAT,GAS1
PA451,HCN2
PA452,HCN2
PANOBINOSTAT,GAS2
SR9011,BCL2
NANOLUC-INSL3,APPL1
MINIMISED RELAXIN-3 ANALOGUE 2,APRT
R3 B1-22R,APRT
AGK2,SIRT2
"CYCLO(7-12) DES-AA1,2,5-[GLU7,D-TRP8,IAMP9,M-I-TYR11,HHLYS12]SRIF",FAS
BIM 23027,FASLG
BIM 23627,FASLG
[125I]CGP 23996,FASLG
BIM 23295,AQP1
PRL-2915,AQP2
LEVAMFETAMINE,AQP7
CLEMIZOLE,ATP2A2
2-APB,ATP4A
COMPOUND 39 [PMID: 36402081],TRPM5
BOS172722,FGFR4
FEDRATINIB,TYK2
KYNURENIC ACID,ADAM10
ARGIPRESTOCIN,AQP9
NELIVAPTAN,AQP9
"[3H]AVP (HUMAN, MOUSE, RAT)",AR
OPC-51803,ABCC6
D[D-PAL2]AVP,ABCC6
ARGIPRESTOCIN,ABCC6
"[3H]AVP (HUMAN, MOUSE, RAT)",ABCC6
DOCETAXEL ANHYDROUS,ERBB2
CAPECITABINE,ERBB2
METHOTREXATE,IKZF1
ALPELISIB,CDK4
BELVARAFENIB,NRAS
PLATINUM COMPOUND,BRCA1
VORASIDENIB,GRB2
DEXAMETHASONE,CDK6
OXALIPLATIN,FOXC2
BELIZATINIB,ALK
GILTERITINIB,ALK
EG5 KINESIN-RELATED MOTOR PROTEIN INHIBITOR 4SC-205,ALK
AVELUMAB,ATM
ACRIZANIB,DRD2
IRINOTECAN HYDROCHLORIDE,ATM
AZD7648,ATM
RG-1530,DRD2
P505-15,CBL
ADO-TRASTUZUMAB EMTANSINE,CD274
SORAFENIB,CBL
AVAPRITINIB,CBL
PEGILODECAKIN,CD274
GTP-14564,DPT
PIMIVALIMAB,CD274
TRAMETINIB DIMETHYL SULFOXIDE,CDKN2A
TRAMETINIB DIMETHYL SULFOXIDE,CD274
FLT-3 INHIBITOR,FLT3
ZOTIRACICLIB,FLT3
OMACETAXINE MEPESUCCINATE,FLT3
GTP-14564,FLT3
NAPORAFENIB,HRAS
CRIZOTINIB,HRAS
AZD8055,HRAS
TENALISIB,JAK2
PICTILISIB,JAK2
ZSTK474,JAK2
RUCAPARIB,NRAS
CHELIDONINE,NRAS
LUCITANIB,PIK3CA
AZD0156,PIK3CA
AVELUMAB,STK11
PICTILISIB,STK11
DASATINIB ANHYDROUS,TET2
DECITABINE,TP53
BUPARLISIB,STK11
BRIGATINIB,TP53
SN-38,TP53
BRIGIMADLIN,TP53
DORLIMOMAB ARITOX,RPL36A
BIPERIDEN,HRH1
CHEMBL:CHEMBL577415,THRB
TAMOXIFEN,F5
ALDESLEUKIN,CBL
ARRY-371797,AHSA1
GZ-389988,NTRK1
RY785,KIF1A
&ALPHA;&BETA;-METHYLENEADP,PLCG1
ZAMPANOLIDE,TUBB4A
H2O2,PCBD1
A-674563,CTSV
H2O2,ADA
K-252A,CTSV
RWJ-67657,PTGS2
BLU-9931,SLC26A3
STAUROSPORINE,CTSV
CURCUMIN,ABCB1
COMPOUND 8I [PMID: 22765894],DRD2
7-HYDROXYSTAUROSPORINE,EPHX2
CC-90006,PDCD1
STX-107,GRM5
BOMEDEMSTAT,JAK2
AMOXAPINE,VDR
IL-3,TAC1
FLAVANONE,HSD11B1
ANTI-HIF-1ALPHA LNA ANTISENSE OLIGONUCLEOTIDE EZN-2968,HIF1A
ACIVICIN,CRH
SL422,MMP7
DALFAMPRIDINE,KCNA3
PANULISIB,ACVRL1
LINIFANIB,KDR
CLAUSINE E,RHOA
DIOCTANOYLGLYCEROL PYROPHOSPHATE,BIN1
FLUPIRTINE,KCNJ9
CYCLOHEXIMIDE,RPL17
DEXTROAMPHETAMINE SULFATE,OPRM1
FELODIPINE,CYP3A5
DAPHNETIN,ALOX15
DUSIGITUMAB,IGF1
DODECYLPHOSPHATE,BIN1
AZD5438,CDK4
PRU-10,ALDH7A1
GSK-1059615,PIK3R3
GR 127935,TP53
DAMINOZIDE,GFER
DOMIPHEN BROMIDE,RORC
CHEMBL:CHEMBL600336,SMN2
COMPOUND 19A [PMID: 30503936],DPT
CHEMBL:CHEMBL2002487,TP53
CLEMASTINE,HRH1
DALBAVANCIN,PNLIP
KETOCONAZOLE,ABCG2
RECOMBINANT NEUROTROPHIC FACTOR,HMOX1
MISOPROSTOL,SLCO1B1
MOMETASONE,NR3C1
SKF 105854,ABCA4
"(3Z)-N,N-DIMETHYL-2-OXO-3-(4,5,6,7-TETRAHYDRO-1H-INDOL-2-YLMETHYLIDENE)-2,3-DIHYDRO-1H-INDOLE-5-SULFONAMIDE",HBB
FEDOVAPAGON,AVPR2
AMIFAMPRIDINE,CALCA
PINDOLOL,ADRB1
CHEMBL:CHEMBL343002,SMN2
MELPHALAN,MGMT
BENZETHONIUM CHLORIDE,ATXN2
SOTRASTAURIN,PRKAA1
IRINOTECAN HYDROCHLORIDE,ABCC4
[3H]MUSCIMOL,ARRB2
DICHLOROBENZYL ALCOHOL,SCN5A
CALCITRIOL,MYC
ANTIDEPRESSANT AGENT,GAL
CHEMBL:CHEMBL1256191,DRD3
INIPARIB,BRCA2
PD-170292,CCKBR
RIFABUTIN,NR1I2
4-CHLOROMERCURIBENZOIC ACID,CASP1
MG149,GDNF
HYDROCORTISONE BUTYRATE,HSD11B2
TIZANIDINE HYDROCHLORIDE,ADRA2C
METHYLDOPA ANHYDROUS,ADRA2A
CEPHAPIRIN SODIUM,WRN
CYPROTERONE,CYP1A2
AMOXAPINE,KCNH2
DIAZEPAM,CYP2C19
SERTRALINE HYDROCHLORIDE,TH
NPC 17731,BDKRB2
TOMIVOSERTIB,ESRRG
P53/HDM2 INTERACTION INHIBITOR CGM097,TP53
CT-1578,JAK2
CLODRONATE DISODIUM,KMT2A
CAPTAN,KCNH2
DIELDRIN,AR
PYRILAMINE,CYP1A2
FENTANYL CITRATE,SLC9A9
GANGALEOIDIN,VDR
DOXAZOSIN MESYLATE,MTOR
PTD10,EFNB2
[D-TRP8]&GAMMA;-MSH,ANGPT1
DALFAMPRIDINE,KCNA2
BAY-593074,CNR2
NALOXONE HYDROCHLORIDE,CRH
NIFEDIPINE,CYP2C19
RIFAPENTINE,AR
PROPYLTHIOURACIL,GJA1
2-BENZOYL-5-METHOXYBENZOQUINONE,HSD17B10
SOTRASTAURIN,PRKCQ
"3-HYDROXY-3',4'-DIMETHOXYFLAVONE",CYP3A4
LEVOSIMENDAN,TNC
DISULFIRAM,DBH
TOPIRAMATE,GRIA4
CARFILZOMIB,PSMB1
VISILIZUMAB,CTLA4
CAPADENOSON,ADORA1
CORTISTATIN A,CTRB1
INCLISIRAN,PCSK9
LUTEOLIN,ALOX15
ALDESLEUKIN,CD28
ROSUVASTATIN,SCAP
TAS-103,TOP2A
FAMITINIB,FLT4
DYCLONINE,CYP2C9
METHOTREXATE,DOK5
PIROMELATINE,MTNR1B
SURAMIN HEXASODIUM,KMT2A
FLUNARIZINE HYDROCHLORIDE,KCNH2
AEE-788,EGFR
CHEMBL:CHEMBL1275761,NR3C1
PREDNISOLONE,CYBA
TRIHEXYPHENIDYL,ADRB3
TRIMIPRAMINE,CRHR1
PICIBANIL,CD80
CHLORAMPHENICOL,CYP2C19
CHEMBL:CHEMBL184450,ESR1
SPLITOMICIN,CYP1A2
DEXAMETHASONE,PYGL
PACLITAXEL,NRG3
BRYOSTATIN 1,PRKCD
CARFILZOMIB,PSMD12
CYCLOSPORINE,TNF
GLUTETHIMIDE,CYP2D6
LY395756,SLC25A4
TANZISERTIB,CTNS
YL5084,CTNS
COMPOUND 11 [PMID: 26431428],ERBB3
RECOMBINANT LYMPHOTOXIN BETA,CXCL8
CILOSTAZOL,VEGFA
ENALAPRILAT ANHYDROUS,DAPK3
KHK-4083,TNFRSF4
(R)-STU104,ERBB2
YUANHUADINE,MET
SPIROXATRINE,ARSA
ALSTERPAULLONE,IRAK1
MEFENAMIC ACID,NFE2L2
SACITUZUMAB GOVITECAN,UGT1A1
CHEMBL:CHEMBL505670,ATXN2
DOVITINIB,PRKCD
CITRIC ACID,NFE2L2
CHEMBL:CHEMBL533602,GLP1R
ALTEPLASE,BDNF
STANOLONE,RXRA
LORNOXICAM,PTGS2
AZD7624,CTNNB1
TAK-637,AQP3
PENICILLAMINE,STS
TROGLITAZONE,NFE2L2
CHEMBL:CHEMBL600692,NFE2L2
NS-398,ALDH1A1
INK-1117,PIK3CA
PEGCANTRATINIB,NTRK1
DESOXYCORTICOSTERONE ACETATE,NR3C2
COMPOUND 25C [PMID: 36649216],FGB
ENNIATIN B,NFE2L2
TRIADIMENOL,HSP90AA1
LINIFANIB,FLT1
FLUNARIZINE,CACNA1G
DSLET,APOF
ENILURACIL,DPYD
GENISTEIN,NTF3
ZANUBRUTINIB,MYD88
HYDROXYUREA,DNTT
VOLANESORSEN,BCHE
HIMBACINE,AANAT
TOPIRAMATE,GRIA2
BIPERIDEN,AANAT
MIANSERIN,HRH1
PERPHENAZINE,HTR2C
CHEMBL:CHEMBL367966,FAAH
GYKI53784,CYP2C9
RITONAVIR,APOC1
CYPROTERONE,CYP2C9
PARAMETHADIONE,CACNA1G
MILAMELINE,AANAT
EPOETIN ALFA,NFE2L2
PURVALANOL A,CDK4
ORLISTAT,FASN
TIOTROPIUM,AANAT
LAPACHONE,TNF
SEMUSTINE,ALDH1A1
STREPTOZOCIN,HGF
GIVINOSTAT,HDAC1
ALL-TRANS-RETINAL,PPARD
RINETERKIB,NRAS
S33084,HTR2C
PHTHALAZINONE,HSD17B10
"L-162,313",KCNH2
DEXAMETHASONE,VEGFA
CHEMBL:CHEMBL577673,AR
TYROSINE KINASE INHIBITOR,MMP1
RIFAMPIN,CYP3A5
PIVALOYLOXYMETHYLBUTYRATE,HDAC1
TRIMIPRAMINE,CYP2C9
DACTINOMYCIN,GRB2
CHLORHEXIDINE HYDROCHLORIDE,MEN1
AH6809,APOB
5-HYDROXYTRYPTAMINE,ALCAM
BOS172722,CTNNA2
GEMFIBROZIL,LPL
CHEMBL:CHEMBL580421,CYP2D6
THERAPEUTIC GLUCOCORTICOID,CALR
PIVALOYLOXYMETHYLBUTYRATE,HDAC3
DIALLYLDISULFIDE,ALDH1A1
ABBV-744,BRD2
UMECLIDINIUM BROMIDE,AANAT
ORAL CONTRACEPTIVE,BCL2
LAUROGUADINE,PIM1
PHENOXYBENZAMINE,CYP2D6
DICLOXACILLIN,SLC22A8
METHAZOLAMIDE,CA14
KA1010,HDAC4
IZENCITINIB,EPHB1
TRANYLCYPROMINE,MAOA
APAZONE,PTGS1
CP-547632,FYN
N-DESMETHYLTAMOXIFEN,ABCG2
UCM 724,ANK2
DOXORUBICIN HYDROCHLORIDE,PPARD
METHOXYCHLOR,NFE2L2
S26284,ANK2
CPY,BIN1
2F-MT-45,APOF
GUANOSINE-5'-TRIPHOSPHATE,APCS
OD36,RIPK2
LY-510929,BCKDHA
SULFAMETHOXAZOLE,CYP2D6
CATECHOL,RORC
ADL5747,APOF
NEUROPROTECTIVE AGENT,BAX
ICI-199441,APOF
GSK1521498,APOF
GLEMBATUMUMAB VEDOTIN,TUBB4B
BRADYZIDE,BDKRB2
LEVORPHANOL,APOF
HYDROCORTISONE BUTYRATE,CYP3A4
ALDESLEUKIN,MAPK14
RAMUCIRUMAB,ALK
LOVASTATIN,ABCB1
HYDROCODONE,APOF
KF26777,ABAT
MECLOFENAMATE,CPT1B
GIVINOSTAT,GAS1
S 16924,HTR1A
SECOBARBITAL,GRIA2
PROTOXIN II,BBS1
WEDELOLACTONE,RUNX1
ELACRIDAR,ABCG2
PHENYLMERCURIC ACETATE,NFE2L2
FLUNARIZINE,CALM1
METHOTREXATE,BMP7
VEMURAFENIB,FAH
FIPEXIDE HYDROCHLORIDE,NFE2L2
SIROLIMUS,ERBB2
URSOLIC ACID,PTPN1
VANOXERINE,KCNH2
CLOSANTEL,THRB
L689560,CYP2D6
ALBUSOMATROPIN,GHR
CIS/TRANS-ISOEUGENOL,NFE2L2
TILIQUINOL,NFE2L2
GENISTEIN,TJP1
RETINOID X RECEPTOR AGONIST IRX4204,RXRG
RO4929097,NOTCH1
BORTEZOMIB,BCL2
AMILORIDE,KCNJ5
LAPATINIB,MET
ACETYLCHOLINE CHLORIDE,CHRM3
DICHLORPHENAMIDE,CA2
CYCLOTHIAZIDE,SLC12A3
TIMOLOL MALEATE,ADRB1
METOPROLOL TARTRATE,ADRB1
ALOGLIPTIN BENZOATE,DPP4
FK 224,AQP5
PLERIXAFOR,CXCR4
RUXOLITINIB PHOSPHATE,JAK2
RIFAMPIN,SLCO1A2
DROSPIRENONE,PGR
RIFAMYCIN SV,SLCO1B1
DOCETAXEL ANHYDROUS,TUBB4B
DOCETAXEL ANHYDROUS,TUBB4A
GUANFACINE HYDROCHLORIDE,ADRA2A
ADENOSINE,ADORA1
ERGOTAMINE TARTRATE,ADRA1D
RAUWOLFIA SERPENTINA (USP),ADRA2B
VERAPAMIL,CACNA1D
PENBUTOLOL SULFATE,ADRB2
OXPRENOLOL HYDROCHLORIDE,ADRB2
METAPROTERENOL SULFATE,ADRB2
CARFILZOMIB,PSMB8
URIDINE 5'-TRIPHOSPHATE,AIRE
ERYTHROMYCIN LACTOBIONATE,RPSA
TETRACYCLINE,RPSA
BEPRIDIL HYDROCHLORIDE,CACNA1E
BEPRIDIL HYDROCHLORIDE,CACNB3
BEPRIDIL HYDROCHLORIDE,CACNA1G
RILUZOLE,SCN5A
I-287,APOE
METHOTRIMEPRAZINE,DRD2
PANOBINOSTAT LACTATE,HDAC2
PERINDOPRIL ARGININE,ACE
CT-1578,FLT3
GSK-1059615,PIK3R1
ALTIRATINIB,KDR
MLN-0415,IKBKB
RG-7603,MTOR
VS-5584,PIK3CG
XL-228,LCK
LY2969822,GRM2
EVT401,P2RX7
BMS-754807,IGF1R
IDREVLORIDE,SCNN1A
SOFINICLINE,CHRNA4
FOSDAGROCORAT,NR3C1
MIDOSTAURIN,PRKCI
TIGATUZUMAB,TNFRSF10B
TEDISAMIL,KCNH2
TEDISAMIL,KCNA10
ENTINOSTAT,HDAC9
KELIXIMAB,CD4
F16IL2,TNC
MOXISYLYTE,ADRA1A
SITAXENTAN SODIUM,EDNRA
SITAXENTAN SODIUM,EDNRB
T-DM1,ERBB2
AGOMELATINE,MTNR1A
AGOMELATINE,MTNR1B
ALOXIPRIN,PTGS2
RINUCUMAB,PDGFRB
MOROLIMUMAB,RHD
APOLIZUMAB,HLA-DRB4
APOLIZUMAB,HLA-DRB5
AMIFAMPRIDINE,KCNA2
AMIFAMPRIDINE,KCNC4
CEMIPLIMAB-RWLC,PDCD1
EPHEDRINE,ADRA2B
EPHEDRINE,ADRA1D
CYCLOHEXIMIDE,RPS6
TOFIMILAST,PDE4D
CIPROFIBRATE,BCKDHA
PIRINIXIC ACID,BCKDHA
ATALUREN,RPL17
ATALUREN,RPL14
APITOLISIB,F5
PUQUITINIB,F5
BEVASIRANIB,TLR3
BICIFADINE,SLC6A4
GUSACITINIB,JAK2
GUSACITINIB,TYK2
GEDATOLISIB,F5
IZORLISIB,F5
AZD-1236,MMP9
SETMELANOTIDE ACETATE,MC4R
BELVARAFENIB,RAF1
COCAINE HYDROCHLORIDE,SCN5A
EPHEDRINE HYDROCHLORIDE,ADRA1D
BIVATUZUMAB MERTANSINE,TUBB4B
OMBIPEPIMUT-S,WT1
DICLOFENAC ETALHYALURONATE SODIUM,PTGS1
SGI-1776,F9
AZ1366,GNAI2
COAGULATION FACTOR IX RECOMBINANT IMMUNOGLOBULIN G1 FUSION PROTEIN,F9
MITIGLINIDE,KCNJ11
HEPARIN,SERPINC1
PALBOCICLIB,CCND2
RONICICLIB,CCND3
RONICICLIB,CDK4
XL765,PTEN
XL765,PIK3R1
PTHRP-(1-21)/PTH-(22-34) (HUMAN),XIAP
CHAULMOSULFONE,USP2
ALL-TRANS-RETINAL,CXCL8
HOMIDIUM BROMIDE,TNF
MANEB,NFE2L2
CHEMBL:CHEMBL1164975,ALOX12
"[ALA1,12,AIB3,GLN10,HARG11,TRP14,ARG19]PTH-(1-21)-NH2 (HUMAN)",XIAP
DOVITINIB,KIT
GOSSYPOL,DRD1
PRRP-31,APOA4
CETALKONIUM CHLORIDE,AR
GOSSYPOL,ARSA
LECANORIC ACID,CYP3A4
FUSARIC ACID,RUNX1
CHEMBL:CHEMBL405914,GLP1R
DIFENOCONAZOLE,AR
SP-600125,CHEK2
BENZETHONIUM CHLORIDE,RXRA
SB220025,MAP4K4
TIP39-(3-39) (HUMAN/BOVINE),XIAP
CYCLOSPORINE,PPIA
TIP39,XIAP
ELLIPTECINE,NFE2L2
CLARITHROMYCIN,CYP2C9
[TYR34]PTH-(1-34) (HUMAN),XIAP
{4-[3-(4-ACETYL-3-HYDROXY-2-PROPYLPHENOXY)PROPOXY]PHENOXY}ACETIC ACID,NFE2L2
CHEMBL:CHEMBL599100,SMAD3
KEPONE,KCNH2
{4-[3-(4-ACETYL-3-HYDROXY-2-PROPYLPHENOXY)PROPOXY]PHENOXY}ACETIC ACID,PPARA
GUTHION,CYP3A4
PARAROSANILINE,CYP3A4
ENILCONAZOLE,AR
DIETHYLSTILBESTROL,RORC
TRANILAST,NPC1
CHEMBL:CHEMBL591628,ALDH1A1
"LIPOIC ACID, ALPHA",HSD17B10
CLOROPHENE,RXRA
DITHIAZANINE IODIDE,NLRP1
CADMIUM ACETATE,VDR
THIMEROSAL,RXRA
XANTHOANGELOL,ATXN2
CHEMBL:CHEMBL588143,SUMO1
TRIBUTYLCHLOROSTANNANE,AR
CHEMBL:CHEMBL1256740,CYP2C19
DITHIOLETHIONE,ALOX15
APOMORPHINE HYDROCHLORIDE HEMIHYDRATE,MPI
"3,5-DINITROCATECHOL (OR-486)",CYP2C9
CHEMBL:CHEMBL403308,SIRT1
CHEMBL:CHEMBL1622802,SMAD3
CHLORHEXIDINE HYDROCHLORIDE,CYP3A4
GIPARMEN,AR
INDACATEROL,ADRB1
THIMEROSAL,VDR
MESTRANOL,CYP1A2
CURCUMIN,ERBB4
PHENYLMERCURIC ACETATE,KCNH2
CI-966,CYP2C9
CHEMBL:CHEMBL598270,KCNH2
CHEMBL:CHEMBL1367933,GFER
ALPROSTADIL,CYP1A2
CLIOQUINOL,NR3C1
TRYPTANTHRIN,NFE2L2
NAMODENOSON,NFE2L2
OUABAIN,SMAD3
CHLORHEXIDINE HYDROCHLORIDE,MAPK1
MILTIRONE,ABCB1
(S)-AMPA,CYP2D6
STAVUDINE,CYP2D6
LAUROGUADINE,AKT2
MAKALUVAMINE A,TOP2A
PURPUROGALLIN,TNNI3
GOSSYPOL,MAPK1
CYPROTERONE,CYP2C19
QUINESTROL,ATXN2
TORSEMIDE,CYP2D6
PF-03715455,CYP3A4
METHYL ROBUSTONE,TP53
CHEMBL:CHEMBL177809,CYP3A4
CHEMBL:CHEMBL260451,NPC1
SOVESUDIL,CTRB1
2-CHLORO-5-NITRO-N-PHENYLBENZAMIDE,AR
AMITRAZ,NFE2L2
AMOXAPINE,TP53
[33P]RELAXIN (HUMAN),APPL1
HYDROCORTISONE SODIUM PHOSPHATE,AR
OXYBUTYNIN,CYP3A4
OFLOXACIN,CYP3A4
PP2,KDR
INSL3 B CHAIN DIMER ANALOGUE 8,APPL1
LUTEOLIN,ALDH1A1
URSOLIC ACID,HSD11B1
ZOXAZOLAMINE,CYP3A4
PROADIFEN HYDROCHLORIDE,CYP3A4
SULFAQUINOXALINE,AR
KEPONE,CYP3A4
IFENPRODIL,MTOR
CHEMBL:CHEMBL591137,ALDH1A1
CHEMBL:CHEMBL81782,NFE2L2
NADA,ALDH1A1
QUERCETAGETIN,NFKB1
CHEMBL:CHEMBL63329,DRD1
QUINACRINE DIHYDROCHLORIDE,TP53
4-PHENYLENEDIAMINE,NFE2L2
CHEMBL:CHEMBL45349,CYP1A2
CURCUMIN,PTGS2
4-CHLOROMERCURIBENZOIC ACID,CYP2C19
THIOPHANATE METHYL,NFE2L2
CHEMBL:CHEMBL1170485,GLP1R
ALL-TRANS-RETINAL,ALDH1A1
DOXORUBICIN HYDROCHLORIDE,BRCA1
CHEMBL:CHEMBL602740,SMAD3
AT-9283,FCGR3A
ELLIPTECINE,TOP2A
OUABAIN,KLF5
EPIGALLOCATECHIN-3-GALLATE,ALB
1-PHENYLBIGUANIDE,CYP1A2
GLABROL,PPARG
CHEMBL:CHEMBL227298,CYP3A4
PD-0166285,IGF1R
FOLPET,PPARD
HYDROXYZINE,CYP1A2
NVP-TAE684,FYN
CHEMBL:CHEMBL588859,GSK3B
METHYL ROBUSTONE,CYP3A4
OXADIAZON,AR
APOMORPHINE HYDROCHLORIDE HEMIHYDRATE,RUNX1
EPIRUBICIN HYDROCHLORIDE,NFE2L2
PD-0166285,FYN
CHEMBL:CHEMBL1363249,ALDH1A1
"2',4'-DIHYDROXYCHALCONE",VDR
RHEIN,ALOX15
SIDURON,NFE2L2
PRAZOSIN,AR
DOVITINIB,NTRK1
CHEMBL:CHEMBL1910971,PADI4
CHEMBL:CHEMBL582473,TP53
JNJ16259685,SMN2
IRL 2500,CASP7
CASTANOSPERMINE,GAA
SOTRASTAURIN,RPS6KB1
HYPEROSIDE,GAA
CLIOXANIDE,SMAD3
PHENYLMERCURIC ACETATE,HBB
DEFERASIROX,AR
PYRIDOSTIGMINE,CYP2C9
CHEMBL:CHEMBL220845,ALOX15
FLUPHENAZINE HYDROCHLORIDE,CYP2D6
ALL-TRANS-RETINAL,NFE2L2
DROFENINE HYDROCHLORIDE,CYP3A4
CHEMBL:CHEMBL233194,SMN1
CHLORHEXIDINE HYDROCHLORIDE,KMT2A
(R)-NITRENDIPINE,CYP2C19
MLN-8054,SRC
METOPROLOL TARTRATE,NPY1R
TBBT,NFKB1
ABACAVIR,ABCC2
EPINEPHRINE BITARTRATE,HIF1A
CHEMBL:CHEMBL582180,KCNH2
PROPICONAZOLE,HSP90AA1
CHEMBL:CHEMBL527584,MEN1
MEGESTROL ACETATE,AR
CHEMBL:CHEMBL576208,NFE2L2
CHLOROTHALONIL,THRB
CHEMBL:CHEMBL580421,CYP1A2
MLN-8054,FLT4
URSOLIC ACID,AKR1B10
DOVITINIB,IRAK1
KEPONE,RORC
CHEMBL:CHEMBL81782,GFER
THIOPHANATE METHYL,ALDH1A1
GOSSYPOL,CASP1
KEPONE,NR3C1
HEMOPRESSIN,CNR1
HESPERIDIN,HPSE
IDAZOXAN,PPARD
CHEMBL:CHEMBL532849,HSD17B10
CROMOGLYCATE,CYP2D6
DOVITINIB,RPS6KB1
CHEMBL:CHEMBL2002487,NFE2L2
CHLOROQUINE,CYP2D6
CHEMBL:CHEMBL483838,SUMO1
GSK-269962A,PRKCD
CHEMBL:CHEMBL1390716,GLP1R
MELEVODOPA,HSD17B10
NVP-TAE684,PRKAA1
CHEMBL:CHEMBL1386434,ALDH1A1
CHEMBL:CHEMBL590184,HSP90AA1
DIMETHISOQUIN HYDROCHLORIDE,AR
PYRIDABEN,AR
PALINURIN,GSK3B
PD-0166285,FLT1
OCHROMYCINONE,STAT3
CHEMBL:CHEMBL591137,CASP6
SOTRASTAURIN,EGFR
SKIMMIANINE,CYP1A2
TRICLABENDAZOLE,GLP1R
SB 204070,KCNH2
TYRPHOSTIN 47,MAPK1
VINBLASTINE,ABCB1
CHEMBL:CHEMBL1486366,ALDH1A1
DIGITOXIGENIN,GLP1R
CHEMBL:CHEMBL59150,VDR
CGS 21680,ADORA2A
CHEMBL:CHEMBL547407,CYP2C19
CYMOXANIL,NFE2L2
HYMECROMONE METHYL ETHER,HSD17B10
DISULFIRAM,RUNX1
AMITRIPTYLINOXIDE,CYP3A4
PHENOXYBENZAMINE,NFE2L2
CHEMBL:CHEMBL1494650,TP53
CHEMBL:CHEMBL1276446,GSK3B
PHLORETIN,CYP2C19
DIETHYLSTILBESTROL,CYP3A4
CHEMBL:CHEMBL2028050,KCNH2
VANOXERINE,AR
DISULFIRAM,AR
THAPSIGARGIN,HSPA5
SR9011,NR1H3
CHEMBL:CHEMBL535331,FLT3
CHEMBL:CHEMBL589723,KCNH2
MLN-8054,NTRK3
CHEMBL:CHEMBL603154,GLP1R
LUTEOLIN,CYP3A4
CHEMBL:CHEMBL428064,NFE2L2
CP-547632,PDGFRB
CYCLOASPEPTIDE A,NFE2L2
CHEMBL:CHEMBL242385,CYP3A4
PALBOCICLIB,MAP4K5
CHEMBL:CHEMBL596633,KMT2A
TPCK,ALDH1A1
CAPSAZEPINE,CYP3A4
LANSOPRAZOLE SULFIDE,CYP2C9
FIPEXIDE HYDROCHLORIDE,AR
PHLORETIN,CYP3A4
BUNITROLOL,ADRB2
TANESPIMYCIN,HIF1A
CLOSTEBOL,AR
CHEMBL:CHEMBL1256876,DRD3
INGLIFORIB,AR
HYCANTHONE,NFE2L2
QUININE ETHYLCARBONATE,AR
DOVITINIB,ACVR1
PAPAVERINE,CREBBP
DIBUTYLDICHLOROSTANNANE,NR3C1
CLOFIBRIC ACID,CYP2D6
ELLIPTECINE,CYP2C19
DOMIPHEN BROMIDE,KCNH2
CHEMBL:CHEMBL62231,SLC9A1
SOTALOL,ADRB2
CHEMBL:CHEMBL2088730,MAPK3
CHEMBL:CHEMBL2088730,MAPK1
FIPEXIDE HYDROCHLORIDE,CYP3A4
CHEMBL:CHEMBL525826,KCNH2
PROADIFEN HYDROCHLORIDE,ATXN2
PD-0166285,NTRK3
CURCUMIN,PTGS1
ALPHA-NAPHTHOFLAVONE,CYP3A4
FLUORANTHENE,HSD17B10
CALMIDAZOLIUM CHLORIDE,IDE
SPIRONOLACTONE,AR
METHYL ANTHRANILATE,HSD17B10
NICORANDIL,CYP2C9
LUCIDUMOL A,NR1H4
NICORANDIL,CYP2C19
ECHINATIN,PPARG
CHEMBL:CHEMBL184450,AR
VANOXERINE,CYP2C19
NORADRENALINE,HIF1A
PIMOZIDE,XBP1
CHEMBL:CHEMBL238624,CYP2C19
TPCK,CYP2C19
CHEMBL:CHEMBL2182009,KDM1A
ACARBOSE,GAA
PD-0166285,MAP4K4
COUMESTROL,SUMO1
(S)-ALAPROCLATE,CYP1A2
DEXEFAROXAN,CYP2D6
BENZOPHENONE,ALDH1A1
THIORIDAZINE,DRD1
DIETHYLSTILBESTROL,NR1I2
TYRPHOSTIN 47,ALOX12
CILNIDIPINE,AR
CHEMBL:CHEMBL2002487,GAA
VEGFRECINE,FLT1
DOMIPHEN BROMIDE,ALDH1A1
METHYLENE BLUE,TNF
OUABAIN,NR3C1
LACOSAMIDE,CYP2C19
COPANLISIB,PIK3R1
PICTILISIB,PIK3CD
BOC-ATE,FASLG
NITROGLYCERIN,HIF1A
ENDOSTATIN,VEGFC
BIM 23454,FAS
THROMBIN,A2M
PROBENECID,ABCB1
MESTRANOL,AGT
EPOETIN ALFA,AFP
DC 23-60,FASLG
CYCLOSPORINE,AIFM1
H2O2,AGTR1
GENISTEIN,AGTR1
[125I]TYR10-CST14,AQP1
PREDNISONE,APOE
DONEPEZIL,BDNF
[111IN]DOTA-BOC-ATE,AQP2
GP-120 ANTIGEN,BDNF
CURCUMIN,BDNF
DACTINOMYCIN,BDNF
NVP‐TNKS656,HLA-DMA
DITIOCARB,BDNF
RECOMBINANT TRANSFORMING GROWTH FACTOR,BDNF
CELECOXIB,BGLAP
ISOFLAVONE,BGLAP
RESVERATROL,BGLAP
ARGIPRESSIN,BDNF
LENOGRASTIM,BTF3P11
VINORELBINE,BRCA1
AZ1366,HLA-DMB
IL-3,CA2
NIMUSTINE,CDKN1A
IL-12,CDKN1B
CELECOXIB,COL18A1
H2O2,COL18A1
THROMBIN,COL18A1
CYTARABINE,CSF2
ANTISERUM,CUBN
GSK2245035,SARDH
ALENDRONATE SODIUM,CYP19A1
DOXORUBICIN HYDROCHLORIDE,CYP1A1
SULFAMETHOXAZOLE,CYP1A2
BROMOCRIPTINE,CYP1A2
DECITABINE,CYP27B1
NEVIRAPINE,CYP2B6
AMPRENAVIR,CYP3A5
RECOMBINANT INTERFERON,DCN
STREPTOZOCIN,DDIT3
ZALCITABINE,DNTT
CAPECITABINE,DPYD
LITHIUM,DRD2
STREPTOZOCIN,ENO2
HYDROGEN PEROXIDE,F9
ATORVASTATIN CALCIUM TRIHYDRATE,FGF2
ESTRADIOL VALERATE,GAPDH
FADROZOLE,GFAP
RECOMBINANT TRANSFORMING GROWTH FACTOR-BETA 1,GDNF
GP-120 ANTIGEN,GFAP
CAPSAICIN,GFAP
RESVERATROL,GDF15
SOMATROPIN (RECOMBINANT DNA ORIGIN),GHRL
METHYLNITROSOUREA,GGT1
DISULFIRAM,GGT1
GP-120 ANTIGEN,GPX1
ORAL CONTRACEPTIVE,GSR
GOSERELIN ACETATE,GSR
PHENOBARBITAL,GSTA1
GANCICLOVIR,GRM5
CURCUMIN,GSTM1
AMPHOTERICIN B LIPOSOMAL,GSTP1
MELPHALAN,GSTP1
METYROSINE,IL2
CALCITRIOL,IL2
BROMOCRIPTINE,IL2
CEFEPIME,IL2
ANTISERUM,IL2RA
ACETAMINOPHEN,IL2
FLUOROURACIL,IL2RA
PACLITAXEL,IL2RA
PROTEASE INHIBITOR,ITGAX
H2O2,ITGB2
BUTEIN,ITGB2
VISILIZUMAB,ITGB2
ANTIANXIETY AGENT,KCNH2
SODIUM CHLORIDE,ITGB2
ESTRADIOL VALERATE,KCNH2
DOXORUBICIN HYDROCHLORIDE,KRT20
COMPOUND 27F [PMID: 25625617],FGFR4
PROPYLTHIOURACIL,LEP
ATENOLOL,LDLR
GLUCAGON (RDNA),LDLR
ANTIVIRAL AGENT,LDLR
MIRTAZAPINE,LEP
ATORVASTATIN CALCIUM TRIHYDRATE,LIPC
[PEN5]U-(4-11) (HUMAN),UTS2R
REBAMIPIDE,MAPK1
PREDNISONE,MBP
THIOGUANINE,MGMT
LITHIUM,MPO
RESVERATROL,MMP2
GLUTAMINE,MYC
AMIFOSTINE ANHYDROUS,MYC
RECOMBINANT INTERFERON,NFKBIL1
NIMODIPINE,NOS2
"[ALA31,AIB32]NPY (PIG)",ANXA5
HYDROCORTISONE BUTYRATE,NOTCH1
AZATHIOPRINE,NPPA
DOXORUBICIN HYDROCHLORIDE,NQO1
DOXORUBICIN HYDROCHLORIDE,NT5E
IL-3,NRG1
ANTISERUM,NRG1
ANTIESTROGEN,NRG1
ASPIRIN,NRG1
ANTISERUM,PCBD1
SODIUM CHLORIDE,OXTR
ETOPOSIDE,PAPOLA
TRAIL,PIK3CA
GLUCAGON (RDNA),PIK3CG
THERAPEUTIC GONADOTROPIN,PIK3CG
PROGESTIN,PIK3CG
PTHRP,PIK3CG
RECOMBINANT THYROID-STIMULATING HORMONE,PIK3CG
PIROXICAM-BETA-CYCLODEXTRIN,PLA2G2A
EPOETIN ALFA,PLA2G7
PHORBOL 12-MYRISTATE 13-ACETATE,PLD1
THERAPEUTIC GLUCOCORTICOID,SLC2A1
INDINAVIR,SLC2A4
GENISTEIN,SLC2A4
EPINEPHRINE,SLC2A4
ALPHA-ADRENERGIC ANTAGONIST,SLC2A4
THERAPEUTIC HORMONE,SLC2A4
SORBITOL,SLC2A4
ANTIESTROGEN,SMAD3
ATORVASTATIN CALCIUM TRIHYDRATE,SOAT1
ALTEPLASE,SMAD7
GANCICLOVIR,SST
RECOMBINANT NEUROTROPHIC FACTOR,SREBF1
GP-120 ANTIGEN,SST
IL-12,STAT4
SOMATROPIN (RECOMBINANT DNA ORIGIN),STAT5B
RESERPINE,TAC1
THERAPEUTIC GLUCOCORTICOID,TAT
GENISTEIN,TAT
PHENOBARBITAL,TAT
DECITABINE,THBS1
ALPROSTADIL,THBD
DEFEROXAMINE,WT1
THERAPEUTIC GLUCOCORTICOID,XDH
OTERACIL POTASSIUM,XDH
AVAPRITINIB,KIT
AFIMOXIFENE,FGFR1
TROGLITAZONE,XIAP
IMATINIB,XIAP
INDINAVIR,ABCC4
BUPROPION HYDROCHLORIDE,APOE
PLATINUM,STMN1
NABUMETONE,CYP2J2
PROTEASE INHIBITOR,APOC3
OLAPARIB,PALB2
CYCLOSPORINE,SLC19A1
TAMOXIFEN,CYP19A1
IRINOTECAN HYDROCHLORIDE,SLC19A1
SULFASALAZINE,SLC19A1
TAMOXIFEN,SLCO1A2
FOSPHENYTOIN,CYP2C9
THERAPEUTIC CORTICOSTEROID,HDAC1
TOPOTECAN HYDROCHLORIDE,ABCG2
FELODIPINE,ABCG2
SITAMAQUINE,G6PD
NIFEDIPINE,SLC14A2
NIFEDIPINE,CYP3A5
DISULFIRAM,DRD2
AMISULPRIDE,ABCB1
INDINAVIR,ABCB1
FELODIPINE,ABCB1
EPIRUBICIN,IGF2BP2
PEGINTERFERON ALFA-2A,CTLA4
JAK3 INHIBITOR II,ALK
GEMCITABINE,ERCC1
GEFITINIB,NUP62
BILIRUBIN,SOD2
ACETAMINOPHEN,PLA2G4A
SIMVASTATIN,CYBA
FOSPHENYTOIN,HLA-B
ABACAVIR,HLA-DQB1
IXABEPILONE,ESR1
ROPEGINTERFERON ALFA-2B,JAK2
IXABEPILONE,PGR
PEGINTERFERON ALFA-2A,EGFR
URACIL,EGFR
METHOTREXATE,TLR4
LAPATINIB,PGR
VINCRISTINE,UGT1A1
VINCRISTINE,TPMT
VINCRISTINE,MTHFR
FENTANYL CITRATE,CYP2D6
ACETAMINOPHEN,CYP2D6
RITONAVIR,CYP2D6
AZATHIOPRINE,FTO
CYCLOSPORINE,MTHFR
BUPROPION HYDROCHLORIDE,DRD1
OXCARBAZEPINE,HLA-DRB1
MEDROXYPROGESTERONE,CYP3A5
DEFERASIROX,CYP24A1
ROSUVASTATIN,HLA-DRB1
METHOTREXATE,CDK9
METHOTREXATE,HLA-C
LUMASIRAN,AGXT
PAZOPANIB,HDAC2
METHOTREXATE,RBMS3
ABCIXIMAB,ITGA2B
IRINOTECAN HYDROCHLORIDE,TGFBR2
ARIPIPRAZOLE LAUROXIL,MC4R
CLOPIDOGREL,ATP10A
LAPATINIB,PIK3CA
TRIMIPRAMINE,CYP2C19
LEUCOVORIN CALCIUM,MTRR
SIMVASTATIN,F3
PEGINTERFERON ALFA-2B,CXCL10
DEXAMETHASONE,BMP7
METFORMIN,PPARG
ILOPERIDONE,CELF4
PANITUMUMAB,NRG3
LOVASTATIN,CYP3A5
PEGINTERFERON ALFA-2B,HLA-DPA1
GLUCARPIDASE,NTRK1
CARBAMAZEPINE,NR1I3
DIDANOSINE,NT5C2
IRINOTECAN HYDROCHLORIDE,NAT2
BEVACIZUMAB-AWWB,CXCR4
ILOPERIDONE,CNTF
IRINOTECAN HYDROCHLORIDE,PDGFRB
SIMVASTATIN,ABCG8
LUTETIUM LU 177 DOTATATE,SSTR5
TAMIBAROTENE,PML
URACIL,MTRR
OLAPARIB,SF3B1
ANTICONVULSANT AGENT,SOD2
LAPATINIB,ESR1
PIVALOYLOXYMETHYLBUTYRATE,HDAC5
MK0731,KIF11
"INSULIN, REGULAR, HUMAN",INSR
ATAMESTANE,CYP19A1
AVE-1625,CNR1
BAMINERCEPT ALFA,TNFSF14
CLOPIDOGREL,P2RY12
CROFELEMER,CFTR
CTA018,CYP24A1
KB002,CSF2
MILATAXEL,BCL2
RIBOCICLIB,SMARCA4
AMUVATINIB,KIT
AMUVATINIB,PDGFRB
AMUVATINIB,FLT3
PROGESTIN,PGR
NAPROXCINOD,PTGS2
PENTOSTATIN,ADA
SERTINDOLE,HTR2A
DILMAPIMOD,MAPK14
SELICICLIB,CDK9
TOZADENANT,ADORA2A
TELATINIB,FLT4
MTOR KINASE INHIBITOR AZD8055,MTOR
TRANEXAMIC ACID,PLAT
DIAZEPINOMICIN,TSPO
VOLOCIXIMAB,ITGB1
VIPADENANT,ADORA2A
CERULETIDE,CCKAR
COCAINE,DRD3
DIFLORASONE DIACETATE,NR3C1
DIGITOXIN,ATP1A1
ISOFLURANE,ATP2C1
METHYLHOMATROPINE,CHRM2
MIANSERIN,ADRA2A
NIFLUMIC ACID,PLA2G1B
NORGESTIMATE,ESR1
PERGOLIDE,DRD1
TRANYLCYPROMINE,MAOB
TRIDIHEXETHYL,CHRM2
ZUCLOPENTHIXOL,DRD2
GEMCITABINE,SMAD4
DEBRISOQUIN,ADRA1A
ATEZOLIZUMAB,CX3CL1
MELATONIN,MTNR1B
MEXILETINE,SCN5A
NITROPRUSSIDE,NPR1
NITROGLYCERIN,NPR1
PROMETHAZINE HYDROCHLORIDE,CHRM2
YSIL6,IL6
SORAFENIB,EGFR
VUPANORSEN,ANGPTL3
AZD-8186,PIK3CG
PALUPIPRANT,PTGER4
DALANTERCEPT,ALK
ATM INHIBITOR M 3541,ATM
BIRABRESIB,DNER
FF-10501-01,CTLA4
SABATOLIMAB,HAVCR2
ETOPOSIDE,ALK
SELUMETINIB,ALK
SAR425899,GCG
CEP-11981,FLT1
SHP2 INHIBITOR PF-07284892,ALK
METHAZOLAMIDE,INSR
RIMEXOLONE,ESRRA
"INSULIN, REGULAR, PORK",INSR
TRIMEPRAZINE,HRH1
AROFYLLINE,PDE4A
NICARAVEN,PARP1
MPI-0479605,CTNNB1
DYDROGESTERONE,PGR
SB-743921,KIF11
MERCAPTOPURINE,PPAT
LENVATINIB,FGFR1
FENBUFEN,PTGS2
ODM-203,FGFR1
RESERPINE,SLC18A2
METHSCOPOLAMINE,CHRM2
LATIGLUTENASE,PREP
MK-0773,AR
OBATOCLAX,BCL2L1
DUVELISIB,PIK3CG
POLMACOXIB,CA2
LY2828360,CNR2
EG5 KINESIN-RELATED MOTOR PROTEIN INHIBITOR 4SC-205,KIF11
PI3K/BET INHIBITOR LY294002,KIT
ANDROGEN RECEPTOR ANTISENSE OLIGONUCLEOTIDE AZD5312,AR
MECLOFENAMATE SODIUM,PTGS2
IPAMORELIN,GHSR
FF-10101,KIT
MOTESANIB DIPHOSPHATE,KIT
ANTAZOLINE,HRH1
ATRACURIUM,CHRNA4
MIRDAMETINIB,KIT
FEBUXOSTAT,XDH
BIMOSIAMOSE,SELE
LECOZOTAN HYDROCHLORIDE,HTR1A
BUCINDOLOL HYDROCHLORIDE,ADRB2
SB 216641,A2M
SDZ SER-082,HTR2C
CLONIDINE HYDROCHLORIDE,ABCA4
NIGULDIPINE,ABCA4
RISPERIDONE,ABCA4
ALFUZOSIN,ABCA4
[3H]MK-912,AOC1
DEXMEDETOMIDINE HYDROCHLORIDE,AOC1
PRAZOSIN,AOC1
PERINDOPRIL,DAPK3
IMIDAPRILAT,DAPK3
"(R,S)-PHPNECA",ABCA1
CGP42112,ACADS
CIMATEROL,ABO
COMPOUND 13D [PMID: 23639540],DNMT3B
CNX-774,EFNB2
RN486,EFNB2
NG291,BDKRB2
FINGOLIMOD,KMT2A
MET-LYS-BRADYKININ,BDKRB2
COMPOUND 4 [PMID: 25259874],ACACA
TECALCET,ACP5
ISRADIPINE,CACNA1D
MIBEFRADIL,RND3
CCL18,ACTB
YM-355179,ACTB
BSJ-03-123,CDK4
CDK/CRK INHIBITOR,EIF4EBP2
THAL-SNS-032,EIF4EBP2
GALETERONE,CPB2
DSM421,DHODH
PF-592379,ALDH1A1
7-TRANS-OH-PIPAT,ALDH1A1
R-VK4-40,ALDH1A1
PIRIBEDIL,ALDH2
[125I]L750667,ALDH2
SPIPERONE,ALDH1A1
COMPOUND 5B [PMID: 24900464],MARK2
FLUOROURACIL,NRAS
TILARGININE,NOS3
TEMUTERKIB,NRAS
EPZ011989,EZH2
DUBERMATINIB,NRAS
NAZARTINIB,DXO
PD166285,DXO
MS39,DXO
PKI166,DXO
OSI-027,PIK3CA
COMPOUND 19B [PMID: 37058391],HNMT
COMPOUND 8I [PMID: 22765894],DRD1
GSK2334470,PTEN
BLZ945,PTEN
FIMEPINOSTAT,PTEN
SAPANISERTIB,PTEN
&ALPHA;5IA,ARNT
ABT-737,PTEN
PIPERIDINE-4-SULPHONIC ACID,ARNT
RO15-4513,ARNT
MIRDAMETINIB,PTEN
[3H]CGP39653,GRIN2B
"5,7-DICHLOROKYNURENIC ACID",GRIN2B
MARTINOSTAT,MSTN
GIVINOSTAT,MSTN
GIVINOSTAT,HDAC4
PRACINOSTAT,MSTN
SS-208,MSTN
IZORLISIB,PIK3CA
QUISINOSTAT,GAS2
SS-208,GAS1
QUISINOSTAT,GAS1
BETA-ALANINE,ADRA2C
PIP2,ITPR1
CYCLOPHOSPHAMIDE ANHYDROUS,ADH1C
GOLVATINIB,DRD2
AC710,DPT
INDIUM-111,EGFR
SORAFENIB,DPT
ERGTX-1,BAD
PEXIDARTINIB,EPHX2
COMPOUND 39 [PMID: 23623673],LTC4S
DORSOMORPHIN,EPHX2
COMPOUND 6N [PMID: 31419141],BGN
FARNESYL DIPHOSPHATE,BIN1
AZD5991,MCHR1
BIM 23052,FASLG
HEXOCYCLIUM,AANAT
5-HEAT,ANK2
PROMAZINE,DRD1
HS665,APOF
DAMGO,APOF
COMPOUND 3 [PMID: 23134120],APOF
HYDROMORPHONE HYDROCHLORIDE,APOF
ATX-II,BBS1
PHYSALAEMIN,AQP3
"L-703,606",AQP3
MEN10627,AQP4
OSI-027,MTOR
COMPOUND 15A [PMID: 36642961],GIPR
BMS-813160,CCR5
GW7647,BCKDHA
COMPOUND 25 [PMID: 32687365],BCKDHB
GW0742X,BCKDHB
AZD-8186,PIK3CB
ACALISIB,PIK3CB
DUVELISIB,PIK3CB
ACALISIB,F7
TENALISIB,PIK3CB
PP-121,PIK3CB
PIM447,F11
ME0328,FFAR1
PJ34,GNAI2
POSTSTATIN,FXN
MICROCYSTIN-LR,HPX
LY3009120,FAH
BELVARAFENIB,FAH
7-BIA,PTPRD
NANOLUC R3/I5 CHIMERA,APRT
RELAXIN,APPL1
B1-27,APRT
OPHIOBOLIN O,MAPK1
COMPOUND 4 [PMID: 30824200],APRT
CHEMBL:CHEMBL2057864,PPARG
VPC44116,AMY2A
FINGOLIMOD,AMY2A
BOSUTINIB,FCGRT
DEMOTATE 2,FASLG
"L-054,522",FASLG
OCTREOTIDE ACETATE,AQP2
CST-17,AQP1
DEXAMETHASONE,NR3C1
A947,GLO1
COMPOUND 21 [PMID: 34141085],HLA-DMA
BOSUTINIB,FGR
IZENCITINIB,TYK2
AC-7954,UTS2R
ENTACAPONE,COMT
FL104,UTS2R
JNJ-39319202,UTS2R
"[LEU31,PRO34]NPY (PIG)",ANXA5
DUP-697,CYP2C19
SULINDAC,PIK3CA
DUAL IGF-1R/INSR INHIBITOR BMS-754807,IRS2
BEDORADRINE SULFATE,ADRB2
SERIBANTUMAB,NRG1
AFATINIB,ERBB3
ZUCLOPENTHIXOL,DRD1
ALANINE,ABAT
METHOTREXATE,TP53
DABRAFENIB,AKT1
CIXUTUMUMAB,PTPRD
LANREOTIDE ACETATE,SSTR2
LUMINESPIB,ALK
GILTERITINIB,CBL
TRAMETINIB DIMETHYL SULFOXIDE,CTNNB1
CISPLATIN,FGFR1
CRIZOTINIB,KEAP1
SORAFENIB,NRAS
FORETINIB,NRAS
MIRANSERTIB,PIK3CA
AFURESERTIB,PIK3CA
CHEMBL:CHEMBL589258,PTEN
MS417,PTEN
BORUSSERTIB,PTEN
CURCUMIN,WT1
PF-04191834,CREB1
SZUH280,GAS1
SULFATINIB,DRD2
BEKM-1,BAD
METAMIZOLE SODIUM,PTGS1
GOSSYPOL,HSD17B10
ELTROMBOPAG,SLCO1B1
PATISIRAN,TTR
DOXORUBICIN HYDROCHLORIDE,CDKN1B
SOTRASTAURIN,PRKCB
TYRPHOSTIN A25,PIK3CG
(R)-INDOPROFEN,TP53
CLOFARABINE,AR
SIROLIMUS,TSC1
DIFLUPREDNATE,AR
TOMELUKAST,VDR
PALBOCICLIB,MAP4K4
MERCURIC CHLORIDE,ALOX15
NONSTEROIDAL ANTIINFLAMMATORY DRUG,BCL2
FLUNITRAZEPAM,ARNT
GHRP-6,ALOX15
"[ILE5,TRP23]PTHRP-(4-36) (HUMAN)",XIAP
ARIPIPRAZOLE LAUROXIL,HTR1A
ROBALZOTAN,HTR1A
TEMOZOLOMIDE,PIK3CA
AMITIFADINE HYDROCHLORIDE,SLC6A4
OXYMETAZOLINE HYDROCHLORIDE,ADRA1A
COMPOUND 10A [PMID: 31283223],SARDH
KEPONE,AR
IFENPRODIL,DRD1
RECOMBINANT NEUROTROPHIC FACTOR,DDIT3
BAY1125976,PTEN
INSULIN ZINC SUSP SEMISYNTHETIC PURIFIED HUMAN,INSR
BUPROPION HYDROCHLORIDE,SLC18A2
TEMSIROLIMUS,PTPRD
TELAPREVIR,CYP24A1
VITAMIN E,HRAS
ORG 12962,HTR2C
NF-KAPPAB DECOY,NFKB2
SCH772984,NRAS
OBRINDATAMAB,CD276
CX157,MAOA
ANTIDEPRESSANT AGENT,CYP2D6
IP3,ITPR1
ESTRAMUSTINE PHOSPHATE SODIUM,AR
BENZETHONIUM CHLORIDE,NFKB1
RECOMBINANT INTERFERON ALFA,DNTT
"ALUM, POTASSIUM",IL1R1
ALPROSTADIL,CYP2C19
CHEMBL:CHEMBL602158,ALDH1A1
METFORMIN,SLC2A2
MRS1754,ABAT
OLANZAPINE PAMOATE,DRD3
CHEMBL:CHEMBL1567571,MPI
VINCRISTINE,GATA3
PF-4191834,ALOX5
COMPOUND 15B [PMID: 31811124],AMPD1
THIORIDAZINE,HTR2A
BRENTUXIMAB VEDOTIN,TUBB3
DIPYRITHIONE,AR
ZIDOVUDINE,CYP2C19
SRX246,AQP9
OLAPARIB,ATM
DICOFOL,KCNH2
COMPOUND 3 [PMID: 21105727],SLC25A4
DOXORUBICIN HYDROCHLORIDE,RXRA
ALL-TRANS-RETINAL,ESR1
FD6,COL4A1
CHEMBL:CHEMBL606167,CYP2C9
DEFEROXAMINE,NFE2L2
NVP-TAE684,CDK7
TRIMETREXATE,MEN1
NELFINAVIR,TLR4
ASPIRIN,SLC2A4
HALAZONE,NFE2L2
"[111IN,90Y]DOTA-LAN",FASLG
KAEMPHEROL,CYP3A4
PERFOSFAMIDE,GSTP1
GLUCAGON (RDNA),APOA1
CARBAMOYLCHOLINE,CHRM2
IMPLITAPIDE,P4HB
HOOKEROSIDE A,PNLIP
PARAROSANILINE,CYP2D6
INCB13739,HSD11B1
METHSCOPOLAMINE BROMIDE,CHRM3
HYDROCORTISONE PROBUTATE,NR3C1
GSK-356278,PDE4D
SOTRASTAURIN,PIM1
NOBILETIN,CYP3A4
U46619,APOB
DEXAMETHASONE,IGFBP1
DIETHYLDITHIOCARBAMATE,GGT1
ATG002,CHRNA4
CYCLOSPORINE,PIK3CG
ATORVASTATIN CALCIUM TRIHYDRATE,IL2RA
ASPIRIN,FGF2
GREPAFLOXACIN,KCNH2
PANULISIB,PIK3CD
DUSQUETIDE,SQSTM1
ONO-8711,APOC4
COMPOUND 8I [PMID: 22765894],DPT
9-OH-RISPERIDONE,A2M
CHEMBL:CHEMBL184450,ALOX15
"3,5-DINITROCATECHOL (OR-486)",ARSA
ENOXOLONE,CYP2D6
"ESTROGENS, CONJUGATED (USP)",SERPINE1
AMINACRINE,HSD17B10
NIFEDIPINE,HIF1A
ACETAMINOPHEN,CYP2C19
SP-600125,FLT1
GEFITINIB,RELA
CLORGYLINE HYDROCHLORIDE,NFE2L2
FULVESTRANT,ERBB2
DUVELISIB,PIK3CD
BUROSUMAB-TWZA,FGF23
SERINE/THREONINE KINASE INHIBITOR CBP501,CD274
EPHEDRINE HYDROCHLORIDE,ADRB1
INAMRINONE,CYP3A4
PHYTOESTROGEN,LDLR
DIPHENHYDRAMINE,CYP1A2
ROPSACITINIB,TYK2
DEFERASIROX,ABCC2
CCX354,CCR1
COBITOLIMOD SODIUM,TLR9
CARBAMAZEPINE,MTHFR
LOVASTATIN ACID,SLCO1B1
HE3235,AR
"12-HYDROXY-4,4-BISNOR-4,8,11,13-PODOCARPATETRAEN-3-ONE",CYP3A4
COBIMETINIB FUMARATE,MAP2K2
AFIMOXIFENE,ESRRG
ALPROSTADIL,A2M
SP-600125,PIM1
TRICLOCARBAN,SMAD3
SAR407899,ROCK1
CLONIDINE HYDROCHLORIDE,AOC1
AVE-9940,MAPK14
CHEMBL:CHEMBL588804,HSP90AA1
ISOPROTERENOL,ADRA2B
INDINAVIR,CYP1A2
DURVALUMAB,ALK
FLUPHENAZINE HYDROCHLORIDE,DRD1
CDK1 INHIBITOR,EGR4
[3H]MUSCIMOL,ARNT
COMPOUND 1D [PMID: 21493067],PTK2B
MS417,PIK3CA
CHEMBL:CHEMBL1863271,NFE2L2
ROSUVASTATIN,CRP
NM-702,PDE3B
CTCE-9908,CXCR4
TORSEMIDE,CYP2C9
(R)-FLECAINIDE,CYP2D6
BIFEMELANE,CYP3A4
SB-415286,DRD1
HALOPERIDOL DECANOATE,HTR2A
WX-037,PIK3CB
DASIGLUCAGON HYDROCHLORIDE,GCGR
ZELNECIRNON,CCR4
PANOBINOSTAT,KMT2A
SP-600125,CDK5
RECOMBINANT INTERFERON,XDH
CHEMBL:CHEMBL547833,NR4A1
CHEMBL:CHEMBL1902074,ATXN2
AS101,IL1R1
FAMOTIDINE,FGF2
PI-103,F7
CARBOPLATIN,BRCA1
ACYCLOVIR,DNTT
SU11274,MET
LITHIUM,GFAP
RAUWOLFIA SERPENTINA (USP),ADRA1D
ENTINOSTAT,HDAC4
RACECADOTRIL,MME
(-)-U-50488 METHANE SULFONATE,KCNH2
ENZYME INHIBITOR,SMAD3
AMSACRINE,BTF3P11
SPIPERONE HYDROCHLORIDE,KCNH2
SB-408124,CYP1A2
SIFALIMUMAB,IFNA1
SB220025,PIM1
PIROXICAM-BETA-CYCLODEXTRIN,CYP2C9
REGORAFENIB,FGFR1
MRE 2029F20,ABAT
BSJ-03-204,CDK4
PICTILISIB,FGFR1
AMIFOSTINE ANHYDROUS,TGFB1
PENICILLAMINE,GCG
RONOPTERIN,NOS3
CHEMBL:CHEMBL2002487,GFER
ETOPOSIDE,DDIT3
TROGLITAZONE,LEP
PIMOZIDE,MAPK1
THERAPEUTIC HORMONE,TBP
DAROLUTAMIDE,AR
RECOMBINANT INTERLEUKIN-1 RECEPTOR ANTAGONIST,NOS1
CHEMBL:CHEMBL600315,BRCA1
DARIZMETINIB,ERBB3
ZASOCITINIB,TYK2
BUTYRYLHYDROXAMIC ACID,HDAC2
GUANIDINE HYDROCHLORIDE,KCNA5
PANULISIB,PIK3R1
RELAXIN-1,APPL1
CHEMBL:CHEMBL1935538,TUBB4B
URIDINE 5'-TRIPHOSPHATE,APC
LAPACHONE,ANXA5
GOSSYPETIN,RELA
MONGERSEN,SMAD7
TANAPROGET,BDNF
THERAPEUTIC HORMONE,DBI
CANRENONE,AR
ASPIRIN,CXCL8
IPRONIAZID,CYP3A4
ARTESUNATE,NFKB2
U46619,APOC3
CHEMBL:CHEMBL458765,HIF1A
DICLOFENAC SODIUM,PTGS1
OLOKIZUMAB,IL6
EFAPROXIRAL,HBA1
BAY-1125976,AKT1
NOTCH SIGNALING PATHWAY INHIBITOR MK0752,PSEN2
MOMELOTINIB,EPHB1
CYCLOSPORINE,ITGB2
TBO-FILGRASTIM,ERBB2
GENISTEIN,PAEP
CHEMBL:CHEMBL17201,VDR
DOXORUBICIN HYDROCHLORIDE,GSR
EPIRUBICIN,INSR
MITOGUAZONE,MYC
LAPATINIB,HLA-B
JMV3008,ALOX15
VABICASERIN HYDROCHLORIDE,HTR2A
POLATUZUMAB VEDOTIN,TUBB3
TPCK,CYP3A4
CEP-33779,EPHB2
DIPHENYLSULFANE,PPARD
BALSALAZIDE,PTGS1
PACLITAXEL,GSTM1
BMS-817378,MET
DICLOFENAC ETALHYALURONATE SODIUM,PTGS2
GLUCARPIDASE,SLCO1B1
GEMCITABINE,SLC29A1
VANDETANIB,FLT4
LIFIRAFENIB,DXO
TRIADIMEFON,ESR1
LEUCOVORIN CALCIUM,ABCC2
ELDECALCITOL,VDR
PEGINTERFERON ALFA-2A,SLC29A1
CCR5 MAB,CCR5
PEGINTERFERON ALFA-2B,HLA-B
PALIPERIDONE,DRD1
PF-03715455,CYP2C9
FIRSOCOSTAT,ACACB
T-900607,TUBB4A
UDM-001651,APOH
BJP-06-005-3,FOXA3
CX-6258,F9
BRENTUXIMAB VEDOTIN,ALK
TRAMETINIB DIMETHYL SULFOXIDE,PTEN
MIRANSERTIB,PTEN
CHEMBL:CHEMBL194881,AR
IROFULVEN,NFE2L2
CHEMBL:CHEMBL532504,SMAD3
PENCONAZOLE,AR
RETOSIBAN,OXTR
CHEMBL:CHEMBL225513,TP53
TETRODOTOXIN,SCN5A
METHOTREXATE,PYGL
VEGF RECEPTOR TYROSINE KINASE INHIBITOR III,KDR
CAPSAZEPINE,TRPV1
CHEMBL:CHEMBL578719,SMAD3
BETHANIDINE,ADRA2A
NETILMICIN SULFATE,RPSA
TOPIRAMATE,SCN5A
BLEOMYCIN,PLAU
MART-1 ANTIGEN,HMGB1
CAMOTESKIMAB,IL18
ACACETIN,ALOX5
PAPAVERINE,XDH
PLATINUM,GSTP1
CHEMBL:CHEMBL589715,ATXN2
DIFLORASONE DIACETATE,NFE2L2
TOLCAPONE,GPR35
CHEMBL:CHEMBL586031,MAPK1
DAPIPRAZOLE,ADRA1D
TADOCIZUMAB,ITGA2B
CID1792197,ADCY3
TRIMIPRAMINE,DRD1
DISULFIRAM,SLC6A4
BENOXINATE,CYP1A2
BUFOGENIN,AR
CYCLOASPEPTIDE A,GLP1R
AUY922,HSP90AA1
ENMD-981693,FGR
RITANSERIN,HTR2C
2-APB,ATP2A3
IRIGENOL,ALOX15
BERUBICIN HYDROCHLORIDE,TOP2A
SEVOFLURANE,ATP2C1
TAMOXIFEN,IGF1R
ALOE-EMODIN,EPHX2
KAEMPHEROL,HSD17B10
THERAPEUTIC GLUCOCORTICOID,AANAT
NIVOLUMAB,STK11
XL-820,KIT
THALIDOMIDE,CYP2C19
BICALUTAMIDE,AR
CHLORPROTHIXENE,DRD2
ORPHENADRINE CITRATE,HRH1
TRIMIPRAMINE MALEATE,DRD2
OLMESARTAN MEDOXOMIL,AGTR1
LEVODOPA,DRD3
LORCASERIN HYDROCHLORIDE,HTR2C
LOXAPINE HYDROCHLORIDE,HTR2C
METHADONE HYDROCHLORIDE,OPRM1
FENTANYL HYDROCHLORIDE,OPRM1
HYDROCORTAMATE HYDROCHLORIDE,NR3C1
BETAMETHASONE SODIUM PHOSPHATE,NR3C1
NEOSTIGMINE,ACHE
DEXAMETHASONE SODIUM PHOSPHATE,NR3C1
CICLESONIDE,NR3C1
RAMELTEON,MTNR1A
METHOXAMINE HYDROCHLORIDE,ADRA1D
NAPROXEN SODIUM,PTGS1
RAUWOLFIA SERPENTINA (USP),ADRA2C
DILTIAZEM MALATE,CACNA1D
DILTIAZEM HYDROCHLORIDE,CACNA1D
RIVASTIGMINE TARTRATE,ACHE
INAMRINONE LACTATE,PDE3A
TIMOLOL MALEATE,ADRB2
NABILONE,CNR1
GUANIDINE HYDROCHLORIDE,KCNH2
GUANIDINE HYDROCHLORIDE,KCNA3
GUANIDINE HYDROCHLORIDE,KCNB1
ASPIRIN,PDE3B
ASPIRIN,PDE4D
ENMD-981693,FLT3
ENMD-981693,KDR
ENMD-981693,FYN
GSK2849466,AR
4SC-203,FLT3
ILORASERTIB,FLT1
ILORASERTIB,KDR
JTE-151,RORC
ILORASERTIB,FLT4
BMS-817378,KDR
BALAMAPIMOD,MAP2K2
SERABELISIB,PIK3CA
PANULISIB,PIK3R3
IRAMPANEL,GRIA2
DAGROCORAT,NR3C1
EFATUTAZONE HYDROCHLORIDE,PPARG
CP-778875,PPARA
SOTRASTAURIN,PRKCA
PEFICITINIB,JAK2
AMG-337,MET
AFURESERTIB,AKT1
UPROSERTIB,AKT1
SONOLISIB,PIK3R3
AZD2207,CNR1
ANDOLAST,KCNMA1
MIDOSTAURIN,PRKCE
TEDISAMIL,KCNC4
CARDAMOMIN,MAPK9
TEDISAMIL,KCNA7
PEGNIVACOGIN,F9
DALCETRAPIB,CETP
CENEGERMIN-BKBJ,NTRK1
ERDAFITINIB,FGFR1
NERATINIB MALEATE,ERBB4
PF-06263507,TUBB3
TRAZODONE,KCNH2
HARMINE HYDROCHLORIDE,CXCL8
HEXYLRESORCINOL,NFE2L2
CYCLOHEXIMIDE,RPL14
MONTEPLASE,PLG
BALSTILIMAB,PDCD1
FULACIMSTAT,CMA1
ABT-384,HSD11B1
AZD-5423,NR3C1
MK-0557,NPY5R
T-62,ADORA1
ARX-788,TUBB4B
ONZIGOLIDE,SSTR5
OMBRABULIN,TUBB4B
ONGERICIMAB,PCSK9
ARX-788,ERBB2
CHEMBL:CHEMBL184450,HSD17B10
LUTEOLIN,NFKB2
LUTEOLIN,RELA
MERCURIC CHLORIDE,ALOX12
CHEMBL:CHEMBL398765,ALDH1A1
NVP-TAE684,INSR
MEFENAMIC ACID,CYP2C9
IRIGENOL,VDR
(RS)-ROSCOVITINE,CDK9
HOMIDIUM BROMIDE,WRN
PAZOPANIB,ALK
CP-547632,MAPK14
DEPHOSTATIN,ALDH1A1
BUTALBITAL,CHRNA4
LAUROGUADINE,ROCK1
CEFONICID SODIUM,AR
TICRYNAFEN,CYP1A2
DIMETHENAMID,AR
APOMORPHINE HYDROCHLORIDE HEMIHYDRATE,ATXN2
CYCLOBENZAPRINE,KCNH2
DINOSEB,AR
CHEMBL:CHEMBL1519374,MAPK1
CHEMBL:CHEMBL590927,ADRB2
SB-408124,CYP2C9
BUPIRIMATE,AR
3-ISOBUTYL-1-METHYL-7H-XANTHINE,CYP3A4
CYPROTERONE,CYP2D6
SB-408124,CYP2C19
CHEMBL:CHEMBL537087,KCNH2
CHEMBL:CHEMBL505670,SMAD3
CHEMBL:CHEMBL1288013,CYP1A2
SPIRONOLACTONE,PPARG
AG 490,CYP3A4
CHEMBL:CHEMBL1453126,NFE2L2
NINTEDANIB ESYLATE,AKT1
QUINACRINE DIHYDROCHLORIDE,KCNH2
DIFFRACTAIC ACID,GFER
MOFEBUTAZONE,GLP1R
CHEMBL:CHEMBL1288013,CYP3A4
CHEMBL:CHEMBL541585,KCNH2
PEXIDARTINIB,FLT3
CHEMBL:CHEMBL343002,SMN1
CP-547632,MAP4K4
BROTIZOLAM,AR
"2,4-HEXADIENAL",RORC
GR 127935,MTOR
NS-398,PTGS2
ALSTERPAULLONE,SMAD3
THYMOSIN BETA-4,ACTA1
(-)-N-PORPHYNORAPOMORPHINE,VDR
ETOCARLIDE,GNAS
HOMIDIUM BROMIDE,ALOX15
DECYNIUM 22,NFE2L2
ARISTOLACTONE,MAPK1
RIFAMPIN,CYP3A4
CHEMBL:CHEMBL535307,NFE2L2
2-ARACHIDONYL GLYCERYL ETHER,CNR1
TETRADIFON,AR
4-CHLOROMERCURIBENZOIC ACID,CYP2C9
CHLOROQUINE,CYP2C19
CHEMBL:CHEMBL576208,SMAD3
NELFINAVIR,ABCB1
CHEMBL:CHEMBL519155,LPAR3
METHOCARBAMOL,CYP2D6
BENZYL SALICYLATE,KCNH2
PIMOZIDE,RXRA
CHEMBL:CHEMBL533082,SMAD3
ALSTERPAULLONE,NFE2L2
PYRIDABEN,NFE2L2
DIETHYLCARBAMAZINE CITRATE,NFE2L2
IDAZOXAN,MTOR
PP2,ACVR1
HOMIDIUM BROMIDE,ERG
BUFOGENIN,NFE2L2
LOPINAVIR,SMAD3
CARBOSULFAN,AR
CHEMBL:CHEMBL1823787,STS
MIBEFRADIL DIHYDROCHLORIDE,AR
ASPIRIN,CYP2C19
WORTMANNIN,VDR
SB220025,KDR
CHEMBL:CHEMBL601320,NFE2L2
CHEMBL:CHEMBL1091971,ALDH1A1
CHEMBL:CHEMBL544115,DRD3
SOTALOL HYDROCHLORIDE,KCNH2
TYRPHOSTIN 47,NFKB1
DAUNORUBICIN LIPOSOMAL,TOP2A
CHEMBL:CHEMBL512832,CYP2C19
CHEMBL:CHEMBL329673,HSD17B10
CAPTAN,ALDH1A1
VINBURNINE,AR
PYRILAMINE,CYP3A4
YUANHUADINE,EGFR
BETAMETHASONE VALERATE,AR
CUCURBITACIN B,STAT3
DIHYDROSPHINGOSINE,UBE2N
DISULFIRAM,ALDH1A1
TEBUCONAZOLE,CYP3A4
DIPHENYLPYRALINE,CYP2D6
LAUROGUADINE,AKT1
CHEMBL:CHEMBL242385,CYP2C19
TRIFLUMIZOLE,NFE2L2
NS-398,CYP2C19
NS-398,CYP2D6
SP-600125,ERBB4
(RS)-ROSCOVITINE,CDK7
DIBUTYLDICHLOROSTANNANE,RXRA
ANDALUSOL,NFE2L2
CHEMBL:CHEMBL329673,AR
CINACALCET HYDROCHLORIDE,PPARD
AG 490,HSD17B10
PERGOLIDE MESYLATE,ERG
BENZETHONIUM CHLORIDE,AR
CHEMBL:CHEMBL1170485,NFE2L2
MEFENAMIC ACID,CYP1A2
ACACETIN DIACETATE,CYP3A4
GOSSYPOL,USP2
NSC-663284,CASP1
(R)-NITRENDIPINE,CYP3A4
CHLOROTHALONIL,CYP3A4
BROMOENOL LACTONE,ATXN2
PD-0166285,MAPK14
TORSEMIDE,CYP2C19
SP-600125,CYP2D6
SOTALOL,CYP3A4
CHEMBL:CHEMBL600336,SMN1
CHEMBL:CHEMBL70582,NFE2L2
CAPSAZEPINE,CYP1A2
HYCANTHONE,ATXN2
RHEIN,HSD17B10
XYLOMETAZOLINE HYDROCHLORIDE,HTR1A
GERONTOXANTHONE H,ATXN2
CALMIDAZOLIUM CHLORIDE,UBE2N
CHEMBL:CHEMBL329673,ESR1
VANOXERINE,MTOR
SALERMIDE,SIRT2
METHYL PARATHIONE,ALDH1A1
MECAMYLAMINE,CYP3A4
TYRPHOSTIN AG 835,ALOX12
IRISOLIDONE,JUN
TRIPHENYLSTANNANOL,RXRA
HYDROXYZINE,CYP2D6
GLAFENINE,CYP2C9
SOTALOL,CYP2D6
TRICHLORFON,NFE2L2
PIPERACETAZINE,CYP2D6
ASCORBYL PALMITATE,PPARD
TPCK,ATXN2
CHEMBL:CHEMBL598369,KCNH2
TRIPHENYLSTANNANOL,ESR1
DOVITINIB,PDGFRB
METHOXYCHLOR,AR
CHEMBL:CHEMBL1565444,SMAD3
ETHACRIDINE,VDR
GSK-269962A,PKN2
CHEMBL:CHEMBL2028063,KCNH2
GR 127935,CYP2C9
CLIOXANIDE,NFE2L2
CHEMBL:CHEMBL220845,ALDH1A1
CHEMBL:CHEMBL242385,CYP2C9
WORTMANNIN,THRB
PALBOCICLIB,MAP4K2
CHELIDONINE (+),CYP3A4
BUPIRIMATE,NFE2L2
CADMIUM ACETATE,ALDH1A1
CHEMBL:CHEMBL547407,CYP2C9
DIHYDROCAPSAICIN,CYP3A4
DOXORUBICIN HYDROCHLORIDE,ESR1
CHEMBL:CHEMBL578636,NFE2L2
ASPIRIN,HSP90AA1
IDAZOXAN,AR
SELEGILINE,CYP2C9
CHLOROPROCAINE,G6PD
CISPLATIN,TPMT
ESTRADIOL VALERATE,SERPINC1
PICIBANIL,FCGR3A
DOXORUBICIN HYDROCHLORIDE,FCGR3A
SODIUM CHLORIDE,FCGR3A
PROTEASE INHIBITOR,FCGR3A
ANTISERUM,FLT3
NEOVASTAT,FGF2
RECOMBINANT TRANSFORMING GROWTH FACTOR-BETA 1,FLT3
DEXTROMETHORPHAN POLISTIREX,GCG
VITAMIN D,GCG
H2O2,GCLM
METHYLNITROSOUREA,GFAP
RESVERATROL,GSTP1
SODIUM CHLORIDE,HMGB1
VITAMIN D,HMOX1
METHYLNITROSOUREA,HRAS
LITHIUM,HSPA4
SODIUM CHLORIDE,HSPA4
RESVERATROL,HSPB2
RITUXIMAB,HSPB2
METYROSINE,IFNA1
MYCOPHENOLATE MOFETIL,IL15
METHADONE HYDROCHLORIDE,NR3C1
ACYCLOVIR,IL10
CEFACLOR ANHYDROUS,IL1B
"ALUM, POTASSIUM",IL7
HMG-COA REDUCTASE INHIBITOR,IL6
GP-120 ANTIGEN,CXCL8
PENTOSAN POLYSULFATE SODIUM,LIPC
CAPSAICIN,LIF
UBP141,GRIN2B
URACIL,MAPK1
ACETAMINOPHEN,MARK2
PREDNISONE,MC2R
CAPIVASERTIB,AKT1
HYDROCORTISONE BUTYRATE,MMP1
SULFAMETHOXAZOLE,MPO
BIZELESIN,MYC
SULINDAC,MYC
DOXORUBICIN HYDROCHLORIDE,NFE2L2
ATORVASTATIN CALCIUM TRIHYDRATE,NOS1
PREGNANT MARE SERUM GONADOTROPIN,NOS2
ENZYME INHIBITOR,NOS1
BASIC FIBROBLAST GROWTH FACTOR,NR5A1
ESTRADIOL VALERATE,NR3C1
H2O2,NTF3
NALOXONE HYDROCHLORIDE,NTF3
RECOMBINANT INTERFERON,NT5E
RECOMBINANT INTERFERON,NTRK3
LITHIUM,NTRK2
DOXORUBICIN HYDROCHLORIDE,NTRK2
STREPTOZOCIN,PIK3CA
EPINEPHRINE,PIK3CB
UROKINASE,PIK3CB
TROGLITAZONE,PIK3CB
BRAIN-DERIVED NEUROTROPHIC FACTOR,PIK3CG
TYROSINE KINASE INHIBITOR,PLAU
ALDESLEUKIN,PRF1
TYROSINE KINASE INHIBITOR,PRKAA1
STREPTOZOCIN,PREP
STREPTOZOCIN,PTGER4
TROPICAMIDE,ARG1
PHENOBARBITAL,PTH
SACITUZUMAB GOVITECAN,ESR1
LAPATINIB,ABCB11
SULFASALAZINE,MTR
GEFITINIB,SIRT2
DIDANOSINE,XDH
SIMVASTATIN,RHOA
WARFARIN,STX4
TOPIRAMATE,CYP2C19
VINCRISTINE,CYBA
ABACAVIR,LTA
FOSAMPRENAVIR,CYP3A4
PEGINTERFERON ALFA-2B,VDR
COCAINE,CYP3A4
CISAPRIDE,CYP3A4
DESLORATADINE,CYP3A4
SAQUINAVIR,CYP3A4
SULFAMETHOXAZOLE,CYP3A4
REPAGLINIDE,CYP3A4
PEGINTERFERON ALFA-2B,KIR2DS2
METFORMIN,PPARA
LOVASTATIN,PPARA
PHYTOSTEROLS,CYP27A1
VINCRISTINE,SULF2
METHOTREXATE,ENG
METHOTREXATE,CYP2B6
THALIDOMIDE,GSTT1
THALIDOMIDE,NAT2
DROTRECOGIN ALFA,DRD1
PEGINTERFERON ALFA-2B,SOCS3
SIMVASTATIN,HLA-DRB1
AMILORIDE,SCNN1B
PRIMAQUINE,CYB5R4
RIVAROXABAN,CES1
PACLITAXEL,RAF1
NALTREXONE,ALDH2
GLYCEROL PHENYLBUTYRATE,CPS1
HEROIN,BDNF-AS
OBLIMERSEN,BCL2
PAMAPIMOD,CTNNB1
XL999,SRC
DENOSUMAB,TNFRSF11A
AFLIBERCEPT,VEGFA
ANTI-ERBB3 MONOCLONAL ANTIBODY AV-203,EGFR
TUCATINIB,EGFR
LINIFANIB,KIT
SHARK CARTILAGE EXTRACT AE-941,MMP9
JNJ-40411813,GRM2
SHARK CARTILAGE EXTRACT AE-941,VEGFA
LEVONORGESTREL,ESR1
BENAZEPRIL,ACE
EMPAGLIFLOZIN,SLC5A2
BRYOSTATIN,PRKCA
OGLEMILAST,PDE4A
RIGOSERTIB,PIK3CB
CENISERTIB,FLT4
OMIGAPIL,GAPDH
ACETAMINOPHEN,PTGS2
PELAREOREP,HRAS
BETHANIDINE,ADRA1A
CANDOXATRIL,ACE
CLONAZEPAM,TSPO
DROPERIDOL,DRD2
GLIMEPIRIDE,KCNJ1
PHENYLEPHRINE,ADRA1A
ERIBULIN MESYLATE,TUBB4A
MDX-018,CXCL8
ROMILKIMAB,IL4R
MIGALASTAT,HP
MEDI0680,PDCD1
EICOSAPENTAENOIC ACID,COX8A
CHEMBL:CHEMBL591126,CYP1A2
TRYPTAMINE,MAOA
BIMAKALIM,CALCA
FADOLMIDINE,ADRA2C
UK-356202,PLAU
LIDORESTAT,AKR1B1
SPIRAPRIL,ACE
PD-170292,CCKAR
NM-3,VEGFA
MKC-1,CDK2
TERAMEPROCOL,SP1
HYDROCHLOROTHIAZIDE,ACE
OFRANERGENE OBADENOVEC,FAS
COVA322,TNF
CYCLOFENIL,ESR1
FOSFESTROL,ESR1
ALLITINIB,EGFR
GS-9901,PIK3CD
RITOBEGRON,ADRB3
DEZAMIZUMAB,APCS
GW274150,NOS2
LANRAPLENIB,SYK
TELCAGEPANT,CALCRL
CAFFEINE,CYP2C19
ETOPOSIDE,MAPK3
PSB-11,ABAT
MRS1523,ABAT
XANTHINE AMINE CONGENER,ABAT
2-HEXYNYL-NECA,ABCA1
PICLIDENOSON,ABCA1
MRE 2029F20,ABCA1
MRS1754,ABCA1
AZD1390,EEF1B2P2
PHENINDIONE,VKORC1
COMPOUND 19A [PMID: 30503936],AXL
BETAXOLOL,ABO
[125I]ICYP,ACAA1
R-SPONDIN-1,LGR6
HISTIDINE,CA14
METHOCARBAMOL,GAPDH
TRYPTOPHAN,ACP5
KASSININ,AQP5
JWH-133,CNR2
"[125I]DTYR-GLY-[(NLE28,31)CCK-26-33",CCKAR
CARIPRAZINE,ALDH1A1
BP 897,ALDH1A1
PG01037,ALDH1A1
SONEPIPRAZOLE,ALDH2
L741742,ALDH2
QUINPIROLE,ALDH2
MUPADOLIMAB,CCR3
BMS-599626,DXO
BMS-690514,DXO
DINOPROSTONE,APOC1
AH13205,APOC1
U46619,APOC1
TG11-77,APOC1
NEUREGULIN-4,ERBB4
1-CYCLOHEXYL-N-{[1-(4-METHYLPHENYL)-1H-INDOL-3-YL]METHYL}METHANAMINE,BDH1
DEMECLOCYCLINE,NR1I2
SARAFOTOXIN S6B,ALDH1B1
UNC0642,GCNT2
EMRICASAN,CASP1
BRD9539,OPN1MW
UNC0642,OPN1MW
DARIGABAT,ARNT
TETRAHYDRODEOXYCORTICOSTERONE,ARNT
CGP 47656,ALOX5
ABBOTT 14C,ALOX15
BIM 28163,ALOX15
LIVER ENRICHED ANTIMICROBIAL PEPTIDE 2,ALOX15
4‐BCCA,ASS1
CALPEPTIN,VDR
"COMPOUND 2F [JIANG ET AL., 2018]",SLC29A1
"(7S)-2-(2-AMINOPYRIMIDIN-4-YL)-7-(2-FLUOROETHYL)-1,5,6,7-TETRAHYDRO-4H-PYRROLO[3,2-C]PYRIDIN-4-ONE",SLC29A1
PSN632408,ADH1C
OLEOYL-LYSOPHOSPHATIDYLCHOLINE,ADH1C
CTAP,APOF
NALTRIBEN,APOF
RABEPRAZOLE,KDR
BT7480,HLA-DOB
UCM-1306,ALCAM
ATRACURIUM,SERPINC1
LPA,BIN1
[PHE(ME)7]NEUROKININ B,AQP4
SAREDUTANT,AQP3
RP67580,AQP3
COMPOUND 46 [PMID: 25268943],ANXA1
CHEMBL:CHEMBL408563,NPC1
AP4A,APC
MRS2957,AIRE
CYCLIC INSL3 B-CHAIN ANALOGUE 6,APPL1
ABEXINOSTAT,HDAC1
SUNVOZERTINIB,EFNB2
[3H]TAUROCHOLIC ACID,CD44
SC-435,CD44
PD166285,MS4A2
SEGLITIDE,FASLG
NH-3,THRB
CD2+,ARHGAP1
RAMATROBAN,APOC4
CLEMIZOLE,ATP2A3
2-APB,ATP2A2
GSK1702934A,ATP2A2
HEXYLCAINE HYDROCHLORIDE,SCN5A
HC067047,TRPV4
BOSUTINIB,FGF1
SJ988497,TYK2
MIFEPRISTONE,GNAS
[VAL4]AVP,AQP9
LS-192629,AQP9
D[D-PHE2]AVP,AR
ARGIPRESTOCIN,AR
[125I]3-N3-PHPA-LVA,AQP9
D[LEU4]LVP,AR
D[D-PHE2]AVP,ABCC6
"D(CH2)5[D-TYR(ET)2,VAL4,TYR-NH29]AVP",ABCC6
"[3H]DESGLY-NH2[D-ILE2,ILE4]VP",ABCC6
THIOGUANINE,NT5C2
ONDANSETRON HYDROCHLORIDE,PPY
RITUXIMAB,AKT2
RAPALINK-1,MTOR
DOCETAXEL ANHYDROUS,IGF2
LEUPROLIDE ACETATE,AR
CABAZITAXEL,IGF2
METHOTREXATE,SLCO1B1
ALPELISIB,SGK1
ZOLEDRONIC ACID ANHYDROUS,ERBB2
DEXAMETHASONE,CDK4
TYRPHOSTIN AG 1295,FLT3
CISPLATIN,ALK
NICLOSAMIDE,APC
ATR INHIBITOR ART0380,ATM
AZD6482,ATM
PERINDOPRILAT,DAPK3
BUTYRIC ACID,GAS1
REFAMETINIB,MAP2K2
ERGOTAMINE TARTRATE,ADRA2B
CHRYSIN DIMETHYL ETHER,BRCA1
PROPYLTHIOURACIL,PRKAB1
MRS1523,DRD1
4P-PDOT,ANK2
DAUNORUBICIN HYDROCHLORIDE,ESR1
ACACETIN,CYP2D6
CHEMBL:CHEMBL154580,HSD17B10
CHEMBL:CHEMBL1397308,TP53
LXH254,RAF1
DEPHOSTATIN,THRB
ALSTERPAULLONE,CDK2
PELITINIB,ERBB2
FADOLMIDINE,ADRA2A
PF-956980,EPHB1
IOX1,GFPT1
"(3Z)-N,N-DIMETHYL-2-OXO-3-(4,5,6,7-TETRAHYDRO-1H-INDOL-2-YLMETHYLIDENE)-2,3-DIHYDRO-1H-INDOLE-5-SULFONAMIDE",MS4A2
RECILISIB,PIK3R1
NIRAPARIB,BRCA1
ERGOTAMINE TARTRATE,ADRA2A
ALSTERPAULLONE,MAP4K5
CHEMBL:CHEMBL606167,CYP2C19
ALSTERPAULLONE,MAP4K2
CHLOROTHALONIL,AR
GOSSYPOL,ATXN2
SONOLISIB,PIK3CA
BASIC FIBROBLAST GROWTH FACTOR,SLC2A1
TISOTUMAB VEDOTIN-TFTV,F3
CHEMBL:CHEMBL1256364,NPC1
THEONELLASTEROL B,NR1H4
BIOCHANIN A,SMN2
RG-7160,EGFR
CHEMBL:CHEMBL428064,SMAD3
URACIL,SMAD7
REPAGLINIDE,NOS1AP
MRS1191,ABCA1
S33084,ALDH1A1
DEXAMETHASONE,KDR
PANOBINOSTAT LACTATE,HDAC9
BIMIRALISIB,F7
ACETAZOLAMIDE SODIUM,CA2
PYRACLOSTROBIN,RXRA
THIOTHIXENE,ATXN2
DACLIZUMAB,IL2RB
THERAPEUTIC HORMONE,DDIT3
ARFORMOTEROL,UGT1A1
IRINOTECAN HYDROCHLORIDE,ALK
O-F-AMIDINE,PADI4
BUSERELIN ACETATE,MUC16
GENISTEIN,TG
COMPOUND 25 [PMID: 17935989],FCN2
ATRANORIN,CYP3A4
CGP 20712A,ACAA1
XL-228,IGF1R
TYRPHOSTIN 47,ALOX15
CHEMBL:CHEMBL287689,HIF1A
ALX40-4C,ACADSB
ASNUCICLIB,EGR4
TRANILAST,ARSA
LEVONORDEFRIN,ADRA2C
INDINAVIR,CYP3A4
LEVAMISOLE,GSTP1
VU0810464,ASIP
PALBINONE,GSK3B
SULFATINIB,CD274
IL-27 SUBUNIT &ALPHA;,TP53
EPITINIB,EGFR
PANULISIB,PIK3CG
PICTILISIB,PIK3C2G
PROSTAGLANDIN D2,PPARD
OPIATE,GRM2
BENZODIAZEPINE,NOS2
LINSIDOMINE,HSD17B10
PERHEXILINE,CYP2D6
GERONTOXANTHONE H,SMAD3
DABIGATRAN,HYOU1
ALENDRONATE SODIUM,VDR
SP-600125,NTRK2
PACLITAXEL,SOD2
BIVALENT BRD4 INHIBITOR AZD5153,NRAS
COMPOUND 17 [PMID: 23916253],ERAP2
WORTMANNIN,PIK3CB
ISTIRATUMAB,IGF1R
COMPOUND 8I [PMID: 22765894],AXL
IBREXAFUNGERP,GSC
APETX-1,BAD
2-CHLORO-5-NITRO-N-PHENYLBENZAMIDE,AHR
LESTAURTINIB,MTOR
IRINOTECAN HYDROCHLORIDE,UGT1A
SR9009,BCL2
PRL-2915,AQP1
LERCANIDIPINE HYDROCHLORIDE,AR
NVP-TAE684,ACVR1
DEXRAZOXANE,TOP2A
CYTARABINE,IL1B
DIGOXIN,VIP
S-ADENOSYLMETHIONINE,TPMT
CHEMBL:CHEMBL604528,NFE2L2
VANUCIZUMAB,VEGFA
NVP-TAE 226,ACSL1
QUERCETIN,BAX
ERGOTAMINE TARTRATE,ADRA1A
IMIDAPRIL,AGT
OCTREOTIDE ACETATE,FASLG
TRAMETINIB DIMETHYL SULFOXIDE,APC
ANX-042,NPR3
CHEMBL:CHEMBL244707,CYP2D6
AMLEXANOX,AR
HUMAN CHORIONIC GONADOTROPIN,LIPE
MEVIDALEN,DRD1
ASPIRIN,THRB
PALBOCICLIB,CDK9
ORYZALIN,NFE2L2
OXALIPLATIN,CXCL10
DEXEFAROXAN,CHRNA4
STAVUDINE,CYP1A2
NIFEDIPINE,ADRA1A
TETRAIDOFLUORESCEIN,THRB
PL017,APOF
METOCHALCONE,ABCB1
CHEMBL:CHEMBL265715,HSD17B10
REGORAFENIB,NTRK1
"PAROXETINE HYDROCHLORIDE, HEMIHYDRATE",MTOR
CYC-116,CYP2C9
SB 216763,DRD1
CHEMBL:CHEMBL592106,ALDH1A1
ABAMECTIN,RXRA
EPOETIN ALFA,MAPK14
CHEMBL:CHEMBL579045,ATXN2
EG5 KINESIN-RELATED MOTOR PROTEIN INHIBITOR 4SC-205,NRAS
TECADENOSON,SLC29A1
CHEMBL:CHEMBL1520346,TLR9
URMC-099,FCGR1A
ATAGABALIN,CACNA1C
1-NAPHTHOL,NFE2L2
RECOMBINANT INTERFERON,MYC
C-1311,FLT3
DONEPEZIL,APOE
RECOMBINANT INTERFERON ALFA,EPO
HYDROCORTISONE BUTYRATE,NR3C2
DOXORUBICIN HYDROCHLORIDE,TGFB1
AZELASTINE HYDROCHLORIDE,HRH1
CHEMBL:CHEMBL582081,HSD17B10
DAUNORUBICIN HYDROCHLORIDE,KMT2A
TICARCILLIN,CSF2
CISAPRIDE,BAD
RIFAMPIN,CYP1A2
DIRLOTAPIDE,CYP3A4
PAZOPANIB,MET
C5A,NT5E
PIROXICAM-BETA-CYCLODEXTRIN,CYP2C19
SAPPANONE A 7-METHYL ETHER,CYP3A4
CHEMBL:CHEMBL505670,VDR
[125I]U-II (HUMAN),UTS2R
PHENELZINE SULFATE,MAOA
METHACYCLINE HYDROCHLORIDE,RPSA
PTHRP,PIK3CA
MLN-3897,ACTA1
SPIPERONE,SERPINA3
OFATUMUMAB,GATM
CRIZOTINIB,TP53
BROMFENAC SODIUM,PTGS2
GSK-264220A,GALNT3
ENOXOLONE,CYP2C9
IL-12,ERBB2
VORINOSTAT,MYC
ILORASERTIB,PDGFRB
CD2+,BTC
6-PRENYLNARINGENIN,ATP6V0A1
RITUXIMAB,JAK2
MEDROXYPROGESTERONE,ESR1
ACETAMINOPHEN,TRPV1
LAPATINIB,HLA-DQA1
QUININE,G6PD
PF-670462,DXO
CHEMBL:CHEMBL405317,TP53
DIALLYLDISULFIDE,VDR
SIMVASTATIN,HLA-G
PIRIBEDIL,CYP2C19
ALPRAZOLAM,ARNT
METHOTREXATE,FGFR4
REMOXIPRIDE,CYP1A2
GSK-1059615,PIK3CA
NAVTEMADLIN,NR1I2
GONADOTROPIN-RELEASING HORMONE ANALOG,CYP19A1
GR148672X,GALT
VACCINIA VACCINE,CALR
PROGESTIN,CDKN1B
COMPOUND 7K [PMID: 23521020],DPT
4&ALPHA;-PDD,TRPV4
COMPOUND 30 [PMID: 17280833],EPHX2
BRILLIANT GREEN OXALATE,CYP2C19
CHEMBL:CHEMBL195350,MTOR
LANSOPRAZOLE SULFIDE,CYP1A2
CAFFEINE,IL2RA
EPOETIN ALFA,GSTT1
CHEMBL:CHEMBL590947,KCNH2
PASIREOTIDE PAMOATE,SSTR1
ADROPIN,ACVR1
CYTARABINE,FCGR3A
NIRAPARIB,BRCA2
CHEMBL:CHEMBL603024,THRB
GOSSYPOL,HSPA4
4-CHLOROMERCURIBENZOIC ACID,HSD17B10
PENBUTOLOL SULFATE,ADRB1
CAFFEINE,CYP2D6
CI-966,CD14
ESTROPIPATE,SLCO1A2
CCG-63802,GP1BA
PIRIBEDIL,CYP3A4
ESTRAMUSTINE,VDR
CHEMBL:CHEMBL578944,ATXN2
PHORBOL 12-MYRISTATE 13-ACETATE,ANXA1
DILPACIMAB,VEGFA
BROXURIDINE,CXCL8
MERESTINIB,MET
[19F]-HALOPERIDOL,ALB
NIMESULIDE,CYP1A2
GANGALEOIDIN,CYP3A4
PACLITAXEL,SLC29A1
CNS-5161,GRIN2B
AGS-16C3F,TUBB4A
ECONAZOLE NITRATE,CYP3A4
ENSIFENTRINE,PDE4A
ZOLEDRONIC ACID ANHYDROUS,SPP1
GENISTEIN,BGLAP
MLN-8054,CHEK2
FULVESTRANT,CCNE1
CHEMBL:CHEMBL531269,ERAP1
TPCK,NFE2L2
DAUNORUBICIN HYDROCHLORIDE,HSP90AA1
MBX-8025,PPARD
RISPERIDONE,TNF
RACEPINEPHRINE,AOC1
APRATASTAT,DBP
CHEMBL:CHEMBL571228,NPC1
HYDROXYZINE,CYP3A4
ILAPRAZOLE,ATP4A
PIMOZIDE,CYP2C19
MECLIZINE HYDROCHLORIDE,HRH1
THIOGUANINE,AR
AME-527,TNF
HEXAMETHYLENEBISACETAMIDE,HMGB1
PHENAZOPYRIDINE HYDROCHLORIDE,SCN5A
CHEMBL:CHEMBL70582,SMN1
4'-METHOXYFLAVONE,HSD17B10
ETOPOSIDE,IGF2
4-HYDROXYCYCLOPHOSPHAMIDE,CYP2C9
PERICIAZINE,AR
WX-037,PIK3CG
CHEMBL:CHEMBL601618,ALDH1A1
MELATONIN,GCLM
ADEFOVIR,OCA2
RECOMBINANT INTERFERON,MGMT
BENDROFLUMETHIAZIDE,SLC12A3
METHYLTESTOSTERONE,NOS1
PLASMINOGEN,FGA
HALOPEMIDE,PLD1
(R)-FELODIPINE,CYP3A4
INSULIN DETEMIR,INSR
BUTAPROST (FREE ACID FORM),APOB
CIGLITAZONE,PPARD
PG-102,CD40
SB 206553,HTR2C
VORTIOXETINE HYDROBROMIDE,NAT2
ALBUMIN HUMAN-KJDA,ALB
N-AMINOHEXYL-5-CHLORO-1-NAPTHALENESULFONAMIDE HYDROCHLORIDE,KCNH2
ANIRACETAM,CYP2C9
"16,16-DIMETHYL-PGE2",PTGER4
FIPI,PLD1
TAUROLITHOCHOLIC ACID-3-SULPHATE,GPBAR1
DISOPYRAMIDE,CYP2D6
CHEMBL:CHEMBL483302,ENPP2
CHEMBL:CHEMBL528807,TP53
MITOXANTRONE,NFKB1
DEXKETOPROFEN,PTGS2
CARBAMAZEPINE,HSPA1L
PIMARIC ACID,CYP2C9
DOBUTAMINE,DRD1
CEP-11981,TEK
PI-103,MTOR
SKIMMIANINE,CYP2C19
NOLASIBAN,OXTR
AFAMELANOTIDE,ANGPT2
THERAPEUTIC GLUCOCORTICOID,IFNG
FRENTIZOLE,NFKB1
HYDROXYUREA,CYP3A4
1-PHENYLBIGUANIDE,CYP2C19
AMG-548,MAPK14
PLOVAMER ACETATE,HLA-DRB1
K-134,PDE3A
DOVITINIB,AXL
MESOTRIONE,RXRA
EMETINE HYDROCHLORIDE,KMT2A
LARGAZOLE,HDAC4
PI-103,F5
ACETOCHLOR,CYP3A4
FLUVOXAMINE,SLC6A4
CARBETAPENTANE CITRATE,PLIN1
NEVIRAPINE,ADIPOQ
TRIMIPRAMINE,EPHX1
INTERFERON ALFA-2B,IFNA2
DIURETIC,KCNE1
DEOXYCYTIDINE,CDKN1A
ISIS-2503,HRAS
ENPROSTIL,APOC2
FENTANYL CITRATE,ARRB2
TAMOXIFEN,CYP1A2
URSODIOL,E2F1
ABEMACICLIB,CDK6
OLAPARIB,HDAC2
PRONETALOL,ADRB2
AFATINIB,NRG1
DIPHENHYDRAMINE HYDROCHLORIDE,HRH1
VARDENAFIL HYDROCHLORIDE TRIHYDRATE,PDE5A
AXT914,ACP5
CONIVAPTAN HYDROCHLORIDE,AVPR1A
INSULIN PURIFIED BEEF,INSR
CORTICOTROPIN-ZINC HYDROXIDE,MC2R
JAK3 INHIBITOR II,DXO
MEPREDNISONE,NR3C1
ROSUVASTATIN,HMGCR
TRIMIPRAMINE MALEATE,ADRA1D
OCTREOTIDE ACETATE,SSTR3
NATEGLINIDE,ABCC8
VERAPAMIL,CACNA1C
LIOTHYRONINE SODIUM,THRB
LEVALBUTEROL TARTRATE,ADRB2
OXYTETRACYCLINE CALCIUM,RPSA
KANAMYCIN SULFATE,RPSA
TROLEANDOMYCIN,RPSA
GUANIDINE HYDROCHLORIDE,KCNC4
PEGINTERFERON BETA-1A,IFNAR1
SECUKINUMAB,IL17A
ENMD-981693,FGFR1
ENMD-981693,SRC
AZD3514,AR
ILORASERTIB,FGR
ILORASERTIB,FYN
AMG-319,PIK3CD
AZD5438,CDK5
PWT-33579,PIK3CA
MIVAVOTINIB CITRATE,SYK
SOTRASTAURIN,PRKCI
INECALCITOL,VDR
AEE-788,KDR
UPROSERTIB,AKT2
R-333,SYK
XL-820,PDGFRB
XL-820,KDR
TEDATIOXETINE,HTR2A
VABICASERIN HYDROCHLORIDE,HTR2C
TEDATIOXETINE,HTR2C
DECOGLURANT,GRM2
AZD5672,CCR5
OLCEGEPANT,CALCRL
ATAGABALIN,CACNB3
K-877,PPARA
IMIGLITAZAR,PPARG
TEDISAMIL,KCNQ1
TEDISAMIL,KCNA3
AZACITIDINE,TP53
TELBERMIN,FLT1
ENTINOSTAT,HDAC2
EFAPROXIRAL,HBB
HYDROCORTISONE SODIUM SUCCINATE,NFE2L2
SOTAGLIFLOZIN,SLC5A2
GEFITINIB,PRKD2
ONERCEPT,TNF
ZONAMPANEL,GRIA4
TENATUMOMAB,TNC
DESONIDE,NR3C1
BENDAZAC,XDH
BUTAMBEN PICRATE,TRPV4
MEDI-8968,IL1R1
SIFALIMUMAB,IFNA13
EPOPROSTENOL,APOC3
METHACHOLINE CHLORIDE,CHRM2
TAREXTUMAB,NOTCH3
LIPIDYL PSEUDOPTERANE A,PTPN1
FOSTAMATINIB DISODIUM,SYK
POLATUZUMAB VEDOTIN,TUBB4A
NERATINIB,ERBB4
APABETALONE,BRD2
DIETHYLSTILBESTROL,TP53
BLONANSERIN,DRD3
DELGOCITINIB,JAK2
CYCLOHEXIMIDE,RPS19
PF-06459988,EGFR
PAMITEPLASE,PLG
DANUGLIPRON,GLP1R
IMSIDOLIMAB,IL1RAP
PCI-27483,F7
ATALUREN,RPL29
FIANLIMAB,LAG3
ABICIPAR PEGOL,VEGFA
ML221,ACADSB
RUSERONTINIB,FLT3
IRUPLINALKIB,ALK
GC1118,EGFR
TRILACICLIB DIHYDROCHLORIDE,CDK4
LONAPEGSOMATROPIN,GHR
PEGAPTANIB OCTASODIUM,VEGFA
VALTORCITABINE,OCA2
COLCHICINE,JUN
QUINUPRISTIN/DALFOPRISTIN,RPSA
PRIMAQUINE,CYP1A2
GW-406381,PTGS2
EPHEDRINE HYDROCHLORIDE,ADRA2A
LORVOTUZUMAB MERTANSINE,TUBB4B
MOSUNETUZUMAB,MS4A1
NS-2359,SLC6A4
CANTUZUMAB MERTANSINE,TUBB4A
BACLOFEN,NFE2L2
OXATOMIDE,HRH1
OMBRABULIN,TUBB4A
CHEMBL:CHEMBL529640,KCNH2
CHEMBL:CHEMBL260451,NR0B1
SB 216763,KCNH2
ELLIPTECINE,DRD1
CHEMBL:CHEMBL592124,ALOX15
CHEMBL:CHEMBL1367933,MEN1
LAUROGUADINE,PRKCZ
CHEMBL:CHEMBL1367933,KMT2A
MERCURIC CHLORIDE,TP53
CIGLITAZONE,PPARG
CHEMBL:CHEMBL81782,AR
ACACETIN,CDK9
SB-415286,HSD17B10
CHEMBL:CHEMBL607309,GLP1R
CHEMBL:CHEMBL600908,ATXN2
PHENYLEPHRINE HYDROCHLORIDE,ADRB2
CHEMBL:CHEMBL585243,KCNH2
PERHEXILINE MALEATE,NLRP1
CHEMBL:CHEMBL1170485,JAK2
BROMOCHLOROACETIC ACID,NFE2L2
DOVITINIB,JAK2
H-89,ALDH1A1
ALPROSTADIL,CYP3A4
PROGLUMETACIN,PPARD
DICLOFENAC SODIUM,HIF1A
PALMATINE CHLORIDE HYDRATE,AR
WORTMANNIN,HSP90AA1
CHEMBL:CHEMBL582478,KMT2A
CHEMBL:CHEMBL581574,MAPK1
CHEMBL:CHEMBL599100,GLP1R
GLAFENINE,CYP3A4
HYCANTHONE,AR
YUANHUADINE,MAPK3
YUANHUADINE,MAPK1
SCH 58261,HSD17B10
ALSTERPAULLONE,SRC
HOMIDIUM BROMIDE,GLP1R
BENAZEPRIL HYDROCHLORIDE,AR
OMEGA-CHLOROACETOPHENONE,NFE2L2
SOTRASTAURIN,MAP4K4
SOTRASTAURIN,AKT1
CHEMBL:CHEMBL458094,ATXN2
THONZONIUM BROMIDE,HSP90AA1
DISULFIRAM,CYP2C9
PROPOXYCAINE,CYP1A2
PHENYLMERCURIC ACETATE,MAPK1
CHEMBL:CHEMBL362223,HSD17B10
QUINACRINE DIHYDROCHLORIDE,HBB
MERSALYL,VDR
RX821002,ADRA2A
CHEMBL:CHEMBL19954,SMAD3
REL-CISAPRIDE,CYP2C19
4'-METHOXYFLAVONE,SMN1
CHEMBL:CHEMBL1701911,GLO1
CHEMBL:CHEMBL184450,NR1H4
CHEMBL:CHEMBL585030,FASN
CLOROPHENE,NFE2L2
LEFLUNOMIDE,CYP3A4
CHEMBL:CHEMBL453797,ALOX15
FLUDARABINE,NFE2L2
SOTRASTAURIN,RPS6KA3
METHYLDOPA (RACEMIC),ALDH1A1
CHEMBL:CHEMBL601616,CYP1A2
CHEMBL:CHEMBL375673,HPSE
FOLPET,AR
BUFOTENINE,HSPB1
KAVAIN,ALDH1A1
NVP-TAE684,CDK5
PARAROSANILINE,ATXN2
PD-0166285,MAP4K2
AMITRIPTYLINOXIDE,CYP2C19
DOVITINIB,SIK2
CHEMBL:CHEMBL19954,NFE2L2
CHEMBL:CHEMBL600908,NFE2L2
CHEMBL:CHEMBL600334,NFE2L2
CHEMBL:CHEMBL242171,CYP2C9
CHEMBL:CHEMBL233194,TP53
METHYL PARATHIONE,THRB
ARTESUNATE,NFKB1
ELLIPTECINE,CYP2D6
METHYL ROBUSTONE,SMN2
CHEMBL:CHEMBL63329,NFKB1
ISOPROPAMIDE,CYP2D6
CHEMBL:CHEMBL585408,GNAS
SHINPTEROCARPIN,PPARG
CP-547632,BLK
SP-600125,MAPK1
CHEMBL:CHEMBL458765,CYP1A2
HOLACANTHONE,JUN
CHEMBL:CHEMBL584860,CYP2C19
URSOLIC ACID,HDAC5
VANOXERINE,NFE2L2
THONZONIUM BROMIDE,AR
WHILE OLIVETOL,CYP3A4
CHLORBROMURON,AR
N-HISTIDYL-2-AMINONAPHTHALENE (BETANA),CYP3A4
ETHOFUMESATE,AR
SELEGILINE,CYP2D6
GR 89696,CYP2C19
CHEMBL:CHEMBL585622,WRN
CHEMBL:CHEMBL1834951,PPARG
PURPUROGALLIN,CDK5
PURPUROGALLIN,CDK5R1
CHEMBL:CHEMBL598903,NFE2L2
DYCLONINE,VDR
CHEMBL:CHEMBL1256364,CYP1A2
KEPONE,PPARG
METHYLENE BLUE,AR
BUTYRYLHYDROXAMIC ACID,HDAC4
4-PHENYLBUTYRIC ACID,HDAC5
THIABENDAZOLE,SMN1
SP-600125,DAPK3
CHEMBL:CHEMBL362223,CYP2C9
CLOFOCTOL,CYP3A4
UNGEREMINE,TOP2A
CHEMBL:CHEMBL581929,NPC1
METHOPRENE,NFE2L2
PYRANTEL PAMOATE,VDR
SINEFUNGIN,SETD7
VINBLASTINE,TUBB4A
ECONAZOLE NITRATE,TP53
PECTOLINARIGENIN,NFKB2
CHEMBL:CHEMBL536375,ATXN2
FENDILINE HYDROCHLORIDE,ATXN2
TORSEMIDE,CYP3A4
NISOXETINE HYDROCHLORIDE,KCNH2
SU11274,MAPK14
DISULFIRAM,PPARD
CHEMBL:CHEMBL1288013,CYP2C19
CHEMBL:CHEMBL2333543,MAPK3
PHENOXYBENZAMINE,CYP3A4
ALAPROCLATE HYDROCHLORIDE,NLRP3
OFLOXACIN,HSD17B10
LANSOPRAZOLE,ALOX15
THIMEROSAL,MAPK1
CHEMBL:CHEMBL505670,GNAS
DEBRISOQUIN SULFATE,NFE2L2
DIFLUFENICAN,MEN1
CHEMBL:CHEMBL494668,WRN
BW723C86,ATXN2
SOTRASTAURIN,MAP4K5
CHEMBL:CHEMBL601110,CYP2C9
PHENYLMERCURIC ACETATE,ESR1
SB-415286,CDK5R1
N-AMINOHEXYL-5-CHLORO-1-NAPTHALENESULFONAMIDE HYDROCHLORIDE,ATXN2
MERCURIC CHLORIDE,HSD17B10
HYCANTHONE,HIF1A
DYCLONINE,CYP2D6
GSK-269962A,AKT1
TYRPHOSTIN 47,ALDH1A1
CATECHOL,NFE2L2
PANTOPRAZOLE SODIUM,NFE2L2
DAUNORUBICIN HYDROCHLORIDE,AR
SOTRASTAURIN,PKN2
DIMENHYDRINATE,CYP2D6
OFLOXACIN,CYP2C19
NIMESULIDE,CYP2C19
THIOTEPA,AR
ASARININ,CYP2D6
SP-600125,BLK
ASARININ,CYP2C19
TIVOZANIB HYDROCHLORIDE,KDR
TIOTIDINE,CYP2D6
"L-162,313",CYP3A4
HYCANTHONE,CYP2C19
CINTAZONE,VDR
ARCTIGENIN,CYP3A4
NVP-TAE684,RPS6KB1
"2',4'-DIHYDROXYCHALCONE",ALOX15
TACRINE,ALOX15
CP-339818,CYP2D6
CYCLOSPORINE,ATXN2
DOXYCYCLINE ANHYDROUS,SOD1
FLUACIZINE,VDR
LAUROGUADINE,BLK
ORYZALIN,PPARD
CP-547632,MAP4K2
PAPAVEROLINE,HSD17B10
ENOXOLONE,PRKCD
CHEMBL:CHEMBL1091971,HSD17B10
CROMOLYN SODIUM,AR
PF-03715455,CYP1A2
ECONAZOLE NITRATE,HSP90AA1
HYMECROMONE,CYP1A2
ICOTINIB,CYP2C19
CHEMBL:CHEMBL587449,NPC1
OUABAIN,STAT3
TPCK,CYP1A2
TROGLITAZONE,CYP2C19
AMLEXANOX,PDE4A
BARASERTIB,PDGFRB
CHEMBL:CHEMBL19954,KMT2A
PIPERONYL BUTOXIDE,CYP3A4
TRENBOLONE ACETATE,AR
"ERGOLOID MESYLATES, USP",ADRA2C
OXACILLIN,SLC22A8
CHEMBL:CHEMBL1467165,BMP2
MLN-8054,LCK
BENZALKONIUM CHLORIDE,TP53
ENNIATIN B,ATXN2
BUPROFEZIN,NFE2L2
LESTAURTINIB,AR
PI-103,HIPK2
KEPONE,HSP90AA1
ALSTERPAULLONE,CDK9
ECONAZOLE NITRATE,KCNH2
CHEMBL:CHEMBL184450,PPARG
CR002,PDGFD
NVP-TAE684,ERBB2
CHEMBL:CHEMBL500812,PIM1
ALFATRADIOL,AR
CHEMBL:CHEMBL300389,XBP1
PD-0166285,RPS6KA3
PP2,CYP2C19
CHLORQUINALDOL,SMAD3
NEFLAMAPIMOD,CTNNB1
PD-0166285,JAK2
NIFEDIPINE,DRD1
DEPHOSTATIN,RUNX1
CHEMBL:CHEMBL528807,MTOR
5-METHOXYISATIN,ALDH1A1
DEXAMETHASONE,SLC2A4
(R)-NITRENDIPINE,NFKB1
DESMOPRESSIN,OXTR
OXETHAZAINE,HIF1A
ASPIRIN,ATM
ISOXSUPRINE,CYP2D6
PENICILLIN V BENZATHINE,CYP2D6
VANOXERINE,CYP2D6
PYROCATECHOL VIOLET,RELA
CHEMBL:CHEMBL2002487,GNAS
(S)-ALAPROCLATE,CYP2C19
CLIOQUINOL,HSP90AA1
ATEZOLIZUMAB,CTLA4
GR 127935,DRD1
SOTALOL,ADRB1
TRANILAST,TP53
CHEMBL:CHEMBL580851,ALOX15
QUINOXYFEN,NFE2L2
BIOCHANIN A,CYP2D6
CHEMBL:CHEMBL154580,CYP3A4
IONIS-FGFR4RX,FGFR4
LINOLEIC ACID,NFE2L2
SB-415286,HIF1A
SELEGILINE,CYP2C19
NIFEDIPINE,VDR
DL-LACTIC ACID,AR
GR 127935,KCNH2
CATECHOL,CA1
ALPHA-ENDOSULFAN,NFE2L2
METHOCARBAMOL,CYP1A2
KAVAIN,NFE2L2
CHLOROQUINE,CYP3A4
CHEMBL:CHEMBL457504,CYP3A4
SB-415286,ALDH1A1
FIDUXOSIN HYDROCHLORIDE,AR
CURCUMIN,TUBB4A
DOVITINIB,TYK2
DITHIODIMORPHOLINE,AR
CAPTAN,RORC
METFORMIN HYDROCHLORIDE,MTOR
EPIGALLOCATECHIN-3-GALLATE,ERBB2
CHEMBL:CHEMBL2348411,MTOR
PHLORETIN,CYP2C9
CHEMBL:CHEMBL265686,SMN2
TICRYNAFEN,CYP3A4
CHEMBL:CHEMBL602946,ATXN2
HOMIDIUM BROMIDE,RXRA
HYDRAMETHYLNON,PPARD
NORGESTIMATE,AR
DIBEKACIN,AR
CHEMBL:CHEMBL2036119,TUBB4B
CHEMBL:CHEMBL600306,NFE2L2
ENOXOLONE,CYP2C19
CADMIUM ACETATE,ALOX15
(R)-NITRENDIPINE,CYP2C9
CHEMBL:CHEMBL144757,TERT
CHEMBL:CHEMBL592124,ALOX12
HYDROXYZINE,CYP2C9
CHEMBL:CHEMBL1077773,EGFR
PALBOCICLIB,CDK5
METHYCLOTHIAZIDE,NFE2L2
CHEMBL:CHEMBL300389,CDK5R1
CHEMBL:CHEMBL300389,CDK5
NVP-TAE684,GRK5
NADA,VDR
GOSSYPOL,SMAD3
CHEMBL:CHEMBL578512,GAPDH
TYRPHOSTIN AG 835,HSD17B10
NALED,AR
"2,4,6-TRIHYDROXYACETOPHENONE",CYP3A4
ARGENTEOSIDE A,HSP90AA1
PROPIONYLPROMAZINE HYDROCHLORIDE,GLP1R
SB 216763,CYP3A4
PAZOPANIB,PPARD
CROMOGLYCATE,CYP2C9
ACETAZOLAMIDE,MMP12
ZIRAM,ALOX15
CHEMBL:CHEMBL1288281,NQO1
FRENTIZOLE,SMN1
CHEMBL:CHEMBL599100,SNCA
SAQUINAVIR,ATXN2
ACACETIN DIACETATE,HSD17B10
METHYLENE BLUE,ALDH1A1
SP-600125,SYK
MK-212,CYP1A2
CHEMBL:CHEMBL1333049,SMN1
DEXAMETHASONE,CHAT
RIFAMPIN,AR
SOTRASTAURIN,PRKG1
DISULFIRAM,AGTR1
CHEMBL:CHEMBL260451,TP53
CHEMBL:CHEMBL2313444,ESR1
DAUNORUBICIN HYDROCHLORIDE,BRCA1
PHLORETIN,ATM
THIMEROSAL,TLR9
CHEMBL:CHEMBL473735,NPC1
CHEMBL:CHEMBL589270,SIRT2
THAPSIGARGIN,ATXN2
CHEMBL:CHEMBL242171,CYP2C19
PAPAVEROLINE,CYP2D6
DNQX,ARSA
CHEMBL:CHEMBL1902074,CXCL8
IRIGENOL,ALDH1A1
ARTHONIOIC ACID,CYP3A4
PECTOLINARIGENIN,NPC1
CONICASTEROL E,NR1H4
ELTROMBOPAG,SLC22A1
NVP-TAE684,MAPK9
ALSTERPAULLONE,GSK3B
ALSTERPAULLONE,ACVR1
DIACYLGLYCEROL KINASE INHIBITOR II,HIF1A
CHEMBL:CHEMBL535307,SMAD3
OFLOXACIN,CYP1A2
SALAGEN,CYP3A4
PURGIN II,ABCB1
BERKELEYAMIDE C,CASP1
DIMETHENAMID,NFE2L2
ORYZALIN,AR
GSK0660,PPARD
"2,4-DIHYDROXYBENZOPHENONE",NFE2L2
DOXEPIN HYDROCHLORIDE,CYP2C19
CODEINE ANHYDROUS,CYP2D6
ESTRADIOL VALERATE,PROC
NERATINIB,PGR
TRIMIPRAMINE,CYP2D6
PI-103,PIK3R3
PI-103,PIK3C2A
MIDOSTAURIN,PRKCA
RO4929097,NOTCH4
RO4929097,NOTCH2
CYCLOSPORINE,ABCB4
"1,4-BENZOQUINONE",ABCB1
PRASTERONE,ABCG2
SODIUM CHLORIDE,ABCC6
RONICICLIB,CDK2
ALKYLSULFONATE COMPOUND,ABCC2
THERAPEUTIC GLUCOCORTICOID,ACE
STREPTOZOCIN,ACP5
MAGNESIUM CHLORIDE ANHYDROUS,ACHE
LENOGRASTIM,ACP5
THIOGUANINE,ACHE
STREPTOZOCIN,ADCYAP1
MEPANIPYRIM,NFE2L2
THERAPEUTIC GLUCOCORTICOID,ALOX5
SODIUM CHLORIDE,BAX
RECOMBINANT INTERFERON,BCL2
STREPTOZOCIN,BCL2
DOXORUBICIN HYDROCHLORIDE,BCL2
DECITABINE,CCND2
GP-120 ANTIGEN,CD40
OPIATE,CCR2
THROMBIN,CD38
PHENYLEPHRINE HYDROCHLORIDE,ADRA1D
DNA VACCINE,CD80
THERAPEUTIC GLUCOCORTICOID,CDK2
PROGESTIN,CDK4
RECOMBINANT TRANSFORMING GROWTH FACTOR-BETA 1,CDK2
GLUCAGON (RDNA),CORT
RECOMBINANT INTERFERON,COL1A2
THERAPEUTIC HORMONE,CSF2
OMEPRAZOLE,CSF2
DIGOXIN,CST3
CHLORAMPHENICOL,CYP3A4
FLUOROURACIL,E2F1
FLOXURIDINE,ENO2
ALITRETINOIN,ERBB2
RECOMBINANT INTERLEUKIN-1-BETA,FOS
OMEPRAZOLE,G6PD
CO-TRIMOXAZOLE,G6PD
EPOETIN ALFA,FXN
TYROSINE KINASE INHIBITOR,GCG
VITAMIN D,GC
GENISTEIN,GFAP
LUTEINIZING HORMONE,GFAP
AMINOGLUTETHIMIDE,GGT1
THERAPEUTIC GLUCOCORTICOID,HLA-A
SOMATROPIN (RECOMBINANT DNA ORIGIN),HGF
CHLORAMPHENICOL,HMGB1
STREPTOZOCIN,HRAS
TYROSINE KINASE INHIBITOR,HSPB1
STREPTOZOCIN,IGFBP1
SOMATROPIN (RECOMBINANT DNA ORIGIN),IGF2
RECOMBINANT INTERFERON,IGF2
MACROLIDE ANTIBIOTIC,IL10
CETUXIMAB,CXCL8
ECHINACEA PREPARATION,IL6
DECITABINE,LIF
RETINYL ACETATE,LPL
CMF-019,ACADSB
C5A,MAPK14
RECOMBINANT INTERFERON,MAPK14
IFOSFAMIDE,MGMT
ALDESLEUKIN,MMP2
ANTICOAGULANT AGENT,MPO
CYCLOSPORINE,MUC16
ACETAMINOPHEN,MT2A
THERAPEUTIC GLUCOCORTICOID,MT1H
QUINAPRIL,MYC
BROMOCRIPTINE,NFE2L2
STREPTOZOCIN,MYO9B
CYTOPROTECTIVE AGENT,NFE2L2
DINITROCHLOROBENZENE,NOS2
FREUND'S ADJUVANT,NPY
RECOMBINANT TRANSFORMING GROWTH FACTOR,NR5A1
THERAPEUTIC GLUCOCORTICOID,NR3C1
CAPSAICIN,NTF3
LITHIUM,NTS
STREPTOZOCIN,NTRK1
SOMATROPIN (RECOMBINANT DNA ORIGIN),PHEX
VITAMIN D,PHEX
RESVERATROL,PIK3CA
CALCITRIOL,PHEX
RECOMBINANT TRANSFORMING GROWTH FACTOR-BETA 1,PIK3CB
ALDESLEUKIN,PIK3CB
NONSTEROIDAL ANTIINFLAMMATORY DRUG,PIK3CB
ANTIESTROGEN,PIK3CG
IL-4,PIK3CG
MELPHALAN,PLAT
CELECOXIB,PLAU
ATORVASTATIN CALCIUM TRIHYDRATE,PPARD
DELGOCITINIB,TYK2
RESVERATROL,RIPK1
AZATHIOPRINE,SERPINE1
BERZOSERTIB,ATM
CLOFIBRATE,SCD
COBALT,SLC11A1
CYTARABINE,SLC29A1
SELICICLIB,CDK7
THYMIDINE,SLC28A2
CHLORHEXIDINE GLUCONATE,TAC1
CISPLATIN,PPARD
DIGOXIN,TAC1
SULINDAC,TAC1
RECOMBINANT TRANSFORMING GROWTH FACTOR-BETA 1,TAGLN
OMACETAXINE MEPESUCCINATE,TERT
AMINOGLUTETHIMIDE,TG
IL-12,TGM2
THROMBIN,TGM2
FREUND'S ADJUVANT,THY1
GP-120 ANTIGEN,THBS1
IL-4,TLR3
CADMIUM DICHLORIDE,RORC
CROMOLYN SODIUM,TNF
RUTIN,TNF
IMMUNOSTIMULANT,TNF
H2O2,TNFRSF10A
IL-12,TP53
TIRAPAZAMINE,TP53
RITUXIMAB,TP53
DOXIFLURIDINE,TYMP
DISULFIRAM,TSPO
TEGAFUR-GIMERACIL-OTERACIL POTASSIUM,TYMP
ANTISERUM,VDR
VITAMIN D,VDR
PREDNISONE,VWF
OMEPRAZOLE,VIP
MITOMYCIN,VWF
THALIDOMIDE,CHST3
FLUOXETINE HYDROCHLORIDE,CRHR1
PACLITAXEL,ABCC2
CEFTRIAXONE,G6PD
RITONAVIR,ABCC2
EPIRUBICIN,ABCC2
ESMETHADONE,CYP3A4
MINOXIDIL,SULT1A1
GLYCEROL PHENYLBUTYRATE,OTC
RIVAROXABAN,POR
COLFORSIN,NR1I2
METHOTREXATE,NR1I2
AMOXICILLIN ANHYDROUS,NR1I2
HYDROCORTISONE BUTYRATE,NR1I2
TOPIRAMATE,NR1I2
TAMOXIFEN,NR1I2
MEFLOQUINE,ABCB1
ANALGESIC AGENT,DRD2
ANALGESIC AGENT,COMT
CYCLOSPORINE,TCF7L2
NALTREXONE,DRD2
ANTIDEPRESSANT AGENT,RAPGEF5
PEGINTERFERON ALFA-2A,IL6
PRACINOSTAT,HDAC1
BUSULFAN,GSTP1
BUSULFAN,GSTM1
ZANUBRUTINIB,TP53
AZATHIOPRINE,HLA-DQA1
TRIAPINE,G6PD
ISOPROTERENOL,ADRA1D
ODEVIXIBAT,ABCB11
THERAPEUTIC CORTICOSTEROID,ACOT7
THERAPEUTIC CORTICOSTEROID,ADORA2A
ARIPIPRAZOLE LAUROXIL,FAAH
CILAZAPRIL,ACE
FOSPHENYTOIN,CYP2C19
MEDROXYPROGESTERONE,VDR
MIRTAZAPINE,SH2B1
DORZOLAMIDE,CYP3A4
RITONAVIR,CYP3A4
DOLASETRON,CYP3A4
TRIMIPRAMINE,CYP3A4
AMOXICILLIN ANHYDROUS,HLA-B
METHIMAZOLE,HLA-B
SULFASALAZINE,HLA-B
VINCRISTINE,BCL2
GLYCEROL PHENYLBUTYRATE,ARG1
PROBUCOL,KCNH2
METHOTREXATE,SLC29A1
EPIRUBICIN,NOS1
DROTRECOGIN ALFA,F5
NITROGLYCERIN,ALDH2
PEGINTERFERON ALFA-2A,OAS1
DEXTROAMPHETAMINE SULFATE,CDH13
SIMVASTATIN,SCAP
TRIMIPRAMINE,CES1
PACLITAXEL,FCGR2A
ALENDRONATE SODIUM,MVK
CARBAMAZEPINE,CYP2C8
METFORMIN,SLC22A3
CYCLOSPORINE,TPMT
SULFASALAZINE,G6PD
BEVACIZUMAB-AWWB,GC
PEGINTERFERON ALFA-2B,KLRK1
ROSUVASTATIN,LPA
SIMVASTATIN,PRDM16
NEDOSIRAN,AGXT
TOFERSEN,SOD1
ROSUVASTATIN,FOXA3
ARGININE,NOS3
ACETAMINOPHEN,UGT1A7
ACETAMINOPHEN,COMT
ETHINYL ESTRADIOL,CYP3A5
PEGINTERFERON ALFA-2B,SLC29A1
SIMVASTATIN,ABCA1
PEGINTERFERON ALFA-2B,HLA-A
PEGINTERFERON ALFA-2B,OASL
HEROIN,GAL
SOFOSBUVIR / VELPATASVIR / VOXILAPREVIR,IFNL3
IRINOTECAN HYDROCHLORIDE,PDZRN3
CAPIVASERTIB,ESR1
MELEVODOPA,DRD1
IRINOTECAN HYDROCHLORIDE,CES1
BUPROPION HYDROCHLORIDE,COMT
PELITINIB,ERBB4
VARGATEF,FGFR1
AFLIBERCEPT,PIGF
SONOLISIB,RPS6
SONEPCIZUMAB,SGPP1
EMRICASAN,CASP3
BRYOSTATIN 1,PRKCA
BRYOSTATIN,PRKCQ
DP-VPA,ABAT
ECABET,PGC
EP-217609,F2
CIMAGLERMIN ALFA,ERBB2
INTEGRIN RECEPTOR ANTAGONIST GLPG0187,ITGB1
SUCCINYLCHOLINE,CHRM3
INSULIN GLARGINE-YFGN,INSR
AMG-131,PPARG
ISIS 113715,PTPN1
GIVINOSTAT,HDAC5
LESOGABERAN,GABBR1
METHAMPHETAMINE,ADRA2C
ISOSORBIDE DINITRATE,GC
BREXPIPRAZOLE,DRD2
RIGOSERTIB,PIK3CD
PROGESTOGEN,PGR
STAT3 INHIBITOR OPB-51602,STAT3
GARLIC,IL2
STIBOGLUCONATE,PTPN11
ISOEUGENITOL,CYP3A4
ABITUZUMAB,ITGB3
TIOTROPIUM,CHRM2
RIBOCICLIB,CCND2
AURANOFIN,IKBKB
BRINZOLAMIDE,CA2
DIPHENOXYLATE,OPRM1
ENOTICUMAB,NOTCH4
PHENYLBUTAZONE,PTGIS
RHODOMYRTOXIN B,TP53
SALICYLIC ACID,PTGS2
JNJ-7706621,MAP4K2
SALSALATE,PTGS1
CHEMBL:CHEMBL1501622,SIRT3
DEMECARIUM BROMIDE,BCHE
MRS4162-BODIPY CONJUGATE,AIRE
ARCITUMOMAB,CEACAM1
EPIRUBICIN,CHD1
BEPRIDIL,CALM1
AZINPHOS-ETHYL,AR
THERAPEUTIC ANDROSTANOLONE,MAPK3
HEPARIN,PLA2G2A
SAPROPTERIN,TPH1
4-METHYLDAPHNETIN,VDR
APIGENIN,PPARG
GW559768X,TEK
ARSENIC TRIOXIDE,TXNRD1
"D(CH2)5[TYR(ME)2,THR4]OVT",ABCC6
ANTI-PD-L1 MONOCLONAL ANTIBODY FAZ053,CD274
PEPINEMAB,MME
NAVICIXIZUMAB,VEGFA
JNJ-54175446,P2RX7
GLASDEGIB,MTOR
BELZUTIFAN,UGT2B17
GLYBURIDE,IL2
URSODIOL,GGT1
EDASALONEXENT,SCYL1
NAPROXEN SODIUM,HTR1A
DEXAMETHASONE,SMAD3
ROVATIRELIN,TRH
LY-255283,CYP3A4
PF-05190457,GHSR
DELTIBANT,BDKRB2
NISOLDIPINE,CYP1A2
"IBUPROFEN, SODIUM SALT",CXCR1
EPIGALLOCATECHIN GALLATE,FASN
LIDOFLAZINE,SLC29A1
RILONACEPT,IL1B
PHENOXYBENZAMINE,DRD2
ATF-936,CASR
RODUCITABINE,DNMT1
TERBUTALINE,ADRB2
GSK-356278,PDE4A
ELIGLUSTAT TARTRATE,UGCG
ENTOSPLETINIB,SYK
ANTI-TF MONOCLONAL ANTIBODY ALT-836,F3
GALICAFTOR,CFTR
TRYPTAMINE,HTR2A
PEFLOXACIN,TOP2A
PHENINDAMINE,HRH1
TAUROCHOLIC ACID,SLC10A2
SQUALAMINE,VEGFA
KAEMPHEROL,ESR1
INSULIN SUSP PROTAMINE ZINC BEEF/PORK,INS
PIRFENIDONE,TGFB1
PEGINTERFERON ALFA-2A,IFNA2
ICARITIN,ESR1
SARIZOTAN,HTR1A
LY-2584702,RPS6KB1
ANTI-GPA33/CD3 MONOCLONAL ANTIBODY MGD007,GPA33
COLLAGENASE CLOSTRIDIUM HISTOLYTICUM-AAES,AQP1
MITOTANE,ESR1
ANTI-EGFR/HER2/HER3 MONOCLONAL ANTIBODY MIXTURE SYM013,EGFR
GSK256073,HCAR2
RESATORVID,TLR4
CARBOXYCINNAMIC ACID BISHYDROXAMIDE,HDAC1
CGS-12066,A2M
LY344864,HTR2C
BROLAMFETAMINE,HTR2C
RO 60-0175,HTR2C
RU 24969,HTR2C
VER-3323,HTR2C
DULOXETINE HYDROCHLORIDE,HTR2C
SB 215505,HTR2C
INCB3619,DEFB4A
2-HEXYNYL-NECA,ABAT
"(R,S)-PHPNECA",ABAT
BAY 60-6583,ABCA1
(R)-PIA,ABCA1
KF26777,ABCA1
XANTHINE AMINE CONGENER,ABCA1
ST-1535,ABCA1
MRS1523,ABCA1
RIPK1 INHIBITOR 22B,AXL
PROPAFENONE,ABO
ISOPROTERENOL,ACAA1
METHAZOLAMIDE,GAPDH
EVOCALCET,ACP5
CANNABINOR,CNR2
LY-288513,CCKBR
DESULFATED CHOLECYSTOKININ-8,CCKBR
CCL5,ACTA1
ALPIDEM,TSPO
RO320-2947/001,ACTB
RITUXIMAB,GATM
DIMETHYL SULFOXIDE,NOS2
KINASE INHIBITOR 2 [PMID: 30199702],ELAVL2
ANTHRACYCLINE ANTINEOPLASTIC ANTIBIOTIC,FLT3
GW843682X,AXL
RIBAVIRIN,CXCL8
AZD6495,DPYD
AMG820,DPYD
LINIFANIB,DPYD
GM-CSF,DPYD
LENOGRASTIM,DPYD
HUMAN CALCITONIN,ACHE
UROTENSIN 1 (FISH),ALB
CXCL12&ALPHA;,ACTG1
BALIXAFORTIDE,ACTG1
BMS-265246,EGR4
CEFDITORIN PIVOXIL,VDR
(S)-CR8,EGR4
CHMFL-KIT-64,DUSP1
CELECOXIB,APC
MERESTINIB,DUSP1
RS 93520,APOB
BW 245C,APOB
SPIPERONE,ALCAM
LOXAPINE,ALDH1A1
ZOTEPINE,ALDH1A1
TTK21,GLI1
COMPOUND 15 [PMID: 32045236],CCR3
ANACARDIC ACID,GLI1
COMPOUND 19A [PMID: 30503936],DXO
AG 490,DXO
"[125I]ET-1 (HUMAN, MOUSE, RAT)",ALDH1B1
DY131,BDKRB1
XCT790,BDH1
[125I]SARAFOTOXIN S6B,ALDH1B1
[3H]SYM2081,CBLB
DIAZEPAM,ARNT
CLONAZEPAM,ARNT
TRIAZOLAM,ARNT
AZD7325,ARNT
BICUCULLINE,ARNT
LAU463,ARRB2
"[D-ARG1,D-PHE5,D-TRP7,9,LEU11]SUBSTANCE P",ALOX15
ANIRACETAM,ASS1
TEZAMPANEL ANHYDROUS,ASS1
C1-27,MNX1
FLUPERLAPINE,SERPINA3
CHIR-98014,ENSA
GINKGOLIDE X,ASAH1
AZD1080,SLC29A1
ISOGRANULATIMIDE,SLC29A1
COMPOUND 2 [PMID: 24486398],ANXA11
JNJ-38431055,ADH1C
COMPOUND 29A [PMID: 21444206],ADH1C
COMPOUND 42 [PMID: 22545772],ADH1C
"7&ALPHA;,25-DIHYDROXYCHOLESTEROL",ACTN4
27-HYDROXYCHOLESTEROL,ACTN4
ILOMASTAT,DCC
SELEXIPAG,APOC3
VANILLIN,BPI
L-TRP-TRP-TRP,BMPR2
RITANSERIN,BPI
SJ988497,EPHB1
COMPOUND 8L [PMID: 36053746],EPHB2
AC430,EPHB2
COMPOUND 1D [PMID: 21493067],EPHB2
PEFICITINIB,EPHB1
FEDRATINIB,EPHB2
LASW1393,EPHB2
PRALSETINIB,DRD2
3-[(3-(2-CARBOXYETHYL)-4-METHYLPYRROL-2-YL)METHYLENE]-2-INDOLINONE,DRD2
IMIPRAMINE HYDROCHLORIDE,BDNF
NS004,RHOA
CRIDANIMOD,HSPB1
CORTICOTROPIN,ANK1
L-CCG-I,SLC25A4
SERIBANTUMAB,ERBB3
CTPI-2,CEBPB
"1,2,3-BENZENETRICARBOXYLIC ACID",CEBPB
DESOXYCORTICOSTERONE,NR3C2
COMPOUND 4E [PMID: 35546685],CTNNB1
"5-(2-PHENYLPYRAZOLO[1,5-A]PYRIDIN-3-YL)-1H-PYRAZOLO[3,4-C]PYRIDAZIN-3-AMINE",MAPK3
JNK-IN-8,CTNNA2
COMPOUND 25C [PMID: 36649216],CTNNA2
PP1,CTNNB1
JNK INHIBITOR VIII,CTNNA2
INCYCLINIDE,MMP9
NIGULDIPINE,CYP2C9
ISOTONITAZENE,APOF
NALDEMEDINE,APOF
NALMEFENE,APOF
DAGLUTRIL,DAP
GR 159897,AQP4
SERLOPITANT,AQP3
"[125I]NKA (HUMAN, MOUSE, RAT)",AQP4
EFWSLAAPQRF-NH2,ANXA1
PSB-10211,ATP12A
ELIAPIXANT,ATP1A4
DENUFOSOL,APC
2-FUROYL-LIGRLO-AMIDE,APOE
COMPOUND 16 [PMID: 31525966],PRF1
AG-122018,FOXA3
RV1729,F7
IBUDILAST,COL11A2
MILRINONE,PDE5A
CX-6258,F11
AZD1208,F9
AC710,DPP4
MLN0905,FABP1
"(5Z)-5-[(5-BROMOTHIOPHEN-2-YL)METHYLIDENE]-1-METHYL-2-SULFANYLIDENE-1,3-DIAZINANE-4,6-DIONE",GP1BA
AGN193109,BCHE
"COMPOUND 28 [HEITEL ET AL., 2019]",HCN2
FLUOROBEXAROTENE,HCN2
SR9011,BCL2A1
VEPAFESTINIB,PTK2B
EUROPIUM-LABELLED R3(B1-22R),APRT
ADENOSINE TRIPHOSPHATE,RYR2
ODEVIXIBAT,CD44
PP-121,MS4A2
CST-17,FAS
[L-TYR8]CYN 154806,FAS
[111IN]DOTA-NOC-ATE,FASLG
DOTA-JR11,FASLG
J-2156,AQP1
BIM 23627,AQP2
[L-TYR8]CYN 154806,AQP2
RK-287107,HLA-DMA
COMPOUND 21 [PMID: 34141085],HLA-DMB
ULOTARONT,AQP7
2-PHENYL-PROPYLAMINE,AQP7
UM-9,ARHGAP4
U46619,APOC4
DALTROBAN,APOC4
"PHOSPHATIDYL (3,5) INOSITOL BISPHOSPHATE",ARHGAP4
COMPOUND 21K [PMID: 34985886],FGB
2-APB,FXYD2
(-)-ENGLERIN A,ATP2A3
TROGLITAZONE,ATP4A
PREGNENOLONE SULPHATE,ATP4A
COMPOUND 34H [PMID: 27055065],FGFR4
TYK2 INHIBITOR 14L,TYK2
PF-956980,TYK2
[VAL4]AVP,ABCC6
[3H]SR 121463A,ABCC6
NELIVAPTAN,ABCC6
THERAPEUTIC TUMOR INFILTRATING LYMPHOCYTES,HLA-C
GRACILIN J,EGFR
DOCETAXEL ANHYDROUS,CD44
HYDROXYCHLOROQUINE,MTR
DOCETAXEL ANHYDROUS,GAS6
QUARFLOXIN,BRCA2
MIRDAMETINIB,HRAS
CAPECITABINE,PIK3CA
TALAZOPARIB,PALB2
DACTOLISIB,AR
CERITINIB,ABCB1
IMATINIB,CD274
TASURGRATINIB,FGFR1
SHP2 INHIBITOR ERAS-601,FLT3
AGL 2043,FLT3
ABIVERTINIB,FLT3
P505-15,FLT3
PRALSETINIB,HRAS
SCH772984,HRAS
AZ960,JAK2
LUMINESPIB,JAK2
CRIZOTINIB,JAK2
PIMASERTIB,PIK3CA
AZD6482,PIK3CA
RESCINNAMINE,ACE
ADO-TRASTUZUMAB EMTANSINE,PIK3CA
GSK1059615,PIK3CA
CAPIVASERTIB,STK11
PRODIGIOSIN,TP53
DOXORUBICIN LIPOSOME,TP53
GANETESPIB,TP53
OBICETRAPIB,CETP
ALVESPIMYCIN,TP53
INOLIMOMAB,IL2RA
TOFACITINIB,TYK2
SULFASALAZINE,CYP2C9
METHYLPREDNISOLONE,NFE2L2
BIOCHANIN A,SMN1
CHEMBL:CHEMBL552439,CYP2C19
ETHAVERINE HYDROCHLORIDE,CYP3A4
FLUOXETINE HYDROCHLORIDE,AANAT
ICATIBANT ACETATE,BDKRB2
IRBESARTAN,APOE
ANTICONVULSANT AGENT,SHBG
MERCURIC CHLORIDE,AR
NVP-TAE684,PDGFRB
LIAFENSINE,SLC6A4
NAVTEMADLIN,CYP3A4
NIMODIPINE,NTF3
ANTHRACYCLINE ANTINEOPLASTIC ANTIBIOTIC,VEGFA
PEGINTERFERON ALFA-2A,CXCL10
CHEMBL:CHEMBL1256663,KCNH2
CAFFEINE,MYO9B
CP-547632,VEGFA
CHIPS,ACACB
QUINOCIDE,VDR
SPIRAPRILAT,DAPK3
"(3Z)-N,N-DIMETHYL-2-OXO-3-(4,5,6,7-TETRAHYDRO-1H-INDOL-2-YLMETHYLIDENE)-2,3-DIHYDRO-1H-INDOLE-5-SULFONAMIDE",EPHX2
FORETINIB,FLT1
ACALABRUTINIB,FGR
METYROSINE,UCP1
EPHEDRINE,ADRA2C
PACRITINIB CITRATE,JAK2
CHEMBL:CHEMBL606167,NFE2L2
OXALIPLATIN,DPYD
ANALGESIC AGENT,OPRM1
MIMOPEZIL,ACHE
CHEMBL:CHEMBL1569213,CYP1A2
PHORBOL 12-MYRISTATE 13-ACETATE,ITGB2
C5A,PIK3CG
CEP-11981,KDR
COMPOUND 21 [PMID: 22802221],ACADS
DOXORUBICIN HYDROCHLORIDE,ATM
MECYSTEINE HYDROCHLORIDE,VDR
FINGOLIMOD HYDROCHLORIDE,S1PR2
CHEMBL:CHEMBL584514,GFER
DOVITINIB,PKN2
EFAVIRENZ,AR
TOLMETIN,PTGS2
VS-5584,FLT3
URIDINE,SLC28A3
CHEMBL:CHEMBL220845,PPARD
ISOPROTERENOL,ABO
TACRINE,CYP3A4
ANTIDEPRESSANT AGENT,SERPINE1
DIXANTHOGEN,VDR
DIAZEPAM,TSPO
NIFEDIPINE,ATXN2
DIGOXIN,FXYD2
VARGATEF,KDR
TRAMETINIB DIMETHYL SULFOXIDE,TP53
YANGONIN,AHR
CLOBAZAM,CYP2C19
RECOMBINANT INTERFERON,NRAS
DIHYDROSPHINGOSINE,CYP2D6
CILOSTAZOL,THBD
PELAREOREP,NRAS
COMMENSAL BACTERIAL STRAIN FORMULATION VE800,PTEN
DONEPEZIL,CYP2D6
CIMAGLERMIN ALFA,ERBB3
DOCARPAMINE,DRD2
PRIDINOL,CYP2D6
ALDRIN,NFE2L2
BUTACHLOR,AR
TRAIL,PIK3CB
DIFENOCONAZOLE,RXRA
SKLB-03220,EZH2
ALTIRATINIB,NTRK1
CDK/CRK INHIBITOR,EIF4EBP1
THIOCHROME,AANAT
STANOZOLOL,AR
AXOMADOL,OPRM1
LAUROCAPRAM,AR
REL-CISAPRIDE,CYP3A4
DEPHOSTATIN,ATXN2
HYDROXYUREA,PTH
COCAINE,SCN5A
CARBAMAZEPINE,HLA-DRB1
INSULIN SUSP PROTAMINE ZINC BEEF/PORK,INSR
ALPHA-CYPERMETHRIN,ALDH1A1
SURAMIN,HPSE
[3H]TBZOH,CDH13
SUNITINIB,PDGFA
SELECTIVE ESTROGEN RECEPTOR COVALENT ANTAGONIST H3B-6545,ESR1
ESZOPICLONE,CYP3A5
AZD-4547,FGFR4
HAPLAMINE,NFE2L2
LAZERTINIB,DXO
RALIMETINIB,CTNNB1
HYDRASTININE,CYP2D6
BUTYRYLHYDROXAMIC ACID,HDAC5
N-HISTIDYL-2-AMINONAPHTHALENE (BETANA),SMN1
CHEMBL:CHEMBL8488,HSD17B10
CHEMBL:CHEMBL598270,NFE2L2
NAFRONYL OXALATE,CYP3A4
TIPIFARNIB,CDKN1A
DANTROLENE,CYP2C9
ZOFENOPRIL,DAPK3
TEBANICLINE TOSYLATE,CHRNA4
FGF401,FGFR4
ANTI-CD30 MONOCLONAL ANTIBODY MDX-1401,TNFRSF8
ECHINACEA PREPARATION,CYP1A2
THERAPEUTIC HORMONE,BRCA1
MITOXANTRONE,MAPK1
METFORMIN,NR1I2
HOMIDIUM BROMIDE,THRB
RIBOCICLIB,CDK4
ASPIRIN,GC
LY2979165,GRM2
"7&ALPHA;,27-DIHYDROXYCHOLESTEROL",ACTN4
FLUSILAZOLE,AR
RIBOCICLIB,CDK6
AMG-900,CCNE1
AFURESERTIB HYDROCHLORIDE,AKT2
PIM447,F9
PH-797804,MAPK14
FLECAINIDE ACETATE,KCNH2
FOSCARNET,CXCL8
VINCRISTINE,GSTA1
AGI-5198,FLT3
OXALIPLATIN,TP53
VANUCIZUMAB,ANGPT2
INTERLEUKIN-12,STAT4
SIROLIMUS,PTEN
SOPHORAFLAVANONE G,BACE1
SULFASALAZINE,CYP2D6
ERGOTAMINE TARTRATE,ADRA2C
SALAGEN,CYP2C19
PENTOSAN POLYSULFATE,FGF1
LENZILUMAB,CSF2
3-IODOBENZYLGUANIDINE,TH
AROMOLINE,ATXN2
TELITHROMYCIN,RPSA
THIOTHIXENE,DRD2
CHEMBL:CHEMBL600908,ALDH1A1
METHOTREXATE,GATA3
METHYLPREDNISOLONE,ANXA1
CHEMBL:CHEMBL580159,KCNH2
AVANAFIL,PDE5A
COMPOUND 16D [PMID: 36573286],CFTR
CPUY192018,KEAP1
BENZPHETAMINE HYDROCHLORIDE,SLC18A2
LGH-447,PIM1
IROSUSTAT,STS
EPTACOG ALFA (ACTIVATED),F7
GR 127935,MAPK1
CHEMBL:CHEMBL195350,TP53
FLUOXETINE HYDROCHLORIDE,SLC6A4
HEROIN,ANKS1B
DEUCRICTIBANT,BDKRB2
NORTRIPTYLINE,ATXN2
CANERTINIB DIHYDROCHLORIDE,ERBB2
PHENPROCOUMON,VKORC1
CHEMBL:CHEMBL464631,SHBG
[VAL4]AVP,AR
TIMBETASIN,TMSB4X
GSK-2269557,PIK3CD
SITOKIREN,REN
CHIR-265,KDR
GR 127935,A2M
SKA-111,ARG2
CENDERITIDE,NPR2
TTC-352,ESR1
CHEMBL:CHEMBL1935538,TUBB4A
CHEMBL:CHEMBL242171,HSD17B10
RISPERIDONE,SERPINA3
ADENOSINE TRIPHOSPHATE,APCS
PRAZOSIN,HSD17B10
PIMOZIDE,HTR2A
LOXAPINE SUCCINATE,HTR2C
A68930,ALCAM
CURCUMIN,ERBB2
CHEMBL:CHEMBL527585,NFE2L2
STREPTOZOCIN,KCNJ11
MESORIDAZINE,CYP2J2
LINCOMYCIN HYDROCHLORIDE,RPSA
SAD448,CNR1
SORAFENIB,CTNNB1
METHYLNITROSOUREA,MAPK3
DEXTRAN SULFATE,PLAU
ENOXOLONE,PRKCA
CHEMBL:CHEMBL533082,GLP1R
CLOPIDOGREL,F13A1
THERAPEUTIC HORMONE,SLCO1A2
CHEMBL:CHEMBL526981,KCNH2
RO330-0802/001,ACTB
DOVITINIB,PRKD2
ELLIPTECINE,TP53
SALICYLANILIDE,AHR
4-PHENYLBUTYRIC ACID,SMN1
BIHELICAL APOA-I MIMETIC PEPTIDE 5A,ABCA1
(RS)-ROSCOVITINE,CDK5
ASPIRIN,AFP
PROROXAN HYDROCHLORIDE,NFE2L2
TRAIL,TNFRSF11B
CHLOROPHACINONE,NFE2L2
AMTOLMETIN GUACIL,COX8A
RELAXIN,APRT
DIBUTYLDICHLOROSTANNANE,NFE2L2
AZATHIOPRINE,ABCB1
KA1010,MSTN
ONC201,TP53
PEGINTERFERON ALFA-2A,ABCB1
NISOLDIPINE,SLC25A20
RIFAXIMIN,NR1I2
LEVETIRACETAM,HLA-A
POSACONAZOLE,CYP3A4
L-TRP-TRP-TRP,BRCA2
VARESPLADIB METHYL,PLA2G10
METERGOLINE,A2M
GLUTAMINE,DDIT3
CLIOQUINOL,CYP1A2
ADP,AIRE
CHEMBL:CHEMBL585964,EIF4H
TIRBANIBULIN,LCK
"L-694,247",CYP2D6
ISOETHARINE HYDROCHLORIDE,ADRB2
SB220025,MAPK1
SECURININE,AR
PAZOPANIB,HLA-B
THONZONIUM BROMIDE,ATXN2
ARTEANNUIN B,NFE2L2
LEVOMILNACIPRAN,HTR2A
SAF312,TRPV1
KAI-1678,PRKCE
DEXFENFLURAMINE,SLC6A4
DINITRAMINE,AR
VORETIGENE NEPARVOVEC,RPE65
DINACICLIB,MYC
PX-12,TXN
TESTOSTERONE ENANTHATE,CYP19A1
{4-[3-(4-ACETYL-3-HYDROXY-2-PROPYLPHENOXY)PROPOXY]PHENOXY}ACETIC ACID,VDR
AZD7648,TP53
NIFEDIPINE,NFKB1
GUANIDINE HYDROCHLORIDE,KCNA7
JI-101,KDR
COMPOUND 1B [PMID: 18078750],DAP
GSK-269962A,PRKG1
ALT-2074,NOS2
ZORIFERTINIB,DXO
(-)-N-PORPHYNORAPOMORPHINE,ATXN2
2-FUROYL-LIGRL[N-(ALEXA FLUOR 594)-O]-NH2,APOE
CHEMBL:CHEMBL538542,GFER
CHEMBL:CHEMBL586031,ALDH1A1
QUERCETAGETIN,NFKB2
NAPORAFENIB,NRAS
DIPYRITHIONE,VDR
RITUXIMAB,XIAP
DABIGATRAN,HNMT
SAGOPILONE,TUBB4B
PHENSERINE,BCHE
RECOMBINANT HUMAN THROMBOPOIETIN,PTPRC
MONOMETHYL FUMARATE,CSF2
BENDAMUSTINE,CD69
AFATINIB,ERBB4
CLIDINIUM,CHRM3
LOXAPINE HYDROCHLORIDE,HTR2A
INSULIN SUSP ISOPHANE PURIFIED BEEF,INSR
NESIRITIDE,NPR1
DOXYCYCLINE CALCIUM,MMP1
DOXYCYCLINE CALCIUM,MMP7
BRENTUXIMAB VEDOTIN,TUBB4A
GUANFACINE HYDROCHLORIDE,ADRA2B
LEVONORDEFRIN,ADRA2A
GUANFACINE HYDROCHLORIDE,ADRA2C
RAUWOLFIA SERPENTINA (USP),ADRA1A
METIPRANOLOL HYDROCHLORIDE,ADRB2
QUINIDINE GLUCONATE,SCN5A
BROMOCRIPTINE MESYLATE,DRD3
DALFAMPRIDINE,KCNA5
PANOBINOSTAT LACTATE,HDAC4
DAPAGLIFLOZIN PROPYLENE GLYCOL,SLC5A2
CM-082,KDR
OMIPALISIB,MTOR
VS-5584,PIK3CD
XL-228,FGR
WX-037,PIK3R3
XL-228,BLK
LUCITANIB,FLT4
INCB-9471,CCR5
RUPLIZUMAB,CD40LG
QUIZARTINIB,PDGFRB
BETAMETHASONE VALERATE,NR3C1
CEP-1347,MAP3K13
MIDOSTAURIN,KDR
ANAMORELIN HYDROCHLORIDE,GHSR
AMINOPHYLLINE,PDE4A
BAPINEUZUMAB,APP
TEDISAMIL,KCNA5
DEFIBROTIDE,PLG
FLAVOXATE HYDROCHLORIDE,PDE4D
INSULIN PEGLISPRO,INSR
ESOMEPRAZOLE MAGNESIUM,ATP4A
CANTUZUMAB MERTANSINE,MUC1
CLOMETACIN,PTGS1
ALOXIPRIN,PTGS1
PRAZOSIN HYDROCHLORIDE,ADRA1D
DORLIMOMAB ARITOX,RPL14
TERAZOSIN HYDROCHLORIDE,ADRA1A
APOLIZUMAB,HLA-DRB1
CARVEDILOL,ADRA1A
AMIFAMPRIDINE,KCNA7
AMIFAMPRIDINE,KCNH2
AMIFAMPRIDINE,KCNA3
AMIFAMPRIDINE,KCNA5
TISOTUMAB VEDOTIN-TFTV,TUBB4A
TISOTUMAB VEDOTIN-TFTV,TUBB4B
TERAZOSIN HYDROCHLORIDE,ADRA1D
CHLORPROPAMIDE,KCNJ11
SODIUM OXYBATE,GABBR1
GSK2256294,EPHX2
OLITIGALTIN,LGALS3
NEBICAPONE,COMT
ETHYLESTRENOL,AR
RAVAGALIMAB,CD40LG
FELADILIMAB,ICOS
LOTAMILAST,PDE4D
TRANIMILAST,PDE4A
OXANDROLONE,AR
LUTIKIZUMAB,IL1B
ATALUREN,RPS6
MILRINONE LACTATE,PDE3A
BELATACEPT,CD86
FESOTERODINE,CHRM2
TOSITUMOMAB,MS4A1
LUCERASTAT,UGCG
FIMASARTAN,AGTR1
OLENDALIZUMAB,C5
FUTIBATINIB,FGFR4
AGS-16C3F,TUBB4B
EFINOPEGDUTIDE,GCGR
CHIGLITAZAR,PPARD
ZIRITAXESTAT,ENPP2
EPHEDRINE HYDROCHLORIDE,ADRA2C
BIVATUZUMAB MERTANSINE,TUBB3
FIDANACOGENE ELAPARVOVEC,F9
REPROTEROL,ADRB2
CARBOPLATIN,BCL2
RONICICLIB,CCNE1
RONICICLIB,CDKN2A
ALISERTIB,MYC
ZSTK474,PIK3CG
BEVACIZUMAB-AWWB,VEGFC
THIMEROSAL,AR
PAPAVERINE,CYP2C19
PHA-665752,MET
TETRADECANOYL PHORBOL ACETATE,PRKCD
"(3Z)-N,N-DIMETHYL-2-OXO-3-(4,5,6,7-TETRAHYDRO-1H-INDOL-2-YLMETHYLIDENE)-2,3-DIHYDRO-1H-INDOLE-5-SULFONAMIDE",DRD1
ERGONOVINE,HSD17B10
(S)-ALAPROCLATE,CYP2D6
IPRONIAZID,CYP1A2
MALATHION,NFE2L2
"3,4-DICHLOROBENZAMIL",HSD17B10
NVP-TAE684,RPS6KA3
CLIOXANIDE,GNAS
5-AMINOISOQUINOLINE,CYP1A2
DIAZIRINE,TOP2A
CHEMBL:CHEMBL193093,IKBKB
BIOTINYLATED GAMBOGIC ACID,TXN
FURAZABOL,AR
CHEMBL:CHEMBL546170,TP53
6-CHLOROFLAVONE,NFE2L2
ALSTERPAULLONE,IKBKB
CHEMBL:CHEMBL457504,ALDH1A1
NVP-TAE684,TYK2
PP2,SRC
CHEMBL:CHEMBL1507526,HSD17B10
PALBOCICLIB,MET
LUTEOLIN,TNFRSF10B
RHEIN,HSP90AA1
CHEMBL:CHEMBL578741,NFKB1
RHEIN,RORC
CLIOQUINOL,TP53
BUPROPION HYDROCHLORIDE,JUN
TRICLOCARBAN,AR
DISULFIRAM,HSP90AA1
HETEROCODEINE,ABCB1
NVP-TAE684,AXL
RHEIN,WRN
EVEROLIMUS,AR
KRESOXIM-METHYL,AR
MLN-8054,EGFR
5-(N-METHYL-N-ISOBUTYL)AMILORIDE,KCNH2
5-OH-DPAT,DRD2
LANSOPRAZOLE,CYP2D6
CHEMBL:CHEMBL238624,CYP1A2
SULFOBROMOPHTHALEIN,VDR
CHEMBL:CHEMBL228132,CYP3A4
CHLOROQUINE,CYP2C9
OUABAIN,AR
TRIBUTYLCHLOROSTANNANE,RXRA
TECTOQUINONE,AR
CHEMBL:CHEMBL505670,HSP90AA1
CHEMBL:CHEMBL404505,CYP1A2
CURCUMIN,ERBB3
PROPICONAZOLE,AR
ACETAZOLAMIDE,AQP4
EFAVIRENZ,ABCG2
BARASERTIB,LCK
ACETAZOLAMIDE,MMP2
MEPHOBARBITAL,AR
REMOXIPRIDE,CYP2D6
CALMIDAZOLIUM CHLORIDE,SMAD3
CHEMBL:CHEMBL296407,HSD17B10
CHEMBL:CHEMBL602383,NFE2L2
OXYCODONE,NR1I3
CHEMBL:CHEMBL1945287,ALB
KHELLIN,CYP3A4
TROGLITAZONE,CYP3A4
ZOXAZOLAMINE,CYP1A2
NVP-TAE684,LCK
PD-0166285,ALK
CATECHOL,ALOX15
FIDUXOSIN HYDROCHLORIDE,GLP1R
REMOXIPRIDE,CYP2C9
DAPHNETIN,HSPA5
CHEMBL:CHEMBL428064,HSP90AA1
CHEMBL:CHEMBL2336666,TERT
CP-547632,MET
BENZOPHENONE,AR
CHEMBL:CHEMBL579105,KCNH2
CYPROTERONE,CYP3A4
CHLOROXINE,TP53
TEROXIRONE,HSPB1
SB 216763,GSK3B
VANITIOLIDE,ALDH1A1
CHEMBL:CHEMBL320361,NFE2L2
THIABENDAZOLE,SMN2
DEPHOSTATIN,VDR
"2,4-HEXADIENAL",NFE2L2
OXETHAZAINE,CYP2D6
CHEMBL:CHEMBL452954,BRCA1
METHYLENE BLUE,NR1H4
CHEMBL:CHEMBL1549738,ALDH1A1
TEROXIRONE,NFE2L2
2-AMINOANTHRACENE,TP53
PURPUROGALLIN,ALOX15
CHLORAMBUCIL,RORC
ANIRACETAM,CYP2C19
BENZYDAMINE,CYP1A2
ATHRAQUINONES A,ALOX15
DISULFIRAM,VDR
CHEMBL:CHEMBL549208,ALDH1A1
SP-600125,MAP4K4
CHEMBL:CHEMBL154580,MAPK1
GSK-269962A,RPS6KA3
HYDRALAZINE,TP53
CIGLITAZONE,STAT3
LINOLEIC ACID,PPARA
"(3Z)-N,N-DIMETHYL-2-OXO-3-(4,5,6,7-TETRAHYDRO-1H-INDOL-2-YLMETHYLIDENE)-2,3-DIHYDRO-1H-INDOLE-5-SULFONAMIDE",GNAS
VINCLOZOLIN,AR
LAUROGUADINE,ERBB4
"2',4'-DIHYDROXYCHALCONE",ABCB1
METAPHIT METHANESULFONATE,GLP1R
THIABENDAZOLE,CYP1A2
VALPROIC ACID,CYP2D6
4-METHYLESCULETIN,HSD17B10
CHEMBL:CHEMBL1549738,ATXN2
CHEMBL:CHEMBL267160,GAA
CP-547632,FLT1
OKADAIC ACID,CYP3A4
"3,4-DICHLOROBENZAMIL",TP53
DANTROLENE,CYP2C19
COUMESTROL,NFE2L2
LAS38096,MAP4K5
P-TOLUENESULFONAMIDE,NFE2L2
KRESOXIM-METHYL,NFE2L2
"(3Z)-N,N-DIMETHYL-2-OXO-3-(4,5,6,7-TETRAHYDRO-1H-INDOL-2-YLMETHYLIDENE)-2,3-DIHYDRO-1H-INDOLE-5-SULFONAMIDE",NFKB1
CYCLOSPORINE,CYP2D6
PROPICONAZOLE,NFE2L2
CHEMBL:CHEMBL233194,SMN2
AMBAZONE,VDR
PENTAMIDINE ISETHIONATE,MTOR
METHYL ROBUSTONE,ALDH1A1
CHEMBL:CHEMBL81782,WRN
METHYLENE BLUE,CYP3A4
DISULFIRAM,NFE2L2
CHEMBL:CHEMBL1256364,ADRB2
CHLOROTHALONIL,RXRA
CHEMBL:CHEMBL1288013,CYP2D6
ANISINDIONE,TP53
EHNA,ALOX15
PROTRIPTYLINE,DRD1
CCG-50014,CHRM3
ATALUREN,AR
CETRIMIDE,AR
NVP-TAE684,MAP4K5
METHYLTHIOURACIL,AR
CAPSAZEPINE,CYP2C9
LANSOPRAZOLE SULFIDE,CYP2C19
CHEMBL:CHEMBL267160,TP53
CLIOQUINOL,NR1H4
DIPHENHYDRAMINE HYDROCHLORIDE,JUN
DENILEUKIN DIFTITOX,IL2RB
ZIDOVUDINE,CYP2D6
VINCRISTINE SULFATE,HIF1A
PIMOZIDE,MTOR
CHEMBL:CHEMBL81782,ATXN2
CHOLESTEROL,NFE2L2
"L-162,313",ATXN2
SPIRUCHOSTATIN C,HDAC1
BMY-7378,KCNH2
HYDROXYPROGESTERONE CAPROATE (USP),ABCB11
TELMISARTAN,HSD17B10
LAUROGUADINE,NTRK2
NIFEDIPINE,ALDH1A1
BERGAMOTTIN,BACE1
SPHAEROPSIDIN A,ATXN2
GUTHION,VDR
DEPHOSTATIN,USP2
GSK-269962A,AKT2
TOMELUKAST,CYP3A4
CHEMBL:CHEMBL578741,MAPK1
ORPHENADRINE HYDROCHLORIDE,SCN5A
DIHYDROCAPSAICIN,CYP2C9
BIOCHANIN A,CYP3A4
CHEMBL:CHEMBL535331,MAP4K4
ANTIAROL,VDR
BUTYLPARABEN,CYP2C19
TOPOTECAN HYDROCHLORIDE,NFE2L2
GEOPYXIN A,SMAD3
MILTIRONE,MAPK14
CHEMBL:CHEMBL599100,NFE2L2
TILIQUINOL,AR
CHEMBL:CHEMBL549208,KCNH2
CYCLOSPORINE,CYP1A2
U50488,TP53
CHEMBL:CHEMBL547833,MAPK1
DROPERIDOL,CYP2D6
DABIGATRAN,ADK
METHYL PARATHIONE,CYP3A4
SULFAMETHOXAZOLE,CYP2C9
PAMICOGREL,NFE2L2
CHEMBL:CHEMBL259865,NFE2L2
CHEMBL:CHEMBL1738937,AR
DOVITINIB,NTRK2
AMI-1,PRMT1
RP-67580,CYP3A4
SPIROXATRINE,KCNH2
SOTALOL,CYP1A2
BETA-CCM,HSD17B10
LINOLEIC ACID,ALDH1A1
GLYCINE,CYP3A4
CHEMBL:CHEMBL265686,SMN1
PP2,MAPK9
PYRACLOSTROBIN,TP53
CHEMBL:CHEMBL2036119,TUBB4A
CHEMBL:CHEMBL2036119,TUBB3
CHEMBL:CHEMBL17201,ALDH1A1
CHEMBL:CHEMBL1276446,CDK5R1
CHEMBL:CHEMBL1276446,CDK5
DODINE,AR
CHEMBL:CHEMBL227298,CYP1A2
CHEMBL:CHEMBL1935538,TUBB3
CHEMBL:CHEMBL1256740,KCNH2
FLUACIZINE,AR
SOTRASTAURIN,PDGFRB
HYDROXYCAMPTOTHECIN,CYP3A4
ZOXAZOLAMINE,CYP2D6
CLIOQUINOL,RORC
DNQX,FASN
GOSSYPOL,GAA
PYRACLOSTROBIN,AR
CITRIC ACID,ALDH1A1
CLADRIN,HSD17B10
DIBUTYLDICHLOROSTANNANE,AR
NIFEDIPINE,NR3C1
CHEMBL:CHEMBL584860,CYP2C9
BERKELEYTRIONE,MMP3
AHPN,MAPK1
CYCLOSPORINE,ABCC2
DIFENOCONAZOLE,NR1H4
MERCURIC CHLORIDE,NFE2L2
LEFLUNOMIDE,NFE2L2
NVP-TAE684,MAP4K2
CP-547632,MAP4K5
CHEMBL:CHEMBL585769,SMN2
ISOQUERCETIN,GAA
PHENYLMERCURIC ACETATE,HSD17B10
DIFLUFENICAN,CYP2C19
OFLOXACIN,CYP2D6
CP-547632,SRC
QUINALIZARIN,ALOX15
CANTHARIDIN,MAPK1
CHEMBL:CHEMBL607140,NFE2L2
SOTALOL,CYP2C9
CHEMBL:CHEMBL578512,NFE2L2
CHEMBL:CHEMBL591864,MEN1
BROMAMINIC ACID,NFE2L2
CHEMBL:CHEMBL233194,NPC1
NAFRONYL OXALATE,JUN
PALBOCICLIB,MAPK8
GR 127935,CYP2C19
NVP-TAE684,MAPK1
"(3Z)-N,N-DIMETHYL-2-OXO-3-(4,5,6,7-TETRAHYDRO-1H-INDOL-2-YLMETHYLIDENE)-2,3-DIHYDRO-1H-INDOLE-5-SULFONAMIDE",CYP3A4
URIDINE,SLC28A2
TARENFLURBIL,CYP2C19
PLASMIN,FGA
NATEGLINIDE,CYP2D6
ORTHO-PHTHALALDEHYDE,AR
ALSTERPAULLONE,MAPK1
APREMILAST,PDE4D
MERCURIC CHLORIDE,ESR1
QUINIZARIN,NFE2L2
EPIGALLOCATECHIN-3-GALLATE,BACE1
ANANDAMIDE,ALDH1A1
4-TRIETHYLGERMYLPHENOL,ESR1
NIFEKALANT,VDR
CHEMBL:CHEMBL604664,GLP1R
SOTRASTAURIN,KDR
VANOXERINE,CYP2C9
LANSOPRAZOLE,CYP3A4
MECLIZINE,CYP2D6
AZD8055,MTOR
COPANLISIB,PIK3C2A
COPANLISIB,PIK3C2G
BUPARLISIB,PIK3C2A
PILARALISIB,PIK3C2A
PILARALISIB,PIK3C3
DOXYCYCLINE ANHYDROUS,NOS2
ATORVASTATIN CALCIUM TRIHYDRATE,ABCB1
BRYOSTATIN 1,ABCB1
ANTIPARASITIC AGENT,ABCB1
CAPSAICIN,ABCB1
DEFEROXAMINE,ABCB1
IL-3,ABCB1
LENOGRASTIM,ABCB1
C-FOS ANTISENSE,AGTR1
PROTEIN PHOSPHATASE INHIBITOR,APOA1
HYDROGEN PEROXIDE,APRT
ALTEPLASE,APRT
THERAPEUTIC GLUCOCORTICOID,AQP1
DITIOCARB,BCL2
CAPSAICIN,BDNF
SODIUM CHLORIDE,BDKRB2
THERAPEUTIC GONADOTROPIN,BDNF
OPIATE,BDNF
K-252A,BDNF
SODIUM CHLORIDE,BDNF
NALOXONE HYDROCHLORIDE,BDNF
RECOMBINANT INTERLEUKIN-1 RECEPTOR ANTAGONIST,BDNF
TROGLITAZONE,BDNF
MITOMYCIN,BGLAP
VERTEPORFIN,BDNF
VITAMIN D,BGLAP
COBALT,CA2
VITAMIN D,CASR
PREDNISONE,CALCA
ANTIESTROGEN,CYP1A1
ADENOVIRUS VECTOR,CYP19A1
GENISTEIN,CYP19A1
RUTIN,CYP1A1
PHENOBARBITAL,CYP2B6
BMS-852927,NR1H3
VITAMIN D,CYP24A1
VORICONAZOLE,CYP2D6
MONOAMINE OXIDASE INHIBITOR,CYP3A4
"1,4-BENZOQUINONE",DDIT3
HYDROGEN PEROXIDE,DDIT3
TOPOISOMERASE INHIBITOR,DDIT3
RO 31-8220,DDIT3
ASPIRIN,DDIT3
HYDROXYUREA,DNMT1
CS-8080,NR1H2
CURCUMIN,DFFB
ADENOSINE DEAMINASE INHIBITOR,DNTT
LANREOTIDE ACETATE,EDN1
THROMBIN,F11
SU-014813,FLT4
DEXTRAN SULFATE,F9
LITHIUM,FAS
CLOFIBRATE,FABP1
SU-014813,FLT3
FLUOROURACIL,FAS
ATORVASTATIN CALCIUM TRIHYDRATE,FAS
ALPHA-ADRENERGIC ANTAGONIST,GCG
INDOLE-3-CARBINOL,GDF15
BROMOCRIPTINE,GDNF
NONSTEROIDAL ANTIINFLAMMATORY DRUG,GDF15
ASPIRIN,GFAP
CALCITRIOL,GDF15
PIROXICAM-BETA-CYCLODEXTRIN,GGT1
AMIFOSTINE ANHYDROUS,GSR
PREDNISONE,GSTM1
TROGLITAZONE,GSTM1
CURCUMIN,GSTP1
LITHIUM,IL1B
VITAMIN D,IL1R1
RESVERATROL,IL1B
RECOMBINANT TRANSFORMING GROWTH FACTOR-BETA,IL2
MACROLIDE ANTIBIOTIC,IL2
THERAPEUTIC HORMONE,IL2RA
DEXTRAN SULFATE,IL2RA
INTERFERON BETA-1B,IL2RA
OMEPRAZOLE,CXCL8
ASPIRIN,IRS2
ATORVASTATIN CALCIUM TRIHYDRATE,ITGAM
THERAPEUTIC HORMONE,KCNA5
RECOMBINANT INTERFERON,KIR2DL3
STREPTOZOCIN,LCAT
ANTICOAGULANT AGENT,LEP
BROMOCRIPTINE,LEP
TYROSINE KINASE INHIBITOR,MARK2
CHLORHEXIDINE GLUCONATE,MMP2
THERAPEUTIC GLUCOCORTICOID,MMP1
LENOGRASTIM,MMP2
BROMOCRIPTINE,MYC
PEGINTERFERON ALFA-2A,NAT2
LITHIUM,NFE2L2
BROMOCRIPTINE,NPY
TYROSINE KINASE INHIBITOR,NQO1
TYROSINE KINASE INHIBITOR,NRG1
CAPSAICIN,NT5E
PROGESTIN,NRG1
ANTHRACYCLINE ANTINEOPLASTIC ANTIBIOTIC,NRG1
CYTARABINE,NRG1
HYDROCORTISONE BUTYRATE,PC
TYROSINE KINASE INHIBITOR,PAX2
RITUXIMAB,PIK3CG
HYDROGEN PEROXIDE,PIK3CG
ALTEPLASE,PIK3CG
EPOETIN ALFA,PLAT
LENOGRASTIM,PLAU
AZD-6482,PIK3CB
GENTAMICIN,SDHB
STREPTOZOCIN,SI
NORGESTREL,SHBG
THERAPEUTIC GLUCOCORTICOID,SLC2A4
CLOFIBRATE,SLC2A4
THYMIDINE,SLC2A1
PROTEASE INHIBITOR,SLC2A4
STREPTOZOCIN,SLC2A5
SOMATROPIN (RECOMBINANT DNA ORIGIN),SLC2A4
THERAPEUTIC GLUCOCORTICOID,SLC9A3
ALDESLEUKIN,SOCS1
LEUPROLIDE ACETATE,SMAD3
PROTEIN PHOSPHATASE INHIBITOR,SPP1
TYROSINE KINASE INHIBITOR,SPP1
STREPTOZOCIN,SSTR1
VALINOMYCIN,SST
PREGNANT MARE SERUM GONADOTROPIN,TAC1
GENISTEIN,TGFB1
ROGARATINIB,FGFR1
POLYETHYLENE GLYCOL 4000,TG
ETOPOSIDE,XIAP
BAY-1125976,AKT2
CYTARABINE,XIAP
CEP-5214,FLT4
ERLOTINIB,MET
GLUCARPIDASE,ABCC4
THEOPHYLLINE,CYP1A2
THALIDOMIDE,ERCC1
METHOXAMINE,ADRA1D
MEMANTINE HYDROCHLORIDE,NR1I2
RITONAVIR,APOC3
EPIRUBICIN,SLC28A3
ROGARATINIB,FGFR4
SIPONIMOD,CYP2C9
ROSUVASTATIN,HNF4A
LEUCOVORIN CALCIUM,ABCG2
LOVASTATIN,ABCG2
EPIRUBICIN,ABCG2
ZIDOVUDINE,ABCG2
METHACHOLINE,ADRB2
CYCLOGUANIL,SLC22A1
NIFEDIPINE,NOS1AP
DEXTROAMPHETAMINE SULFATE,DRD2
METHOTREXATE,COL18A1
ATAZANAVIR,SORCS2
NEFAZODONE,ABCB1
ETHAMBUTOL HYDROCHLORIDE,CYP2B6
PALIPERIDONE,ABCB1
ALDOSTERONE,ABCB1
ILOPERIDONE,HTR2C
TOLPERISONE,CYP2D6
ABACAVIR,LST1
AMISULPRIDE,SNAP25
STAVUDINE,HLA-B
DISULFIRAM,ADRA1A
APIXABAN,CYP3A5
APIXABAN,CES1
VINCRISTINE,FCGR3A
VINCRISTINE,DOK5
"3,4-METHYLENEDIOXYMETHAMPHETAMINE",CYP2D6
LOVASTATIN,CYP2D6
AZATHIOPRINE,IMPDH2
BUCINDOLOL HYDROCHLORIDE,ADRA2C
AZATHIOPRINE,CASP9
THALIDOMIDE,CTNNB1
INFLUENZA VACCINE,HLA-DRB1
METHOTREXATE,GSK3B
METHOTREXATE,HLA-E
IRINOTECAN HYDROCHLORIDE,RALBP1
AMOXICILLIN ANHYDROUS,HLA-DPB1
AMOXICILLIN ANHYDROUS,PTPN22
BUPROPION HYDROCHLORIDE,SACM1L
AMOXICILLIN ANHYDROUS,HLA-C
HEPARIN,HLA-DRB3
BISOPROLOL,KCNH2
MEMANTINE HYDROCHLORIDE,BCHE
EDOXABAN,CYP3A5
LEUCOVORIN CALCIUM,PDGFRB
TIROFIBAN,FGB
ODEVIXIBAT,JAG1
CLOPIDOGREL,CDH13
CLOPIDOGREL,ABCA1
SIMVASTATIN,CYP2C8
CARBAMAZEPINE,LTA
PEGLOTICASE,G6PD
LAPATINIB,HLA-C
METFORMIN,CAPN10
BROMAZEPAM,CYP1A2
LOVASTATIN,APOA5
TRIAZOLAM,CYP3A5
CYCLOBENZAPRINE,CYP3A5
PEGINTERFERON ALFA-2B,SLC28A2
GLUCARPIDASE,INSRR
CARBAMAZEPINE,ALK
LUTETIUM LU 177 DOTATATE,SSTR3
INCLISIRAN,APOB
DEFERASIROX,CYP27B1
HEROIN,DRD3
ABCIXIMAB,FGA
PEGINTERFERON ALFA-2A,CYP27B1
OXCARBAZEPINE,UGT1A7
PEGINTERFERON ALFA-2A,HLA-A
LAPATINIB,HLA-A
CISAPRIDE,SCN5A
WARFARIN,VEGFA
WARFARIN,CRP
PIVALOYLOXYMETHYLBUTYRATE,HDAC4
CLOBETASOL,NR3C1
ETONOGESTREL,ESR1
PD-0166285,PDGFRB
FLUPIRTINE,KCNJ3
CIMAGLERMIN ALFA,ERBB4
PHA-793887,CDK6
MEM 1414,PDE4A
NALMEFENE,OPRM1
FLUOXETINE HYDROCHLORIDE,HTR2A
SGX-523,MET
PENTOSAN POLYSULFATE,FGF4
RWJ-67657,MAPK14
PEGINTERFERON ALFACON-1,IFNAR1
TELAPRISTONE,PGR
PONATINIB,SRC
PAC-14028,TRPV1
TELATINIB,FLT1
INDANTADOL,MAOB
DEBRISOQUIN,ADRA2A
AVE8134,PPARA
LONAPRISAN,PGR
OMS405,PPARG
CILAZAPRIL,AGT
DAPIPRAZOLE,ADRA1A
ANLOTINIB,PDGFRB
GLYBURIDE,KCNJ1
GLYCOOPTIMIZED TRASTUZUMAB-GEX,ERBB2
AT-7519,CDK2
AZELAPRAG,APLNR
INAVOLISIB,PIK3CG
CPG OLIGODEOXYNUCLEOTIDE TLR9 AGONIST DV281,TLR9
CRENIGACESTAT,NOTCH1
RONICICLIB,CDK5
GR148672X,CES1
ETHINYLESTRADIOL/DROSPIRENONE/PRASTERONE,ESR1
CRIDANIMOD SODIUM,PGR
IT-139,HSPA5
FORETINIB,PDGFRB
SELECTIVE ESTROGEN RECEPTOR MODULATOR CC-8490,ESR1
RALIMETINIB,MAPK14
PMX53,MC4R
KETOROLAC TROMETHAMINE,COX8A
XL-999,FLT3
NARINGENIN,GLO1
XL-999,PDGFRB
PIMAGEDINE HYDROCHLORIDE,NOS2
ORTATAXEL,TNF
SAMOTOLISIB,MTOR
BUPROPION HYDROCHLORIDE,SLC6A4
TESEVATINIB,ERBB2
RIVICICLIB,CDK4
SB-436811,UTS2R
XL-999,KDR
TESEVATINIB,EPHB4
CHEMBL:CHEMBL1086624,CETP
AME-133V,MS4A1
3K3A-ACTIVATED PROTEIN C,PROC
VATREPTACOG ALFA (ACTIVATED),F7
ERGONOVINE,DRD2
ROLIPRAM,PDE5A
EPIDERMAL GROWTH FACTOR,EGF
BATEFENTEROL,CHRM2
INDIBULIN,TUB
NLX-101,HTR1A
METFORMIN,ACACB
TEMANOGREL,HTR2A
L-NAME,NOS3
AZD8683,CHRM3
(S)-FLUROCARAZOLOL,A2M
[3H]ELETRIPTAN,A2M
SB-773812,DRD2
METHYSERGIDE,NAT2
RU 24969,NAT2
[3H]5-HT,SERPINA3
BURIXAFOR,CXCR4
RITANSERIN,ABCA4
TOLAZOLINE,AOC1
ATIPAMEZOLE,AOC1
LOFEXIDINE,AOC1
RASEGLURANT,GRM5
APELIN-17,ACADSB
[3H]DPCPX,ABAT
UNC4203,AXL
CGP 20712A,ABO
LTB4,AMH
COMPOUND 13D [PMID: 23639540],DNMT1
ACPHE-ORN-PRO-D-CHA-TRP-ARG,ACACB
FLPLAR,ACACA
AC-RHYPLWR,ACACA
[125I]C5A (HUMAN),ACACB
COMPOUND 21 [PMID: 25259874],ACACA
CCL18,ACTA1
CCL5,ACTB
CCL2,ACTB
CFTRINH-172,CFTR
GATX1,CFTR
THAL-SNS-032,EGR4
RIVICICLIB,EGR4
BS-194,EGR4
CDK4 INHIBITOR III,CDK4
CDK2 INHIBITOR IV,CDK4
BSJ-03-204,EIF4EBP1
BSJ-03-123,EIF4EBP1
SETANAXIB,GZMB
LTC4,AMPD1
PROCHLORPERAZINE,ALDH1A1
NGB 2904,ALDH1A1
COMPOUND 15A [PMID: 36642961],EZH2
BIMOSIAMOSE,SELP
INFIGRATINIB,SLC26A3
SAFIT2,ONECUT1
COMPOUND 25 [PMID: 17935989],DRD1
POLMACOXIB,PTGS2
IRPAGRATINIB,SLC26A3
VEGFB,DRD1
COMPOUND 8I [PMID: 22765894],DRD3
LINIFANIB,DRD3
"L-888,607",APOC2
VANTICTUMAB,ALDOB
PP1,ENO2
POLMACOXIB,CA1
(R/S) EF-1500,CD14
ATPO,ASS1
S18986,ASS1
SANTACRUZAMATE A,HDAC4
KA1010,GAS2
GIVINOSTAT,GAS2
1-PALMITOYL-LYSOPHOSPHATIDYLCHOLINE,ADH1C
MSMB (91-114),ADCY3
LY3410738,GRB2
BX-912,DRD2
CANLITINIB,DRD2
STX-100,ITGB6
GLESATINIB,DRD2
CHMFL-KIT-64,DPT
STEM CELL FACTOR,DPT
PEXIDARTINIB,DPT
BA2+,ASIP
PIP2,KCNJ5
BA2+,ASPA
VU0405601,BAD
MIDOSTAURIN,CTSV
PF-3758309,CTSV
DDR1/2 INHIBITOR 5N,EPHX2
ACALABRUTINIB,EPHX2
WH-4-023,EPHX2
PP1,EPHX2
COMPOUND 17 [PMID: 23916253],LNPEP
OBATOCLAX,MCHR1
MEK INHIBITOR I,ERBB3
MEK INHIBITOR I,ERBB2
JNK INHIBITOR VIII,CTNS
NNC 11-1607,AANAT
G&OUML; 7874,AANAT
MEPENZOLATE,AANAT
N-BENZYL BRUCINE,AANAT
AE9C90CB,AANAT
VINCAMINE,AANAT
OXOTREMORINE,AANAT
IPRATROPIUM CATION,AANAT
HEXAHYDROSILADIFENIDOL,AANAT
SCOPOLAMINE,AANAT
DYNORPHIN B,APOF
CODEINE ANHYDROUS,APOF
TETRAMETHYLAMMONIUM,SLC47A1
ATX-II,BAX
NEUROPEPTIDE-&GAMMA;,AQP3
ZM 253270,AQP4
ZM-274773,AQP4
[3H]DPDPE,SLCO1A2
NARINGIN,SLCO1A2
CLONIDINE HYDROCHLORIDE,CDK4
PSB-16133,APCS
RP-5-OME-UDP&ALPHA;B,AIRE
ATOPAXAR,APOD
SLIGRL-NH2,APOE
I-191,APOE
AG-17724,FOXA3
L-796449,BCKDHB
ACALISIB,F5
COMPOUND 82 [PMID: 21332118],F3
AZD6482,F5
BIMIRALISIB,F5
AZD-8186,F5
BGT-226,F5
PP-121,F5
SAPANISERTIB,F5
BIMIRALISIB,PIK3CB
BAY-8400,PIK3CB
VS-5584,F7
STK16-IN-1,F7
VINPOCETINE,COL8A2
MK-0359,COL11A2
ME0328,GNAI2
ULIPRISTAL ACETATE,BDNF
SR1001,BCL2L1
A(4-24)(B7-24)H2,APP
LY3540378,APP
RELAXIN-1,APP
COMPOUND 43 [PMID: 26751273],AMY2A
AMILORIDE,CD38
BOSUTINIB,MS4A2
DEXTROAMPHETAMINE SULFATE,AQP7
"PHOSPHATIDYL (3,5) INOSITOL BISPHOSPHATE",ARHGAP1
ML SA1,ALDH7A1
RO3280,FGFR4
81C6 131I,TNC
LASW1393,TYK2
OPC-51803,AQP9
D[D-PAL2]AVP,AQP9
DACARBAZINE,FN1
DANTHRON,RXRA
DAUNORUBICIN LIPOSOMAL,WT1
TIRBANIBULIN,FLT3
AMG-888,ERBB3
BILASTINE,HRH1
CABOZANTINIB S-MALATE,PIK3CA
NILOTINIB,FLT3
PLATINUM COMPOUND,ERCC1
ALVOCIDIB,ALK
GSK-1838705A,ALK
AZD8055,FGFR1
ISOXSUPRINE HYDROCHLORIDE,ADRB2
TRAMETINIB DIMETHYL SULFOXIDE,KEAP1
COPANLISIB,KIT
ROMIDEPSIN,KMT2A
TUBASTATIN A,NRAS
ERK INHIBITOR CC-90003,NRAS
KRAS G12D INHIBITOR MRTX1133,NRAS
GILTERITINIB,NRAS
BAY1125976,PIK3CA
SORAFENIB,PIK3CA
MEDI-5117,IL6
CHEMBL:CHEMBL263664,PIK3CA
TORIN 1,PIK3CA
AZD8055,PIK3CA
NVP-AEW541,PIK3CA
AZD8055,PTEN
RIGOSERTIB SODIUM,PTEN
TEMOZOLOMIDE,PTEN
SAR260301,PIK3CA
XL-820,FLT4
CHEMBL:CHEMBL532452,GLP1R
CHEMBL:CHEMBL1935538,HSPB1
RIVICICLIB,CDK9
ADENOSINE,ADORA2B
VPS34-IN-1,F3
OMADACYCLINE TOSYLATE,RPSA
BETULIN,TOP2A
ROSIGLITAZONE,HSD17B10
LANSOPRAZOLE SULFIDE,CYP2D6
LEFAMULIN ACETATE,RPSA
LY377604,ADRB3
CALMIDAZOLIUM CHLORIDE,SUMO1
MT-II,ANGPT1
[111IN]DOTA-NOC-ATE,AQP2
TPC2-A1-P,ARHGAP4
AZD-4017,HSD11B1
CRIZANLIZUMAB,SELP
"FACTOR XIII, HUMAN",F13A1
DESLANOSIDE,ATP1A1
IPRONIAZID,MAOB
COMPOUND 3B [PMID: 23454515],MARK2
CISPLATIN,ATM
AZD6482,TP53
CHEMBL:CHEMBL184450,NFE2L2
DIHYDROCAPSAICIN,CYP2C19
SONOLISIB,PIK3R1
PHENOBARBITAL,BAX
MEMANTINE HYDROCHLORIDE,GRIN2B
INK-1117,PIK3CB
HOMIDIUM BROMIDE,VDR
TETRAETHYLAMMONIUM CHLORIDE,GNAS
SPERMINE,CYP2C19
5-AMINOISOQUINOLINE,CYP3A4
COPANLISIB,NRAS
APILIMOD DIMESYLATE CAPSULE,PIK3CA
MELPHALAN,IFNG
ALENDRONATE SODIUM,PLAU
HEXAMETHYLENEBISACETAMIDE,TG
"L-162,313",CYP2C9
ALDESLEUKIN,CD40LG
GEFITINIB,CYP2C9
AGN-211745,FLT1
DENUFOSOL,APCS
RAMIPRIL,ADRB2
UMBRALISIB TOSYLATE,PIK3CD
ANTICONVULSANT AGENT,GSTM1
CLOTRIMAZOLE,NR1I2
BMS-816336,HSD11B1
GUANFACINE HYDROCHLORIDE,AOC1
HISTIDINE,GAPDH
CHLORAMPHENICOL,ALDH1A1
SB-408124,VDR
TETRACYCLINE,NR1I2
LYOPHILIZED HUMAN RECOMBINANT INTERFERON-BETA 1A FP-1201,IFNB1
MIFEPRISTONE,PGR
CHEMBL:CHEMBL552439,CYP2D6
METFORMIN,SRR
PD-0166285,LCK
FLUMAZENIL,NFE2L2
DEXTROAMPHETAMINE SULFATE,SLC18A2
COMPOUND 14J [PMID: 27050842],NOS1
CLIOQUINOL,NFE2L2
H2O2,FCGR3A
BMS-690514,KDR
CHEMBL:CHEMBL320361,TP53
ASPIRIN,HMOX1
FRUCTOSE,FHIT
SORAFENIB,FGFR1
FENTANYL CITRATE,MYD88
MEPROBAMATE,PRKCE
OLOPATADINE,HRH1
CHEMBL:CHEMBL591628,GPR55
BEVANTOLOL HYDROCHLORIDE,SLC18A2
NALBUPHINE HYDROCHLORIDE,CYP1A2
CEVIMELINE HYDROCHLORIDE,CHRM3
DIMETHENAMID,PPARG
(S)-ALAPROCLATE,CYP3A4
CYCLIZINE,HRH1
SUFORAPHANE ISOSELENOCYANATE,NFE2L2
CHEMBL:CHEMBL121556,SMAD3
THROMBIN,DES
TIGULIXOSTAT,XDH
ATALUREN,RPS19
MILRINONE,COL9A3
MIFEPRISTONE,NR3C1
ALTEPLASE,ADM
EVOGLIPTIN,DPP4
SOBLIDOTIN,TUB
EP4 ANTAGONIST ONO-4578,PTGER4
ACADESINE,PRKAA2
PHORBOL 12-MYRISTATE 13-ACETATE,VAV1
ALANINE,SLC38A1
BETHANIDINE,ADRA2C
JNJ-38877605,MET
SPIPERONE,ABCA4
BOSUTINIB,BRCA2
SR-123781A,F2
THERAPEUTIC GLUCOCORTICOID,BGLAP
TRAIL,HSPA4
CERDULATINIB,SYK
4-CHLOROMERCURIBENZOIC ACID,NFE2L2
HYDROGEN PEROXIDE,ITGB2
CHEMBL:CHEMBL123904,CYP2C9
CYCLOSPORINE,LEP
CHEMBL:CHEMBL585502,ATXN2
XL-228,SRC
HARMOL,HSD17B10
CHEMBL:CHEMBL1494650,XBP1
AZD7624,AHSA1
LAMPALIZUMAB,CFD
LERCANIDIPINE HYDROCHLORIDE,CACNA1C
FIPRONIL,NFE2L2
MK-886,ALOX15
VANILLIN,ALDH1A1
ETHINYLESTRADIOL/DROSPIRENONE/PRASTERONE,AR
NABUMETONE,CYP2C9
ANTI-ANGIOPOIETIN MONOCLONAL ANTIBODY AMG 780,ANGPT1
BENSERAZIDE HYDROCHLORIDE,VDR
CHEMBL:CHEMBL242172,CYP2C9
NITRIC OXIDE-RELEASING ACETYLSALICYLIC ACID DERIVATIVE,PTGS1
BALIXAFORTIDE,CXCR4
BROMFENAC,PTGS1
CUDC-101,HDAC1
PCO-371,XIAP
TRICHLOROETHYLENE,HLA-B
PONATINIB,PDGFRB
BUDESONIDE,NR3C2
SULFENTRAZONE,ESR1
HALOBETASOL,NR3C1
AMLODIPINE BENZOATE,CACNA1D
MECLOCYCLINE SULFOSALICYLATE,RPSA
DOVITINIB,CDK7
ANTIDEPRESSANT AGENT,CUX1
CARBAMAZEPINE,HLA-DQB1
CORTODOXONE,AR
CYCLOSPORINE,CYP2C19
METHAMPHETAMINE,ADRA2B
VORTIOXETINE HYDROBROMIDE,A2M
EPIRUBICIN HYDROCHLORIDE,SMAD3
PD-135158,CCKBR
MASITINIB,DPT
BI-3406,NRAS
VERNAKALANT HYDROCHLORIDE,KCNJ3
PHENYLMERCURIC ACETATE,AR
DEMECLOCYCLINE HYDROCHLORIDE,RPSA
VERNAKALANT HYDROCHLORIDE,KCNH2
BIMIRALISIB,ETFB
PILOCARPINE HYDROCHLORIDE,AANAT
OMIPALISIB,PIK3CA
GW-328267,ADORA2A
CHEMBL:CHEMBL585502,WRN
CURCUMIN,SMAD2
AZELNIDIPINE,CACNA1C
DABRAFENIB,EZH2
ENCLOMIPHENE,ESR1
TYK2 INHIBITOR 14L,EPHB2
BETIBEGLOGENE AUTOTEMCEL,HBB
TARLOXOTINIB,ERBB4
MK-212,HSD17B10
MDM2 ANTAGONIST RO6839921,TP53
INDUSATUMAB VEDOTIN,TUBB4A
TETRACYCLINE HYDROCHLORIDE,RPSA
BUPARLISIB,FGFR1
LUSPATERCEPT-AAMT,HBB
PLATINUM COMPOUND,BRCA2
PYRACLOSTROBIN,NFE2L2
STAVUDINE,CYP2C9
TRIMIPRAMINE MALEATE,ADRA1A
CURCUMIN,SMAD3
MEFENAMIC ACID,CYP3A4
CYCLOSPORINE,NR1I2
BERBERRUBINE,WRN
CALCITRIOL,TG
METAMIZOLE SODIUM,CYP2C9
ONATASERTIB,MTOR
TERPYRIDINE,HSP90AA1
ANTICONVULSANT AGENT,IL1B
"PAROXETINE HYDROCHLORIDE, HEMIHYDRATE",SLC6A4
4SC-203,FLT4
XL765,PIK3CB
LEVOCABASTINE,HRH1
SB 272183,A2M
BELUMOSUDIL,CTRB1
SCH 58261,CYP3A4
ALSTERPAULLONE,BLK
METHOTREXATE,FOXP3
CHEMBL:CHEMBL1490332,DNMT1
ENZYME INHIBITOR,IL6
PACLITAXEL,MAP3K1
DITHIAZANINE IODIDE,THRB
FLUROCHLORIDONE,AR
WEDELOLACTONE,MAPK3
AC710,DPYD
IXAZOMIB,PSMD7
CHEMBL:CHEMBL592124,WRN
SOMATROPIN (RECOMBINANT DNA ORIGIN),MYC
TBBT,VDR
CANAGLIFLOZIN,CD3E
SOLIFENACIN,AANAT
FENTANYL CITRATE,CYP2C19
ORAL CONTRACEPTIVE,IGFBP1
SARCOLYSIN,ALDH1A1
RESERPINE,TRPV1
LENIOLISIB,PIK3CD
ISOPROTERENOL,ADRA1A
THROMBIN,FAS
IBCASERTIB,FLT1
BUPARLISIB,PIK3R1
CR-6086,PTGER4
DIGOXIN,ABCB1
ORLISTAT,SERPINE1
ICHORCUMAB,F2
OMEPRAZOLE,TAC1
CONIVAPTAN HYDROCHLORIDE,AVPR2
LASW1393,EPHB1
PACRITINIB,EPHB2
METHYLDOPA ANHYDROUS,ADRA2C
GW-5823,CCKBR
COMPOUND 7 [PMID: 22464456],FGR
MRX-2843,FLT3
RESERPINE,NT5E
N-METHYLANTHRANILIC ACID,HSD17B10
PIMICOTINIB,DPYD
DIMETHYL FUMARATE,KEAP1
DALFAMPRIDINE,KCNB1
BIVATUZUMAB MERTANSINE,CD44
ISOGRANULATIMIDE,CHEK2
CARIPRAZINE HYDROCHLORIDE,DRD3
TAMOXIFEN,PIK3CA
THERAPEUTIC HORMONE,BGLAP
GIRIPLADIB,PLA2G4A
DIFFERENTIATION INDUCER,PLAU
CHEMBL:CHEMBL1453126,SMN2
CHEMBL:CHEMBL600374,KCNH2
DISULFIRAM,ABCB1
C5A,CPB2
AG 490,HIF1A
DINOSEB,TP53
TESIDOLUMAB,C5
CHEMBL:CHEMBL601822,NFE2L2
SIMVASTATIN,PON1
NIFEDIPINE,MAPK1
CHLORAMBUCIL,NFKB1
CLOROTEPINE,ATXN2
DELPAZOLID,RPSA
BEKANAMYCIN,RPSA
CHEMBL:CHEMBL579956,GLP1R
SCH442416,ABCA1
PF-04691502,ETFB
PELUBIPROFEN,COX8A
ISTIRATUMAB,ERBB3
METHYLPREDNISOLONE,NR3C1
ETRUMADENANT,ADORA2B
CHEMBL:CHEMBL582478,MEN1
SLAZINIC ACID,WRN
AMFONELIC ACID,HIF1A
CLARITHROMYCIN,CYP2D6
EPIANDROSTERONE,G6PD
CHEMBL:CHEMBL67535,HSD17B10
9-AMINOCAMPTOTHECIN,NFE2L2
MITOXANTRONE,CYP3A4
LENTINAN,IL2RA
EDIFOLIGIDE,E2F1
CERULENIN,FASN
AZD-1236,MMP12
SB220025,MAP4K5
FLUOROURACIL,MYB
SODIUM CHLORIDE,SGK1
NALBUPHINE HYDROCHLORIDE,OPRM1
FENOFIBRATE MICRONIZED,PPARA
SEGLITIDE,AQP2
PROTEASE INHIBITOR,ERBB2
SU11274,CBL
CUDC-101,HDAC5
IPTACOPAN,CFB
SIBUTRAMINE,CYP2B6
PROTUBOXEPIN A,BCL2
HALOPERIDOL DECANOATE,DRD3
AEE788,ERBB4
CHEMBL:CHEMBL118678,VDR
ANTIDEPRESSANT AGENT,CYP2C19
CHEMBL:CHEMBL287689,CYP1A2
PHANQUONE,VDR
ABCIXIMAB,FGB
HYDRALAZINE,PPARD
RUBOXISTAURIN,BAD
NORTRIPTYLINE,CYP2D6
ATENOLOL,TGFB1
THIMEROSAL,NR1H4
TAZEMETOSTAT,SMARCA4
BENOXAPROFEN,ALOX12
ESTRADIOL VALERATE,OXTR
TRIMIPRAMINE,HTR1A
FR139317,EDNRA
METHAMPHETAMINE,MAOB
ATRIAL NATRIURETIC PEPTIDE,NPR3
ALPELISIB,MTOR
ENZALUTAMIDE,CYP17A1
LAPATINIB,NRG1
TEMUTERKIB,MAPK3
METHDILAZINE HYDROCHLORIDE,HRH1
FONDAPARINUX,SERPINC1
INSULIN SUSP ISOPHANE RECOMBINANT HUMAN,INSR
RISPERIDONE,HTR2C
CHLORPROTHIXENE,HTR2C
TRIMIPRAMINE MALEATE,HTR2A
GLUCAGON (RDNA),GCGR
APRUTUMAB IXADOTIN,TUBB3
CORTISONE ACETATE,NR3C1
TIZANIDINE HYDROCHLORIDE,ADRA2B
METHOXAMINE HYDROCHLORIDE,ADRA1A
OCTREOTIDE ACETATE,SSTR4
PARGYLINE HYDROCHLORIDE,MAOB
ALBUTEROL SULFATE,ADRB2
PROPRANOLOL HYDROCHLORIDE,ADRB2
CASPOFUNGIN,GSC
KO-947,MAPK3
LOMITAPIDE MESYLATE,P4HB
CARFILZOMIB,PSMA6
CARFILZOMIB,PSMB9
ETRETINATE,RXRA
ETRETINATE,RXRG
SULTHIAME,CA14
CHLORAMPHENICOL,RPSA
INTERFERON ALFACON-1,IFNAR1
PROCAINAMIDE HYDROCHLORIDE,SCN5A
LIDOCAINE HYDROCHLORIDE,SCN5A
GUANIDINE HYDROCHLORIDE,KCNA2
GUANIDINE HYDROCHLORIDE,KCNA10
INFIGRATINIB PHOSPHATE,FGFR4
TIVOZANIB HYDROCHLORIDE,FLT1
PANOBINOSTAT LACTATE,HDAC3
PANOBINOSTAT LACTATE,HDAC1
BREXPIPRAZOLE,HTR1A
OSIMERTINIB MESYLATE,EGFR
ENMD-981693,BLK
ENMD-981693,LCK
ENMD-981693,PDGFRB
CHF4227,ESR1
EBDAROKIMAB,IL12B
4SC-203,FLT1
ILORASERTIB,BLK
ILORASERTIB,LCK
PEXMETINIB,TEK
ARQ-736,RAF1
AZD6703,MAPK14
AZD5438,CDK9
AMIVANTAMAB-VMJW,EGFR
CC-115,MTOR
AZD-8330,MAP2K2
M-2698,AKT1
PANULISIB,MTOR
PANULISIB,PIK3CA
VS-5584,MTOR
WX-037,PIK3R1
IRAMPANEL,GRIA4
LY2245461,ESR1
AZD8108,GRIN2B
SOTRASTAURIN,PRKCZ
SOTRASTAURIN,PRKCE
PEFICITINIB,TYK2
AEE-788,FLT1
AZD-4547,FGFR1
KD7040,NOS2
AMUVATINIB,MET
SONOLISIB,PIK3CB
TAMATINIB,SYK
XL-820,FLT1
LY377604,ADRB2
ETILEVODOPA,DRD3
CENICRIVIROC,CCR2
BALOVAPTAN,AVPR1A
"UK-432,097",ADORA2A
ATAGABALIN,CACNA1D
NERATINIB,EGFR
IMAGABALIN,CACNA1E
TEDISAMIL,KCNA2
ENTINOSTAT,HDAC1
OMARIGLIPTIN,DPP4
NAPROXEN ETEMESIL,PTGS1
BECATECARIN,TOP2A
ROBATUMUMAB,IGF1R
FORALUMAB,CD3E
ANTRAFENINE,PTGDS
CARBENOXOLONE,HSD11B1
ANTITHROMBIN ALFA,F2
SIFALIMUMAB,IFNA2
RALPANCIZUMAB,PCSK9
PF-03475952,CD44
TAREXTUMAB,NOTCH2
DORLIMOMAB ARITOX,RPL29
DORLIMOMAB ARITOX,RPL17
DORLIMOMAB ARITOX,RPS26
DORLIMOMAB ARITOX,RPS19
CENEGERMIN-BKBJ,NTRK2
ABEQUOLIXRON,NR1H3
ABEQUOLIXRON,NR1H2
FAM-TRASTUZUMAB DERUXTECAN-NXKI,ERBB2
IPRAGLIFLOZIN L-PROLINE,SLC5A2
EPALRESTAT,AKR1B1
RUPATADINE,HRH1
DIROXIMEL FUMARATE,KEAP1
TISOTUMAB VEDOTIN-TFTV,TUBB3
IMPLITAPIDE,MTTP
AZD-1656,GCK
PF-232798,CCR5
CAMIZESTRANT,ESR1
QUISINOSTAT,HDAC3
RIPASUDIL,ROCK1
GIREDESTRANT,ESR1
LORVOTUZUMAB MERTANSINE,TUBB3
REBIMASTAT,MMP9
NIROGACESTAT,PSEN2
NLY-01,GLP1R
CLESACOSTAT,ACACB
ATECEGATRAN METOXIL,F2
SERALUTINIB,PDGFRB
ENMD-2076,FGFR1
SERALUTINIB,KIT
PI3K/MTOR KINASE INHIBITOR PF-04691502,PIK3CA
ZSTK474,PIK3CD
FLUORANTHENE,NFE2L2
NADROPARIN CALCIUM,SERPINC1
MALATHION,CYP3A4
CHEMBL:CHEMBL287689,CYP2C19
LUTEOLIN,CYBB
AZELASTINE HYDROCHLORIDE,CYP3A4
TIAPROFENIC ACID,BRCA1
URB597,FAAH
CHEMBL:CHEMBL592124,VDR
TACRINE,CYP1A2
HOMIDIUM BROMIDE,TP53
PHENAZINE-1-CARBOXYLIC ACID,NFE2L2
GINSENOSIDE RH1,SIRT1
GEDATOLISIB,CRTC2
CHEMBL:CHEMBL579550,TP53
ALTISSIMACOUMARIN D,SIRT1
CHEMBL:CHEMBL70582,SMN2
TIOTIDINE,CYP3A4
PURPUROGALLIN,CASP6
2-AMINOANTHRACENE,NFE2L2
REMOXIPRIDE,CYP2C19
ELLIPTECINE,HBB
GOSSYPOL,CASP7
CHEMBL:CHEMBL1079460,ALDH1A1
CHEMBL:CHEMBL1079460,CYP2D6
TPCK,TP53
SP-600125,ALDH1A1
CHEMBL:CHEMBL154580,ALOX12
ALDRIN,RORC
CAPSAZEPINE,CYP2D6
CHEMBL:CHEMBL1709259,BRCA1
ZIDOVUDINE,CYP2C9
PURPUROGALLIN,WRN
PRILOCAINE HYDROCHLORIDE,ADRB2
PROSTAGLANDIN A2,ALDH1A1
PYRIDOSTIGMINE,CYP2D6
MORNIFLUMATE,NFE2L2
NVP-TAE684,FLT1
PP2,MAP2K2
COLUBRINIC ACID,GLI1
ANDROGRAPHOLIDE,RELA
CHEMBL:CHEMBL1439833,GLP1R
CHEMBL:CHEMBL600173,SMAD3
SPERMINE,CASP3
CHEMBL:CHEMBL108851,ALDH1A1
METHOXYCHLOR,PPARG
CLIOQUINOL,ALDH1A1
CHEMBL:CHEMBL582081,NFE2L2
PF750,FAAH
CHEMBL:CHEMBL589207,ALDH1A1
SULFAMETHOXAZOLE,CYP2C19
SP-600125,KDR
ALDRIN,CXCL8
ERYTHROSINE,THRB
CHEMBL:CHEMBL1481974,ALOX15
BERBERINE CHLORIDE,CYP3A4
CHEMBL:CHEMBL578741,HSD17B10
HOMIDIUM BROMIDE,CYP3A4
BUCLADESINE,CYP2D6
BRILLIANT GREEN OXALATE,CYP2C9
CHEMBL:CHEMBL70582,AHR
CHEMBL:CHEMBL577014,KCNH2
QUINALIZARIN,CYP3A4
RHEIN,NFE2L2
MERCURIC CHLORIDE,HBB
CLIOQUINOL,APP
(-)-N-PORPHYNORAPOMORPHINE,DRD1
METHOCARBAMOL,CYP2C9
PAZOPANIB,MAPK8
SPICLOMAZINE,CYP2D6
CHEMBL:CHEMBL596633,TP53
"L-694,247",CYP1A2
WHILE OLIVETOL,NFE2L2
KEPONE,ESR1
AHPN,HSD17B10
PIPOBROMAN,ALDH1A1
METHYL ROBUSTONE,SMN1
DOVITINIB,LCK
CHEMBL:CHEMBL392369,KIF11
MESTRANOL,CYP2D6
FLUORESCEIN DIPHOSPHATE,PTPN1
PYRIDOSTIGMINE,CYP3A4
URSOLIC ACID,GSK3B
NBQX,ARSA
NVP-TAE684,FLT4
SP-600125,INSR
CHEMBL:CHEMBL525486,KCNH2
PRAZOSIN,ABCG2
MITOXANTRONE,PIM1
NIFEDIPINE,RORC
DOVITINIB,CHEK2
ASPIRIN,HSD17B10
MERCURIC CHLORIDE,CYP3A4
CHEMBL:CHEMBL1445650,AGTR1
FURAZABOL,NFE2L2
DOVITINIB,BLK
PHENOXYETHANOL,RXRA
CHLORHEXIDINE HYDROCHLORIDE,AR
CYCLOSPORINE,ABCB1
ARISTOLACTONE,MAPK3
RUCAPARIB,PRKD2
CHEMBL:CHEMBL594153,TOP2A
CHEMBL:CHEMBL238624,CYP2C9
DAUNORUBICIN HYDROCHLORIDE,WRN
DOVITINIB,MAP4K2
HALCINONIDE,AR
HYCANTHONE,CYP1A2
CHEMBL:CHEMBL585502,NFE2L2
BROMOCRIPTINE,AR
OMEGA-CHLOROACETOPHENONE,RORC
GSK-269962A,MAP4K5
ASPIRIN,CYP2C9
BUTYRYLHYDROXAMIC ACID,HDAC3
RABEPRAZOLE,ALDH1A1
CP-547632,ALK
BUTYRYLHYDROXAMIC ACID,HDAC9
BUTYRYLHYDROXAMIC ACID,HDAC1
ELLIPTECINE,HIF1A
4-PHENYLBUTYRIC ACID,HDAC3
BENZETHONIUM CHLORIDE,ESR1
PURPUROGALLIN,VDR
BETAMETHASONE SODIUM PHOSPHATE,AR
DIPHENADIONE,VDR
RIFAMPIN,NR1I2
SOTRASTAURIN,FLT4
CLOSANTEL,SUMO1
TECTOQUINONE,NFE2L2
FENDILINE HYDROCHLORIDE,GPR55
"3,3',4',5-TETRACHLOROSALICYLANILIDE",AR
CHEMBL:CHEMBL598270,CYP2D6
VINBLASTINE,TUBB4B
ALSTERPAULLONE,FLT4
LOPINAVIR,ABCB1
ALOE-EMODIN,NFE2L2
COUMESTROL,ESR1
DIMETHISTERONE,NFE2L2
YANGONIN,NFE2L2
YOHIMBINE,DRD1
TRIFLUMIZOLE,AR
CHEMBL:CHEMBL375563,CASP7
CHLOROQUINE,TLR9
PIROXICAM-BETA-CYCLODEXTRIN,CYP1A2
CAMBINOL,VDR
GSK-269962A,HIPK2
GLAFENINE,CYP2D6
CHEMBL:CHEMBL581574,GNAS
CALMIDAZOLIUM CHLORIDE,KCNH2
CAPTAN,AR
HOMIDIUM BROMIDE,NFE2L2
DENATONIUM BENZOATE,CYP2D6
CHEMBL:CHEMBL589207,BRCA1
FLUDIOXONIL,AR
ANANDAMIDE,VDR
CHEMBL:CHEMBL84440,ACP1
CHEMBL:CHEMBL581240,KCNH2
SC-19220,CYP2D6
CHINIOFON,VDR
DITHIOLETHIONE,VDR
BENZALKONIUM CHLORIDE,MAPK1
PAZOPANIB,CDK7
CHEMBL:CHEMBL1256191,VDR
CHEMBL:CHEMBL1585652,NPY1R
SELEGILINE,MAOA
FLUDIOXONIL,RXRA
EFAVIRENZ,ABCB1
ORTHO-PHTHALALDEHYDE,THRB
CHEMBL:CHEMBL549216,KCNH2
N-AMINOHEXYL-5-CHLORO-1-NAPTHALENESULFONAMIDE HYDROCHLORIDE,CYP3A4
NATEGLINIDE,CYP1A2
QUINALIZARIN,TP53
CHEMBL:CHEMBL462731,CYP3A4
NIFEDIPINE,NFE2L2
DIETHYLSTILBESTROL,CYP2C9
LACTOFEN,AR
DESOXYCORTICOSTERONE PIVALATE,AR
QUINALIZARIN,HSD17B10
PARAROSANILINE,HIF1A
GR 127935,ATXN2
CHEMBL:CHEMBL1519374,ATXN2
QUINIZARIN,VDR
CADMIUM ACETATE,USP2
BETA-CCM,CYP3A4
BERBERRUBINE,ABCC8
BERBERRUBINE,KCNJ11
PF-03715455,CYP2D6
ANTHRAQUINONE,RXRA
CHEMBL:CHEMBL527585,GAA
CHEMBL:CHEMBL584860,CYP1A2
NVP-TAE684,DAPK3
EPIRUBICIN HYDROCHLORIDE,ATXN2
PHENYLMERCURIC ACETATE,VDR
TBBT,ATXN2
CHEMBL:CHEMBL15134,CYP3A4
6BIO,EPHX2
CHEMBL:CHEMBL590919,GLP1R
"(3Z)-N,N-DIMETHYL-2-OXO-3-(4,5,6,7-TETRAHYDRO-1H-INDOL-2-YLMETHYLIDENE)-2,3-DIHYDRO-1H-INDOLE-5-SULFONAMIDE",KCNH2
{4-[3-(4-ACETYL-3-HYDROXY-2-PROPYLPHENOXY)PROPOXY]PHENOXY}ACETIC ACID,PPARD
ATHRAQUINONES A,HSD17B10
CHEMBL:CHEMBL265686,KLF5
PERHEXILINE MALEATE,AR
PAZOPANIB,IGF1R
HYDROCOTARNINE,CYP1A2
BUFOGENIN,SMAD3
CITRIC ACID,PLIN1
BIOCHANIN A,CYP2C19
NATEGLINIDE,CYP3A4
OXADIAZON,NFE2L2
NVP-TAE684,CHEK2
SC-560,CYP2C19
METHYLROSANILINE,KCNH2
GUTHION,WRN
CHEMBL:CHEMBL505670,WRN
CHEMBL:CHEMBL532452,UBE2N
GSK-269962A,PRKD2
AG 490,CYP1A2
CHEMBL:CHEMBL443436,NFE2L2
CHEMBL:CHEMBL375563,CASP3
CHEMBL:CHEMBL242172,CYP2C19
NVP-TAE684,FLT3
GLAFENINE,CYP1A2
ZD-7155,CYP2C19
CHEMBL:CHEMBL74913,CYP3A4
CEFIXIME ANHYDROUS,PLCG1
"L-732,138",CYP2C19
ESTRAMUSTINE,AR
CHEMBL:CHEMBL591363,HSP90AA1
SP-600125,RPS6KB1
NVP-TAE684,CAMK1D
NEROLIDOL,ALOX15
NOREPINEPHRINE,DRD1
PREDNISOLONE HEMISUCCINATE,AR
NIFEDIPINE,AR
DANTROLENE,CYP2D6
THIETHYLPERAZINE MALATE,GFER
CHEMBL:CHEMBL580183,MAPK1
PYRONIN Y,ATXN2
(S)-VERAPAMIL,CYP3A4
NSC-663284,TP53
CURCUMIN,HSD17B3
CHEMBL:CHEMBL590184,NFE2L2
CURCUMIN,TUBB4B
CHEMBL:CHEMBL375563,CASP8
LAS38096,CSNK1D
CHEMBL:CHEMBL2347630,CXCR4
DOVITINIB,INSR
CHEMBL:CHEMBL576208,ATXN2
DOXORUBICIN HYDROCHLORIDE,MAPK1
LAS38096,MAP4K4
FENDILINE HYDROCHLORIDE,AR
LANSOPRAZOLE,VDR
TARENFLURBIL,CYP2C9
URSOLIC ACID,HDAC1
HOMIDIUM BROMIDE,PPARD
"O,O'-DIMETHYLCAFFEIC ACID",HSD17B10
LANSOPRAZOLE,NFE2L2
PP2,MAPK8
SKIMMIANINE,ACHE
ECONAZOLE NITRATE,ATXN2
CHEMBL:CHEMBL600334,TP53
ALFUZOSIN,GAA
NALED,NFE2L2
GOSSYPOL,CYP3A4
VINCRISTINE SULFATE,NR0B1
QUINAPRIL HYDROCHLORIDE,JUN
TERAZOSIN HYDROCHLORIDE HYDRATE,GAA
"(3Z)-N,N-DIMETHYL-2-OXO-3-(4,5,6,7-TETRAHYDRO-1H-INDOL-2-YLMETHYLIDENE)-2,3-DIHYDRO-1H-INDOLE-5-SULFONAMIDE",SMN1
PALBOCICLIB,ALK
CHEMBL:CHEMBL443343,NFE2L2
DIETHYLSTILBESTROL,CYP2C19
CHEMBL:CHEMBL600734,ATXN2
CHEMBL:CHEMBL74189,CYP1A2
ALSTERPAULLONE,CHEK2
DEXPROPRANOLOL HYDROCHLORIDE,KCNH2
CHEMBL:CHEMBL127579,NFE2L2
CHEMBL:CHEMBL473735,SMN2
DODECYL GALLATE,AR
TRIOXSALEN,CYP1A2
BENZYDAMINE,CYP2D6
SOTALOL,AR
"N-[6-(4-CHLOROPHENYL)-7-(2,4-DICHLOROPHENYL)-2,2-DIMETHYL-3,4-DIHYDRO-2H-PYRANO[2,3-B]PYRIDINE-4-YL]-4,4,4-TRIFLUORO-3-HYDROXYBUTANAMIDE (DIASTEREOMERIC MIX)",CNR1
PHTHALIC ACID,ALDH1A1
PHENYLALANINE,NFE2L2
CHEMBL:CHEMBL260451,GLP1R
BROXURIDINE,SMN1
ALTISSIMACOUMARIN C,SIRT1
CHEMBL:CHEMBL2332128,TOP2A
YUANHUADINE,MTOR
VANOXERINE,ATXN2
FRENTIZOLE,SMN2
PYRILAMINE,CYP2C19
CHEMBL:CHEMBL166112,NFE2L2
PD-0166285,MAP4K5
2-AMINOANTHRACENE,HSD17B10
"3',4'-DIMETHOXYFLAVONE",CYP3A4
PD-0166285,FLT3
SULFOBROMOPHTHALEIN,SLCO1B1
CHEMBL:CHEMBL2205805,CCR1
CHEMBL:CHEMBL257158,PDK1
NALOXONE BENZOYLHYDRAZONE,KCNH2
STANOLONE,NFE2L2
DUTASTERIDE,AR
CHEMBL:CHEMBL599100,TP53
THIMEROSAL,HSP90AA1
CHEMBL:CHEMBL590947,SMAD3
CHEMBL:CHEMBL531611,KCNH2
CHEMBL:CHEMBL601618,VDR
INDINAVIR,CYP2C9
NORTRIPTYLINE,TP53
SOTRASTAURIN,CAMK1D
PHENYLEPHRINE,DRD1
ALSTERPAULLONE,CDK5
LEFLUNOMIDE,SMN1
SOTRASTAURIN,AKT2
LEVONORDEFRIN,ALOX15
PARAROSANILINE,APP
FRENTIZOLE,AR
KEPONE,VDR
SB 228357,CYP2C9
DITHIAZANINE IODIDE,XBP1
GUANFACINE HYDROCHLORIDE,NFE2L2
METILDIGOXIN,AR
AM281,CYP2C9
QUINALIZARIN,MAPK1
CAPSAZEPINE,ALDH1A1
CHEMBL:CHEMBL220845,HSD17B10
VALPROIC ACID,CYP2C19
BUTACHLOR,NFE2L2
SILIDIANIN,SLCO1B1
SODIUM DODECYL SULFATE,VDR
PHENYLMERCURIC ACETATE,ALDH1A1
TERCONAZOLE,HSP90AA1
NVP-TAE684,ERBB4
ERYTHROSINE,VDR
CHEMBL:CHEMBL127579,NPC1
DIBROMOACETIC ACID,NFE2L2
OMEGA-CHLOROACETOPHENONE,VDR
CHEMBL:CHEMBL265686,TP53
SB 228357,CYP3A4
CHEMBL:CHEMBL16685,TP53
BISABOLOL,ALOX15
PURPUROGALLIN,GAA
CHEMBL:CHEMBL362223,CYP1A2
ARIPIPRAZOLE LAUROXIL,CYP2D6
DOLUTEGRAVIR SODIUM,UGT1A1
PARITAPREVIR,IFNL3
DROSPIRENONE,CYP2C19
ERYTHROMYCIN,G6PD
FORMOTEROL FUMARATE,CYP2D6
PEMBROLIZUMAB,EGFR
PAZOPANIB,UGT1A1
PRIMAQUINE,G6PD
TICAGRELOR,CYP2C19
TAMOXIFEN,F2
CARFILZOMIB,PSMB6
IPATASERTIB,AKT2
VINCA ALKALOID COMPOUND,ABCB1
ANTIVIRAL AGENT,ABCC4
ETHINYL ESTRADIOL,ACTB
ARGIPRESSIN,ACE
M-CSF,ACP5
ENZYME INHIBITOR,ADCYAP1
COBALT,ADA
POLYETHYLENE GLYCOL 4000,AFP
IL-4,BAX
CETUXIMAB,BAX
ETOPOSIDE,BAX
VINORELBINE,BAX
PROTEIN PHOSPHATASE INHIBITOR,BAX
OXALIPLATIN,BAX
C5A,BCL2
ESTRAMUSTINE,BCL2
CAELYX,BCL2
TYROSINE KINASE INHIBITOR,CCL11
RECOMBINANT ALPHA CHEMOKINE,CCL21
GENISTEIN,CCNA2
ANTIVIRAL AGENT,CD4
THERAPEUTIC GLUCOCORTICOID,CD163
ATORVASTATIN CALCIUM TRIHYDRATE,CD40LG
STREPTOZOCIN,CD40
ANTINEOPLASTIC ANTIBIOTIC,CD69
PROTEIN PHOSPHATASE INHIBITOR,CDK2
ORAL CONTRACEPTIVE,CP
ASPIRIN,COL18A1
DITIOCARB,CSF2
IL-3,CSF2
MASOPROCOL,CSF2
RETRO-INVERSO PEPTIDE,CTLA4
BENZODIAZEPINE,CYP2E1
ATORVASTATIN CALCIUM TRIHYDRATE,CYP3A4
STREPTOZOCIN,CYP2D6
URACIL,ERBB2
SOMATROPIN (RECOMBINANT DNA ORIGIN),F9
SEMAXANIB,FLT3
LEUPROLIDE ACETATE,CYP2C19
PHENOBARBITAL,FOS
DOXORUBICIN HYDROCHLORIDE,GABPA
PTHRP,G6PD
BUSULFAN,G6PD
HYDROCORTISONE BUTYRATE,GAL
STREPTOZOCIN,GALP
BUTHIONINE SULFOXIMINE,GCLC
SORBITOL,GFAP
OMEPRAZOLE,GSTP1
COBALT,HLA-A
COBALT,HIF1A
RESVERATROL,HGF
RECOMBINANT INTERFERON ALFA,HNF4A
RECOMBINANT INTERFERON,HLA-B
THERAPEUTIC HORMONE,HMOX1
EPOETIN ALFA,HRAS
MITOTANE,KCNH2
HYDROXYUREA,HRAS
ADENOVIRUS VECTOR,HRAS
CELECOXIB,HSPA4
IFOSFAMIDE,HSPA4
ETOPOSIDE,HSPB2
ATORVASTATIN CALCIUM TRIHYDRATE,HSPD1
GANCICLOVIR,IFNG
DIETHYLDITHIOCARBAMATE,IFNA1
THERAPEUTIC HORMONE,IGFBP1
FLUOXETINE HYDROCHLORIDE,IGF2
PREDNISONE,IFNG
THROMBIN,IGF1R
THERAPEUTIC GLUCOCORTICOID,IL15
AZATHIOPRINE,IL17A
"ALUM, POTASSIUM",IL17F
PROPYLTHIOURACIL,IL2RA
VITAMIN K,IL6
CYCLOSPORINE,RPS19
ESTRADIOL VALERATE,LIF
THROMBIN,LIF
THERAPEUTIC HORMONE,LIF
ASPARAGINASE,LPL
DEXTRAN SULFATE,LPL
LITHIUM,MAPK14
PTHRP,MAPK3
METHYLNITROSOUREA,MGMT
H2O2,MSR1
ENZYME INHIBITOR,MTR
DIBUCAINE,MYO9B
SODIUM CHLORIDE,MYO9B
TRAIL,MYC
THROMBIN,MYC
PTHRP,MYO9B
HYDROGEN PEROXIDE,NCF1
RECOMBINANT NEUROTROPHIC FACTOR,NOS1
ESTRADIOL VALERATE,NOS2
HYDROCORTISONE BUTYRATE,NR5A1
BRAIN-DERIVED NEUROTROPHIC FACTOR,NR5A1
CYCLOSPORINE,NR4A1
ORAL CONTRACEPTIVE,NQO1
ALTEPLASE,NTF3
DIETHYLDITHIOCARBAMATE,NTRK2
THERAPEUTIC GLUCOCORTICOID,NTRK1
SELECTIVE ESTROGEN RECEPTOR MODULATOR,PIK3CB
DACTINOMYCIN,PIK3CB
CALCITRIOL,PLAU
HYDROCORTISONE BUTYRATE,PLAU
MASOPROCOL,PLAU
STREPTOZOCIN,PRKAA1
ESTRADIOL VALERATE,PTPRC
LEVOTHYROXINE,SERPINE1
STREPTOZOCIN,S100B
NIMODIPINE,SERPINE1
RECOMBINANT INTERFERON,SLC29A1
PYRIPROXYFEN,AR
PREDNISONE,TG
DECITABINE,TGM2
THERAPEUTIC HORMONE,TNF
MASOPROCOL,TNF
ALTEPLASE,TNF
SULINDAC,TNFRSF10A
EPINEPHRINE,TNFRSF11B
PROPYLTHIOURACIL,TP53
DNA VACCINE,TP53
STREPTOZOCIN,UCP1
PHORBOL 12-MYRISTATE 13-ACETATE,VCAM1
BICALUTAMIDE,VDR
TROGLITAZONE,VCAM1
KETOCONAZOLE,VDR
CYTARABINE,VDR
IXABEPILONE,ERBB2
THERAPEUTIC CORTICOSTEROID,ST13
NORELGESTROMIN,AR
CAPIVASERTIB,ERBB2
ROSUVASTATIN,ABCC2
CLOPIDOGREL,B4GALT2
LOVASTATIN,LDLR
RITONAVIR,APOE
CEFACLOR ANHYDROUS,NR1I2
PACLITAXEL,NR1I2
NIFEDIPINE,NR1I2
QUINIDINE,KCNE1
ANALGESIC AGENT,BDNF
DEXAMETHASONE,CHRM3
PREDNISOLONE,MTHFR
MAFENIDE,G6PD
TRIMIPRAMINE,AKT1
IRINOTECAN HYDROCHLORIDE,ABCG1
EPIRUBICIN,TP53
ANTIDEPRESSANT AGENT,CRH
LEUCOVORIN CALCIUM,UMPS
ISOPROTERENOL,ADRA2A
ISOPROTERENOL,ADRA2C
PEMETREXED DISODIUM,EGFR
SACITUZUMAB GOVITECAN,BRCA2
PEGINTERFERON ALFA-2B,CTLA4
GEFITINIB,MAP3K1
TOPIRAMATE,INSR
BILIRUBIN,UGT1A
ACETAMINOPHEN,CD44
ZIDOVUDINE,CYP2E1
ABACAVIR,HLA-DRB1
PERPHENAZINE,PRKCE
DEXAMETHASONE,GATA3
GLYCEROL PHENYLBUTYRATE,ASS1
ARIPIPRAZOLE LAUROXIL,SH2B1
PALIPERIDONE,SH2B1
OMEGA-3 FATTY ACIDS,PTGS2
DEFERASIROX,VDR
RECOMBINANT INTERFERON,VDR
ROSUVASTATIN,CYP3A4
TRIAZOLAM,CYP3A4
VINCRISTINE,NOS3
THALIDOMIDE,FGF2
THALIDOMIDE,SLC10A2
PEGINTERFERON ALFA-2A,SOCS3
METHIMAZOLE,HLA-DRB1
ACETAMINOPHEN,PLCG1
METHOTREXATE,NOS3
EPIRUBICIN,FOXO1
AMOXICILLIN ANHYDROUS,HLA-DQB1
CARBAMAZEPINE,TNF
MIBEFRADIL,KCNH2
NIROGACESTAT,APC
BEVACIZUMAB-AWWB,CXCL8
TRIMIPRAMINE,DRD3
TRIMIPRAMINE,CYP1A2
TRIMIPRAMINE,BDNF
TRIMIPRAMINE,NEFM
TRIMIPRAMINE,HLA-A
PANITUMUMAB,NRG1
PALIPERIDONE,ERBB4
TRYPTOPHAN,SLC22A2
CYCLOSPORINE,IMPDH2
CYCLOSPORINE,UMOD
HEPARIN,IL1RN
POLATUZUMAB VEDOTIN,MYC
ROSUVASTATIN,APOA5
WARFARIN,MYC
ROSUVASTATIN,RXRA
ACETAMINOPHEN,TNFRSF11A
ACETYLCHOLINE,ACE
PROPOXYPHENE,CYP3A5
PEGINTERFERON ALFA-2B,SLC6A4
RIVAROXABAN,APOB
RESVERATROL,SIRT1
METHIMAZOLE,NOX3
ANTICONVULSANT AGENT,CPS1
ANTIDEPRESSANT AGENT,MAOA
HEROIN,ALDH2
HEROIN,CES1
TIROFIBAN,FGA
VARGATEF,FLT1
VARGATEF,FLT4
PIVALOYLOXYMETHYLBUTYRATE,HDAC9
ARQ-621,KIF11
LCL161,XIAP
SIVIFENE,ESR1
RIGOSERTIB,PIK3CA
ACAMPROSATE CALCIUM,GRM5
LINIFANIB,PDGFRB
SHARK CARTILAGE EXTRACT AE-941,MMP2
BECLOMETHASONE,NR3C1
BRYOSTATIN 1,PRKCB
FORMOTEROL FUMARATE,ADRB2
AVACOPAN,C5AR1
DESMOTEPLASE,PLG
CHEMBL:CHEMBL1415258,SMAD3
ILEPATRIL,MME
INDOMETHACIN,KCNE1
SAPANISERTIB,CRTC2
LUMATEPERONE,DRD2
GIVINOSTAT,HDAC9
LORCASERIN,HTR2C
QUERCETIN-3'-O-PHOSPHATE,ABCB1
OPROZOMIB,PSMB1
ACETAMINOPHEN,PTGS1
SNS01-T,EIF5A
SOBETIROME,THRB
TAPENTADOL,OPRM1
TRODUSQUEMINE,PTPN1
VX-765,CASP1
XL019,JAK2
ZANOLIMUMAB,CD4
YKP-1358,HTR2A
FINASTERIDE,SRD5A1
YKP-1358,DRD2
ASTEMIZOLE,HRH1
PRIMIDONE,CHRNA4
FOMEPIZOLE,ADH1C
BEPRIDIL,SCN5A
CLOZAPINE,HRH1
ARGIPRESSIN,OXT
BORTEZOMIB,PSMB1
NESIRITIDE,NPR2
QUINETHAZONE,SLC12A3
CHEMBL:CHEMBL1080077,TOP2A
SALSALATE,PTGS2
THIORIDAZINE,DRD2
TRIAMTERENE,SCNN1B
YOHIMBINE,ADRA2B
BMS-919373,KCNA5
ABRILUMAB,ITGA4
FPA144,FGF2
PLAMOTAMAB,MS4A1
CHEMBL:CHEMBL601364,MTOR
ONFEKAFUSP ALFA,FN1
ME-344,MTOR
IZORLISIB,PIK3CG
MARZEPTACOG ALFA (ACTIVATED),F7
EW-A-401,FLT1
GSK-1614235,SLC5A1
EPIDERMAL GROWTH FACTOR,EGFR
ELPETRIGINE,SLC25A20
TLR9 AGONIST SD-101,TLR9
LY-2881835,FFAR1
TABIMORELIN,GHSR
LADUVIGLUSIB,MAPK1
ETHINAMATE,CA2
LUCANTHONE,TOP2A
BUNTANETAP,ACHE
ODIPARCIL,F2
TAUROCHOLIC ACID,CEL
DEXEFAROXAN,ADORA2A
LAPULEUCEL-T,ERBB2
E913,CCR5
DIVALPROEX SODIUM,ABAT
SALMETEROL,ADRB2
ISOQUINE,KCNH2
ISOQUINE,CYP2D6
EPIGALLOCATECHIN GALLATE,MMP2
MK-3207,CALCRL
ROLIPRAM,PDE4D
ERIBULIN MESYLATE,TUB
MK-8245,SCD
GEMOGENOVATUCEL-T,CSF2
FAMITINIB,PDGFRB
FAMITINIB,KDR
DRL-17822,CETP
CETRELIMAB,PDCD1
BINTRAFUSP ALFA,PDCD1
ASP-0819,KCNN4
PRASTERONE,G6PD
PROGLUMIDE,CCKAR
INDECAINIDE,SCN5A
SARUPLASE,PLAU
BESIPIRDINE,ADRA1A
FOLIC ACID,SLC19A1
METHSCOPOLAMINE,CHRM3
SAR425899,GLP1R
SAR425899,GCGR
CARBIMAZOLE,CYP2C19
LINIFANIB,NTRK2
MASOPROCOL,ERBB2
PUERARIN,HTR2C
DANIQUIDONE,TOP2A
LAPACHONE,SIRT1
COVA322,IL17A
FORASARTAN,AGTR1
FENOFIBRATE MICRONIZED,CYP1A2
PODOFILOX,TUBB4A
AI-850,BCL2
EGANELISIB,PIK3CG
PAMIPARIB,PARP1
ALAGEBRIUM CHLORIDE,AGER
BREMELANOTIDE,MC4R
AVITRIPTAN,A2M
1-NAPHTHYLPIPERAZINE,A2M
2-METHYL-5-HT,A2M
5-HYDROXYTRYPTAMINE,A2M
ZOTEPINE,A2M
DOI,HTR2C
5-HYDROXYTRYPTAMINE,HTR2C
GR 127935,HTR2C
SB 242084,HTR2C
METERGOLINE,HTR2C
LUZINDOLE,CYP1A2
EMDT,NAT2
RITANSERIN,NAT2
1-NAPHTHYLPIPERAZINE,SERPINA3
VORTIOXETINE HYDROBROMIDE,SERPINA3
RITANSERIN,SERPINA3
GEFITINIB,CHEK2
HONOKIOL,CREB1
SB 258719,SERPINA3
TOZASERTIB,ALK
JUGLONE,THRB
CRIDANIMOD,AR
DX600,ACE2
MM07,ACADSB
(R)-PIA,ABAT
MRS1191,ABAT
BITHIONOLATE SODIUM,ALOX15
NECA,ABCA1
CGS 21680,ABCA1
AB-MECA,ABCA1
PSB-11,ABCA1
BAY-8400,EEF1B2P2
CGS-12066,CYP1A2
CANLITINIB,AXL
MERESTINIB,AXL
VIBEGRON,ACAA1
L 755507,ACAA1
RACEPINEPHRINE,ACAA1
COMPOUND 27 [PMID: 26938474],GRIA4
ZONISAMIDE,GAPDH
COMPOUND 18C [PMID:19143533],ACP5
DIHYDROXYBERGAMOTTIN,CYP3A4
"L-759,656",CNR2
A-71378,CCKBR
"[125I]DTYR-GLY-[(NLE28,31)CCK-26-33",CCKBR
CCT241533,CHEK2
CD2+,BUB1
COMPOUND 29 [PMID: 31934767],DPYD
CRENOLANIB,DPYD
DIGOXIN,AR
(S)-ARN2508,CPT1B
DAVALINTIDE,ACHE
[125I]CT (HUMAN),ACHE
CXCL12&EPSILON;,ACTG1
[125I]CXCL12&BETA; (HUMAN),ACTG1
SU9516,EGR4
COMPOUND 7 [PMID: 32302132],COX10
COMPOUND 7K [PMID: 23521020],DUSP1
RIPK1 INHIBITOR 22B,DUSP1
EPZ004777,GCNT1
SQ-27986,APOB
PROCHLORPERAZINE,ALCAM
N-PROPYLNORAPOMORPHINE,ALCAM
CHEMBL:CHEMBL586135,ATXN2
PIRIBEDIL,ALDH1A1
NAFADOTRIDE,ALDH1A1
(-)-N-PORPHYNORAPOMORPHINE,ALDH1A1
SODIUM SELENITE,JUN
DDR1/2 INHIBITOR 5N,ATN1
COMPOUND 56 [PMID: 8568816],DXO
ACALABRUTINIB,DXO
"C34 [ZHU ET AL., 2023]",DXO
CETUXIMAB,DXO
AH6809,APOC1
TG4-155,APOC1
[125I]PD151242,ALDH1B1
DARUSENTAN,ALDH1B1
CARBIMAZOLE,CYP1A2
HELENALIN,SMAD3
PHENAZOPYRIDINE HYDROCHLORIDE,NR1H4
CHEMBL:CHEMBL546797,ROCK1
DY131,BDKRB2
PSAMMAPLIN A,HDAC3
ZOLPIDEM TARTRATE,ARNT
AMILORIDE,ARRB2
MEPIVACAINE HYDROCHLORIDE,CYP1A2
CHEMBL:CHEMBL584458,NFE2L2
LENOMORELIN,ALOX15
CYCLOTHIAZIDE,ASS1
[3H]2-DEOXYGLUCOSE,SLC2A3
HARMAN,CYP2D6
SB 216763,ENSA
AZD1080,ENSA
COMPOUND 2 [PMID: 22560567],SLC29A1
COMPOUND 5B [PMID: 24900464],SLC29A1
BX-912,SLC29A1
AZD2858,SLC29A1
CHIR-98014,SLC29A1
SB-242235,MAP4K4
HYDRAMETHYLNON,ESR1
AR244555,ADRA2A
PAEONOL,CYP3A4
PSORA-4,CYP1A2
8-AZAGUANINE,HBB
ADENOPHOSTIN A,ITPR1
BERAPROST,APOC3
(&PLUSMN;)-EQUOL,BRCA2
JAK3 INHIBITOR 34,EPHB1
OFLOXACIN,BNIP3L
CEE321,EPHB1
PACRITINIB,EPHB1
DECERNOTINIB,EPHB2
ITACNOSERTIB,EPHB2
PF-956980,EPHB2
JAK3 INHIBITOR 34,EPHB2
INFIGRATINIB,DRD2
BMS-690514,DRD2
COMPOUND 19A [PMID: 30503936],DRD2
PEGDINETANIB,DRD2
PEXIDARTINIB,DRD2
VEGF RECEPTOR 2 KINASE INHIBITOR IV,DRD2
REGORAFENIB,DRD2
[1-BROMO-(3S)-HYDROX-4-(PALMITOYLOXY)BUTYL]PHOSPHATE,ACVRL1
STK16-IN-1,ETFB
TORIN 1,ETFB
RIDAFOROLIMUS,ETFB
COMPOUND 82 [PMID: 21332118],ETFB
FLUTICASONE,NR3C2
NDPPC,CTNNB1
LOSMAPIMOD,CTNNB1
SB202190,CTNNB1
PH-797804,CTNNB1
JNK INHIBITOR 9L,CTNNA2
CARBAMOYLCHOLINE,AANAT
UCM 549,ANK2
BUPRENORPHINE,APOF
EG00229,GYS2
&ALPHA;-CONOTOXIN PIA,ATF3
IPA-3,EXT3
PF-3758309,EYA1
AF-906,ATP1A4
ADENOSINE TRIPHOSPHATE,ATP1A4
UTP&GAMMA;S,APC
ORLISTAT,GALNT2
AZ2429,APOE
AC-55541,APOE
P2PAL18S,APOE
COMPOUND 52 [PMID: 28541707],F7
COMPOUND 82 [PMID: 21332118],F7
PP-121,F7
NEOLYMPHOSTIN A,F7
LENIOLISIB,F7
AZD1208,F11
COMPOUND 28 [PMID: 30624936],F9
CHMFL-KIT-64,DPP4
BPR1R024,DPP4
COMPOUND 37 [PMID: 29193967],MAPK14
TRIAZINE COMPOUND PC1,APOA2
MS023,PRMT1
BROXYQUINOLINE,TP53
OKADAIC ACID,HPX
ZAK INHIBITOR 6P,RIPK2
"(5E)-1-(4-FLUOROPHENYL)-5-[(5-METHYLTHIOPHEN-2-YL)METHYLIDENE]-2-SULFANYLIDENE-1,3-DIAZINANE-4,6-DIONE",GP1BA
TAZAROTENE,BCHE
BMS493,BCHE
SORAFENIB,PTK2B
LINIFANIB,PTK2B
RELAXIN-3 (B CHAIN),APRT
RLX-33,APRT
GARCINONE E,SMAD3
PINACIDIL,CYP3A4
ALANINE,SLC38A4
JNJ-7706621,MAPK8
BULEVIRTIDE,CD40LG
CGP-37157,CEBPA
COMPOUND 12E [PMID: 18605714],PLA2G10
DASATINIB ANHYDROUS,MS4A2
WH-4-023,MS4A2
GS-9256,SLC22A6
[125I]CGP 23996,FAS
"L-797,591",FAS
VAPREOTIDE,FASLG
[L-TYR8]CYN 154806,AQP1
[125I]CGP 23996,AQP2
SMD-3040,GLO1
RK-287107,HLA-DMB
CHEMBL:CHEMBL597035,MAPK1
PEMETREXED DISODIUM,GCGR
ONO-3708,APOC4
M084,ATP2A3
PYR10,ATP2A2
ML204,ATP2A3
TOFACITINIB,STAT5A
CIM0216,ATP4A
MAPROTILINE,ATP4A
CEE321,TYK2
CHEMBL:CHEMBL1927048,BMP2
MOMELOTINIB,TYK2
JAK3 INHIBITOR 34,TYK2
UROTENSIN II-RELATED PEPTIDE,UTS2R
"[3H]AVP (HUMAN, MOUSE, RAT)",AQP9
D[D-PAL2]AVP,AR
NELIVAPTAN,AR
[PHE3]OT,ABCC6
CHEMBL:CHEMBL306786,ABCB1
COMPOUND 25 [PMID: 17935989],FKBP1B
TYRPHOSTIN A9,CYP1A2
APSTATIN,CYP4A11
U73122,ALOX15
STREPTONIGRIN,VDR
DAUNORUBICIN LIPOSOMAL,IKZF1
ANTI-C-MET MONOCLONAL ANTIBODY SAIT301,MET
BINIMETINIB,HRAS
LINIFANIB,MAPK14
METFORMIN,NRAS
CLEMASTINE FUMARATE,ATXN2
FULVESTRANT,CDK6
PONATINIB,FGFR4
LINIFANIB,CSNK1D
ABIRATERONE ACETATE,AR
TETRAZOLIUM RED,SMAD3
IBUDILAST,CYP3A4
BET INHIBITOR,FOXO1
P53/HDM2 INTERACTION INHIBITOR CGM097,ALK
REPOTRECTINIB,ALK
BATOPROTAFIB,ALK
CYCLOPHOSPHAMIDE ANHYDROUS,ALK
BUPARLISIB,APC
"IBUPROFEN, SODIUM SALT",APC
RUCAPARIB,ATM
DURVALUMAB,ATM
PEGYLATED SN-38 CONJUGATE PLX038,ATM
BALSTILIMAB,CD274
DOXORUBICIN LIPOSOME,CD274
IRINOTECAN HYDROCHLORIDE,CD274
PD-L1/IDO PEPTIDE VACCINE IO102-103,CD274
IMATINIB,CTNNB1
BRIGATINIB,FGFR1
RESVERATROL,NPC1
TYRPHOSTIN AG 879,ALDH1A1
CHEMBL:CHEMBL1374610,CYP3A4
CYC-116,FLT1
MEDROXYPROGESTERONE ACETATE,CYP3A4
N-[2-(2-IODO-5-METHOXY-1H-INDOL-3-YL)ETHYL]ACETAMIDE,CYP2D6
AVAPRITINIB,FLT3
IMATINIB,FLT3
MOMELOTINIB,FLT3
TUSPETINIB,FLT3
TRAMETINIB DIMETHYL SULFOXIDE,FLT3
BRIGATINIB,FLT3
AZD1208,JAK2
TOFACITINIB,JAK2
ILGINATINIB,JAK2
CHLOROQUINE,NRAS
CHEMBL:CHEMBL589258,PIK3CA
NU-7441,PIK3CA
EXEMESTANE,STK11
BUPARLISIB,TP53
PIRTOBRUTINIB,TP53
CISPLATIN,TP53
MAGROLIMAB,TP53
LENALIDOMIDE,TP53
GDC-0425,TP53
CHK1 INHIBITOR GDC-0575,TP53
FULVESTRANT,TP53
PYRILAMINE,CYP2D6
ECONAZOLE NITRATE,AR
REL-CISAPRIDE,CYP2D6
LINOLEIC ACID,ALOX15
HEROIN,COMT
ST-1535,ABAT
MEFENAMIC ACID,CYP2C19
NOSCAPINE,CYP2C19
ASPIRIN,SLC29A1
BRIMONIDINE,ADRA2C
"ESTROGENS, CONJUGATED (USP)",PTH
LENALIDOMIDE,TNFSF11
HS665,ALDH1A1
GEFITINIB,DXO
CHEMBL:CHEMBL546597,ATXN2
GOSSYPETIN,NFKB1
ANTHRACYCLINE ANTINEOPLASTIC ANTIBIOTIC,BRCA1
ESTRADIOL VALERATE,SLC2A4
PROTEASE INHIBITOR,TTN
ETHINYL ESTRADIOL,CYP2B6
PIMOZIDE,AR
PURPUROGALLIN,CASP7
SERTRALINE HYDROCHLORIDE,ATXN2
NIFEDIPINE,HSD17B10
TILSOTOLIMOD SODIUM,TLR9
MP-412,ERBB2
U73122,ALDH1A1
ETOPOSIDE,CYP2C19
METHOTREXATE,NFATC2
CINNAMIC ALDEHYDE,ALDH1A1
BETAINE HYDROCHLORIDE,BHMT
NORTRIPTYLINE,DRD1
CP-547632,LCK
CYCLOSPORINE,ERCC1
ACACETIN,RELA
CHEMBL:CHEMBL591864,KMT2A
(+)-HA966,GRIN2B
CHEMBL:CHEMBL493863,ATXN2
EXAMORELIN,ALOX15
DERRUBONE,CYP3A4
LUTEOLIN,WRN
PREDNISOLONE,PNPLA3
BUPARLISIB,CDKN2A
TARLOXOTINIB,ERBB3
MUNDULONE,CYP3A4
ACETAMINOPHEN,CDKN1A
MERETHOXYLLINE PROCAINE,SCN5A
LITHIUM,MYC
[125I]CCL3 (HUMAN),ACTA1
EPIGALLOCATECHIN,BRCA2
LUTEOLIN,SMN1
RITUXIMAB,TET2
CILOFEXOR,NR1H4
GUTTIFERONE K,STAT1
BMS-345541,CSNK1D
THIABENDAZOLE,BRCA1
ENRASENTAN,EDNRB
ETHYL ANTHRANILATE,HSD17B10
TYROSINE KINASE INHIBITOR,GFAP
CHEMBL:CHEMBL546597,CYP2C19
GERALDOL,HSD17B10
CHEMBL:CHEMBL596633,MEN1
INDACATEROL,UGT1A1
CHEMBL:CHEMBL563777,CDC42
KETOTIFEN FUMARATE,DRD1
PHENMEDIPHAM,CYP3A4
CELECOXIB,GHRL
CROMOGLYCATE,CYP1A2
MINAPRINE HYDROCHLORIDE,MAOA
FENTANYL CITRATE,CYP2C9
SP-600125,ROCK1
PEMETREXED DISODIUM,VEGFA
CHEMBL:CHEMBL600334,MTOR
EUFLAVINE,BRCA1
NERATINIB,ESR1
FELODIPINE,CYP3A4
6BIO,ALOX5
LONTUCIREV,TP53
ALDESLEUKIN,FYN
COBALAMIN,MAOB
TAK-653,GRIA2
DISULFIRAM,CYP3A4
CAPSAICIN,CYP1A2
FENTANYL CITRATE,CYP1A2
VILDAGLIPTIN,DPP4
CONTEZOLID ACEFOSAMIL,RPSA
DAUNORUBICIN HYDROCHLORIDE,RXRA
PF-04634817,CCR2
AVEXITIDE,GLP1R
NALED,PPARG
PALBOCICLIB,PRKAA1
CARBAMAZEPINE,MICA
DONEPEZIL,PRKCE
MADOLIN A,MAPK1
INDACATEROL,ADRB2
DI-LEU16-IL2,MS4A1
EFINOPEGDUTIDE,GLP1R
DAUNORUBICIN HYDROCHLORIDE,ERG
"PHOSPHATIDYL (3,5) INOSITOL BISPHOSPHATE",ALDH7A1
TYRPHOSTIN AG 835,CYP1A2
CHEMBL:CHEMBL1481974,HSD17B10
DYCLONINE,ALDH1A1
MOXONIDINE,AOC1
CHEMBL:CHEMBL453797,RORC
CHEMBL:CHEMBL1451216,THRB
PLATINUM,CD74
VK-2809,THRB
MIDOSTAURIN,PRKCQ
VAPREOTIDE,AQP2
PERGOLIDE MESYLATE,DRD3
BROMOENOL LACTONE,VDR
CETUXIMAB,BDNF
PROPYLTHIOURACIL,TNF
DILAZEP,NFE2L2
MECAMYLAMINE,CYP2D6
DILTIAZEM MALATE,CACNA1C
NM-702,PDE3A
ATAGABALIN,CACNA1E
MAPATUMUMAB,TNFRSF10A
IDRONOXIL,TOP2A
AEE788,DXO
SMD-3040,GLP1R
MOXIFLOXACIN,KCNH2
BLEOMYCIN,SMAD2
BITHIONOLATE SODIUM,VDR
CHEMBL:CHEMBL595816,ABCB1
TOBRAMYCIN,RPSA
CHEMBL:CHEMBL525826,SMAD3
EHNA,CYP3A4
HYDROGEN PEROXIDE,GFAP
DEXTROMETHORPHAN POLISTIREX,TBX21
DOVRAMILAST,PDE4D
PACLITAXEL,CBR3
BIVALIRUDIN,F2
DIPHENOXYLATE HYDROCHLORIDE,OPRM1
GOSSYPETIN,NFKB2
CHEMBL:CHEMBL578512,SMAD3
DROTAVERIN,PDE4D
ALL-TRANS-RETINAL,AR
PEMETREXED DISODIUM,MTHFR
CHEMBL:CHEMBL242172,CYP3A4
TRAIL,BCL2
JWH015,CYP1A2
BERUBICIN,TOP2A
FENOTEROL HBR,ADRB2
AZD-7624,MAPK14
TNP-ATP,ATP1A4
PHENOXYBENZAMINE,ALDH1A1
BI-44370,CALCRL
AZELIRAGON,GPR20
HENAGLIFLOZIN,SLC5A2
CANTUZUMAB MERTANSINE,TUBB3
PROTEASE INHIBITOR,GJA1
GSK-269962A,PIM1
GIVINOSTAT,HDAC3
M-CHLOROPHENYLPIPERAZINE,HTR2C
WORTMANNIN,F5
THERAPEUTIC HORMONE,CTSL
MILTEFOSINE,ABCB1
ATRIAL NATRIURETIC PEPTIDE,NPR1
CHEMBL:CHEMBL244707,HSD17B10
RN486,FBN1
DACTOLISIB,NRAS
MADOLIN A,MAPK3
NIDUFEXOR,NR1H4
ERDAFITINIB,PIK3CA
MIDOSTAURIN,PRKCB
CORTICOTROPIN,ANGPT1
GLIQUIDONE,HSD17B10
SNDX-5613,KMT2A
CHIGLITAZAR,PPARA
SB-415286,CDK5
PALBOCICLIB,DAPK3
CEPHALOCHROMIN,NFE2L2
NESIRITIDE,NPR3
AZD9574,GNAI2
MELEVODOPA,ARSA
RIFAMPIN,CYP2C9
NIFEDIPINE,CYP2C9
BERKELEYAMIDE C,MMP3
CENISERTIB,FGFR1
RECOMBINANT TRANSFORMING GROWTH FACTOR-BETA 1,IGFBP5
SARIZOTAN,DRD2
SELISISTAT,SIRT1
MEDROXYPROGESTERONE ACETATE,NFE2L2
PRAZOSIN,CYP3A4
COLCHICINE,NFE2L2
CARPHENAZINE MALEATE,HTR2C
JNJ-7706621,KIT
MENADIONE SODIUM BISULPHITE,AR
(S)-ROSCOVITINE,CYP3A4
DASATINIB ANHYDROUS,PIK3CA
TETRACYCLINE,ABCB1
CHEMBL:CHEMBL580421,ALDH1A1
CLEMIZOLE,CYP1A2
MLN-8054,GRK5
IDARUBICIN,TOP2A
BRYOSTATIN,PRKCE
APELIN-13,ACADSB
"PYY-(13-36) (MOUSE, RAT, PIG)",ANXA5
LINIFANIB,RPS6KB1
TEMOZOLOMIDE,CDKN2A
PHENOL,CA1
ACP-001,GH1
LITHIUM,BDNF
PEXELIZUMAB,C5
TARLOXOTINIB,EGFR
CONTELTINIB,ALK
MORICIZINE HYDROCHLORIDE,AR
CHLOROPHACINONE,AR
ARUNDINE,VDR
CHENODEOXYCHOLIC ACID,PLA2G1B
FLUVOXAMINE,CYP2C19
ZONGERTINIB,DXO
PROADIFEN HYDROCHLORIDE,AR
DIACETYLRHEIN,IL1B
MITOXANTRONE,TP53
DOVITINIB,FYN
DOVITINIB,MAP4K5
DEXAMETHASONE,NR1I2
ENCLOMIPHENE CITRATE,ATXN2
VS-5584,ETFB
ALPHA-NAPHTHOFLAVONE,TP53
ANTICONVULSANT AGENT,NT5E
DIETHYLCARBAMAZINE CITRATE,AR
CLARITHROMYCIN,CYP2C19
CP55940,KCNH2
CYC116,KDR
EGFR/ERBB-2 INHIBITOR,DXO
P505-15,FGR
VITAMIN K3,CYP2D6
GLYCINE,CYP2C19
NIMESULIDE,CYP2C9
DEXPROPRANOLOL,CD40LG
HYDROXYCHLOROQUINE SULFATE,TLR9
MERADIMATE,AR
METHYLEPHEDRINE,ALDH1A1
PINOSYLVIN METHYL ETHER,HSD17B10
COMPOUND 32 [PMID: 20471253],CTRB1
CALYCOSIN,BRCA1
TETRABENAZINE,SLC18A2
ZAK INHIBITOR 6P,EPHX2
TELAVANCIN,CRHR1
PLERIXAFOR,MEN1
CITALOPRAM,CYP2C9
ARGIPRESSIN,DUSP1
CP-547632,FLT4
NS-398,CYP1A2
GLYCINE,CYP1A2
SIMVASTATIN,APOA5
PENICILLAMINE,CP
BMS-690514,EGFR
HYDROCORTISONE BUTYRATE,PTPRC
CHEMBL:CHEMBL1406948,CDK5R1
EMAPUNIL,TSPO
XL765,CRTC2
GRC-15300,TRPV1
NOREPINEPHRINE,ADRB2
PALBOCICLIB,RPS6KA3
METFORMIN,IL1B
FENDILINE HYDROCHLORIDE,CYP3A4
BROMOCRIPTINE MESYLATE,NFE2L2
TASIMELTEON,ANK2
SR9009,BCL2A1
HYDROGEN PEROXIDE,SLC2A4
ZOLEDRONIC ACID ANHYDROUS,CYP2C8
SULFAPHENAZOLE,CYP2C9
CST-17,AQP2
BUTACLAMOL HYDROCHLORIDE,AR
CHEMBL:CHEMBL544115,GFER
THEONELLASTEROL C,NR1I2
PREGNENOLONE SULPHATE,ASAH1
5-METHOXYPSORALEN,CYP2C19
CHEMBL:CHEMBL591876,NFE2L2
BITHIONOL,RXRA
VIAGENPUMATUCEL-L,CD80
TROGLITAZONE,CYP2C9
GW1929,CYP2C19
CHEMBL:CHEMBL1321401,BMP2
CHEMBL:CHEMBL156959,NFE2L2
CLOPIDOGREL,CD80
THIPHENAMIL,VDR
INDINAVIR,CYP2C19
FUSARIC ACID,HIF1A
TROGLITAZONE,CXCL8
CHEMBL:CHEMBL118417,PPARA
IMAGABALIN,CACNB3
DICHLORVOS,NFE2L2
ACEBUTOLOL,ABO
LEUPROLIDE ACETATE,CYP3A4
TETRANITROMETHANE,ALDH1A1
H2O2,ABCB1
THERAPEUTIC CORTICOSTEROID,TBX21
DERRUSTONE,CYP3A4
CHEMBL:CHEMBL528245,KCNH2
AZD7009,KCNH2
SPINORPHIN,ATP1A4
ELLIPTECINE,KCNH2
DOMIPHEN BROMIDE,AR
DOCONEXENT,ALDH1A1
SQ-29548,APOC4
CINNAMIC ALDEHYDE,AR
BENZETHONIUM CHLORIDE,NFE2L2
BEXAROTENE,NR1H3
PEMTUMOMAB,MUC1
AM251,CYP2D6
CABOZANTINIB S-MALATE,HGF
BICALUTAMIDE,KMT2D
ACETAZOLAMIDE SODIUM,CA1
CARBAMOYLCHOLINE,CHRM3
PILOCARPINE HYDROCHLORIDE,CHRM3
ACLIDINIUM BROMIDE,CHRM3
DAIDZEIN,HSD17B10
VALRUBICIN,TOP2A
PILOCARPINE NITRATE,CYP3A4
CARPHENAZINE MALEATE,HTR2A
URSODIOL,GPBAR1
ESTROPIPATE,ESR1
NORETHINDRONE ACETATE,PGR
DOCETAXEL ANHYDROUS,TUBB3
METHYLDOPA ANHYDROUS,ADRA2B
ADENOSINE,ADORA3
DILTIAZEM HYDROCHLORIDE,CACNA1C
LEVALBUTEROL,ADRB2
CARPHENAZINE MALEATE,DRD2
LOXAPINE HYDROCHLORIDE,DRD2
THIORIDAZINE,DRD3
DALFAMPRIDINE,KCNQ1
DALFAMPRIDINE,KCNH2
GUANIDINE HYDROCHLORIDE,KCNQ1
HYDROXYZINE PAMOATE,HRH1
PANOBINOSTAT LACTATE,HDAC5
PASIREOTIDE PAMOATE,SSTR5
IBCASERTIB,FLT4
CM-082,PDGFRB
CM-082,FLT3
IBCASERTIB,KDR
CM-082,KIT
GSK-1059615,PIK3CD
ALTIRATINIB,NTRK2
GSK-1059615,PIK3CG
OMIPALISIB,PIK3R3
RECILISIB,PIK3CB
RECILISIB,PIK3R3
PWT-33579,MTOR
PS-516895,MAPK14
ZD-4190,KDR
SRX251,AVPR1A
TEDALINAB,CNR2
BUPARLISIB,PIK3R3
BMS-754807,INSR
CRENOLANIB,PDGFRB
DE-104,ROCK1
CANERTINIB DIHYDROCHLORIDE,ERBB4
MIDOSTAURIN,PDGFRB
MIDOSTAURIN,PRKCZ
OSEMOZOTAN,HTR1A
GEVOKIZUMAB,IL1B
IMAGABALIN,CACNA1G
SAGOPILONE,TUBB3
ZONAMPANEL,GRIA2
MATUZUMAB,EGFR
RG-1512,SELP
BENZIODARONE,CALM1
CLOMETACIN,PTGS2
MOXISYLYTE,ADRA2B
MOXISYLYTE,ADRA1D
MOXISYLYTE,ADRA2A
XIMELAGATRAN,F2
TNX-650,IL13
BC8 131I,PTPRC
ALCURONIUM,CHRM2
CANRENOATE POTASSIUM,NR3C2
DIBENZEPIN,HRH1
MINAPRINE HYDROCHLORIDE,DRD2
APOLIZUMAB,HLA-DRB3
AMIFAMPRIDINE,KCNQ1
AMIFAMPRIDINE,KCNA10
EPHEDRINE,ADRB2
DROTAVERIN,PDE4A
CYCLOHEXIMIDE,RPSA
CYCLOHEXIMIDE,RPL36A
ALFLUTINIB,EGFR
LERCANIDIPINE HYDROCHLORIDE,CACNA1D
DOVRAMILAST,PDE4A
ATALUREN,RPSA
ATALUREN,RPS26
ORP-101,OPRM1
NOMACOPAN,C5
DISTIGMINE,ACHE
ALVESPIMYCIN,HSP90AA1
FUTIBATINIB,FGFR1
PACMILIMAB,CD274
EDIFOLIGIDE SODIUM,E2F1
APG115,TP53
RUSERONTINIB,EGFR
IMALUMAB,MIF
BMS-741672,CCR2
CHIGLITAZAR,PPARG
PF-04991532,GCK
EPHEDRINE HYDROCHLORIDE,ADRA1A
EPHEDRINE HYDROCHLORIDE,ADRB2
LORNOXICAM,PTGS1
ENOXIMONE,PDE3B
ONZIGOLIDE,DRD2
PIMIVALIMAB,PDCD1
ARX-788,TUBB4A
MAVACAMTEN,MYL2
XYLOMETAZOLINE,ADRA1D
TECHNETIUM TC 99M SUCCIMER,A2M
ORM-12741,ADRA2C
DINACICLIB,CCNE1
RONICICLIB,CCND2
TEMSIROLIMUS,PTEN
AFURESERTIB HYDROCHLORIDE,AKT1
ENMD-2076,FGFR4
RUCAPARIB,PIM1
ZIPRASIDONE,AR
MULBERROFURAN H,RELA
SULFORAPHANE,NQO1
CHEMBL:CHEMBL538542,KCNH2
2-NITROFLUORENE,NFE2L2
CHEMBL:CHEMBL528647,NFE2L2
PHENYLMERCURIC ACETATE,ALOX15
DOVITINIB,NTRK3
TRANYLCYPROMINE,CYP1A2
NVP-TAE684,CDK2
HYPERICIN,THRB
ENOXOLONE,CYP3A4
CHEMBL:CHEMBL1287867,NQO1
PURPUROGALLIN,GAPDH
LUTEOLIN,GPR35
DITHIOLETHIONE,ALDH1A1
CHLORAMBUCIL,GFER
AHPN,TP53
DISULFIRAM,CYP1A2
5-(N-METHYL-N-ISOBUTYL)AMILORIDE,CYP1A2
SB220025,CSNK1D
ACETOCHLOR,ALDH1A1
CHEMBL:CHEMBL600734,GLP1R
OXABOLONE CIPIONATE,AR
NALBUPHINE HYDROCHLORIDE,CYP2D6
LANSOPRAZOLE,NPC1
NVP-TAE684,MAPK8
CORDYCEPIN,ADA
CHEMBL:CHEMBL1079460,CYP3A4
PP2,FYN
CHEMBL:CHEMBL601616,CYP2C19
DIFENOCONAZOLE,PPARD
PD-0166285,SYK
ANISINDIONE,SMN1
TRICLABENDAZOLE,HSP90AA1
VERMISTATIN,CASP1
ALPHA-NAPHTHOFLAVONE,HSD17B10
HYDRASTINE,CYP2C19
CHEMBL:CHEMBL578512,CASP1
CHEMBL:CHEMBL1256484,GFER
CISPLATIN,NFE2L2
ACITRETIN,VDR
GIGANTOL,AKT1
SOTRASTAURIN,CDK5
ACACETIN,CYP2C19
THONZONIUM BROMIDE,UBE2N
MLN-8054,KDR
ORTHO-PHTHALALDEHYDE,VDR
AZACITIDINE,HBB
NVP-TAE684,ROCK1
CURCUMIN,EGFR
CHEMBL:CHEMBL203365,ABCB1
SB220025,IRAK1
DITHIAZANINE IODIDE,ATM
CGS 21680,DRD1
HOMIDIUM BROMIDE,HSD17B10
CHEMBL:CHEMBL329673,RORC
CHEMBL:CHEMBL300389,SMAD3
METHOXYCHLOR,ALDH1A1
CHEMBL:CHEMBL74675,CYP3A4
SPLITOMICIN,CYP2C9
PHANQUONE,AR
CHEMBL:CHEMBL505670,CASP6
(S)-AMPA,CYP2C19
CHEMBL:CHEMBL590427,GLP1R
GRISEOFULVIN,HSD17B10
CHEMBL:CHEMBL512307,GLI1
CHEMBL:CHEMBL533602,S1PR2
CHEMBL:CHEMBL532525,KCNH2
CHEMBL:CHEMBL1543865,SMAD3
ISOXABEN,PPARD
WORTMANNIN,NFE2L2
SC-560,CYP1A2
ALSTERPAULLONE,CSNK1D
GSK-269962A,FLT3
CATECHOL,ESR1
AMIDATE,CYP3A4
CHEMBL:CHEMBL588859,CYP1A2
"L-162,313",CYP1A2
OCTABENZONE,NFE2L2
PURPUROGALLIN,ALDH1A1
KEPONE,GLP1R
CHLORACYZINE,VDR
ACACETIN,HIF1A
CHEMBL:CHEMBL581929,CYP3A4
ANDROGRAPHOLIDE,AKT1
EFAVIRENZ,ABCC2
SUMATRIPTAN,AQP4
CHEMBL:CHEMBL580353,KCNH2
CHEMBL:CHEMBL1683024,IMPDH2
HYCANTHONE,CYP2C9
LICOAGRONE,PTPN1
METHYLPREDNISOLONE,AR
EPIRIZOLE,CYP1A2
DICHLORODIMETHYLSTANNANE,NFE2L2
CHEMBL:CHEMBL59150,ALDH1A1
CHEMBL:CHEMBL1256719,VDR
CROMOGLYCATE,CYP2C19
PURPUROGALLIN,RUNX1
CHEMBL:CHEMBL240954,RPS6KA1
ISOTHYMONIN,GAA
CHEMBL:CHEMBL577662,NFE2L2
SP-600125,GSK3B
CHEMBL:CHEMBL154580,ALDH1A1
TRANYLCYPROMINE HYDROCHLORIDE,KDM1A
PIROXICAM-BETA-CYCLODEXTRIN,CYP3A4
YOHIMBINE HYDROCHLORIDE,KCNH2
TUG-424,FFAR1
CHEMBL:CHEMBL1214407,TP53
BIFEMELANE,CYP1A2
O-F-AMIDINE,PADI1
HYDRALAZINE,CYP3A4
(2S)-1-(1H-INDOL-3-YL)-3-{[5-(3-METHYL-1H-INDAZOL-5-YL)PYRIDIN-3-YL]OXY}PROPAN-2-AMINE,AKT1
CHEMBL:CHEMBL478141,PIM1
LENOMORELIN,GHSR
THIMEROSAL,ALDH1A1
BRL-54443,KCNH2
CONGO RED,VDR
DECYNIUM 22,SMAD3
IPRONIAZID,CYP2D6
LUTEOLIN,SMN2
CHEMBL:CHEMBL1256647,KCNH2
TRETAZICAR,NFE2L2
ZOXAZOLAMINE,CYP2C19
TAZAROTENE,NFE2L2
JAK3 INHIBITOR II,JAK2
4-CHLOROMERCURIBENZOIC ACID,CYP2D6
MESTRANOL,CYP2C19
DIHYDROCAPSAICIN,CYP1A2
CHEMBL:CHEMBL505670,SNCA
CHEMBL:CHEMBL505670,GAPDH
BENZAMIL,CYP2D6
ETHYLISOPROPYLAMILORIDE,CYP1A2
HYDRALAZINE,SMN2
FIDUXOSIN HYDROCHLORIDE,ACP1
THIMEROSAL,TP53
CHEMBL:CHEMBL533226,HSP90AA1
METOLACHOR,NFE2L2
SPIRUCHOSTATIN C,HDAC4
CHEMBL:CHEMBL582073,NFE2L2
CHEMBL:CHEMBL398765,SMN2
CLOROPHENE,AR
CHEMBL:CHEMBL535331,MAP4K2
CHEMBL:CHEMBL1489812,VDR
VITAMIN K3,PPARD
ECONAZOLE NITRATE,NPY2R
NITROBENZYLMERCAPTOPURINE RIBONUCLEOSIDE,SLC29A1
CHEMBL:CHEMBL546170,CASP3
DIETHYLSTILBESTROL,AR
CHEMBL:CHEMBL589711,NFE2L2
OMEGA-CHLOROACETOPHENONE,ALDH1A1
SP-600125,RPS6KA3
DISULFIRAM,CYP2C19
TRICLOCARBAN,NLRP3
DISULFIRAM,MTOR
CATECHOL,MTOR
DOVITINIB,SRC
CHEMBL:CHEMBL584442,NR2F2
ENDOSULFAN SULFATE,AR
CHLOROQUINE,CYP1A2
TELITHROMYCIN,AR
CHEMBL:CHEMBL220845,NFE2L2
CHEMBL:CHEMBL527584,KMT2A
PIPERACETAZINE,CYP1A2
CHEMBL:CHEMBL259820,NR3C1
TYRPHOSTIN 47,CYP1A2
EUFLAVINE,VDR
TRIBUTYLCHLOROSTANNANE,NFE2L2
CHEMBL:CHEMBL585240,NFE2L2
AZELASTINE HYDROCHLORIDE,JUN
CATECHIN,F2
DYCLONINE,CYP1A2
CHEMBL:CHEMBL238624,HSD17B10
METHIOCARB,ESR1
CHEMBL:CHEMBL1099140,AR
SIBUTRAMINE HYDROCHLORIDE,ALOX15
CISPLATIN,ALDH1A1
NIMESULIDE,CYP2D6
CEFDINIR,SUMO1
KAEMPFERITRIN,TOP2A
CHEMBL:CHEMBL581574,NFE2L2
BOLDINE,HSD17B10
ENOXOLONE,PPARG
GLYCINE,CYP2D6
LAUROGUADINE,PRKCD
FLUDARABINE,SMAD3
SP-600125,MAP4K2
(S)-MEXILETINE,CYP1A2
(R)-FELODIPINE,CYP2C9
CEDIRANIB,LCK
TRICLOCARBAN,TP53
MEBENDAZOLE,CYP1A2
CHEMBL:CHEMBL532849,MAPK1
CRYPTOLEPINE HYDROCHLORIDE,MAPK14
OXYCARBOXIN,GLP1R
PIMOZIDE,KCNH2
BERBERINE CHLORIDE,ABCC8
HOMATROPINE HYDROBROMIDE,AR
TPCK,CYP2C9
DIPHENADIONE,NFE2L2
GLABRONE,PPARG
"3,4-DIHYDROXYPHENYLACETIC ACID",HSD17B10
LAGASCATRIOL,NFE2L2
CLOROTEPINE,DRD1
PHENYLALANINE,ESR1
GSK-269962A,PRKCZ
CLENBUTEROL HYDROCHLORIDE,CYP3A4
CHEMBL:CHEMBL375673,GAA
CHEMBL:CHEMBL228132,CYP1A2
CHEMBL:CHEMBL585502,NOD2
ALSTERPAULLONE,PRKCD
CHEMBL:CHEMBL177809,CYP1A2
PROPYL GALLATE,NFE2L2
CHEMBL:CHEMBL601764,HSD17B10
OUABAIN,NFE2L2
KETOTIFEN FUMARATE,CYP2D6
TRIBUTYLCHLOROSTANNANE,NR1H4
HYDROCOTARNINE,CYP2D6
BERGAMOTTIN,CYP2D6
ALSTERPAULLONE,PASK
TYRPHOSTIN 47,HIF1A
CHEMBL:CHEMBL592124,ALDH1A1
CHEMBL:CHEMBL579045,HSD17B10
ECONAZOLE NITRATE,NPY1R
FLUPHENAZINE HYDROCHLORIDE,TP53
BW373U86,CYP2C9
LEVONORDEFRIN,HIF1A
MEFENAMIC ACID,HIF1A
ASPIRIN,DRD1
AG 112,CYP1A2
CHLOROTHALONIL,VDR
KRESOXIM-METHYL,TP53
CHEMBL:CHEMBL585656,NFE2L2
QUINALIZARIN,THRB
KLUGINE,HIF1A
FLUDIOXONIL,PPARG
GSK-269962A,FLT4
CHEMBL:CHEMBL1439833,HSP90AA1
CHEMBL:CHEMBL599712,VDR
(R)-FELODIPINE,CYP2C19
MECAMYLAMINE,CYP2C9
CARBONYL CYANIDE M-CHLOROPHENYLHYDRAZONE,AR
PILSICAINIDE,AR
NVP-TAE684,PKN2
OXYQUINOLINE,SMAD3
XYLOMETAZOLINE,CYP2D6
EMETINE HYDROCHLORIDE,MEN1
AMPIROXICAM,AR
CHEMBL:CHEMBL1079460,KCNH2
CHEMBL:CHEMBL154580,TP53
AHPN,CYP3A4
CHEMBL:CHEMBL1442783,ALDH1A1
CHEMBL:CHEMBL118678,WRN
CLEBOPRIDE,CYP2D6
GLABROL,SMAD3
LAUROGUADINE,JAK2
THAPSIGARGIN,MTOR
CUCURBITACIN B,ATXN2
{4-[3-(4-ACETYL-3-HYDROXY-2-PROPYLPHENOXY)PROPOXY]PHENOXY}ACETIC ACID,CYP2C9
CHEMBL:CHEMBL153505,BRCA1
LAUROGUADINE,DAPK3
DIFLORASONE DIACETATE,AR
TYRPHOSTIN 47,CYP2C19
PP2,DAPK3
MERCURIC CHLORIDE,VDR
BENSERAZIDE HYDROCHLORIDE,ALDH1A1
ECONAZOLE NITRATE,MAPK1
TESTOLACTONE,AR
NALBUPHINE HYDROCHLORIDE,CYP3A4
TRIPHENYLSTANNYL ACETATE,AR
CHEMBL:CHEMBL578512,HSP90AA1
DINOSEB,NFE2L2
HYDROXYZINE,CYP2C19
CHEMBL:CHEMBL585769,SMN1
HOECHST 33258,HSD17B10
MERCURIC CHLORIDE,MAPK1
GSK-269962A,LCK
TOXYLOXANTHONE C,HSP90AA1
CHEMBL:CHEMBL305195,DRD1
CHEMBL:CHEMBL254156,SIRT1
CHEMBL:CHEMBL607309,ATXN2
BENZOCAINE,CYP1A2
PENTAMIDINE ISETHIONATE,AR
EPALRESTAT,VDR
AG 490,JAK2
LUTEOLIN,CYP1A2
EMETINE HYDROCHLORIDE,SMAD3
IPA-3,VDR
CHEMBL:CHEMBL535331,SYK
RUBITECAN,AR
CHEMBL:CHEMBL166112,PPARG
ALSTERPAULLONE,PKN2
SEMUSTINE,BRCA1
QUINALIZARIN,BRCA1
CHEMBL:CHEMBL1492017,AGTR1
CATECHOL,HIF1A
ACACETIN,CYP1A1
CHEMBL:CHEMBL378903,CASP3
2-BENZOYL-5-METHOXYBENZOQUINONE,VDR
LAWSONE,ALDH1A1
ACACETIN,CYP3A4
AG 490,KCNH2
CISPLATIN,HSD17B10
"LIPOIC ACID, ALPHA",NFE2L2
CHEMBL:CHEMBL478323,PIM1
DAUNORUBICIN HYDROCHLORIDE,TP53
DOXORUBICIN HYDROCHLORIDE,SNCA
CHEMBL:CHEMBL1214407,BRCA1
2-MERCAPTOBENZIMIDAZOLE,CYP3A4
CLOFOCTOL,USP2
BOLDINE,CYP1A2
TPCK,VDR
CHEMBL:CHEMBL123904,CYP2C19
SKIMMIANINE,CYP3A4
CHEMBL:CHEMBL1543865,GLP1R
SPLITOMICIN,CYP2C19
DIBUTYLDICHLOROSTANNANE,PPARD
FORMOTEROL FUMARATE,CYP2C19
METOCLOPRAMIDE HYDROCHLORIDE,G6PD
BUPARLISIB,PIK3C3
PICTILISIB,PIK3C2A
TESEVATINIB,FLT1
RABEPRAZOLE,FLT4
TESEVATINIB,FLT4
RABEPRAZOLE,FLT1
DACOMITINIB ANHYDROUS,ERBB3
SUNITINIB,PDGFD
ENDOSTATIN,VEGFA
DOXORUBICIN HYDROCHLORIDE,ABCB1
PHENOBARBITAL,ABCB1
CAELYX,ABCB1
ETOPOSIDE,AFP
DOXORUBICIN HYDROCHLORIDE,AFP
RUTIN,AFP
ANTISERUM,AKR1B1
URACIL,AKR1B1
RECOMBINANT TRANSFORMING GROWTH FACTOR-BETA 1,AGTR2
ANTISERUM,ALB
HYDROCORTISONE BUTYRATE,APOB
DECITABINE,APC
GANCICLOVIR,APOE
RNA POLYMERASE INHIBITOR,BDNF
PROPYLTHIOURACIL,BDNF
MONOAMINE OXIDASE INHIBITOR,BDNF
IL-12,BDNF
PARICALCITOL,BGLAP
CALCITRIOL,BTF3P11
ETOPOSIDE,BTF3P11
GENISTEIN,CEL
GLUTAMINE,COL18A1
ATORVASTATIN CALCIUM TRIHYDRATE,CXCL10
ENVIRONMENTAL ESTROGEN,CYP19A1
OPIATE,CYP19A1
NONSTEROIDAL ANTIINFLAMMATORY DRUG,CYP19A1
PROMETHAZINE HYDROCHLORIDE,CYP1A2
PACLITAXEL,DDIT3
PENICILLAMINE,DDIT3
CURCUMIN,DDIT3
HYDROXYUREA,DUSP1
ALPROSTADIL,EDN1
ALDESLEUKIN,FCGR3A
TYROSINE KINASE INHIBITOR,FCER2
DISULFIRAM,GFAP
ATENOLOL,GJA1
EPINEPHRINE,GHRL
N-METHYLFORMAMIDE,GLO1
ANTITUBERCULAR AGENT,GSTM1
IFOSFAMIDE,GSTP1
ECHINACEA PREPARATION,IL1B
HYDROCORTISONE BUTYRATE,IL1B
GARLIC EXTRACT,IL2
ANTITUBERCULAR AGENT,IL2RA
INTERFERON BETA-1B,IL2
BRYOSTATIN,IL2RA
THROMBIN,ITGA2B
ENZYME INHIBITOR,ITGB2
PREDNISONE,ITGB2
PHENTOLAMINE,KCNJ11
STREPTOZOCIN,KCNA2
HMG-COA REDUCTASE INHIBITOR,LDLR
DOXORUBICIN HYDROCHLORIDE,MAPK14
H2O2,MAPK14
ALTRETAMINE,CYP1A2
INTERFERON BETA-1A,MBP
THERAPEUTIC GLUCOCORTICOID,MGMT
STREPTOZOCIN,MT1H
6-AMINONICOTINAMIDE,MT1H
PACLITAXEL,MYB
PROTEIN PHOSPHATASE INHIBITOR,NFE2L2
FGF-1,NFE2L2
K-252A,NPY
CAPSAICIN,PCNA
MILTEFOSINE,PIK3CA
ETOPOSIDE,PLA2G1B
SOMATROPIN (RECOMBINANT DNA ORIGIN),PLG
CHEMBL:CHEMBL583584,NFE2L2
DIAZOXIDE,CYP2D6
PREDNISONE,PTPRC
CHEMBL:CHEMBL1412710,BACE1
IL-4,PTPN6
BROMOCRIPTINE,SAG
CHEMBL:CHEMBL222556,MAPK1
ENZYME INHIBITOR,SHBG
ARGIPRESSIN,SERPINE1
CHEMBL:CHEMBL1288253,NQO1
IRBESARTAN,SLC2A4
MIRTAZAPINE,SLC2A4
CLOFIBRATE,SLCO1B1
RESVERATROL,SLC2A4
THERAPEUTIC HORMONE,SLC6A4
ATORVASTATIN CALCIUM TRIHYDRATE,SLCO1B1
TROGLITAZONE,SLCO1B1
CYC-116,JAK2
GENISTEIN,SMAD3
LAVENDUSTIN A,SRC
ALTEPLASE,SPP1
STREPTOZOCIN,SST
LITHIUM,SST
THERAPEUTIC HORMONE,SRY
MAPROTILINE,CYP2D6
THERAPEUTIC HORMONE,SSTR2
TRIPTORELIN,STS
FAMOTIDINE,TAC1
BRL50481,ALOX15
RECOMBINANT TRANSFORMING GROWTH FACTOR-BETA 1,TG
HYDROCORTISONE BUTYRATE,TGFB1
H2O2,TGFB1
CYC-116,PRKAA1
STREPTOZOCIN,TGFB1
RECOMBINANT INTERFERON,TH
IL-13,TLR3
LYSOZYME,THY1
BENZODIAZEPINE,XDH
TRAIL,XIAP
GEFITINIB,IRAK1
ANTISERUM,YY1
BINIMETINIB,NRAS
DAIDZEIN,UGT1A1
CHEMBL:CHEMBL587772,ALDH1A1
H3B-8800,SF3B1
MITOXANTRONE HYDROCHLORIDE,ATXN2
BEVACIZUMAB-AWWB,EDN1
THEOPHYLLINE,CYP3A4
SACROSIDASE,SI
SIMVASTATIN,LEPR
CHLORMIDAZOLE,AR
ZOLEDRONIC ACID ANHYDROUS,TNFRSF11B
N-ARACHIDONYL-&GAMMA;-AMINOBUTYRIC ACID,VDR
ZOLEDRONIC ACID ANHYDROUS,TNFRSF11A
ZOLEDRONIC ACID ANHYDROUS,COL1A1
ZOLEDRONIC ACID ANHYDROUS,MMP2
ZIDOVUDINE,SLC28A3
TAMOXIFEN,CCNA2
PACLITAXEL,ABCG2
CURCUMIN,ABCG2
BUSULFAN,GSTA1
LEUCOVORIN CALCIUM,ABCG1
PEGINTERFERON ALFA-2B,IL18
ETHAMBUTOL HYDROCHLORIDE,TNF
ANTIDEPRESSANT AGENT,ADRB1
PLATINUM,ABCB1
THERAPEUTIC CORTICOSTEROID,ABCB1
GRAMICIDIN,ABCB1
LEVETIRACETAM,ABCB1
CHEMBL:CHEMBL1997335,MET
TOPOTECAN HYDROCHLORIDE,ABCB1
EPIRUBICIN,IRS1
VITAMIN E,ABCB1
PEMETREXED DISODIUM,ALK
PEMETREXED DISODIUM,SLC22A8
SB 224289,KCNH2
PEMETREXED DISODIUM,XRCC1
THERAPEUTIC CORTICOSTEROID,KL
CYCLOSPORINE,CTLA4
BILIRUBIN,UGT1A1
SB 224289,CYP2C19
PACLITAXEL,ACSS2
ABACAVIR,ADK
BIS(2-ETHYLHEXYL) PHTHALATE,ALDH1A1
FLUOXETINE / OLANZAPINE,CYP2D6
PEGINTERFERON ALFA-2B,EGFR
GEMFIBROZIL,ACE
ACETAMINOPHEN,TLR4
ZIRAM,ESR1
NITROUS OXIDE,MTHFR
NIACIN,NR1H3
APIXABAN,APOB
CARFILZOMIB,VEGFA
VINCRISTINE,CPT1A
VINCRISTINE,BMP7
VERNAKALANT,CYP2D6
IBRUTINIB,CYP2D6
MEXILETINE,CYP2D6
TOREMIFENE,CYP2D6
CETRIMONIUM BROMIDE,AR
AZATHIOPRINE,IL23R
METHIOCARB,NFE2L2
AZATHIOPRINE,HLA-DRB1
IRINOTECAN HYDROCHLORIDE,TGFB1
REPAGLINIDE,SLC30A8
REPAGLINIDE,KCNQ1
DISULFIRAM,MTHFR
THALIDOMIDE,ABCC6
HPTE,AR
METHOTREXATE,TNFAIP3
METHOTREXATE,SOD2
METHOTREXATE,KIR2DS4
EPIRUBICIN,SLCO1B1
BEVACIZUMAB-AWWB,RALBP1
CARBAMAZEPINE,RALBP1
AMOXICILLIN ANHYDROUS,GSTT1
LEUCOVORIN CALCIUM,RALBP1
AMOXICILLIN ANHYDROUS,HLA-DRB5
LENIOLISIB,PIK3R1
EDOXABAN,CES1
CHEMBL:CHEMBL2333548,MAPK1
PALIPERIDONE,MC4R
ACETAMINOPHEN,OPRM1
CHEMBL:CHEMBL602561,NPC1
NELFINAVIR,CYP2C19
LEUCOVORIN CALCIUM,NOS3
CHEMBL:CHEMBL601110,CYP2C19
DURVALUMAB,PDCD1
PEGINTERFERON ALFA-2B,HLA-C
PLATINUM,XRCC1
PLATINUM,SLC2A1
CYC-116,EGFR
METFORMIN,HNF1B
PEGINTERFERON ALFA-2B,MICB
PEGINTERFERON ALFA-2A,MICB
ILOPERIDONE,NRG3
PROMAZINE HYDROCHLORIDE,GFER
LOVASTATIN,CETP
RIVAROXABAN,CYP3A5
NIMODIPINE,CYP3A5
ZIDOVUDINE,NME1
ESTRADIOL 3-BENZOATE,ATM
VANCOMYCIN,HLA-A
ROSIGLITAZONE MALEATE,PPARD
METAMIZOLE SODIUM,NAT2
WARFARIN,SLCO1B1
LUTETIUM LU 177 DOTATATE,SSTR2
PROTEASE INHIBITOR,SLC28A2
CHEMBL:CHEMBL1546228,HSP90AA1
PEGINTERFERON ALFA-2A,NT5C2
CVT-6883,CDK2
ANTIDEPRESSANT AGENT,PON2
BMS-754807,NTRK2
ARSENIC TRIOXIDE,JUN
LOXAPINE,HTR2A
ETOPOSIDE TONIRIBATE,TOP2A
CHIR-265,RAF1
CORDYCEPIN,DNTT
FLUPIRTINE,KCNJ6
LIGANDROL,AR
MPI-674,CYP19A1
NITRIC OXIDE-RELEASING ACETYLSALICYLIC ACID DERIVATIVE,PTGS2
NXN-188,NOS1
SAXAGLIPTIN ANHYDROUS,DPP4
SERTINDOLE,DRD2
TESETAXEL,BCL2
CANFOSFAMIDE,GSTP1
CARPHENAZINE,DRD1
CLOMIPRAMINE,SLC6A4
DIBUCAINE,SCN5A
EMEDASTINE,HRH1
FLUSPIRILENE,DRD2
LISURIDE,DRD1
MESTRANOL,ESR1
METHARBITAL,GRIA2
TRIDIHEXETHYL,CHRM3
DIPHEMANIL METHYLSULFATE,CHRM3
INDAPAMIDE,KCNE1
FLUTICASONE,PLA2G4A
SAPROPTERIN,NOS3
IBUDILAST,CYP2D6
TOZASERTIB,TYK2
OXAPROZIN,PTGS2
OMEPRAZOLE,CYP1A2
PRECLAMOL HYDROCHLORIDE,DRD3
CRENIGACESTAT,NOTCH4
GILTERITINIB,AXL
ANTI-EGFR/HER2/HER3 MONOCLONAL ANTIBODY MIXTURE SYM013,ERBB3
ANTI-EGFR/HER2/HER3 MONOCLONAL ANTIBODY MIXTURE SYM013,ERBB2
AZD0284,RORC
JUGLONE,VDR
DELGOCITINIB,PTK2B
CHEMBL:CHEMBL1795737,TUBB4A
DICHLOFENTHION,VDR
SQUALAMINE,PDGFA
CHEMBL:CHEMBL546797,FGFR1
GLABRANIN,CYP2C19
TAFIA INHIBITOR DS-1040B,CPB2
HONOKIOL,RXRA
PNU-37883,KCNH2
INSULIN SENSITIZER S-707106,INSR
BENZAMIL,HIF1A
CLONIDINE HYDROCHLORIDE,AOC3
EXISULIND,PDE5A
FINASTERIDE,CYP2C9
FALNIDAMOL,EGFR
JNJ-7706621,ALK
PMX53,CYP3A4
PMX53,AVPR1A
AMODIAQUINE,HNMT
CHEMBL:CHEMBL261692,CDK5
MKC-1,CDK4
RILOPIROX,ALOX5
CERULETIDE,CCKBR
LABETALOL,ADRA1D
MILTEFOSINE,PLA2G1B
EFUNGUMAB,HSP90AA1
BITHIONOLATE SODIUM,CASP7
VELIMOGENE ALIPLASMID,HLA-B
MK-0752,GLUL
HARMAN,CYP1A2
GEMOGENOVATUCEL-T,TGFB2
RINTATOLIMOD,TLR3
TOMARALIMAB,TLR2
ANTI-PD-1 MONOCLONAL ANTIBODY SYM021,PDCD1
RAMATROBAN,KMT2A
THYMOCTONAN,IL2
SULFASALAZINE,ABCG2
PENTOLINIUM,CHRNA4
ROLIPRAM,PDE4A
FASUDIL,CHEK2
FLORBETAPIR F-18,APP
LARGAZOLE,HDAC9
ABAPERIDONE,HTR2A
ABAPERIDONE,DRD2
DIETHYLPROPION,SLC6A4
AMEZINIUM,ADRA2C
PHENYLALANINE,TH
RHUCIN,PDE5A
KAEMPHEROL,NFKB1
TEMOCAPRIL HYDROCHLORIDE,ACE
DOFETILIDE,AR
BRADANICLINE,CYP2E1
LUMINESPIB,HSP90AA1
TEPROTUMUMAB,IGF1R
CP94253,A2M
(R)-FLUROCARAZOLOL,A2M
SPIRAMIDE,HTR2C
CHEMBL:CHEMBL546797,KDR
[3H]MESULERGINE,HTR2C
5-HYDROXYTRYPTAMINE,NAT2
ISOVELLERAL,ATXN2
EGIS-11150,SERPINA3
5-LOX ACTIVATING PROTEIN,CREB1
ZOTEPINE,SERPINA3
ITACNOSERTIB,DNM2
COMPOUND 13D [PMID: 23639540],DNM2
(+)-CYCLAZOSIN,ABCA4
PRAZOSIN,ABCA4
TIZANIDINE HYDROCHLORIDE,AOC1
ANGIOTENSIN A,ACADS
RACEPINEPHRINE,ABO
ACALABRUTINIB,EFNB2
ORELABRUTINIB,EFNB2
ELSUBRUTINIB,EFNB2
[125I][TYR8]BRADYKININ,BDKRB2
DF2593A,ACACB
C5A DES-ARG,ACACB
C089,ACACB
BM221,ACACB
BOSUTINIB,CYP2C19
CHEMBL:CHEMBL1997335,ACVR1
RIMCAZOLE,CYP2C19
MIBEFRADIL,ATP6V0A1
COMPOUND 1B [PMID: 16290936],CTSH
SULFONAMIDE-01,CFTR
WAY-100135,CYP3A4
SB 215505,CYP1A2
THIOGUANINE,NFE2L2
PRAZEPAM,NFE2L2
VORUCICLIB,EIF4EBP1
VORUCICLIB,CDK4
CHEMBL:CHEMBL1576310,ATXN2
NSC 780521,GZMB
QUINPIROLE,ALDH1A1
BITHIONOL,CYP3A4
COMPOUND 66 [PMID: 19788238],ATN1
ETHYL CAFFEATE,TTR
RO3280,ENG
COMPOUND 19B [PMID: 37058391],ONECUT1
PEXIDARTINIB,DRD1
COMPOUND 25C [PMID: 36649216],DRD3
U46619,APOC2
RALOXIFENE HYDROCHLORIDE,ALDH3B1
TMP269,MSTN
TUBASTATIN A,GAS1
KA1010,GAS1
DRONABINOL,ADCY3
GSK494581A,ADCY3
MIVAVOTINIB,DRD2
NINGETINIB,DRD2
PD-307243,BAD
ZORIFERTINIB,BAD
NEOLYMPHOSTIN A,EPHX2
COMPOUND 7 [PMID: 22464456],EPHX2
IOX2,GFER
TAK-418,GEM
JNK-IN-8,CTNS
ACETYLCHOLINE,AANAT
[3H]IPEROXO,AANAT
N-CHLOROMETHYL-BRUCINE,AANAT
4-DAMP,AANAT
TROPICAMIDE,AANAT
S24014,ANK2
AZD7325,ANK2
EG-1-230,APOF
MT-45,APOF
[PHE(ME)7]NEUROKININ B,AQP5
[PRO7]NEUROKININ B,AQP5
COMPOUND 26 [PMID: 21733693],GHSR
(N)METHANOCARBA-UTP,APCS
COMPOUND 20 [PMID: 25091930],FOXA3
GW2433,BCKDHB
GSK0660,BCKDHB
COMPOUND 5 [PMID: 34779204],F3
NEOLYMPHOSTIN A,F5
COMPOUND 82 [PMID: 21332118],PIK3CB
VS-5584,F5
NEOLYMPHOSTIN A,PIK3CB
AZD-8186,F7
WORTMANNIN,F7
WNT-C59,HMBS
NARMAFOTINIB,ACSL1
CONTELTINIB,ACSL1
[PHE23]PTH-(1-34) (HUMAN),XIAP
SORAFENIB,FAH
DOTA/EU RELAXIN-3,APRT
[125I]RELAXIN-3-B/INSL5 A CHIMERA,APRT
A(4-24)(B7-24)H2,APPL1
TALADEGIB,ALOX12
GA-DOTA-NOC,FASLG
CST-17,FASLG
[L-TYR8]CYN 154806,FASLG
"H-C[CYS-PHE-LAGL(N&BETA;ME,BENZOYL)-TRP-LYS-THR-PHE-CYS]-OH",AQP1
[125I]CGP 23996,AQP1
A947,GLP1R
RALMITARONT,AQP7
SORAFENIB,FGF2
EMPESERTIB,FGFR4
TOLYACETYL-C[DCYS-APA-DTRP-ORN-VAL-CYS]-HIS-AMIDE,UTS2R
[125I]7-AZIDO-8-IODOKETANSERINE,CDH13
D[D-PHE2]AVP,AQP9
"D(CH2)5[D-TYR(ET)2,VAL4,TYR-NH29]AVP",AQP9
"[LEU31,PRO34]PYY (HUMAN)",ANXA5
TALAZOPARIB,EGFR
FGFR INHIBITOR ASP5878,FGFR4
K 252A,FLT3
AG 1295,FLT3
DAUNORUBICIN LIPOSOMAL,FLT3
PI3K/BET INHIBITOR LY294002,MTOR
PHOSPHATIDYLINOSITIDE 3-KINASE INHIBITOR,PIK3CA
PLATINUM COMPOUND,ERBB2
METFORMIN,IGF1R
DOCETAXEL ANHYDROUS,XRCC1
SIROLIMUS,RHEB
MTI-31,ALK
FULVESTRANT,ALK
CRIZOTINIB,KIT
FADRACICLIB,KMT2A
DIGOXIGENIN,NFE2L2
CHEMBL:CHEMBL410484,HSD17B10
DOXORUBICIN LIPOSOME,PIK3CA
U0126,PIK3CA
PI3K INHIBITOR BGT226,PTEN
CHEMBL:CHEMBL263664,PTEN
AZD5991,PTEN
KU-60019,PTEN
VS-5584,PTEN
IMATINIB,PTEN
ERDAFITINIB,PTEN
LINIFANIB,ALK
ALDESLEUKIN,IL2RB
FINGOLIMOD HYDROCHLORIDE,S1PR5
GLIQUIDONE,KCNJ11
ORPHENADRINE CITRATE,SCN5A
TAFAMIDIS MEGLUMINE,TTR
TRELAGLIPTIN SUCCINATE,DPP4
CHEMBL:CHEMBL84685,SMN2
EFAPROXIRAL,HBA2
AMRUBICIN HYDROCHLORIDE,TOP2A
PHENYLBUTYRYLHYDROXAMIC ACID,HDAC9
PHENYLBUTYRYLHYDROXAMIC ACID,HDAC4
CP55940,SMAD3
MASOPROCOL,TTR
TORALIZUMAB,CD40LG
LANDOGROZUMAB,MSTN
HUMAX-IL8,CXCL8
CONICASTEROL D,NR1I2
IMGATUZUMAB,FCGR3A
CARMUSTINE,CYP3A4
BEMIPARIN SODIUM,SERPINC1
HGS-1025,CCR5
CROTEDUMAB,GCGR
CDP-850,SELE
LUTIKIZUMAB,IL1A
DOLASTATIN-10,TUBB3
DOLASTATIN-10,TUBB4A
TAVAPADON,DRD1
FIRSOCOSTAT,ACACA
FF-10101,FLT3
MINAPRINE HYDROCHLORIDE,HTR2B
TALAMPANEL,GRIA2
T-900607,TUBB4B
CANTUZUMAB MERTANSINE,TUBB4B
LORVOTUZUMAB MERTANSINE,TUBB4A
CARBOPLATIN,VDR
IRIGENOL,RUNX1
LUTEOLIN,GAA
CHEMBL:CHEMBL123904,CYP1A2
HOMIDIUM BROMIDE,NR1H4
GR-55562,CYP2D6
CHEMBL:CHEMBL1256740,TP53
CHEMBL:CHEMBL480626,HSPA5
4'-METHOXYFLAVONE,SMN2
CYCLOSPORINE,NFE2L2
ACETOCHLOR,NFE2L2
DIGITOXIGENIN,NFE2L2
NIPECOTIC ACID,DRD1
ISOVELLERAL,GPR55
TOPOTECAN HYDROCHLORIDE,KMT2A
SB-415286,CYP3A4
SP-600125,MAPK8
VALPROIC ACID,CYP2C9
CAMBINOL,HSD17B10
FLURANDRENOLIDE,AR
SULFORAPHANE,NFE2L2
CHEMBL:CHEMBL580421,VDR
TYRPHOSTIN AG 835,HIF1A
CLIOXANIDE,NLRP3
CEFONICID,VDR
CHEMBL:CHEMBL587247,ERAP1
CHEMBL:CHEMBL1257081,CYP2C19
BROMOCRIPTINE,VDR
METHYLENE BLUE,TP53
CLOFOCTOL,ATXN2
ALLANTODAPSONE,CYP3A4
PHLORETIN,CYP1A2
CHEMBL:CHEMBL578512,PTPN22
IPRIFLAVONE,MAPK1
CORTODOXONE,HSD17B10
NAKIJIQUINONES H,ERBB2
FEBANTEL,AR
TERPYRIDINE,TP53
CHEMBL:CHEMBL177809,CYP2D6
CHEMBL:CHEMBL59532,ADORA1
CHEMBL:CHEMBL533602,ATXN2
"3,4-DIHYDROXYXANTHONE",ABCB1
STAVUDINE,CYP3A4
CHEMBL:CHEMBL154580,ALOX15
DOVITINIB,FGFR1
CHEMBL:CHEMBL1585652,NPY2R
ARTESUNATE,RELA
MACROCARPAL A,MET
DIHYDREXIDINE,CYP1A2
CURCUMIN,APP
EUFLAVINE,WRN
CHEMBL:CHEMBL578512,ATXN2
GLYCYRRHIZIC ACID,AR
CHEMBL:CHEMBL452954,SMN2
PECTOLINARIGENIN,NFKB1
VINBLASTINE,TUBB3
SP-600125,LCK
"LIPOIC ACID, ALPHA",JUN
ALFADEX,ESR1
BOLDINE,CYP2D6
TYRPHOSTIN AG 835,ALOX15
DAUNORUBICIN HYDROCHLORIDE,VDR
NEOPETROFORMYNE A,HIF1A
DACTINOMYCIN,ALOX15
ITRACONAZOLE,AVPR2
LAUROGUADINE,RPS6KB1
CADMIUM ACETATE,TP53
GEMCITABINE,AR
DOVITINIB,MAPK8
AZACITIDINE,NR3C1
DOVITINIB,MAP4K4
PENTAMIDINE ISETHIONATE,NFE2L2
HYCANTHONE,CYP3A4
ESTROPIPATE,VDR
PIPERONAL,AR
SPLITOMICIN,HSD17B10
CHEMBL:CHEMBL192264,HSP90AA1
JNJ16259685,SMN1
NVP-TAE684,MAP2K2
NVP-TAE684,FGFR1
HYDRASTININE,HSD17B10
ENNIATIN B,SMAD3
PROPOXYCAINE,CYP2D6
SB220025,FLT4
THEONELLASTEROL B,NR1I2
AMOXAPINE,DRD1
PALBOCICLIB,MAPK9
SP-600125,HIF1A
ALDRIN,CYP3A4
EUFLAVINE,NFE2L2
SP-600125,FGFR1
DIETHYLSTILBESTROL,NFE2L2
FOLIC ACID,HSD17B10
ISOPROTERENOL,ADRB2
MESTRANOL,AR
GOSSYPOL,PPARD
CLIOQUINOL,AHR
GERONTOXANTHONE H,GLP1R
GSK-269962A,CDK2
THIMEROSAL,ATXN2
ATROPINE METHYLBROMIDE,AR
EPIGALLOCATECHIN,ALB
CHEMBL:CHEMBL74913,HSD17B10
CHEMBL:CHEMBL267160,HSD17B10
PF-03715455,CYP2C19
PHENMEDIPHAM,MAPK1
PAZOPANIB,MAPK9
CHEMBL:CHEMBL527307,ACP1
SP-600125,PRKD2
METHYLENE BLUE,THRB
CEFIXIME ANHYDROUS,SUMO1
CHEMBL:CHEMBL405317,KLF5
CHEMBL:CHEMBL463701,HSP90AA1
2-CHLORO-5-NITRO-N-PHENYLBENZAMIDE,CYP2C9
GOSSYPOL,VDR
CHEMBL:CHEMBL45349,CYP2C19
"(3Z)-N,N-DIMETHYL-2-OXO-3-(4,5,6,7-TETRAHYDRO-1H-INDOL-2-YLMETHYLIDENE)-2,3-DIHYDRO-1H-INDOLE-5-SULFONAMIDE",CYP1A2
CHEMBL:CHEMBL580421,TP53
BERBERINE CHLORIDE,NFE2L2
PIMOZIDE,ATXN2
CHEMBL:CHEMBL225513,CYP3A4
ALITRETINOIN,VDR
CAPSAZEPINE,DRD1
AZACITIDINE,RORC
THIABENDAZOLE,AHR
CHEMBL:CHEMBL2028044,KCNH2
DOVITINIB,FLT3
PHLORETIN,HSD17B10
ICILIN,CYP2C19
ACACETIN,NFKB1
CHEMBL:CHEMBL584520,HSD17B10
CHEMBL:CHEMBL505670,ALDH1A1
"L-732,138",CYP2C9
PD-0166285,MAPK8
BROMOENOL LACTONE,ALDH1A1
DECYNIUM 22,WRN
SCH 58261,ALOX15
KEPONE,ATXN2
PD-0166285,MAP2K2
BUNITROLOL,ADRB1
ALOE-EMODIN,EGFR
CHEMBL:CHEMBL473735,SMN1
BERKELEYTRIONE,CASP1
ISOCEPHAELINE,HIF1A
CHEMBL:CHEMBL220845,RORC
SIRTINOL,SIRT1
BROXURIDINE,SMN2
BENOXINATE,CYP2D6
DECYNIUM 22,ATXN2
DOXORUBICIN HYDROCHLORIDE,NR1H4
CHEMBL:CHEMBL591137,HSP90AA1
MK-212,CYP2C9
AG 112,MAPK1
WHILE OLIVETOL,AR
GYKI53784,CYP3A4
ALSTERPAULLONE,MAP4K4
SLAZINIC ACID,THRB
CHEMBL:CHEMBL1492017,HIF1A
CHEMBL:CHEMBL607309,SMAD3
QUINALIZARIN,USP2
(S)-AMPA,CYP2C9
MIRISTALKONIUM CHLORIDE,AR
STAVUDINE,CYP2C19
EFAVIRENZ,NFE2L2
CHEMBL:CHEMBL600336,PTK2B
GOLODIRSEN,DMD
PANTOPRAZOLE SODIUM,CYP2C19
VENLAFAXINE,CYP2D6
PI-103,PIK3CG
PI-103,PIK3CD
PI-103,PIK3C3
DULANERMIN,TNFRSF10B
ANTI-IGF-1R RECOMBINANT MONOCLONAL ANTIBODY BIIB022,IGF1R
RO4929097,NOTCH3
ENALAPRIL MALEATE,ACE
GALACTITOL,ACHE
ALTEPLASE,ACP5
METOPROLOL SUCCINATE,ADRA1D
ANTIPARASITIC AGENT,ADCYAP1
THERAPEUTIC GONADOTROPIN,AMH
THERAPEUTIC GLUCOCORTICOID,APOA2
ANTISERUM,AQP9
ATENOLOL,BAX
LAPACHONE,BAX
C5A,BAX
BEAUVERICIN,BCL2
CILENGITIDE,BCL2
ADENOVIRUS VECTOR,CCL21
CYCLOSPORINE,CCL4
PROTEASE INHIBITOR,CD27
LAPACHONE,CDK2
INDOLE-3-CARBINOL,CDK2
RESVERATROL,CDK2
MELPHALAN,CDKN1A
DACTINOMYCIN,CEL
RESVERATROL,CEL
HYDROXYUREA,CP
ISOFLAVONE,CP
DECITABINE,CR2
FAMCICLOVIR,CSF2
STREPTOZOCIN,CSF2
STREPTOZOCIN,CTSD
ISOFLAVONE,CYP2E1
NONSTEROIDAL ANTIINFLAMMATORY DRUG,CYP2E1
THERAPEUTIC HORMONE,E2F1
ARGIPRESSIN,E2F1
GANCICLOVIR,ERBB2
TIPIFARNIB,ERBB2
TYRPHOSTIN AG 879,ERBB2
PENICILLAMINE,PTH
ASPIRIN,PTH
H2O2,RPE65
GENISTEIN,SLC2A1
SARCNU,SLC22A3
GP-120 ANTIGEN,TAC1
FENRETINIDE,TGFB1
ATORVASTATIN CALCIUM TRIHYDRATE,TGM2
DOXORUBICIN HYDROCHLORIDE,TGM2
ANTIESTROGEN,TH
PICIBANIL,TNF
DACTINOMYCIN,TOP2A
THERAPEUTIC HORMONE,TNFRSF11B
DACTINOMYCIN,TNFRSF1B
FLUOROURACIL,TYMP
RECOMBINANT INTERFERON,TYK2
IL-12,TYK2
CURCUMIN,UGT1A7
SODIUM CHLORIDE,UCP2
CYCLOSPORINE,VCAM1
PHENYL ISATIN,ALDH1A1
VITAMIN K,VDR
STREPTOZOCIN,VWF
METHOTREXATE,NQO1
PEMETREXED DISODIUM,ABCC2
CEFOTAXIME SODIUM,SLC22A8
4-PHENYLBUTYRIC ACID,OTC
ESMETHADONE,CYP2B6
APIXABAN,POR
DOXAZOSIN MESYLATE,KCNH2
HYPOXIS HEMEROCALLIDEA ROOT EXTRACT,NR1I2
CEFUROXIME AXETIL,NR1I2
SIMVASTATIN,NR1I2
REPAGLINIDE,NR1I2
SULFINPYRAZONE,NR1I2
ANALGESIC AGENT,HTR2A
METFORMIN,TCF7L2
PREDNISOLONE,FCGR3A
PREDNISOLONE,GATA3
NIFEDIPINE,MMP9
METFORMIN,KCNJ11
REPAGLINIDE,NEUROD1
ATAZANAVIR,UGT1A7
ATAZANAVIR,CYP3A4
BUSULFAN,MTHFR
BUSULFAN,CYP2B6
CARFILZOMIB,KDR
LOMITAPIDE MESYLATE,PCSK9
ANTIDEPRESSANT AGENT,FHIT
SACITUZUMAB GOVITECAN,BRCA1
EPIRUBICIN,KCNQ1
STAVUDINE,TNF
PEGINTERFERON ALFA-2B,OAS1
RECOMBINANT INTERFERON,STAT3
INDAPAMIDE,TRIB3
TRIMIPRAMINE,COMT
MARGETUXIMAB-CMKB,FCGR3A
TALOTREXIN,SLC19A1
CYCLOSPORINE,NOD2
MOXIFLOXACIN,G6PD
ROSUVASTATIN,USP24
PLATINUM,HNF1B
BRADANICLINE,CYP3A4
DEXAMETHASONE,CTNNB1
ACETAMINOPHEN,CYP1A2
DEXAMETHASONE,UGT1A1
MOXIFLOXACIN,UGT1A1
ROFECOXIB,PTGS1
WARFARIN,CYP3A5
BROMFENAC,PTGS2
BRYOSTATIN,PRKCD
CARVEDILOL,ADRB1
CARVEDILOL,ADRB2
CALCITONIN GENE-RELATED PEPTIDE,CALCRL
FOMEPIZOLE,ADH1B
DIMIRACETAM,GRIN2B
LATREPIRDINE,GRIN2B
FILGOTINIB,JAK2
INTEGRIN RECEPTOR ANTAGONIST GLPG0187,ITGB3
INDOMETHACIN,KCNQ1
RILONACEPT,IL1A
DIPIVEFRIN,ADRA2A
ETOMIDATE,ADRA2B
PHENTERMINE RESIN,SLC6A4
PRIMIDONE,GRIA2
SUPROFEN,PTGS1
BENZODODECINIUM CHLORIDE,ESR1
AMOXAPINE,SLC6A4
CHEMBL:CHEMBL584442,NFE2L2
AMIODARONE HYDROCHLORIDE,ADRA1A
COLLAGENASE CLOSTRIDIUM HISTOLYTICUM-AAES,COL1A1
COLLAGENASE CLOSTRIDIUM HISTOLYTICUM-AAES,COL1A2
CHEMBL:CHEMBL1303948,SMN1
SOLIFENACIN,CHRM3
TERAZOSIN,ADRA1D
CT-1578,CYP3A4
TYRPHOSTIN A9,ALDH1A1
APAXIFYLLINE,ADORA1
LIOTHYRONINE,CYP1A2
LEROCICLIB,CDK6
GUADECITABINE,DNMT1
CEVIDOPLENIB DIMESYLATE,SYK
LYCOBETAINE,TOP2A
DUSIGITUMAB,IGF2
CHEMBL:CHEMBL533542,CYP3A4
CONTUSUGENE LADENOVEC,TP53
GLIPIZIDE,KCNJ10
CHEMBL:CHEMBL372375,SIRT1
EPIGALLOCATECHIN GALLATE,MMP14
DALFAMPRIDINE,CALCA
CTCE-0214,CXCR4
CH-5132799,PIK3CA
CH-5132799,PIK3CG
CH-5132799,PIK3CD
IOWH-032,CFTR
PALIFOSFAMIDE,DNMT1
BIS-TRIAZOLE DERIVATIVE 10,PLG
CHEMBL:CHEMBL1627429,STS
CERTOLIZUMAB PEGOL,TNF
AR-AO-14418,GSK3B
ULARITIDE,NPR1
OLAPTESED PEGOL,CXCL12
ANTI-LAG-3/PD-L1 BISPECIFIC ANTIBODY FS118,CD274
ANTI-LAG-3/PD-L1 BISPECIFIC ANTIBODY FS118,LAG3
CENISERTIB,PRKG1
ELDACIMIBE,CES1
TRIMETHAPHAN,CHRNA4
CTS-21166,BACE1
7-METHOXY-1-NAPHTHYLPIPERAZINE,A2M
LY344864,A2M
S33084,A2M
RISPERIDONE,A2M
PF-562271,RPS6KB1
OMEPRAZOLE,NFE2L2
FR260010,HTR2C
ZOTEPINE,HTR2C
LY344864,SERPINA3
PERPHENAZINE,SERPINA3
CHEMBL:CHEMBL580381,HSD17B10
MASOPROCOL,ATXN2
XNT [PMID: 18391097],ACE2
PYRROLIDINE DITHIOCARBAMATE,MTOR
APELIN-36,ACADSB
COMPOUND 1 [PMID: 25241924],ACADSB
ELABELA/TODDLER-21,ACADSB
CGS 21680,ABAT
CHK2 INHIBITOR II,CHEK2
MIRIPIRIUM CHLORIDE,AR
CCT245737,CHEK2
CHMFL-KIT-64,DPYD
SOTULETINIB,DPYD
INDOMETHACIN,CPT1B
PRAMLINTIDE,ACHE
UROCORTIN 3,ALB
[125I]ASTRESSIN,ALB
AM251,CYP2C9
AZD5438,EGR4
CDK2 INHIBITOR IV,EGR4
"(7S)-2-(2-AMINOPYRIMIDIN-4-YL)-7-(2-FLUOROETHYL)-1,5,6,7-TETRAHYDRO-4H-PYRROLO[3,2-C]PYRIDIN-4-ONE",EGR4
VORUCICLIB,EGR4
DINACICLIB,EGR4
RITONAVIR,COX6A1
DCLK1-IN-1,ELN
TG11-77,APOB
SKF-82958,ALCAM
SCH-23390,ALCAM
CICAPROST,APOC3
L-PHE-PHE-PHE,BMPR2
DATISCETIN,BRCA2
DECERNOTINIB,EPHB1
COMPOUND 8L [PMID: 36053746],EPHB1
PROCAINAMIDE,BNIP3L
UPADACITINIB,EPHB1
GUSACITINIB,EPHB2
ALTIRATINIB,DRD2
LINIFANIB,DPT
CHLORZOXAZONE,ARG2
KYT-0353,CCND3
MT-II,ANGPT2
AFAMELANOTIDE,ANGPT1
&GAMMA;-MSH,ANGPT1
PP-121,ETFB
PI-103,ETFB
VISTUSERTIB,ETFB
EVEROLIMUS,ETFB
M8891,CYP2J2
TAK-715,CTNNB1
COMPOUND 5N [PMID: 20483621],ERG
RAG8,APOH
GB88,APOE
CL-AMIDINE,GPX3
DUVELISIB,F7
SAPANISERTIB,F7
COMPOUND 2 [PMID: 22560567],F9
CX-5011,F9
TRIAZINE COMPOUND PC1,APOA1
PROKINETICIN-1,APOA1
(S)-23 [PMID: 27933945],MAPK14
PP-121,DPP4
RO3280,FABP1
COMPOUND 32 [PMID: 20471253],CTLA4
CRT 0066101,CTF1
BPKDI,CTF1
PD166285,FABP4
"(4Z)-1-(3-FLUOROPHENYL)-4-(2-OXO-1H-INDOL-3-YLIDENE)PYRAZOLIDINE-3,5-DIONE",GP1BA
PN10,RIPK2
ALITRETINOIN,BCHE
ALITRETINOIN,HCN2
"COMPOUND 28 [HEITEL ET AL., 2019]",RXRG
PRALSETINIB,PTK2B
CISPLATIN,CD274
MAGROLIMAB,CD274
ALVOCIDIB,CDKN2A
ONCOLYTIC TYPE 2 HERPES SIMPLEX VIRUS EXPRESSING GRANULOCYTE MACROPHAGE COLONY-STIMULATING FACTOR OH2,CD274
DECITABINE,FLT3
FLT3 INHIBITOR BMF-500,FLT3
PD98059,FLT3
MELK INHIBITOR OTS167,FLT3
RIGOSERTIB SODIUM,HRAS
BUPARLISIB,HRAS
KRAS G12D INHIBITOR MRTX1133,HRAS
IMATINIB,JAK2
TRAMETINIB DIMETHYL SULFOXIDE,PIK3CA
BORUSSERTIB,PIK3CA
PREXASERTIB,PIK3CA
CRIZOTINIB,PIK3CA
TRAMETINIB DIMETHYL SULFOXIDE,STK11
KU-60019,TP53
CYCLOPHOSPHAMIDE ANHYDROUS,TP53
AZD7762,TP53
HDM2 INHIBITOR MK-8242,TP53
PIMASERTIB,TP53
IRINOTECAN HYDROCHLORIDE,TP53
P53 Y220C MUTANT REACTIVATOR PC14586,TP53
CAPIVASERTIB,TP53
SP600125,TP53
SORAFENIB,TP53
SANGUINARIUM,NFKB1
PF-562271,MAPK9
CGP 54626A,CYP1A2
CHEMBL:CHEMBL429335,SMN2
CHEMBL:CHEMBL2059711,PGR
CHEMBL:CHEMBL1997335,FLT3
BRECANAVIR,ABCB1
CHEMBL:CHEMBL1945130,SIRT2
CHEMBL:CHEMBL578944,NFE2L2
"2,3,4-TRIHYDROXY-4'-ETHOXYBENZOPHENONE",ALDH1A1
CP55940,ATXN2
CYANOPEPTOLIN SS,PRSS2
GABACULINE,OAT
CYANOPEPTOLIN SS,PRSS1
CHEMBL:CHEMBL84010,NPC1
N-OLEOYLDOPAMINE,ATXN2
CHEMBL:CHEMBL524603,NPC1
GW3965,VDR
CHEMBL:CHEMBL1415851,ATXN2
PERPHENAZINE,MTOR
FENOLDOPAM MESYLATE,GFER
AG 1295,SMN1
RIMCAZOLE,CYP1A2
DANTHRON,NFE2L2
CHEMBL:CHEMBL576362,ATXN2
PRIMIDONE,AR
CARDAMOMIN,SMAD3
IOBENGUANE,NFE2L2
CHEMBL:CHEMBL533542,CYP2C19
PROPAFENONE HYDROCHLORIDE,KCNH2
CHEMBL:CHEMBL1687979,STAT3
AZINPHOS-ETHYL,NFE2L2
CHEMBL:CHEMBL84010,SMN2
PHENOLPHTHALEIN,RORC
CEP-11981,FCGR1A
NONOXYNOL-9,CYP3A4
CHLORPROPAMIDE,CYP2C9
CHEMBL:CHEMBL585045,CYP2D6
CHEMBL:CHEMBL1330352,NPC1
CITICOLINE SODIUM,AR
CHEMBL:CHEMBL16751,CYP2C19
CANRENOATE POTASSIUM,AR
"1,2-NAPHTHOQUINONE",HSD17B10
AZAMETHIPHOS,AR
CHEMBL:CHEMBL2088303,MAOA
ZILEUTON,CYP2D6
CHEMBL:CHEMBL578915,ALDH1A1
HALOTHANE,HSD17B10
PINAFIDE,NFE2L2
AZINPHOS-ETHYL,RXRA
CHEMBL:CHEMBL317115,GLP1R
TYRPHOSTIN 23,CYP1A2
FLAVONE,AHR
FENTICLOR,HSD17B10
CHEMBL:CHEMBL1358137,CYP2C19
BERKELEYAMIDE B,MMP3
"1R,9S-HYDRASTINE",CYP2C19
METITEPINE,VDR
SAQUINAVIR MESYLATE,CYP3A4
CETYLPYRIDINIUM,SMAD3
PROMAZINE,HIF1A
TOZASERTIB,SIK2
ARFORMOTEROL,CYP2D6
CHEMBL:CHEMBL2347631,CXCR4
ELIGLUSTAT,CYP2D6
GOSERELIN ACETATE,ESR1
OMEPRAZOLE,CYP2C19
RUCAPARIB,CYP2D6
VENETOCLAX,TP53
QUERCETIN,PIK3C3
QUERCETIN,PIK3CA
ENOTICUMAB,NOTCH3
NIROGACESTAT,NOTCH2
BORTEZOMIB,PSMD7
BORTEZOMIB,PSMD12
BORTEZOMIB,PSMD6
BORTEZOMIB,PSMB8
BUPARLISIB HYDROCHLORIDE,PIK3CG
BUPARLISIB HYDROCHLORIDE,PIK3R3
TERFENADINE,ABCB1
HEPARAN SULFATE,ABCC6
CISPLATIN,ABCC4
METHADONE HYDROCHLORIDE,ACHE
FENOFIBRATE MICRONIZED,ADIPOQ
"INSULIN, REGULAR, HUMAN",ADM
ANGIOGENESIS INHIBITOR,AGT
ETHINYL ESTRADIOL,AMH
LEUCOVORIN CALCIUM,BAX
MELATONIN,BAX
PREGNANT MARE SERUM GONADOTROPIN,BAX
PHENOTHIAZINE,BCHE
VITAMIN A,BAX
PHENYLEPHRINE,BAX
VERAPAMIL,BAX
DIETHYLSTILBESTROL,BCL2
HYPOXANTHINE,BCL2
MOMETASONE,CCL11
TNF-ALPHA,CCL11
FLUTICASONE,CCL5
TNF-ALPHA,CCNA2
ETHINYL ESTRADIOL,CCNA2
MANNOSE-BINDING LECTIN,CD59
BISPECIFIC ANTIBODY,CD40LG
CLADRIBINE,CDKN1A
TRETINOIN,CDKN1B
IMMUNOSUPPRESSANT,CP
SODIUM MOLYBDATE,CP
TERFENADINE,CSF2
ANTI-THYMOCYTE GLOBULIN,CTLA4
STAVUDINE,CXCL10
MODAFINIL,CYP2D6
CARMUSTINE,E2F1
CISPLATIN,ERCC1
MECHLORETHAMINE,ERBB2
VITAMIN E,ERBB2
SELENIUM,FASN
RISPERIDONE,FASN
PYRAZOLE,FGF2
SILICON PHTHALOCYANINE 4,GCG
AZACITIDINE,GGT1
PHENETHYL ISOTHIOCYANATE,GSTP1
HYDROCORTISONE BUTYRATE,HAS3
SHO-SAIKO-TO,HGF
DEFEROXAMINE,HIF1A
SELENIUM,HMOX1
HEPARAN SULFATE,HPSE
VACCINE,HP
PHENYLEPHRINE,HSPA4
DEFEROXAMINE,HSPA4
ANTINEOPLASTIC AGENT,HSPB2
KETANSERIN,HTR2A
ONDANSETRON HYDROCHLORIDE,HTR2A
CASPASE INHIBITOR,IFNA1
AMITRIPTYLINE HYDROCHLORIDE,IFNG
TRETINOIN,IFNG
TETRADECANOYLPHORBOL ACETATE,IGFBP1
"IBUPROFEN, SODIUM SALT",IFNG
MELATONIN,IFNG
FLUTAMIDE,IL2RA
TETRADECANOYLPHORBOL ACETATE,CXCL8
VERAPAMIL,CXCL8
PROTECTIVE AGENT,CXCL8
SIMVASTATIN,LIF
LOVASTATIN,LPL
LABETALOL,LPL
TETRADECANOYLPHORBOL ACETATE,MAPK14
HALOPERIDOL DECANOATE,MAPK14
ADJUVANT,MGMT
IMMUNOSUPPRESSANT,MMP2
DIMETHYL SULFOXIDE,MPO
MELATONIN,MYC
ORNITHINE DECARBOXYLASE INHIBITOR,MYC
VERAPAMIL,MYC
RECOMBINANT MACROPHAGE COLONY-STIMULATING FACTOR,MYC
FELODIPINE,MYO9B
PREGNANT MARE SERUM GONADOTROPIN,MYC
TETRADECANOYLPHORBOL ACETATE,NCF2
CAFFEINE,NOS1
ANALGESIC AGENT,NOS1
GABAPENTIN,NOS1
ENALAPRIL MALEATE,NOS1
THERAPEUTIC ANDROGEN,NR3C1
TNF-ALPHA,NR3C1
LOVASTATIN,NT5E
"INSULIN, REGULAR, HUMAN",NTF3
CEP-2563 DIHYDROCHLORIDE,NTRK1
NERVE GROWTH FACTOR,NTF3
HALOPERIDOL DECANOATE,NT5E
CISPLATIN,NTRK2
MELATONIN,PER1
GM-CSF,PIK3CA
MIDOSTAURIN,PIK3CA
RECOMBINANT CHEMOKINE,PIK3CB
MIDOSTAURIN,PIK3CB
PHOSPHODIESTERASE INHIBITOR,PLAU
SIMVASTATIN,PLTP
GALLIUM NITRATE,PTH
THERAPEUTIC ANDROGEN,PTH
"INSULIN, REGULAR, HUMAN",PTPN1
ANHYDROUS TACROLIMUS,SAG
DEXAMETHASONE,SDS
AMINOGLYCOSIDE ANTIBIOTIC,TG
GOSSYPOL,TGFB1
CLADRIBINE,TGFB1
IL-6,TGM2
SAQUINAVIR,TLR4
FOLIC ACID,TNF
URSODIOL,TP53
TETRADECANOYLPHORBOL ACETATE,VAMP2
HYDROCORTISONE BUTYRATE,VDR
"INSULIN, REGULAR, HUMAN",VAMP2
TETRADECANOYLPHORBOL ACETATE,VAV1
FENOFIBRATE MICRONIZED,VEGFA
DRONEDARONE,CYP3A4
DRONEDARONE,CYP2D6
DEHYDRATED ALCOHOL,CAT
CARBOPLATIN,NR1I2
NICARDIPINE,NR1I2
LUMIRACOXIB,CYP2C9
MINOCYCLINE,NR1I2
DACLATASVIR,VDR
LUMIRACOXIB,HLA-DRB1
IFOSFAMIDE,ALDH1A1
VITAMIN B12,MTHFR
RISEDRONIC ACID,IL1B
ABEMACICLIB,MKI67
ERGOT ALKALOIDS,HTR2A
FLUTICASONE/SALMETEROL,CHRM2
RALOXIFENE HYDROCHLORIDE,UGT1A1
PEGASPARGASE,GATA3
CANERTINIB,MTOR
RECOMBINANT CYTOKINE,APOE
RECOMBINANT TRANSFORMING GROWTH FACTOR,HPSE
IMATINIB,CYP3A4
PI3K INHIBITOR BGT226,PIK3CA
CGS 15943,ABCA1
U0126,RAF1
SN-38,BCHE
DOXYCYCLINE ANHYDROUS,MMP7
OXALIPLATIN,ABCC2
[3H]BANYU (I),ACTB
DARUNAVIR,CYP3A4
ETRUMADENANT,ADORA2A
MIDAZOLAM HYDROCHLORIDE,VDR
CHEMBL:CHEMBL593254,BRCA1
CHEMBL:CHEMBL1214274,CYP2D6
GSK852,GCLC
NPPB,BUB1
METHOTREXATE,NFE2L2
"2,4-DINITROPHENOL",GPR35
CALCITONIN,PTH
[3H]NEMONAPRIDE,ALDH1A1
ALDICARB,PPARG
MEDI-578,NGF
RIFAMPIN,VDR
VEMURAFENIB,CYP3A4
SKF-83959,ALCAM
PHYSCION,VDR
CODEINE ANHYDROUS,CYP3A4
PROTON PUMP INHIBITOR,NRG1
RG-1530,CDK5
OLMESARTAN MEDOXOMIL,SLCO1B1
CAELYX,TOP2A
ADAVOSERTIB,CDK5
VEMURAFENIB,HRAS
TUCATINIB,HRAS
TEMAZEPAM,CYP3A4
DIURETIC,GNB3
METOPROLOL,PPARA
PHENAMIL,SMN1
SULFAMETHOXAZOLE / TRIMETHOPRIM,HLA-B
CARTEOLOL HYDROCHLORIDE,ADRB2
ANTIDEPRESSANT AGENT,CYP2E1
ROMIPLOSTIM,FGFR1
MEPOLIZUMAB,IL5
BISANTRENE,ABCB1
DAPSONE,HLA-B
CHRYSIN,AHR
BLEOMYCIN,IFNG
FAM-TRASTUZUMAB DERUXTECAN-NXKI,ESR1
METHYLTESTOSTERONE,AR
VESNARINONE,KCNH2
HALOPERIDOL DECANOATE,SERPINA3
OXYCODONE,CYP2B6
ZOSUQUIDAR,ABCB1
LENERCEPT,TNF
METHOTREXATE,VDR
NC 4-28B,FASLG
ARTEMOTIL,CYP2B6
LYSINE,SMAD4
SYL-1001,TRPV1
RITUXIMAB,IFNG
CELECOXIB,AR
SULFAMIDE,CA2
INSULIN DEGLUDEC,INSR
(RS)-(TETRAZOL-5-YL)GLYCINE,GRIN2B
CHEMBL:CHEMBL471005,HSD17B10
TETRAMETHRIN,AR
TRETINOIN,APOE
ICENTICAFTOR,CFTR
SULFASALAZINE,TYMP
LEVOTHYROXINE,IRS4
TANESPIMYCIN,PIK3CA
CLORGILINE,CYP2D6
CHEMBL:CHEMBL444236,ALDH1A1
OXIDOPAMINE,MAPK9
ADALIMUMAB-ADBM,ATG5
VERAPAMIL,PLEKHH2
PENTACHLOROPHENOL,AHR
PROPRANOLOL HYDROCHLORIDE,CYP1A2
KB-NB142-70,CTF1
APROCITENTAN,EDNRA
THIRAM,AR
SB202190,CYP2C9
ISOPROTERENOL,CP
COMPOUND 2Q [PMID: 30986068],PIK3CB
CHEMBL:CHEMBL1420181,SMN2
CHEMBL:CHEMBL502774,SMN2
CHEMBL:CHEMBL602012,GLP1R
SULFINPYRAZONE,ABCC2
CEFOPERAZONE,CYP1A2
CHEMBL:CHEMBL580340,ATXN2
PENTABROMOPHENOL,NR3C1
OSIMERTINIB,KEAP1
BUPIVACAINE,NRG1
BEVASIRANIB,VEGFA
CALMODULIN,COL8A2
ADALIMUMAB-ADBM,NFKBIA
GANTACURIUM CHLORIDE,CHRNA4
RECOMBINANT TRANSFORMING GROWTH FACTOR,NTF3
CHEMBL:CHEMBL523200,HSP90AA1
CARBOPLATIN,VEGFA
SCRIPTAID,HDAC9
MDM2 INHIBITOR AMGMDS3,TP53
QUERCETIN DIHYDRATE,WRN
PYROGALLOL,NFE2L2
CHEMBL:CHEMBL602466,MAOA
ANFIBATIDE,GP1BA
FLAVOKAWAIN B,ATXN2
PREDNISONE,CXCL12
SULFADOXINE,CYP2C19
CARBOPLATIN,GSTT1
NITAZOXANIDE,SMN1
ANTIHYPERTENSIVE AGENT,GRK5
ISOSORBIDE MONONITRATE,GC
OMIPALISIB,AKT1
FLUFENAMIC ACID,TRPM5
KU-55933,PTEN
RECOMBINANT CYTOKINE,WT1
E-7974,TUB
ETONITAZENE,AR
ROSIGLITAZONE,SCD
TYRPHOSTIN 25,ALOX15
APITOLISIB,PIK3C3
DEFACTINIB,PTK2B
ILORASERTIB,PRKCD
SEL-24,PIM1
CYCLOPHOSPHAMIDE ANHYDROUS,ITGB2
TOLBUTAMIDE,ABCC8
BEGACESTAT,PSEN1
DIAPEP 277,TLR2
CHEMBL:CHEMBL578928,GLP1R
BMS-387032,CDK7
GW493838,ADORA1
AGROCLAVINE,CYP2D6
RECOMBINANT LYMPHOKINE,PLAT
CHEMBL:CHEMBL1474,AR
VAPREOTIDE ACETATE,SSTR2
KY-1005,TNFSF4
EXALUREN,RPSA
EDASALONEXENT,NFKB2
PROPARGYLGLYCINE,CSHL1
[3H]BQ123,ALDH1B1
ENMD-2076,BLK
TALAZOPARIB,PTEN
CHEMBL:CHEMBL442906,SNCA
DIMETHISOQUIN,CYP1A2
LAPACHONE,CYP3A4
CHEMBL:CHEMBL580727,SNCA
LEVOMETHADYL,KCNH2
UMECLIDINIUM BROMIDE,CYP2D6
ACETYLSULFANILAMIDE,AQP4
DIGITOXIN,FXYD2
DOXEPIN HYDROCHLORIDE,CYP2B6
CLORGILINE,CYP2C19
RUCAPARIB CAMSYLATE,PARP1
FISOGATINIB,SLC26A3
COLCHICINE,BDNF
METHAPYRILENE HYDROCHLORIDE,HRH1
GDC-0623,MAP2K2
GEMCITABINE,MS4A2
COMPOUND 25B [PMID: 22564207],CHEK2
BELIZATINIB,EPHA3
DOCETAXEL ANHYDROUS,ABCG2
CHEMBL:CHEMBL257748,CREBBP
CHLOROPHENOTHANE,NFE2L2
HS024,ANGPT1
AMIKACIN,IL2
DOCETAXEL ANHYDROUS,RXRA
INTERLEUKIN-11,CSF2
RALOXIFENE HYDROCHLORIDE,PIK3CG
VILAZODONE HYDROCHLORIDE,CYP3A4
NINTEDANIB ESYLATE,DPP4
LA3+,FXYD2
"9,10-PHENANTHRENEQUINONE",GNAS
PROMAZINE,ALDH1A1
MONOAMINE OXIDASE INHIBITOR,CYP2D6
SORAFENIB,NOS3
E319,ALOX15
OFLOXACIN,G6PD
CHEMBL:CHEMBL601952,THRB
CETILISTAT,PNLIP
KI-20227,DPT
6-NITROQUIPAZINE,CYP1A2
NRF2 PEPTIDE [PMID: 23647822],KEAP1
TILARGININE,BDNF
CLOBENPROPIT,CYP2D6
CHEMBL:CHEMBL421088,NPC1
TRICLOFENOL,NFE2L2
OCHRATOXIN A,VDR
"[ILE5,TRP23]PTHRP-(5-36)",XIAP
NEBULARINE,TP53
TETRANDRINE,TP53
TG7-171,APOC1
"D(CH2)5[TYR(ME)2,THR4,PHE(3I,4N3)-NH29]OVT",AQP9
TERFENADINE,TAC1
DICYCLOHEXYLCARBODIIMIDE,CXCL8
PHENYL AMINOSALICYLATE,CYP3A4
BENZO[B]TRIPHENYLENE,NFE2L2
RGB-286638,EGR4
VESNARINONE,PDE3A
KETAMINE HYDROCHLORIDE,GRIN2B
ANTIOXIDANT,UCP2
LM10,GRB10
SERTACONAZOLE NITRATE,HSP90AA1
CHEMBL:CHEMBL591361,HSP90AA1
SOLANIDINE,CYP2D6
TG6-129,APOB
BENAZEPRIL HYDROCHLORIDE,ACE
VESTIPITANT,AQP3
CEPHALOTHIN,CDKN2B
NEOVASTAT,MMP9
DOXORUBICIN HYDROCHLORIDE,CYBA
PROCHLORPERAZINE,CYP1A2
ANTIOXIDANT,GCLC
AMCINONIDE,NR3C1
DOVITINIB,DRD3
CHEMBL:CHEMBL606159,KCNH2
THIOPENTAL,GRIA2
THIRAM,HSD17B10
SETMELANOTIDE,LEPR
TRETINOIN,CYP2C9
HURATOXIN,TOP2A
ARASERTACONAZOLE,CYP2C9
CARBOPLATIN,MSH5
DAUNORUBICIN LIPOSOMAL,KMT2A
ISOPROPAMIDE IODIDE,CHRM3
DABIGATRAN ETEXILATE MESYLATE,F2
SOTALOL HYDROCHLORIDE,ADRB1
BETAXOLOL HYDROCHLORIDE,ADRB1
CERULETIDE DIETHYLAMINE,CCKAR
SERTRALINE HYDROCHLORIDE,SLC6A4
DABRAFENIB,HLA-DRB1
SITAGLIPTIN,DPP4
MECASERMIN RINFABATE,IGF1R
SERACTIDE ACETATE,MC2R
CHLORZOXAZONE,KCNN4
CARTEOLOL HYDROCHLORIDE,ADRB1
THEOPHYLLINE,PDE3B
PIROXICAM-BETA-CYCLODEXTRIN,PTGS1
PIROXICAM-BETA-CYCLODEXTRIN,PTGS2
PHENTOLAMINE MESYLATE,ADRA2A
PHENTOLAMINE MESYLATE,ADRA2C
COLLAGENASE CLOSTRIDIUM HISTOLYTICUM-AAES,COL4A1
FARGLITAZAR,SCNN1B
ANTI-THYMOCYTE GLOBULIN,FCGR3A
VANDETANIB,EPHB1
RISPERIDONE,UGT1A7
METFORMIN HYDROCHLORIDE,NDUFS3
RISPERIDONE,TMEFF2
CYCLOPHOSPHAMIDE ANHYDROUS,BMP7
CYCLOPHOSPHAMIDE ANHYDROUS,FOXO1
METHYLPREDNISOLONE,SERPINE1
PILSICAINIDE,SCN5A
CYCLOPHOSPHAMIDE ANHYDROUS,PNPLA3
ENTECAVIR ANHYDROUS,OCA2
TELBIVUDINE,OCA2
QUINIDINE POLYGALACTURONATE,SCN5A
ROPIVACAINE HYDROCHLORIDE,SCN5A
ARTICAINE HYDROCHLORIDE,SCN5A
EPINEPHRINE,ADRA1A
NOREPINEPHRINE BITARTRATE,ADRA2B
NOREPINEPHRINE BITARTRATE,ADRB3
PRAMIPEXOLE DIHYDROCHLORIDE,DRD2
PRAMIPEXOLE DIHYDROCHLORIDE,DRD3
CROFELEMER,ANO1
L-21649,FLT1
L-21649,FLT4
ME-344,NDUFB6
PEGASPARGASE,HLA-DQB1
LY-2874455,FGFR4
MYCOPHENOLATE MOFETIL,CES1
MYCOPHENOLATE MOFETIL,IL12A
TOCILIZUMAB,FCGR3A
ME-344,NDUFS2
PIOGLITAZONE HYDROCHLORIDE,G6PD
MELOXICAM,G6PD
SULFANILAMIDE,G6PD
XL-418,RPS6KB1
RPR749,ADORA1
CEP-2563,FLT3
CEP-2563,PRKCE
PUQUITINIB,PIK3CA
CEP-2563,PRKCD
GOLVATINIB,MET
TASELISIB,PIK3CD
FAMITINIB,FLT3
AMP579,ADORA2A
MK0686,BDKRB1
REGRELOR DISODIUM,P2RY12
ETALOCIB,PPARG
PF-00446687,MC4R
FARAMPATOR,GRIA4
DIURETIC,PDE4D
ALVOCIDIB,CDK2
MARIZOMIB,PSMB8
MARIZOMIB,PSMA6
MARIZOMIB,PSMB6
ICRUCUMAB,FLT1
AMG-108,IL1R1
MDX-447,EGFR
DEXFENFLURAMINE HYDROCHLORIDE,HTR2A
NITREFAZOLE,ADH1B
TERODILINE HYDROCHLORIDE,CHRM2
AHN-12,PTPRC
BENPERIDOL,DRD2
ACENOCOUMAROL,VKORC1
TERODILINE HYDROCHLORIDE,CACNA1E
MASLIMOMAB,TRGV3
8H9 131I,CD276
SEVIRUMAB,GH1
AMIFAMPRIDINE PHOSPHATE,KCNA5
FEBUXOSTAT,UGT1A1
ERAVACYCLINE DIHYDROCHLORIDE,RPSA
METHADONE HYDROCHLORIDE,SLC6A4
PIOGLITAZONE HYDROCHLORIDE,LPL
CLOMIPRAMINE,NEFM
MIPSAGARGIN,ATP2A2
OXYMORPHONE,COMT
ABT-751,TUBB4A
NIVOLUMAB,LAG3
ZATOLMILAST,PDE4D
ALFENTANIL HYDROCHLORIDE,COMT
MK-0873,PDE4D
OGLEMILAST,PDE4D
1018 ISS,TLR9
BUNAZOSIN,ADRA1D
JNJ-37822681,DRD2
OSOCIMAB,F11
ABEXINOSTAT,HDAC2
TAPINAROF,AHR
ISTAROXIME,ATP1A1
TAS0612,AKT2
REZVILUTAMIDE,AR
ANG1005,TUBB4B
APG-2575,BCL2
BALCINRENONE,NR3C2
"FIBRINOGEN, HUMAN",FGA
PRALUZATAMAB RAVTANSINE,TUBB4A
RECOMBINANT HUMAN INTERLEUKIN-15,IL2RB
DIANICLINE,CHRNA4
ODRONEXTAMAB,CD3E
DIACETYLMORPHINE,OPRM1
ACADESINE,PRKAB2
SHR-1316,CD274
BIFONAZOLE,HMGB1
TRENIBOTULINUMTOXINE,SNAP25
ERLOTINIB,KDR
NITROMIDE,CYP3A4
CYAZOFAMID,TP53
CHEMBL:CHEMBL588501,KCNH2
ANACARDIC ACID,ALOX5
SPHONDIN,HSD17B10
CHEMBL:CHEMBL1257092,ADRB2
R-1487,MAPK8
IPRODIONE,PPARG
GUANFACINE HYDROCHLORIDE,CYP3A4
ILEPCIMIDE,NPC1
CHEMBL:CHEMBL139935,ALDH1A1
KETANSERIN TARTRATE,KCNH2
CHEMBL:CHEMBL1601846,TNNI3
OCTYL_GALLATE,AR
CALCIMYCIN,KCNH2
SB202190,MAPK1
RALOXIFENE HYDROCHLORIDE,CYP3A4
ALDICARB,NFE2L2
ILORASERTIB,ACVR1
CHEMBL:CHEMBL534423,HSP90AA1
JP1302,WRN
ISOFLUPREDONE ACETATE,NFE2L2
CLOFLUCARBAN,AR
DASATINIB ANHYDROUS,MAP4K5
TAMATINIB,ERBB2
PERVILLEINE B,ABCB1
"6,4'-DIMETHOXYFLAVONE",HSD17B10
RITONAVIR,ABCB1
KENPAULLONE,NR0B1
CHEMBL:CHEMBL1420370,CYP2C9
METHOTREXATE,CYP2D6
QUERCETIN,NFKB2
QUERCETIN,RELA
QUERCETIN,NFKB1
PAULLONE,SIRT2
BORTEZOMIB,PRSS1
EBASTINE,MTOR
PYRITHIONE SODIUM,AR
RESACTIN A,SMAD3
(-)-U-50488,CYP2C19
PHENYLPYRUVATE,NFE2L2
ESOXYBUTYNIN,CYP3A4
A77636,ATXN2
ADAVOSERTIB,FYN
CHEMBL:CHEMBL260560,NPC1
KENPAULLONE,CYP1A2
CHEMBL:CHEMBL586962,KCNH2
GLISOFLAVONE,PTPN1
"1,10-PHENANTHROLINE",PPARD
TRACAZOLATE,CYP3A4
TRIFLUPROMAZINE,CYP2D6
CHEMBL:CHEMBL588525,BRCA1
SB202190,CYP1A2
SU9516,NFE2L2
DORAMAPIMOD,FLT1
ETHINYL ESTRADIOL,CYP2C19
GW282974X,CYP2C9
DASATINIB ANHYDROUS,MAPK14
BENZO[B]FLUORANTHENE,JUN
MURAGLITAZAR,PPARD
CHEMBL:CHEMBL1939691,MAPK1
CHEMBL:CHEMBL546649,BRCA1
SU9516,MTOR
TALIPEXOLE HYDROCHLORIDE,DRD3
EPINEPHRINE,MTOR
PENTACHLOROPHENOL,TP53
DESOXIMETASONE,NFE2L2
DACINOSTAT,HDAC2
PENICILLIN G POTASSIUM,SLC22A8
4'-DEMETHYLEPIPODOPHYLLOTOXIN,AR
CHEMBL:CHEMBL1797708,EP300
E927A,HSD17B10
FLUOXASTROBIN,NR1H4
CHEMBL:CHEMBL168075,NFE2L2
ALPRENOLOL HYDROCHLORIDE,KCNH2
CHEMBL:CHEMBL587259,CYP2D6
CHEMBL:CHEMBL534353,SNCA
METHOTREXATE,PPARG
RALOXIFENE HYDROCHLORIDE,PPARD
TRICHOSTATIN A,HDAC3
ISIS 2503,HRAS
TAMATINIB,TYK2
RO31-8220,SIRT2
CHEMBL:CHEMBL601146,SMAD3
ARASERTACONAZOLE,CYP2D6
KENPAULLONE,FYN
(S)-PROMETHAZINE,ALOX15
BORTEZOMIB,NFE2L2
3-O-METHYLQUERCETIN,ADRB2
CHEMBL:CHEMBL260028,SMN1
BIOALLETHRIN S-CYCLOPENTENYL ISOMER,PPARD
INDOPROFEN,SMN2
METHOTREXATE,CYP2C9
NITROMIDE,NFE2L2
[3H]GBR12935,CYP2D6
STILBAMIDINE,PRMT1
OCHRATOXIN A,THRB
CHEMBL:CHEMBL374632,TP53
SB202190,MAP4K4
CHEMBL:CHEMBL593110,AR
ROBUSTIC ACID,USP2
AMINOPURVALANOL A,CYP2C9
CORYNANTHINE,CYP1A2
"4,4'-DIMETHOXYDALBERGIONE",VDR
DICHLON,NFE2L2
CHEMBL:CHEMBL589946,KCNH2
ANETHOLE TRITHIONE,NFE2L2
ELLAGIC ACID,HSD17B10
AROMATICIN,SMAD3
CHEMBL:CHEMBL1650245,HDAC4
OSTHOLE,CYP3A4
CHEMBL:CHEMBL1650245,HDAC1
AT9283,RPS6KA3
CHEMBL:CHEMBL602923,SMAD3
CHEMBL:CHEMBL1379243,PIK3CA
CLOFIBRATE,TP53
FORMESTANE,AR
QUIPAZINE,CYP1A2
PD-98059,NPC1
CHEMBL:CHEMBL201325,NFKB2
FURAZOLIDONE,TP53
LORACARBEF,AR
PYRITHIONE SODIUM,NFE2L2
CHEMBL:CHEMBL51697,CYP2D6
CHEMBL:CHEMBL530049,KLF5
BIOTIN,IDE
CHEMBL:CHEMBL444075,ABCB1
EUPALININ A,AKT1
CHEMBL:CHEMBL171699,ALDH1A1
DIPHENYLENEIODONIUM,CYP3A4
TELENZEPINE,CYP2C9
(R)-MELPHALAN,HIF1A
CHEMBL:CHEMBL591834,AGTR1
DESLANOSIDE,AR
"4,4'-THIODIANILINE",CYP3A4
CHEMBL:CHEMBL151797,HSD17B10
FLUOCINONIDE,AR
KAEMPFERIDE,NFKB1
CLOBETASOL,AR
ALLANTOIN,AR
EMODIN,TP53
FLUPENTHIXOL,CYP1A2
PSORALEN,CYP2C9
CHEMBL:CHEMBL602807,ALDH1A1
SALIRASIB,CYP1A2
CHEMBL:CHEMBL362863,CYP2D6
DL-TBOA,CYP2D6
RG-1530,CAMK1D
ELLAGIC ACID,RUNX1
FENBUCONAZOLE,NFE2L2
FLUNISOLIDE ANHYDROUS,CYP3A4
CHEMBL:CHEMBL1452227,NPC1
CHEMBL:CHEMBL591412,NFE2L2
FLUOXYMESTERONE,NR3C1
KETOCONAZOLE,CYP2C9
ILORASERTIB,MAP4K4
SNS-314,IRAK1
CHRYSIN,CYP1A2
ENTRECTINIB,IGF1R
CHEMBL:CHEMBL563919,SMN2
RO31-8220,PRKCB
PHENOTHIAZINE,GAA
CHRYSIN,ALDH1A1
BUDESONIDE,CYP2C19
CHEMBL:CHEMBL1456848,SMAD3
AGROCLAVINE,DRD3
CHEMBL:CHEMBL588525,NPC1
CHEMBL:CHEMBL407501,TP53
GARDENIN,ALDH1A1
HESPERADIN,RPS6KA1
AFIMOXIFENE,RORC
CID2745687,GPR55
IMINOSTILBENE,GAA
CHEMBL:CHEMBL585966,KCNH2
LABETALOL,HPSE
DEXAMETHASONE SODIUM PHOSPHATE,NFE2L2
"(R,S)-INDATRALINE",CYP1A2
CHEMBL:CHEMBL586937,FASN
HESPERADIN,SRC
DASATINIB ANHYDROUS,KDR
CHLORDANE,AR
ALLOPURINOL,CYP2C9
BECLOMETHASONE,HIF1A
ALLOPURINOL,CYP1A2
BENZO[B]FLUORANTHENE,AHR
DIPHENYLENEIODONIUM,CYP2C19
SB 222200,CYP3A4
ETHYNODIOL DIACETATE,AR
BIFONAZOLE,PLA2G1B
AZATHIOPRINE,TP53
CEPHALOTHIN,WRN
THIRAM,RORC
CALCIMYCIN,NFE2L2
ACETALDEHYDE,AR
PROADIFEN,CYP2D6
ZM336372,CYP3A4
EMODIN,NFE2L2
BERKELEYDIONE,CASP1
EMODIN,PIK3CA
3-METHOXYCATECHOL,ALDH1A1
ARISTOYUNNOLIN A,MAPK3
HYDRASTININE HYDROCHLORIDE,HSPB1
CHEMBL:CHEMBL6931,FFAR1
ETHYNODIOL DIACETATE,NFE2L2
CHEMBL:CHEMBL392068,PSEN1
LABETALOL,CYP1A2
CHEMBL:CHEMBL582507,CYP1A2
KERACYANIN,BAX
MODAFINIL,CYP1A2
SB202190,NTRK3
DEXAMETHASONE,CYP2C19
CHEMBL:CHEMBL294747,CYP1A2
SB202190,NTRK2
VITAMIN A,KCNH2
MITOMYCIN,AR
CHEMBL:CHEMBL530291,NPY1R
"(R,S)-INDATRALINE",CYP2C19
ESTRADIOL ENANTHATE,AR
MEPRYLCAINE,CYP2D6
CHEMBL:CHEMBL1362503,ATXN2
CHEMBL:CHEMBL2208196,PPARG
DAUNORUBICIN LIPOSOMAL,HDAC5
AZEPANE,ALDH1A1
PLUMBAGIN,ERBB2
PSEUDOEPHEDRINE,CYP2D6
CHEMBL:CHEMBL2094549,CYP1A2
BIFENAZATE,NFE2L2
CHEMBL:CHEMBL590674,KCNH2
FERROUS SULFATE,CYP2C9
FLAVOKAWAIN A,ABCB1
TOSUFLOXACIN TOSYLATE,NFE2L2
HALOFANTRINE HYDROCHLORIDE,HSP90AA1
PYRITHIONE ZINC,ALOX15
VOLVALERENAL D,MAPK3
PIFEXOLE,NFE2L2
IDARUBICIN,MTOR
CHEMBL:CHEMBL1256778,DRD3
OLEIC ACID,HSD17B10
THIRAM,VDR
SB202190,CYP2D6
DELAVIRDINE,ABCC2
TUBERATOLIDE A,NR1H4
CHEMBL:CHEMBL84472,AR
DELAVIRDINE,ABCB1
NARINGIN,HPSE
"1,10-PHENANTHROLINE",HSPB1
CHEMBL:CHEMBL478754,CASP6
ACAMPROSATE CALCIUM,NFE2L2
MELATONIN,CYP1A2
ILORASERTIB,PTK2B
MEPINDOLOL,ADRB1
TRICHOSTATIN A,SMN1
TRICHOSTATIN A,SMN2
(S)-FLUOXETINE,CYP2C19
TERAZOSIN,CYP1A2
CHEMBL:CHEMBL239439,CYP2C19
PD-98059,CYP2D6
WARFARIN,TP53
DICYCLOHEXYLCARBODIIMIDE,NFE2L2
DEQUALINIUM,CYP3A4
CHEMBL:CHEMBL374632,HBB
CHEMBL:CHEMBL1513392,CYP2C19
CELECOXIB,NFE2L2
CHEMBL:CHEMBL601768,SMAD3
GAMMA-CYHALOTHRIN,NFE2L2
PHENOTHIAZINE,PPARG
MADOLIN T,MAPK3
EOSIN_Y,CTNNB1
FELBAMATE,CYP2C19
AROMATICIN,NFE2L2
BENZALDEHYDE,ALDH1A1
DICHLOROPHEN,RORC
ACRISORCIN,HSD17B10
IMIPRAMINE HYDROCHLORIDE,NR1H4
CHEMBL:CHEMBL580819,PTK2B
CHEMBL:CHEMBL581872,NFE2L2
EVOXINE,HSD17B10
ILORASERTIB,CSNK1D
LAPACHONE,CYP2D6
KHRINONE E,HSD17B10
FLUTAMIDE,CYP2C9
AMOROLFINE,AR
PHENOXYCARB,NFE2L2
MECLIZINE,CYP2C9
BORTEZOMIB,AR
CHEMBL:CHEMBL1481721,BRCA1
QUINPIROLE,DRD3
FLUOROMETHOLONE,AR
MONOBENZONE,NFE2L2
ENTRECTINIB,MET
CHEMBL:CHEMBL74852,VDR
BI-847325,MAP2K2
BMS-536924,IGF1R
CI-1040,MAP2K2
ALPELISIB,PIK3C2G
APITOLISIB,PIK3R1
APITOLISIB,PIK3CB
GSK-2636771,PIK3R3
GSK-2636771,PIK3CA
SF1126,PIK3C2G
SONOLISIB,PIK3C3
SF1126,PIK3C2A
EPIRUBICIN,ABCB1
GREEN TEA EXTRACT,ABCB1
DIMETHYL SULFOXIDE,ABCB1
HISTONE DEACETYLASE INHIBITOR,ABCB1
TEGAFUR-URACIL,AFP
BUTHIONINE SULFOXIMINE,APOE
TRIAMCINOLONE,APOE
CAMPTOTHECIN,BDNF
FLURBIPROFEN,BDNF
MIFEPRISTONE,BDNF
INDOMETHACIN,BDNF
MARIJUANA,BDNF
CALCITONIN,BGLAP
ETIDRONATE DISODIUM,BGLAP
INFLIXIMAB-DYYB,BGLAP
COUMARIN,BGLAP
HISTONE DEACETYLASE INHIBITOR,CDKN1C
AMIKACIN,CSF2
CALCIUM GLUCONATE,CTSC
CARVEDILOL,CYP1A2
METOCLOPRAMIDE HYDROCHLORIDE,CYP1A2
HYDRAZINE,CYP1A2
SPIRONOLACTONE,CYP1A2
ANTIPSYCHOTIC AGENT,CYP2C9
CYCLOSPORINE,CYP3A5
ASCORBIC ACID,DDIT3
CYCLOSPORINE,DDIT3
FLOXURIDINE,DNMT1
OXIDOPAMINE,DRD2
INDOMETHACIN,ENO2
RECOMBINANT INTERLEUKIN-8,FCGR3A
THALIDOMIDE,FCGR3A
ANTIOXIDANT,GCLM
CARVEDILOL,GJA1
MECHLORETHAMINE,GSR
CEFOTAXIME SODIUM,GSR
VITAMIN A,GSR
LYCOPENE,GSTP1
DAUNORUBICIN LIPOSOMAL,GSTP1
DOCETAXEL ANHYDROUS,GSTP1
IMMUNOSUPPRESSANT,IL1A
CYCLOSPORINE,IL2
QUININE,IL2
PHYTOCHEMICAL,IL2
CYCLOPHOSPHAMIDE ANHYDROUS,IL5
COLCHICINE,ITGB2
THALIDOMIDE,ITGB2
PREDNISOLONE,LCAT
ROSIGLITAZONE,MAP2K3
IMMUNOSUPPRESSANT,MAPK3
CHEMOPREVENTIVE AGENT,MGMT
MAFOSFAMIDE,MGMT
DOXYCYCLINE ANHYDROUS,MPO
TETRADECANOYLPHORBOL ACETATE,MYB
INDOMETHACIN,NFE2L2
DEXTRAN SULFATE SODIUM,NFE2L2
ANTIDEPRESSANT AGENT,NOS2
ROSIGLITAZONE,NPY
PROGESTERONE,PAX2
PROTEIN KINASE INHIBITOR,PLAU
GELDANAMYCIN,PLAU
FAT EMULSION,PLG
PROGESTERONE,PMP22
PROTEIN KINASE INHIBITOR,PTPRC
SOMATROPIN (RECOMBINANT DNA ORIGIN),SHBG
GLIPIZIDE,SLC2A4
BUTHIONINE SULFOXIMINE,SLC2A4
INDOMETHACIN,SLC2A4
TRIAMCINOLONE,SLC2A1
CALCITONIN,SPP1
ANTISENSE OLIGONUCLEOTIDES,SOCS3
GENTAMICIN,SPP1
PAREGORIC,SYP
WORTMANNIN,TAC1
RECOMBINANT TRANSFORMING GROWTH FACTOR,TBX21
MITOMYCIN,TAT
PEGINTERFERON ALFA-2A,TG
TRETINOIN,TGFB1
GINKGO BILOBA EXTRACT,THBD
MITOMYCIN,XDH
POZIOTINIB,EGFR
FLUVASTATIN,APOE
FUROSEMIDE,ABCC4
FUROSEMIDE,SLC12A3
ALBENDAZOLE,CYP2J2
ANHYDROUS TACROLIMUS,CYP2J2
FUROSEMIDE,ACE
ALBUTEROL SULFATE,CLOCK
FLUDARABINE,SLCO1B1
ABROCITINIB,CYP2C9
DOCETAXEL ANHYDROUS,HNF4A
EFAVIRENZ,HNF4A
VORINOSTAT,UGT2B17
IGURATIMOD,ABCG2
DOXORUBICIN HYDROCHLORIDE,ABCG2
CABAZITAXEL,ABCB1
SORAFENIB,SLC22A1
TROPISETRON,SLC22A1
ASPARAGINASE,PNPLA3
BLONANSERIN,CYP3A4
FLECAINIDE ACETATE,ADRB1
POSIPHEN,APP
MONOAMINE OXIDASE INHIBITOR,ABCB1
LIOTHYRONINE,ABCB1
LEVOFLOXACIN ANHYDROUS,ABCB1
METHADONE HYDROCHLORIDE,ABCB1
CIMETIDINE,ABCB1
MODAFINIL,ABCB1
ASTEMIZOLE,ABCB1
RAMATERCEPT,ACVR2B
FLUPENTHIXOL,NFKB1
MILNACIPRAN,HTR1A
SETMELANOTIDE,PCSK1
SETMELANOTIDE,POMC
AC430,JAK2
CAPECITABINE,SPRY2
ARTEMISININ,CYP2B6
CAPECITABINE,CYP1A1
CAPECITABINE,SMAD7
CAPECITABINE,TENM4
SUMATRIPTAN,DBH
LISINOPRIL ANHYDROUS,BDKRB2
OXALIPLATIN,SELE
OXALIPLATIN,PTGS2
OXALIPLATIN,CSMD1
GLATIRAMER,TGFB1
VINORELBINE,MTHFR
L-METHYLFOLATE,MTHFR
GRANISETRON,CYP1A1
LUSUTROMBOPAG,F2
PHENOBARBITAL,CYP1A1
GLYBURIDE,G6PD
BALSALAZIDE,ALOX5
LIDOFLAZINE,KCNH2
ALDOPHOSPHAMIDE,ALDH1A1
PREDNISONE,CYP2C19
SOFOSBUVIR/VELPATASVIR,IFNL3
SOTALOL,NOS1AP
DAUNORUBICIN LIPOSOMAL,BMP7
DAUNORUBICIN LIPOSOMAL,NOS3
APREPITANT,UGT2B7
DOXORUBICIN HYDROCHLORIDE,XRCC1
PITRAKINRA,IL4R
METHAMPHETAMINE,ARRB2
PITAVASTATIN,HMGCR
METHAMPHETAMINE,ANKS1B
GOSERELIN ACETATE,SLCO1B1
METHAMPHETAMINE,PICK1
EFAVIRENZ,NAT2
HYDROCHLOROTHIAZIDE,FTO
PREDNISONE,NOS3
GEMCITABINE,MSH5
DOCETAXEL ANHYDROUS,PPARD
PROCAINAMIDE,SCN5A
BALSALAZIDE,PPARG
CHOLIC ACID,HSD3B2
METHADONE HYDROCHLORIDE,NR1I3
METHADONE HYDROCHLORIDE,UGT2B7
ASENAPINE,ADRA2C
ASENAPINE,HRH1
PHENTOLAMINE,ADRA1A
DEXTROAMPHETAMINE SULFATE,CARTPT
CPG 10101,TLR9
ETILEVODOPA,DRD1
ANDROGEN RECEPTOR ANTISENSE OLIGONUCLEOTIDE EZN-4176,AR
FEXOFENADINE HYDROCHLORIDE,HRH1
LEVOSIMENDAN,KCNJ11
MOTEXAFIN GADOLINIUM,TXNRD2
CLAZOSENTAN,EDNRA
NARATRIPTAN,HTR1A
PENTOXIFYLLINE,ADORA1
DARIFENACIN,CHRM3
PENTOXIFYLLINE,ADORA2A
PSN357,PYGM
ARCHEXIN,AKT1
VALPROIC ACID,ACADSB
VIDOFLUDIMUS,IL17C
WX-554,MAP2K2
DEZOCINE,OPRM1
FOSINOPRIL,ACE
LEVALLORPHAN,OPRM1
NEFAZODONE,SLC6A4
NEFAZODONE,HTR2A
TOCAINIDE,SCN5A
TOLMETIN,PTGS1
GT 389-255,PNLIP
EPTIFIBATIDE,ITGB3
ECALLANTIDE,KLK1
PROMAZINE,HRH1
INSM-18,IGF1R
INCB7839,ADAM17
ZICRONAPINE,DRD2
BUDIODARONE,CALCA
BUDIODARONE,SLC25A20
CDK9 INHIBITOR AZD4573,CDK9
NISEVOKITUG,TGFB1
ISTAROXIME,ATP2A2
LIPID NANOPARTICLE ENCAPSULATED OX40L MRNA-2416,TNFRSF4
IL-2/9/15 GAMMA CHAIN RECEPTOR INHIBITOR BNZ-1,IL9
R1295,ITGA4
RELAMORELIN,GHRL
THYMOSIN BETA-4,NFKB2
AZD1656,GCK
BMS-830216,MCHR1
METFORMIN GLYCINATE,INSR
BIO1211,ITGA4
LOMERIZINE,SCN5A
ENALAPRILAT ANHYDROUS,ACE
ROMIPLOSTIM,KDR
EPINEPHRINE,ADRA2A
RECOMBINANT ADENOVIRUS 5 ENCODING TUMOR NECROSIS FACTOR-RELATED APOPTOSIS-INDUCING LIGAND,TNFSF10
MELAGATRAN,F2
"3,4-METHYLENEDIOXYMETHAMPHETAMINE",SLC18A2
PERHEXILINE,CPT1B
IODIPAMIDE,ALB
METHYLENE BLUE ANHYDROUS,GC
A425619,TRPV1
DENDRITIC CELL VACCINE,TERT
ALEMCINAL,KCNH2
BERZOSERTIB,MTOR
MIRABEGRON,ADRB3
AZ-4217,BACE1
CHLORPROTHIXENE,HRH1
INSULIN PEGLISPRO,INS
ANTI-EGFRVIII ANTIBODY DRUG CONJUGATE AMG 595,EGFR
MACITENTAN,EDNRB
CINOLAZEPAM,TSPO
INSULIN DEGLUDEC,INS
FENOPROFEN,PTGS1
PERHEXILINE,CPT1A
AVUTOMETINIB,SGSM3
PROCYCLIDINE,CHRM2
PROTRIPTYLINE,SLC6A4
APOMORPHINE,DRD1
AUTOLOGOUS CCR4-CD30CAR-CD28-CD3ZETA-EXPRESSING T-LYMPHOCYTES,TNFRSF8
BEMORADAN,PDE3A
METHYLDOPATE HYDROCHLORIDE,ADRA2A
PAN-PI3K INHIBITOR CLR457,PIK3CG
NIROGACESTAT,GLUL
LIXISENATIDE,GLP1R
PG-102,CD40LG
MORNIFLUMATE,COX8A
SULODEXIDE,SERPINC1
GMX1777,NAMPT
BQ-123,EDNRA
CFZ533,CD40
RETIFANLIMAB,PDCD1
"3,4-METHYLENEDIOXYMETHAMPHETAMINE",SLC6A4
S-15535,HTR1A
IPRAGLIFLOZIN,SLC5A4
ALNIDITAN,A2M
ZOLMITRIPTAN,A2M
PERGOLIDE,HTR2C
ERGOTAMINE,HTR2C
SB 224289,HTR2C
ML347,DNM2
LABETALOL,ABCA4
CHLORPROMAZINE,AOC1
YOHIMBINE,AOC1
CILAZAPRIL,DAPK3
FK-453,ABAT
APNEA,ABCA1
CYCLOPENTYLADENOSINE,ABCA1
ANGIOTENSIN III,ACADS
COMPOUND 2 [PMID: 28379944],ACADS
DENOPAMINE,ABO
CARAZOLOL,ABO
COMPOUND 13A [PMID: 23639540],DNMT1
COMPOUND 36 [PMID: 21958547],EFNB2
EXAMPLE A225 [WO2012170976A2],EFNB2
CHMFL-BTK-11,EFNB2
MEDRYSONE,PLA2G4A
NDT9513727,ACACB
LACTOMEDIN 1,ACACB
E7,ACACA
DICHLORPHENAMIDE,GAPDH
PETESICATIB,FOS
MECLOFENAMATE,PTGS2
CA2+,C5AR1
FASCAPLYSIN,CDK4
ULECACICLIB,CDK4
PURVALANOL B,CDK4
BMS-387032,CDK4
TANUXICICLIB,EIF4EBP1
ULECACICLIB,EIF4EBP1
THZ1,EIF4EBP2
MILCICLIB,EIF4EBP2
AJMALICINE,COX5B
LTE4,AMPD1
PIMOZIDE,ALDH1A1
PEROSPIRONE,ALDH1A1
L-NNA,NOS3
COMPOUND 2G [PMID: 27390066],ERAP2
TULMIMETOSTAT,EZH2
BI-4142,DXO
"COMPOUND 7 [NGUYEN ET AL., 2023]",SLC26A3
FUTIBATINIB,SLC26A3
CATEQUENTINIB,DRD1
DOVITINIB,DRD1
SAFIT1,ONECUT1
ILORASERTIB,DRD3
NINTEDANIB ESYLATE,DRD3
ZK93423,ARNT
TP003,ARNT
PSEUDOEPHEDRINE,ADRB2
SELFOTEL,GRIN2B
GRP94 INHIBITOR 54,GRIN2B
BUMETANIDE,ADAM10
"COMPOUND 5 [NOBLE ET AL., 1992]",CSNK1D
FAMITINIB,DRD2
ILORASERTIB,DRD2
BX-795,DRD2
CATEQUENTINIB,DRD2
CHMFL-KIT-8140,DPT
"COMPOUND 6LI [CHAN ET AL., 2022]",DPT
FAMITINIB,DPT
CA2+,ARG1
E4031,BAAT
KB-130015,BAD
CCT196969,EPHX2
2-OLEOYL-LPA,BIN1
TINODASERTIB,ESRRG
ASIP [90-132 (L89Y)],ANG
"(2R,3R)-APDC",SLC25A4
MSC2032964A,MAP3K5
G100,TLR4
METHOCTRAMINE,AANAT
"2-METHOXY-&ALPHA;,&BETA;-DIDEHYDRO-AGOMELATINE",ANK2
UCM1341,ANK2
DYNORPHIN A,APOF
UFP-512,APOF
ABBV-257,IL17A
TETRODOTOXIN,BAX
RELUTRIGINE,BBS1
PD157672,AQP5
ONTAMALIMAB,MADCAM1
INDOCYANINE GREEN ACID FORM,SLCO1B1
MRS2567,AIRE
ISOX-CHA-CHG-ALA-ARG-DPR(4FB)-NH2,APOE
LANIFIBRANOR,BCKDHB
COMPOUND 12B [PMID: 31465220],F5
DACTOLISIB,F5
ECF309,F5
COMPOUND 7 [PMID: 31955578],F5
INAVOLISIB,PIK3CB
RPI-MN,CHRNA4
STX-478,F5
SAMOTOLISIB,PIK3CB
NEMIRALISIB,PIK3CB
SCH51866,COL8A2
CILOSTAZOL,COL9A3
SCH51866,PDE5A
[125I]PRRP-20 (HUMAN),APOA4
"[125I][NLE8,21,TYR34]PTH-(1-34)-NH2 (RAT)",XIAP
TERIPARATIDE,XIAP
NETARSUDIL,CTRB1
H3 AC-B10-27(13-17 HC),APRT
COMPOUND 15 [PMID: 33738061],AMY2A
SIPONIMOD,AMY2A
ERTUGLIFLOZIN,CD3E
NC 8-12,FASLG
PASIREOTIDE,FASLG
[D-TYR8]CYN 154806,FAS
IN-NODAGATOC,FASLG
DES-AA5-[D-TRP8]SRIF,AQP2
VELDOREOTIDE,AQP2
[D-TYR8]CYN 154806,AQP1
"[111IN,90Y]DOTA-NOC",AQP2
GNE-064,GLP1R
OM-1700,HLA-DMB
DIPROVOCIM-1,TLR2
LA3+,ATP2A2
PRIMIDONE,ATP4A
VILDAGLIPTIN,TRPV4
HIMB1636-MMAE,UTS2R
SBP-7455,FHIT
ANTI-PD-L1 MONOCLONAL ANTIBODY,CTNNB1
ASPIRIN,PIK3CA
CARBOPLATIN,NRG1
PACLITAXEL,ASS1
NELARABINE,NT5C2
AZD8329,HSD11B1
NERATINIB,HERC2
METHOTREXATE,ALK
FILGOTINIB,ALK
DEXAMETHASONE,ALK
MILADEMETAN,ALK
OSIMERTINIB,CTNNB1
LORLATINIB,FGFR1
TELAGLENASTAT,KEAP1
PACLITAXEL,JAK2
CYTARABINE,KIT
I-BET151,KMT2A
TIVOZANIB,NRAS
COBIMETINIB,NRAS
ULIXERTINIB,NRAS
ERK1/2 INHIBITOR ERAS-007,NRAS
LORLATINIB,NRAS
COBIMETINIB,PIK3CA
OSIMERTINIB,PIK3CA
TIRBANIBULIN,PTEN
IDELALISIB,PTEN
BINIMETINIB,PTEN
ENCORAFENIB,PTEN
ALVIMOPAN ANHYDROUS,OPRM1
SULFATINIB,FGFR1
VILANTEROL TRIFENATATE,ADRB2
ANTHRANILIC ACID,HSD17B10
MELPHALAN,ABCB1
MELPHALAN,CTLA4
MONTELUKAST SODIUM,ALOX5
YTTRIUM (90Y) CLIVATUZUMAB TETRAXETAN,MUC1
PREDNISONE,BMP7
PROMAZINE,DRD2
PLUMBAGIN,VDR
CHEMBL:CHEMBL1343568,ATXN2
COLCHICINE,PIK3CG
ADINAZOLAM,TSPO
DIPHENHYDRAMINE,HNMT
ML381,AANAT
SAPANISERTIB,NFE2L2
MK-0873,PDE4A
CINOXACIN,TOP2A
AZD-3759,EGFR
BUCINDOLOL HYDROCHLORIDE,ADRA1D
ACETYLCYSTEINE,ACO1
CARTEOLOL HYDROCHLORIDE,ADRB3
CAULIBUGULONE B,TP53
6-BENZYLAMINOPURINE,CYP1A2
CI-1040,ROCK1
CHEMBL:CHEMBL586029,SMAD3
OXYMETAZOLINE HYDROCHLORIDE,ADRA2A
OLEAMIDE,CYP1A2
POMIFERIN,HSP90AA1
METRIFUDIL,ABCA1
PYRAZOLOACRIDINE,TOP2A
ARTICAINE,G6PD
CHEMBL:CHEMBL599013,SUMO1
DEMECOLCINE,AR
DICHLON,AHR
DICHLOROPHEN,PPARD
CI-1040,MAP3K1
TAFLUPOSIDE,TOP2A
PRAMLINTIDE,GLP1R
ACIVICIN,MYC
DOCETAXEL ANHYDROUS,CHST3
BI-D1870,RPS6KA3
FLURBIPROFEN,UGT2B7
BIMIRALISIB,PIK3CG
EMAPALUMAB-LZSG,IFNG
LACTULOSE,CSF2
ROXITHROMYCIN,IL2
NS1643,BAD
RMC-5552,PTEN
FELODIPINE,SLC25A20
PROTOPORPHYRIN,WRN
PROLINE,PPIA
ETHINYL ESTRADIOL,ESR1
NOVOBIOCIN,TOP2A
GNE-064,GLO1
DINITRO CRESOL,AR
CEFACLOR ANHYDROUS,ABCC2
SORAFENIB,PRKCE
TONAPOFYLLINE,ADORA2B
LGD-6972,GCGR
MGS-0210,GRM2
AKT INHIBITOR LY2780301,RPS6KB1
LISURIDE,A2M
PIDILIZUMAB,CD274
PI3K INHIBITOR BGT226,PIK3CG
NONSTEROIDAL ANTIINFLAMMATORY DRUG,NFE2L2
R3/I5,APRT
CHEMBL:CHEMBL2094549,CYP3A4
MEDI-3617,ANGPT2
LINOLENIC ACID,CYP3A4
CHEMBL:CHEMBL1317986,CYP1A2
NEMIRALISIB,AHSA1
DAUNORUBICIN LIPOSOMAL,GPX3
MINOXIDIL,CALCA
CHEMBL:CHEMBL595227,NFKB1
METHIDATHION,AR
AR-AO-14418,SLC29A1
TASELISIB,F7
CHEMBL:CHEMBL528694,HSP90AA1
KETOCONAZOLE,NR1H4
SCUTELLARIN,ABCB1
ETIDRONIC ACID,COL1A1
CHEMBL:CHEMBL482050,NFE2L2
(-)-STEPHOLIDINE,DRD1
CURCUMIN,CA2
TALAZOPARIB,FLT3
INCOBOTULINUMTOXINA,CALCA
URIC ACID,VEGFC
PREDNISONE,DOK5
(R)-DOI,HTR2C
OCTANOL,C4A
6-CL-MLT,ANK2
MEPTAZINOL,OPRM1
NEFAZODONE,ADRA1A
CHEMBL:CHEMBL314115,CYSLTR2
CHRYSOPHANOL,VDR
CHEMBL:CHEMBL528181,PLA2G1B
WORTMANNIN,HSPA4
ETHER,MAPK1
INDOMETHACIN,TH
SITAXENTAN,ALDH1B1
LAPACHOL,VDR
AMIFAMPRIDINE PHOSPHATE,KCNQ1
ANHYDROUS DEXTROSE,COMT
YOHIMBINE,SERPINA3
JNJ-47965567,P2RX7
ARGIPRESSIN,NR5A1
NINTEDANIB ESYLATE,DRD1
BI-847325,CTSV
CRIZOTINIB,NTRK3
AZD1480,EPHB2
MITOXANTRONE,RPSA
DIFLUBENZURON,RXRA
CAMPTOTHECIN,PIK3CA
NICOTINE POLACRILEX,LEP
GEPOTIDACIN,TOP2A
CHLORAMPHENICOL PALMITATE,RPSA
GLUFOSFAMIDE,SLC2A2
CP466722,EEF1B2P2
TRIAMCINOLONE HEXACETONIDE,NR3C1
LABETALOL HYDROCHLORIDE,ADRA2B
RIMITEROL,ADRB2
ANTISAUVAGINE,ALB
PGJ2,APOB
COMPOUND 36 [PMID: 21273063],ADH1C
VEGFE,DRD2
FISETIN,CYP2C9
"COAGULATION FACTOR IX (RECOMBINANT), GLYCOPEGYLATED",F9
ASPARAGINASE,NFATC2
CARBARIL,NFE2L2
CHEMBL:CHEMBL42661,CALCA
&ALPHA;-ERGOCRYPTINE,HSD17B10
ASN06356088,UBE2N
DOXEPIN HYDROCHLORIDE,COMT
BTP2,ATP2A2
MRS2698,APC
&ALPHA;&BETA;-METHYLENEADP,CCR3
ROBLITINIB,SLC26A3
CHEMBL:CHEMBL1548739,CYP2C9
METHYSERGIDE MALEATE,CASP6
GENTAMICIN,GDNF
PHENOTHIAZINE,ALOX15
GANETESPIB,UGT1A
IBUFENAC,PTGS2
PROTOPORPHYRIN,KMT2A
MEDRYSONE,AR
DOXEPIN HYDROCHLORIDE,BDNF
SCOPOLETIN,ERAP2
CGS 15943,ABAT
NOVOKININ,ACADS
CHEMBL:CHEMBL609628,CYP1A2
SAMOTOLISIB,ETFB
CHEMBL:CHEMBL591618,MTOR
SORAFENIB,HIF1A
SULFADOXINE,CYP2C9
DOBUTAMINE,ABO
OSANETANT,AQP3
BEPERMINOGENE PERPLASMID,MET
CHRYSIN,AR
PIDNARULEX,BRCA2
CHEMBL:CHEMBL260342,SMN1
VALPROIC ACID,NR1I2
XESTOSPONGIN C,ITPR1
ASTX029,FLT3
EZETIMIBE,SLCO1B1
NITROBLUE TETRAZOLIUM,MEN1
CAPECITABINE,UGT1A1
LADIRATUZUMAB VEDOTIN,TUBB4A
TANZISERTIB,MAPK8
SB 204741,HTR2C
BM213,ACACB
EPINEPHRINE,ADRB3
AMPRELOXETINE,SLC6A4
OLODATEROL,ADRB2
APG-1387,XIAP
DESOXYCORTICOSTERONE,AR
FEXOFENADINE HYDROCHLORIDE,ALOX15
TROPISETRON,CYP3A4
NISOLDIPINE,CACNA1C
PHENIRAMINE,HRH1
CHEMBL:CHEMBL409102,KIF11
CARMOXIROLE,DRD2
PACTIMIBE,SOAT1
ASENAPINE,HTR2A
HEPARIN,HPSE
COMPOUND 38 [PMID: 24915291],EFNB2
S-222611,ERBB2
CDK1/5 INHIBITOR,SLC29A1
UROLININ,UTS2R
CHEMBL:CHEMBL1214274,CYP2C19
CHEMBL:CHEMBL2171794,TOP2A
JNJ-26483327,FLT4
MK-3577,GCGR
JQ1,KMT2A
GEMCITABINE,MTHFR
INDOPROFEN,TP53
CHEMBL:CHEMBL1333386,TP53
ETHER,NPY
DEXCHLORPHENIRAMINE MALEATE,HRH1
"L-156,602",ACACB
FLUFENAMIC ACID,C2
CHEMBL:CHEMBL1420370,CYP3A4
CELECOXIB,STAT3
[3H]GABAZINE,CYP2D6
DOFETILIDE,CALCA
KI-20227,DRD2
PAPAVERINE HYDROCHLORIDE,CASP6
PROFENAMINE,HRH1
METRELEPTIN,LEP
AM404,TRPV4
CYCLOVALONE,VDR
ANG1005,TUBB3
HYDRALAZINE,AOC3
METHIMAZOLE,TP53
NICERGOLINE,ADRA1A
SATAVAPTAN,AVPR2
SITAXENTAN,EDNRB
BENZPIPERYLON,CYP3A4
COMPOUND 2 [PMID: 21105727],SLC25A4
ONALESPIB,HSP90AA1
LY-465608,BCKDHA
PENTAMETHYLQUERCETIN,CYP3A4
NONSTEROIDAL ANTIINFLAMMATORY DRUG,PIK3CA
MESORIDAZINE BESYLATE,DRD2
COLLAGENASE CLOSTRIDIUM HISTOLYTICUM-AAES,COL11A2
TENELIGLIPTIN,DPP4
AZATADINE,HRH1
DOXEPIN HYDROCHLORIDE,CYP2C9
CHEMBL:CHEMBL2063052,DNMT1
VOLANESORSEN,APOC3
"ESTROGENS, CONJUGATED SYNTHETIC A",ESR1
OLICERIDINE,OPRM1
LG-100268,HCN2
CHEMBL:CHEMBL483206,WRN
FLUTAMIDE,NFE2L2
CARVEDILOL,LEP
DOXERCALCIFEROL,VDR
1-HYDROXY-4-ETHOXYBENZENE,NFE2L2
L-NNA,NOS1
AMIKACIN,IFNG
ESTRONE SULFATE,SLCO1B1
ESTAZOLAM,TSPO
PIPERIDOLATE,CYP3A4
TIOCARLIDE,SCD
MAFOSFAMIDE,FCGR3A
CLOPIDOGREL,CYP3A5
GRAVEOLINE,CYP2D6
7-NITROINDAZOLE,HSD17B10
PITAVASTATIN,HLA-DRB1
CHEMBL:CHEMBL1797708,KAT2B
METHIMAZOLE,TNF
PSEUDOEPHEDRINE,ALOX15
FLUPENTHIXOL,ABCB1
CHEMBL:CHEMBL365617,PRKD2
HYDRASTININE HYDROCHLORIDE,HSD17B10
CHEMBL:CHEMBL1333386,SMN1
SERABELISIB,ETFB
INDOMETHACIN,ACE
HARMALINE,CYP2D6
HARMINE,MAOA
CHEMBL:CHEMBL530733,CYP2C8
FLUFENAMIC ACID,C4B
SCRIPTAID,CFTR
AES-103,HBB
VANDETANIB,TEK
POMIFERIN,CYP2C19
CALCIMYCIN,MTOR
CARBOPLATIN,ASS1
CEFOTAXIME SODIUM,TNF
HSP90 INHIBITOR,ERBB2
COBOMARSEN,MIR155
CARBINOXAMINE MALEATE,HRH1
FLUPHENAZINE DECANOATE,DRD2
HEXAFLUORENIUM BROMIDE,ACHE
PREDNICARBATE,NR3C1
HYDROCODONE POLISTIREX,OPRM1
ISOPROTERENOL SULFATE,ADRB3
DEXMEDETOMIDINE HYDROCHLORIDE,ADRA2B
BALSALAZIDE DISODIUM,PTGS1
BALSALAZIDE DISODIUM,PTGS2
PHENOXYBENZAMINE HYDROCHLORIDE,ADRA1A
CRILVASTATIN,HMGCR
DOCOSANOL,GK
TROPLASMINOGEN ALFA,PLG
ASENAPINE,A2M
[3H]8-OH-DPAT,A2M
SB236057,A2M
ACITRETIN,RXRG
CARGLUMIC ACID,CPS1
ORG-37684,HTR2C
SB 221284,HTR2C
MESULERGINE,HTR2C
[3H]8-OH-DPAT,NAT2
INTERFERON BETA-1A,IFNAR1
DROXIDOPA,ADRA2A
TEDIZOLID PHOSPHATE,RPSA
NALOXEGOL,OPRM1
CAL-263,PIK3CD
NV-128,NDUFAB1
PKI-179,MTOR
SCIO-323,MAPK14
SR16234,ESR1
SODELGLITAZAR,PPARG
FARGLITAZAR,PPARG
SAPITINIB,EGFR
TRICIRIBINE PHOSPHATE,AKT1
ZSTK-474,PIK3R3
ZSTK-474,PIK3CA
ZSTK-474,PIK3CD
UBROGEPANT,CALCRL
CRINECERFONT,CRHR1
PACLITAXEL POLIGLUMEX,TUBB4A
TOSEDOSTAT,RNPEPL1
OPROZOMIB,PSMD6
OPROZOMIB,PSMD12
CARMEGLIPTIN,DPP4
PLINABULIN,TUBB4B
VERUBULIN,TUBB3
BEXAGLIFLOZIN,SLC5A2
PARDOPRUNOX,HTR1A
DEXIBUPROFEN,PTGS2
CONBERCEPT,VEGFC
CONBERCEPT,VEGFA
INTETUMUMAB,ITGB3
MLNM-2201,ITGB2
TOL-101,TRGV3
ARGIPRESSIN TANNATE,AVPR1A
BICIROMAB BRALLOBARBITAL,FGB
GSK-1995057,TNFRSF1A
MOLIBRESIB,BRD2
CD24FC,HSPA1B
TOLOXATONE,MAOA
MOFEZOLAC,PTGS1
BENZHYDROCODONE HYDROCHLORIDE,OPRM1
EVOCALCET,CASR
SOFPIRONIUM BROMIDE,CHRM2
ENAPOTAMAB VEDOTIN,TUBB4A
ENAPOTAMAB VEDOTIN,TUBB4B
POTASSIUM OXYBATE,GABBR1
GSK-1521498,OPRM1
SERPLULIMAB,PDCD1
BMS-813160,CCR2
CJM-112,IL17A
TAS-117,AKT2
EXALUREN,RPS6
LAROTAXEL,TUBB4A
RO-24-7429,TAT
ATN-161,ITGB3
ATN-161,ITGB1
TAS0612,RPS6KB1
PINATUZUMAB VEDOTIN,TUBB4B
MARALIXIBAT CHLORIDE,SLC10A2
APRATASTAT,ADAM17
MIBAVADEMAB,LEPR
LENALIDOMIDE,VEGFC
RG-1530,GRK5
LOPERAMIDE,CYP2D6
CLOFIBRATE,CYP1A2
PHENETHYLISOTHIOCYANATE,CYP2E1
DIMETHISOQUIN,CYP2D6
CERIVASTATIN SODIUM,AR
CHEMBL:CHEMBL584883,NFE2L2
CHEMBL:CHEMBL486706,KMT2A
CHEMBL:CHEMBL486706,MEN1
CIMETIDINE,SLC22A2
THIORPHAN,NFE2L2
CLOXYQUIN,GLP1R
DOPAMINE,GFER
KETOCONAZOLE,HSP90AA1
2'-HYDROXYCHALCONE,CRYZ
CHEMBL:CHEMBL118280,AR
CHEMBL:CHEMBL457246,TERT
RO3280,PPARD
GRAVEOLINE,CYP3A4
2'-HYDROXYCHALCONE,VDR
"2,4-DINITROPHENOL",NFE2L2
CHEMBL:CHEMBL600554,SMN2
AFIMOXIFENE,KCNH2
TRIFLUOPERAZINE,MAPK1
CEFOPERAZONE,CYP3A4
CHEMBL:CHEMBL583351,NFE2L2
SB 204741,NPC1
QUETIAPINE FUMARATE,CYP3A4
IOPHENOXIC ACID,VDR
METHYLERGONOVINE,VDR
THIRAM,RXRA
KENPAULLONE,FLT4
CHEMBL:CHEMBL528694,ATXN2
CHEMBL:CHEMBL590706,NFE2L2
CALCIFEDIOL ANHYDROUS,AR
CHEMBL:CHEMBL601528,KCNH2
TRICHOSTATIN A,CFTR
FLUOROURACIL,HBB
CHEMBL:CHEMBL586078,GLP1R
CLOBENPROPIT,CYP3A4
OLEANOLIC ACID,AKR1B10
ENTRECTINIB,FYN
TRICHOSTATIN A,HDAC2
ALTRENOGEST,AR
MURUCOIDIN V,ABCB1
METHYL ISOBUTYL KETONE,ALDH1A1
S(+)-APOMORPHINE,TP53
&ALPHA;-ERGOCRYPTINE,VDR
ARACHIDONIC ACID,ALOX15
AZD9272,GRM5
IDEBENONE,PPARD
QUERCETIN,HSPB1
5-HYDROXYINDOLEACETIC ACID,VDR
BERKELEYACETAL C,CASP1
"1,10-PHENANTHROLINE",AR
ERGOCORNINE,RUNX1
CLADRIBINE,NFE2L2
RO 40-6055,VDR
CHEMBL:CHEMBL239439,HIF1A
LINEZOLID,CYP2C9
GALANGIN,CYP3A4
CGS-27023A,ACE
OXYMETHOLONE,ESR1
EMODIN,ALDH1A1
CHEMBL:CHEMBL528451,ALDH1A1
LINTITRIPT,NFE2L2
NAFTIDROFURYL,CYP3A4
THEONELLASTEROL G,NR1I2
CHEMBL:CHEMBL590900,NPC1
TANSHINONE IIA SULFONATE,BRCA1
PERVILLEINE D,ABCB1
IODOFORM,VDR
PHENOBARBITAL,NR1I3
CLOFIBRATE,CYP3A4
S(+)-APOMORPHINE,HSD17B10
ENTRECTINIB,PRKAA1
TRIFLUOPERAZINE,CYP2D6
CHEMBL:CHEMBL2203703,TACR3
HYDRALAZINE,CYP2C9
FLUOXASTROBIN,NFE2L2
URAPIDIL,CYP2C9
SCLAREOL,AR
FURAZOLIDONE,NFE2L2
AZATHIOPRINE,CYP2D6
7-NITROINDAZOLE,CYP1A2
AKT INHIBITOR IV,ATXN2
CHEMBL:CHEMBL602466,MAOB
METHYLENE BLUE ANHYDROUS,MEN1
TOLYLFLUANID,AR
AFIMOXIFENE,PLD1
FLUOXASTROBIN,PPARG
CHEMBL:CHEMBL1797713,CREBBP
CLONIDINE HYDROCHLORIDE,CYP2D6
CHEMBL:CHEMBL1503729,SMAD3
TRICHOSTATIN A,HDAC9
GSK2606414,EIF2AK3
RG-1530,IRAK1
SPHINGOSINE,UBE2N
ZUCLOPENTHIXOL,CYP1A2
ILORASERTIB,NTRK1
CHEMBL:CHEMBL460508,SMN1
BIFONAZOLE,HSP90AA1
METOPRINE,NFE2L2
CHEMBL:CHEMBL471694,GLI1
CYCLOVALONE,ATXN2
PSORALEN,CYP2D6
HEMATOXYLIN,VDR
N- (9-FLUORENYLMETHOXYCARBONYL)-L-LEUCINE,CYP2C9
NELFINAVIR MESYLATE,RORC
SHINFLAVANONE,PPARG
BROMODIOLONE,NFE2L2
TAMATINIB,MAPK9
ERLOTINIB,BLK
CHEMBL:CHEMBL600554,NPC1
"5,7-DIHYDROXY-4-METHYLCOUMARIN",CYP3A4
GALANGIN,CYP2C9
DRONEDARONE,AR
CHEMBL:CHEMBL1567041,NPC1
PYRITHIONE ZINC,HSD17B10
PHENELZINE SULFATE,GFER
TROPISETRON,JUN
QUESTIOMYCIN B,AHR
ANISOMYCIN,SMAD3
DIMETHYLADENINE,MARK2
PD-98059,CYP2C19
SN-38,HDAC1
SN-38,HDAC4
CHEMBL:CHEMBL463783,CYP1A2
IMIPRAMINE HYDROCHLORIDE,RXRA
CHEMBL:CHEMBL365617,PIM1
HEPTACHLOR,ATM
FLUNISOLIDE ANHYDROUS,CYP2C9
CHRYSIN,NFE2L2
HYDROCORTISONE PROBUTATE,AR
PYRITHIONE ZINC,ALDH1A1
NUTLIN-3,TP53
MIDAZOLAM HYDROCHLORIDE,BRD2
NPPB,HSPA5
CARBOQUONE,NFE2L2
CHEMBL:CHEMBL530291,GNAS
LEVISOPRENALINE,VDR
NITROFURAZONE,AR
NITROBLUE TETRAZOLIUM CHLORIDE,AR
CHLORDANE,RORC
2-ACETYLAMINOFLUORENE,AR
DIBUCAINE HYDROCHLORIDE,NFE2L2
TYRPHOSTIN 25,ALDH1A1
CHEMBL:CHEMBL260560,SMN2
TRACAZOLATE,CYP1A2
CHEMBL:CHEMBL140220,CYP3A4
CHEMBL:CHEMBL260342,HSP90AA1
CARBETOCIN,AVPR1A
E319,HSD17B10
ICI-199441,CYP2C19
CHEMBL:CHEMBL412603,NPC1
DICHLOROPHEN,ESR1
PROGESTERONE,RORC
ARASERTACONAZOLE,CYP3A4
"6,4'-DIMETHOXYFLAVONE",NFKB2
CHEMBL:CHEMBL297304,AR
PENTOSALEN,CYP3A4
EPINASTINE,DRD1
CHEMBL:CHEMBL1256916,CYP3A4
VINPOCETINE,KCNH2
CHEMBL:CHEMBL530733,CYP2D6
OXYMETHOLONE,ALDH1A1
CHEMBL:CHEMBL260028,TP53
RG-1530,TYK2
PESUDOGINSENOSIDE RP1 METHYL ESTER,MAPK3
CHEMBL:CHEMBL563919,SMN1
AZARIBINE,SMN2
MELPHALAN,CYP3A4
CHEMBL:CHEMBL1576338,HSD17B10
FENITROTHION,VDR
CHEMBL:CHEMBL587259,HSD17B10
DIHYDROGAMBOGIC ACID,TP53
QUERCETIN,HIF1A
QUERCETIN,AVPR2
AGROCLAVINE,VDR
CHEMBL:CHEMBL362863,CYP2C9
CHEMBL:CHEMBL2062868,STAT3
DIHYDROGAMBOGIC ACID,MAPK1
CHLOROTRIPHENYLSTANNANE,NFE2L2
DICHLOROISOPROTERENOL,ADRB1
TOLUENE DIISOCYANATE,CYP3A4
DASATINIB ANHYDROUS,JAK2
DICHLOROPHEN,AR
RG-1530,ALK
CHEMBL:CHEMBL460508,NPC1
SUCCIMER,PTPN22
ILORASERTIB,INSR
CHEMBL:CHEMBL528712,MTOR
THIRAM,HSP90AA1
PD-98059,SMN2
KENPAULLONE,CYP2D6
FLUNISOLIDE ANHYDROUS,CYP1A2
KENPAULLONE,NPC1
DOLASTATIN 12,SMAD3
3-METHOXYCATECHOL,VDR
CHEMBL:CHEMBL112060,SMN1
DEXAMETHASONE,CYP2C9
ROTENONE,CYP3A4
(S)-FELODIPINE,CYP2C19
PNU-99194A,CYP2D6
DIACETYLRHEIN,NFE2L2
LOPERAMIDE,CYP3A4
BUPRENORPHINE,AR
CHEMBL:CHEMBL362863,CYP1A2
NITROFURAZONE,NFE2L2
SR-13668,GSK3B
ALBENDAZOLE,CYP1A2
CHEMBL:CHEMBL563919,NPC1
A77636,DRD1
2-MERCAPTOPYRIMIDINE,JUN
OCHRATOXIN A,ESR1
NAPHAZOLINE,CYP2D6
BANOXANTRONE,NOS2
ROLIPRAM,ADRB2
CITRONELLOL,ALOX15
GLYBURIDE,CYP2C9
FENOLDOPAM MESYLATE,CYP2D6
SORAFENIB,HIPK2
SORAFENIB,MAP4K5
CHEMBL:CHEMBL476501,CYP3A4
MITOMYCIN,CYP2D6
PROGESTERONE,CYP2C9
LINOLENIC ACID,FFAR1
ALLITRIDIN,ALDH1A1
LEMILDIPINE,AR
FELBAMATE,CYP2C9
CHEMBL:CHEMBL139935,CASP6
NORGESTREL,NFE2L2
AZATHIOPRINE,CYP2C19
BISLEUCONOTHINE A,MTOR
CHEMBL:CHEMBL580918,SMAD3
CHEMBL:CHEMBL600747,ATXN2
BENORILATE,AR
4-AMINOPHENOL,HSD17B10
SCOPOLETIN,HSD17B10
"5,7-DIHYDROXY-4-METHYLCOUMARIN",NFE2L2
SOBUZOXANE,CYP3A4
NELFINAVIR MESYLATE,NFE2L2
SB 204741,CYP3A4
TRIDOLGOSIR,LCK
VITAMIN A,CXCL8
EMODIN,CYP2C9
CHEMBL:CHEMBL528390,NFE2L2
CHEMBL:CHEMBL516616,HSD17B10
OXYMORPHONE,NR1I3
RALOXIFENE HYDROCHLORIDE,AR
OXYPHENISATIN ACETATE,AR
AZD-4017,AGTR2
SALMETEROL XINAFOATE,TP53
ISOCARBOXAZID,CYP1A2
DIENOCHLOR,VDR
TRIBROMSALAN,VDR
CHEMBL:CHEMBL140220,CYP1A2
KINETIN RIBOSIDE,NFE2L2
GLYBURIDE,PPARG
MONASTROL,ALDH1A1
AVOCADYNE ACETATE,ALDH1A1
ENTINOSTAT,CFTR
HALOPROGIN,VDR
ENTRECTINIB,PRKCQ
CLOBENPROPIT,CYP2C9
CHEMBL:CHEMBL597452,AHR
TELENZEPINE,CYP3A4
L701324,CYP2D6
CHEMBL:CHEMBL581872,MAPK1
CILOSTAZOL,CYP3A4
LICOFLAVANONE A,PPARG
DASATINIB ANHYDROUS,SMAD3
TAMOXIFEN,CYP2B6
CHEMBL:CHEMBL528694,NFKB2
CHEMBL:CHEMBL253786,CYP3A4
CHEMBL:CHEMBL515495,PIM1
PROTOPORPHYRIN,SUMO1
CHEMBL:CHEMBL530733,CYP2B6
CHEMBL:CHEMBL1307453,SMAD3
NS1619,CYP2C9
CHEMBL:CHEMBL362863,CYP2C19
CLOXYQUIN,HSPB1
THEONELLASTEROL G,NR1H4
OXYTETRACYCLINE HYDROCHLORIDE,HSD17B10
2-MERCAPTOBENZOTHIAZOLE,ALDH1A1
DEHYDROEPIANDROSTERONE ACETATE,NFE2L2
CHEMBL:CHEMBL477841,APP
CHEMBL:CHEMBL99408,TP53
THIOLUTIN,VDR
LOVASTATIN,CYP1A2
AKT INHIBITOR IV,USP2
GENTAMICIN,CYP1A2
QUESTIOMYCIN B,CXCL8
ENTRECTINIB,MAP4K2
TANGERETIN,CYP3A4
LADUVIGLUSIB,CDK2
NAPHTHOQUINONE,AHR
CARUBICIN,AR
ISRAPAFANT,AR
CHEMBL:CHEMBL1834096,HSP90AA1
TAMATINIB,PRKD2
FRAXETIN,ALOX15
THIOPERAMIDE,CYP2D6
TETRAHYDROCURCUMIN,DNMT1
CHEMBL:CHEMBL138061,NFE2L2
THIDIAZURON,AR
DIFLUBENZURON,AHR
&ALPHA;-ERGOCRYPTINE,RUNX1
CHEMBL:CHEMBL201325,NPC1
CRIZANLIZUMAB,HBB
ELTROMBOPAG,SERPINC1
OLAPARIB,ERBB2
OXCARBAZEPINE,HLA-B
CRENOLANIB,ALK
CHONDROITIN SULFATES,ABCC6
ANTIOXIDANT,ACO1
SPIRONOLACTONE,ADIPOQ
THERAPEUTIC CORTICOSTEROID,AFP
BLEOMYCIN,AFP
FUROSEMIDE,APOA1
PROGESTERONE,ATF3
DOCETAXEL ANHYDROUS,BAX
CAMPTOTHECIN,BAX
CARVEDILOL,BAX
CIPROFLOXACIN,BAX
TRETINOIN,BAX
TRIAMCINOLONE,BCHE
NALTREXONE,BAX
PAREGORIC,CCKBR
CHLORPROMAZINE,CCK
RECOMBINANT CYTOKINE,CCR3
ANTISENSE OLIGONUCLEOTIDES,CD4
CYCLOSPORINE,CD80
IMATINIB,CD40LG
ALDESLEUKIN,CD40
DAUNORUBICIN LIPOSOMAL,CDK2
ANHYDROUS TACROLIMUS,CYP2D6
CIPROFLOXACIN,CYP2E1
RAS INHIBITOR,E2F1
EPIRUBICIN,ERBB2
FLOXURIDINE,ERBB2
DIMETHYL SULFOXIDE,FCGR3A
FGF-6,FGFR4
CALCIUM CHANNEL BLOCKER,FGF2
ANTIBIOTIC,FOS
SULFORAPHANE,GSTP1
PIMONIDAZOLE,HIF1A
ROSIGLITAZONE,HNF4A
RECOMBINANT LYMPHOKINE,HLA-DQA1
UREA,HNF4A
ANTIBIOTIC,HMGB1
THERAPEUTIC AUTOLOGOUS DENDRITIC CELLS,HMGB1
BEVACIZUMAB-AWWB,HRAS
CYCLOSPORINE,HSPB2
LISOFYLLINE,IL10
PROTON PUMP INHIBITOR,IL10
ANTISENSE OLIGONUCLEOTIDES,IL11
DEXTRAN SULFATE SODIUM,IL18
THERAPEUTIC CORTICOSTEROID,IL18
METRONIDAZOLE,IL6
ACETAMINOPHEN,CXCL8
CANERTINIB DIHYDROCHLORIDE,CXCL8
METOCLOPRAMIDE HYDROCHLORIDE,RPS19
NADOLOL,LPL
BEXAROTENE,MAPK8
CYCLOPHOSPHAMIDE ANHYDROUS,MAPK3
NITROSOUREA COMPOUND,MGMT
TOLMETIN,MPO
BMS-986260,DNM2
HISTONE DEACETYLASE INHIBITOR,MYC
INDOMETHACIN,MYC
BLEOMYCIN,NFE2L2
THERAPEUTIC CORTICOSTEROID,NOS1
GREEN TEA LEAF EXTRACT,NOS1
WORTMANNIN,NTRK1
CHLORPROMAZINE,NTS
NORETHINDRONE,NTS
RALOXIFENE HYDROCHLORIDE,PIK3CA
PROGESTERONE,PIK3CB
CAMPTOTHECIN,PIK3CB
CHEMOPREVENTIVE AGENT,PRKAA1
TRETINOIN,RPE65
PROGESTERONE,SLC2A1
RALOXIFENE HYDROCHLORIDE,TERT
RECOMBINANT INTERLEUKIN-8,TGM2
PROGESTERONE,TGM2
BEVACIZUMAB-AWWB,THBS2
BACILLUS CALMETTE-GUERIN ANTIGEN,TNF
PROTON PUMP INHIBITOR,TNF
BUPIVACAINE,TNF
CAMPTOTHECIN,TOP2A
"L-744,832",TP53
INDOMETHACIN,TRPV1
TRETINOIN,TPO
VITAMIN A,VDR
CAMPTOTHECIN,VDR
RASAGILINE,ABCC2
LUMEFANTRINE,ABCC2
ERYTHROMYCIN,ABCC2
ALIROCUMAB,LDLR
PAZOPANIB,NR1I2
FLUVASTATIN,NR1I2
PHENYLBUTAZONE,NR1I2
MICONAZOLE NITRATE,NR1I2
MODAFINIL,NR1I2
DOXORUBICIN HYDROCHLORIDE,CLCN6
SORAFENIB,CYP2C9
VALPROIC ACID,COL1A1
BMS-986224,ACADSB
DOXORUBICIN HYDROCHLORIDE,GPX3
BUCILLAMINE,HLA-DRB1
SIROLIMUS,TCF7L2
CABAZITAXEL,CYP2C8
BCY15291,ACE2
CETUXIMAB,BTC
CETUXIMAB,NRG3
BENAZEPRILAT,DAPK3
TORSEMIDE,SLC12A3
ERLOTINIB,UGT1A1
PIRTOBRUTINIB,IGH
DANIQUIDONE,NAT2
ROFLUMILAST,CFTR
BLEOMYCIN,GSTM1
A1P,ABCC2
LEVOTHYROXINE,SLCO1B1
CPFPX,ABAT
2-CHLOROADENOSINE,ABAT
BINODENOSON,ABAT
MRS7469,ABAT
ADENOSINE,ABAT
DOXORUBICIN HYDROCHLORIDE,XDH
CHOLIC ACID,DHCR7
L-97-1,ABAT
EPLONTERSEN,TTR
ERYTHROMYCIN,SLCO1B1
DAUNORUBICIN LIPOSOMAL,GATA3
METHIONINE,CPS1
THIOGUANINE,GATA3
VINDESINE,CYP3A4
LUMEFANTRINE,CYP3A4
LENVATINIB,CYP3A4
TENELIGLIPTIN,CYP3A4
GRANISETRON,CYP3A4
MRS1066,ABCA1
GELDANAMYCIN,EGFR
"4-{2-[(7-AMINO-2-FURAN-2-YL[1,2,4]TRIAZOLO[1,5-A][1,3,5]TRIAZIN-5-YL)AMINO]ETHYL}PHENOL",ABCA1
SORAFENIB,MAPK7
BINIMETINIB,UGT1A1
ISONIAZID,HLA-B
MONOAMINE OXIDASE INHIBITOR,CYP2B6
EMTRICITABINE/TENOFOVIR/EFAVIRENZ,CYP2B6
CAPTOPRIL,AGTR1
CAPECITABINE,PTGS2
CAPECITABINE,SELE
METHAZOLAMIDE,HLA-C
ANASTROZOLE,CSMD1
HYDROCHLOROTHIAZIDE,CSMD1
HYDRALAZINE,HLA-DRB1
VERAPAMIL,GRK5
VERAPAMIL,PTPRD
GLYBURIDE,SCNN1B
VUTRISIRAN,TTR
HYDROCHLOROTHIAZIDE,PDE3A
PERINDOPRIL,TRIB3
GEMCITABINE,PRRC2A
DOXORUBICIN HYDROCHLORIDE,FCGR2A
FALDAPREVIR,IFNL3
CHLORTHALIDONE,MMP3
URIC ACID,PADI4
REMIFENTANIL HYDROCHLORIDE,SLC9A9
PAMAQUINE,G6PD
METABUTETHAMINE,G6PD
OLANZAPINE,IL1A
OLANZAPINE,CHAT
DAUNORUBICIN LIPOSOMAL,UGT1A1
DOXORUBICIN HYDROCHLORIDE,SLCO6A1
DOXORUBICIN HYDROCHLORIDE,COL1A2
DOXORUBICIN HYDROCHLORIDE,ABCA1
DOXORUBICIN HYDROCHLORIDE,UGT1A1
ESOMEPRAZOLE SODIUM,CYP3A5
NALOXONE HYDROCHLORIDE,COMT
PANTOPRAZOLE SODIUM,SLC22A8
EFAVIRENZ,HTR2A
BMS-690514,ERBB2
NEOVASTAT,MMP12
EFATUTAZONE,PPARG
ADRIXETINIB,AXL
CUSTIRSEN,CLU
DERSALAZINE,PTGS1
DEXANABINOL,GRIN2B
LENVATINIB,KIT
PEGPLERANIB SODIUM,FLT4
PEGPLERANIB SODIUM,PDGFRB
ENMD-2076,SRC
G4460,MYB
GLUFOSFAMIDE,SLC2A4
GLUFOSFAMIDE,SLC5A4
GM-CSF,CSF2
HGS-TR2J,TNFRSF10B
ICA-105665,KCNQ1
T-0509,ABO
KAI-1455,PRKCE
MIRABEGRON,ABO
LISOFYLLINE,STAT4
OSI-461,PDE5A
RESMINOSTAT,HDAC4
ROLOFYLLINE,ADORA1
GIRENTUXIMAB,GYPA
PROPIOMAZINE,HTR2A
DESIPRAMINE,CHRM2
GLIPIZIDE,KCNJ1
VITAMIN K3,F7
NIFLUMIC ACID,PLA2G6
VITAMIN K3,PROC
MOMETASONE,ANXA1
NATEGLINIDE,KCNJ1
RETEPLASE,FGA
ZIPRASIDONE,HTR1A
SSR125543A,CRHR1
CINTIRORGON,RORC
DECITABINE AND CEDAZURIDINE,DNMT1
UMBRALISIB,PIK3CG
M826,DBH
BL-1021,SLC6A4
TALETRECTINIB,NTRK1
AZD1940,CNR2
[125I]GASTRIN,CCKBR
GLAXO-11P,CCKAR
ANTITHROMBIN ALFA,SERPINC1
CDK INHIBITOR 4.35,CHEK2
OMEPRAZOLE,BUB1
ZN2+,BUB1
ROMIPLOSTIM,KIT
ELZOVANTINIB,DPYD
CERDULATINIB,DPYD
MELOXICAM,CPT1B
MECAMYLAMINE,CHRNA4
PHENYLTOLOXAMINE,DRD2
DOXAPRAM,CRYGD
BL-1020,DRD2
CANERTINIB DIHYDROCHLORIDE,AKT1
ISOTHIOUREA-1A,ACTG1
CURCUMIN,CYP3A4
T134,ACTG1
COMPOUND 10 [PMID: 31663733],CPT1A
GRC-6211,TRPV1
COMPOUND 7P [PMID: 7861416],CP
CURCUMIN,MMP9
AZALANSTAT,CPT1A
CURCUMIN,DNMT3B
PAZOPANIB HYDROCHLORIDE,PDGFRB
PAZOPANIB HYDROCHLORIDE,KDR
BROMO-DEAZA-SAH,GCNT1
XMD8-92,ELN
BROMO-DEAZA-SAH,DNMT1
RKI-1447,DMPK
PGD2,APOB
BERZOSERTIB,PIK3CG
DARBUFELONE,ALOX5
ILOPROST,APOB
ATX-101,PCNA
THIORIDAZINE,ALCAM
RAD-140,AR
FROVOCIMAB,PCSK9
IMMUCIN,MUC1
AJMALICINE,ADRB1
DOLASTATIN-10,TUB
FALNIDAMOL,DXO
USISTAPIDE,MTTP
VANDETANIB,DXO
ANTI-MET/EGFR MONOCLONAL ANTIBODY LY3164530,MET
EPIREGULIN,DXO
OMIDENEPAG,APOC1
MISOPROSTOL,APOC1
PICROTOXIN,ARNT
TALNETANT,TACR3
5-MEOT,HTR2C
TFMPP,HTR2C
TRYPTAMINE,HTR2C
WAY-163909,HTR2C
CHLORPROMAZINE,SERPINA3
IK-862,DEFB4A
BENZYLCYSTEINE,CBR3
5-CL-5-DEOXY-(&PLUSMN;)-ENBA,ABAT
AS70,ABAT
WRC-0571,ABAT
LUF5981,ABCA1
LARTESERTIB,EEF1B2P2
CHLORPROPAMIDE,ABCC8
BELIZATINIB,AXL
CARAZOLOL,ACAA1
SOLABEGRON,ACAA1
AMIBEGRON,ACAA1
NI-57,GCLM
SUVECALTAMIDE,ATP6V0A1
COMPOUND C2 [PMID: 29990428],CNR2
JNJ-17156516,CCKAR
LINTITRIPT,CCKAR
SR144528,CNR2
MW05,ELAVL2
EMACTUZUMAB,DPYD
ASPIRIN,CPT1B
"[125I]UROCORTIN 1 (MOUSE, RAT)",ALB
K31440,ALB
BMS-387032,EGR4
TANUXICICLIB,EGR4
"COMPOUND 13 [CHEN ET AL., 2016]",GCNT1
SGC0946,GCNT1
S-5751,APOB
FLUPHENAZINE HYDROCHLORIDE,ALCAM
LISURIDE,ALCAM
CHLORPROTHIXENE,ALDH1A1
GARCINOL,GLI1
PERENOSTOBART,GRB14
EGFR/ERBB-2/ERBB-4 INHIBITOR,DXO
COMPOUND 6G [PMID: 30633509],DXO
DOVITINIB,DXO
ROCILETINIB,DXO
MB-28767,APOC1
WZ4002,ERBB4
EGFR/ERBB-2/ERBB-4 INHIBITOR,ERBB4
UNC0321,OPN1MW
A-366,GCNT2
RO4938581,ARNT
ETAZOLATE HYDROCHLORIDE,STS
(S)-EF-1520,CD14
CX546,ASS1
TWS119,SLC29A1
N-(5-METHYL-1H-PYRAZOL-3-YL)-2-PHENYLQUINAZOLIN-4-AMINE,SLC29A1
COMPOUND 36J [PMID: 21536438],ADH1C
AS1907417,ADH1C
AR231453,ADH1C
LEVODOPA,AK1
CAFFEINE,ITPR1
THEAFLAVIN,BRCA2
PHLORETIN,BRCA2
DEUCRAVACITINIB,EPHB1
COMPOUND 13AC [PMID: 33256400],EPHB1
NEZULCITINIB,EPHB1
COMPOUND 18E [PMID: 31670517],EPHB2
COMPOUND 19A [PMID: 24359159],EPHB2
COMPOUND 30 [PMID: 37057760],EPHB2
ROPSACITINIB,EPHB1
BUMETANIDE,CD68
RAMUCIRUMAB,DRD2
BIBF-1202,DRD2
LUF7244,BAD
IBUTILIDE,BAD
DISOPYRAMIDE,BAD
DALFAMPRIDINE,AVPR1A
DALFAMPRIDINE,KIF1A
MIGLITOL,GATA6
[125I]SHU9119,ANGPT2
BERZOSERTIB,ETFB
COMPOUND 12B [PMID: 31465220],ETFB
DIMETHYLALLYL DIPHOSPHATE,BLK
DORAMAPIMOD,CTNNB1
DILMAPIMOD,CTNNB1
VX-702,CTNNB1
CLORGILINE,FSHMD1A
NALTREXONE,APOF
SUBSTANCE P,AQP4
[3H]EYF,ANXA1
5BRUTP,AIRE
URIDINE-5'-DIPHOSPHATE,AIRE
2-FUROYL-LIGRL[N[3H]PROPIONYL]-O-NH2,APOE
[3H]2-FUROYL-LIGRL-NH2,APOE
YD-3,APOH
FIMEPINOSTAT,F7
PIK-75,F7
COMPOUND 14K [PMID: 21982499],F11
ILORASERTIB,DPP4
COMPOUND 8H [PMID: 21561767],DPP4
ONX-0914,PSMB8
CCG-63808,GP1BA
COMPOUND 8H [PMID: 21561767],PTK2B
SELPERCATINIB,PTK2B
RESENCATINIB,PTK2B
CAFFEINE,RYR2
"DES-ALA1,2,5-[D-TRP8,IAMP9]SRIF",FAS
"[111IN,90Y]DOTA-OC",FASLG
MC2050,HLA-DMA
MC2050,HLA-DMB
LPS,TLR4
IFETROBAN,APOC4
[125I]BOP,APOC4
KW-3635,APOC4
GSK417651A,ATP2A2
HC-070,ATP2A3
KB-R7943,ATP2A2
SAR7334,ATP2A2
LA3+,ATP4A
EPIPREGNANOLONE SULPHATE,ATP4A
NAVOXIMOD,GRB10
COMPOUND 30 [PMID: 37057760],TYK2
"D(CH2)5[D-ILE2,ILE4,ALA-NH2]AVP",AR
COMPOUND 41 [PMID: 35436124],NPBWR1
OPC-21268,ABCC6
LIXIVAPTAN,ABCC6
PANCREATIC POLYPEPTIDE,ANXA5
CARBOPLATIN,CDK2
FGFR4 INHIBITOR H3B-6527,FGF19
CARBOPLATIN,XRCC1
ONALESPIB,ALK
BORTEZOMIB,B2M
JQ1,CD274
ERIBULIN MESYLATE,CD274
"(10R)-10-METHYL-3-(6-METHYLPYRIDIN-3-YL)-9,10,11,12-TETRAHYDRO-8H-[1,4]DIAZEPINO[5',6':4,5]THIENO[3,2-F]QUINOLIN-8-ONE",CDKN2A
PF-00477736,CDKN2A
ANLOTINIB,CD274
HMN-214,CDKN2A
LUXEPTINIB,FLT3
CYTARABINE,FLT3
ONO-7475,FLT3
METFORMIN,HRAS
AZD-8186,HRAS
BINIMETINIB,JAK2
TALAZOPARIB,NRAS
METFORMIN,PIK3CA
STX-478,PIK3CA
VISTUSERTIB,PIK3CA
MULTI-AGC KINASE INHIBITOR AT13148,PIK3CA
TALAZOPARIB,STK11
HYDROXYUREA,TET2
BEVACIZUMAB-AWWB,TP53
IDELALISIB,TP53
PAZOPANIB,TP53
LUXEPTINIB,TP53
ENCORAFENIB,TP53
PF-00477736,TP53
AXITINIB,TP53
DEPATUXIZUMAB MAFODOTIN,EGFR
BMS-275183,TUBB4B
RG-7636,TUBB4B
DBPR-108,DPP4
ORSELLINIC ACID,CYP3A4
METERGOLINE,DRD1
GUSPERIMUS TRIHYDROCHLORIDE,CD28
TAMSULOSIN HYDROCHLORIDE,ABCA4
PROPRANOLOL HYDROCHLORIDE,ACAA1
HARMALINE,HSD17B10
BICALUTAMIDE,CYP2B6
THERAPEUTIC CORTICOSTEROID,G6PD
OXIDOPAMINE,SYP
GYKI53655,ASS1
DIHYDREXIDINE,DRD1
LY3202626,BACE1
ALBENDAZOLE,HSPB1
CYCLOPHOSPHAMIDE ANHYDROUS,CYP2D6
BOCEPREVIR,VDR
NAPHTHOQUINONE,NFE2L2
CAMPTOTHECIN,COL18A1
MOLINATE,NFE2L2
LUSUTROMBOPAG,PROC
TOPIROXOSTAT,XDH
MILNACIPRAN,ADRA2A
ABROCITINIB,CYP2C19
RECOMBINANT TRANSFORMING GROWTH FACTOR,FLT3
DOVITINIB,DPP4
CAPADENOSON,ABAT
RG-1530,LCK
GSK3685032,DNMT1
PURPURIN,ALOX15
ETHINYL ESTRADIOL,NR1I3
IRON CARBONYL,HFE
OXAZEPAM,UGT2B7
RG-1530,ERBB4
"2,4-DINITROPHENOL",RORC
[125I]APELIN-13,ACADSB
SCH51866,COL8A1
MECHLORETHAMINE,MMP2
ZARDAVERINE,CYP1A2
CHEMBL:CHEMBL201325,NFKB1
RG-7636,TUBB3
ADAVOSERTIB,MAP4K4
GLATIRAMER,CCR5
BMS-754807,AKT1
IRX-4204,RXRG
CHARYBDOTOXIN-GLU32 ANALOG,ARG2
4-AMINOPHENOL,NFE2L2
ROPEGINTERFERON ALFA-2B,IFNA2
"9,10-PHENANTHRENEQUINONE",PLCG1
DAIDZEIN,LIF
HYPERBARIC OXYGEN,BAX
HSP90 INHIBITOR DEBIO 0932,HSP90AA1
VOXELOTOR,COX6A1
GXTX-1E,KIF1A
GUANIDINE HYDROCHLORIDE,ADRA2A
IPILIMUMAB,ATM
TYRPHOSTIN 25,HSD17B10
TAMATINIB,CDK5
AURINTRICARBOXYLIC ACID,CYP2C9
2-OLEOYL GLYCEROL,ADH1C
E4031,BAD
AMIFAMPRIDINE PHOSPHATE,KCNA2
DAMNACANTHAL,VDR
GMI-1359,SELE
CARBINOXAMINE,HRH1
INTERFERON BETA-1A,IFNB1
OMBURTAMAB I-131,CD276
(R)-MELPHALAN,CYP3A4
COMPOUND 8H [PMID: 21561767],ATN1
CBS-3595,CTNNB1
CHEMBL:CHEMBL409225,OPRM1
E319,AR
CHEMBL:CHEMBL523200,ATXN2
TAMATINIB,RPS6KB1
BELANTAMAB MAFODOTIN-BLMF,TUBB4A
HYDROXYUREA,JAK2
ILORASERTIB,RPS6KA3
REGLITAZAR,BCKDHA
CIRAZOLINE,THRB
CYPRODINIL,NFE2L2
DULOXETINE HYDROCHLORIDE,FCN2
CYCLOPHOSPHAMIDE ANHYDROUS,CYP2C19
TENAPANOR HYDROCHLORIDE,SLC9A3
1-AZAKENPAULLONE,EGR4
NB-ACETYLTRYPTAMINE,CYP2C19
CCL8,ACTA1
2-IODOACETAMIDE,VDR
ZSTK474,F7
DICHLOROPHEN,KCNH2
CYPRODINIL,AHR
5-FLUOROURIDINE,NFE2L2
CHEMBL:CHEMBL580324,NPC1
ETICLOPRIDE,ALDH2
PROGESTERONE,CR2
APROTININ,PLG
DILEVALOL HYDROCHLORIDE,ADRB2
OLAPARIB,BRCA2
CHOLIC ACID,CYP7A1
DOXORUBICIN HYDROCHLORIDE,TPMT
CHEMBL:CHEMBL189724,CYP2D6
UREA,HSPB1
BMS-387032,CDK2
BERKELEYACETAL C,MMP3
"2-METHYL-5,7,8-TRIMETHOXYISOFLAVONE",ALDH1A1
VITAMIN A,THBS1
RASAGILINE,ABCB1
TRAIL,GPR183
LOVASTATIN,SMN1
CHEMBL:CHEMBL588028,GLP1R
GLUTARAL,NFE2L2
HESPERADIN,PRKAA2
TERODILINE HYDROCHLORIDE,CACNA1D
BENZYL ISOTHIOCYANATE,VDR
PENCYCURON,AR
CHEMOPREVENTIVE AGENT,NOS1
MELATONIN,CYP3A4
FR139317,ALDH1B1
RITONAVIR,CYP3A5
CELECOXIB,RORC
LACUTAMAB,KIR2DL2
ETHINYL ESTRADIOL,NR3C1
METHIMAZOLE,IL2RA
MAGNESIUM SULFATE ANHYDROUS,NTS
ILORASERTIB,MAP4K2
ALECTINIB,CYP3A4
DAUNORUBICIN LIPOSOMAL,ABCB11
DICLOFENAC SODIUM,CYP1A2
COMPOUND 31 [PMID: 31259550],CCR4
CARBARIL,GAA
CHEMBL:CHEMBL2347632,CXCR4
GSK-2636771,PIK3C3
ZN2+,ARRB2
TALAZOPARIB TOSYLATE,PARP1
MG-132,PSMB1
URIDINE,SLC2A4
INDOPROFEN,GLP1R
CHEMBL:CHEMBL388823,SMN1
RALOXIFENE HYDROCHLORIDE,NR1H4
RG-1530,FYN
CHEMBL:CHEMBL87568,THRB
CHEMBL:CHEMBL585444,GLP1R
ISOPROTERENOL,PIK3CG
PROTOPORPHYRIN,CYP1A2
NAVITOCLAX,BCL2L1
CYCLOSPORINE,PTGS2
CHEMBL:CHEMBL257748,KAT2B
ILORASERTIB,SYK
CHEMBL:CHEMBL601768,HSP90AA1
GANODERIC ACID TR,NR1H4
ANTI-EGFR MONOCLONAL ANTIBODY GT-MAB 5.2-GEX,EGFR
KU-55933,EEF1B2P2
DAIDZEIN,BDH1
MEDI-500,TRGV3
E2012,GLUL
CETUXIMAB,GC
CHEMBL:CHEMBL422942,NPY1R
CHEMBL:CHEMBL1214274,ALDH1A1
UREA,HMGB1
GW0742X,VDR
TUSAMITAMAB RAVTANSINE,TUBB3
NAPROXEN SODIUM,CXCL8
AZATHIOPRINE,CYP2C9
CIPROFIBRATE,JUN
ANTIDEPRESSANT AGENT,NOS1
CHEMBL:CHEMBL87568,NFE2L2
CHLORDANE,CXCL8
HYALURONIC ACID,ICAM1
Z-PRO-PROLINAL,ALDH1A1
UROKINASE,PLG
ERLOTINIB,AR
TRIBROMSALAN,AR
BENZYL ISOTHIOCYANATE,NFE2L2
EFAVIRENZ,CYP3A4
MEBANAZINE,MAOB
COMPOUND 46C [PMID: 29350534],COX5B
RPSGL-IG,SELP
DESIPRAMINE,ADRB2
[35S]IBUTAMOREN,ALOX15
CHEMBL:CHEMBL536151,KDR
SELEPRESSIN,AVPR1A
ACEMETACIN,PTGS2
CHEMBL:CHEMBL475908,SMN1
SONOLISIB,PIK3C2A
PARAOXON,AR
MEPERIDINE HYDROCHLORIDE,APOF
CYCLOSPORINE,IL5
HOMIDIUM,THRB
CORTICOTROPIN,NTRK2
OLAPARIB,ESR1
CHEMBL:CHEMBL524376,HSPA5
DEOXYVASICINONE,ALOX15
"(R,S)-INDATRALINE",CYP2D6
STROPHANTHIDIN,NFE2L2
NV-128,NDUFS2
ISTAROXIME,ATP1A4
FLTCHAAR,ACACA
OCTREOTIDE ACETATE,IGFBP1
OSANETANT,AQP5
ANHYDROUS TACROLIMUS,HSD11B1
ELAPEGADEMASE-LVLR,ADA
DICHLOROPHEN,PPARG
ENTRECTINIB,LCK
DIMETHYL SULFOXIDE,PTHLH
CHEMBL:CHEMBL609570,AR
PROTEIN KINASE INHIBITOR,DDIT3
PI3K/MTOR KINASE INHIBITOR PF-04691502,PIK3CG
RG-1530,MAP2K2
PAREGORIC,NR4A1
COMPOUND 25 [PMID: 32105470],MNX1
TRACAZOLATE,KMT2A
TROPISETRON,ASAH1
PICROTIN,ASAH1
NEBULARINE,HBB
TULOBUTEROL,ADRB2
LY2090314,SLC29A1
RESMINOSTAT,HDAC9
5-(NONYLOXY)-TRYPTAMINE,A2M
GNF4877,SLC29A1
COMPOUND 4-3 [PMID: 34027661],SLC29A1
"L-817,818",FAS
NONSTEROIDAL ANTIINFLAMMATORY DRUG,APC
METRONIDAZOLE,TSPO
WARFARIN,ALB
PRENYLAMINE,KCNH2
S-222611,EGFR
FORETINIB,KDR
BAYU9773,AMPD1
CHEMBL:CHEMBL234338,WRN
ESTRADIOL VALERATE,CYP2C19
VENETOCLAX,KIT
PROGESTERONE,NRG1
BIFENAZATE,AR
GALETERONE,AR
TRANYLCYPROMINE,GEM
VALPROIC ACID,CACNA1C
LYSOPHOSPHATIDYLETHANOLAMINE,ADH1C
PRASUGREL HYDROCHLORIDE,P2RY12
CEP-2563,NTRK1
CHEMBL:CHEMBL259103,CYP1A2
DD-03-171,EFNB2
COMPOUND 1 [PMID: 21273063],ADH1C
HYDROCHLOROTHIAZIDE,FBXL17
NEUROKININ B,AQP3
GLYMIDINE,KCNJ1
CDK1/5 INHIBITOR,EGR4
LABETALOL,CYP2C19
PHYTOCHEMICAL,CYP1A1
BETAMETHASONE,AR
ZAPRINAST,ADAM10
AR291903,ADRA2A
DABRAFENIB,G6PD
METHOCARBAMOL,CA1
CERALASERTIB,TP53
PEGAPTANIB,VEGFA
DROPERIDOL,HTR2A
INSULIN PURIFIED PORK,INSR
HYDROCODONE BITARTRATE,OPRM1
THEOPHYLLINE,ADORA3
PINACIDIL,KCNJ11
TAKINIB,EPHA3
VANDETANIB,EPHA3
COMPOUND 7 [PMID: 31381331],ITGB6
EP 157,APOC3
GABAPENTIN,CACNB3
EPINEPHRINE,ADRA2C
LABETALOL HYDROCHLORIDE,ADRB1
LABETALOL HYDROCHLORIDE,ADRA2A
LABETALOL HYDROCHLORIDE,ADRA2C
LABETALOL HYDROCHLORIDE,ADRA1A
NOREPINEPHRINE BITARTRATE,ADRA1A
NOREPINEPHRINE BITARTRATE,ADRB1
NOREPINEPHRINE BITARTRATE,ADRA2A
JNJ-26483327,FYN
JNJ-26483327,ERBB4
LY-2874455,FGFR1
LS-104,JAK2
PLX-7486,NTRK3
PWT-33587,PIK3CG
PLX-7486,NTRK1
XL-418,AKT1
SERIDOPIDINE,DRD2
GSK159802,ADRB2
PUQUITINIB,PDGFRB
BMS-582949,MAPK14
GOLVATINIB,KDR
SELICICLIB,CDK5
FADOLMIDINE HYDROCHLORIDE,ADRA2B
FADOLMIDINE HYDROCHLORIDE,ADRA2C
LANICEMINE,GRIN2B
NAZARTINIB,EGFR
BECAMPANEL,GRIA2
BECAMPANEL,GRIA4
MIBAMPATOR,GRIA2
SEMAXANIB,FLT4
SEMAXANIB,FLT1
GANTENERUMAB,APP
CANTUZUMAB RAVTANSINE,MUC1
IC14,CD14
MDX-447,FCGR1A
FENCLOFENAC,PTGS2
METHAPYRILENE FUMARATE,HRH1
NITREFAZOLE,ADH1C
SITAXENTAN,EDNRA
VERALIPRIDE,DRD2
LUCATUMUMAB,CD40
CINNARIZINE,CACNA1D
CINNARIZINE,CACNA1C
CELIPROLOL,ADRA2C
CELIPROLOL,ADRA2B
TERODILINE HYDROCHLORIDE,CACNA1C
ROPEGINTERFERON ALFA-2B,IFNAR1
HUMAN C1-ESTERASE INHIBITOR,F12
MANIDIPINE,CACNA1D
GSK-256066,PDE4A
EXALUREN,RPL29
EXALUREN,RPL14
EXALUREN,RPS26
BMS-275183,TUBB4A
BELAPECTIN,LGALS3
ABEXINOSTAT,HDAC5
ZIMBERELIMAB,PDCD1
AMG553,FLT3
PF-00217830,DRD2
PRALUZATAMAB RAVTANSINE,TUBB4B
RO-7121661,PDCD1
ACADESINE,PRKAG1
AT-9283,EPHB2
LORPUCITINIB,EPHB2
AZD-9164,CHRM3
RUXOLITINIB,EPHB2
GRANISETRON,TP53
LENALIDOMIDE,TNF
CHEMBL:CHEMBL476501,CYP2D6
THIRAM,KCNH2
CHEMBL:CHEMBL602923,GLP1R
QUINPIROLE,DRD2
ETHACRIDINE LACTATE,VDR
ETHINYL ESTRADIOL,CYP1A2
VEGFA,DRD2
CHEMBL:CHEMBL365617,ROCK1
THUNBERGINOL B,TP53
CHEMBL:CHEMBL85194,CYP2C19
LENVATINIB,DRD2
ILORASERTIB,NTRK3
CHLORDANE,CYP3A4
CYCLOFENIL,NFE2L2
ENTRECTINIB,FGFR1
RALOXIFENE HYDROCHLORIDE,P4HB
VIMSELTINIB,DPT
CHEMBL:CHEMBL546344,NPC1
SB202190,MAPK14
METHYLPREDNISOLONE ACETATE,NFE2L2
NS8593,ARG1
ADAVOSERTIB,PRKCQ
CHEMBL:CHEMBL581910,BRCA1
CHEMBL:CHEMBL597449,ALDH1A1
CHEMBL:CHEMBL201325,SMN1
CHEMBL:CHEMBL316796,BRCA1
CHEMBL:CHEMBL201325,SMN2
CHEMBL:CHEMBL1334191,ATXN2
ARASERTACONAZOLE,CYP2C19
CHEMBL:CHEMBL389390,CYP2D6
CHEMBL:CHEMBL523200,VDR
PHENOXYBENZAMINE HYDROCHLORIDE,KCNH2
NA+,KCNJ5
CHEMBL:CHEMBL2088301,MAOA
BENZTROPINE MESYLATE,KCNH2
MELENGESTROL ACETATE,NFE2L2
R-1487,PRKD2
"(R,S)-INDATRALINE",TP53
OXOTREMORINE,CYP2D6
DEMETHYLZEYLASTERONE,TOP2A
PURPURIN,BRCA1
DYCLONINE HYDROCHLORIDE,AR
ILORASERTIB,KIT
SNC80,CYP3A4
CHEMBL:CHEMBL1320453,CYP2C19
IDEBENONE,VDR
QUERCETIN,TOP2A
NELFINAVIR MESYLATE,ATXN2
GINSENOSIDE RG3,BAD
OXOGLAUCINE,CYP3A4
CHEMBL:CHEMBL2022241,HSP90AA1
KASANOSIN B,POLG
FISETIN,ALOX12
ETHINYL ESTRADIOL,AR
SB202190,MAPK8
CHEMBL:CHEMBL587849,CYP2C19
QUERCETIN,F2
ILORASERTIB,IGF1R
SHU9119,ANK1
CHEMBL:CHEMBL516616,CASP7
ANAZOLENE,VDR
PHENAMIL,DRD1
"2,3-DIHYDROXY-6,7-DICHLOROQUINOXALINE",CYP1A2
CHEMBL:CHEMBL1320453,CYP1A2
MYCOPHENOLATE MOFETIL,AR
QUERCETIN,PON1
SHU9119,ANGPT2
SUCCIMER,PTPN11
CHEMBL:CHEMBL201325,TP53
DORAMAPIMOD,NTRK2
QUERCETIN,HSD17B10
QUESTIOMYCIN B,AR
HESPERADIN,FGFR1
CHEMBL:CHEMBL374632,PTK2B
MUNDULONE ACETATE,CYP3A4
CHEMBL:CHEMBL68534,HIF1A
PD-98059,MAPK1
CHEMBL:CHEMBL599088,MTOR
PD-98059,MAPK3
CHEMBL:CHEMBL538965,AHR
P-HYDROXYCINNAMALDEHYDE,ALDH1A1
DORAMAPIMOD,PDGFRB
SORBINIL,NFKB1
CHEMBL:CHEMBL1308346,GLP1R
MECARBAM,VDR
CHEMBL:CHEMBL444236,HSD17B10
PHENETHYLISOTHIOCYANATE,TRPA1
CHEMBL:CHEMBL561679,AR
"N,N'-DIPHENYL-P-PHENYLENEDIAMINE",ALOX12
(S)-FLUOXETINE,TP53
SKF-38393,DRD1
ZAPA,ALDH1A1
"9,10-PHENANTHRENEQUINONE",ATXN2
PSEUDOEPHEDRINE,CYP2C9
AZD6538,GRM5
ISOFENPHOS,NFE2L2
2'-HYDROXYCHALCONE,NFE2L2
ENTRECTINIB,AXL
CHEMBL:CHEMBL597857,KCNH2
ENTRECTINIB,CAMK1D
DOPAMINE,NFE2L2
ENTRECTINIB,HIPK2
BUDESONIDE,CYP1A2
NITAZOXANIDE,AHR
2-IODOACETAMIDE,HSD17B10
PANTOPRAZOLE SODIUM,VDR
CHEMBL:CHEMBL85194,CYP2D6
RS-100329,CYP3A4
TRICHOSTATIN A,HDAC5
FENBUCONAZOLE,AR
LOVASTATIN,VDR
"2,3-DIHYDROXY-6,7-DICHLOROQUINOXALINE",SMN2
SKF-82958,DRD1
CHEMBL:CHEMBL587849,ATXN2
AURINTRICARBOXYLIC ACID,KMT2A
CYCLOPHOSPHAMIDE ANHYDROUS,CYP3A4
CHEMBL:CHEMBL584635,NFE2L2
ALLYL ISOTHIOCYANATE,TRPV1
CHEMBL:CHEMBL602552,KCNH2
CHEMBL:CHEMBL1983317,NQO1
"9,10-PHENANTHRENEQUINONE",VDR
PIPLARTINE,ATXN2
GW0742X,PPARA
CHEMBL:CHEMBL1650245,HDAC2
CHEMBL:CHEMBL1650245,HDAC9
MAPROTILINE HYDROCHLORIDE,CYP3A4
OXICONAZOLE,CYP3A4
TANSHINONE IIA SULFONATE,CYP3A4
TAMATINIB,MET
THUNBERGINOL B,WRN
ANETHOLE TRITHIONE,AR
BORTEZOMIB,PSMA6
CALCITRIOL,CYP24A1
GEDATOLISIB,ETFB
CHEMBL:CHEMBL1465049,ATXN2
CHEMBL:CHEMBL563919,TP53
PAXALISIB,ETFB
LOPERAMIDE,AR
CHEMBL:CHEMBL42355,SMN2
HARMALOL HYDROCHLORIDE,HSD17B10
CYSTAMINE,VDR
CHEMBL:CHEMBL260342,ALOX15
DIHYDROGAMBOGIC ACID,VDR
BERKELEYDIONE,MMP3
ZAPA,VDR
E319,RORC
CHLORDANE,NFE2L2
CHEMBL:CHEMBL372629,SUMO1
HESPERADIN,MAP4K5
BERBERINE,CYP1A2
OMIPALISIB,ETFB
FUMARPROTOCETRARIC ACID,ALDH1A1
PROPANTHELINE,CYP2D6
PHENOTHIAZINE,ALOX12
MELPHALAN,TP53
ENTRECTINIB,FLT1
IODOPHTHALEIN,VDR
CHEMBL:CHEMBL412603,CASP3
ISOPENTENYL PYROPHOSPHATE,BLK
CID2745687,GPR35
SB202190,HSD17B10
3-METHOXYCATECHOL,HSD17B10
CHEMBL:CHEMBL502774,NFKB1
CHEMBL:CHEMBL595227,HSD17B10
CHOLECALCIFEROL,RORC
ILORASERTIB,ERBB4
CHEMBL:CHEMBL259805,GLP1R
BIOALLETHRIN S-CYCLOPENTENYL ISOMER,NFE2L2
"1,10-PHENANTHROLINE",MTOR
LOBARIC ACID,SMAD3
CHEMBL:CHEMBL528694,AGTR1
CHEMBL:CHEMBL421088,AGTR1
SB 222200,CYP2C19
NANDROLONE DECANOATE,NFE2L2
ERLOTINIB,FLT4
CHEMBL:CHEMBL538965,HSD17B10
MK-912,ADRA2A
CHEMBL:CHEMBL1420370,CYP1A2
"4,4'-DIMETHOXYDALBERGIONE",CYP3A4
ARSANILIC ACID,ESR1
EOSIN,SETD7
CHEMBL:CHEMBL554475,CDC42
CHEMBL:CHEMBL578515,SMAD3
CLOPIDOGREL,CYP2C9
DORAMAPIMOD,MAPK14
BENZODROCORTISONE,NR3C2
CHEMBL:CHEMBL602127,MTOR
FISETIN,MAPK1
CEFADROXIL ANHYDROUS,ABCC2
R-1487,MAPK1
CHEMBL:CHEMBL1498652,VDR
CHEMBL:CHEMBL546344,SMAD3
TRIFLUPROMAZINE HYDROCHLORIDE,JUN
SENNOSIDE B,WRN
BENOXATHIAN HYDROCHLORIDE,KCNH2
DASATINIB ANHYDROUS,ACVR1
EMODIN,CYP3A4
OXYMETHOLONE,NFE2L2
CHEMBL:CHEMBL583555,KCNH2
DEXAMETHASONE,RELA
ESTRADIOL VALERATE,CYP2C9
HESPERADIN,LCK
HYDROXYTYROSOL,GAA
PSB1115,CYP2D6
FLUTAMIDE,RORC
RALOXIFENE HYDROCHLORIDE,HSD17B10
EUPARIN,CYP3A4
CYCLOFENIL,HSPB1
ELLAGIC ACID,HBB
PROPYLTHIOURACIL,CYP2C19
CHEMBL:CHEMBL1256735,KCNH2
GW0742X,CYP3A4
CHEMBL:CHEMBL598263,NFE2L2
KARANJIN,CYP2C19
FLUPENTHIXOL,CYP3A4
CEPHRADINE,ABCC4
KENPAULLONE,GSK3B
LINTITRIPT,VDR
PIFEXOLE,CYP1A2
PROCYMIDONE,AR
RS-17053,ALOX15
CHEMBL:CHEMBL374632,NPC1
ACLARUBICIN HYDROCHLORIDE,AR
CHEMBL:CHEMBL601528,ALOX15
PF-03715455,ESRRB
CHEMBL:CHEMBL479463,TACR3
CHEMBL:CHEMBL1465049,THRB
NEFLAMAPIMOD,MAP2K6
PREDNISOLONE,NR3C2
CHEMBL:CHEMBL392068,PSEN2
ACEPROMAZINE,CYP1A2
DEXAMETHASONE,NR3C2
TG100-115,MTOR
RHETSININE,CYP3A4
PD-98059,CYP3A4
ALDISIN,PTPN1
AZD6703,CTNNB1
SP600125,CTNNA2
CLOMIPRAMINE,SCN5A
CHEMBL:CHEMBL1574420,SMN2
DOPAMINE,TP53
ELLAGIC ACID,CYP2C19
PSEUDOEPHEDRINE,CYP3A4
CYAZOFAMID,AR
KINETIN RIBOSIDE,TP53
METHYLTESTOSTERONE,NR3C1
SB220025,CTNNB1
DIHYDROGAMBOGIC ACID,HSD17B10
METHYSERGIDE,DRD1
DASATINIB ANHYDROUS,MAP2K2
DAUNORUBICIN LIPOSOMAL,HDAC4
DAUNORUBICIN LIPOSOMAL,HDAC9
PHENOBARBITAL,CYP3A4
SNS-314,PRKD2
CALCIMYCIN,MAPK1
CHEMBL:CHEMBL600353,ATXN2
JNK INHIBITOR VIII,MAPK1
CHEMBL:CHEMBL64239,ARSA
AG1478,CYP1A2
CHEMBL:CHEMBL484662,CYP3A4
GENIPIN,EGR1
QUINPIROLE,THRB
DINITRO CRESOL,NFE2L2
THIAMINE,NFE2L2
TANGERETIN,ALDH1A1
GRAVEOLINE,HSD17B10
ANDROSTENEDIOL,AR
AMINOPURVALANOL A,CYP1A2
DEOXYSAPPANONE B TRIMETHYL ETHER,CYP3A4
RALOXIFENE HYDROCHLORIDE,NR3C1
SERTRALINE HYDROCHLORIDE,TP53
PENTACHLOROPHENOL,ALDH1A1
SERTRALINE HYDROCHLORIDE,JUN
PHENOBARBITAL,CYP2C9
HESPERADIN,EPHB1
OXOGLAUCINE,CREBBP
TRIPHENYL PHOSPHATE,NR1I3
CEFACLOR ANHYDROUS,ABCC4
DEXAMETHASONE DIPROPIONATE,AR
DICLOFENAC SODIUM,CYP2C19
GRAVEOLINE,CYP1A2
CHEMBL:CHEMBL399530,MET
CHLORHEXIDINE DIACETATE,RXRA
NITAZOXANIDE,NPC1
RALOXIFENE HYDROCHLORIDE,ATXN2
GW0742X,NFE2L2
3-METHYLCHOLANTHRENE,THRB
ROBUSTIC ACID,CYP3A4
MONTELUKAST SODIUM,CYP2C9
CHEMBL:CHEMBL524376,GLP1R
CHEMBL:CHEMBL201325,HSD17B10
CHEMBL:CHEMBL546168,KCNH2
CEFOPERAZONE,ABCC4
CHLORPYRIFOS,VDR
CHEMBL:CHEMBL1343568,CYP1A2
TRACHEAL CYTOTOXIN,NOD1
HYDRALAZINE,CYP2D6
MIGALASTAT,GAA
BORTEZOMIB,F12
PROGESTERONE,NR3C1
CARBOXYMETHYL-TRIMETHYL-ARSONIUM,JUN
AMSACRINE,CYP2C9
ALDOSTERONE,AR
FOSPIRATE,NFE2L2
TAMATINIB,CDK2
FISETIN,TOP2A
CHEMBL:CHEMBL591178,NFE2L2
FLUTAMIDE,CYP1A2
ZOLPIDEM TARTRATE,HSD17B10
PIRETANIDE,AR
"CHOLESTAN-3BETA,5ALPHA,6BETA-TRIOL",NPC1
"N,N'-DIPHENYL-P-PHENYLENEDIAMINE",HSD17B10
LUSUTROMBOPAG,SERPINC1
MELOXICAM,CYP2C9
LESINURAD,CYP2C9
OLAPARIB,PGR
SAPITINIB,ERBB3
ALPELISIB,PIK3CB
ALPELISIB,PIK3R3
ALPELISIB,PIK3C3
GSK-2636771,PIK3CG
GSK-2636771,PIK3R1
SF1126,PIK3R3
OMIPALISIB,AKT2
EVEROLIMUS,AKT2
CRENOLANIB,MET
POZIOTINIB,ERBB3
CYCLOSPORINE,ABCA1
CAMPTOTHECIN,ABCB1
ANTHRACYCLINE ANTINEOPLASTIC ANTIBIOTIC,ABCB1
FOLATE ANTAGONIST,ABCB1
CHLORPROMAZINE,ABCB1
LONAFARNIB,ABCB1
GINKGO BILOBA EXTRACT,ABCB1
INDOMETHACIN,AFP
WORTMANNIN,AKT1
CYCLOSPORINE,AGTR1
TRETINOIN,AMH
ST 638,ANXA1
DAUNORUBICIN LIPOSOMAL,ANXA5
LAMIVUDINE,APOA1
LUTEIN,APOE
BORTEZOMIB,BDNF
ANTIOXIDANT,BDNF
TETRADECANOYLPHORBOL ACETATE,BDNF
NICARDIPINE,BDNF
TOPOTECAN HYDROCHLORIDE,BDNF
PREDNISOLONE,BGLAP
METHIMAZOLE,BGLAP
ANTISENSE OLIGONUCLEOTIDES,BLK
THERAPEUTIC CORTICOSTEROID,BTF3P11
BLEOMYCIN,BRCA1
GENTAMICIN,CALR
PROGESTERONE,CARTPT
GELDANAMYCIN,CEL
VITAMIN A,CFTR
CARDIOPROTECTIVE AGENT,CP
MITOFLAXONE,CSF2
ETANERCEPT-SZZS,CSF2
METOCLOPRAMIDE HYDROCHLORIDE,CYP11B2
PROPYLENE GLYCOL,CYP1A2
THERAPEUTIC CORTICOSTEROID,CYP1A2
LUTEIN,CYP1A2
GREEN TEA LEAF EXTRACT,CYP1A2
GINKGO BILOBA EXTRACT,CYP2D6
COLCHICINE,CYP2B6
ANTIOXIDANT,DDIT3
PROTEIN SYNTHESIS INHIBITOR,DDIT3
BORTEZOMIB,DDIT3
PAREGORIC,DRD2
PROGESTERONE,EPHB1
NONSTEROIDAL ANTIINFLAMMATORY DRUG,ERBB2
COMPOUND 11 [PMID: 26431428],ERCC4
RECOMBINANT CYTOKINE,FAS
BACILLUS CALMETTE-GUERIN ANTIGEN,FAS
PAREGORIC,GCG
NALTREXONE,GCG
BLEOMYCIN,GJA1
VITAMIN A,GJA1
INDOMETHACIN,GGT1
DECITABINE,GSTP1
RALOXIFENE HYDROCHLORIDE,IL1B
ILOMASTAT,DBP
DIDEMNIN B,IL2
MONOCLONAL ANTIBODY R24,IL2RA
"FARNESYLTRANSFERASE/GERANYLGERANYLTRANSFERASE INHIBITOR L-778,123",IL2RA
HEPATITIS B VACCINE,IL2RA
GLIMEPIRIDE,IRS1
ANTIBIOTIC,ITGB2
INDOMETHACIN,ITGB2
RECOMBINANT C5A,ITGB2
DOLASETRON,KCNQ1
RECOMBINANT TRANSFORMING GROWTH FACTOR,LDLR
BUPIVACAINE,LIF
DOXYCYCLINE ANHYDROUS,MAPK14
BUTHIONINE SULFOXIMINE,MT1G
ILOMASTAT,ACE
AFIMOXIFENE,MYC
LYCOPENE,NME1
PRAZOSIN,NOS1
CALCITONIN,PCSK1
ANTIOXIDANT,PDHX
FULVESTRANT,PIK3CG
DAIDZEIN,PIK3CG
IMATINIB,PIK3CG
INDOMETHACIN,SAG
RECOMBINANT INTERLEUKIN,SERPINE1
URIDINE,SERPINE1
GREEN TEA LEAF EXTRACT,SLC2A4
RECOMBINANT CYTOKINE,SLPI
TETRADECANOYLPHORBOL ACETATE,SPP1
ANHYDROUS TACROLIMUS,SPP1
TRETINOIN,SPP1
LINEZOLID,FSHMD1A
URIDINE,TAT
ANTIOXIDANT,TGFB1
TRETINOIN,THBS1
BLEOMYCIN,WRN
VINCRISTINE,XDH
DIETHYLNORSPERMINE,XIAP
MECHLORETHAMINE,XRCC1
FUROSEMIDE,SLCO1B1
ASTEMIZOLE,CYP2J2
DOXORUBICIN HYDROCHLORIDE,CYP2J2
ALBUTEROL SULFATE,VEGFA
DOXEPIN HYDROCHLORIDE,DRD3
DOXEPIN HYDROCHLORIDE,HLA-A
ENCORAFENIB,HRAS
DOXEPIN HYDROCHLORIDE,CES1
PAZOPANIB,CYP3A4
FLUDARABINE,CXCL12
DOXEPIN HYDROCHLORIDE,CYP3A4
PAZOPANIB,HFE
PAZOPANIB,HIF1A
MONOAMINE OXIDASE INHIBITOR,CYP2C9
TELMISARTAN,ABCG2
DOLUTEGRAVIR SODIUM,ABCG2
DAUNORUBICIN LIPOSOMAL,ABCG2
SORAFENIB,ABCG2
LEVOFLOXACIN ANHYDROUS,ABCG2
OLANZAPINE,SLC22A1
AFATINIB,NUP62
SUMATRIPTAN,DRD2
BOCEPREVIR,ABCB1
ALISKIREN,ABCB1
CHLORTHALIDONE,NPPA
PRIMIDONE,CYP2D6
TERAZOSIN,CYP3A5
DOCETAXEL ANHYDROUS,ACSS2
NITRENDIPINE,AGTR1
ELETRIPTAN,CYP2D6
PANTOPRAZOLE SODIUM,SLC22A6
PREDNISONE,EDNRA
PHENOBARBITAL,MTHFR
VERAPAMIL,NOS1AP
VALPROIC ACID,CYP1A1
ANHYDROUS TACROLIMUS,SUMO4
VALPROIC ACID,CPS1
DOCETAXEL ANHYDROUS,MAP3K1
SEROTONIN,MAOB
TERODILINE,KCNH2
REMIFENTANIL HYDROCHLORIDE,OPRM1
MONOAMINE OXIDASE INHIBITOR,CYP2C19
MEPHOBARBITAL,CYP2C19
DOXORUBICIN HYDROCHLORIDE,BMP7
MONOAMINE OXIDASE INHIBITOR,HTR2A
FLECAINIDE ACETATE,CYP1A2
MONOAMINE OXIDASE INHIBITOR,HLA-A
FLECAINIDE ACETATE,CYP3A5
DOXORUBICIN HYDROCHLORIDE,FASLG
ACETAMINOPHEN GLUCURONIDE,UGT1A1
METHAMPHETAMINE,ESR1
THIOGUANINE,PNPLA3
GEMCITABINE,SLCO1B1
NNC 11-1314,AANAT
DASABUVIR,IFNL3
PREDNISONE,TPMT
FLUVASTATIN,LIPC
GEMCITABINE,RAF1
DUBORIMYCIN,AKR1A1
DOCETAXEL ANHYDROUS,NR1I3
ASENAPINE,HTR2B
ASENAPINE,HTR1A
DOCETAXEL ANHYDROUS,BCL2
ETILEVODOPA,DRD2
NALORPHINE,APOF
[LEU]ENKEPHALIN,APOF
ETORPHINE,APOF
MB07811,THRB
NERAMEXANE,GRIN2B
ZZL-7,NOS1
CANOCTAKIN,CXCR1
AGATOLIMOD SODIUM,TLR9
PLASMIN,PLG
3-BROMO-7NI,NOS1
STX107,GRM5
TAFA-93,MTOR
TM38837,CNR1
OBINEPITIDE,NPY2R
HTERT VACCINE V934/V935,TEP1
BUTALBITAL,GRIA2
GALLAMINE TRIETHIODIDE,SERPINC1
MARIMASTAT,MMP9
METIPRANOLOL,ADRB2
NICARDIPINE,CACNA1C
&ALPHA;-CONOTOXIN MII,ATF3
MITOXANTRONE,ABCG2
CLOCORTOLONE,ANXA1
NEUROKININ A,AQP3
FLUDROCORTISONE,NR3C2
LORATADINE,HRH1
PROMAZINE,CHRM2
PROMAZINE,HTR2C
PROMAZINE,ADRA1A
[125I]NPFF,ANXA1
NCGC 84,ANXA2
JMV458,ANXA6
KB-004,EPHA3
AMREDOBRESIB,DNER
TEMUTERKIB,MAPK1
BGP-15,MAPK8
PEGBELFERMIN,FGF21
BI-505,AXL
DPOC-4088,F2
1.ALPHA.-HYDROXYVITAMIN D5,REN
IL-94,EXT3
CLODRONIC ACID,SLC25A4
GLISOXEPIDE,KCNJ10
ALDOSTERONE,NR3C2
TERTOMOTIDE,TERT
VALZIFLOCEPT,FCGR2A
ICARIIN,PDE5A
SOTRASTAURIN ACETATE,PRKCB
CLORGILINE,MAOA
PHENTOLAMINE,DRD2
CURCUMIN,CA1
EMEPEPIMUT-S,MUC1
SOLANEZUMAB,APP
DASOTRALINE,SLC6A4
MOXONIDINE,ADRA2A
TALIPEXOLE,DRD2
BRL35135,ADRB1
AUTOLOGOUS CCR4-CD30CAR-CD28-CD3ZETA-EXPRESSING T-LYMPHOCYTES,CCR4
ONAPRISTONE,PGR
BMS-394136,KCNA5
CIPATINIB,EGFR
ALMITRINE,ATP1A1
ASPIRIN,COX8A
CERIVASTATIN,HMGCR
GUGGULSTERONE,NR1H4
REPAGLINIDE,ABCC8
ROMIPLOSTIM,AHR
TOCOTRIENOLS,HMGCR
OSI-930,KDR
TAK-593,KDR
BGP-15,PARP1
SUMATRIPTAN,A2M
DONITRIPTAN,A2M
TRIFLUOPERAZINE,HTR2C
TIOSPIRONE,HTR2C
[3H]5-CT,SERPINA3
5-MEOT,SERPINA3
RX821002,AOC1
APELIN RECEPTOR EARLY ENDOGENOUS LIGAND,ACADSB
DERENOFYLLINE,ABAT
ZANZALINTINIB,AXL
APRIL,ECE1
BAFF,ECE1
CARVEDILOL,ABO
BRL 37344,ABO
LABETALOL,ABO
COMPOUND 13A [PMID: 23639540],DNMT3B
BIIB068,EFNB2
JNJ-64264681,EFNB2
COMPOUND 25 [PMID: 31260299],EFNB2
WZ4002,EFNB2
SOFNOBRUTINIB,EFNB2
B-9430,BDKRB2
COMPOUND 27 [PMID: 18337095],CYP2C8
PETCM,CASP3
CXCL11,ACTB
CCL8,ACTB
CCL26,ACTB
GW766994,ACTB
CA2+,C4A
AZD4619,BCKDHA
CA2+,C2
SULFOPIN,FOXA3
CA2+,C5
CXCL12H25R (MONOMER),ACTG1
PI-3065,F7
AT-7519,EIF4EBP1
TRILACICLIB,EIF4EBP2
OMIPALISIB,F7
PICTILISIB,F7
"COMPOUND 51 [CROSIGNANI ET AL., 2011]",CORT
VOXELOTOR,CORT
COMPOUND 13E [PMID: 31811124],AMPD1
PERGOLIDE,ALDH1A1
TRIFLUOPERAZINE,ALDH2
COMPOUND 41 [PMID: 31855425],F7
AMIVANTAMAB,DXO
PELITINIB,DXO
COMPOUND 25B [PMID: 22564207],ENG
EFGARTIGIMOD ALFA,FCGRT
ECF506,FGR
INAMRINONE,COL9A3
FGF-19,SLC26A3
FRUQUINTINIB,DRD1
VEGFE,DRD3
ONATASERTIB,DRD3
DINOPROSTONE,APOC2
FZM1.8,FZD4
SGI-1776,F11
LY503430,ASS1
L701324,GRIN2B
SILMITASERTIB,F9
COMPOUND 20 [PMID: 22136433],F11
HU-210,ADCY3
2-ARACHIDONYL GLYCERYL ETHER,ADCY3
PROKINETICIN-2,APOA2
CHGB (511-532),ADCY3
MRE-269,APOC3
DOVITINIB,DRD2
TELATINIB,DRD2
AVAPRITINIB,DPT
DOVITINIB,DPT
DOFETILIDE,BAD
ICA-105574,BAD
PF-04885614,BAD
RJW100,BGN
GSK-LSD1,GEM
JNK INHIBITOR IX,CTNS
DICYCLOMINE HYDROCHLORIDE,AANAT
PENTYLTHIO-TZTP,AANAT
HEXAHYDRODIFENIDOL,AANAT
ACLIDINIUM,AANAT
(S)-DIMETINDENE,AANAT
LUZINDOLE,ANK2
RAMELTEON,ANK2
CEBRANOPADOL,APOF
DIHYDROMORPHINE,APOF
ZYKLOPHIN,APOF
GW853606,FABP1
ACONITINE,BBS1
BEFETUPITANT,AQP3
YM44778,AQP4
NEUROKININ B,AQP4
FEZOLINETANT,AQP5
CCT129957,CRY2
SSR 146977,AQP5
4-THIO-UTP,APC
MRS2927,APCS
2-AMINO-URIDINE-5'-MONOPHOSPHATE,APCS
TIM-38,AIRE
BMS-986141,APOH
DRF 2519,BCKDHA
IMIGLITAZAR,BCKDHA
COMPOUND 15A [PMID: 32069401],F5
AMG319,F5
PI 3-KG INHIBITOR II,F5
LY-294002,F5
AMG319,PIK3CB
COMPOUND 20F [PMID: 28520415],PIK3CB
AZD8154,F7
COMPOUND 20F [PMID: 28520415],F7
PIK-75,PIK3CB
SERABELISIB,F7
ORG2058,BDNF
PROMEGESTONE,BDNF
S 17092,FXN
"[D-TRP12,TYR34]PTH-(7-34) (BOVINE)",XIAP
[TRP23]PTHRP-(1-36) (HUMAN),XIAP
TAK-632,FAH
PONESIMOD,AMY2A
ETRASIMOD,AMY2A
REMOGLIFLOZIN,CD3E
CCT196969,MS4A2
"L-363,377",FASLG
POLY(I:C),TLR3
APV206690A,TRPM5
ML-SA5,ALDH7A1
GDC-0214,TYK2
"D(CH2)5[TYR(ET)2,VAL4,DES-GLY9]AVP",AQP9
CRIZOTINIB,EGFR
ANTI-CTLA-4 MONOCLONAL ANTIBODY,CTNNB1
LEUCOVORIN CALCIUM,DPYD
CYTARABINE,WT1
MTOR INHIBITOR,TSC1
CRIZOTINIB,NTRK2
CARBOPLATIN,ERCC1
KU-0060648,ATM
NAQUOTINIB,EGFR
TEPROTUMUMAB-TRBW,PTPRD
IXAZOMIB,ALK
BAY1217389,CTNNB1
VANTICTUMAB,CTNNB1
FGFR/CSF-1R INHIBITOR 3D185,FGFR1
VISTUSERTIB,FGFR1
BLINATUMOMAB,KMT2A
CYTARABINE,KMT2A
PAZOPANIB,NRAS
REGORAFENIB,NRAS
VENETOCLAX,NRAS
VENETOCLAX,PIK3CA
CC-115,PIK3CA
ATEZOLIZUMAB,PIK3CA
PP-242,PTEN
GEMCITABINE,PTEN
PAXALISIB,PTEN
SONOLISIB,PTEN
UPROSERTIB,PTEN
VORINOSTAT,PTEN
MESORIDAZINE BESYLATE,HTR2A
DEXTRAN SULFATE SODIUM,NOS1
DOLUTEGRAVIR SODIUM,CYP3A4
VALPROIC ACID,SOD2
RIBOCICLIB SUCCINATE,CDK4
FOSFOSAL,COX8A
COMPOUND T.14,DRD2
FLOPROPIONE,CYP3A4
OXYTETRACYCLINE HYDROCHLORIDE,ESR1
CHEMBL:CHEMBL2063687,MAPK3
EPINEPHRINE,HSD17B10
AFLOQUALONE,AR
ZANOTERONE,AR
MCN-A-343,AANAT
RALOXIFENE HYDROCHLORIDE,CYP2C19
CSC,KCNH2
COMPOUND 12B [PMID: 31465220],PIK3CB
ISRADIPINE,NR1I2
GANETESPIB,MYC
LAMOTRIGINE,CYP2C19
CHEMBL:CHEMBL580727,SMAD3
SCY-635,PPIA
OLESOXIME,TSPO
PROPIOMAZINE,DRD2
G&OUML; 6983,CTH
BMS-986202,TYK2
LINEZOLID,CYP2D6
G&OUML; 6976,CTF1
CHEMBL:CHEMBL1797707,CREBBP
DICYCLOHEXYLCARBODIIMIDE,AR
OBOVATAL,MMP2
CHEMBL:CHEMBL269881,NFE2L2
OLANZAPINE,FAAH
LENVATINIB,PDGFRB
DYNORPHIN-(1-11),APOF
OCTREOTIDE ACETATE,MPO
OSPEMIFENE,ESR1
TG6-129,APOC1
CGP 23996,AQP2
AZD3229,KIT
RINDOPEPIMUT,EGFR
ALPELISIB,PIK3CG
HEXAMETHYLENE BISACETAMIDE,TG
METHOPRENE ACID,HCN2
"COMPOUND 29 [MOSLIN ET AL., 2017]",TYK2
HYDRALAZINE,CYP2C19
"1,10-PHENANTHROLINE",ATXN2
DASATINIB ANHYDROUS,PPARD
AMPRENAVIR,ABCB1
DIMETACRINE,CYP2D6
ACRISORCIN,CYP3A4
CA2+,C4B
TAPENTADOL,APOF
DYCLONINE HYDROCHLORIDE,VDR
CHOLESTYRAMINE RESIN,CYP27A1
PRELADENANT,ABCA1
AG-24322,CDK4
RS-100329,CYP2C9
PHENOXYBENZAMINE HYDROCHLORIDE,HIF1A
NONSTEROIDAL ANTIINFLAMMATORY DRUG,BGLAP
CAY10583,AMH
FARAMPATOR,GRIA2
RIVOCERANIB,PTK2B
D[CHA4]AVP,ABCC6
HYDROCHLOROTHIAZIDE,GNB3
TELOTRISTAT,TPH1
ACADESINE,PRKAG3
CHEMBL:CHEMBL532160,ATXN2
PHENELZINE SULFATE,CYP3A4
VANDETANIB,PTK2B
CARBOPLATIN,ERBB2
DROXINOSTAT,GAS1
ELEDOISIN,AQP5
COMPOUND 9 [PMID: 26006010],FGR
BUDESONIDE,CYP2D6
DAUNORUBICIN LIPOSOMAL,XDH
CRIZOTINIB,ABCB1
SODELGLITAZAR,PPARD
RIVOGLITAZONE,PPARG
ADOPRAZINE,DRD2
IFABOTUZUMAB,EPHA3
CHEMBL:CHEMBL260560,SMN1
IMMUNOTHERAPEUTIC AGENT,FCGR3A
HTERT-LAMP MRNA-LOADED AUTOLOGOUS DENDRITIC CELL VACCINE GRNVAC1,TERT
SRIF-28,FAS
PROMAZINE,HTR2A
PRELADENANT,ABAT
SERTRALINE HYDROCHLORIDE,DRD1
COMPOUND 13 [PMID: 15925511],FCER2
BROMODIPHENHYDRAMINE HYDROCHLORIDE,HRH1
FELBAMATE,CYP2D6
E319,PPARG
TRICHOSTATIN A,SIRT2
DESOXIMETASONE,HIF1A
THONZONIUM,CYP2D6
ALBUTEROL SULFATE,THRB
8-AZAGUANINE,ACHE
COMPOUND 38 [PMID: 24915291],DXO
PACLITAXEL,FGFR1
CAPECITABINE,SLC19A1
[125I]TYR10-CST14,FASLG
[125I]CCL17 (HUMAN),CCR4
ANALOG 31 [PMID:18543899],FASLG
CCK-58,CCKAR
CILOSTAZOL,CYP2C9
FRANGULIN B,TOP2A
IL-5,MYC
SAMURACICLIB,EGR4
METITEPINE,A2M
INTERLEUKIN-11,SRC
CYT007-TNFQB,TNF
TESMILIFENE,CYP2C19
TAMATINIB,ALK
2-IODOACETAMIDE,TP53
DNMT1 MIXED-BACKBONE ANTISENSE OLIGONUCLEOTIDE MG 98,DNMT1
DENDRITIC CELL VACCINE,TP53
CISPLATIN,MGMT
CHEMBL:CHEMBL1214274,CYP2C9
TAMATINIB,FGFR1
ALLYLESTRENOL,PGR
DOBUTAMINE HYDROCHLORIDE,KCNH2
CALCIUM GLUCONATE,PTH
RECOMBINANT OX40 LIGAND,CSF2
ASCORBIC ACID,AGTR1
SELICRELUMAB,CD40
ATRACTYLENOLIDE I,TP53
CHEMBL:CHEMBL421215,VDR
SAR405,F3
KI-20227,DPYD
TAMATINIB,BLK
PERHEXILINE,CYP2C19
SANGIVAMYCIN,BCL2L1
CHEMBL:CHEMBL1491455,CYP1A2
TIK-301,MTNR1A
ANTINEOPLASTIC AGENT,ERBB2
THIRAM,JAK2
VANDETANIB,EPHB4
SOLABEGRON,ADRB3
SOBLIDOTIN,TUBB4A
COMBRETASTATIN A4,TUBB3
PSB603,ABAT
"2,4-DINITROPHENOL",AR
CHEMBL:CHEMBL460508,SMN2
ALDOSTERONE,NR3C1
FRUQUINTINIB,DRD2
COMPOUND 10B [PMID: 26222319],GNAI2
SAPPANONE A TRIMETHYL ETHER,MAPK1
NITAZOXANIDE,NFE2L2
BENZTHIAZIDE,CA2
LANREOTIDE ACETATE,AQP2
PF-562271,PTK2B
CHLORZOXAZONE,KCNMA1
IDEBENONE,AR
CYCLOPHOSPHAMIDE ANHYDROUS,ACTB
LORATADINE,TAC1
COBIMETINIB,CDKN2A
ACITRETIN,RXRA
COMPOUND 5A [PMID: 31287314],GAPDH
OBTUSAQUINONE,HSD17B10
MK-0767,BCKDHA
NI2+,ATP2A2
"D(CH2)5[D-ILE2,ILE4]AVP",ABCC6
NITAZOXANIDE,SMN2
ROTENONE,PPARD
BUPIVACAINE,BCHE
ENTRECTINIB,CDK7
NV-128,NDUFS7
SRIF-28,AQP2
CEP-2563,PRKCI
ISOKOBUSONE,CYP3A4
GRANISETRON,CYP3A5
DIMETHYLADENINE,CHEK2
FUROSEMIDE,CYP11B2
CUMENE HYDROPEROXIDE,RORC
ERLOTINIB,ERRFI1
AMIFAMPRIDINE PHOSPHATE,KCNC4
SOFPIRONIUM BROMIDE,CHRM3
CARBAMAZEPINE,SCN5A
AGN 191976,APOC4
SRC KINASE INHIBITOR I,RIPK2
RISPERIDONE,KCNH2
CHEMBL:CHEMBL89250,TERT
PROTEIN SYNTHESIS INHIBITOR,IFNA1
ALITRETINOIN,CD34
NORGESTIMATE,ATP2A2
PROMAZINE HYDROCHLORIDE,DRD3
CANDESARTAN CILEXETIL,DOT1L
SORAFENIB,TNF
CHEMBL:CHEMBL297304,NR1H4
CIMIFUGIN,TRPV4
DELUCEMINE,GRIN2B
LANIFIBRANOR,BCKDHA
VER-246608,PDK2
THERAPEUTIC CORTICOSTEROID,APOE
ISRADIPINE,CACNA1C
CYCLOPENTYLADENOSINE,ABAT
AKT INHIBITOR LY2780301,PTEN
ALOBRESIB,DNER
SCOPOLETIN,ERAP1
LORPUCITINIB,TYK2
KBP5209,ERBB4
SAMOTOLISIB,F5
CIMETIDINE,CYP3A4
CARBARIL,HSD17B10
ENMD-2076,LCK
ERYTHROMYCIN,KCNH2
GLICLAZIDE,G6PD
CAMBINOL,SIRT1
ANTI-THYMOCYTE GLOBULIN,ITGB1
PHENPROCOUMON,GCK
TORSEMIDE,ADD1
CHEMBL:CHEMBL548540,HSP90AA1
BORTEZOMIB,F2
OCTANOL,C2
DVDAVP,AQP9
PROKINETICIN-2&BETA;,APOA2
"D(CH2)5[TYR(ME)2,THR4]OVT",AR
AT-9283,FLT3
ZSTK-474,PIK3CG
"[PHAA1,D-TYR(ME)2,ARG6,TYR-NH29]AVP",AQP9
"[125I][TYR3,THR8]OCTREOTIDE",FASLG
"[PHAA1,D-TYR(ET)2,VAL4,LYS6,TYR-NH28,DES-GLY9]AVP",AQP9
ETARACIZUMAB,ITGB1
DICHLOFLUANID,AR
MELPHALAN,NR1H4
MELENGESTROL ACETATE,AR
"[TBAA1,D-TYR(ET)2,VAL4,LYS6,ARG-NH28,DES-GLY9]AVP",AQP9
MITOXANTRONE,BAX
ADAVOSERTIB,SYK
CHEMBL:CHEMBL365617,RPS6KA3
YM 471,AQP9
AR-20.5,MUC1
OCLACITINIB,EPHB2
FENBENDAZOLE,GLP1R
VINFLUNINE,TUBB3
"[PHAA1,D-TYR2,VAL4,ARG6,ARG-NH29]AVP",AR
ISOPROTERENOL,HSPA4
"[PHAA1,D-TYR(ET)2,VAL4,LYS6,TYR-NH28,DES-GLY9]AVP",AR
DEFOSLIMOD,TLR2
DERAZANTINIB,FGFR4
YM 471,AR
5-CT,CYP1A2
CHEMBL:CHEMBL51697,NFKB1
GRANISETRON,CYP2D6
TOLAZAMIDE,KCNJ10
VANDETANIB,ERBB2
CHEMBL:CHEMBL85194,CYP3A4
CYCLOSPORINE,MBP
SORAFENIB,MAPK1
OLANZAPINE,PRKAA2
BIFENAZATE,PPARD
ARACHIDONIC ACID,ALDH1A1
MACROLIDE ANTIBIOTIC,CYP3A4
RO116-9132/238,ACTB
BIM 23127,UTS2R
ENCAINIDE HYDROCHLORIDE,SCN5A
VALPROIC ACID,GRIN2B
LEFLUNOMIDE,ESR1
SUVODIRSEN,DMD
RECOMBINANT CYTOKINE,NFE2L2
FLUPIRTINE,HLA-DQB1
DOCETAXEL ANHYDROUS,SLC10A2
SONOLISIB,PIK3C2G
CHEMBL:CHEMBL482050,ATXN2
CHEMBL:CHEMBL239439,CYP2C9
PKI166,EGFR
CICLOPIROX OLAMINE,HSP90AA1
GELDANAMYCIN,HIF1A
ILORASERTIB,ALK
ISONIAZID / PYRAZINAMIDE / RIFAMPIN,NAT2
CARBETAPENTANE,CYP2D6
DIPHENYLENEIODONIUM,CYP1A2
NAVAFENTEROL,ADRB2
LAMIVUDINE,OCA2
EPLIVANSERIN,HTR2C
DOXORUBICIN HYDROCHLORIDE,SLC13A3
CHLORPROMAZINE,CYP2E1
METHYLERGONOVINE MALEATE,HTR2B
BALSALAZIDE DISODIUM,PPARG
INSULIN ZINC SUSP PURIFIED PORK,INSR
INSULIN SUSP ISOPHANE SEMISYNTHETIC PURIFIED HUMAN,INSR
PROMAZINE HYDROCHLORIDE,HTR2A
PROPOXYPHENE NAPSYLATE,OPRM1
VANDETANIB,SRC
BETAMETHASONE ACETATE,NR3C1
THEOPHYLLINE,PDE4D
DEXMEDETOMIDINE HYDROCHLORIDE,ADRA2C
FLURBIPROFEN SODIUM,PTGS1
MECLOFENAMATE SODIUM,PTGS1
MYCOPHENOLATE MOFETIL HYDROCHLORIDE,IMPDH2
TOLBUTAMIDE,KCNJ11
PHENOXYBENZAMINE HYDROCHLORIDE,ADRA2C
NICARDIPINE HYDROCHLORIDE,CACNA1C
PROTOKYLOL HYDROCHLORIDE,ADRB2
SOTALOL HYDROCHLORIDE,ADRB2
DOCOSANOL,GH1
METFORMIN HYDROCHLORIDE,NDUFA2
DROXIDOPA,ADRA1A
DROXIDOPA,ADRB2
DROXIDOPA,ADRA1D
PX-102,NR1H4
AZD-6918,NTRK1
AZD-6918,NTRK3
AZD-6918,NTRK2
BMS-387032,CDK9
NV-128,NDUFA2
ELPETRIGINE,CACNA1D
CB-189625,TRPA1
IRX-4204,RXRB
GALETERONE,CYP17A1
TELATINIB,KIT
INSM-18,ERBB2
TASELISIB,PIK3CG
TRICIRIBINE PHOSPHATE,AKT2
CP-601927,CHRNA4
ALTINICLINE,CHRNA4
COMPOUND 6 [PMID: 10395480],CYP4A11
INDIBULIN,TUBB4A
OPROZOMIB,PSMB8
OPROZOMIB,PSMA6
GILTERITINIB FUMARATE,FLT3
RIMEGEPANT SULFATE,CALCRL
ADOPRAZINE,HTR1A
MEPIRODIPINE,CACNA1C
ENAPOTAMAB VEDOTIN,TUBB3
MAGNESIUM OXYBATE,GABBR1
MIRIKIZUMAB,IL23A
B-RAF/VEGFR-2 INHIBITOR RAF265,RAF1
UK-500001,PDE4A
LACIDIPINE,CACNA1C
PI3K/MTOR KINASE INHIBITOR PF-04691502,PIK3CD
5-METHOXYTRYPTAMINE,CYP1A2
PROCHLORPERAZINE,NFE2L2
DIHYDROXIDINE,CYP2C19
CISPLATIN,DNMT1
3-HYDROXYANTHRANILIC ACID,CD28
NILE RED,NPC1
TAMATINIB,FLT1
3-METHYLCHOLANTHRENE,NFE2L2
CHRYSIN,HIF1A
BENZYL ISOTHIOCYANATE,TRPA1
ILEPCIMIDE,BRCA1
OCTYL_GALLATE,PPARD
LOVASTATIN,CYP2C9
"9,10-PHENANTHRENEQUINONE",PPARG
NITAZOXANIDE,TP53
DINITRO CRESOL,RORC
OCHRATOXIN A,PPARD
LADUVIGLUSIB,GSK3B
S(+)-APOMORPHINE,HIF1A
PIRINIXIC ACID,PPARA
VERAPAMIL,ABCB1
BECLOMETHASONE,NFE2L2
REDIOCIDE A,PRKCA
AURINTRICARBOXYLIC ACID,RUNX1
CHEMBL:CHEMBL482050,SMAD3
DICARBONODITHIOIMIDIC DIAMIDE,HSPB1
DIOXYBENZONE,HIF1A
TRIFLUPROMAZINE,CYP1A2
JNK INHIBITOR VIII,PRKD2
CHEMBL:CHEMBL547101,CYP2D6
CHEMBL:CHEMBL586937,SMAD3
2-IODOACETAMIDE,ALDH1A1
PROTOPORPHYRIN,VDR
RG-1530,SRC
CHEMBL:CHEMBL1333386,SMN2
CHEMBL:CHEMBL596839,NFE2L2
CHEMBL:CHEMBL592123,KCNH2
PIFEXOLE,CYP2C19
CHEMBL:CHEMBL1269845,HSD17B10
CHEMBL:CHEMBL522983,P4HB
CHEMBL:CHEMBL595227,ALDH1A1
CHEMBL:CHEMBL463783,WRN
DIHYDROXIDINE,HSD17B10
MECLIZINE,CYP1A2
TAMATINIB,SRC
METHOTREXATE,CYP1A2
ERLOTINIB,PRKD2
CYNAROPICRIN,RELA
TCDD,AHR
ENTRECTINIB,MAP4K4
CHRYSIN,CYP3A4
OLVANIL,TP53
HESPERADIN,ALK
NIACINAMIDE,SIRT3
EOSIN,PRMT1
CHEMBL:CHEMBL587389,NFE2L2
SNS-314,NTRK2
RG-1530,SYK
CILOSTAZOL,ALDH1A1
CARBIDOPA ANHYDROUS,HSD17B10
AMLODIPINE BESYLATE,AR
EICOSAPENTAENOIC ACID,VDR
PSEUDOEPHEDRINE,HSD17B10
"6,4'-DIMETHOXYFLAVONE",NFKB1
Z-PRO-PROLINAL,VDR
SPERMIDINE,CYP1A2
TETRACONAZOLE,AR
PALMITOYL-CARNITINE,DRD1
OCHRATOXIN A,PPARG
CHEMBL:CHEMBL260560,NFKB1
CHEMBL:CHEMBL260560,RELA
CHEMBL:CHEMBL260560,NFKB2
R-1487,CSNK1D
CHEMBL:CHEMBL324554,NPY1R
NELFINAVIR MESYLATE,AR
3-HYDROXYANTHRANILIC ACID,PDK1
BROMEBRIC ACID,AR
METHYLPREDNISOLONE ACETATE,AR
AZARIBINE,SMN1
MODAFINIL,CYP3A4
QUERCETIN,CYP3A4
PSEUDOEPHEDRINE,CYP2C19
LIDOFLAZINE,CYP2D6
SEMAXANIB,KCNH2
EPICATECHIN,GAA
FLUNISOLIDE ANHYDROUS,CYP2C19
CIMETIDINE,CYP1A2
COUMAPHOS,AR
MORUSINOL,RELA
ACETOPHENAZINE,AR
CHEMBL:CHEMBL578504,STAT3
DAZOMET,AR
CHEMBL:CHEMBL582507,NPC1
DIACETYLRHEIN,HSP90AA1
RALOXIFENE HYDROCHLORIDE,IL6R
CHEMBL:CHEMBL580727,ALOX12
AZARIBINE,AR
CHEMBL:CHEMBL530291,NFE2L2
CHEMBL:CHEMBL1472891,GLP1R
CHEMBL:CHEMBL412603,SMN2
CHEMBL:CHEMBL581872,SMAD3
CHEMBL:CHEMBL171699,S1PR4
CHOLECALCIFEROL,NFE2L2
ADAVOSERTIB,MAP4K5
ILORASERTIB,MAP2K2
SB 204741,CYP2C19
DICHLOROPHEN,NFE2L2
CHEMBL:CHEMBL333177,HSPB1
CHLORMETHIAZOLE,CYP2D6
CHEMBL:CHEMBL592600,HSP90AA1
PENTABROMOPHENOL,FASN
CHEMBL:CHEMBL585686,KCNH2
CHEMBL:CHEMBL576412,ALDH1A1
ELLAGIC ACID,USP2
PIPERIDOLATE,CYP2D6
CHEMBL:CHEMBL1606,PPARD
LINOLENIC ACID,HSD17B10
CHEMBL:CHEMBL1574420,BRCA1
CILOSTAZOL,CYP1A2
BENZO[B]FLUORANTHENE,HIF1A
CHEMBL:CHEMBL586937,ATXN2
CHEMBL:CHEMBL210411,NR3C1
OXIDOPAMINE,THRB
2MESATP,DRD1
PROSULTIAMINE,VDR
CHEMBL:CHEMBL528694,NFKB1
CHEMBL:CHEMBL1390650,NPC1
CHEMBL:CHEMBL471005,CYP2C19
SCRIPTAID,HDAC3
CINOBUFOTALIN,SMAD3
PROCHLORPERAZINE,CYP2C9
CHEMBL:CHEMBL1420181,BRCA1
CHEMBL:CHEMBL1255944,VDR
TESMILIFENE,CYP2C9
IPCONAZOLE,PPARD
CLOMIPRAMINE,DRD1
TAMOXIFEN,CYP2C9
PICEATANNOL,ARSA
PROTOPORPHYRIN,HSD17B10
MUNDULONE ACETATE,MAPK1
CHEMBL:CHEMBL581677,SMAD3
PENTACHLOROPHENOL,RORC
DORAMAPIMOD,NTRK3
TAMATINIB,IRAK1
CHEMBL:CHEMBL583578,SMN1
PROTOPORPHYRIN,THRB
CHEMBL:CHEMBL421215,CYP2C9
2'-HYDROXYCHALCONE,ABCB1
CILOSTAZOL,CYP2D6
DIMETHYLADENINE,RPS6KA3
POMIFERIN,SMAD3
SB 222200,ALDH1A1
LOXAPINE SUCCINATE,KCNH2
CHEMBL:CHEMBL2028068,KCNH2
CHEMBL:CHEMBL73380,NFE2L2
DEQUALINIUM,MTOR
SKF-38393,GFER
COPPER CHLORIDE,JUN
2-MERCAPTOBENZOTHIAZOLE,VDR
MG-132,ALDH1A1
1-NITROPYRENE,NFE2L2
DORAMAPIMOD,MAPK9
AZATHIOPRINE,TPMT
DARIFENACIN,CYP2D6
ERIBULIN MESYLATE,ERBB2
GELDANAMYCIN,FCGR3A
TEGAFUR-URACIL,FGF2
FULVESTRANT,FGF2
INDOMETHACIN,FGF2
CYCLOSPORINE,GABPA
TRIAMCINOLONE,G6PD
PROTOPORPHYRIN,G6PD
ANTHRACYCLINE ANTINEOPLASTIC ANTIBIOTIC,GATA4
PROTEIN SYNTHESIS INHIBITOR,GAPDH
COLCHICINE,GFAP
DICLOFENAC SODIUM,GGT1
METHIMAZOLE,GFAP
TRETINOIN,HAS3
THALIDOMIDE,HGF
PREDNISOLONE,HMGB1
DOCETAXEL ANHYDROUS,HRAS
DIMETHYL SULFOXIDE,HRAS
BORTEZOMIB,HSPA4
DIAZOOXONORLEUCINE,HSPA4
VINCRISTINE,HSPB2
EDRECOLOMAB,IFNG
PROTEIN SYNTHESIS INHIBITOR,IGFBP1
RABEPRAZOLE,IL10
BACILLUS CALMETTE-GUERIN ANTIGEN,IL15
METHIMAZOLE,CXCL8
HYDROQUINONE,CXCL8
MIFEPRISTONE,LIF
PAREGORIC,LPAR2
ANTISENSE OLIGONUCLEOTIDES,LIF
PREDNISOLONE,RPS19
ISOPROTERENOL,LIPE
TRIAMCINOLONE,LPL
RECOMBINANT INTERLEUKIN,LPL
DOXYCYCLINE ANHYDROUS,MAPK8
TRETINOIN,MDK
INTERFERON BETA,MMP1
TRIAMCINOLONE,MMP1
INTERLEUKIN-11,MPO
DOCETAXEL ANHYDROUS,MUC16
TOPOTECAN HYDROCHLORIDE,MUC16
TRETINOIN,NOS1
HISTONE DEACETYLASE INHIBITOR,NR4A1
COLCHICINE,NTF3
RECOMBINANT CYTOKINE,NTRK1
ANTINEOPLASTIC AGENT,NTRK1
APAZIQUONE,NTRK1
OCTREOTIDE ACETATE,PIK3CB
RALOXIFENE HYDROCHLORIDE,PLAT
BETAMETHASONE,PTGER4
ANHYDROUS TACROLIMUS,LEP
HYDROCHLOROTHIAZIDE,HMGCS2
OLANZAPINE,AHR
AMODIAQUINE,G6PD
TIOTROPIUM,CYP2D6
CALCIUM,VDR
VALPROIC ACID,SH2B1
BREXPIPRAZOLE,CYP3A4
VANDETANIB,CYP3A4
ROPIVACAINE,CYP3A4
FLUVASTATIN,CYP3A4
TERFENADINE,CYP3A4
SIBUTRAMINE,GNB3
CARBASALATE CALCIUM,G6PD
TROGLITAZONE,GSTT1
DOLUTEGRAVIR SODIUM,CYP3A5
SORAFENIB,MAPK14
RASAGILINE,COMT
SORAFENIB,CYP2C8
SORAFENIB,MAPK9
SORAFENIB,MAPK3
HYDROMORPHONE HYDROCHLORIDE,CYP2B6
ISONIAZID,CYP2B6
HYDROCHLOROTHIAZIDE,AGTR1
CASIMERSEN,DMD
EFAVIRENZ,HLA-DRB1
PROPYLTHIOURACIL,HLA-DRB1
FLUPIRTINE,HLA-DRB1
GLYBURIDE,NOS1AP
ERIBULIN MESYLATE,ESR1
LENVATINIB,FLT4
ILOPROST,PPARA
OPAGANIB,SPHK1
BARDOXOLONE,NFKB1
BROMOCRIPTINE,DRD3
BROMOCRIPTINE,DRD2
HEPARIN,F2
GLYCOPYRRONIUM,ADRB2
RESMINOSTAT,HDAC3
ARCHEXIN,AKT2
TALAMPANEL,GRIA4
HE3286,NR3C1
MONOCLONAL ANTIBODY 11D10 ANTI-IDIOTYPE VACCINE,MFGE8
WX-554,MAP2K6
ANTI-THYMOCYTE GLOBULIN,CD86
ANTI-THYMOCYTE GLOBULIN,ITGB3
ANTI-THYMOCYTE GLOBULIN,CD4
BUSPIRONE,DRD2
BUTORPHANOL,OPRM1
DESIPRAMINE,HRH1
CEDIRANIB,BRCA2
VITAMIN K3,NQO1
VITAMIN K3,VKORC1
VITAMIN K3,F2
MITOMYCIN,TP53
RICOLINOSTAT,HDAC9
MRS3558,ADORA3
INTERFERON ALFA-N3,IFNA2
HUMAN INTERLEUKIN-2,IL2
AAV1-FS344,MSTN
FISOGATINIB,FGF19
FLUDROCORTISONE,AR
HESPERETIN,DGAT1
PICLAMILAST,PDE4A
ALK/C-MET INHIBITOR TQ-B3139,ALK
RAUWOLFIA SERPENTINA (USP),SLC18A2
BENDAMUSTINE,ATM
MM-093,AFP
CHLORDIAZEPOXIDE,TSPO
DIAZOXIDE,CALCA
RIBOCICLIB SUCCINATE,CDK6
ARC FUSION PROTEIN SL-279252,CD274
ANTI-PD-L1/CD137 BISPECIFIC ANTIBODY MCLA-145,CD274
TRANSFERRIN RECEPTOR-TARGETED ANTI-RRM2 SIRNA CALAA-01,TF
MAZAPERTINE SUCCINATE,DRD2
MAZAPERTINE SUCCINATE,HTR1A
APL-501,CD274
EVEROLIMUS,CDKN2A
SUCRALFATE,FGF2
DIAPLASININ,SERPINE1
PYRIDOXAMINE,AGER
COMPOUND 4G [PMID: 22220592],ABCA1
DU172,ABAT
ISTRADEFYLLINE,ABAT
SAKURANETIN,ABCA1
"COMPOUND 6LI [CHAN ET AL., 2022]",AXL
NIHP,ABO
NEBIVOLOL HYDROCHLORIDE,ACAA1
12S-HETE,AMH
COMPOUND 3 [PMID: 25408830],GCLM
CA2+,ACP5
DINOPROSTONE,RND3
C7683,HOXD8
AM2201,CNR2
SCH.336,CNR2
BMS-202,CNR2
GASTRIN-14,CCKBR
LISURIDE,ALDH1A1
ETICLOPRIDE,ALDH1A1
CHLORPROMAZINE,ALDH1A1
LISURIDE,ALDH2
HALOPERIDOL DECANOATE,ALDH2
ABIVERTINIB,DXO
CANERTINIB,DXO
COMPOUND 38 [PMID: 24915291],ERBB4
ENDOTHELIN-1,ALDH1B1
ENDOTHELIN-2,ALDH1B1
AMBRISENTAN,ALDH1B1
EDONENTAN ANHYDROUS,ALDH1B1
PZ-II-029,ARRB2
WFW-ISN-NH2,ALOX15
PF-05190457,ALOX15
DUBERMATINIB,FLT3
[3H]AMPA,ASS1
ENTOSPLETINIB,FLT3
S-ALLYLGLYCINE,GAD2
RGB-286638,SLC29A1
"3,5-DIHYDROXYBENZOIC ACID",ANXA11
COMPOUND 3 [PMID: 21310611],ADH1C
(S)-N-OLEOYLTYROSINOL,ADH1C
AS1535907,ADH1C
1-OLEOYL GLYCEROL,ADH1C
JWH015,ADCY3
CID2745687,ADAM10
AR305352,ADRA2A
L-NNA,NOS2
CTOP,APOF
PENTAZOCINE,APOF
COMPOUND 111 [PMID: 37918435],CFB
HEXAMETHONIUM,ZFHX3
CP-601927,ZFHX3
[125I]&ALPHA;-BUNGAROTOXIN,SERPINC1
ELEDOISIN,AQP3
"[125I]SP (HUMAN, MOUSE, RAT)",AQP3
YM49598,AQP4
GR100679,AQP4
"[125I]L703,606",AQP3
JMV2004,ANXA6
GEFAPIXANT,ATP1A4
NF778,ATP12A
2-THIOUTP,APC
TRANS-CINNAMOYL-LIGRLO [N-[3H]PROPIONYL]-NH2,APOE
(DES 1-8) A-CHAIN INSL3 ANALOGUE,APPL1
PROPRANOLOL HYDROCHLORIDE,CD40LG
CGP 23996,FAS
NC 4-28B,FAS
GA-KE88,FASLG
FIMEPINOSTAT,FLT3
BASROPARIB,HLA-DMA
CAPECITABINE,GCGR
LOXORIBINE,SARDH
CARBOCYCLIC THROMBOXANE A2,APOC4
S-5751,APOC4
I-BOP,APOC4
MB-28767,APOC4
TAZEMETOSTAT,FLT3
SG-094,ARHGAP4
IPATASERTIB,FLT3
PIOGLITAZONE HYDROCHLORIDE,ATP4A
E6201,HRAS
GENTAMICIN,TRPV5
GSK-BZ DERIVATIVE 2B,TRPV4
COMPOUND 38 [PMID: 24915291],FGR
COMPOUND 1A [PMID: 18573659],UTS2R
TETRABENAZINE,CDH13
D[CHA4]AVP,AR
"D(CH2)5[TYR(ME)2,THR4,PHE(3I,4N3)-NH29]OVT",ABCC6
DAVP,ABCC6
VNA932,ABCC6
"D(CH2)5[TYR(ET)2,VAL4,DES-GLY9]AVP",ABCC6
D[LEU4]AVP,ABCC6
RELCOVAPTAN,ABCC6
OICR-9429,NPBWR1
CARBOPLATIN,BRCA2
ERLOTINIB,PIK3CA
CELECOXIB,PIK3CA
ERLOTINIB,FGFR4
VINORELBINE,APC
CAPECITABINE,ATM
VANDETANIB,ATM
IPILIMUMAB,B2M
TASELISIB,PIK3R3
ETHOPROPAZINE HYDROCHLORIDE,ALOX12
MAPROTILINE HYDROCHLORIDE,AR
PYROGALLOL,ALOX15
PICEATANNOL,THRB
LISINOPRIL ANHYDROUS,MMP3
SAGE-718,GRIN2B
OLAPARIB,GNAI2
SAPPANONE A TRIMETHYL ETHER,VDR
OLANZAPINE,CCKBR
A(9-26)INSL3,APPL1
PHENOXYBENZAMINE HYDROCHLORIDE,ADRA2B
MADOLIN T,MAPK1
AC-98170,APOE
LINPERLISIB,F7
BAY-985,FCGR3A
"[PHAA1,D-TYR(ET)2,LYS6,DES-GLY9]AVP",AQP9
METHYLSAMIDORPHAN,OPRM1
RS-17053,TP53
(S)-FELODIPINE,CYP2C9
BMS-820132,GCK
NSC212069,TRPV4
ACETYLSALICYLIC ACID/DIPYRIDAMOLE,COX8A
PEGINTERFERON ALFA-2B,DHODH
ILORASERTIB,DRD1
AMODIAQUINE,CYP1A1
PROPRANOLOL HYDROCHLORIDE,CYP2D6
SNS-314,CHEK2
2-IODOACETAMIDE,CYP3A4
AMINOPURVALANOL A,CYP3A4
BMS753,BCHE
ROCK INHIBITOR 3,CTRB1
FADRACICLIB,CCNE1
AZD8835,PIK3CA
PRAZOSIN,MAPK8
CENICRIVIROC MESYLATE,CCR5
FLUFENAMIC ACID,CAPN5
SEMAPIMOD,GRIN2B
INAVOLISIB,F5
DARIFENACIN,CHRM2
ERLOTINIB,ERBB2
CHEMBL:CHEMBL1601846,RUNX1
SOBLIDOTIN,TNF
CONTELTINIB,PTK2B
AZATHIOPRINE,HBB
CHEMBL:CHEMBL122355,VDR
ANTISENSE OLIGONUCLEOTIDES,E2F1
CHEMBL:CHEMBL1401091,ALDH1A1
DOCETAXEL ANHYDROUS,CYP1A1
TASELISIB,PIK3R1
WYE-354,ETFB
VIOMYCIN SULFATE,RPSA
MOXONIDINE,ADRA2C
LENVATINIB,NRAS
OLAPARIB,NRAS
DEXAMETHASONE,CYP2D6
MONOAMINE OXIDASE INHIBITOR,DRD3
AMG28,EYA1
MK-8353,NRAS
FF-10101,NRAS
BENZYL ISOTHIOCYANATE,TRPV1
LORATADINE,KCNA5
MIRDAMETINIB,PIK3CA
ANTIOXIDANT,PLAU
DOXEPIN HYDROCHLORIDE,CRHR1
GSK2334470,PIK3CA
BREXANOLONE,ARNT
D[CHA4]AVP,AQP9
BELANTAMAB MAFODOTIN-BLMF,ECE1
ILORASERTIB,DPYD
AZD-8186,PTEN
CHEMBL:CHEMBL68534,CYP1A2
4F-MT-45,APOF
ULIXERTINIB,HRAS
THIRAM,ALDH1A1
HISTONE DEACETYLASE INHIBITOR,CXCL8
VERAPAMIL,CACNB3
CORTICOTROPIN-RELEASING FACTOR,ALB
MIRDAMETINIB,STK11
MRS1093,ABCA1
REACTIVE BLUE-2,AIRE
NITRENDIPINE,ABCB1
HESPERADIN,NTRK2
CI-1040,STK11
OLESOXIME,VDAC1
OLAPARIB,TET2
SELICICLIB,TP53
GLUFOSFAMIDE,SLC2A1
SAMURACICLIB,EIF4EBP2
SELINEXOR,TP53
TRETINOIN,IL1R1
COMPOUND 25AP [PMID: 37796543],GAS1
SGI-1776,PIM1
AMIFAMPRIDINE PHOSPHATE,KCNA10
SANGUINARIUM,PPARD
DOXYCYCLINE ANHYDROUS,MMP1
CHEMBL:CHEMBL1493528,MAPK1
VCE-004.3,CNR2
DOCOSANOL,PAEP
PLAZOMICIN SULFATE,RPSA
FENPYROXYMATE,NFE2L2
NITRENDIPINE,KCNH2
PERINDOPRIL,AGTR1
BENSERAZIDE,CSH2
DIGOXIN,STAT3
PD-98059,SMN1
GILTERITINIB FUMARATE,AXL
CEP-11981,DRD2
DANAZOL,CYP2J2
MEPERIDINE HYDROCHLORIDE,CYP2B6
GLATIRAMER,CLEC16A
GF109203X,CYP1A2
AVOTERMIN,TGFB3
PIM KINASE INHIBITOR LGH447,JAK2
COLCHICINE,CYP3A4
YSFKPMPLAR,ACACA
ETHOPROPAZINE HYDROCHLORIDE,ALOX15
OXALIPLATIN,IGF2BP2
MITOGEN-ACTIVATED PROTEIN KINASE INHIBITOR,FOS
TQB3804,DXO
AZATHIOPRINE,CYP3A4
EFLORNITHINE,ARG2
SERIBANTUMAB,EGFR
DIETHYLSTILBESTROL,BDKRB2
RO19-4603,ARNT
LY2140023,GRM2
SLC-0111,GAPDH
CDK INHIBITOR 4.35,CDK4
MESORIDAZINE,HTR2C
BRUCINE,AR
CHEMBL:CHEMBL260342,NPC1
CHEMBL:CHEMBL8483,RELA
DELAVIRDINE,ABCG2
PREGNENOLONE-16&ALPHA;-CARBONITRILE,NFE2L2
PENTACHLOROPHENOL,VDR
A-1331852,PIK3CA
ZIDOVUDINE,CXCL10
PROPANTHELINE,AANAT
FLUTICASONE,CD14
GALINPEPIMUT-S,WT1
SEVOFLURANE,MTRR
PYRITHIONE ZINC,KCNH2
SKF-38393,KCNH2
N-OLEOYLETHANOLAMIDE,ADH1C
ILORASERTIB,MARK2
PENTABROMOPHENOL,NR1H4
JNJ-26483327,EGFR
BERZOSERTIB,EEF1B2P2
BEVACIZUMAB-AWWB,KIT
FULRANUMAB,NGFR
3-METHOXYCATECHOL,TP53
AG1478,EGFR
PD173074,SRC
CHEMBL:CHEMBL1997335,DAPK3
BUTHIONINE SULFOXIMINE,NOS1
CHEMBL:CHEMBL578878,GNAS
GLUTAMINE,IGF2
DIAZIQUONE,CSF2
LENVATINIB,ABCG2
DEHYDRATED ALCOHOL,FUT2
ECF506,EPHX2
CHEMBL:CHEMBL604321,GLP1R
KARANJIN,CYP2C9
PROTOPORPHYRIN DISODIUM,ATM
OPROZOMIB,PSMD7
AMRUBICIN,TOP2A
RCI-0879,UTS2R
AG1478,NFKB1
"3,5-DICAFFEOYLQUINIC ACID",APP
SGI-1027,DNMT1
ISOQUINOLINE 17 [PMID: 30122040],KEAP1
TAXOL C,ABCB1
BECLOMETHASONE,AR
ANTIBIOTIC,HRAS
CHEMBL:CHEMBL1317986,HIF1A
SCRIPTAID,HDAC2
BROMOXYNIL,RXRA
TRIFLUOPERAZINE,GLP1R
CHEMBL:CHEMBL107513,GPR35
CHEMBL:CHEMBL324053,HDAC4
CHEMBL:CHEMBL538965,CYP3A4
THALIDOMIDE,NFKB1
AL-37350A,HTR2C
DEQUALINIUM,CYP2D6
TOFACITINIB,EPHB2
FIBRIN SEALANT,NRG1
CCX-354,CCR1
NVP-CLR457,F7
TYRPHOSTIN 25,VDR
LEVOPROPOXYPHENE NAPSYLATE ANHYDROUS,CYP2D6
HESPERADIN,STK33
VALPROIC ACID,HLA-C
RECOMBINANT RANTES,PLAU
TRETINOIN,NR4A1
SULFINPYRAZONE,ALDH1A1
CARBAMAZEPINE,TNFRSF1B
VILAZODONE HYDROCHLORIDE,HTR2A
COMPOUND 18E [PMID: 31670517],EPHB1
SATRALIZUMAB,AQP4
HESPERADIN,INSR
RITUXIMAB,MET
SYK INHIBITOR III,VDR
DOXYLAMINE SUCCINATE,HRH1
GNF362,CSN2
REGORAFENIB,PTEN
CHEMBL:CHEMBL1315166,KCNH2
COHUMULONE,BMPR2
GEMCITABINE,PIK3CA
CHEMBL:CHEMBL1317986,CYP2C19
ZAPA,HSD17B10
FLUMETHASONE PIVALATE,NFE2L2
DAUNORUBICIN LIPOSOMAL,ABCA1
TELENZEPINE,CYP2C19
ARTEMETHER,CYP2B6
CHEMBL:CHEMBL74852,ATM
COMPOUND 9 [PMID: 23472952],ABCC2
HDAC INHIBITOR REC-2282,KMT2D
OCHRATOXIN A,NFKB1
METFORMIN,PTEN
RECOMBINANT INTERLEUKIN-8,GYPA
SENAPARIB,PARP1
IXABEPILONE,TUBB4B
SERABELISIB,F5
CHEMBL:CHEMBL1339206,GFER
SUNITINIB,DPT
MITOGLITAZONE,PPARG
PINDOLOL,ABO
ANTISENSE OLIGONUCLEOTIDES,MAT1A
RG-1530,ACVR1
CHEMBL:CHEMBL423081,AR
ERIBULIN MESYLATE,PGR
METFORMIN,STK11
BELIZATINIB,EPHX2
LAPATINIB,HLA-DRB1
GUANABENZ ACETATE,ADRA2B
AG-13958,KDR
CIRAZOLINE,CYP2D6
[35S]TBPS,ARRB2
PROGESTERONE,MAPK1
CURCUMIN,NOS2
HYDROCHLOROTHIAZIDE,PRKAG2
EMETINE HYDROCHLORIDE,AR
AMIKACIN,B2M
ANTISENSE OLIGONUCLEOTIDES,HRAS
TOLTERODINE,AANAT
ANTIBIOTIC,SDHB
CHEMBL:CHEMBL1420181,SMN1
CHEMBL:CHEMBL533388,NFE2L2
HESPERADIN,FLT3
RG-7652,PCSK9
EPINEPHRINE,NFE2L2
CHOLECALCIFEROL,AR
QUINACRINE,G6PD
GABAPENTIN,CACNA1E
SX-682,CXCR1
PEGPLERANIB SODIUM,FLT1
PINDOLOL,ACAA1
DIDS,TSPO
ALITRETINOIN,CCR2
(+)-UH232,ALDH1A1
TREPROSTINIL,APOC1
RALOXIFENE HYDROCHLORIDE,PTGS2
DAZOMET,NFE2L2
FELBAMATE,CYP1A2
TRYPTAMINE,A2M
LAS38096,ABCA1
ONO-AE3-237,APOB
SUMATRIPTAN,GNB3
VENETOCLAX,PTEN
METHIMAZOLE,JUN
CAMPTOTHECIN,MGMT
"NITROFURANTOIN, MACROCRYSTALS",XDH
RITUXIMAB,HGF
LEVOCABASTINE HYDROCHLORIDE,HRH1
ACETOPHENAZINE MALEATE,DRD2
TRIFLUPROMAZINE HYDROCHLORIDE,DRD2
MECLOFENAMATE SODIUM,ALOX5
DIBUCAINE HYDROCHLORIDE,SCN5A
MOLINDONE,HTR2A
HALOPERIDOL LACTATE,HTR2A
SUFENTANIL CITRATE,OPRM1
LEVORPHANOL TARTRATE,OPRM1
DONEPEZIL HYDROCHLORIDE,ACHE
BUTORPHANOL TARTRATE,OPRM1
PREDNISOLONE ACETATE,NR3C1
URSODIOL,NR1H4
SELEGILINE HYDROCHLORIDE,MAOB
MINOXIDIL,KCNJ11
PHENOXYBENZAMINE HYDROCHLORIDE,ADRA1D
NIFEDIPINE,CACNA1C
AMLODIPINE MALEATE,CACNA1D
INDACATEROL MALEATE,ADRB2
EUROPIUM-LABELLED INSL3,APPL1
DOCOSANOL,PPP1R3B
COLLAGENASE CLOSTRIDIUM HISTOLYTICUM-AAES,COL6A2
COLLAGENASE CLOSTRIDIUM HISTOLYTICUM-AAES,COL18A1
CHEMBL:CHEMBL584235,KCNH2
METFORMIN HYDROCHLORIDE,NDUFB6
PROPARGITE,NFE2L2
METFORMIN HYDROCHLORIDE,NDUFAB1
ACITRETIN,RXRB
BUPARLISIB HYDROCHLORIDE,PIK3R1
TIGECYCLINE,RPSA
PEGINTERFERON ALFA-2B,IFNAR1
ACETAMINOPHEN,FAAH
ACARBOSE,LPL
BMS-779788,NR1H2
ILX23-7553,VDR
ANTIESTROGEN,NOS1
AG-24322,CDK2
UTOMILUMAB,TNFRSF9
NV-128,NDUFB6
PF-03715455,MAPK14
LY-2811376,BACE1
TA-5493,MAPK14
NKTR-171,SCN5A
AG-13958,FLT4
DELGOCITINIB,EPHB2
INFIGRATINIB,FGFR4
GSK163090,SLC6A4
GSK163090,HTR1A
RISOVALISIB,PTEN
LADARIXIN,CXCR1
SEMAXANIB,KIT
INDIBULIN,TUBB4B
TOSEDOSTAT,LNPEP
ETANERCEPT-SZZS,HLA-DRB1
OPROZOMIB,PSMB9
VINFLUNINE,TUBB4A
ARBACLOFEN PLACARBIL,GABBR1
VERUBULIN,TUBB4B
BEGACESTAT,PSEN2
VOGLIBOSE,GAA
VOGLIBOSE,SI
HEXYLRESORCINOL,AR
CAL,PTHLH
AZ9773,TNF
CELIPROLOL,ADRB1
CYPROTERONE ACETATE,PGR
DUTETRABENAZINE,SLC18A2
PF-03732010,CDH3
BMS-986158,BRD2
CD24FC,HMGB1
ONASEMNOGENE ABEPARVOVEC-XIOI,SMN2
TAZEMETOSTAT HYDROBROMIDE,EZH2
CD24FC,HSPA1A
SELPERCATINIB,KIF5B
TELISOTUZUMAB VEDOTIN,TUBB3
ROZANOLIXIZUMAB,FCGRT
TAS-117,AKT1
PERZINFOTEL,GRIN2B
EXALUREN,RPL36A
LANIFIBRANOR,PPARA
SUTEZOLID,RPSA
APL-501,PDCD1
LAROTAXEL,TUBB4B
TUSAMITAMAB RAVTANSINE,TUBB4A
TAS0612,RPS6KA1
TAS0612,RPS6KA3
ANG1005,LRP1
CONTELTINIB,IGF1R
KBP5209,ERBB2
PINATUZUMAB VEDOTIN,TUBB4A
EDASALONEXENT,RELA
AMCENESTRANT,ESR1
EPCORITAMAB,MS4A1
EPCORITAMAB,CD3E
VB-201,CD14
THERAPEUTIC ANDROGEN,NTRK1
BRIVOLIGIDE,EGR1
CLOMIPRAMINE,CYP2B6
BATIRAXCEPT,GAS6
TALETRECTINIB,NTRK3
SOBLIDOTIN,TUBB4B
CALCIMYCIN,DRD1
2-[(FORMYL-HYDROXY-AMINO)-METHYL]-HEPTANOIC ACID [1-(2-HYDROXYMETHYL-PYRROLIDINE-1-CARBONYL)-2-METHYL-PROPYL]-AMIDE,NFE2L2
CHEMBL:CHEMBL1270169,MAPK1
CHEMBL:CHEMBL600313,NFE2L2
LABETALOL,CYP3A4
CHEMBL:CHEMBL1270168,GLP1R
CHEMBL:CHEMBL339587,GAA
ALTISSIMACOUMARIN F,SIRT1
CHEMBL:CHEMBL604321,ATXN2
COCHINCHINENIN C,ALB
RIGOSERTIB,PIK3CG
MEDRYSONE,NFE2L2
CHEMBL:CHEMBL2332783,HSPB1
PROCHLORPERAZINE,TP53
CHEMBL:CHEMBL596839,NPC1
LANSOPRAZOLE,IL1B
CHOLECALCIFEROL,ALOX15
PROPANIL,AR
CHEMBL:CHEMBL12658,BRCA1
CHEMBL:CHEMBL584635,SMAD3
AZD9567,BDNF
"9,10-PHENANTHRENEQUINONE",NCOR2
PF-562271,SIK2
"N-DOCOSATETRA-7,10,13,16-ENOYLETHANOLAMINE",VDR
CHEMBL:CHEMBL1601846,CASP7
CAULIBUGULONE D,TP53
CHLOROACETIC ACID,NFE2L2
RG-1530,INSR
SNC80,CYP2D6
CHEMBL:CHEMBL151797,ALDH1A1
CHEMBL:CHEMBL1269845,ALDH1A1
CHEMBL:CHEMBL502774,SMN1
QUERCETIN,HSF1
FISETIN,HSD17B10
LOVASTATIN,AKT1
PROPANIL,CYP3A4
CHEMBL:CHEMBL1797712,CREBBP
TRACAZOLATE,CYP2D6
CHALCONE,VDR
DASATINIB ANHYDROUS,ERBB2
RS-17053,CYP3A4
CHEMBL:CHEMBL1593717,CYP2D6
IDARUBICIN,THRB
CHEMBL:CHEMBL530733,CYP1A2
CHEMBL:CHEMBL1606,ATXN2
CANTHARIDIC_ACID,ATXN2
STANOZOLOL,NFE2L2
PLUMBAGIN,MAPK1
SULFADOXINE,CYP2D6
COUMAPHOS,CYP3A4
CHEMBL:CHEMBL602969,MPI
SERTINDOLE,AR
CHEMBL:CHEMBL589922,KCNH2
TANGERETIN,ABCB1
RESACTIN A,NFE2L2
2-APB,CYP1A2
CHEMBL:CHEMBL463783,SMAD3
NAFTOPIDIL,ADRA1A
SNS-314,KIT
(-)-STEPHOLIDINE,DRD2
TRIM,CYP1A2
CHEMBL:CHEMBL1417470,GNAS
LAMOTRIGINE,CYP2D6
FEBUXOSTAT,AR
EPINEPHRINE,VDR
4-METHYLBENZOIC ACID METHYL ESTER,ESR1
DEXAMETHASONE,CYP1A2
BUTAPROST (FREE ACID FORM),APOC4
CLONIDINE HYDROCHLORIDE,CYP2C19
METHYLTESTOSTERONE,ESR1
PROCHLORPERAZINE,CYP2D6
OXIDOPAMINE,VDR
AMITRIPTYLINE HYDROCHLORIDE,GNAS
CHEMBL:CHEMBL476501,CYP1A2
4-METHYLTHIOAMPHETAMINE,SLC6A4
ACEQUINOCYL,TP53
CHEMBL:CHEMBL269881,MAPK3
DIMETHYL FUMARATE,NFE2L2
CHEMBL:CHEMBL590706,NOD2
CHEMBL:CHEMBL1255647,FASN
(S)-PINACIDIL,CYP1A2
FRAXETIN,HSD17B10
ACRIDONE,GAA
DAMNACANTHAL,ALDH1A1
LORECLEZOLE,CYP1A2
CLOBENPROPIT,CYP1A2
DASATINIB ANHYDROUS,SYK
CHEMBL:CHEMBL476025,PIM1
ILORASERTIB,ROCK1
CONICASTEROL B,NR1I2
CHEMBL:CHEMBL294747,CYP2C19
CAULIBUGULONE B,CYP3A4
RITONAVIR,VDR
JP1302,KCNH2
CHEMBL:CHEMBL68534,ALOX15
ARBACLOFEN,CYP2C19
13-CIS-RETINAL,ESR1
CLOXYQUIN,SMAD3
DOXEPIN HYDROCHLORIDE,CYP1A2
TETRANDRINE,ATXN2
CHEMBL:CHEMBL401565,NFKBIA
PROCHLORPERAZINE,CYP3A4
CHEMBL:CHEMBL408422,ABCB1
TERAZOSIN,CYP2D6
CHEMBL:CHEMBL578515,GLP1R
ILORASERTIB,PKN2
CALCIMYCIN,ATXN2
CLOMIPRAMINE,TP53
SULFURIC ACID,HMGB1
CITROPTEN,CYP3A4
CLOXYQUIN,PPARD
GARLIC,NAT2
CHEMBL:CHEMBL599013,DNMT1
TORMENTIC ACID METHYL ESTER,HSD11B1
LOBARIC ACID,PTPN1
3-HYDROXYANTHRANILIC ACID,CASP6
NORGESTREL,AR
ZM336372,TP53
HESPERADIN,MAPK8
CILOSTAZOL,CYP2C19
BENZYLACETONE,ALDH1A1
LINOPIRDINE,CYP2C9
CHEMBL:CHEMBL421215,CYP2C19
TH0318,GLP1R
RETINYLRETINOATE,JUN
A77636,TP53
INDOXACARB,AR
"1,10-PHENANTHROLINE",RORC
ROXINDOLE,CYP1A2
DALAZATIDE,KCNA3
ILORASERTIB,FGFR1
CHLORDIAZEPOXIDE,AR
BMS-564929,AR
METHYLEUGENOL,NFE2L2
RALOXIFENE HYDROCHLORIDE,CYP1A2
XANTHOHUMOL,MAPK14
GENTAMICIN,CYP2C19
ESTRADIOL VALERATE,CYP3A4
CHEMBL:CHEMBL1456848,NOD2
ILORASERTIB,PRKAA1
RT3,VDR
SN-38,HDAC2
SN-38,HDAC9
3-METHYLCHOLANTHRENE,AHR
"5,7-DIHYDROXY-4-METHYLCOUMARIN",TNF
CHEMBL:CHEMBL1873045,SMAD3
ROBUSTIC ACID,TP53
TRICLOFENOL,RORC
ROBOTNIKININ,SHH
IODOFORM,NFE2L2
PROCHLORPERAZINE,ATXN2
CHEMBL:CHEMBL587849,CYP2C9
CHEMBL:CHEMBL1456848,GNAS
CHEMBL:CHEMBL471005,ALDH1A1
[125I]C3A (HUMAN),ACACA
LAPACHONE,NFKB1
REDIOCIDE A,GCGR
DIDECYLDIMETHYLAMMONIUM CHLORIDE,AR
FTI 276,VDR
FELBAMATE,CYP3A4
CHEMBL:CHEMBL453818,TUBB4A
FRAXIDIN METHYL ETHER,HSD17B10
ZM336372,CYP1A2
NAPHTHOQUINONE,MAOB
TOZASERTIB,LCK
M-CHLOROPHENYLPIPERAZINE,CYP1A2
ISOFENPHOS,AR
DICHLOROPHEN,ALOX15
STIROFOS,AR
PLUMBAGIN,ALDH1A1
GLYBURIDE,SLC2A4
DIHYDROGAMBOGIC ACID,ALOX15
CHEMBL:CHEMBL1320453,NPC1
CIMETIDINE,CYP2D6
PIRINIXIC ACID,CYP3A4
ARACHIDONYL TRIFLUOROMETHYL KETONE,VDR
THIRAM,GAPDH
DIENOCHLOR,THRB
CHEMBL:CHEMBL1329326,CYP2D6
CHEMBL:CHEMBL297304,THRB
AFIMOXIFENE,ATXN2
CHEMBL:CHEMBL539954,AR
APRAMIDE A,F2
PESUDOGINSENOSIDE RP1 METHYL ESTER,MAPK1
ELLAGIC ACID,VDR
[3H]GBR12935,TP53
ENTRECTINIB,BLK
CHEMBL:CHEMBL587849,CYP3A4
QUETIAPINE FUMARATE,DRD3
PSORALEN,CYP2C19
INGENOL MEBUTATE,PRKCI
ROTENONE,PPARG
PHENETHYLISOTHIOCYANATE,TRPV1
MEPINDOLOL,ADRB2
CHEMBL:CHEMBL578504,NFE2L2
OBTUSAQUINONE,VDR
R-1487,MAP4K4
CHEMBL:CHEMBL591618,TP53
AG1478,MAPK1
FISETIN,ALOX15
CHEMBL:CHEMBL598663,ALOX15
TRETINOIN,VDR
LAPACHOL,SMN2
LAPACHOL,SMN1
AMILORIDE,HSD17B10
AMCINONIDE,HIF1A
ANACARDIC ACID,KAT2B
CHEMBL:CHEMBL471226,CYP2C9
ILORASERTIB,EGFR
CLOXYQUIN,PTPN22
TAMATINIB,NTRK2
CHLORMETHIAZOLE,CYP1A2
CHEMBL:CHEMBL528316,AR
SPIRADOLINE,AR
PAPAVERINE HYDROCHLORIDE,CYP3A4
PHENOTHIAZINE,NFE2L2
RG-1530,MAPK14
SAPPANONE A DIMETHYL ETHER,ALDH1A1
CHEMBL:CHEMBL1915783,FAAH
OXYQUINOLINE SULFATE,NFE2L2
DEOXYVASICINONE,CYP1A2
CHEMBL:CHEMBL602969,THRB
CHEMBL:CHEMBL316796,ALDH1A1
CLOFIBRATE,CYP2C19
INDOPROFEN,NFKB1
CYCLANDELATE,AR
CHEMBL:CHEMBL239439,CYP1A2
SALMETEROL XINAFOATE,KCNH2
AURINTRICARBOXYLIC ACID,ALOX15
PIRINIXIC ACID,CYP2D6
SB 204741,CYP1A2
CHEMBL:CHEMBL239439,ALDH1A1
CHEMBL:CHEMBL528712,ATXN2
BERKELEYACETAL B,MMP3
OLVANIL,CYP3A4
NEPAPRAZOLE,NFE2L2
13-CIS-RETINAL,NFE2L2
CARBOQUONE,AR
CHEMBL:CHEMBL580340,MAPK1
ELIPRODIL,CYP3A4
"6,4'-DIMETHOXYFLAVONE",SMN2
"6,4'-DIMETHOXYFLAVONE",SMN1
VITAMIN A,ESR1
ZK159222,VDR
LINEZOLID,CYP1A2
PYRITHIONE ZINC,AR
NITRALIN,AR
LOVASTATIN,RORC
RG-1530,BLK
MIDAZOLAM HYDROCHLORIDE,CREBBP
CLOPIDOGREL,CYP2D6
BENSULIDE,PPARG
SNS-314,MET
PICEATANNOL,GFER
ISOBERGAPTENE,CYP3A4
TRIBROMSALAN,PPARD
CHEMBL:CHEMBL592118,GLP1R
PERHEXILINE,CYP3A4
CHEMBL:CHEMBL475908,SMN2
CHEMBL:CHEMBL536599,NFE2L2
QUERCETIN,ALOX15
CHEMBL:CHEMBL591618,SMAD3
DESOXIMETASONE,AR
HESPERADIN,TYK2
CHEMBL:CHEMBL1574420,SMN1
CHEMBL:CHEMBL609628,KCNH2
CHEMBL:CHEMBL580819,ATXN2
ALAZANINE,VDR
NITAZOXANIDE,CYP3A4
CHEMBL:CHEMBL41680,CYP1A2
GAMBOGENIC ACID,TXN
DIBENZOYLMETHANE,AR
DORAMAPIMOD,MAP4K4
PROGESTERONE,CYP2D6
SNS-314,NTRK3
BYROSTATIN 1,RASGRP1
CLOFLUCARBAN,PPARD
N- (9-FLUORENYLMETHOXYCARBONYL)-L-LEUCINE,ALDH1A1
SULFADOXINE,CYP3A4
MODAFINIL,CYP2C9
AMCINONIDE,AR
HALOFANTRINE HYDROCHLORIDE,CYP2D6
ANETHOLE TRITHIONE,PTPN1
VOLVALERENAL D,MAPK1
DEFEROXAMINE,MMP12
IPSAPIRONE,CYP2C19
ERLOTINIB,FLT1
QUERCETIN,CYP2C19
ETHACRIDINE LACTATE,HSD17B10
CHEMBL:CHEMBL171699,SMAD3
CHEMBL:CHEMBL1255944,SMAD3
CINOBUFOTALIN,NFE2L2
GENTAMICIN,CYP2C9
CHEMBL:CHEMBL1946449,AR
ADAVOSERTIB,JAK2
2-IODOACETAMIDE,ALOX15
PIFEXOLE,NPC1
CHEMBL:CHEMBL548469,KCNH2
SCRIPTAID,HDAC5
CHEMBL:CHEMBL548540,ALDH1A1
(R)-IBUPROPHEN,PTGS2
PYRITHIONE ZINC,VDR
CHEMBL:CHEMBL85194,CYP1A2
CONICASTEROL B,NR1H4
NELFINAVIR MESYLATE,CYP3A4
CHEMBL:CHEMBL42355,NFE2L2
IRINOTECAN HYDROCHLORIDE,HSD17B10
TAMATINIB,LCK
FLUPIRTINE MALEATE,KCNH2
SAPPANONE A DIMETHYL ETHER,CYP3A4
PROGESTERONE,CYP3A4
CHEMBL:CHEMBL1498652,ALDH1A1
HARMALOL,BRCA1
SULFINPYRAZONE,VDR
CHEMBL:CHEMBL1630084,ENPP2
PROTOPORPHYRIN DISODIUM,WRN
VER-3323,CYP2D6
RALOXIFENE HYDROCHLORIDE,PPARG
DICLOFENAC SODIUM,CYP2D6
MONOBENZONE,CYP1A2
AMPEROZIDE HYDROCHLORIDE,KCNH2
SNS-314,PRKCD
PYROGALLOL,HSD17B10
DASATINIB ANHYDROUS,AR
TERAZOSIN,CYP2C9
A68930,CYP2C19
CHEMBL:CHEMBL583578,SMN2
SORAFENIB,AXL
ISOFLUPREDONE ACETATE,AR
BENZPIPERYLON,GLP1R
BEMESETRON,KCNH2
2-NITROANISOLE,ALDH1A1
QUERCETIN,CYP1A2
BENZO[DEF]CHRYSENE,AHR
DOXEPIN HYDROCHLORIDE,ALDH1A1
CHEMBL:CHEMBL303124,ADORA1
[18F]FLUORORASAGILINE,MAOB
PROADIFEN,CYP3A4
DEXPROPRANOLOL,CYP2C9
ESOMEPRAZOLE SODIUM,CYP2C19
ELTROMBOPAG,F5
FLUVOXAMINE,CYP2D6
PEGINTERFERON ALFA-2B,IFNL3
TRAMADOL,CYP2D6
ALK/TRK INHIBITOR TSR-011,ALK
BORTEZOMIB,FLT3
IDARUBICIN,FLT3
ALPELISIB,PIK3CD
INDOMETHACIN,ADM
BLEOMYCIN,ADK
GENERIC DRUG,APOA1
PROTEIN SYNTHESIS INHIBITOR,APOA1
CHOLESTYRAMINE RESIN,APOB
RECOMBINANT FLT3 LIGAND,BAX
PROCARBAZINE,BAX
ROFECOXIB,BAX
SULFORAPHANE,BAX
HYPERBARIC OXYGEN,BCL2
MUC-1 ANTIGEN,BCL2
GELDANAMYCIN,CD28
HYDROQUINONE,CD40
GENTAMICIN,CD44
MONOCLONAL ANTIBODY SGN-14,CD40
TERFENADINE,CD86
RECOMBINANT TRANSFORMING GROWTH FACTOR,CDK4
SODIUM SALICYLATE,CDKN1A
ISOPROTERENOL,CSF2
SODIUM SALICYLATE,CSF2
VINORELBINE,CSF2
METHIMAZOLE,CTLA4
ANTIBIOTIC,CXCL10
PROGESTERONE,CTSC
ERLOTINIB,CYP2D6
BORTEZOMIB,E2F1
COUMARIN,F9
CHONDROITIN SULFATES,FCGR3A
FINASTERIDE,FGFR1
NONSTEROIDAL ANTIINFLAMMATORY DRUG,FGF2
RECOMBINANT CYTOKINE,FGR
RECOMBINANT LYMPHOKINE,FGF2
THERAPEUTIC CORTICOSTEROID,FGF2
GELDANAMYCIN,FLT3
DAIDZEIN,FOS
PREDNISOLONE,G6PD
ARGIPRESSIN,GCG
DICLOFENAC SODIUM,GDF15
IPOMEANOL,GGT1
ISOPROTERENOL,GFAP
PROGESTERONE,GFAP
ANTHRACYCLINE ANTINEOPLASTIC ANTIBIOTIC,GYPA
ETHER,GYPA
HYPERBARIC OXYGEN,HIF1A
WORTMANNIN,HGF
BACILLUS CALMETTE-GUERIN ANTIGEN,HLA-B
ANTHRACYCLINE ANTINEOPLASTIC ANTIBIOTIC,HRAS
HEPATITIS B VACCINE,HP
SODIUM SALICYLATE,HSPA4
CYCLOPHOSPHAMIDE ANHYDROUS,IFNG
DOXIFLURIDINE,IFNG
RALOXIFENE HYDROCHLORIDE,IGF1R
MESALAMINE,IL10
NIMUSTINE,IL1B
PROGESTERONE,IL2RA
ANTIDEPRESSANT AGENT,CXCL8
RECOMBINANT CYTOKINE,CXCL8
BACILLUS CALMETTE-GUERIN ANTIGEN,MAPK8
ARGIPRESSIN,MAPK8
NIMUSTINE,MGMT
ANTIOXIDANT,MGMT
LORATADINE,MPO
PYRAZINAMIDE,MPO
WORTMANNIN,MYO9B
ASCORBIC ACID,NFE2L2
CARVEDILOL,NOS1
BACILLUS CALMETTE-GUERIN ANTIGEN,NOS1
GINKGO BILOBA EXTRACT,NOS1
"ESTROGENS, CONJUGATED (USP)",NOS2
ANTISENSE OLIGONUCLEOTIDES,NR4A3
CYCLOPHOSPHAMIDE ANHYDROUS,NTF3
CHEMOPREVENTIVE AGENT,PIK3CB
OCTREOTIDE ACETATE,PIK3CG
COUMARIN,PLG
TRETINOIN,SLC2A1
URIDINE,SLC29A1
NALTREXONE,TAC1
FUROSEMIDE,TAC1
TRETINOIN,TBP
ISOTRETINOIN,TGFB1
ANTISENSE OLIGONUCLEOTIDES,TGFB1
KEYHOLE LIMPET HEMOCYANIN,TGFB1
LACTULOSE,TNF
HYDROQUINONE,TOP2A
CYCLOPHOSPHAMIDE ANHYDROUS,TNFRSF1A
ANTIOXIDANT,VDR
VALSPODAR,VDR
SELECTIVE CYTOKINE INHIBITORY DRUG CC-1088,VEGFA
BENZENE,NQO1
HYDROCHLOROTHIAZIDE,REN
SPARTEINE,CYP2D6
VORICONAZOLE,ABCC2
OLANZAPINE,ADRB3
TRABECTEDIN,ABCC2
ELTROMBOPAG,UGT1A1
ADEFOVIR DIPIVOXIL,ABCC4
DOXORUBICIN HYDROCHLORIDE,ABCC4
CYPROTERONE,NR1I2
VALPROIC ACID,LEPR
DOCETAXEL ANHYDROUS,NR1I2
GLYBURIDE,NR1I2
DOXORUBICIN HYDROCHLORIDE,NR1I2
ARTEMISININ,NR1I2
ETONOGESTREL,NR1I2
TROGLITAZONE,NR1I2
HYDROMORPHONE HYDROCHLORIDE,CYP2C9
PRIMIDONE,CYP2C9
ARSENIC TRIOXIDE,MT1A
MITOMYCIN,ABCB1
FLUVASTATIN,ABCG2
CERIVASTATIN,RYR2
CERIVASTATIN,SLCO1B1
CLARITHROMYCIN,CYP3A4
CABAZITAXEL,CYP3A4
CLARITHROMYCIN,CYP3A5
RASAGILINE,SLC22A1
METHACHOLINE CHLORIDE,RUNX1
CANNABIDIOL,AOC1
RASAGILINE,DRD2
MONOAMINE OXIDASE INHIBITOR,AKT1
ERLOTINIB,ERBB4
ERLOTINIB,CYP1A2
ERLOTINIB,CYP3A4
ERLOTINIB,MAP3K1
ERLOTINIB,CYP3A5
ERLOTINIB,NUP62
TORSEMIDE,ACE
CYSTEAMINE HYDROCHLORIDE,CFTR
LEVOTHYROXINE,NOX3
DOXORUBICIN HYDROCHLORIDE,ABCB11
THIOGUANINE,XDH
VALPROIC ACID,XBP1
OLANZAPINE,SH2B1
PITAVASTATIN,CYP3A4
ARTEMETHER,CYP3A4
MIFEPRISTONE,CYP3A4
HYDROMORPHONE HYDROCHLORIDE,CYP3A4
OXAZEPAM,CYP3A4
SEVOFLURANE,CYP3A4
SORAFENIB,CYP3A4
HYDRALAZINE / ISOSORBIDE DINITRATE,GNB3
DRUGSATFDA.NDA:021717,G6PD
CHEMBL:CHEMBL459729,FGFR1
SORAFENIB,MAPK8
PENICILLIN G POTASSIUM,HLA-B
MONTELUKAST SODIUM,LTC4S
MONTELUKAST SODIUM,CYP3A5
CAPECITABINE,CES1
CAPECITABINE,ZMIZ1
CAPECITABINE,MAN1A1
CAPECITABINE,PPARD
SUMATRIPTAN,OPRM1
FLUVASTATIN,HLA-DRB1
TREMELIMUMAB,CD274
RANIBIZUMAB,CXCL8
ANHYDROUS TACROLIMUS,IL2
GEMCITABINE,CYP2C8
ANTIHYPERTENSIVE AGENT,NOS3
ANTIHYPERTENSIVE AGENT,PTPRD
DOXORUBICIN HYDROCHLORIDE,G6PD
THIOGUANINE,DOK5
CYCLOSERINE,AKR1A1
GEMCITABINE,UBASH3B
DAUNORUBICIN LIPOSOMAL,PNPLA3
MONOAMINE OXIDASE INHIBITOR,COMT
DAUNORUBICIN LIPOSOMAL,SOD2
MONOAMINE OXIDASE INHIBITOR,SLC6A4
DOXORUBICIN HYDROCHLORIDE,CBR1
GRANISETRON,NOS1AP
THIOGUANINE,UGT1A1
EFAVIRENZ,UGT1A1
INTERFERON ALFA-2B,FTO
DOCETAXEL ANHYDROUS,ERBB3
C-MET INHIBITOR MK2461,MET
S-3304,MMP9
TSP-1 MIMETIC FUSION PROTEIN CVX-045,THBS1
AUTOLOGOUS PROSTATE CANCER ANTIGEN-EXPRESSING DENDRITIC CELL VACCINE BPX-101,CD40
CHF 4227,ESR1
DENENICOKIN,IL21R
DERSALAZINE,TNF
ETAZOLATE,PDE4A
GLUFOSFAMIDE,SLC2A5
GSI-136,PSEN2
HUMANIZED SMART ANTI-IL-12 ANTIBODY,IL12B
INCB3284,CCR2
CYC-116,PRKD2
BISEGLIPTIN,DPP4
PACLITAXEL,TOP2A
ENOXAPARIN SODIUM,F2
THALIDOMIDE,PTGS2
TST10088,MMP9
WX-554,MAP2K3
WX-UK1,PLAU
ELACESTRANT,ERBB2
TOPICAL POTASSIUM DOBESILATE,FGFR1
ATACIGUAT,NPR1
IZENCITINIB,PTK2B
UPADACITINIB,PTK2B
PEFICITINIB,PTK2B
GOLOTIMOD,STAT3
JNJ-26483327,LCK
IL-21,IL21
INOSINE 5'-MONOPHOSPHATE DEHYDROGENASE INHIBITOR FF-10501-01,CTLA4
DISITERTIDE,TGFB1
ISOFLUROPHATE,ACHE
GALLOPAMIL,ACE
ACITRETIN,STAT3
ANTI-THYMOCYTE GLOBULIN,CD1A
GSK-264220A,LIPG
GUAIACOL,CA2
ACETAMINOPHEN,SLC6A4
PAZOPANIB HYDROCHLORIDE,KIT
KW-2478,HSP90AA1
NEMORUBICIN,TOP2A
CLOTIAZEPAM,TSPO
RISLENEMDAZ,GRIN2B
AUNP-12,PDCD1
CLOBETASOL,PLA2G1B
MOXONIDINE,ADRA2B
STAUROSPORINE,IKBKB
IBUTILIDE,CALCA
VIDARABINE,ADORA2B
TIFENAZOXIDE,ABCC8
BAY-1082439,PIK3CB
ANTI-MET/EGFR MONOCLONAL ANTIBODY LY3164530,EGFR
ALVESPIMYCIN HYDROCHLORIDE,HSP90AA1
SELICRELUMAB,CD40LG
VIDUTOLIMOD,TLR9
GR79236,ABCA1
CHS-828,NAMPT
GSK2981278,RORC
HIRUDIN,F2
HARMINE HYDROCHLORIDE,NFE2L2
[3H]N-METHYL-AZ10419369,A2M
PERGOLIDE,A2M
ASTEMIZOLE,CYP2D6
YM348,HTR2C
S 16924,HTR2C
LISURIDE,HTR2C
ERGOTAMINE,NAT2
CYAMEMAZINE,SERPINA3
SRIF-28,SSTR1
ABT702,CCR2
THIOINOSINE,HBB
COMPOUND 12C [PMID: 16516466],DES
NOTCH SIGNALING PATHWAY INHIBITOR MK0752,NOTCH1
FOSINOPRIL,DAPK3
IMIDAPRIL,DAPK3
PRACINOSTAT,HDAC2
PSB-10,ABCA1
PRACTOLOL,ABO
CL316243,ACAA1
ZALOSPIRONE,HTR1A
CALINDOL,ACP5
ONTERNABEZ,CNR2
HU-210,CNR2
GV150013,CCKBR
[3H]SUMATRIPTAN,A2M
AM-630,CNR2
FLU-CCL3,ACTA1
AH10-7,GYS1
EPCORITAMAB,GATM
ROXINDOLE,ALDH1A1
NPPB,TSPO
ONATASERTIB,DPYD
GW406381,CPT1B
PEPTIDE 30 [PMID: 27019010],CPT1B
ADRENOMEDULLIN 2/INTERMEDIN,ACHE
CT-(8-32) (SALMON),ACHE
FLUFENAMIC ACID,C3
ABX-1431,MAPK14
FLUFENAMIC ACID,C5AR1
OCTANOL,C5AR1
AMG-337,COX6A1
TRANYLCYPROMINE,CP
"(2S,4S)-KETOCONAZOLE",CYP7A1
C-MET INHIBITOR AMG 337,MET
ZK118182,APOB
ECOPIPAM HYDROCHLORIDE,ALCAM
FLUPENTHIXOL,ALCAM
PERGOLIDE,ALCAM
HALOPERIDOL DECANOATE,ALCAM
MESORIDAZINE,ALCAM
A412997,ALDH2
PERGOLIDE,ALDH2
PANITUMUMAB,DXO
COMPOUND 1 [PMID: 20080612],APOC1
MRE-269,APOC1
IBRUTINIB,EPHX2
COMPOUND 9 [PMID: 26006010],ERBB4
AMG-780,ANGPT1
DAIDZEIN,BDKRB2
AFIMOXIFENE,BDKRB2
DIETHYLSTILBESTROL,BDKRB1
BMS-193884,ALDH1B1
CHEMBL:CHEMBL117217,MAP4K2
[35S]TBPS,ARNT
HM01,ALOX15
LONIDAMINE,NFE2L2
LY404187,ASS1
ALSTERPAULLONE,SLC29A1
1-AZAKENPAULLONE,SLC29A1
ML193,ADCY3
LEI-401,CRK
IFN-&BETA;,DHODH
CA2+,ITPR1
THEAFLAVIN-3′-O-GALLATE,BRCA2
CISPLATIN,CLCN6
JAK3 INHIBITOR 32,EPHB1
COMPOUND 19A [PMID: 24359159],EPHB1
GDC-0214,EPHB1
BMS-911543,EPHB1
OCLACITINIB,EPHB1
BIIB068,EPHB2
COMPOUND 13AC [PMID: 33256400],EPHB2
ORANTINIB,DRD2
RESENCATINIB,DRD2
HENATINIB,DPT
MOZAVAPTAN,AVPR1A
MK-499,BAAT
SWE101,CPT1B
VPC32183,BIN1
COMPOUND 15A [PMID: 32069401],ETFB
ONATASERTIB,ETFB
XL388,ETFB
"COMPOUND 16D [TAO ET AL., 2009]",ERCC4
RS 39066,MMP7
ALVIMOPAN ANHYDROUS,APOF
AT-076,APOF
EG01377,GYS2
SHA 68R,ANXA2
FRAX597,EXT3
UDP-&BETA;-S,AIRE
COMPOUND 2Q [PMID: 30986068],F7
ECF309,F7
CALMODULIN,COL8A1
UZANSERTIB,F11
LEUCETTINE L41,F9
UZANSERTIB,F9
TRIAZINE COMPOUND PC10,APOA2
TOCERANIB,DPP4
COMPOUND 69 [PMID: 19136975],PLD1
MT47-100,CYP1A2
NIK SMI1,CTF1
RIPK2 INHIBITOR 8,RIPK2
CCG-4986,GP1BA
RO 40-6055,BCHE
MINIMISED RELAXIN-3 ANALOGUE 3,APRT
R3/I5- SMBIT,APRT
IRBESARTAN,CD40LG
SARACATINIB,MS4A2
"L-362,855",FAS
KX2-361,MS4A2
[D-TYR8]CYN 154806,FASLG
ANALOG 30 [PMID:18543899],FASLG
VELDOREOTIDE,AQP1
"L-362,855",AQP1
BIM 23059,AQP2
BIM 23030,AQP2
PRL-2970,AQP2
[D-TYR8]CYN 154806,AQP2
EXAMPLE 15 [WO2015079413],VCAN
CRX-555,TLR4
I-SAP,APOC4
LA3+,ATP2A3
AZ3146,FGFR4
RN1734,TRPV4
COMPOUND 13AC [PMID: 33256400],TYK2
BALOVAPTAN,AQP9
ATOSIBAN,AQP9
ATOSIBAN,AR
[3H]NELIVAPTAN,AR
"D[PEN1,TYR(ME)2]AVP",ABCC6
PICTILISIB,ERBB2
ERIBULIN MESYLATE,CDK2
TYRPHOSTIN AG 1296,FLT3
OSIMERTINIB,ALK
BEVACIZUMAB-AWWB,ALK
VANDETANIB,APC
BINIMETINIB,ATM
AXITINIB,CD274
BEVACIZUMAB-AWWB,CD274
MEK INHIBITOR RO4987655,FGFR1
ERK1/2 INHIBITOR ERAS-007,HRAS
PD173074,HRAS
UPROSERTIB,PIK3CA
GSK126,PIK3CA
BORTEZOMIB,PIK3CA
IPILIMUMAB,TP53
JQ1,TP53
PD166285,TP53
ACALABRUTINIB,TP53
NAPABUCASIN,TP53
PALBOCICLIB,TP53
COMBRETASTATIN A4,TUBB4A
"7-OXOCALLITRISIC ACID, METHYL ESTER",CYP3A4
CHEMBL:CHEMBL26886,ALDH1A1
CHEMBL:CHEMBL1256916,CYP2D6
KUSHENOL A,BACE1
MITOMYCIN,IL1A
XD14,GCLC
CAMPTOTHECIN,CDK4
CHEMBL:CHEMBL1503190,SMAD3
PUQUITINIB,PIK3CG
SANGUINARIUM,ATXN2
TAK-715,FLT4
[3H]RAUWOLSCINE,AOC1
VALPROIC ACID,OTC
LEUPROLIDE ACETATE,CYP2C9
TRADIPITANT,AQP3
DAUNORUBICIN LIPOSOMAL,MTHFR
CALCDPWW,SNCA
OMIPALISIB,PTEN
JNK INHIBITOR VIII,RPS6KB1
BUCILLAMINE,HLA-DQB1
TESTOSTERONE PROPIONATE,CALCA
WJYK50,SMPD1
HIV-TAT,ACTG1
2-ACETYLAMINOFLUORENE,NFE2L2
CLOMIPRAMINE,PPARD
PRALUZATAMAB RAVTANSINE,TUBB3
BINIMETINIB,APC
MILNACIPRAN HYDROCHLORIDE,SLC6A4
CHEMBL:CHEMBL198759,SMN1
BORTEZOMIB,HSPB2
L-21649,KDR
ALLYLESTRENOL,ESR1
CYANOPEPTOLIN S,PRSS1
FERROUS SULFATE,CYP2D6
"HER2 INHIBITOR CP-724,714",ERBB3
MIRIKIZUMAB,IL12B
ASTRAGALIN,P4HB
PROPARGITE,RXRA
POSELTINIB,EFNB2
THERAPEUTIC AUTOLOGOUS LYMPHOCYTES,IFNG
CHEMBL:CHEMBL582715,TP53
"9,10-PHENANTHRENEQUINONE",SMAD3
PEGPLERANIB SODIUM,KDR
METHYLTHIONINIUM CHLORIDE,AR
SORAFENIB,ABCC2
SULFAMIDE,CA1
PROGESTERONE,PTEN
ETHINYL ESTRADIOL,CYP2D6
GLYBURIDE,ESR1
SITRAVATINIB,FLT3
LABETALOL,CYP2D6
TROPISETRON,CYP2D6
COMPSTATIN,C3
RG-1530,MAP4K2
TREPROSTINIL,APOC3
CALCIMYCIN,SMAD3
BROXURIDINE,SERPINE1
CHEMBL:CHEMBL1077603,CYP19A1
CICLOPROLOL,ABO
CEP-2563,PRKCQ
COMBRETASTATIN A4,MAPK1
MEXILETINE HYDROCHLORIDE,SCN5A
CHONDROITIN SULFATES,SPP1
"TRIS(2,3-DIBROMOPROPYL)PHOSPHATE",NFE2L2
CORTICOTROPIN,TGM2
TRAFERMIN,FGFR4
CORYNEBACTERIUM GRANULOSUM P40,IFNA1
OXALIPLATIN,CD274
ATX08-001,PPARG
PASIREOTIDE,FAS
SB 204741,BRCA1
VER-3323,ATXN2
AZD-1480,STAT5A
GS39783,CYP2C19
TST10088,MMP2
ROTENONE,CYP2C19
APITOLISIB,PIK3R3
LANIFIBRANOR,PPARG
BUTONATE,AR
RG-1530,JAK2
BALOVAPTAN,ABCC6
RG-1530,NTRK3
[3H]5-CT,NAT2
DICLOFENAC SODIUM,CPT1B
CHEMBL:CHEMBL528712,TP53
GEMCITABINE,NRAS
PIPAMPERONE,A2M
MELAGATRAN,PLG
GSK-2636771,PIK3C2A
NS1619,CYP2C19
AMSACRINE,DRD1
PROPYLTHIOURACIL,NOX3
BIAFINE CREAM,IL6
THR10CONTULAKIN-G,ANXA6
LOPERAMIDE,TP53
CHEMBL:CHEMBL365617,CDK2
DEXPROPRANOLOL,CYP2D6
TERFENADINE,CXCL8
CHEMBL:CHEMBL582983,SMAD3
METFORMIN HYDROCHLORIDE,GPD2
BRORPHINE,APOF
PF-562271,KDR
CALCIUM CHANNEL BLOCKER,SLC2A4
MEFLOQUINE,ABCA1
MMP13 TRACER  [18F]5J,DCN
CHEMBL:CHEMBL240954,RPS6KA3
RADRETUMAB,FN1
AMPRENAVIR,SLCO1B1
SF1126,PIK3R1
RABEPRAZOLE,TNF
DIFLORASONE DIACETATE,ANXA1
MECHLORETHAMINE,NOS1
SORAFENIB,NTRK1
REMIFENTANIL HYDROCHLORIDE,COMT
RANOLAZINE,ABCB1
CHEMBL:CHEMBL443949,NFE2L2
MUSCLE RELAXANT,AGTR1
TECALCET HYDROCHLORIDE,CASR
AMIFAMPRIDINE PHOSPHATE,KCNB1
AMPEROZIDE HYDROCHLORIDE,AR
PSORALEN,HSD17B10
UBP302,CYP2C19
2-METHOXYESTRADIOL,HIF1A
PATRITUMAB,EGFR
FLUDARABINE,ATM
AZOCYCLOTIN,VDR
DECAVANADATE,ITPR1
IMATINIB,SLC2A4
COCAINE,DRD1
BARICITINIB,EPHB2
ALLYL ISOTHIOCYANATE,PTPN1
"PAROXETINE HYDROCHLORIDE, HEMIHYDRATE",KCNH2
PTC299,VEGFA
BECLOMETHASONE,CYP2D6
[125I]EYF,ANXA1
CAMPTOTHECIN,TGM2
PROPYLTHIOURACIL,CYP1A2
DROXIDOPA,ADRB3
[3H]GASTRIN,CCKBR
VEGFD,DRD3
SUBSTANCE P,AQP3
MIRTAZAPINE,HTR1A
CHEMBL:CHEMBL376616,CASP3
DAIDZEIN,CYP2C9
CYCLIC ADENOSINE MONOPHOSPHATE,DRD1
GESTRINONE,ESR1
CA2+,C3
BILOBALIDE,ASAH1
DS69910557,XIAP
PETROSIOL A,PDGFRB
BASS ANTAGONIST,FASLG
ERUCIN,TRPA1
ACEPROMAZINE,CYP2D6
2-BROMOETHANOL,NFE2L2
ATROPINE SULFATE,CHRM3
TILARGININE,PTH
GLYCYRRHETINIC ACID,SERPINE1
GW1929,HIF1A
ANTISENSE OLIGONUCLEOTIDES,LRP1
VRC-01LS,CD4
COMPOUND 36 [PMID: 21958547],MS4A2
DAUNORUBICIN LIPOSOMAL,HDAC3
ALTEPLASE,ITGA2B
A68930,CYP2C9
TOMUZOTUXIMAB,EGFR
IRINOTECAN HYDROCHLORIDE,GSTP1
STIROFOS,NFE2L2
ENFLURANE,KCNMA1
TY-51469,CMA1
[3H]CPP,GRIN2B
CLOPIDOGREL,CYP1A2
AMSACRINE,CYP2C19
DEQUALINIUM,HIF1A
SIB-1757,NPC1
NINTEDANIB ESYLATE,SLC26A3
VEGF RECEPTOR TYROSINE KINASE INHIBITOR III,DRD2
SERABELISIB,PIK3CB
ILORASERTIB,JAK2
CHEMBL:CHEMBL1684099,GATA4
CHEMBL:CHEMBL139935,GAPDH
ACETYLCYSTEINE,VWF
NIACINAMIDE,SIRT1
PINATUZUMAB VEDOTIN,TUBB3
COLCHICINE,IL18
MINNELIDE,HSPA1A
TALIBEGRON HYDROCHLORIDE,ADRB3
CHLORPROMAZINE,MTHFR
ISOPROPYL ISOTHIOCYANATE,TRPA1
CHEMBL:CHEMBL458855,PTPN1
ONC201,DRD2
INCLACUMAB,SELPLG
CHEMBL:CHEMBL31020,PPARD
PSB-0963,GRB14
CHEMBL:CHEMBL1513392,CYP2D6
PRN1371,FGFR1
LEVOPROPOXYPHENE NAPSYLATE ANHYDROUS,CYP3A4
PREDNISONE,GATA3
CHEMBL:CHEMBL590212,KCNH2
CHEMBL:CHEMBL1436543,SIRT1
HEPTACHLOR,CXCL8
THERAPEUTIC CORTICOSTEROID,SDHB
NOREPINEPHRINE BITARTRATE,ADRB2
OPC-28326,ADRA2B
GEMCITABINE,CBL
SPERMINE,ACP5
TASELISIB,F5
OCLACITINIB,TYK2
AZIDOPINE,CACNA1D
LONDAMOCITINIB,EPHB2
O-ARACHIDONOYL ETHANOLAMINE,ADCY3
[67GA]NODAGA-[TYR3]OCTREOTIDE,FASLG
PREDNISONE,ABCB1
SN-38,HDAC3
TOFACITINIB,STAT5B
"D[PEN1,TYR(ME)2]AVP",AQP9
OLVANIL,CYP2D6
CLOFIBRATE,CYP2D6
BOPINDOLOL,ADRB3
CENISERTIB,IRAK1
GEMFIBROZIL,BCKDHA
PERFOSFAMIDE,TGM2
CHEMBL:CHEMBL580727,GLP1R
JNJ-26483327,ERBB2
ROTENONE,RXRA
CHEMBL:CHEMBL324053,HDAC2
UP3U,AIRE
CONTEZOLID ACEFOSAMIL (PARENT),PLA2G1B
VALERIAN ROOT EXTRACT,CYP3A4
SEPHB4-HSA,EFNB2
CHEMBL:CHEMBL609030,ALDH1A1
ANASTROZOLE,ERBB2
DESIPRAMINE,NEFM
PANITUMUMAB,MET
DAUNORUBICIN HYDROCHLORIDE,TOP2A
ETOPOSIDE PHOSPHATE,TOP2A
TRICHLORMETHIAZIDE,SLC12A3
CINACALCET HYDROCHLORIDE,CASR
IMIPRAMINE PAMOATE,SLC6A4
SAXAGLIPTIN HYDROCHLORIDE,DPP4
INSULIN ZINC SUSP PROMPT PURIFIED PORK,INSR
S6716,UTS2R
DOXYCYCLINE ANHYDROUS,MMP8
ISOPROTERENOL SULFATE,ADRB2
GUANABENZ ACETATE,ADRA2C
OXAPROZIN,PTGS1
PHENTOLAMINE MESYLATE,ADRA1A
VANDETANIB,ERBB4
ACETYLDIGITOXIN,FXYD2
DASATINIB ANHYDROUS,BLK
GABAPENTIN,CACNA1D
PHENACEMIDE,SCN5A
LABETALOL HYDROCHLORIDE,ADRB2
LABETALOL HYDROCHLORIDE,ADRB3
MEPHENTERMINE SULFATE,ADRB1
MEPHENTERMINE SULFATE,ADRB3
NOREPINEPHRINE BITARTRATE,ADRA2C
MEPHENTERMINE SULFATE,ADRB2
PROMAZINE HYDROCHLORIDE,DRD2
MIBEFRADIL DIHYDROCHLORIDE,CACNA1G
GSK-610677,MAPK14
ME-344,NDUFS7
XL-418,AKT2
PHE377,TRPV1
PUQUITINIB,PIK3CB
CEP-2563,PRKCA
CEP-2563,NTRK3
PUQUITINIB,EGFR
CEP-2563,PRKCZ
E-6201,MAP3K1
APITOLISIB,PIK3CD
CISPLATIN,KRT20
MODIMELANOTIDE,MC3R
PSEUDOEPHEDRINE,ADRA1A
AMA0076,ROCK1
MIBAMPATOR,GRIA4
SEMAXANIB,KDR
CUDRAFLAVONE B,RELA
DEXAMETHASONE,FABP1
ATEZOLIZUMAB,STK11
ABBV-257,TNF
PATECLIZUMAB,LTA
FLAVOXATE HYDROCHLORIDE,PDE4A
L19SIP 131I,FN1
NAVEGLITAZAR,PPARA
SCH-708980,IL10
DEXFENFLURAMINE HYDROCHLORIDE,HTR1A
DILEVALOL HYDROCHLORIDE,ADRB1
FENCLOFENAC,PTGS1
NITREFAZOLE,ADH7
TERODILINE HYDROCHLORIDE,CACNA1G
TERODILINE HYDROCHLORIDE,CACNB3
CDP-484,IL1B
HUPAM4,MUC1
AMIFAMPRIDINE PHOSPHATE,KCNH2
B-RAF/VEGFR-2 INHIBITOR RAF265,NRAS
BELANTAMAB MAFODOTIN-BLMF,TUBB4B
BELANTAMAB MAFODOTIN-BLMF,TUBB3
MANIDIPINE,CACNA1C
ABT-751,TUBB4B
GSK-256066,PDE4D
ENALAPRIL MALEATE,PDE5A
DESIPRAMINE,HTR1A
SGS-742,GABBR1
BIIB021,HSP90AA1
GSK-1292263,GPR119
MK-4280,LAG3
LACUTAMAB,KIR3DL2
SORBINIL,AKR1B1
PABINAFUSP ALFA,TFRC
ZIPALERTINIB,EGFR
TAFOLECIMAB,PCSK9
COFORMYCIN,ADA
AEE788,KDR
TIRZEPATIDE,GIPR
BUCINDOLOL HYDROCHLORIDE,ADRA1A
PRALUZATAMAB RAVTANSINE,ALCAM
ACADESINE,PRKAG2
OMAVELOXOLONE,NFE2L2
BAZLITORAN,TLR9
SATAVAPTAN,AR
PACTIMIBE,SOAT2
"INSULIN ZINC, EXTENDED",INSR
TALETRECTINIB,NTRK2
IMMUNOSUPPRESSANT,FCGR3A
ERLOTINIB,PTEN
MIANSERIN,HSPA5
CABOZANTINIB S-MALATE,TEK
DIMETHYLCURCUMIN,ERBB3
MITOMYCIN,CYP3A4
RG-1530,PRKAA1
2-MERCAPTOBENZOTHIAZOLE,NFE2L2
GAMMA-INTERFERON,BCL2
CHEMBL:CHEMBL1362503,VDR
MESALAMINE,HSD17B10
PYRIMETHAMINE,AR
CHEMBL:CHEMBL1320453,CYP3A4
BENZYL ISOTHIOCYANATE,ALDH1A1
CHEMBL:CHEMBL421215,MAPK1
APIOL,ALOX15
METERGOLINE,KCNH2
CLOPERASTINE HYDROCLORIDE,CYP3A4
CHLOROTRIANISENE,AR
NIALAMIDE,CYP3A4
TAMATINIB,SIK2
CHEMBL:CHEMBL354318,RORC
CHEMBL:CHEMBL164449,VDR
CHRYSOPHANOL,NFE2L2
CHEMBL:CHEMBL530733,CYP2C9
BIFONAZOLE,AR
"AMMONIA SOLUTION, STRONG",THRB
HESPERADIN,IGF1R
CHEMBL:CHEMBL598663,GAA
OXYQUINOLINE SULFATE,AR
CAULIBUGULONE C,CYP3A4
COMBRETASTATIN A4,TUBB4B
ENCLOMIPHENE,PPARD
4-AMINOPHENOL,AR
MONTELUKAST SODIUM,CYP2C19
DIPHENYLENEIODONIUM,MTOR
SERICETIN DIACETATE,CYP3A4
CHEMBL:CHEMBL523200,ALDH1A1
BERGAPTOL,CYP3A4
CHEMBL:CHEMBL591630,NFE2L2
PROGESTERONE,NFE2L2
SORAFENIB,PTPN6
SORBINIL,RELA
CHEMBL:CHEMBL535714,NR1I2
SORAFENIB,BLK
CHRYSIN,SMN2
DICHLOROPHEN,RXRA
SB202190,MAPK9
BETANAPHTHOL,NFE2L2
CHEMBL:CHEMBL595227,CYP2C9
OCHRATOXIN A,TP53
KENPAULLONE,SRC
WB 4101,DRD1
CHEMBL:CHEMBL581910,SMN1
PIOGLITAZONE HYDROCHLORIDE,NFE2L2
CHEMBL:CHEMBL591834,GLP1R
PURPURIN,HSD17B10
BENZOTHIAZYL DISULFIDE,ALDH1A1
HESPERADIN,AXL
KANZONOL W,PPARG
PYROGALLOL,CXCL8
GLUTARAL,TP53
MONASTROL,CYP2C19
MELPHALAN,NFE2L2
PROPRANOLOL HYDROCHLORIDE,CYP2C19
"2,3-DIHYDROXY-6,7-DICHLOROQUINOXALINE",SMN1
CHEMBL:CHEMBL297304,RXRA
LAPACHONE,VDR
CHLOROETHYLCLONIDINE,HIF1A
CHEMBL:CHEMBL522983,MPI
HOMIDIUM,VDR
ERLOTINIB,PKN2
S(+)-APOMORPHINE,VDR
QUERCETIN,CYP2C9
ROTENONE,TP53
PHYSODIC ACID,WRN
CHEMBL:CHEMBL135561,VDR
DOPAMINE,GAA
BENZO[B]FLUORANTHENE,TP53
CHEMBL:CHEMBL2028066,KCNH2
TANSHINONE IIA SULFONATE,HSD17B10
PIPOXOLAN HYDROCHLORIDE,NFE2L2
CEPHRADINE,ABCC2
HYDROXYSTILBAMIDINE ISETHIONATE,UBE2N
CHEMBL:CHEMBL1650245,HDAC5
CHEMBL:CHEMBL1521156,AR
3-HYDROXYBENZYLHYDRAZINE,CYP3A4
MELPHALAN,AR
CEFOPERAZONE,CYP2C9
CINNAMIC ACID HYDROXAMATE,HDAC2
APOCIDEINE,DRD1
HOMOVANILLIC ACID,ALDH1A1
CHEMBL:CHEMBL587259,CYP3A4
CORYNANTHINE,CYP2D6
CHEMBL:CHEMBL1521156,SNCA
"5,7-DIMETHOXYISOFLAVONE",SMN2
BORTEZOMIB,PLAT
CHEMBL:CHEMBL602763,VDR
CHEMBL:CHEMBL388979,VDR
NORGESTREL,HSPA5
CEFOPERAZONE,CYP2D6
LINEZOLID,CYP3A4
ILORASERTIB,NTRK2
JNK INHIBITOR VIII,MAPK9
PARGYLINE,MAOB
PIRETANIDE,HIF1A
CHLORPYRIFOS,NFE2L2
TOPOTECAN HYDROCHLORIDE,AKT1
RO3280,AR
OCHRATOXIN A,NR3C1
PURPURIN,VDR
CYTARABINE,CYP2C19
PIPLARTINE,ALDH1A1
AMITRIPTYLINE HYDROCHLORIDE,ALDH1A1
LAMOTRIGINE,CYP3A4
SB-334867,CYP2D6
MANASSANTIN B,HIF1A
HESPERADIN,PRKAA1
KAEMPFERIDE,RELA
SB-334867,CYP1A2
ESOXYBUTYNIN,CYP1A2
CHEMBL:CHEMBL1232076,VDR
PICOTAMIDE,CYP3A4
CHEMBL:CHEMBL609570,NFE2L2
LAPACHONE,TP53
CHEMBL:CHEMBL1214274,HSD17B10
CHEMBL:CHEMBL239439,HSD17B10
SULFATED PENTAGALLOYLGLUCOSIDE,F11
ENTRECTINIB,JAK2
CHEMBL:CHEMBL1493528,CASP3
CHEMBL:CHEMBL502774,NFKB2
LORGLUMIDE SODIUM,FASN
LOBARIC ACID,VDR
CHEMBL:CHEMBL609438,NFE2L2
CHEMBL:CHEMBL530281,SMAD3
DIHYDRODAPHNODORIN B,P4HB
BERKELEYACETAL A,CASP1
NOVOBIOCIN,HSP90AA1
CHEMBL:CHEMBL547483,KCNH2
KENPAULLONE,PIM1
MAPROTILINE HYDROCHLORIDE,CYP2D6
R-1487,MAPK9
IPCONAZOLE,AR
OXYPHENISATIN,AR
DEMETON S,RXRA
CYC-116,MAP4K2
GUANFACINE HYDROCHLORIDE,CYP2C19
PROGESTERONE,ALDH1A1
CHEMBL:CHEMBL449063,GSK3B
ARACHIDONIC ACID,HSD17B10
LAPACHONE,CYP2C19
MAGNOLOL,GLP1R
CHEMBL:CHEMBL270688,ABCB1
PHENYLSTIBONIC ACID,VDR
TRETINOIN,HIF1A
XANTHOHUMOL,MAPK1
QUININE,AR
OLEIC ACID,KCNH2
CHEMBL:CHEMBL601952,ALDH1A1
DIBENZOYLMETHANE,SMN2
TRICITRINOL B,TOP2A
ALPHA-TOCOPHEROL ACETATE,AR
NITROGEN MUSTARD HN-3,NFE2L2
NILE RED,BRCA1
RG-1530,EGFR
DIMETHYLSPINGOSINE,SPHK1
CUMENE HYDROPEROXIDE,ALOX15
AKT INHIBITOR IV,UBE2N
DORAMAPIMOD,FLT4
HESPERADIN,PDGFRB
ETHOPROPAZINE HYDROCHLORIDE,TP53
DICHLON,AR
OXOTREMORINE,CYP2C9
GAMBOGENIC ACID,TXN2
CHEMBL:CHEMBL2028045,KCNH2
DAUNORUBICIN LIPOSOMAL,RUNX1
TANSHINONE IIA SULFONATE,VDR
AZD-1480,STAT3
ILORASERTIB,CHEK2
MELENGESTROL ACETATE,VDR
CARIPORIDE,SLC9A1
IL-6,NTF3
LADUVIGLUSIB,RPS6KB1
AMSACRINE,CYP1A2
CHEMBL:CHEMBL591361,NFE2L2
MESALAMINE,CASP1
PENTABROMOPHENOL,HSD17B10
PIRINIXIC ACID,ALDH1A1
EOSIN,CARM1
CHEMBL:CHEMBL1479195,CYP1A2
KARANJIN,HSD17B10
TAMOXIFEN,ATXN2
KENPAULLONE,CHEK2
BORTEZOMIB,CTSB
"N-DOCOSATETRA-7,10,13,16-ENOYLETHANOLAMINE",ALDH1A1
RO31-8220,MAPK1
2-IODOACETAMIDE,USP2
PHENETHYLISOTHIOCYANATE,MAPK1
PHENETHYLISOTHIOCYANATE,MAPK3
PLUMBAGIN,TP53
ARISTOYUNNOLIN A,MAPK1
SOY PROTEIN ISOLATE,LDLR
CHEMBL:CHEMBL598263,SMAD3
L701324,HSD17B10
SU9516,CYP3A4
CEFACLOR ANHYDROUS,VDR
SB 218795,CYP1A2
PHENOBARBITAL,CYP2C19
CHEMBL:CHEMBL515252,WRN
ESOXYBUTYNIN,CYP2D6
CHEMBL:CHEMBL523200,FASN
ILORASERTIB,RPS6KB1
TRIFLUPROMAZINE HYDROCHLORIDE,KCNH2
PTAEROXYLIN,CYP3A4
ENTRECTINIB,GRK5
VER-3323,CYP1A2
DAUNORUBICIN LIPOSOMAL,HDAC2
PLUMBAGIN,RELA
ALEXIDINE DIHYDROCHLORIDE,TP53
RG-1530,MAPK9
CHEMBL:CHEMBL260342,SMN2
PYRENE,HSD17B10
PIPENZOLATE,CYP2D6
RG-1530,PRKCD
CHEMBL:CHEMBL52884,NPC1
METHOTREXATE,HSD17B10
CHEMBL:CHEMBL172988,NFE2L2
QUINALDINE BLUE,THRB
CHEMBL:CHEMBL372629,NPC1
EMODIN,RORC
CARUBICIN,THRB
CLOXYQUIN,AR
CLOPIDOGREL,CYP3A4
CHEMBL:CHEMBL257748,EP300
CHEMBL:CHEMBL581677,ALDH1A1
MONASTROL,CYP3A4
ICI-199441,CYP3A4
"0-HEXYL-1,3-DIAMINE-PLATINUM 2,2-DICHLORIDE",VDR
CHEMBL:CHEMBL2063687,MAPK1
ALLOXAZINE,CYP1A2
ENCLOMIPHENE,ATXN2
LAPACHONE,CYP1A2
FUMARPROTOCETRARIC ACID,RUNX1
RO 40-6055,AR
NAFTIFINE,ATM
SULFADOXINE,CYP1A2
"1,10-PHENANTHROLINE",NFE2L2
(S)-FELODIPINE,CYP3A4
DEOXYVASICINONE,WRN
CHEMBL:CHEMBL1362503,KMT2A
CHEMBL:CHEMBL1370674,CASP6
CHEMBL:CHEMBL1707907,WRN
ELLAGIC ACID,MAPK1
ENTRECTINIB,MAP4K5
CHEMBL:CHEMBL333177,AR
HESPERADIN,BLK
CHEMBL:CHEMBL1310701,CYP2C19
CAULIBUGULONE C,TP53
ILORASERTIB,CAMK1D
OSI-930,CYP3A4
DIBENZOYLMETHANE,NFE2L2
CHEMBL:CHEMBL1513392,CYP3A4
FLUNISOLIDE ANHYDROUS,CYP2D6
PSB1115,HSD17B10
CHEMBL:CHEMBL421215,CYP1A2
IODOFORM,ALDH1A1
KENPAULLONE,SMAD3
PERVILLEINE F,ABCB1
BIFONAZOLE,ALDH1A1
MONTELUKAST SODIUM,CYP3A4
KETOCONAZOLE,CYP2D6
MESALAMINE,CYP3A4
RALOXIFENE HYDROCHLORIDE,TP53
SNS-314,RPS6KB1
LIDOCAINE,G6PD
APITOLISIB,PIK3C2A
BINIMETINIB,MAP2K3
BINIMETINIB,MAP2K6
METFORMIN,MTOR
REFAMETINIB,MAP2K6
DAUNORUBICIN LIPOSOMAL,ABCB1
MARIJUANA,ABCB1
ANTISENSE OLIGONUCLEOTIDES,AGTR1
INDOMETHACIN,AGTR1
NAPROXEN SODIUM,ALB
TRETINOIN,APOA1
THERAPEUTIC CORTICOSTEROID,ANXA1
GINKGO BILOBA EXTRACT,APOE
IMMUNOSUPPRESSANT,APOE
UREA,AQP9
HYDROQUINONE,BCL2
ADAPALENE,BDNF
GENTAMICIN,BDNF
RECOMBINANT CYTOKINE,BDNF
PROTEIN KINASE INHIBITOR,BDNF
POLYSIALIC ACID,BDNF
HYPERBARIC OXYGEN,BDNF
TRETINOIN,CALR
LERIDISTIM,CANX
DIHYDROTESTOSTERONE,CHAT
INTERFERON BETA,CP
ASCORBIC ACID,CYP19A1
HYDROQUINONE,CYP19A1
THALIDOMIDE,CYP1A2
RECOMBINANT CYTOKINE,CYP1A2
CYCLOPHOSPHAMIDE ANHYDROUS,CYP2B6
ASCORBIC ACID,DCN
DICLOFENAC SODIUM,DDIT3
MITOXANTRONE,DNMT1
ZEBULARINE,DNMT1
TEGAFUR-URACIL,DPYD
DIMETHYL SULFOXIDE,DUSP6
TRETINOIN,DUSP6
ANESTHETIC AGENT,EDN1
CANNABINOL,GGT1
ETANERCEPT-SZZS,GHRL
CYCLOPHOSPHAMIDE ANHYDROUS,GSTP1
HYDROQUINONE,GSTP1
IRINOTECAN HYDROCHLORIDE,GSTM1
DOCETAXEL ANHYDROUS,GSTM1
GENTAMICIN,IL17A
NICARDIPINE,IL1B
TILARGININE,IL2
MERCAPTOPURINE,IL2RA
TRETINOIN,ITGB2
METHIMAZOLE,LEP
TESTOSTERONE PROPIONATE,LCAT
CALCIUM CHANNEL BLOCKER,LEP
OCTREOTIDE ACETATE,LPAR2
IROFULVEN,MAPK1
KEYHOLE LIMPET HEMOCYANIN,MAPK8
DEXTRAN SULFATE SODIUM,MAPK8
CAMPTOTHECIN,MAPK9
CYCLOSPORINE,MMP2
XANTHINE OXIDASE INHIBITOR,MPO
IMATINIB,MYC
INTERLEUKIN-11,NOS2
COLCHICINE,NRG1
WORTMANNIN,NRG1
PROGESTERONE,OXTR
PAREGORIC,PER1
SULFORAPHANE,PIK3CG
AROMATASE INHIBITOR,PLA2G1B
NAPROXEN SODIUM,PLAT
ANTIDEPRESSANT AGENT,PLG
PREDNISOLONE,PLG
PROGESTERONE,PRKAB1
ROSIGLITAZONE,RBP4
DAUNORUBICIN LIPOSOMAL,RPSA
UREA,RPS6KA3
LISINOPRIL ANHYDROUS,SHBG
TRETINOIN,SHH
MIFEPRISTONE,SI
PROGESTERONE,SLC2A4
ACLARUBICIN,SMN1
DOCETAXEL ANHYDROUS,SLCO1B1
OXIDOPAMINE,SOAT1
AMIKACIN,SMN1
ANTIOXIDANT,SOD2
DIMETHYL SULFOXIDE,SYP
PROGESTERONE,TAT
PREDNISOLONE,TAT
ANTISENSE OLIGONUCLEOTIDES,TERT
OCTREOTIDE ACETATE,TG
ROSIGLITAZONE,TG
GENTAMICIN,TGM2
TRIAMCINOLONE,TGFB1
INFLIXIMAB-DYYB,TLR4
CORTICOTROPIN,THBS2
UREA,WRN
CHEMOPREVENTIVE AGENT,XDH
ROXITHROMYCIN,XDH
FUROSEMIDE,ADD1
TERFENADINE,CYP2J2
ALBUTEROL SULFATE,SLC24A4
ALBUTEROL SULFATE,IGF2R
DOXEPIN HYDROCHLORIDE,HTR1A
FLUDARABINE,CYP2E1
DOXEPIN HYDROCHLORIDE,NEFM
DOXEPIN HYDROCHLORIDE,AKT1
DOXEPIN HYDROCHLORIDE,EPHX1
PAZOPANIB,VEGFA
HYDROCHLOROTHIAZIDE,CDCA3
ERLOTINIB,ABCG2
ASPARAGINASE,MTHFR
CABAZITAXEL,CYP3A5
ASPARAGINASE,GATA3
GEMCITABINE,WWOX
ADEFOVIR DIPIVOXIL,NME1
MAPROTILINE,ABCB1
ERYTHROMYCIN,ABCB1
MONOAMINE OXIDASE INHIBITOR,HTR1A
PRIMIDONE,CYP3A4
METHAMPHETAMINE,HTR1A
ANASTROZOLE,MAP4K4
PRASUGREL,NTRK1
MONTELUKAST SODIUM,CYP2C8
FLUPENTHIXOL,CYP2D6
HYDROMORPHONE HYDROCHLORIDE,CYP2D6
THIOGUANINE,CPT1A
OXALIPLATIN,GCKR
VALPROIC ACID,MTHFR
VERAPAMIL,NR1H3
HYDROCHLOROTHIAZIDE,GRK5
GLYBURIDE,SPINK5
VALPROIC ACID,COMT
MONOAMINE OXIDASE INHIBITOR,OPRM1
OLANZAPINE,MC4R
PHENOBARBITAL,UGT2B15
ETRAVIRINE,CYP2C19
IGURATIMOD,CYP2C19
OXAZEPAM,CYP2C19
PYRIMETHAMINE,GSTP1
SEVOFLURANE,GSTP1
SEVOFLURANE,GRIN2B
HYDROMORPHONE HYDROCHLORIDE,CYP1A2
GEMCITABINE,HLA-C
EFAVIRENZ,IL10
DAUNORUBICIN LIPOSOMAL,SLCO1B1
DAUNORUBICIN LIPOSOMAL,NRP2
DAUNORUBICIN LIPOSOMAL,COL1A2
DAUNORUBICIN LIPOSOMAL,CBR1
MONOAMINE OXIDASE INHIBITOR,NEFM
SIBUTRAMINE,CYP3A5
DOXORUBICIN HYDROCHLORIDE,CASP3
MONOAMINE OXIDASE INHIBITOR,EPHX1
DOXORUBICIN HYDROCHLORIDE,PNPLA3
LENVATINIB,CYP3A5
HYDROCHLOROTHIAZIDE,TET2
DOCETAXEL ANHYDROUS,PRDX4
METHAMPHETAMINE,GAD2
HYDRALAZINE / ISOSORBIDE DINITRATE,NAT2
PROCAINAMIDE,NAT2
ELBASVIR/GRAZOPREVIR,IFNL3
VULOLISIB,PIK3CB
GEMCITABINE,SERPINC1
VANDORTUZUMAB VEDOTIN,TUBB4A
HYDROCHLOROTHIAZIDE,NOS3
DEXMEDETOMIDINE HYDROCHLORIDE,PRKCB
REGORAFENIB,VEGFA
CHEMBL:CHEMBL1873684,AR
DIMETHYLCURCUMIN,ERBB2
AMG-108,IL1A
ASENAPINE,ADRA2A
SEVITERONEL,AR
SIROLIMUS,FGF2
BITHIONOL,PPARD
PROCAINE,RYR2
MOTEXAFIN GADOLINIUM,TXNRD3
OMIPALISIB,F5
PERIFOSINE,AKT2
PMI-001,NR3C1
DAIDZEIN,TP53
HTERT VACCINE V934/V935,TERT
VIGABATRIN,GABBR1
CISPLATIN,GCLC
VIDOFLUDIMUS,IL25
MODOTUXIMAB,EGFR
FLUOCINONIDE,PLA2G4A
ZILEUTON,CYP2C19
NITRIC OXIDE,NPR1
ZIPRASIDONE,ADRA1A
ZICRONAPINE,HTR2A
PAN-AKT INHIBITOR ARQ751,AKT1
RIMEGEPANT,S100A12
IL-2/9/15 GAMMA CHAIN RECEPTOR INHIBITOR BNZ-1,IL2RA
REMOGLIFLOZIN ETABONATE,SLC5A4
PTI-110,APP
GSK-2239633,CCR4
GALLOPAMIL,ATP2A2
LEUVECTIN,IL2
EPITALON,TERT
MELAGATRAN,PRSS1
"3,4-METHYLENEDIOXYMETHAMPHETAMINE",HTR2A
"3,4-METHYLENEDIOXYMETHAMPHETAMINE",HTR2B
DOVITINIB LACTATE,PDGFRB
PACTIMIBE,CES1
GADOBENATE DIMEGLUMINE,ALB
FUMARIC ACID,IFNG
NIMODIPINE,SLC25A20
IMATINIB,SYK
ANTI-ANDROGEN,AR
CDX-1135,CR1
ANCROD,PROC
PAQUINIMOD,S100A9
CENEGERMIN-BKBJ,NGFR
BAMINERCEPT ALFA,LTBR
RKI-1447,CTRB1
AMINOLEVULINIC ACID HYDROCHLORIDE,PPOX
L-377202,TOP2A
TOFOGLIFLOZIN,SLC5A4
ACETAMINOPHEN,COX8A
ERYTHRITYL TETRANITRATE,GC
MECLOFENAMATE,COX8A
NITROGLYCERIN,UGCG
PERAZINE,DRD2
BMS-184476,TUB
DIAPEP-277,HSPD1
CHLORPROMAZINE,HTR2C
SUMATRIPTAN,NAT2
PROPRANOLOL HYDROCHLORIDE,NAT2
SUMATRIPTAN,SERPINA3
[3H]LSD,SERPINA3
TRYPTAMINE,SERPINA3
(+)-LSD,SERPINA3
FLUPHENAZINE HYDROCHLORIDE,SERPINA3
COMPOUND 13A [PMID: 23639540],DNM2
LDN-214117,DNM2
NAN 190,ABCA4
5-METHYLURAPIDIL,ABCA4
PERGOLIDE,AOC1
LISURIDE,AOC1
LUF5981,ABAT
FK-453,ABCA1
MRS5151,ABCA1
ISTRADEFYLLINE,ABCA1
ANGIOTENSIN-(1-7),ACADS
CISPLATIN,CYBA
BUMETANIDE,CD69
SOLABEGRON,ABO
BISOPROLOL,ABO
ICI-89406,ABO
NEBIVOLOL HYDROCHLORIDE,ABO
BTK INHIBITOR 16 [PMID: 30122225],EFNB2
TOLEBRUTINIB,EFNB2
JPE1375,ACACB
YSFKPMPLAR,ACACB
HIV-TAT,ACTB
COMPOUND 8IC [PMID: 19081254],CCR4
APIGENIN,CFTR
FLUFENAMIC ACID,C5
[125I]CXCL12&ALPHA; (HUMAN),ACTG1
T22,ACTG1
COMPOUND 46C [PMID: 29350534],ACTG1
6-BROMOINDIRUBIN-3'-OXIME,EGR4
EBVACICLIB,CDK4
TANUXICICLIB,CDK4
TRILACICLIB,EIF4EBP1
RGB-286638,EIF4EBP1
DALPICICLIB,EIF4EBP1
LY3405105,EIF4EBP2
RGB-286638,EIF4EBP2
COMPOUND 1A [PMID: 18573659],COX6A1
GKT136901,GZMB
AMINOOXYACETIC ACID,CSH2
HALOPERIDOL DECANOATE,ALDH1A1
SB269652,ALDH1A1
CHLORPROMAZINE,ALDH2
LEUCETTINE L41,MARK2
I-CBP112,GLI1
PK 11195,NR1I3
WZ4002,DXO
TARLOXOTINIB,DXO
URB597,CRP
COMPOUND 2 [PMID: 15546730],FGR
CEP-11981,DRD1
VATALANIB,DRD1
LATANOPROST,APOC2
COMPOUND 2 [PMID: 15546730],ENO2
DMCM,ARNT
[3H]L689560,GRIN2B
AFIMOXIFENE,ALDH3B1
ANHYDROUS ZINC ACETATE,SLC30A8
BALANOL,CSRP1
BML-281,GAS1
CITARINOSTAT,GAS1
2-ARACHIDONOYLGLYCEROL,ADCY3
ENASIDENIB,GRB2
HENATINIB,DRD2
VATALANIB,DRD2
ILORASERTIB,DPT
NEMIRALISIB,BAD
NSC61610,HGF
NINTEDANIB ESYLATE,CTSV
COMPOUND 36 [PMID: 21958547],EPHX2
SARACATINIB,EPHX2
H2L5186303,BIN1
ALKYL OMPT,BIN1
AP1189,ANGPT1
FARNESYL THIODIPHOSPHATE,BLK
EGLUMEGAD,SLC25A4
MK-8353,MAPK1
SIROLIMUS,HRAS
PHENETHYL ISOTHIOCYANATE,MAPK8
UH-AH 37,AANAT
METHSCOPOLAMINE BROMIDE,AANAT
S20928,ANK2
CBOBNEA,ANK2
SB 222200,AQP5
CYCLOSPORINE,SLCO1B1
CEPHALOTHIN,CDKN1B
PROBENECID,CDK9
REACTIVE BLUE-2,APC
GYPGKF-NH2,APOH
METHOXYARACHIDONOYL FLUOROPHOSPHONATE,VDR
FENOFIBRATE MICRONIZED,BCKDHA
L-783483,BCKDHB
THERAPEUTIC ANDROGEN,AQP1
AZD8154,F5
COMPOUND 22 [PMID: 24754609],F5
PF-06843195,F5
NEMIRALISIB,F5
COMPOUND 15A [PMID: 32069401],F7
LY-294002,PIK3CB
ALPELISIB,F7
INAVOLISIB,F7
CILOSTAMIDE,COL9A3
PDE4 INHIBITOR 16,COPA
SILDENAFIL,COPA
"COMPOUND 9 [LIN ET AL., 2023]",GNAI2
RUCAPARIB,GNAI2
GNF-6231,HMBS
ZK112993,BDNF
"[ALA1,12,AIB3,GLN10,HARG11,TRP14,ARG19]PTH-(1-28)-NH2 (HUMAN)",XIAP
"[ILE5,TRP23,TYR36]PTHRP-(1-36)-NH2 (HUMAN)",XIAP
CCT196969,FAH
VER-246608,PDK4
TINLORAFENIB,FAH
RASGRP ACTIVATOR 1,RASGRP1
ESI-09,COL6A2
COMPOUND 11D [DOI: 10.1039/C0MD00194E],CTRB1
[125I]RELAXIN (HUMAN),APP
CARVEDILOL,RYR2
GSK-2018682,AMY2A
IPRAGLIFLOZIN,CD3E
SOTAGLIFLOZIN,CD3E
TOFOGLIFLOZIN ANHYDROUS,CD3E
DAPAGLIFLOZIN PROPANEDIOL,CD3E
COMPOUND 25 [PMID: 31260299],MS4A2
BIM 23059,FASLG
CGP 23996,FASLG
"L-362,855",AQP2
BASROPARIB,HLA-DMB
RT3,THRB
ENPATORAN,SARDH
MPI-0479605,FGFR4
D[LEU4]AVP,AQP9
L023103,AQP9
PEPTIDE YY,ANXA5
PILARALISIB,ERBB2
ERLOTINIB,MAPK1
ANTI-PD1 MONOCLONAL ANTIBODY,EGFR
ANTI-PD-L1 MONOCLONAL ANTIBODY,EGFR
MEK-1/MEKK-1 INHIBITOR E6201,ACVR1
ERLOTINIB,NRG1
PIDNARULEX,BRCA1
PI3KBETA INHIBITOR AZD8186,PTEN
CYTARABINE,ALK
HJC0152,ALK
THE-630,KIT
BINIMETINIB,KIT
DACINOSTAT,KMT2A
VENETOCLAX,KMT2A
ASTX029,NRAS
GDC-0623,NRAS
OSIMERTINIB,NRAS
TGX-221,PIK3CA
OXALIPLATIN,PIK3CA
PALBOCICLIB,PTEN
ATEZOLIZUMAB,PTEN
OXALIPLATIN,PTEN
VISTUSERTIB,PTEN
OSIMERTINIB,PTEN
JAK3 INHIBITOR 32,EPHB2
VOLASERTIB,FABP1
DICLOFENAC SODIUM,ATP4A
MTOR INHIBITOR,MTOR
CHRYSOPHANOL,ALDH1A1
SULFISOXAZOLE,NR1I2
AR-C118925XX,APC
RELCOVAPTAN,AR
MIDOSTAURIN,NTRK3
DIHYDROGAMBOGIC ACID,CYP3A4
KENPAULLONE,MARK2
GSI-136,PSEN1
GW843682X,MAP4K4
KENPAULLONE,SLC29A1
MEK INHIBITOR IMM-1-104,NRAS
CHEMBL:CHEMBL522983,GAA
CICLOPIROX OLAMINE,AR
CHEMBL:CHEMBL123349,DRD1
"2-TERT-BUTYL-9-FLUORO-1,6-DIHYDROBENZO[H]IMIDAZO[4,5-F]ISOQUINOLIN-7-ONE",TYK2
MEPHENTERMINE SULFATE,ADRA2B
(-)-U-50488,CYP2D6
CLOMIPRAMINE,CYP2D6
2'-EPI-TUBERATOLIDE B,NR1H4
RASAGILINE,MAOB
TELOTRISTAT ETHYL,TPH1
BETA-CARBOLINE,PIM1
SELATINIB,DXO
4-PHENYLENEDIAMINE,MIF
RECOMBINANT CYTOKINE,SLC2A3
4-AMINOPHENOL,VDR
AG 1295,SMN2
SARACATINIB,ALK
CYTARABINE,TP53
OXYMORPHONE,CYP2C19
RUCAPARIB,PARP1
ML297,ASIP
MARIMASTAT,MMP3
BECAPLERMIN,PDGFB
UMBRALISIB,PIK3CD
IMNOPITANT,AQP3
BROMPERIDOL,DRD2
INSULIN ZINC SUSP RECOMBINANT HUMAN,INS
AZD1480,EPHB1
BEXAGLIFLOZIN,CD3E
AT-13148,ROCK1
BUMETANIDE,MAPK1
ILOPERIDONE,ADRA2C
BALAGLITAZONE,PPARG
NINTEDANIB ESYLATE,PIK3CA
CHEMBL:CHEMBL583578,NPC1
AR-9281,EPHX2
CHEMBL:CHEMBL548017,UBE2N
CHEMBL:CHEMBL580727,NFE2L2
DIMERCAPROL,G6PD
METHOTRIMEPRAZINE,CYP2D6
PD-146176,VDR
CGP37849,GRIN2B
ANTIPSYCHOTIC AGENT,CYP1A2
"H-C[DCYS-PHE-LAGL(N&BETA;ME,BENZOYL)-DTRP-LYS-THR-PHE-CYS]-OH",AQP1
RG-1530,CHEK2
CHEMBL:CHEMBL609628,CYP2D6
THEONELLASTEROL D,NR1I2
FRAMYCETIN,RPSA
DIHYDROTESTOSTERONE,AR
OLANZAPINE,CYP1A1
CHEMBL:CHEMBL528181,NFE2L2
TUBERATOLIDE B,NR1H4
CHEMBL:CHEMBL1420370,GLP1R
ARASERTACONAZOLE,CYP1A2
COUMARIN,CTSB
[3H]PGF2&ALPHA;,APOC2
5BRUTP,APC
CHLOROXYLENOL,NFE2L2
CHLOROPROCAINE,ATP1A1
SYK INHIBITOR III,MS4A2
PHENOXYBENZAMINE HYDROCHLORIDE,ADRA2A
INIXACICLIB,CDK4
PEROSPIRONE,ALDH2
VMIP-II,ACTA1
CHEMBL:CHEMBL520095,TERT
RALOXIFENE HYDROCHLORIDE,GHRL
SORAFENIB,ABCB1
RALOXIFENE HYDROCHLORIDE,IL6ST
TETRADECANOYLPHORBOL ACETATE,E2F1
VITAMIN A,TAT
METFORMIN HYDROCHLORIDE,NDUFS2
PICROTOXIN,STS
BMS-275183,TUBB3
CLENBUTEROL,ABO
DYCLONINE HYDROCHLORIDE,THRB
WORTMANNIN,SLC2A4
CERDULATINIB,EPHB2
OXAZEPAM,UGT2B15
ROXINDOLE,CYP3A4
DORSOMORPHIN,DRD2
CHEMBL:CHEMBL333177,PPARD
ETHINYL ESTRADIOL,CYP2C9
NOREPINEPHRINE BITARTRATE,ADRA1D
A68930,DRD1
AVUTOMETINIB,MAP2K2
CHEMBL:CHEMBL593570,TOP2A
CHEMBL:CHEMBL591404,ATXN2
METHOTREXATE,CYP2C19
FUTUXIMAB/MODOTUXIMAB MIXTURE,EGFR
PHENYTOIN SODIUM,CYP3A4
COLFORSIN,GLP1R
ASENAPINE,HTR2C
LUF5831,ABAT
"L-741,626",CYP2D6
DORAMAPIMOD,LCK
CA2+,CAPN5
LITENIMOD,TLR9
CXCL12-(1-9),ACTG1
CA2+,RYR2
CHOLIC ACID,CYP27A1
PHENOXYBENZAMINE HYDROCHLORIDE,ALDH1A1
ISO-1,MIF
APRINDINE,SCN5A
GEFITINIB,CYP2D6
PLUMBAGIN,HSD17B10
CHEMBL:CHEMBL172988,PPARD
EXALUREN,RPL17
CHEMBL:CHEMBL259805,TP53
OCTANOL,CAPN5
COMPOUND 12B [PMID: 31465220],F3
BRASOFENSINE,SLC6A4
CELIPROLOL,ADRB2
CHEMBL:CHEMBL581251,GNAS
CHEMBL:CHEMBL118417,PPARD
CHEMOPREVENTIVE AGENT,NFE2L2
&ALPHA;-ERGOCRYPTINE,CYP3A4
BIOALLETHRIN S-CYCLOPENTENYL ISOMER,AR
MIVACURIUM,BCHE
RILMENIDINE,NISCH
IXABEPILONE,TUBB3
5-MEOT,A2M
ERLOTINIB,IGF1R
APIGENIN,NFKB2
INDOXIMOD,MTOR
ENCORAFENIB,NRAS
PYRIDOSTIGMINE,ACHE
CHEMBL:CHEMBL602127,WRN
TRIPARANOL,PPARD
TEMOZOLOMIDE,GSTP1
NPS 2143,KCNH2
SOFOSBUVIR,CES1
PROPIOMAZINE,DRD1
CHEMBL:CHEMBL599102,NFE2L2
CHEMBL:CHEMBL534084,KCNH2
APITOLISIB,MTOR
COMPOUND 7 [PMID: 31955578],F7
ANTIOXIDANT,PRKAB1
GLYBURIDE,UGT2B15
CARVEDILOL,XDH
DIACETYLRHEIN,CASP3
CHEMBL:CHEMBL1363033,NFE2L2
NAPROXCINOD,COX8A
PROGESTERONE,CYP2C19
ERGOTAMINE,ADRA1D
CHONDROITIN SULFATES,B3GAT1
PD-98059,TP53
5-HYDROXYINDOLE,GAA
MIVEBRESIB,DNER
DOXORUBICIN HYDROCHLORIDE,DOK5
MEPHENTERMINE SULFATE,ADRA1D
VPC12249,BIN1
ANHYDROUS TACROLIMUS,NOD2
ZK112993,NR3C2
HUMAN C1-ESTERASE INHIBITOR,F11
TELAPRISTONE ACETATE,PGR
ATOGEPANT,CALCRL
TRIMETHADIONE,CYP3A4
WORTMANNIN,PRKAB1
OSI-930,KIT
CHEMBL:CHEMBL1467200,NPC1
AZACITIDINE,LIF
LORATADINE,CD28
TARANABANT,CNR2
KENPAULLONE,FLT1
CHEMBL:CHEMBL408563,SMN2
RECOMBINANT CHEMOKINE,CEACAM1
NEOVASTAT,MMP2
7-O-METHYLCRYPTOCHINONE A,NR1H4
SALVIANOLIC ACID B,ACE
MARIZOMIB,PSMB1
LEVAMLODIPINE MALEATE,CACNA1D
COMPOUND 2Q [PMID: 30986068],F5
METHYSERGIDE,VDR
CHEMBL:CHEMBL113897,ALDH1A1
THIOPERAMIDE,CYP3A4
CIPEMASTAT,MMP8
BENZIODARONE,VDR
ALVERINE CITRATE,PLIN1
N-(5-METHYL-1H-PYRAZOL-3-YL)-2-PHENYLQUINAZOLIN-4-AMINE,MS4A2
"5-(N,N-HEXAMETHYLENE)-AMILORIDE",CYP1A2
CYTARABINE,CYP1A2
ABT-737,BCL2L1
ENDO-ATROPINE,CHRM2
AKT INHIBITOR IV,SMAD3
CHEMBL:CHEMBL1269845,CYP1A2
MOEXIPRIL HYDROCHLORIDE,ACE
CHEMBL:CHEMBL1420370,CYP2C19
CHEMBL:CHEMBL416038,ALOX5
CALCIMYCIN,VDR
PALIPERIDONE,CYP2D6
VIBEGRON,ADRB3
ENMD-1198,HIF1A
CHEMBL:CHEMBL399530,PIM1
IL-6,CDK2
ANTISENSE OLIGONUCLEOTIDES,CBL
ICA-105574,BAAT
[125I]TYR10NPS (HUMAN),ANXA2
BENZO[B]FLUORANTHENE,HSD17B10
MAPROTILINE,CYP2C9
PQR620,F5
HYDROXYZINE PAMOATE,HSD17B10
TAMATINIB,EGFR
BAY-1082439,PIK3CA
JNJ-26483327,SRC
PRADEMAGENE ZAMIKERACEL,APP
"9,10-PHENANTHRENEQUINONE",NFE2L2
LOVASTATIN,CYP2C19
PROPANTHELINE,CYP1A2
GW843682X,SRC
PAPAVERINE,ADRA1D
AXITIROME,THRB
MB-28767,APOC2
CHEMBL:CHEMBL1256660,KCNH2
CENDAKIMAB,IL13
MISONIDAZOLE,GSTP1
SULFASALAZINE,NT5E
MULTI-NEO-EPITOPE VACCINE OSE 2101,TP53
RS-17053,CYP2D6
LK 204-545,ABO
RIPRETINIB,DPT
CHEMBL:CHEMBL224318,NFE2L2
ANTI-EGFRVIII IMMUNOTOXIN MR1-1,EGFR
BECLOMETHASONE,CYP3A4
CHEMBL:CHEMBL421215,ALDH1A1
DIPIVEFRIN HYDROCHLORIDE,ADRA2B
ORANTINIB,FGFR1
IZENCITINIB,JAK2
DONITRIPTAN,NAT2
CYTARABINE,ABCC4
BACITRACIN,IDE
AZM-475271,SRC
RONACALERET,CASR
BAY 11-7082,ATXN2
IODINE I-131,TERT
CR4056,FSHMD1A
CARBARIL,AR
THALIDOMIDE,CTLA4
HYDROQUINONE,NQO1
CDK12 INHIBITOR 2,EIF4EBP2
"INSULIN, REGULAR, HUMAN",SOCS1
DROXIDOPA,ADRA2C
"L-152,804",ANXA5
RUXOLITINIB,FLT3
METHYL YELLOW,AR
CHEMBL:CHEMBL1534035,SNCA
CAULIBUGULONE D,CYP3A4
CAPTOPRIL,PIK3CG
ABEXINOSTAT,HDAC3
ANTIBIOTIC,MYC
ANHYDROUS TACROLIMUS,CYP2C8
SEVOFLURANE,CYP2E1
AS-19,SERPINA3
ATENOLOL,GALNT2
LETROZOLE,CTNNB1
LEVOKETOCONAZOLE,CYP11A1
CLEMASTINE FUMARATE,HRH1
BENZQUINAMIDE HYDROCHLORIDE,DRD2
PHENYLPROPANOLAMINE HYDROCHLORIDE,ADRA1A
FENOFIBRIC ACID,PPARA
BETAMETHASONE BENZOATE,NR3C1
METHYLERGONOVINE MALEATE,DRD1
CHEMBL:CHEMBL531322,ADRB2
IXABEPILONE,TUBB4A
AMLODIPINE MALEATE,CACNA1C
NISOLDIPINE,CACNA1D
NICARDIPINE HYDROCHLORIDE,CACNA1D
DOCOSANOL,GC
DOCOSANOL,PPP1R3A
DASATINIB ANHYDROUS,FGR
DIETHYLCARBAMAZINE,ALOX5
LACOSAMIDE,SCN5A
MACITENTAN,EDNRA
DROXIDOPA,ADRB1
DROXIDOPA,ADRA2B
ALECTINIB HYDROCHLORIDE,ALK
DB959,PPARG
ALLITINIB,ERBB2
ASP-3026,ALK
AS-703988,MAP2K2
CAL-263,PIK3CG
CEP-11981,FLT4
BENZENETHIOL,HSPB1
PWT-33587,PIK3CA
PLX-7486,NTRK2
PWT-33587,PIK3CB
PWT-33587,MTOR
TAK-285,EGFR
ELPETRIGINE,CACNA1C
SODELGLITAZAR,PPARA
IRX-4204,RXRA
MK-0533,PPARG
AT-9283,JAK2
SAPITINIB,ERBB2
NS-018,JAK2
APITOLISIB,PIK3CG
ZSTK-474,PIK3R1
ZSTK-474,PIK3CB
AZD3199,ADRB2
AMP579,ADORA1
PACLITAXEL POLIGLUMEX,TUBB4B
TOSEDOSTAT,ERAP1
PARDOPRUNOX,DRD3
TOSEDOSTAT,ERAP2
OPROZOMIB,PSMB6
VINFLUNINE,TUBB4B
DARAPLADIB,PLA2G7
SQUALAMINE LACTATE,SLC9A3
NERAMEXANE MESYLATE,GRIN2B
SURAMIN HEXASODIUM,FGF1
CEDELIZUMAB,CD4
EMICIZUMAB,F9
ROVELIZUMAB,ITGAM
ARGIPRESSIN TANNATE,AVPR2
ABIRATERONE ACETATE,SRD5A1
RG-7636,EDNRB
IMC-GP100,CD3E
REVEFENACIN,CHRM3
CD24FC,HSP90AA1
ONASEMNOGENE ABEPARVOVEC-XIOI,SMN1
ADOPRAZINE,DRD3
LEVAMLODIPINE MALEATE,CACNA1C
MEPIRODIPINE,CACNA1D
LADIRATUZUMAB VEDOTIN,TUBB3
LADIRATUZUMAB VEDOTIN,TUBB4B
TELISOTUZUMAB VEDOTIN,TUBB4A
TELISOTUZUMAB VEDOTIN,TUBB4B
ENAPOTAMAB VEDOTIN,AXL
IERAMILIMAB,LAG3
LANIFIBRANOR,PPARD
CONTEZOLID,RPSA
TECLISTAMAB-CQYV,CD3E
VANUTIDE CRIDIFICAR,APP
CROVALIMAB,C5
OLACAFTOR,CFTR
PLITIDEPSIN,EEF1A2
PEGENZILEUKIN,IL2RB
VILANTEROL .ALPHA.-PHENYL CINNAMATE,ADRB2
LACIDIPINE,CACNA1D
MITAPIVAT,PKLR
ETAVOPIVAT,PKLR
SOBLIDOTIN,TUBB3
L689560,GRIN2B
LENALIDOMIDE,VEGFA
HISTAMINE,LMNA
CHEMBL:CHEMBL1333386,NPC1
THIRAM,NFE2L2
DIPHENYLENEIODONIUM,CYP2D6
GLYBURIDE,CYP2C19
CELASTROL,HSP90AA1
"NPY-(18-36) (HUMAN, PIG)",ANXA5
PYROGALLOL,ESR1
ERLOTINIB,SYK
NARINGIN,UBE2N
"9,10-PHENANTHRENEQUINONE",TERT
RO 40-6055,NFE2L2
FLUCYTOSINE,AR
CLADRIBINE,TP53
DIMETHYLADENINE,PRKCD
ESTRADIOL CYPIONATE,AR
CHEMBL:CHEMBL1601846,GAA
CHOLECALCIFEROL,ESR1
GLIOTOXIN,VDR
CHEMBL:CHEMBL601534,KCNH2
DICYCLOHEXYLCARBODIIMIDE,RORC
3-AMINOBENZAMIDE,CYP2C9
ANTINEOPLASTIC AGENT,HSPA4
13-CIS-RETINAL,CXCL8
GLYBURIDE,CYP2D6
DEXTROAMPHETAMINE ADIPATE,SLC18A2
TAMATINIB,IGF1R
ARRY-371797,MAPK14
ENTRECTINIB,DAPK3
ENTRECTINIB,PKN2
CALCIMYCIN,HSP90AA1
METHABENZTHIAZURON,NFE2L2
IBCASERTIB,DPYD
RECOMBINANT VASCULAR ENDOTHELIAL GROWTH FACTOR,NOS2
DOFETILIDE,CYP2C9
SIMOCYCLINONE D8,TOP2A
ATC0175,HTR2B
KENPAULLONE,SMN2
KENPAULLONE,SMN1
IRINOTECAN HYDROCHLORIDE,AR
OLEIC ACID,PPARA
ADJUVANT,DPYD
RACEPINEPHRINE,DRD1
RG-1530,KIT
CHEMBL:CHEMBL388979,NFE2L2
PIFEXOLE,BRCA1
ESTRADIOL VALERATE,RORC
CYPRODINIL,AR
PENTACHLOROPHENOL,NR1H4
RS-17053,MAPK1
ADAVOSERTIB,LCK
PYROGALLOL,VDR
CHEMBL:CHEMBL580918,NFE2L2
UDENAFIL,PDE5A
CHEMBL:CHEMBL1797707,KAT2B
CHEMBL:CHEMBL362863,CYP3A4
QUERCETIN,GPR35
(S)-FLUOXETINE,CYP3A4
NAMOLINE,KDM1A
OBTUSAQUINONE,ALDH1A1
CHEMBL:CHEMBL476501,CYP2C19
ZM336372,HSD17B10
BECLOMETHASONE,CYP2C19
METHYLTESTOSTERONE,RORC
FLUNARIZINE DIHYDROCHLORIDE,ATM
MAPROTILINE HYDROCHLORIDE,KCNH2
CHEMBL:CHEMBL2088301,MAOB
CHEMBL:CHEMBL527620,MTOR
CHEMBL:CHEMBL1813518,MAOB
DASATINIB ANHYDROUS,AXL
FLUOXASTROBIN,AR
CHEMBL:CHEMBL591834,ATXN2
BUDESONIDE,CYP2C9
MELPHALAN,RORC
MIDAZOLAM HYDROCHLORIDE,AR
QUERCETIN,DRD1
SORBINIL,NFKB2
CARFENTRAZONE-ETHYL,NFE2L2
PTAEROXYLIN,ALOX15
AURINTRICARBOXYLIC ACID,BRCA1
LOVASTATIN,SMN2
CHEMBL:CHEMBL1256177,CYP1A2
CHEMBL:CHEMBL388823,NFE2L2
CHEMBL:CHEMBL1436543,AR
PHENAZINE,NFE2L2
RALOXIFENE HYDROCHLORIDE,UBE2N
URAPIDIL,CYP2C19
CHEMBL:CHEMBL2164761,AR
INDOMETHACIN MORPHOLINYLAMIDE,CYP3A4
BIPHENYL-4-AMINE,CYP3A4
LULICONAZOLE,AR
CHEMBL:CHEMBL443949,RORC
METHYLENE BLUE ANHYDROUS,KMT2A
INDOMETHACIN MORPHOLINYLAMIDE,CYP2C9
CHEMBL:CHEMBL120580,TRPV4
AMSACRINE,CYP2D6
CHEMBL:CHEMBL592305,NFE2L2
ENTRECTINIB,KIT
DICLOFENAC SODIUM,ALB
MARIMASTAT,MMP2
KENPAULLONE,CDK2
CHEMBL:CHEMBL584883,GFER
FENBENDAZOLE,CYP1A2
METHOTREXATE,CYP3A4
CHEMBL:CHEMBL200762,SIRT1
"5,7-DIMETHOXYISOFLAVONE",CYP3A4
"6,4'-DIMETHOXYFLAVONE",NPC1
TRIFLUOPERAZINE,AKT1
CHEMBL:CHEMBL579315,KCNH2
SERTACONAZOLE NITRATE,ATXN2
OXYPHENCYCLIMINE HYDROCHLORIDE,CYP3A4
DIOXYBENZONE,CYP1A2
BENSULIDE,AR
TAMATINIB,KDR
TRIPHENYL PHOSPHATE,AR
E927A,ALDH1A1
E319,PPARD
DORAMAPIMOD,PRKD2
DIHYDROXIDINE,CYP1A2
CHEMBL:CHEMBL484662,MAPK1
M-CHLOROPHENYLPIPERAZINE,THRB
CHRYSIN,CYP2C19
CYTARABINE,CYP2D6
TAMOXIFEN,CYP3A4
BENZO[B]FLUORANTHENE,THRB
ENCLOMIPHENE,GLP1R
ANISOMYCIN,NFE2L2
DOXEPIN HYDROCHLORIDE,DRD1
RALOXIFENE HYDROCHLORIDE,ALDH1A1
PROCHLORPERAZINE,CYP2C19
CHEMBL:CHEMBL587259,CYP2C19
CHEMBL:CHEMBL604100,GAA
CHEMBL:CHEMBL530291,NR2F2
LOPERAMIDE,TEK
CHEMBL:CHEMBL1574420,IDE
IDARUBICIN,DRD1
ILORASERTIB,PRKD2
FUMARPROTOCETRARIC ACID,VDR
CHEMBL:CHEMBL528181,GLP1R
CHEMBL:CHEMBL1343568,CYP2C19
AURINTRICARBOXYLIC ACID,HSD17B10
CHEMBL:CHEMBL1221944,CXCR4
TRIM,CYP2D6
HOOKEROSIDE B,PNLIP
KENPAULLONE,LCK
RIFAMYCIN SODIUM,AR
PYRIMETHAMINE,ACP1
PICEATANNOL,SMN1
BISDEMETHOXYCURCUMIN,SMAD3
LINOLENIC ACID,ALOX15
CYTARABINE,CYP2C9
ISOPROPYL ISOTHIOCYANATE,TRPV1
CHEMBL:CHEMBL1081326,GSK3B
PHENOTHIAZINE,NOX1
CHEMBL:CHEMBL224032,ALDH1A1
CHEMBL:CHEMBL482050,GLP1R
TAMATINIB,INSR
ESTRADIOL VALERATE,CYP1A2
NPPB,CYP2C9
DESACETYL SALANNIN,HSP90AA1
"N,N'-DIPHENYL-P-PHENYLENEDIAMINE",ALOX15
RADICICOL,HSP90AA1
CHEMBL:CHEMBL498746,CNR1
TRIFLUPROMAZINE,TP53
PYROGALLOL,RUNX1
E319,ALDH1A1
HESPERADIN,TGFBR1
CEFACLOR ANHYDROUS,SLC22A8
CHEMBL:CHEMBL68534,CYP3A4
HEPTACHLOR,CYP3A4
LINOLENIC ACID,NFE2L2
CHEMBL:CHEMBL235891,SMAD3
(S)-PROMETHAZINE,CYP1A2
HESPERADIN,EPHA3
SORAFENIB,IRAK1
BIFONAZOLE,PPARD
SB202190,CYP3A4
PERHEXILINE,CYP1A2
CHEMBL:CHEMBL602969,SMAD3
"1,10-PHENANTHROLINE",HSP90AA1
CARBARIL,AHR
CHEMBL:CHEMBL151797,ALOX15
KETOCONAZOLE,CYP2C19
GW0742X,PPARD
"9,10-PHENANTHRENEQUINONE",GAPDH
MESALAMINE,CYP2C19
TYRPHOSTIN 25,CYP3A4
PHENOXYBENZAMINE HYDROCHLORIDE,NFE2L2
"4,4'-DIMETHOXYDALBERGIONE",ALOX15
DAUNORUBICIN LIPOSOMAL,AR
DIAMIDE,VDR
CHEMBL:CHEMBL412603,SMN1
AZATHIOPRINE,CYP1A2
KARANJIN,CYP3A4
XANTHOHUMOL,MAPK3
CHEMBL:CHEMBL1343568,TP53
"(R,S)-INDATRALINE",DRD1
ENTRECTINIB,SRC
BISDEMETHOXYCURCUMIN,DNMT1
METHABENZTHIAZURON,AHR
QUERCETIN,XDH
MITOMYCIN,CYP2C19
DICHLOROPHEN,NR1H4
SR59230A,TP53
BENPERIDOL,CYP2D6
DEXPROPRANOLOL,CYP1A2
CHEMBL:CHEMBL68534,HSD17B10
DISOPYRAMIDE PHOSPHATE,KCNH2
INDOPROFEN,NFKB2
AURINTRICARBOXYLIC ACID,CYP2C19
DEGUELIN,CYP3A4
CSC,AHR
THIOPERAMIDE,CYP1A2
CIMIRACEMATE A,MAPK1
NITAZOXANIDE,VDR
CHEMBL:CHEMBL410907,ABCB1
DIHYDROXIDINE,CYP2D6
CHEMBL:CHEMBL423081,ALDH1A1
CHEMBL:CHEMBL1362503,SMAD3
BENZYL ISOTHIOCYANATE,CYP3A4
NAPROPAMIDE,AR
TAMATINIB,MAPK8
CHEMBL:CHEMBL273891,BRCA1
ESTRADIOL VALERATE,CYP2D6
3-O-METHYLQUERCETIN,GAA
LAPACHONE,ATXN2
HARMALOL,HSD17B10
ADENOSINE,SLC28A2
BERKELEYACETAL B,CASP1
FANETIZOLE,AR
CHEMBL:CHEMBL538965,NFE2L2
STROPHANTHIDIN,GLP1R
CIMETIDINE,CYP2C19
DOPAMINE,HIF1A
ADENOSINE,SLC28A3
CHEMBL:CHEMBL536151,FLT3
CHRYSIN,NR3C1
ALLOPURINOL,CYP3A4
CHEMBL:CHEMBL444075,ABCG2
ARSENIC TRIOXIDE,TXNRD2
CLOPIDOGREL,CYP2B6
SPARFLOXACIN,AR
TRIFLUOPERAZINE,ATXN2
CAPTOPRIL,MMP12
PYRIMETHAMINE,STAT3
CARBIDOPA ANHYDROUS,ALDH1A1
FLAVOKAWAIN B,VDR
NAPHTHOQUINONE,MAOA
FISETIN,CYP3A4
CHEMBL:CHEMBL260342,HSD17B10
LINOLENIC ACID,WRN
ILORASERTIB,PRKCI
PHENYLHYDRAZINE,VDR
SYK INHIBITOR III,MTOR
HESPERADIN,NTRK3
DASATINIB ANHYDROUS,PKN2
PAPAVERINE HYDROCHLORIDE,NFE2L2
DASATINIB ANHYDROUS,ERBB4
PHENOXYCARB,AR
PERGOLIDE,CYP3A4
LACTACYSTIN,PSMB8
KENPAULLONE,ROCK1
HESPERADIN,PTK2B
OXOTREMORINE,CYP2C19
AZD-4017,CCKBR
BECLOMETHASONE,CYP1A2
HARMOL HYDROCHLORIDE,CYP3A4
PROGESTERONE,AR
VITAMIN A,AR
CHEMBL:CHEMBL1465049,SMAD3
GALANGIN,CYP2C19
"(R,S)-INDATRALINE",CYP3A4
GW282974X,MAPK1
THIRAM,ATXN2
OXYMETHOLONE,CYP3A4
AG 1296,JAK2
(4-CHLOROPHENYL)(MORPHOLINO)METHANETHIONE,HSD17B10
SALMETEROL XINAFOATE,HSD17B10
CHEMBL:CHEMBL528694,RELA
INDIGO,NFE2L2
DEXAMETHASONE,CYP3A4
CHLOROTRIANISENE,RORC
GUANFACINE HYDROCHLORIDE,CYP2D6
TRIFLUOPERAZINE,DRD1
GW305074X,SNCA
TAMATINIB,HIPK2
SU9516,ATXN2
CHEMBL:CHEMBL374632,ATM
E319,NFE2L2
CHEMBL:CHEMBL85194,TP53
METHYLENE BLUE ANHYDROUS,THRB
TAMATINIB,DAPK3
CHEMBL:CHEMBL541230,AHR
PROPYLTHIOURACIL,MPO
HESPERADIN,FGFR4
CHEMBL:CHEMBL580340,GLP1R
KARANJIN,CYP2D6
(-)-U-50488,CYP3A4
SORAFENIB,NTRK2
7-HYDROXY ISOFLAVONE,SMN2
7-HYDROXY ISOFLAVONE,SMN1
CHEMBL:CHEMBL591887,KCNH2
CHEMBL:CHEMBL1420181,NPC1
BERBERINE,CYP2D6
(S)-PINACIDIL,CYP3A4
METHYLERGONOVINE,ALDH1A1
GS39783,CYP2C9
CHEMBL:CHEMBL1813518,MAOA
7-HYDROXY ISOFLAVONE,NPC1
MONTELUKAST SODIUM,CYP2D6
MESALAMINE,VDR
CLONIDINE HYDROCHLORIDE,CYP2C9
"1,10-PHENANTHROLINE",TP53
CHEMBL:CHEMBL581872,GLP1R
PROGESTERONE,RXRA
DIMETHYLSPINGOSINE,PRKCA
SNS-314,KDR
DULOXETINE HYDROCHLORIDE,CYP2D6
HYDROXYCHLOROQUINE,G6PD
MITOMYCIN,ABCB4
ANHYDROUS TACROLIMUS,ABCG2
TILARGININE,ADA
DIDEOXYADENOSINE,ADA
DIDEOXYADENOSINE,ADK
TRETINOIN,ADH1C
IMATINIB,ALK
FLOXURIDINE,BCL2
APRINOCARSEN,BCL2
SAPONIN,BCL2
MITOXANTRONE,BCL2
VIRGINIAMYCIN M1,CCK
RECOMBINANT OX40 LIGAND,CCL5
RECOMBINANT HUMAN MACROPHAGE INFLAMMATORY PROTEIN-1 BETA,CCL21
TRIAMCINOLONE,CD1A
PREDNISOLONE,CD34
ROXITHROMYCIN,CD86
INDOMETHACIN,CD86
CISPLATIN,CDC25C
ACETAMINOPHEN,CDK2
IRINOTECAN HYDROCHLORIDE,CDKN1A
CYCLOSPORINE,CDKN1A
PROGESTERONE,CP
BUTHIONINE SULFOXIMINE,CP
ACLARUBICIN,CSF2
BCG VACCINE,CSF2
METHIMAZOLE,CSF2
MARIJUANA,CSH1
MECHLORETHAMINE,CSF2
PROCARBAZINE,CSF2
BLEOMYCIN,CTLA4
BISPECIFIC ANTIBODY,CTLA4
WORTMANNIN,CTLA4
VALERIAN ROOT EXTRACT,CYP2E1
THERAPEUTIC AUTOLOGOUS DENDRITIC CELLS,ERBB2
CYCLOPHOSPHAMIDE ANHYDROUS,FAS
LACTULOSE,FCGR3A
TRIAMCINOLONE,FGF2
MAGNESIUM SULFATE ANHYDROUS,FOS
TETRADECANOYLPHORBOL ACETATE,FOS
MEK INHIBITOR PD-98059,GCG
IMATINIB,HGF
THALIDOMIDE,HLA-B
LAMIVUDINE,HPRT1
"L-744,832",HRAS
NITROSOUREA COMPOUND,HPRT1
UREA,HSPA4
CHLORPROMAZINE,HSPA4
PROTEIN SYNTHESIS INHIBITOR,HSPA4
BETAMETHASONE,IGF2
AZACITIDINE,IL11
THALIDOMIDE,IL6R
ALPHA-TOCOPHEROL ACETATE,CXCL8
THERAPEUTIC CORTICOSTEROID,RPS19
TRETINOIN,LIF
RECOMBINANT LYMPHOKINE,LPL
BLEOMYCIN,MAPK8
PAREGORIC,MAPK14
2-METHOXYESTRADIOL,MAPK8
IRINOTECAN HYDROCHLORIDE,MGMT
RECOMBINANT CYTOKINE,MGMT
IMMUNOTHERAPEUTIC AGENT,MPO
ELSAMITRUCIN,MYC
COBALT CO-60,MYC
PROTOPORPHYRIN,MYC
FULVESTRANT,NOS1
ROSIGLITAZONE,NOS1
TINIDAZOLE,NT5E
CYCLOPHOSPHAMIDE ANHYDROUS,NTRK1
RECOMBINANT CYTOKINE,NTF3
RECOMBINANT CYTOKINE,OXTR
BACILLUS CALMETTE-GUERIN ANTIGEN,PIK3CA
AZACITIDINE,PLAU
ANTIBIOTIC,PLAU
DESIRUDIN,PLG
LYCOPENE,PTH
PROTEIN SYNTHESIS INHIBITOR,PTH
MAGNESIUM SULFATE ANHYDROUS,PTHLH
TRILOSTANE,PTH
PROTEIN KINASE INHIBITOR,PTH
VITAMIN A,RPS19
VITAMIN A,SCD
EPIRUBICIN,SERPINE1
ETHER,TAC1
SPIRONOLACTONE,TNF
TIMOLOL MALEATE,TNF
MAGNESIUM SULFATE ANHYDROUS,TNF
VITAMIN A,TNFRSF8
SAPONIN,TP53
SAR260301,F7
VITAMIN A,UMOD
CYCLOSPORINE,VDR
PF-562271,CDK2
THALIDOMIDE,VWF
CARBIDOPA ANHYDROUS,MTHFR
VORICONAZOLE,POR
ERYTHROMYCIN,NR1I2
SIROLIMUS,NR1I2
PHENOBARBITAL,NR1I2
RESVERATROL,GFER
HYDROCHLOROTHIAZIDE,NUCB2
TNP-470,BAX
DULOXETINE HYDROCHLORIDE,NRXN1
DULOXETINE HYDROCHLORIDE,DRD3
HYDROCHLOROTHIAZIDE,TCF7L2
ASPARAGINASE,PYGL
CAPECITABINE,PTEN
SORAFENIB,WWOX
ETIDRONIC ACID,VDR
NORMEPERIDINE,CYP2C19
LISINOPRIL ANHYDROUS,AGT
CHLORTHALIDONE,AGT
HYDROCHLOROTHIAZIDE,AGT
VINDESINE,ABCB1
FLUCONAZOLE,CYP3A5
IVABRADINE,CYP3A4
ALPRAZOLAM,CYP3A4
GEMCITABINE,ACSS2
METHIONINE,CBS
ASTEMIZOLE,CYP3A4
TOLTERODINE,CYP3A4
ARTEMISININ,CYP3A4
METRELEPTIN,LMNB2
TELMISARTAN,GNB3
OLANZAPINE,GNB3
ACETAMINOPHEN GLUCURONIDE,UGT1A
FULVESTRANT,PGR
SORAFENIB,MAP2K6
SORAFENIB,CYP2B6
SORAFENIB,CDH13
SORAFENIB,SLCO1B1
METHAZOLAMIDE,HLA-B
MONTELUKAST SODIUM,MLLT3
SUMATRIPTAN,HTR2A
SUMATRIPTAN,BDNF
OLANZAPINE,CSMD1
SUMATRIPTAN,COMT
GLATIRAMER,HLA-DRB1
CIPROFLOXACIN,UGT2B7
MELPHALAN,SLC7A5
CIPROFLOXACIN,G6PD
EPINEPHRINE,ADRA1D
DAUNORUBICIN LIPOSOMAL,SLC13A3
MEPERIDINE HYDROCHLORIDE,CYP3A5
ASK-8007,SPP1
METRELEPTIN,AGPAT2
DOCETAXEL ANHYDROUS,ABCC6
NITROFURAZONE,G6PD
OLANZAPINE,GLP1R
DAUNORUBICIN LIPOSOMAL,DOK5
TADALAFIL,CYP3A5
MONOAMINE OXIDASE INHIBITOR,CYP1A2
MONOAMINE OXIDASE INHIBITOR,CES1
GALANTAMINE,PRKCE
BOCEPREVIR,SLC28A2
PITAVASTATIN,CYP3A5
ARTEMETHER,CYP3A5
PANTOPRAZOLE SODIUM,CYP3A5
METRELEPTIN,BSCL2
TREMELIMUMAB,ALK
DOCETAXEL ANHYDROUS,RAF1
LENVATINIB,FLT1
NEOVASTAT,KDR
S-3304,MMP2
DIACETYLRHEIN,IL1RN
COLLOIDAL GOLD-BOUND TUMOR NECROSIS FACTOR,TNFRSF1A
CX-717,GRIA2
ISS-1018,TLR9
HYALURONIC ACID,CD44
HUMANIZED SMART ANTI-IL-12 ANTIBODY,IL12A
INTERFERON BETA,IFNAR1
ALDAFERMIN,FGF1
OPC-28326,ADRA2C
VONAPANITASE,ELN
PHENYLEPHRINE,ADRA1D
PSN357,PYGL
RESMINOSTAT,HDAC2
SAN-300,ITGA1
ZATEBRADINE,PHOX2A
GIMERACIL,DPYD
N-OLEOYLDOPAMINE,CYP2C9
SIFALIMUMAB,IFNAR1
TAS-108,ESR1
TZP-102,GHSR
AMINOGLYCOSIDE ANTIBIOTIC,PTH
SOLRIAMFETOL,SLC6A4
ZUCAPSAICIN,TRPV1
TRETINOIN,IL10
FLAVOXATE,CHRM2
PROPIOMAZINE,ADRA1A
PROPIOMAZINE,CHRM2
APRINDINE,CALM1
DESIPRAMINE,ADRB1
VITAMIN K3,F9
TRIFLUOPERAZINE,ADRA1A
TRIFLUOPERAZINE,DRD2
NIROGACESTAT,APP
RAVAGALIMAB,CD40
CRENOLANIB,SRC
GEMCITABINE,TP53
ENZASTAURIN,AKT1
GSK3050002,CCL20
BETHANECHOL CHLORIDE,CHRM3
RIPRETINIB,PDGFRB
REVAMILAST,PDE4A
MORAB-066,F3
AG-858,HSPA1A
TROSPIUM,CHRM3
PENFLURIDOL,CACNA1G
NBQX,GRIN2B
ACRIDINE CARBOXAMIDE,TOP2A
LITHIUM CARBONATE,IMPA1
ROMIPLOSTIM,PDGFRB
AMLEXANOX,HSP90AA1
LEVOBETAXOLOL,ADRB1
PHENYLTOLOXAMINE,DRD1
PICLAMILAST,PDE4D
CAREBASTINE,HRH1
A-71378,CCKAR
GALLOPAMIL,MME
NITROGLYCERIN,EGFR
ENCALERET SULFATE,CASR
GRANOTAPIDE,MTTP
IXABEPILONE,TUB
CYCLIZINE LACTATE,HRH1
GRC-6211,TOP2A
ASM-024,CHRNA4
EZABENLIMAB,PDCD1
METHYCLOTHIAZIDE,SLC12A3
SODIUM TAUROCHOLATE,GPBAR1
PASIREOTIDE DIASPARTATE,SSTR1
CHOLECALCIFEROL,VDR
PALIRODEN,GRIA2
LY2886721,BACE1
PROMESTRIENE,ESR1
JWH015,CNR2
CIRMTUZUMAB,ROR1
DROTRECOGIN ALFA (ACTIVATED),F5
5-MEO-DMT,HTR2C
(+)-LSD,HTR2C
METITEPINE,NAT2
MPDT,NAT2
METITEPINE,SERPINA3
MPDT,SERPINA3
E55888,SERPINA3
ZILEUTON,CREB1
A134974,CCR2
COMPOUND 15C [PMID: 21536437],DFFB
LISINOPRIL ANHYDROUS,DAPK3
FASIDOTRIL,DAPK3
SPIRAPRIL,DAPK3
MOEXIPRIL,DAPK3
ML233,ACADSB
ELABELA/TODDLER-32,ACADSB
MM54,ACADSB
MRS5151,ABAT
PSB-10,ABAT
MEFLOQUINE,ABAT
MRS1088,ABCA1
MRS1065,ABCA1
MRE 3008F20,ABCA1
MRS928,ABCA1
KU-60019,EEF1B2P2
PROPRANOLOL HYDROCHLORIDE,ABO
NDD-825,ABO
BRL 37344,ACAA1
ML347,DNMT1
AMINOPHYLLINE,PDE4D
COMPOUND 1 [PMID: 25408830],GCLM
SB-423562,ACP5
ATF936,ACP5
GW405833,CNR2
CCL4,ACTA1
[125I]CCL2 (HUMAN),ACTA1
ATIBUCLIMAB,HLA-DRB4
BSAB (CD89-CD20),GATM
TOSITUMOMAB,GATM
ML315,ELAVL2
GATX2,BUB1
LITHIUM CARBONATE,GSK3B
ARACHIDONIC ACID,BUB1
EDICOTINIB,DPYD
DOVITINIB,DPYD
ADRENOMEDULLIN,ACHE
OCTANOL,C4B
PERGOLIDE MESYLATE,DRD2
PIMOZIDE,DRD1
VMIP-II,ACTG1
MILCICLIB,EGR4
"COMPOUND 51 [CROSIGNANI ET AL., 2011]",CYP2C19
COMPOUND 1 [PMID: 31477924],DUSP1
TREPROSTINIL,APOB
DINOPROSTONE,APOB
[3H]BWA868C,APOB
IBUPROFEN LYSINE,PTGS1
[125I]SCH23982,ALCAM
A-381393,ALDH2
[3H]WAY100635,ALDH2
COMPOUND 49 [PMID: 36529947],CCR3
FIRMONERTINIB,DXO
AMINOPHYLLINE,ADORA1
COMPOUND 17B [PMID: 35286086],DXO
BEFOTERTINIB,DXO
IBUPROFEN LYSINE,PTGS2
INDOMETHACIN SODIUM,PTGS2
BREXANOLONE,ARRB2
PENTOXIFYLLINE,ADORA2B
CENOBAMATE,ARRB2
(R)-EF-1520,CD14
ARGIOTOXIN,ASS1
BX-795,SLC29A1
INDIRUBIN-3'-MONOXIME,SLC29A1
ELRAGLUSIB,SLC29A1
COMPOUND 2 [PMID: 31932225],ANXA11
COMPOUND 20F [PMID: 21536438],ADH1C
SEA,ADH1C
COMPOUND 3J [PMID: 21444206],ADH1C
CGEN-857,ADRA2A
RIBAVIRIN,GATA3
BMS-911543,EPHB2
BREPOCITINIB,EPHB2
NEZULCITINIB,EPHB2
ROPSACITINIB,EPHB2
RGB-286638,EPHB2
GDC-0214,EPHB2
EDICOTINIB,DPT
PLX5622,DPT
HALOPERIDOL DECANOATE,BAAT
THIQ,ANGPT2
HS024,ANK1
DACTOLISIB,ETFB
COMPOUND 7 [PMID: 31955578],ETFB
ECF309,ETFB
ARRY-371797,CTNNB1
BIX02189,ERBB4
GDC-0134,ERCC4
(-)-CYCLAZOCINE,APOF
QUADAZOCINE,APOF
7NI,NOS1
CANDOXATRIL,DAP
FASIDOTRIL,DAP
WAGLERIN-1,SERPINC1
PANCURONIUM,SERPINC1
NEUROPEPTIDE K,AQP3
AC263093,ANXA1
RO3,ATP1A4
N4-PHENYLETHOXYCYTIDINE-5'-TRIPHOSPHATE,APCS
SAMOTOLISIB,F7
GSK2292767,F7
PARSACLISIB,F7
LY-294002,F7
T0156,PDE5A
PKR-A,APOA2
PROKINETICIN-2&BETA;,APOA1
TRIAZINE COMPOUND PC10,APOA1
OLAPARIB,FFAR1
CICLOPIROX,GNAI2
BALANOL,CTH
LG100754,HCN2
WNN0109-C011,APRT
COMPOUND 17 [PMID: 23570514],SIRT2
CYCLOSPORINE,CD40LG
264W94,CD44
ECF506,MS4A2
"DES-AA1,2,5,12,13-[D-TRP8]SRIF",FAS
DES-AA5-[D-TRP8]SRIF,FAS
"[111IN,90Y]DOTA-NOC",FASLG
CGP 23996,AQP1
"L-817,818",AQP2
DES-AA5-[D-TRP8]SRIF,AQP1
"[111IN,90Y]DOTA-OC",AQP2
RALTITREXED,GCGR
COMPOUND 13 [PMID: 23098072],TLR2
OXAPROZIN POTASSIUM,PTGS2
EP 171,APOC4
DINOPROSTONE,APOC4
VAPIPROST,APOC4
[125I]SQ-29548,APOC4
SH045,ATP2A2
OAG,ATP2A2
PENTAFLUORO-TRITYL CLOTRIMAZOLE ANALOGUE 29A,ATP4A
LA3+,TRPV4
COMPOUND 25AP [PMID: 37796543],TYK2
BMS-911543,TYK2
WARFARIN,GCK
"[THR4,GLY7]OT",AQP9
OPC-21268,AQP9
D[LEU4]AVP,AR
"D(CH2)5[TYR(ET)2,VAL4,DES-GLY9]AVP",AR
ATOSIBAN,ABCC6
"D(CH2)5[D-ILE2,ILE4,TYR-NH29]AVP",ABCC6
"[PHAA1,D-TYR(ET)2,LYS6,DES-GLY9]AVP",AR
"D(CH2)5[D-ILE2,ILE4,ALA-NH2]AVP",ABCC6
"[125I]D(CH2)5[D-TYR(ET)2,ILE4,TYR-NH29]AVP",ABCC6
"ERGOLOID MESYLATES, USP",ADRA2B
"[PHAA1,D-TYR(ET)2,LYS6,DES-GLY9]AVP",ABCC6
CYTARABINE,IKZF1
CYTARABINE,RUNX1
LINSITINIB,IGF2
C-MET INHIBITOR,MET
PD1 INHIBITOR,HAVCR2
BEVACIZUMAB-AWWB,EGFR
RITODRINE HYDROCHLORIDE,ADRB2
IDELALISIB,PIK3CA
VENETOCLAX,ATM
PACLITAXEL,ATM
OXALIPLATIN,ATM
TIRAGOLUMAB,CD274
CAPECITABINE,CD274
SINTILIMAB,CD274
GEMCITABINE,CDKN2A
ULIXERTINIB,CDKN2A
EMPESERTIB,CTNNB1
METHOTREXATE,FLT3
GLASDEGIB,FLT3
PATIDEGIB,FLT3
FEXAGRATINIB,HRAS
UZANSERTIB,JAK2
LIFIRAFENIB,NRAS
I-BET151,NRAS
APITOLISIB,PIK3CA
LORLATINIB,PIK3CA
AKT INHIBITOR LY2780301,PIK3CA
FLOXURIDINE,PIK3CA
CC-115,PTEN
VISTUSERTIB,STK11
OBINUTUZUMAB,TP53
TALAZOPARIB,TET2
GSK2830371,TP53
MILADEMETAN,TP53
TANESPIMYCIN,TP53
IXAZOMIB,TP53
RUXOLITINIB,TP53
ZOLPIDEM TARTRATE,AR
KETAMINE HYDROCHLORIDE,UGT1A7
PENTOXIFYLLINE,PDE3A
SAN-300,ITGB1
DAIDZEIN,BDKRB1
CHEMBL:CHEMBL1479195,HSD17B10
KENPAULLONE,KDR
GR-389988,DPYD
TERUTROBAN,APOC4
FUROSEMIDE,GNB3
OLANZAPINE,GIPR
CEP-2563,PDGFRB
ROSIGLITAZONE,NFE2L2
TONAPOFYLLINE,ADORA1
PF-04236921,TNF
DICHLOROXYLENOL,AR
BMS-275183,TUB
BACILLUS CALMETTE-GUERIN ANTIGEN,AFP
FLURBIPROFEN SODIUM,PTGS2
SB202190,EGFR
LAPACHONE,SMAD3
HYDRALAZINE,NPC1
LOBARIC ACID,ATXN2
DOXEPIN HYDROCHLORIDE,OPRM1
CALCIMYCIN,XBP1
CHEMBL:CHEMBL587849,SMAD3
OXYTETRACYCLINE ANHYDROUS,RPSA
GEMCITABINE,ATAT1
ALLITRIDIN,VDR
CHEMBL:CHEMBL577660,ALDH1A1
SAPONIN,FOS
ERYTHROMYCIN ESTOLATE,RPSA
[125I]CT (SALMON),ACHE
DAUNORUBICIN LIPOSOMAL,CYP2J2
ANTISENSE OLIGONUCLEOTIDES,DUSP1
BETHANIDINE,ADRB1
OBINUTUZUMAB,GATM
CI-988,CCKBR
CHEMBL:CHEMBL597874,MTOR
CHEMBL:CHEMBL599890,NOD2
CHEMBL:CHEMBL112060,SMN2
CHEMBL:CHEMBL577660,NOD2
OLESOXIME,VDAC2
MORICIZINE HYDROCHLORIDE,SCN5A
DORAMAPIMOD,KDR
CHEMBL:CHEMBL528181,XBP1
DOCETAXEL ANHYDROUS,SOD2
PWT-33587,PIK3CD
CHEMBL:CHEMBL225869,CYP3A4
NITAZOXANIDE,AR
PQR620,ETFB
CHEMBL:CHEMBL578294,SMAD3
CYCLOSPORINE,HSPG2
RO-7121661,HAVCR2
THIRAM,CYP3A4
CHEMBL:CHEMBL602807,HSD17B10
GABAPENTIN,CACNA1G
ARRY-300,MET
A-366,OPN1MW
1-HYDROXY-6-(4-HYDROXY-PHENYL)-1-PHENYL-HEXAN-3-ONE (ENANTIOMERIC MIX),ESR1
MEPHENTERMINE SULFATE,ADRA2A
COMPOUND 2 [PMID: 21939274],ADH1C
FENOLDOPAM MESYLATE,HSD17B10
PF-06843195,F7
CHEMBL:CHEMBL376616,CASP7
MISONIDAZOLE,XDH
VPC03090-P,AMY2A
CHEMBL:CHEMBL471226,CYP1A2
METHAMPHETAMINE,DRD3
CHEMBL:CHEMBL600554,SMN1
PYRAFLUFEN-ETHYL,NFE2L2
MAFOSFAMIDE,IL1B
WORTMANNIN,TRPV1
RESMINOSTAT,HDAC5
"3,4-METHYLENEDIOXYMETHAMPHETAMINE",HTR2C
DEFEROXAMINE,MMP2
CHEMBL:CHEMBL580340,NR2F2
MN-305,HTR1A
ESTRADIOL VALERATE,PPARG
CHEMBL:CHEMBL2152070,FFAR1
[3H]D[CHA4]AVP,AR
GS39783,CYP1A2
DEFOSLIMOD,TLR4
ACASUNLIMAB,CD274
VALSPODAR,ABCB1
"(S,R)-MEFLOQUINE",SMAD3
CHEMBL:CHEMBL578294,KCNH2
RO-5458640,TNFSF12
DEXAMETHASONE,NFE2L2
ELSILIMOMAB,IL6
INIXACICLIB,EIF4EBP1
INDOMETHACIN,FCGR3A
DULOXETINE HYDROCHLORIDE,IL6
COMPOUND 4G [PMID: 30893553],EFNB2
RALOXIFEN,ESR1
PWT-33587,PIK3R1
PYRVINIUM PAMOATE,AR
METERGOLINE,HPSE
POLYESTRADIOL PHOSPHATE,NOS1
THEAFLAVIN,SLC2A4
PIRARUBICIN,TP53
BACILLUS CALMETTE-GUERIN ANTIGEN,BAX
OLANZAPINE,PPARG
BARICITINIB,TYK2
PASIREOTIDE,AQP2
DIPIVEFRIN HYDROCHLORIDE,ADRA1D
CHLORMETHIAZOLE,CYP2C19
DIPIVEFRIN HYDROCHLORIDE,ADRA1A
HESPERADIN,INSRR
OLANZAPINE,MTHFR
HYDROXYAMPHETAMINE HYDROBROMIDE,ADRA1D
DEXFENFLURAMINE HYDROCHLORIDE,HTR2B
ROPINIROLE HYDROCHLORIDE,DRD3
CARBARIL,VDR
R547,CDK2
AG-13958,FLT1
POMIFERIN,CYP2C9
QUINACRINE,MTOR
HESPERADIN,RPS6KA3
CP-459632,FLT1
RG-1530,GSK3B
DEZAPELISIB,PIK3CD
3-METHOXYCATECHOL,ALOX15
PREDNISONE,SLC19A1
CP-459632,FGFR1
CAPECITABINE,CYP19A1
CP-459632,KDR
TELEOCIDIN B,CASP3
CHEMBL:CHEMBL1362503,S1PR4
CYC-116,KDR
VAPITADINE DIHYDROCHLORIDE,HRH1
MIFEPRISTONE,ABCB1
AG 490,PAX2
CHEMBL:CHEMBL1797708,CREBBP
"D[PEN1,TYR(ME)2]AVP",AR
OSI-930,FLT1
DOXORUBICIN HYDROCHLORIDE,GATA3
GALUNISERTIB,TGFB1
TUSAMITAMAB RAVTANSINE,TUBB4B
GLUFOSFAMIDE,SLC2A3
LYSERGIDE,HTR2C
PENTACHLOROPHENOL,NFE2L2
TAK-593,PDGFRB
SOTALOL,KCNE1
DOFETILIDE,BAAT
GLIMEPIRIDE,G6PD
INDOMETHACIN,DDIT3
ANTIOXIDANT,PTPRC
BPI-9016,MET
OLEANOLIC ACID,GSK3B
XL-019,JAK2
RITUXIMAB,ANXA1
GS-9667,ADORA1
CAPECITABINE,FAT1
"D(CH2)5[TYR(ME)2,THR4,PHE(3I,4N3)-NH29]OVT",AR
PREDNISONE,GSTA1
PROPRANOLOL HYDROCHLORIDE,CYP2C9
COMPOUND 17D [PMID: 23099093],ESR1
SB 207710,SERPINA3
ETARACIZUMAB,ITGB3
BMS-189532,BCHE
AZATHIOPRINE,NFE2L2
CAFFEINE,ABCA1
ABT-751,TUBB3
ANTI-ANDROGEN,PIK3CG
SANGIVAMYCIN,JUN
ZIPRASIDONE,MC4R
KAEMPFERIDE,NFKB2
GLYCYRRHETINIC ACID,TAC1
AURINTRICARBOXYLIC ACID,VDR
DAUNORUBICIN LIPOSOMAL,TPMT
3-HYDROXYBENZYLHYDRAZINE,CYP1A2
TIOTROPIUM,ADRB2
RANOLAZINE,CYP3A4
REGORAFENIB,EGFR
PD123319,ACADS
PATIDEGIB,ALOX12
BMS-690514,FLT4
GATIPOTUZUMAB,MUC1
SORAFENIB,NTRK3
BGT-226,PIK3CD
ANAZOLENE,THRB
TRIFLURIDINE,SLC29A1
2-METHOXYESTRADIOL,MAPK14
PSB603,ABCA1
ROTENONE,JUN
RECOMBINANT LYMPHOKINE,ITGB2
INDIBULIN,TUBB3
SB 714786,A2M
LOSMAPIMOD,MAPK14
INSL5,APRT
SF-22,ALDH7A1
MITOMYCIN,CYP2C9
NIMODIPINE,CFTR
ANTIPYRINE,PTGS1
HESPERADIN,NTRK1
"5-(N,N-HEXAMETHYLENE)-AMILORIDE",CYP2C19
COMPOUND 30 [PMID: 37057760],EPHB1
PF-06843195,PIK3CB
OXYTETRACYCLINE HYDROCHLORIDE,VDR
NB-ACETYLTRYPTAMINE,CYP1A2
2-OLEOYL-LPA,ADAM10
AR234958,ADRA2A
GAMMA-INTERFERON,B2M
CYCLOPHOSPHAMIDE ANHYDROUS,CYP1A2
ESTRADIOL DIPROPIONATE,AR
SB202190,CYP2C19
ALEXIDINE DIHYDROCHLORIDE,AR
ILORASERTIB,ERBB2
ANHYDROUS TACROLIMUS,IL18
FOSINOPRIL SODIUM,ACE
ANTAZOLINE PHOSPHATE,HRH1
BALSALAZIDE DISODIUM,ALOX5
METOPROLOL FUMARATE,ADRB1
ACUMAPIMOD,MAPK14
METOPROLOL SUCCINATE,ADRB1
ALLOPURINOL SODIUM,XDH
DANAPAROID SODIUM,SERPINC1
LINAGLIPTIN,DPP4
BUSPIRONE HYDROCHLORIDE,HTR1A
INSULIN ASPART PROTAMINE RECOMBINANT,INSR
INSULIN LISPRO-AABC,INSR
AFLIBERCEPT,PGF
ISOPROTERENOL SULFATE,ADRB1
GUANABENZ ACETATE,ADRA2A
PHENTOLAMINE MESYLATE,ADRA2B
PHENTOLAMINE MESYLATE,ADRA1D
ATROPINE SULFATE,CHRM2
VANDETANIB,EPHB6
VANDETANIB,ERBB3
VANDETANIB,EPHB2
METFORMIN HYDROCHLORIDE,NDUFS7
ACETYLDIGITOXIN,ATP1A4
DIGITOXIN,ATP1A4
GENTAMICIN SULFATE,RPSA
AZITHROMYCIN,RPSA
GABAPENTIN,CACNA1C
LABETALOL HYDROCHLORIDE,ADRA1D
MEPHENTERMINE SULFATE,ADRA1A
MEPHENTERMINE SULFATE,ADRA2C
DROPERIDOL,DRD3
HALOPERIDOL LACTATE,DRD2
HALOPERIDOL LACTATE,DRD3
LY-3009120,RAF1
LY-3007113,MAPK14
ME-344,NDUFA2
ME-344,NDUFS3
ME-344,NDUFAB1
NV-128,NDUFS3
R-1487,MAPK14
VICRIVIROC MALEATE,CCR5
PWT-33587,PIK3R3
ZOTIRACICLIB,JAK2
ZOTIRACICLIB,CDK7
ZOTIRACICLIB,CDK9
HEMAY-022,ERBB2
BI113823,BDKRB1
PBF-999,ADORA2A
CEP-2563,NTRK2
PUQUITINIB,PIK3R1
IMD-2560,IKBKB
TEZOSENTAN,EDNRA
PUQUITINIB,PIK3CD
PUQUITINIB,KDR
CEP-2563,PRKCB
PUQUITINIB,PIK3R3
TAK-715,MAPK14
TASELISIB,PIK3CB
FADOLMIDINE HYDROCHLORIDE,ADRA2A
CEBRANOPADOL,OPRM1
NERELIMOMAB,TNF
PACLITAXEL POLIGLUMEX,TUBB3
TOSEDOSTAT,METAP1
MARIZOMIB,PSMB9
DILEVALOL HYDROCHLORIDE,ADRB3
MEBANAZINE,MAOA
IBUFENAC,PTGS1
TERODILINE HYDROCHLORIDE,CHRM3
IGOVOMAB,MUC16
ACEMETACIN,PTGS1
CORTIVAZOL,NR3C1
CELIPROLOL,ADRA2A
RHIGM12B7,PDCD1LG2
DOXYCYCLINE ANHYDROUS,RPSA
BETAINE,BHMT
AMIFAMPRIDINE PHOSPHATE,KCNA3
AMIFAMPRIDINE PHOSPHATE,KCNA7
MIPSAGARGIN,ATP2A3
SCY 635,PPIA
ISCALIMAB,CD40
NAVAFENTEROL,CHRM3
EXALUREN,RPS19
BUNAZOSIN,ADRA1A
ABIVERTINIB MALEATE,EGFR
APROCITENTAN,EDNRB
NIMACIMAB,CNR1
POZELIMAB,C5
XAMOTEROL,ADRB1
ISTAROXIME,FXYD2
KBP5209,EGFR
FLOTETUZUMAB,CD3E
"FIBRINOGEN, HUMAN",FGB
ACADESINE,PRKAA1
ACADESINE,PRKAB1
CAPIVASERTIB,AKT2
SB 204741,CYP2C9
DOPAMINE,DRD1
DEGUELIN,CYP2C19
FLUNISOLIDE ANHYDROUS,AR
TRIMETAZIDINE,CYP1A2
TRIM,CYP3A4
CHEMBL:CHEMBL585439,NFE2L2
ICI-199441,CYP2D6
PROGESTERONE,CYP1A2
FERROUS SULFATE,CYP1A2
"(R,S)-INDATRALINE",ATXN2
CALCITRIOL,AR
EMODIN,CXCL8
TRACAZOLATE,MEN1
CHEMBL:CHEMBL530733,CYP2C19
LINOPIRDINE,CYP2C19
RALOXIFENE HYDROCHLORIDE,CYP2D6
INDOPROFEN,NPC1
IPCONAZOLE,NFE2L2
ARACHIDONYL TRIFLUOROMETHYL KETONE,ALDH1A1
DESONIDE,AR
CHEMBL:CHEMBL577660,NFE2L2
EPICATECHIN,F2
ELLAGIC ACID,SMAD3
DICHLOROISOPROTERENOL,ADRB2
DICHLOROPHEN,TP53
ROCAGLAMIDE,NFE2L2
CHEMBL:CHEMBL587229,NFE2L2
CHEMBL:CHEMBL587259,CYP1A2
PAPAVERINE HYDROCHLORIDE,AR
CHEMBL:CHEMBL29878,NFE2L2
CHEMBL:CHEMBL1740701,KCNH2
BENZETHONIUM,CYP2D6
"9,10-PHENANTHRENEQUINONE",S1PR4
CHEMBL:CHEMBL68534,ALOX12
BORTEZOMIB,PRSS2
"(R,S)-INDATRALINE",NFKB1
AG1478,HSD17B10
PROTOPORPHYRIN DISODIUM,VDR
3-HYDROXYANTHRANILIC ACID,CASP7
DIHYDROXYPHENYLGLYCINE,CYP3A4
"2,3-DIHYDROXY-6,7-DICHLOROQUINOXALINE",HSD17B10
SB 222200,NFKB1
CHEMBL:CHEMBL578928,SMAD3
NAFTOPIDIL,MAPK1
7-HYDROXY ISOFLAVONE,BRCA1
SB 222200,CYP2C9
CHEMBL:CHEMBL1493528,THRB
CHEMBL:CHEMBL530049,ATXN2
ATOROLIMUMAB,RHD
LAMOTRIGINE,CYP2C9
AVE-1642,IGF1R
TRICHOSTATIN A,HDAC1
SENNOSIDE B,USP2
CLOXYQUIN,HSP90AA1
GALANGIN,CYP2D6
EPINEPHRINE,HIF1A
JNK INHIBITOR VIII,CDK2
QUESTIOMYCIN B,NFE2L2
BROMOPYROGALLOL RED,RELA
SENNOSIDE B,SMAD3
CHEMBL:CHEMBL1797707,EP300
EMETINE HYDROCHLORIDE,PPARD
BUTAMBEN,TRPV4
MODAFINIL,CYP2C19
CHRYSIN,CYBB
METAMIZOLE SODIUM,PTGS2
RG-1530,CDK7
ILORASERTIB,FLT3
ENTRECTINIB,KDR
CHRYSIN,SMN1
INDOPROFEN,PTGS2
ESTAZOLAM,CREBBP
DL-TBOA,CYP2C9
LEVODOPA,WRN
CHEMBL:CHEMBL1548739,CYP2C19
ISOXICAM,PTGS2
CHEMBL:CHEMBL581910,SMN2
KETOCONAZOLE,SNCA
HEXAHYDROCURCUMIN,DNMT1
PERBROMOBENZENE,AR
CUMENE HYDROPEROXIDE,ESR1
HYDRALAZINE,CYP1A2
(R)-SARGACHROMENOL,NR1H4
(S)-FELODIPINE,HSD17B10
PROPYLTHIOURACIL,CYP2C9
ETHINYL ESTRADIOL,UGT1A1
NOMIFENSINE MALEATE,SLC6A4
CLOFIBRATE,JUN
DOPAMINE,HSD17B10
CHEMBL:CHEMBL1506226,GNAS
CHEMBL:CHEMBL260028,SMN2
LINOLENIC ACID,VDR
PRONETALOL,ADRB1
INDOPROFEN,SMN1
BENZOTHIAZYL DISULFIDE,NFE2L2
CHEMBL:CHEMBL533921,KCNH2
KETANSERIN TARTRATE,CYP2D6
LOPERAMIDE,MTOR
RALOXIFENE HYDROCHLORIDE,RXRA
CEPHALOTHIN,DNMT1
LAPACHONE,CYP2C9
PHENSERINE,ALDH1A1
A33 131I,GPA33
CHEMBL:CHEMBL1650245,HDAC3
HESPERADIN,ACVRL1
CHEMBL:CHEMBL11458,CYP1A2
DL-TBOA,CYP2C19
ILORASERTIB,IRAK1
MIRVETUXIMAB SORAVTANSINE,TUBB4A
BENZAMIL HYDROCHLORIDE,KCNH2
5-FLUOROURIDINE,HBB
NILE RED,GPR55
PHENAMIL,SMN2
TELOMESTATIN,TERT
"5,7-DIMETHOXYISOFLAVONE",SMN1
MIRVETUXIMAB SORAVTANSINE,TUBB4B
CHEMBL:CHEMBL201325,RELA
BUTAMBEN,TRPA1
ENLIMOMAB,ICAM1
SEGESTERONE ACETATE,PGR
IXAZOMIB,PSMA6
OLTIPRAZ,PTPN11
RG-1530,PKN2
OLTIPRAZ,PTPN1
THIOPERAMIDE,CYP2C9
DIFAMILAST,PDE4D
(S)-MIDODRINE,CYP1A2
CHEMBL:CHEMBL42355,SMN1
ZARDAVERINE,CYP2C19
RG-1530,MAPK1
CHEMBL:CHEMBL1310701,VDR
ILORASERTIB,TYK2
KETOCONAZOLE,CYP1A2
CHEMBL:CHEMBL253786,CYP2C9
PIRETANIDE,HSD17B10
RS-17053,CYP1A2
CHEMBL:CHEMBL388823,SMN2
ELIPRODIL,KCNH2
CHEMBL:CHEMBL548338,KCNH2
PHENELZINE SULFATE,AR
3-O-METHYLQUERCETIN,WRN
TRICHOSTATIN A,ALDH1A1
DARBUFELONE MESYLATE,AR
ISOPROTERENOL,MTOR
[3H]GABAZINE,CYP2C19
SAPPANONE A DIMETHYL ETHER,VDR
"6,4'-DIMETHOXYFLAVONE",RELA
BORTEZOMIB,CTSL
NAPHTHOQUINONE,CASP3
OLEAMIDE,TP53
ILORASERTIB,AXL
DICHLOROPHEN,HSP90AA1
AMSACRINE,MTOR
EMODIN,CYP2C19
DIOXYBENZONE,CYP2C19
AURINTRICARBOXYLIC ACID,CYP1A2
CHEMBL:CHEMBL515252,SUMO1
CHEMBL:CHEMBL401565,IKBKB
CHEMBL:CHEMBL502774,RELA
ROTENONE,AR
"5,7-DIMETHOXYISOFLAVONE",HSD17B10
TERAZOSIN,CYP2C19
RO31-8220,SMAD3
EMODIN,AHR
PYROXAMINE MALEATE,GLP1R
CHEMBL:CHEMBL2094549,CYP2C19
VITAMIN A,NFE2L2
CHEMBL:CHEMBL599088,TP53
TRACAZOLATE,TP53
BISDEMETHOXYCURCUMIN,SMAD2
TAMATINIB,ERBB4
ALLOPURINOL,CYP2D6
PIPLARTINE,TP53
GW282974X,CYP3A4
CYCLOVALONE,NOD2
LAMOTRIGINE,CYP1A2
PIPERIDOLATE HYDROCHLORIDE,CYP3A4
METHYSERGIDE,ALDH1A1
LAMOTRIGINE,AQP4
QUINACRINE,DRD1
BECLOMETHASONE,CYP2C9
AG 1296,SMN1
AG 1296,SMN2
INDOLE-3-CARBINOL,NFE2L2
CHEMBL:CHEMBL1270168,CYP2C19
CYTARABINE,CYP3A4
"4,2',4',6'-TETRAHYDROXYCHALCONE",CYP3A4
GW282974X,CYP1A2
CHEMBL:CHEMBL601146,NFE2L2
KERACYANIN,MAPK14
HESPERADIN,KDR
CHEMBL:CHEMBL260560,TP53
DAUNORUBICIN LIPOSOMAL,THRB
OCHRATOXIN A,NR1H4
EMODIN,CYP2D6
SYK INHIBITOR III,ATXN2
CHEMBL:CHEMBL168075,AR
DIBENZOYLMETHANE,SMN1
ALLOPURINOL,CYP2C19
ILORASERTIB,HIPK2
CHEMBL:CHEMBL1465049,ALDH1A1
CHEMBL:CHEMBL605077,MTOR
BORTEZOMIB,PLG
CHEMBL:CHEMBL1317506,SMAD3
CHEMBL:CHEMBL581872,ALDH1A1
APIOL,CYP3A4
NAFAMOSTAT,ALDH1A1
INDOPROFEN,RELA
HARMOL HYDROCHLORIDE,HSD17B10
CHOLIC ACID,ABCB11
STROPHANTHIDIN,SMAD3
SB202190,RIPK2
"5,7-DIHYDROXY-4-METHYLCOUMARIN",HSD17B10
ARACHIDONIC ACID,VDR
ALLYL ISOTHIOCYANATE,TRPA1
ESTRADIOL VALERATE,ESRRA
CHEMBL:CHEMBL259805,NPC1
IDARUBICIN,KCNH2
ENTRECTINIB,FLT3
EPICATECHIN,ALB
FLUPENTHIXOL,TP53
PHENTHOATE,VDR
AFIMOXIFENE,RXRA
CHEMBL:CHEMBL599469,NPC1
PYRITHIONE ZINC,TP53
PSORALEN,CYP3A4
AURINTRICARBOXYLIC ACID,USP2
CHEMBL:CHEMBL1317986,HSD17B10
DEGUELIN,CYP2D6
CHEMBL:CHEMBL548540,SNCA
TRACAZOLATE,CREBBP
QUERCETIN,ALDH1A1
CYANOPEPTOLIN S,PRSS2
DIPHENYLAMINE-2-CARBOXYLIC ACID,LCK
RALOXIFENE HYDROCHLORIDE,KCNH2
SB202190,IGF1R
S(+)-APOMORPHINE,CYP1A2
ALDICARB,AHR
CHEMBL:CHEMBL297304,WRN
M-CHLOROPHENYLPIPERAZINE,CYP2D6
CHEMBL:CHEMBL1606,AR
PYRITHIONE ZINC,RORC
BORTEZOMIB,CAPN1
ANETHOLE TRITHIONE,VDR
FLUTAMIDE,CYP2C19
GLYBURIDE,CYP3A4
EMODIN,AR
PYROGALLOL,ALDH1A1
YESSOTOXIN,GYPA
HESPERADIN,FYN
MAKALUVAMINE F,TOP2A
"3,4-DIMETHOXYDALBERGIONE",VDR
ENTRECTINIB,RPS6KA3
CHEMBL:CHEMBL241813,ALOX15
ILORASERTIB,MET
TAMATINIB,PDGFRB
BUTOCONAZOLE,HSP90AA1
CHEMBL:CHEMBL1362503,NFE2L2
DOPAMINE,DRD3
CHEMBL:CHEMBL1601846,CASP6
CHEMBL:CHEMBL607308,KCNH2
CEFOPERAZONE,ABCC2
EPINEPHRINE,DRD1
25-HYDROXYCHOLESTEROL,NPC1
RETUSIN,ABCG2
POMIFERIN,ALOX15
RG-1530,NTRK1
CHEMBL:CHEMBL1688556,HSP90AA1
RESACTIN A,NR2F2
CHEMBL:CHEMBL297304,NFE2L2
DEMECOLCINE,NR0B1
[3H]GBR12935,ALOX15
CHEMBL:CHEMBL421215,TP53
ERLOTINIB,JAK2
HERNIARIN,HSD17B10
CHEMBL:CHEMBL416038,KAT2B
PD-98059,CYP1A2
VINPOCETINE,DRD1
IMIPRAMINE HYDROCHLORIDE,KCNH2
DEQUALINIUM,HSD17B10
CHEMBL:CHEMBL260028,NPC1
SPERMIDINE,CYP2C9
CHEMBL:CHEMBL530733,CYP3A4
CLORGILINE,CYP1A2
ESOXYBUTYNIN,CYP2C19
DYCLONINE HYDROCHLORIDE,ALDH1A1
MITOMYCIN,CYP1A2
CHEMBL:CHEMBL1362503,MEN1
MT-3724,RPL29
PURPURIN,MAPK1
DASATINIB ANHYDROUS,SIK2
CHEMBL:CHEMBL1465049,VDR
MORONIC ACID,PTPN1
CHEMBL:CHEMBL77387,ALDH1A1
CHEMBL:CHEMBL1422873,GAA
SR59230A,CYP1A2
SEROTONIN,CYP1A2
AMITRIPTYLINE HYDROCHLORIDE,KCNH2
(S)-SARGACHROMENOL,NR1H4
ILORASERTIB,MAPK14
GENTAMICIN,CYP3A4
INDOCATE,AR
CHEMBL:CHEMBL592123,TP53
CHEMBL:CHEMBL73380,AR
EFONIDIPINE,AR
ATRACURIUM BESYLATE,AR
DENDROAMIDE A,ABCB1
CHOLECALCIFEROL,CYP3A4
ROTENONE,NFE2L2
CHEMBL:CHEMBL1588679,HIF1A
CLOBENPROPIT,CYP2C19
PLUMBAGIN,EGFR
CHEMBL:CHEMBL53738,NFE2L2
EPOTHILONE D,TUBB4B
LUSUTROMBOPAG,F5
ALPELISIB,PIK3C2A
GSK-2636771,PIK3C2G
APITOLISIB,PIK3C2G
GSK-2636771,PIK3CD
REFAMETINIB,MAP2K3
ISOPROTERENOL,AANAT
ROSIGLITAZONE,AGTR2
CARBONIC ANHYDRASE INHIBITOR,AQP1
DIMETHYL SULFOXIDE,AQP1
ABIVERTINIB,EGFR
EPIRUBICIN,BCL2
OXIDOPAMINE,BDNF
CHLORPROMAZINE,BDNF
DIHYDROTESTOSTERONE,BGLAP
GLYCYRRHETINIC ACID,BGLAP
MITOXANTRONE,BRCA1
THERAPEUTIC CORTICOSTEROID,CARTPT
PROTOPORPHYRIN,CP
ISOPROTERENOL,CYP19A1
DAUNORUBICIN LIPOSOMAL,CYP1A1
ANABOLIC STEROID,CYP19A1
FULVESTRANT,CYP1A2
SPIRONOLACTONE,CYP1A1
MICAFUNGIN,CYP3A4
METRONIDAZOLE,CYP3A4
PREDNISOLONE,CYP3A5
OXIDOPAMINE,DDIT3
DOCETAXEL ANHYDROUS,DDIT3
OLINVACIMAB,KDR
RECOMBINANT INTERLEUKIN-1-ALPHA,EPO
SULFORAPHANE,GCLM
OLUMACOSTAT GLASARETIL,ACACA
ANTISENSE OLIGONUCLEOTIDES,GFAP
CHEMOPREVENTIVE AGENT,GGT1
PHYTOSTEROL,GHRL
GENTAMICIN,GGT1
MISONIDAZOLE,GSR
CARVEDILOL,GSR
PHYTOCHEMICAL,GSTA1
CAMPTOTHECIN,GSTP1
SULFORAPHANE,GSTM1
HYDROQUINONE,IL1B
THERAPEUTIC CORTICOSTEROID,IL1R1
GENTAMICIN,IL2
EDRECOLOMAB,IL2
RECOMBINANT SOLUBLE HUMAN CD4 PROTEIN,IL2
METOCLOPRAMIDE HYDROCHLORIDE,IL2
TROPISETRON,IL2
MARIJUANA,IL2
ANTISENSE OLIGONUCLEOTIDES,INPPL1
PAREGORIC,ITGAM
DIHYDROTESTOSTERONE,KCNA5
ANTHRACYCLINE ANTINEOPLASTIC ANTIBIOTIC,LDHA
CHOLESTYRAMINE RESIN,LDLR
FAT EMULSION,LDLR
METHOXSALEN,MAPK14
LETROZOLE,MMP2
DICLOFENAC SODIUM,MPO
CYCLOPHOSPHAMIDE ANHYDROUS,NAT2
LYCOPENE,NFE2L2
NONSTEROIDAL ANTIINFLAMMATORY DRUG,NOS1
COMPOUND 32,NRG1
ISOPROTERENOL,NRG1
THEAFLAVIN,PIK3CA
MTOR INHIBITOR,PIK3CG
ROSIGLITAZONE,PIK3CG
GENTAMICIN,PLA2G2A
THEAFLAVIN,PIK3CG
ETIDRONATE DISODIUM,PLA2G2A
ROQUINIMEX,REG1A
ANTISENSE OLIGONUCLEOTIDES,RUNX2
COLCHICINE,SLC2A4
PROTEIN SYNTHESIS INHIBITOR,SLC2A4
TRETINOIN,SMARCA4
FGFR INHIBITOR DEBIO 1347,FGFR1
RECOMBINANT TRANSFORMING GROWTH FACTOR,SMAD4
WORTMANNIN,SPP1
IMMUNOSUPPRESSANT,SPP1
DNA METHYLTRANSFERASE INHIBITOR,STAT4
RECOMBINANT INTERLEUKIN,STAT3
PROGESTERONE,STS
PREDNISOLONE,TG
ACIVICIN,TGM2
TRIAMTERENE,TH
CAMPTOTHECIN,THBS1
TRETINOIN,WT1
CAMPTOTHECIN,WRN
BORTEZOMIB,XIAP
ASG-5ME,TUBB3
PRUXELUTAMIDE,AR
HYDROCHLOROTHIAZIDE,NELFCD
ROZANOLIXIZUMAB,CHRNA4
GALANTAMINE,APOE
VINORELBINE,STMN1
DOXORUBICIN HYDROCHLORIDE,ERCC1
TEBOTELIMAB,LAG3
BUDIGALIMAB,PDCD1
LEVILIMAB,IL6R
VORICONAZOLE,NR1I2
DOXEPIN HYDROCHLORIDE,ABCB1
DOXEPIN HYDROCHLORIDE,KCNH2
DASIGLUCAGON,GCGR
PAZOPANIB,CYP2C8
PAZOPANIB,CXCL8
THIOGUANINE,SLC28A3
PITAVASTATIN,CYP2C9
CAPECITABINE,ABCG2
CERIVASTATIN,CYP2C8
DOTHIEPIN,SLC6A4
SUMATRIPTAN,SLC22A1
ASPARAGINASE,HLA-DRB1
OLANZAPINE,GCG
HYDRALAZINE,MMP9
CANDESARTAN CILEXETIL,SH2B3
BROMPERIDOL,ABCB1
TRABECTEDIN,ABCB1
ROMIDEPSIN,ABCB1
FLUVASTATIN,ABCB1
IGURATIMOD,ABCB1
AZITHROMYCIN,ABCB1
GLYBURIDE,ABCB11
PREDNISONE,CTLA4
NITRIC OXIDE,NAMPT
PREDNISONE,CYBA
TREMELIMUMAB,EGFR
OLANZAPINE,PRKAB2
AFLATOXIN B1,CYP2B6
EPLERENONE,ATP1A1
UMECLIDINIUM BROMIDE/VILANTEROL,CYP2D6
RANOLAZINE,CYP2D6
HYDROCHLOROTHIAZIDE,PRKCA
DAUNORUBICIN LIPOSOMAL,CPT1A
OXALIPLATIN,KCNQ1
DOXORUBICIN HYDROCHLORIDE,CPT1A
GLYBURIDE,BDKRB2
GLYBURIDE,MAPK1
OLANZAPINE,SLC26A9
VALPROIC ACID,PRKAA2
VALPROIC ACID,CACNA1D
ASTEMIZOLE,KCNH2
ANHYDROUS DEXTROSE,SLCO1B1
EFAVIRENZ,CYP2C19
GLATIRAMER,PVT1
GLATIRAMER,IFNAR1
HYDROMORPHONE HYDROCHLORIDE,CYP3A5
THIOGUANINE,BMP7
DAUNORUBICIN LIPOSOMAL,SLCO6A1
DOXORUBICIN HYDROCHLORIDE,SOD2
LABETALOL,UGT1A1
FLUVASTATIN,CETP
PREDNISONE,CYP3A5
DOCETAXEL ANHYDROUS,NAT2
VORTIOXETINE HYDROBROMIDE,HTR2A
DOCETAXEL ANHYDROUS,XRCC4
LEVOKETOCONAZOLE,CYP11B2
HYDROCHLOROTHIAZIDE,NELL1
ACETAMINOPHEN GLUCURONIDE,UGT1A7
HYDROCHLOROTHIAZIDE,UGGT2
HYDROCHLOROTHIAZIDE,HSD3B1
GEMCITABINE,XYLT2
DOCETAXEL ANHYDROUS,EPHX1
ASENAPINE,DRD1
ASENAPINE,ADRA1A
ASENAPINE,ADRA2B
ASENAPINE,DRD3
FP-1039,FGFR4
MEBENDAZOLE,TUBB4B
MC-1,P2RY12
BMN-044,DMD
TRAFERMIN,FGFR1
VIDOFLUDIMUS,IL17A
MIVACURIUM,CHRM2
ZIPRASIDONE,HRH1
ZICRONAPINE,DRD1
CARBOXYAMIDOTRIAZOLE OROTATE,IL2
GMI-1359,CXCR4
LODAPOLIMAB,CD274
PIM447,PIM1
IL-2/9/15 GAMMA CHAIN RECEPTOR INHIBITOR BNZ-1,IL2
EPTINEZUMAB,S100A12
OMAVELOXOLONE,GABPA
ORISMILAST,PDE4A
MIRIKIZUMAB,IL12A
AZD7687,DGAT1
BIMIRALISIB,MTOR
ASPIRIN,HMGCR
CRA1000,CRHR1
SPERMIDINE,TXNRD1
DOPEXAMINE,DRD2
OXAPROZIN,COX8A
MEPTAZINOL,BCHE
VANDETANIB,PTEN
FLUOROQUINOLONE,TOP2A
SOTRASTAURIN ACETATE,PRKCQ
SOTRASTAURIN ACETATE,PRKCA
NIACINAMIDE,PARP1
CURCUMIN,XDH
OXEGLITAZAR,PPARA
PF-4708671,RPS6KB1
KGP94,CTSL
STAT3 INHIBITOR OPB-31121,STAT3
RESVERATROL,PRKCA
ROSOXACIN,TOP2A
GSI-136,GLUL
CIPATINIB,ERBB2
CHF-5074,GLUL
ALTENUSIN,SNCA
ALACEPRIL,ACE
BMS-188797,TUB
CL-329167,AGTR1
CHEMBL:CHEMBL450802,SNCA
TFMPP,A2M
YOHIMBINE,NAT2
CENISERTIB,MAP2K2
"COMPOUND 7 [NGUYEN ET AL., 2023]",DNM2
A-119637,ABCA4
PHENTOLAMINE,ABCA4
FIPEXIDE,CYP1A2
PHENTOLAMINE,AOC1
PERVILLEINE C,ABCB1
LISINOPRIL-TRYPTOPHAN,DAPK3
COMPOUND 15A,ACADSB
MRE 3008F20,ABAT
LAS38096,ABAT
DERENOFYLLINE,ABCA1
FLAVONE,ABCA1
CGS 24012,ABCA1
OSAJIN,ALDH1A1
A011,EEF1B2P2
OLODANRIGAN,ACADS
MEPLAZUMAB,HLA-DRB5
CARVEDILOL,ACAA1
LDN-214117,DNMT1
TYRPHOSTIN AG 555,CYP1A2
OF-1,GCLM
ABIVERTINIB,EFNB2
PIRTOBRUTINIB,EFNB2
COMPOUND 9 [PMID: 26006010],EFNB2
JMV1116,BDKRB2
KALLIDIN,BDKRB2
QUINIDINE,CYP2C9
COMPOUND 17 [PMID: 24257095],ACACA
JMV1431,BDKRB2
"[PHE8,&PSI;(CH2-NH)ARG9]BK",BDKRB2
CALPEPTIN,CAPN1
SODIUM DIMETHYLCARBAMODITHIOATE,AR
UAWJ9-36-3,CAPN1
AC-VEID-CHO,DBI
BAYK 8644,CACNA1D
BMS-817399,ACTA1
CCL28,ACTB
[125I]CCL11 (HUMAN),ACTB
FELODIPINE,CFTR
OCTANOL,C3
FLUFENAMIC ACID,C4A
ISOTHIOUREA-1T,ACTG1
QR-6401,EGR4
DALPICICLIB,CDK4
EBVACICLIB,EIF4EBP1
LTD4,AMPD1
AMINOOXYACETIC ACID,CSHL1
MESORIDAZINE,ALDH1A1
(+)-BUTACLAMOL,ALDH1A1
(+)-BUTACLAMOL,ALDH2
ECTODYSPLASIN A2,EDA
EI1,EZH2
SAPITINIB,DXO
ORANTINIB,DXO
JNJ1661010,CRP
CATEQUENTINIB,DRD3
FRUQUINTINIB,DRD3
VATALANIB,DRD3
BAY-6672,APOC2
COMPOUND 25 [PMID: 31260299],ENO2
ECF506,ENO2
PHENCYCLIDINE,GRIN2B
BALANOL,CST3
ENTINOSTAT,GAS2
RICOLINOSTAT,GAS1
CID1172084,ADCY3
"CP55,667",ADCY3
FLUMBATINIB,DPT
RISVODETINIB,DPT
ROTTLERIN,BAD
LESTAURTINIB,CTSV
COMPOUND 2 [PMID: 15546730],EPHX2
OMPT,BIN1
&ALPHA;-FLUOROMETHYLENEPHOSPHONATE,BIN1
PG-106,ANGPT1
GERANYLGERANYL DIPHOSPHATE,BLK
RGB-286638,CTNS
LITHOCHOLYLCHOLINE,AANAT
VINBURNINE,AANAT
STRYCHNINE,AANAT
PIRENZEPINE,AANAT
BILORPHIN,APOF
ETHYLKETOCYCLAZOCINE,APOF
COMPOUND 16 [PMID: 31498617],APOF
LIDOCAINE,BBS1
HEXAMETHONIUM,ATF3
OSANETANT,AQP4
IBODUTANT,AQP4
NEUROKININ B,AQP5
SUBSTANCE P,AQP5
PD 161182,AQP5
RTI-118,ANXA2
Y-RFRP-3,ANXA1
DISPROCYNIUM24,CDK6
ALPELISIB,F5
PQR620,F3
PILARALISIB,F5
PIK-75,F5
FIMEPINOSTAT,F5
GSK1059615,F5
COMPOUND 15A [PMID: 32069401],PIK3CB
ZSTK474,F5
AZD8154,PIK3CB
NITROSOPRODENAFIL,PDE5A
MC2050,GNAI2
APR19,BDNF
WNT-974,HMBS
[HIS5]PTH-(1-34) (HUMAN),XIAP
PTHRP-(1-36),XIAP
"[ILE5,TRP23]PTHRP-(1-36) (HUMAN)",XIAP
ABALOPARATIDE,XIAP
SANGUINARIUM,VDR
VER-246608,GRM5
CHOLESTEROL SULPHATE,BCL2L1
NANOLUCIFERASE-LABELLED RELAXIN,APP
PF-562271,PRKAA1
A(C10/15S)INSL3,APPL1
INSL3 B-CHAIN ANALOGUE,APPL1
DESMETHOXYYANGONIN,SMN1
AUY954,AMY2A
TODRALAZINE,CYP1A2
COMPOUND 26 [PMID: 16190743],AMY2A
LICOGLIFLOZIN,CD3E
COMPOUND 21B [PMID: 31944697],SMPD1
COMPOUND 2 [PMID: 15546730],MS4A2
VELDOREOTIDE,FASLG
"L-362,855",FASLG
BIM 23030,FASLG
(-)-USNIC ACID,CYP2C9
RJW100,BGLAP
PFI-3,GLP1R
PRU-12,ALDH7A1
SPERMINE,TRPM5
RN1747,TRPV4
MPS1-IN-1,FGFR4
JAK3 INHIBITOR 32,TYK2
SELEPRESSIN,AQP9
"D(CH2)5[D-ILE2,ILE4,ALA-NH2]AVP",AQP9
ANTI-HER3 MONOCLONAL ANTIBODY GSK2849330,NRG1
CAPIVASERTIB,MTOR
MTOR INHIBITOR,TSC2
CRIZOTINIB,IGF1R
MTOR INHIBITOR,PTEN
BEVACIZUMAB-AWWB,MMP2
BEVACIZUMAB-AWWB,MMP9
VENETOCLAX,ALK
THZ1,ALK
VANTICTUMAB,APC
MPS1-IN-1,CTNNB1
NINTEDANIB ESYLATE,KIT
SGC0946,KMT2A
PALBOCICLIB,NRAS
SINTILIMAB,NRAS
DEL-22379,NRAS
TAS-117,PIK3CA
PI3K/MTOR KINASE INHIBITOR WXFL10030390,PIK3CA
REGORAFENIB,PIK3CA
MULTI-AGC KINASE INHIBITOR AT13148,PTEN
APITOLISIB,PTEN
AZD8835,PTEN
TGX-221,PTEN
TAS-117,PTEN
IPILIMUMAB,PTEN
MALATHION,ACE
PLINABULIN,TUBB4A
PLINABULIN,TUBB3
TOFOGLIFLOZIN,SLC5A2
VERUBULIN,TUBB4A
MUPARFOSTAT,VEGFA
MUPARFOSTAT,FGF2
MUPARFOSTAT,FGF1
PARECOXIB SODIUM,PTGS2
DEXIBUPROFEN,PTGS1
CONBERCEPT,PGF
ROVELIZUMAB,ITGB2
PF-04236921,IL6
DEXFENFLURAMINE HYDROCHLORIDE,HTR2C
CHLORPHENOXAMINE,HRH1
CADAZOLID,RPSA
LAROTAXEL,TUBB3
M-1095,IL17F
TAS0612,RPS6KA2
TAS0612,AKT1
ZAMICASTAT,DBH
ANG1005,TUBB4A
KBP5209,ERBB3
RG-7636,TUBB4A
EDASALONEXENT,NFKB1
SELETALISIB,PIK3CD
BELUMOSUDIL MESYLATE,ROCK1
ENIBARCIMAB,ADM
VB-201,TLR2
TIRZEPATIDE,GLP1R
GELDANAMYCIN,HSP90AA1
SAPPANONE A TRIMETHYL ETHER,CYP3A4
ENTRECTINIB,FLT4
CHEMBL:CHEMBL41680,CYP2C19
DASATINIB ANHYDROUS,FGFR1
CHEMBL:CHEMBL1255656,DRD3
AMSACRINE,HSD17B10
NS1619,CYP1A2
CHEMBL:CHEMBL512649,HSD17B10
TAMATINIB,NTRK3
CHEMBL:CHEMBL1078000,EGFR
CHEMBL:CHEMBL590665,TP53
CHELIDAMIC ACID,NFKB1
KENPAULLONE,FLT3
[3H]GBR12935,CYP2C9
LINOLENIC ACID,ALDH1A1
NITROBLUE TETRAZOLIUM,KMT2A
ENTRECTINIB,SYK
CHEMBL:CHEMBL189724,CYP1A2
CLOXYQUIN,NFE2L2
SCOPOLETIN,GFER
CHEMBL:CHEMBL525106,KCNH2
RS-17053,CYP2C19
OXYTETRACYCLINE HYDROCHLORIDE,ALDH1A1
CHEMBL:CHEMBL592305,PPARD
LABETALOL,CYP2C9
[3H]GABAZINE,CYP2C9
PICEATANNOL,DRD1
MONTELUKAST SODIUM,CYP1A2
UMECLIDINIUM BROMIDE,CHRM3
LEVODOPA,HSD17B10
ZAPA,CYP2C9
RG-1530,NTRK2
COMBRETASTATIN A4,MAPK3
3-AMINOBENZAMIDE,HSD17B10
BENZO[B]FLUORANTHENE,NFE2L2
CHEMBL:CHEMBL2094549,CYP2C9
FUMARPROTOCETRARIC ACID,THRB
RG-1530,CDK2
RO31-8220,ALOX15
SN-38,HDAC5
PHENOBARBITAL,CYP2D6
GANODERMANONTRIOL,NR1H4
EUPATORIN,KDR
TRIFLUOPERAZINE,CYP2C19
CHEMBL:CHEMBL603031,ALDH1A1
(R)-BICALUTAMIDE,AR
TG100-115,RPS6KB1
BENZOTHIAZYL DISULFIDE,HSD17B10
CHEMBL:CHEMBL1242210,CXCR4
ICI-199441,CYP2C9
PHENETHYLISOTHIOCYANATE,TP53
CHEMBL:CHEMBL486706,GAA
CHEMBL:CHEMBL453818,TUBB3
CHEMBL:CHEMBL453818,TUBB4B
ETHOXZOLAMIDE,AQP4
TRIPARANOL,AR
TRETINOIN,RXRA
EPICATECHIN,NOS3
TAMATINIB,FYN
PICEATANNOL,SMN2
AMSACRINE,ATXN2
ZIMELDINE,DRD1
E319,CXCL8
AMSACRINE,CYP3A4
RG-1530,RPS6KA3
KASANOSIN A,POLG
CHEMBL:CHEMBL1320798,BRCA1
DEXAMETHASONE,AR
HALOPROGIN,AR
CHEMBL:CHEMBL601952,ALOX15
PYROGALLOL,ALB
SORAFENIB,RPS6KB1
DIPHENYLENEIODONIUM,CYP2C9
CHEMBL:CHEMBL523200,XBP1
CHEMBL:CHEMBL585827,HSP90AA1
CHEMBL:CHEMBL502774,NPC1
TRETINOIN,NFE2L2
CHEMBL:CHEMBL462861,VDR
JNK INHIBITOR VIII,MAPK8
CHLORPYRIFOS,CYP3A4
CIMIRACEMATE A,MAPK3
7-BENZYLOXYCOUMARIN,NFE2L2
OLEANOLIC ACID,PTPN1
TRIFLUOPERAZINE,CYP3A4
DINITRO CRESOL,CXCL8
TERAZOSIN,CYP3A4
PYRITHIONE ZINC,ESR1
CEFOPERAZONE,CYP2C19
LINOPIRDINE,CYP3A4
(S)-FLUOXETINE,CYP2D6
(S)-FLUOXETINE,ATXN2
(S)-PROMETHAZINE,CYP2D6
FERROUS SULFATE,CYP3A4
CHEMBL:CHEMBL530049,TP53
PENTABROMOPHENOL,ESR1
ROTENONE,MTOR
CHEMBL:CHEMBL599890,NOD1
THIOPERAMIDE,CYP2C19
PHENETHYLISOTHIOCYANATE,MTOR
PD-98059,CYP2C9
DALFAMPRIDINE,CYP2D6
CHEMBL:CHEMBL603952,ATXN2
TYROSOL SINAPATE,MET
GESTRINONE,AR
PROPYLTHIOURACIL,CYP2D6
TELENZEPINE,CYP2D6
3-ACETYLCOUMARIN,CYP1A2
SKF89976A,KCNH2
SNS-314,PDGFRB
GARDENIN,SNCA
GENTAMICIN,CYP2D6
DAUNORUBICIN LIPOSOMAL,HDAC1
CHEMBL:CHEMBL1465049,ADRB2
DORAMAPIMOD,EGFR
"N,N'-DIPHENYL-P-PHENYLENEDIAMINE",AR
"(R,S)-INDATRALINE",MTOR
FLUNARIZINE DIHYDROCHLORIDE,HIF1A
CHEMBL:CHEMBL11458,CYP3A4
4-AMINOPHENOL,SMAD3
"1,10-PHENANTHROLINE",RUNX1
4-HYDROXYNONENAL,TRPA1
KETOCONAZOLE,NFE2L2
CHEMBL:CHEMBL1214274,CYP1A2
CHEMBL:CHEMBL317869,HSD17B10
ALRESTATIN,HSD17B10
CITROPTEN,HSD17B10
CHEMBL:CHEMBL1310701,CYP3A4
PYRAFLUFEN-ETHYL,AHR
KENPAULLONE,CYP3A4
RABEPRAZOLE,CYP2C19
PARATHYROID HORMONE,CASR
PROBENECID,G6PD
THIOGUANINE,TPMT
VORICONAZOLE,CYP2C19
ALVOCIDIB,CDK5
FORETINIB,FLT4
PONATINIB,KDR
VINCRISTINE,ABCB1
CHLORPROMAZINE,ABCG2
"NITROFURANTOIN, MACROCRYSTALS",ABCG2
BETAMETHASONE,ACHE
RECOMBINANT INTERLEUKIN,ADA
HISTONE DEACETYLASE INHIBITOR,APC
BICALUTAMIDE,BAX
CYCLOPHOSPHAMIDE ANHYDROUS,BAX
PREDNISOLONE,BAX
ARGIPRESSIN,BAX
TENIPOSIDE,BCL2
ROXITHROMYCIN,CCL11
PAREGORIC,CCR2
ROSIGLITAZONE,CD40LG
ROXITHROMYCIN,CD80
DEXTRAN SULFATE SODIUM,CDKN1A
TRETINOIN,CEACAM1
CHONDROITIN SULFATES,CHST11
ROSIGLITAZONE,CRH
ANTIBIOTIC,CTLA4
UREA,CTSB
ERIBULIN MESYLATE,CYP3A4
PROTEIN SYNTHESIS INHIBITOR,EDN1
GREEN TEA EXTRACT,ERBB2
FLOXURIDINE,FAS
TENIPOSIDE,FAS
DAUNORUBICIN LIPOSOMAL,FAS
ADENOVIRUS 5-CD40 LIGAND,FAS
POLY IC,FCGR3A
CYCLOSPORINE,SAG
TINZAPARIN SODIUM,SERPINE1
COLCHICINE,SCD
ROSIGLITAZONE,SLC2A1
GENTAMICIN,SLC2A1
PROTOPORPHYRIN,TAC1
FINASTERIDE,TGM2
SAPONIN,TH
DOXYCYCLINE ANHYDROUS,TH
VITAMIN A,TGM2
GLIMEPIRIDE,TNF
PRAZOSIN HYDROCHLORIDE,TNF
GENTAMICIN,TNF
ANTISENSE OLIGONUCLEOTIDES,TRPV1
RECOMBINANT LYMPHOKINE,UMOD
CYCLOSPORINE,VCAN
GENTAMICIN,VEGFA
LISINOPRIL ANHYDROUS,VIP
TEMOZOLOMIDE,HDAC4
OFTASCEINE,ABCC2
CLOBAZAM,POR
EFAVIRENZ,ABCC4
DOLUTEGRAVIR SODIUM,NR1I2
ISONIAZID,NR1I2
CHLORPROMAZINE,NR1I2
SORAFENIB,NR1I2
IVERMECTIN,ABCB1
OXALIPLATIN,MT1A
DULOXETINE HYDROCHLORIDE,ATP10A
CLARITHROMYCIN,ABCB1
CLARITHROMYCIN,KCNH2
ASPARAGINASE,SOD2
ANHYDROUS TACROLIMUS,KCNJ11
ETIDRONIC ACID,IL1B
HYDROXOCOBALAMIN,ABCB1
MARAVIROC,CYP3A5
INTERFERON ALFA-2B,IL18
ANTIHYPERTENSIVE AGENT,MMP9
TORSEMIDE,GNB3
ERLOTINIB,ABCB1
ERLOTINIB,ERBB3
VORICONAZOLE,ABCB1
CANDESARTAN CILEXETIL,CYP11B2
NPPB,CFTR
DOXORUBICIN HYDROCHLORIDE,GSTM1
PERINDOPRIL,BDKRB1
ALPRAZOLAM,CYP3A5
DOXORUBICIN HYDROCHLORIDE,MTR
CIPROFLOXACIN,CYP1A2
GEMCITABINE,TNF
ANHYDROUS TACROLIMUS,KCNQ1
ANHYDROUS TACROLIMUS,CAPN10
DELEOBUVIR,IFNL3
PHENAZOPYRIDINE,G6PD
IGURATIMOD,NAT2
PERINDOPRIL,G6PD
OLANZAPINE,BDNF
OLANZAPINE,TPMT
OLANZAPINE,GSTP1
OLANZAPINE,PLAGL1
OLANZAPINE,PTPRN2
MONOAMINE OXIDASE INHIBITOR,CRHR1
DOXORUBICIN HYDROCHLORIDE,SLCO1B1
KETAMINE HYDROCHLORIDE,UGT1A1
COLLOIDAL GOLD-BOUND TUMOR NECROSIS FACTOR,TNFRSF1B
CX-717,GRIA4
DERSALAZINE,PTGS2
ETAZOLATE,PDE4D
ENMD-2076,JAK2
ENMD-2076,FYN
ENMD-2076,NTRK1
GLUFOSFAMIDE,SLC5A1
GLUFOSFAMIDE,SLC5A2
552-02,SCNN1A
552-02,SCNN1B
PHENOBARBITAL,CHRNA4
PROPIOMAZINE,HTR2C
PROPIOMAZINE,ADRA1D
PROPIOMAZINE,CHRM3
NIFLUMIC ACID,CLCNKA
BETAMETHASONE,ANXA1
THIOPENTAL,CHRNA4
TOLAZOLINE,ADRA1A
TRIAMCINOLONE,ANXA1
ZIPRASIDONE,ADRB1
OREMEPERMIN ALFA,SLC25A3
ZIPRASIDONE,DRD3
ISTIRATUMAB,MTOR
ENZASTAURIN,PIK3CG
TAK-828F,RORC
CABIRALIZUMAB,CSF2
AGONISTIC ANTI-OX40 MONOCLONAL ANTIBODY INCAGN01949,TNFRSF4
ORE-1001,ACE2
MELARSOPROL,PPIG
PERUVOSIDE,NFE2L2
CHEMBL:CHEMBL111201,ADRB2
CHEMBL:CHEMBL111201,ADRB1
CABAZITAXEL,TUB
GDC-0152,XIAP
ASUNERCEPT,FAS
EG5 KINESIN-RELATED MOTOR PROTEIN INHIBITOR ARQ 621,KIF11
AVAGACESTAT,GLUL
DARBUFELONE,PTGS2
TRANSFERRIN RECEPTOR-TARGETED LIPOSOMAL P53 CDNA,TP53
LY-2624803,HRH1
METRELEPTIN,LEPR
TYRPHOSTIN B48,HIF1A
LY-2623091,NR3C2
TOZULERISTIDE,MMP9
METHOTREXATE,SLC19A1
[11C]AZ10419369,A2M
YOHIMBINE,A2M
SB 224289,A2M
QUIPAZINE,HTR2C
BW723C86,HTR2C
[3H]LSD,HTR2C
CYAMEMAZINE,HTR2C
METITEPINE,HTR2C
"COMPOUND 1 [LOLLI ET AL., 2019]",CRABP2
TOLFENAMIC ACID,CRABP2
ST034307,COL1A2
BENZYLSERINE,CBR3
RXP-407,DAPK3
RAMIPRIL,DAPK3
CYCLO APELIN-12 (1-12),ACADSB
CAFFEINE,ABAT
L-740093,CCKBR
[125I]CCL8 (HUMAN),ACTA1
CCL17,CCR4
CCL22,CCR4
LUBIPROSTONE,BUB1
IL-34,DPYD
COMPOUND 12A [PMID: 29031075],CPT1B
AMLINTIDE,ACHE
OCTANOL,C5
AT-7519,EGR4
ALSTERPAULLONE,EGR4
CDK12 INHIBITOR 2,EIF2S1
ASAPIPRANT,APOB
CHLORPROMAZINE,ALCAM
(+)-BUTACLAMOL,ALCAM
1400W,NOS2
BITHIONOL,CRK
RO3244794,APOC3
FK-788,APOC3
TG6-129,APOC3
EPICATECHIN,BRCA2
CROMOGLYCATE,BPI
COMPOUND 25AP [PMID: 37796543],EPHB1
PIRENZEPINE,BNIP3L
BARICITINIB,EPHB1
BREPOCITINIB,EPHB1
COMPOUND 11 [PMID: 35653642],EPHB2
COMPOUND 25AP [PMID: 37796543],EPHB2
COMPOUND 13A [PMID: 23639540],DRD2
TOCERANIB,DRD2
NINTEDANIB ESYLATE,DRD2
VEGF RECEPTOR 2 KINASE INHIBITOR II,DRD2
DEQUALINIUM,ARG1
NS1619,RHOA
CA2+,ARG2
CHARYBDOTOXIN,ARG2
DALFAMPRIDINE,ASPA
AT-56,CR2
[125I]SHU9119,ANGPT1
HS024,ANGPT2
TEMSIROLIMUS,ETFB
BMS-582949,CTNNB1
MK-8353,MAPK3
COMPOUND 5  [PMID: 24900526],ACE
AZD1236,ACE
TRANYLCYPROMINE,FSHMD1A
AD-5061,BCKDHA
AMG319,F7
DACTOLISIB,F7
PILARALISIB,F7
NEMIRALISIB,F7
COMPOUND 14K [PMID: 21982499],F9
RILAPLADIB,MAPK14
MT47-100,CYP1A1
BALANOL,CTBP1
COMPOUND 3 [PMID: 19097791],CTH
ARACHIDONIC ACID,CTH
CEP-11981,PTK2B
TAMATINIB,PTK2B
FASUDIL,CTRB1
COBIMETINIB,CBL
GEMCITABINE,CD274
PACLITAXEL,CD274
LMB-100,CD274
ANTI-CD47/ANTI-PD-L1 BISPECIFIC ANTIBODY PF-07257876,CD274
SASANLIMAB,CD274
PALBOCICLIB,FLT3
HSP90 INHIBITOR LAM-003,FLT3
AGS62P1,FLT3
UPROSERTIB,HRAS
LORLATINIB,HRAS
TGX-221,JAK2
PP-242,PIK3CA
BEVACIZUMAB-AWWB,PIK3CA
BINIMETINIB,PIK3CA
OSIMERTINIB,TP53
VORINOSTAT,TP53
R547,TP53
LORLATINIB,TP53
JNJ-7706621,GRK5
PF-562271,MAP2K2
CEP-11981,AKT1
CETYLPYRIDINIUM BROMIDE,PLA2G1B
CHLOROBENZILATE,AR
CHEMBL:CHEMBL80155,ALDH1A1
BAY 11-7082,DRD1
CHEMBL:CHEMBL1406948,NPC1
CHEMBL:CHEMBL1341830,HSD17B10
BELUMOSUDIL,ROCK1
PF-562271,PKN2
CHEMBL:CHEMBL1462710,NPC1
ADJUVANT,IL1R1
CHEMBL:CHEMBL533226,NFE2L2
BI-4020,DXO
PF-04691502,FLT3
PF-562271,FYN
VINORELBINE TARTRATE,JUN
HEPARIN,TGM2
CRUFOMATE,AR
ZUCAPSAICIN,CYP3A4
NICOTINE POLACRILEX,APOE
CANFOSFAMIDE HYDROCHLORIDE,GSTP1
UROKINASE,SERPINE1
ICOTINIB HYDROCHLORIDE,EGFR
"ERGOLOID MESYLATES, USP",DRD3
RESVERATROL,AKT1
OSI-027,PTEN
PHA-680632,TP53
SU-11652,DPT
CHEMBL:CHEMBL578890,SMAD3
PF-05175157,ACACB
DROMETRIZOLE,NFE2L2
CHEMBL:CHEMBL480626,VDR
EPITESTOSTERONE,AR
VALINOMYCIN,ABCB1
BIRINAPANT,PTEN
TIAPRIDE,DRD2
EMRICASAN,CASP8
TOLFENAMIC ACID,VDR
CHEMBL:CHEMBL578915,ATXN2
ISOLIQUIRITIGENIN,KCNH2
CHEMBL:CHEMBL312487,ALDH1A1
SANGUINARIUM,AR
SR2640,CYP2D6
PEXASTIMOGENE DEVACIREPVEC,CSF2
CHEMBL:CHEMBL1310138,WRN
PARABEN,CA1
RP-6530,PIK3CG
PRACINOSTAT,HDAC9
DIENOGEST,PGR
"4-{2-[(7-AMINO-2-FURAN-2-YL[1,2,4]TRIAZOLO[1,5-A][1,3,5]TRIAZIN-5-YL)AMINO]ETHYL}PHENOL",CYP3A4
FURFURAL,AR
ABT-925,DRD3
CHEMBL:CHEMBL259327,PPARA
ERGOT ALKALOIDS,OPRM1
CHEMBL:CHEMBL580155,GAA
5-OXO-ETE,OXER1
[125I]NDP-MSH,ANK1
ELABELA/TODDLER-11,ACADSB
FTORMETAZINE,PPARD
MULTIDRUG RESISTANCE MODULATOR,BCL2
DESIPRAMINE,CRHR1
PF-562271,FLT3
CHEMBL:CHEMBL1927684,MAOA
PFI-4,GCLM
LINIFANIB,NTRK3
CHEMBL:CHEMBL2036124,TUBB4A
CYC-116,PKN2
GALCANEZUMAB,CALCA
TRAPIDIL,CYP1A2
LANATOSIDE C,NFE2L2
(+/-)-PENTAACETYLCATECHIN,CYP3A4
DEMETHYLWEDELOLACTONE,MAPK3
ZONISAMIDE,CYP3A4
ATRASENTAN HYDROCHLORIDE,EDNRA
CLEBOPRIDE,DRD2
CHEMBL:CHEMBL602561,SMN1
PENTOSTATIN,CCR1
ZK-158252,AMH
SUNITINIB,TP53
TIAPRIDE,DRD3
ETOPOSIDE,TP53
CEDIRANIB,ERBB4
ETOPOSIDE,ATM
"1,4-DIMETHOXYANTHRAQUINONE",ALDH1A1
TOFACITINIB,PTPN6
KO 143,ABCG2
A77636,ALCAM
C5A,ACACB
VERNAKALANT HYDROCHLORIDE,SCN5A
CID16020046,ADCY3
VK-II-86,RYR2
PREGNANT MARE SERUM GONADOTROPIN,BCL2
PINAFIDE,SMAD3
CHENODEOXYCHOLIC ACID,AR
CHEMBL:CHEMBL580076,GLP1R
SALVIANOLIC ACID B,NOS3
ZIRAM,VDR
SATAVAPTAN,AQP9
GW-2580,NTRK3
NISOLDIPINE,NFE2L2
INFIGRATINIB,PIK3C2G
ADJUVANT,CYP2E1
RIFAMPIN,TNF
SAR260301,PIK3CB
TALQUETAMAB,CD3E
"INSULIN ZINC, PROMPT",INSR
SAQUINAVIR MESYLATE,KCNH2
SB 215505,CYP3A4
FLUPIRTINE,CYP3A4
ASTEMIZOLE,PPARD
METHYLENE BLUE ANHYDROUS,MPO
WIN55212-2,KCNH2
PHENYTOIN SODIUM,AQP4
CHEMBL:CHEMBL259615,TP53
(+)-EPITAXIFOLIN,ALOX15
PF-562271,NTRK2
ABATACEPT,GLRX
HYDROXYAMPHETAMINE HYDROBROMIDE,ADRA2B
CHEMBL:CHEMBL578502,NFE2L2
BOMBESIN ANTAGONIST,SST
CHEMBL:CHEMBL598608,PPARD
CLODRONIC ACID,PLAU
ATRASENTAN,SLCO1B1
JTE-013,S1PR2
TIRATRICOL,HIF1A
CHEMBL:CHEMBL294878,HSD17B10
BMS-387032,GSK3B
DIPHENHYDRAMINE,CYP2C19
METHYLTHIONINIUM CHLORIDE,FGB
4-METHOXYDALBERGIONE,ALDH1A1
BELATACEPT,CD28
PREGNANT MARE SERUM GONADOTROPIN,CLU
NISOLDIPINE,AR
TOZASERTIB,FYN
CHEMBL:CHEMBL222556,ALOX15
GW5074,SIRT2
SIALYL LEWIS X,SELE
HYDRALAZINE,HSPA4
CISPLATIN,GABPA
CHEMBL:CHEMBL1255936,ALDH1A1
NIROGACESTAT,NOTCH3
EUROPIUM-LABELLED RELAXIN,APP
ETHACRYNIC ACID,MGMT
TYRPHOSTIN AG 879,HSD17B10
PAMOIC ACID,ADAM10
CLEMASTINE,CYP2C19
IM-12,SLC29A1
SANGUINARIUM,HSD17B10
"PD168,077",CYP1A2
CHEMBL:CHEMBL587104,NOX1
GYKI53784,ASS1
RITANSERIN,MTOR
(S)-PIA,ABAT
CAFFEIC ACID PHENETHYL ESTER,MTOR
RETIFANLIMAB,CD274
GLYCYRRHIZIC ACID,HSD11B1
FLUTAMIDE,TH
FASUDIL,PRKCD
DYPHYLLINE,PDE4D
PHA-793887,CDK7
GDC-0339,F11
IPRATROPIUM CATION,CYP3A4
CHEMBL:CHEMBL1459280,VDR
FASUDIL,CDK5
GO-203-2C,MUC1
CHEMBL:CHEMBL1481509,NFE2L2
MICAFUNGIN SODIUM,GSC
EUGENYL BENZOAT,CYP3A4
PAZOPANIB,DPT
CHEMBL:CHEMBL1997335,MAPK9
CORDYCEPIN,GCG
DIMPYLATE,CYP3A4
IFOSFAMIDE,CYP2B6
EXEMESTANE,IGF1R
CHELERYTHRINE,CYP2C19
NITRILOTRIACETIC ACID,NFE2L2
BUFLOMEDIL,CYP2D6
EHNA,CCR1
CHEMBL:CHEMBL2036124,TUBB4B
PROMAZINE HYDROCHLORIDE,KCNH2
GARLIC,TGM2
PYRROLIDINE DITHIOCARBAMATE,RELA
TRETINOIN,FUS
MURAGLITAZAR,ADRB1
APLAVIROC HYDROCHLORIDE,AR
PROTEIN S,AXL
MIANSERIN,DRD1
COMPOUND 30 [PMID: 15953724],CR1
FINASTERIDE,NFE2L2
CHEMBL:CHEMBL589670,GLP1R
SOTICLESTAT,CPS1
MITOXANTRONE HYDROCHLORIDE,MAPK1
PROMAZINE,CYP2D6
URSODIOL,NR3C1
GP100 ANTIGEN,CSF2
IZORLISIB,F7
LIDOCAINE,CYP3A4
NIGULDIPINE,CYP2D6
CHEMBL:CHEMBL222556,SMN1
TETRASUL,ADRA2C
NORETHINDRONE,BDNF
FN-1501,FLT3
VINORELBINE,XRCC1
ZIMELIDINE DIHYDROCHLORIDE,KCNH2
CHEMBL:CHEMBL1520837,CYP1A2
GENISTEIN,SMN1
MYCOPHENOLATE,GATA3
RELCOVAPTAN,ALOX15
BISPECIFIC ANTIBODY,CD28
CHEMBL:CHEMBL581044,GNAS
CYC-116,MAPK8
CENISERTIB,PKN2
PSAMMAPLIN A,HDAC5
ELUXADOLINE,OPRM1
DUTEPLASE,PLG
CHEMBL:CHEMBL2088303,MAOB
CHLORANIL,TP53
ORPHENADRINE HYDROCHLORIDE,KCNH2
THYROXINE,ALDH1A1
"L-759,633",CNR2
PF-562271,MAP4K2
(+)-EPITAXIFOLIN,CYP3A4
CHEMBL:CHEMBL295337,NFE2L2
CHEMBL:CHEMBL584458,XBP1
CHEMBL:CHEMBL252151,SMN2
CHEMBL:CHEMBL259327,AR
LICOGLIFLOZIN,SLC5A4
"ERGOLOID MESYLATES, USP",ADRA1D
CHEMBL:CHEMBL1997335,ALK
CHEMBL:CHEMBL484663,CASP3
N-PROPYL BROMIDE,ESR1
CYC-116,ROCK1
METHENOLONE ENANTHATE,AR
RETINOIC ACID AGENT,PIK3CG
GENISTEIN,CYP2C19
SUNITINIB,DRD2
7-HYDROXYCHLORPROMAZINE,CYP2D6
DIHYDROERGOTOXINE,DRD2
DRONABINOL,ABCB1
CYCLOPHOSPHAMIDE ANHYDROUS,CBR1
RECOMBINANT CHEMOKINE,CHI3L1
CELL SURFACE ANTIGEN,CP
AZACITIDINE,FLT3
MEPENZOLATE BROMIDE,CHRM3
OXYPHENONIUM BROMIDE,CHRM3
LITHIUM CITRATE,IMPA1
CYCLOPENTOLATE HYDROCHLORIDE,CHRM3
METHAZOLAMIDE,CA2
BISOPROLOL FUMARATE,ADRB1
CITALOPRAM HYDROBROMIDE,SLC6A4
INSULIN SUSP PROTAMINE ZINC PURIFIED BEEF,INSR
AMLEXANOX,PDE4D
PACLITAXEL,TUBB4B
LITHIUM CITRATE,GSK3B
ISOPROTERENOL,ADRB3
AMINOPHYLLINE,PDE3B
AMOXAPINE,DRD3
PIMOZIDE,DRD3
METHYLDOPATE HYDROCHLORIDE,ADRA2C
CAFFEINE CITRATE,ADORA1
PHENYLBUTAZONE,PTGS1
OXYMETAZOLINE HYDROCHLORIDE,ADRA2C
CHEMBL:CHEMBL1915270,NR3C1
BETAMETHASONE,NFE2L2
TOZASERTIB,PDGFRB
WIN55212-2,MTOR
WIN55212-2,CYP3A4
CHEMBL:CHEMBL338115,CYP2D6
FENTICLOR,PLA2G1B
PROPACHLOR,ALDH1A1
CHEMBL:CHEMBL222556,ALDH1A1
CAFFEIC ACID PHENETHYL ESTER,SNCA
CENISERTIB,MARK2
PROPACHLOR,AR
DIPIVEFRIN HYDROCHLORIDE,ADRA2A
DIPIVEFRIN HYDROCHLORIDE,ADRA2C
DIPIVEFRIN HYDROCHLORIDE,ADRB1
LOXAPINE,DRD3
HYDROXYAMPHETAMINE HYDROBROMIDE,ADRA2A
PHENSUXIMIDE,CACNA1G
TAK-593,FLT1
BPI-9016,AXL
QAF805,ADORA2B
FK-453,ADORA1
QAF805,ADORA3
TC-2216,CHRNA4
PYROTINIB,EGFR
BGT-226,PIK3R1
BGT-226,PIK3R3
BMS-690514,ERBB4
C-1311,TOP2A
TXA127,MAS1
FE 202767,OXTR
METHYLHOMATROPINE,CYP1A2
SIMPINICLINE,CHRNA4
BMS-223131,KCNMA1
BRIVANIB ALANINATE,FGFR4
TEZOSENTAN,EDNRB
IMETELSTAT SODIUM,TERT
CHEMBL:CHEMBL591631,NFE2L2
DROZITUMAB,TNFRSF10B
SAFINAMIDE MESYLATE,MAOB
CLEMIZOLE,CYP3A4
ISOXICAM,PTGS1
PROXIBARBAL,AOC1
CHEMBL:CHEMBL126804,ALDH1A1
MIRVETUXIMAB SORAVTANSINE,TUBB3
NIMODIPINE,NR1H4
FREMANEZUMAB,CALCA
METHYLHOMATROPINE,CYP3A4
MT-3724,MS4A1
AZELIRAGON,AGER
QUETMOLIMAB,CX3CL1
KOS-1584,TUBB4B
SELATOGREL,P2RY12
PEGCETACOPLAN,C3
CENTANAFADINE,SLC6A4
MIZORIBINE,GMPS
PRADEFOVIR MESYLATE,OCA2
EMVODODSTAT,DHODH
FINOTONLIMAB,PDCD1
ALDAFERMIN,FGFR4
VELSECORAT,NR3C1
COSIBELIMAB,CD274
ZANIDATAMAB,ERBB2
PALTUSOTINE,SSTR2
LEVOKETOCONAZOLE,CYP17A1
REBIMASTAT,MMP2
ENSIFENTRINE,PDE3B
PF-562271,INSR
CHEMBL:CHEMBL578061,BLK
CHLORPROPAMIDE,NFKB1
CHEMBL:CHEMBL607534,TOP2A
CALPHOSTIN C,VDR
MOMETASONE,HSPB1
CHEMBL:CHEMBL2059711,NR3C1
PHENAZOPYRIDINE HYDROCHLORIDE,ESR1
MRS 2219,CYP2D6
TRIMEPRAZINE TARTRATE,GFER
DIHYDREXIDINE,DRD2
NOVIFLUMURON,NFE2L2
"1R,9S-HYDRASTINE",CYP3A4
MITOXANTRONE HYDROCHLORIDE,VDR
PODOFILOX,TUBB3
LINIFANIB,AXL
MEPAZINE ACETATE,GLP1R
ALPHA-TERTHIENYL,NFE2L2
SHIKONIN,RUNX1
CHEMBL:CHEMBL1504679,CASP3
CHEMBL:CHEMBL585591,NLRP3
FENOFIBRATE MICRONIZED,TP53
VALNEMULIN,AR
BERKELEYACETAL A,MMP3
PSAMMAPLIN A,HDAC1
DEOXIEPINEPHRINE,HSD17B10
IMAZODAN,CYP2D6
SORBIC ACID,AR
ENCLOMIPHENE CITRATE,AR
CHRYSENE,NFE2L2
CONICASTEROL D,NR1H4
APIGENIN,ALDH1A1
ALPHA-PHELLANDRENE,NFE2L2
(+)-EPITAXIFOLIN,HSD17B10
MEDROXYPROGESTERONE ACETATE,RORC
PROPACHLOR,PPARD
DAPH,MAPK1
MEBEVERINE HYDROCHLORIDE,CYP3A4
CHEMBL:CHEMBL398363,HSD17B10
GW559768X,SRC
CLEMASTINE,CYP1A2
CHEMBL:CHEMBL601364,ATXN2
MEDROXYPROGESTERONE ACETATE,ERG
"L-741,626",CYP3A4
URACIL MUSTARD,VDR
BUTYLATED HYDROXYTOLUENE,RXRA
CHEMBL:CHEMBL253989,NFE2L2
TRIAMCINOLONE DIACETATE,AR
CHEMBL:CHEMBL428789,RELA
CHEMBL:CHEMBL472656,CYP1A2
IBUDILAST,CYP1A2
CHEMBL:CHEMBL580816,ALDH1A1
8-PHENYL THEOPHYLLINE,CYP1A2
DESIPRAMINE HYDROCHLORIDE,GLP1R
JNJ-7706621,LCK
CHEMBL:CHEMBL591126,MPI
RITANSERIN,NFKB1
ZIRAM,TP53
CIPROFLOXACIN,CYP2C9
STREPTONIGRIN,NFE2L2
TRIFORINE,AR
DIHYDREXIDINE,NFKB1
TAK-715,PRKD2
TRITON X,NFE2L2
FURAFYLLINE,MEN1
N-OLEOYLDOPAMINE,DRD3
L-765314,CYP3A4
CHEMBL:CHEMBL601110,CYP1A2
CHEMBL:CHEMBL546797,PRKCQ
CHEMBL:CHEMBL534319,KCNH2
CHEMBL:CHEMBL1481509,ATXN2
CHEMBL:CHEMBL578061,PIM1
MIFEPRISTONE,AR
PATULIN,PPARG
GEFITINIB,SIK2
N-ARACHIDONOYLGLYCINE,VDR
NONIVAMIDE,AR
SHIKONIN,THRB
JUGLONE,HSD17B10
CHEMBL:CHEMBL546797,PIM1
CHEMBL:CHEMBL546797,FYN
CHENODEOXYCHOLIC ACID,ABCB11
PF-562271,ROCK1
MUNDULONE,MAPK1
DEMETHYLWEDELOLACTONE,MMP2
CHENODEOXYCHOLIC ACID,GPBAR1
CHEMBL:CHEMBL1330352,SMN2
CHEMBL:CHEMBL598477,PTPN22
CHEMBL:CHEMBL1997335,PRKAA1
OXYTETRACYCLINE ANHYDROUS,HIF1A
TAK-715,CSNK1D
2-METHOXYESTRADIOL,GLP1R
CHEMBL:CHEMBL601364,VDR
SORAFENIB,AR
WIN55212-2,CYP2C19
PENTACHLORONITROBENZENE,AR
SITOGLUSIDE,GSK3B
CHEMBL:CHEMBL83159,AR
TOZASERTIB,SRC
CHEMBL:CHEMBL324053,HDAC9
NARINGENIN,CYP3A4
KRN-7000,CD1D
BUTANAL,ALDH1A1
CHEMBL:CHEMBL2178586,PPARG
CHEMBL:CHEMBL484663,CYP3A4
FURAFYLLINE,NFKB1
PHENFORMIN HYDROCHLORIDE,RORC
RIMCAZOLE,CYP3A4
N-ARACHIDONOYLGLYCINE,HSD17B10
MOLINDONE,DRD1
CHEMBL:CHEMBL198759,SMN2
ISOLIQUIRITIGENIN,RELA
DOFETILIDE,CYP2D6
GEDUNIN,ATXN2
CARMOFUR,CYP3A4
DOFETILIDE,CYP3A4
CHEMBL:CHEMBL1342336,SMAD3
CHEMBL:CHEMBL1956073,MAP2K2
VX-702,PRKD2
POTASSIUM DICHROMATE,TP53
RESVERATROL,TP53
CEFOXITIN SODIUM,ABCC4
CHEMBL:CHEMBL578890,TP53
BUFEXAMAC,CYP1A2
CHEMBL:CHEMBL1412489,GAA
RESOKAEMPFEROL,CYP2C19
CHEMBL:CHEMBL578061,CDK2
CLENBUTEROL HYDROCHLORIDE,ADRB2
ABAMECTIN,AR
ALCLOMETASONE,AR
DESMETHOXYYANGONIN,AHR
ARTEMISININ,AR
7-HYDROXYFLAVONE,BRCA1
CENISERTIB,AXL
DACTINOMYCIN,PPARD
SULFAPHENAZOLE,CYP1A2
PROCARBAZINE,ALOX15
CHEMBL:CHEMBL2094789,NFKB2
LINIFANIB,INSR
GMQ,SMAD3
CHEMBL:CHEMBL259615,HSD17B10
PYRROLIDINE DITHIOCARBAMATE,ALDH1A1
RIMCAZOLE,CYP2C9
BENZAMIL,GAA
PROPARGITE,TP53
NISOLDIPINE,CYP2C19
CGS 15943,HIF1A
ENDOSULFAN,NFE2L2
CHEMBL:CHEMBL1504679,WRN
DEXTROMEPROMAZINE,CYP2D6
DACARBAZINE,CYP3A4
CYC-116,MAP4K4
CENISERTIB,MET
HISPIDULIN,NR0B1
VITAMIN K3,CYP2C19
PAREGORIC,ABCB1
CHEMBL:CHEMBL1448140,ALDH1A1
CHEMBL:CHEMBL1795737,TUBB3
THIOSEMICARBAZIDE,AR
RETINYL ACETATE,AR
CHEMBL:CHEMBL582278,MTOR
CHRYSOERIOL,RELA
TAK-715,IKBKB
DIPIVEFRIN HYDROCHLORIDE,ADRB2
CHEMBL:CHEMBL1546228,ATXN2
SB 204070,CYP2D6
CHEMBL:CHEMBL590686,ATXN2
HYDROXYTOLUIC ACID,HSD17B10
DEOXIEPINEPHRINE,DRD1
BETAMETHASONE BUTYRATE PROPIONATE,AR
CHEMBL:CHEMBL398363,NFE2L2
TAK-715,MAP4K4
TAK-715,ERBB4
AMLEXANOX,NPC1
CHEMBL:CHEMBL546797,CDK7
FLUPIRTINE,VDR
GANCAONIN L,PPARG
CHEMBL:CHEMBL253989,HIF1A
CHEMBL:CHEMBL1342336,CYP3A4
DESMOSTEROL,NR1H2
LARGAZOLE,HDAC3
LARGAZOLE,HDAC2
2-ARACHIDONOYLGLYCEROL,VDR
MK-8245,SLCO1B1
HONOKIOL,ATXN2
CYC-116,MET
2-PHENYLQUINOLINE,BRCA1
LINURON,AR
CHEMBL:CHEMBL1923521,HRH1
SB 218795,CYP3A4
(-)-ROLIPRAM,CYP3A4
DERRUBONE,HSP90AA1
SANGUINARIUM,CYP2C19
CHEMBL:CHEMBL261123,NPC1
TOZASERTIB,PRKAA1
TEMEFOS,AR
TENATOPRAZOLE,NFE2L2
ETRAVIRINE,ABCB1
7-O-METHYLCRYPTOCHINONE B,NR1H4
CHEMBL:CHEMBL2094789,SMN1
CHEMBL:CHEMBL2023733,TOP2A
CHEMBL:CHEMBL1531222,NFE2L2
PHENAZOPYRIDINE HYDROCHLORIDE,NFE2L2
PELUBIPROFEN,NFE2L2
JNJ-7706621,CDK7
RIBAVIRIN,TP53
CHEMBL:CHEMBL259327,ESR1
TETRAZOLIUM RED,NFE2L2
CHEMBL:CHEMBL184074,HSD17B10
GW843682X,NTRK1
RESORCINOL,CA1
EPICATECHIN GALLATE,MET
CARMUSTINE,CYP2D6
CENISERTIB,NTRK2
CHEMBL:CHEMBL546797,ALK
CHEMBL:CHEMBL428789,MAPK1
TEMEFOS,VDR
VIOLASTYRENE,VDR
S-METOLACHLOR,NFE2L2
COSMOMYCIN C,STAT3
PF-562271,PDGFRB
4-NITROANILINE,AR
CHEMBL:CHEMBL16751,CYP3A4
SPINASAPONIN A METHYL ESTER,MAPK3
ETOPOSIDE,CYP2C9
PRECLAMOL,DRD1
MASOPROCOL,HSP90AA1
TRIACETYLRESVERATROL,CYP3A4
BMS-345541,CDK2
LINIFANIB,MAP2K2
"PYRROLIDINE DITHIOCARBAMIC ACID, AMMONIUM SALT",KCNH2
CEDIRANIB,FYN
CHEMBL:CHEMBL584458,WRN
MITOXANTRONE HYDROCHLORIDE,PPARD
HESPERETIN,TGFBR2
CHEMBL:CHEMBL1410004,CYP2D6
CENISERTIB,CDK2
N-OLEOYLDOPAMINE,TP53
CHEMBL:CHEMBL260311,RUNX1
CHEMBL:CHEMBL1459280,ALDH1A1
HYDROQUINONE,NFE2L2
GATIFLOXACIN ANHYDROUS,VDR
TOZASERTIB,NTRK3
CEP-11981,EGFR
CHEMBL:CHEMBL354663,ESR1
MEDROXYPROGESTERONE ACETATE,ALDH1A1
BELUMOSUDIL,BLK
CEP-11981,GSK3B
TYRPHOSTIN 23,HSD17B10
METHYLHOMATROPINE,CYP2C9
CHEMBL:CHEMBL600313,CASP3
EMETINE,ATXN2
ELATOSIDE D,PPARG
SDZ 205557,CYP2D6
CHEMBL:CHEMBL198759,CYP3A4
JNJ-7706621,CDK9
CHEMBL:CHEMBL259615,MEN1
CLEMASTINE,TP53
MINOXIDIL,CYP2C9
2-APB,VDR
FERBAM,AR
DACTINOMYCIN,THRB
FLAVANONE,ALOX15
ASTEMIZOLE,TP53
CHEMBL:CHEMBL1485809,MAPK1
BAY 61-3606,HIPK2
CHEMBL:CHEMBL494669,KCNH2
AMIODARONE HYDROCHLORIDE,CYP2C19
ESTRAMUSTINE PHOSPHATE,AR
CENISERTIB,TYK2
"2,4,6-TRIBROMOPHENOL",PPARA
ZIRAM,AR
RITANSERIN,CYP2D6
CHEMBL:CHEMBL1520837,CYP2D6
TOZASERTIB,PRKD2
ZAFIRLUKAST,VDR
TYRPHOSTIN AG 879,CYP1A2
DESOXYCORTICOSTERONE ACETATE,AR
CHEMBL:CHEMBL410484,CTNNB1
LINIFANIB,MAPK9
HYDROCORTISONE SODIUM SUCCINATE,AR
CYC-116,FLT3
OLMESARTAN MEDOXOMIL,ALB
SAQUINAVIR MESYLATE,NFE2L2
FENOFIBRIC ACID,PPARD
FUROSPONGOLIDE,HIF1A
SRT-1720,SIRT1
MONENSIN SODIUM,AR
BENZODODECINIUM CHLORIDE,AR
PF-562271,BLK
CLOBETASOL PROPIONATE,AR
PHENOLPHTHALEIN,KCNH2
DAPH,CYP3A4
AJMALICINE,CYP1A2
TAK-715,MAPK9
LINIFANIB,IRAK1
CYC-116,GSK3B
LUZINDOLE,CYP2C19
PF-562271,MAP4K4
ISOPROPYL PALMITATE,NFE2L2
TOZASERTIB,INSR
CHEMBL:CHEMBL602312,KCNH2
CHEMBL:CHEMBL1432305,ESR1
CENISERTIB,CHEK2
CHEMBL:CHEMBL582099,SMAD3
CHEMBL:CHEMBL578061,RPS6KA3
ZAMIFENACIN,CHRM2
CHEMBL:CHEMBL84685,AHR
CYCLOSTREPTIN,TUBB3
LEVOTHYROXINE,PPARG
ZIRAM,MAPK1
ETOPOSIDE,CYP2D6
JNJ1661010,GNAS
DUP-697,CYP2C9
PF-562271,TYK2
HYDROQUINONE,HSD17B10
N6-PHENYLADENOSINE,NPY1R
CHEMBL:CHEMBL478510,PIM1
CHEMBL:CHEMBL2059711,AR
VITAMIN K3,MAOB
CHEMBL:CHEMBL529138,NFE2L2
HESPERETIN,CYP1A2
CHEMBL:CHEMBL525103,GFER
COBIMETINIB,MAP2K6
ZIDOVUDINE,ABCB1
MICONAZOLE NITRATE,ABCB1
PHENOTHIAZINE,ABCB1
GARLIC,ABCB1
IL-6,ABCB1
FOLIC ACID,AFP
MITOGEN-ACTIVATED PROTEIN KINASE INHIBITOR,AGER
RECOMBINANT FIBROBLAST GROWTH FACTOR 2,AGTR2
RETINOIC ACID AGENT,APOD
REVERSE TRANSCRIPTASE INHIBITOR,APOB
THERAPEUTIC ANDROSTANOLONE,AQP9
DIDANOSINE,BDNF
NORMAL SALINE,BDNF
SIMVASTATIN,BDNF
LIDOCAINE,BDNF
RECOMBINANT COLONY STIMULATING FACTOR,BGLAP
THERAPEUTIC ANDROSTANOLONE,BGLAP
CARBAMAZEPINE,BGLAP
MELATONIN,BGLAP
AMINOGLYCOSIDE ANTIBIOTIC,CASR
AMINOGLYCOSIDE ANTIBIOTIC,CDKN1B
DIETHYLSTILBESTROL,CP
MULTIDRUG RESISTANCE MODULATOR,CSF2
"IBUPROFEN, SODIUM SALT",CYP19A1
LIOTHYRONINE,CYP1A1
AZTREONAM,CYP19A1
POLY IC,CYP2B6
BETA-ADRENERGIC ANTAGONIST,CYP2D6
LIOTHYRONINE,CYP3A5
METHADONE HYDROCHLORIDE,CYP3A4
PLATINUM,DDIT3
CISPLATIN,DDIT3
TETRADECANOYLPHORBOL ACETATE,DEFB4A
CISPLATIN,DFFB
SELENIUM,DNMT1
HOECHST 33258,E2F1
"INSULIN, REGULAR, HUMAN",ENO2
GABAPENTIN,ENO2
HEPARIN,FCGR3A
FENTANYL CITRATE,FCGR3A
PANTOPRAZOLE SODIUM,GCG
DEFEROXAMINE,GAPDH
CISPLATIN,GCLM
SELENIUM,GJA1
LABETALOL,GJA1
TNF-ALPHA,GHRL
TCDD,GRB2
ANTINEOPLASTIC AGENT,GRB2
ONDANSETRON HYDROCHLORIDE,GSR
FLUTICASONE,IL1B
POLYVALENT VACCINE,IL1B
PERFOSFAMIDE,IL2
HUMAN CHORIONIC GONADOTROPIN,IL2
PROTEIN KINASE C INHIBITOR,IL2
CLADRIBINE,IL2RA
SIGNAL TRANSDUCTION INHIBITOR,IL2
ISOTRETINOIN,IL2RA
PROTEIN KINASE C INHIBITOR,ITGAM
TETRADECANOYLPHORBOL ACETATE,ITGAX
HYDROCORTISONE BUTYRATE,ITGAM
RECOMBINANT HUMAN THROMBOPOIETIN,ITGB2
FOLIC ACID,LEP
LOVASTATIN,LEP
RISPERIDONE,LEP
IMIPRAMINE HYDROCHLORIDE,MC2R
FLUDARABINE,MPO
SIMVASTATIN,MMP2
MERCAPTOPURINE,MTHFR
SELENIUM,MT1H
HYPOXANTHINE,MYC
FOLIC ACID,MYC
BUTYLATED HYDROXYTOLUENE,NAT2
GENE TRANSDUCTION AGENT,NFE2L2
HALOPERIDOL DECANOATE,NPY
ETHACRYNIC ACID,NQO1
DIAZOXIDE,NT5E
MEK INHIBITOR PD-98059,NRG1
"INSULIN, REGULAR, HUMAN",PCSK1
HERBIMYCIN A,PIK3CA
FLUDARABINE,PIK3CG
RETINOIC ACID AGENT,PLA2G1B
SELENIUM,PIK3CG
CHEMBL:CHEMBL59532,CYP1A2
RECOMBINANT VASCULAR ENDOTHELIAL GROWTH FACTOR,PIK3CG
SIMVASTATIN,PIK3CG
TETRADECANOYLPHORBOL ACETATE,PLA2G2A
DEXAMETHASONE,RPS19
HEPARAN SULFATE,SDC2
"INSULIN, REGULAR, HUMAN",SHBG
"INSULIN, REGULAR, HUMAN",SLC2A3
HEPARIN,SLC2A4
HEPARIN,SLPI
VALPROIC ACID,SMN1
IL-6,SOS1
ESTRADIOL 3-BENZOATE,SST
"5,7-DIHYDROXYISOFLAVONE",CYP3A4
ATROPINE,AR
SAQUINAVIR MESYLATE,NR1H4
THERAPEUTIC ANDROGEN,TAC1
STAUROSPORINE,CASP3
OXYQUINOLINE,RORC
BDNF,TERT
AZACITIDINE,TG
MELATONIN,TGFB1
SIMVASTATIN,THBD
DIMETHYL SULFOXIDE,WT1
METHYLENE BLUE ANHYDROUS,XDH
TANESPIMYCIN,XIAP
FLUDARABINE,XIAP
LECANEMAB,APOE
HALOPERIDOL DECANOATE,MC4R
HALOPERIDOL DECANOATE,CACNA1C
HALOPERIDOL DECANOATE,MTHFR
HALOPERIDOL DECANOATE,NTS
HALOPERIDOL DECANOATE,CYP1A2
POLYGODIAL,TRPV1
HALOPERIDOL DECANOATE,UGT2B7
HALOPERIDOL DECANOATE,TOR1A
CARBOPLATIN,ATAT1
TENOXICAM,CYP2C9
DESIPRAMINE,CYP2C9
CLOMIPRAMINE,CYP2C9
SN-38,ABCG2
CISPLATIN,SLC22A1
TYRPHOSTIN B48,VDR
SELEGILINE,SLC22A1
CLOMIPRAMINE,AKT1
ECULIZUMAB,CHRNA4
DOFETILIDE,CYP2C19
CUCURBITACIN E,STAT3
ERGOT ALKALOIDS,DBH
INTERFERON BETA-1A,HLA-DQA1
MIANSERIN,CYP2D6
SILIBININ,ABCB1
FOLIC ACID,ABCB1
FLUPHENAZINE HYDROCHLORIDE,ABCB1
AMIODARONE HYDROCHLORIDE,ABCB1
CHEMBL:CHEMBL586135,NFE2L2
ETANERCEPT-SZZS,NFKB1
ETANERCEPT-SZZS,HLA-E
ETANERCEPT-SZZS,HLA-B
AMLODIPINE BESYLATE,NOS1AP
CHEMBL:CHEMBL606460,GLP1R
CHEMBL:CHEMBL408653,SMN2
ITRACONAZOLE,CYP3A5
JNJ-7706621,PRKAA1
DEHYDRATED ALCOHOL,GHSR
AMIODARONE HYDROCHLORIDE,SCN5A
FOLIC ACID,TLR4
DEHYDRATED ALCOHOL,CYP2D6
NICOTINE POLACRILEX,DBH
OMEPRAZOLE,SLC22A6
"SYNTHETIC CONJUGATED ESTROGENS, A",PROC
SILDENAFIL,ARG1
LIOTHYRONINE,CYP2C9
HYDROXYZINE,KCNH2
HYDROQUINONE,RORC
CLONAZEPAM,NAT2
AMBRISENTAN,CYP2C19
DESOXYCORTICOSTERONE,CYP2C19
OXYCODONE,CYP2C19
OMEPRAZOLE,CYP3A5
XANTHYLETIN,SMN2
METOPROLOL,ADRA2C
CHEMBL:CHEMBL591613,CYP1A2
PEGASPARGASE,APOA5
GEMTUZUMAB OZOGAMICIN,SLCO1B1
HARMINE,CYP1A2
HYDROXYCHLOROQUINE,CYP3A5
FASUDIL,CDK7
FLUOXETINE HYDROCHLORIDE,GSK3B
LOSARTAN POTASSIUM,UGT1A1
VALSARTAN,SLCO1B1
CHEMBL:CHEMBL580140,KCNH2
LOSARTAN POTASSIUM,CAMK1D
NABIXIMOLS,UGT2B7
PYRAZINAMIDE,SLCO1B1
FASUDIL,RPS6KA3
SILDENAFIL,NOS3
MINOXIDIL,CYP2C19
CYTARABINE,CBR3
CHEMBL:CHEMBL1945130,SIRT1
DEHYDRATED ALCOHOL,ANKS1B
ATENOLOL,NR1H3
DESIPRAMINE,HLA-A
DEHYDRATED ALCOHOL,PNPLA3
DESIPRAMINE,EPHX1
RESVERATROL,HIF1A
EVEROLIMUS,FGFR4
LOSARTAN POTASSIUM,NPHS1
FASUDIL,CYP3A4
ALOGLIPTIN,DPP4
BRIMAPITIDE,MAPK9
APD791,HTR2A
PEXMETINIB,KDR
TRIFLOXYSTROBIN,NFE2L2
ANTITHROMBIN ALFA,F7
BALSALAZIDE,PTGS2
CHLORALIN,AR
BIMOSIAMOSE,SELL
NARINGENIN,CYP1A2
"TRIS(2,3-DIBROMOPROPYL)PHOSPHATE",AR
CHEMBL:CHEMBL2094789,NFKB1
CHEMBL:CHEMBL2094789,RELA
SEMAPIMOD,MAPK14
PSEUDOEPHEDRINE,ADRA2A
S-ETOMIDATE,CYP3A4
CHEMBL:CHEMBL480626,AR
AMLEXANOX,GAA
CHEMBL:CHEMBL256967,NFKBIA
CHEMBL:CHEMBL1923999,AR
QUINOXALINE,SMAD3
MILVETEROL,ADRB2
CHEMBL:CHEMBL531322,GAA
GUAIFENESIN,CYP2C9
GINGKOLIC ACID,ALOX15
PALOMID 529,MTOR
PARDOPRUNOX,ADRA2A
INGENOL MEBUTATE,PRKCD
"2-O, 3-O DESULFATED HEPARIN",HPSE
THROMBIN,F5
PRACINOSTAT,HDAC3
PRACINOSTAT,HDAC4
TESMILIFENE,CYP3A5
VADIMEZAN,HIPK2
MELEVODOPA,DRD3
UROKINASE,SERPINB2
NIMOTUZUMAB,EGF
CROMOGLYCATE,KCNMA1
ENFLURANE,ATP2C1
CHEMBL:CHEMBL578944,NOD2
CYC-116,SRC
FENCHLORAZOL-ETHYL,AR
LIPROTAMASE,PNLIP
N-[2-(2-IODO-5-METHOXY-1H-INDOL-3-YL)ETHYL]ACETAMIDE,CYP3A4
MENTHOFURAN,CYP3A4
OLORINAB,CNR2
DIACETYLRHEIN,CASP1
EFMARODOCOKIN ALFA,IL22
CHEMBL:CHEMBL528045,ALOX12
CHEMBL:CHEMBL1342336,CYP2C19
ALTISSIMACOUMARIN E,SIRT1
TAK-715,KDR
CHRYSOERIOL,NFKB1
BITHIONOL,VDR
PIPERINE,BRCA1
AM251,CNR2
CHEMBL:CHEMBL591126,HSP90AA1
BITHIONOL,TP53
DIPHENHYDRAMINE,CYP2C9
SODIUM CHLORIDE,ADRA2A
APOMINE,NR1H4
TOZASERTIB,FLT4
TRYPTAMINE,CYP1A2
MICONAZOLE NITRATE,VDR
TRANILAST,STS
ANTI-EGFR MONOCLONAL ANTIBODY EMD 55900,EGFR
IDAZOXAN HYDROCHLORIDE,ADRA2C
GLYMIDINE,KCNJ10
BACLOFEN,NFKB1
GUAIFENESIN,CYP1A2
RADIOSUMIN B,PLG
TARENFLURBIL,GLUL
CHEMBL:CHEMBL582699,ATXN2
PREGNENOLONE,ESRRA
DERRUBONE,MAPK1
MASOPROCOL,NFKB1
NAVARIXIN,MADCAM1
CHEMBL:CHEMBL602718,NFKB2
ETHYL VANILLIN,ALDH1A1
DESMOSDUMOTIN C,VDR
MAPROTILINE,MTOR
PACHYRRIZINE,CYP3A4
TRAPIDIL,PDGFRB
HMG-COA REDUCTASE INHIBITOR,HMGCR
ILOMASTAT,MMP9
CDK1/2/4 INHIBITOR AG-024322,CDK2
TGAAG-76,RPE65
PHENOL,CA2
ALT-801,TP53
LIPUSTOBART,PDCD1
ILOMASTAT,MMP8
P70S6K/AKT INHIBITOR M-2698,RPS6KB1
ZILEUTON,CYP2C9
BEPRIDIL,SLC25A20
CHLORPHENTERMINE HYDROCHLORIDE,SLC6A4
WITHAFERIN A,AKT1
DOXORUBICIN-ELUTING BEADS,TOP2A
TIRAPAZAMINE,TOP2A
CHEMBL:CHEMBL2094789,SMN2
FINASTERIDE,CYP2D6
CGS 15943,CYP1A2
EUPAFOLIN,HSPA5
TRYPTAMINE,NFKB1
TOZASERTIB,FLT1
CHEMBL:CHEMBL1997335,RPS6KA3
TICLOPIDINE,CYP2D6
IC261,PSEN1
IC261,PSEN2
CHEMBL:CHEMBL221721,HSD17B10
BENZYL BENZOATE,LIPE
ALUMINUM,ATP1A1
ABILIFY MAINTENA,HTR2A
MEPERIDINE HYDROCHLORIDE,ADRA2A
TYROSINE,TH
NEFAZODONE,HTR2C
BIRINAPANT,XIAP
OLEOYL-ESTRONE,GRM2
OXYMETAZOLINE HYDROCHLORIDE,A2M
TERGURIDE,A2M
BRL-15572,HTR2C
SB656104,SERPINA3
CIRAZOLINE,ABCA4
CAPTOPRIL,DAPK3
CPS4,ACE2
"4-{2-[(7-AMINO-2-FURAN-2-YL[1,2,4]TRIAZOLO[1,5-A][1,3,5]TRIAZIN-5-YL)AMINO]ETHYL}PHENOL",ABAT
CPFPX,ABCA1
GS9667,ABCA1
CHEMBL:CHEMBL80155,HIF1A
COMPOUND 1 [PMID: 28379944],ACADS
FENOTEROL,ABO
ICI 118551,ACAA1
ZILURGISERTIB,DNMT1
LUXEPTINIB,EFNB2
IBRUTINIB,EFNB2
FR167344,BDKRB2
ALBUTENSIN A,ACACA
N-METHYL-PHE-LYS-PRO-D-CHA-TRP-D-ARG-CO2H,ACACB
W54011,ACACB
EU-DTPA-HC3A,ACACA
PMX53,ACACB
CHEMBL:CHEMBL22062,WRN
COMPOUND 5B  [PMID: 31287314],GAPDH
PRAZEPAM,AR
K777,FOS
[125I]CCL5 (HUMAN),ACTA1
CCL15,ACTB
[125I]CCL5 (HUMAN),ACTB
CHEMBL:CHEMBL1389794,NPC1
CARBENOXOLONE,CAPN5
TYRPHOSTIN 23,CYP3A4
CXCL13,ACTG2
8-AZAGUANINE,HIF1A
ALX40-4C,ACTG1
CXCR4 ANTAGONIST 22,ACTG1
CDK2 INHIBITOR III,EGR4
ZOTIRACICLIB,EGR4
K-00546,EGR4
CGP74514A,EGR4
AMIODARONE HYDROCHLORIDE,CYP2C9
CIMPUCICLIB,CDK4
BSJ-04-132,EIF4EBP1
ZAFIRLUKAST,CYP1A2
PHENELZINE,CORT
TIQ-15,COX5B
COMPOUND 7C [PMID: 22041175],GZMB
CHEMBL:CHEMBL275260,HSD17B10
PRANLUKAST,AMPD1
HONOKIOL,CNR2
POBILUKAST,AMPD1
DULOXETINE HYDROCHLORIDE,GLP1R
TOLFENAMIC ACID,CYP1A2
COMPOUND 1 [PMID: 18507370],DAXX
GW274150,NOS3
JUGLONE,CASP1
PF-06821497,EZH2
DORSOMORPHIN,ATN1
NAQUOTINIB,DXO
REZIVERTINIB,DXO
MS154,DXO
DIMETHYL GAMBOGATE,TP53
PROPRANOLOL HYDROCHLORIDE,PPARD
ALDAFERMIN,SLC26A3
LY2874455,SLC26A3
PAZOPANIB,DRD1
PRN1371,SLC26A3
RG-1530,DRD1
SUNITINIB,DRD3
ILOPROST,APOC2
PP2,ENO2
ZN2+,ARNT
S-DESCHLOROKETAMINE,GRIN2B
D-CCPENE,GRIN2B
G15,ALDH3B1
ROMIDEPSIN,MSTN
VORINOSTAT,GAS2
COMPOUND 3 [PMID: 21650226],CRAT
GALEGENIMAB,HTRA1
COMPOUND 83 [PMID: 23888932],ADAM10
ANANDAMIDE,ADCY3
CID2440433,ADCY3
[3H]ILOPROST,APOC3
TESEVATINIB,DRD2
CYPPA,ARG1
LCK INHIBITOR,EPHX2
ATROPINE,AANAT
MUSCARINIC TOXIN 3,AANAT
[125I]SD6,ANK2
S24773,ANK2
GS-458967,BBS1
GNE-616,BAX
ROPIVACAINE,BBS1
MEXILETINE,BAX
FUNAPIDE,BBS1
SUBSTANCE P-(4-11),AQP3
HEMOKININ 1,AQP4
[18F]SPA-RQ,AQP3
GSK 172981,AQP5
RIFAMPIN,SLCO1B1
ZILEUTON,CYP3A4
RIFAMYCIN SV,SLCO1A2
CM4620,GTF2H1
PIPERINE,SMN2
MINOXIDIL,CYP2D6
{4-[3-(4-ACETYL-3-HYDROXY-2-PROPYLPHENOXY)PROPOXY]PHENOXY}ACETIC ACID,BCKDHB
GW9578,BCKDHB
GW6471,BCKDHA
FARGLITAZAR,BCKDHA
GW9578,BCKDHA
EDAGLITAZONE,BCKDHA
CP-775146,BCKDHA
FENTICLOR,AR
BUPARLISIB,F5
LINIFANIB,BLK
PAXALISIB,F5
NVP-CLR457,F5
PROROXAN,VDR
COPANLISIB,F5
SAR260301,F5
ROGINOLISIB,F7
CX-5279,F9
ONVANSERTIB,FABP3
RG-1530,FABP5
ONVANSERTIB,FABP2
DYDROGESTERONE,BDNF
ONAPRISTONE,BDNF
NEUROPEPTIDE Y,APOA4
"[ALA1,12,AIB3,GLN10,HARG11,TRP14,ARG19]PTH-(1-34)-NH2",XIAP
CHEMBL:CHEMBL595682,AR
AZD7545,GRM5
AGERAFENIB,FAH
RIPK3 INHIBITOR 18,FAH
AVUTOMETINIB,FAH
(B7-33)H2,APP
[33P]RELAXIN (HUMAN),APP
COMPOUND 14N [PMID: 25589934],CYBA
"L-779,976",FASLG
BIM 23034,FASLG
BIM 23052,AQP2
BIM 23454,AQP1
4'-METHOXYCHALCONE,VDR
NOC-ATE,AQP2
MK6-83,ALDH7A1
MAPROTILINE,DRD1
BAY1217389,FGFR4
GOLIDOCITINIB,TYK2
3-N3-PHPA-LVA,AQP9
TYRPHOSTIN B48,SMN1
PYY-(3-36),ANXA5
NEUROPEPTIDE Y,ANXA5
DASATINIB ANHYDROUS,ESR1
GEMCITABINE,NRG1
DACTINOMYCIN,RXRA
PALBOCICLIB,SMARCA4
DASATINIB ANHYDROUS,BRCA2
ANTI-EGFR MONOCLONAL ANTIBODY,PIK3CA
TOLFENAMIC ACID,HIF1A
CISPLATIN,SMARCA4
CISPLATIN,GNAS
MEK INHIBITOR CI-1040,PTEN
BUTYL 2-AMINOBENZOATE,HSD17B10
CHEMBL:CHEMBL476302,NR1H4
NMS-P715,CTNNB1
TEMSIROLIMUS,CTNNB1
SELUMETINIB,FGFR1
FLUMATINIB,KIT
LY3009120,NRAS
LEUCOVORIN CALCIUM,NRAS
OPNURASIB,NRAS
ABT-737,PIK3CA
GSK690693,PIK3CA
(2S)-1-(1H-INDOL-3-YL)-3-{[5-(3-METHYL-1H-INDAZOL-5-YL)PYRIDIN-3-YL]OXY}PROPAN-2-AMINE,PIK3CA
CX-5461,PTEN
ORANTINIB,FGFR4
WIN55212-2,ALDH1A1
PROTEIN KINASE C INHIBITOR,VDR
PROTOPORPHYRIN IX CONTAINING CO,BCL2A1
HYDROCHLOROTHIAZIDE,SERPINE1
COMPOUND RAC-16 [PMID: 15603962],ARG2
CHEMBL:CHEMBL27768,PRKCE
ALBUTEROL SULFATE,GLP1R
PROPARGITE,AR
ISOLIQUIRITIGENIN,VDR
ISOPIMPINELLIN,CYP3A4
CEP-11981,JAK2
GEFITINIB,MAPK9
CHEMBL:CHEMBL80155,CYP1A2
CHEMBL:CHEMBL429335,NPC1
SELICICLIB,SMN2
RS-39604,CYP3A4
CXCL12&BETA;,ACTG1
ARX201,GHR
FLUPHENAZINE HYDROCHLORIDE,UBE2N
RESVERATROL,NFKB2
AJMALICINE,CYP2C9
CHEMBL:CHEMBL118417,RXRA
ISOPROTERENOL,IL12B
TICLOPIDINE,CYP3A4
RHO KINASE INHIBITOR IV,CTRB1
AZAMETHIPHOS,NFE2L2
METARAMINOL,CYP2C19
BGT-226,PIK3CG
FINASTERIDE,CYP2C19
RESVERATROL,RELA
ADALIMUMAB-ADBM,PTGER4
DAPH,NFKB1
RISPERIDONE,UGT1A1
IMMUNOSUPPRESSANT,PTPRC
LANSOPRAZOLE,ABCB1
SILVER SULFADIAZINE,CYP2C9
TIPELUKAST,ALOX5
CHLORANIL,PPARD
IPRATROPIUM CATION,CYP2C9
N-(4-CHLOROPHENYL)-2-[(PYRIDIN-4-YLMETHYL)AMINO]BENZAMIDE,DRD2
ABEMACICLIB,PGR
CHEMBL:CHEMBL1503190,ATXN2
TOLAZOLINE HYDROCHLORIDE,ADRA2B
WITHAFERIN A,MAPK3
BRL50481,ALDH1A1
LY-2300559,GRM2
UE2343,CYP2C19
TESMILIFENE,FCGR3A
CX1739,GRIA4
ALMOTRIPTAN,A2M
MYCOPHENOLATE MOFETIL,UGT1A7
TRETINOIN,SMAD2
THIABENDAZOLE,HSPA4
RABEPRAZOLE,PDGFRB
GW559768X,KDR
PREGNENOLONE,NFE2L2
THERAPEUTIC ANDROSTANOLONE,VIP
PROMETHAZINE HYDROCHLORIDE,NFKB1
COMPOUND 13 [PMID: 17502136],FYN
COMPOUND 18C [PMID: 25901531],GRIN2B
GARCINOLIC ACID,VDR
METHYLNITROSOUREA,NRAS
LONDAMOCITINIB,EPHB1
CHEMBL:CHEMBL601110,CYP3A4
BUTYLATED HYDROXYTOLUENE,CYP2D6
SOFALCONE,NFE2L2
SOTATERCEPT,TGFB1
VERNAKALANT HYDROCHLORIDE,KCNJ5
NINGETINIB,MET
TOLFENAMIC ACID,CYP2C9
5-HT-MODULINE,A2M
PROTEIN KINASE C INHIBITOR,BDNF
DEXAMETHASONE,TG
DACARBAZINE,CYP2D6
PHOSALONE,VDR
CHEMBL:CHEMBL1306556,HSP90AA1
PF-562271,ALK
GM-CSF,RPS6KA3
PAMAPIMOD,CTNS
PIOGLITAZONE HYDROCHLORIDE,NR1I2
MULTI-SUBTYPE NATURAL HUMAN LEUKOCYTE INTERFERON ALPHA,STAT5B
ALVOCIDIB,PIK3CB
TCDD,NFE2L2
NELFINAVIR,IL6
TLR AGONIST CADI-05,TLR4
"INSULIN, REGULAR, HUMAN",SSTR2
CHEMBL:CHEMBL1997335,FLT1
TEBUFENPYRAD,AR
VEGF RECEPTOR TYROSINE KINASE INHIBITOR III,DRD1
CARBAMAZEPINE,CYP2C19
BIM 23023,FASLG
DACARBAZINE,CYP2C19
GENISTEIN,NFE2L2
IRINOTECAN HYDROCHLORIDE,ISG15
ETOPOSIDE,FGFR1
OMEPRAZOLE,CYP3A4
PROMETHAZINE HYDROCHLORIDE,AR
SKA-31,ARG2
NOLPITANTIUM,AQP3
CENISERTIB,PRKAA1
PHENOLPHTHALEIN,ESR1
ENMD-2076,ACSL1
FLEROXACIN,TOP2A
BMS-690514,FLT1
"PYRROLIDINE DITHIOCARBAMIC ACID, AMMONIUM SALT",ALDH1A1
CHEMBL:CHEMBL578061,CHEK2
MPI-0479605,TP53
LIPIDYL PSEUDOPTERANE D,PTPN1
CHEMBL:CHEMBL2313445,ESR1
PIRENZEPINE,CYP2D6
SULISOBENZONE,AR
CHEMBL:CHEMBL190474,TERT
[125I]NDP-MSH,ANGPT2
L 755507,ALOX15
"D(CH2)5[TYR(ME)2,THR4,PHE(3125I,4N3)-NH29]OVT",AQP9
SULINDAC,APC
METARAMINOL,CYP2C9
TETRAMETHYLAMMONIUM,SLC22A1
"ERGOLOID MESYLATES, USP",HTR1A
FR194921,ABAT
GEFITINIB,LCK
CLEMIZOLE,CYP2C19
"3,7-DIMETHOXYFLAVONE",CYP3A4
TTP889,F9
RS-39604,CYP2D6
CHEMBL:CHEMBL1339015,CYP2D6
CLOCORTOLONE,AR
RETINYL ACETATE,VDR
CHEMBL:CHEMBL1397308,CYP3A4
CLOCINNAMOX,OPRM1
CONANTOKIN-G,GRIN2B
XL413,F9
CENISERTIB,CSNK1D
"INSULIN, REGULAR, HUMAN",SREBF1
METHOTREXATE,HSPB2
LEUPROLIDE ACETATE,CYP1A2
CHEMBL:CHEMBL259615,SMN1
BUMETANIDE,HSD17B10
CHEMBL:CHEMBL259615,SMN2
SELENIUM,GSR
MIBEFRADIL,MAPK1
CENISERTIB,ROCK1
HUMAN CHORIONIC GONADOTROPIN,ABCG2
TRIFLUOPERAZINE HYDROCHLORIDE,DRD2
CHEMBL:CHEMBL493863,WRN
INTERMEDINE,POMC
CHEMBL:CHEMBL12019,GAA
RAMATERCEPT,MSTN
NETOGLITAZONE,PPARG
CHEMBL:CHEMBL578915,NFE2L2
PIRITREXIM ISETHIONATE,NFE2L2
AJMALICINE,CYP3A4
PROPANTHELINE BROMIDE,CHRM3
CORTICOTROPIN-RELEASING FACTOR,CRHR1
5-METHOXYPSORALEN,CYP2D6
AMIODARONE HYDROCHLORIDE,CYP1A2
CHEMBL:CHEMBL1520837,XBP1
FLUVOXAMINE,CYP2C9
CENISERTIB,PRKCQ
METARAMINOL,CYP3A4
MIBEFRADIL,ATXN2
AXT914,CASR
VISNAGIN,ABCA1
ZIRAM,PPARD
DESULFATED GASTRIN-14,CCKBR
RISPERIDONE,CYP2E1
WITHAFERIN A,CHEK2
TRIFLUPERIDOL HYDROCHLORIDE,KCNH2
EVINACUMAB,LDLR
CHEMBL:CHEMBL585591,ERG
APRATOXIN F,MET
CHEMBL:CHEMBL580207,GLP1R
CHEMBL:CHEMBL531322,MAPK1
BENDAMUSTINE,TP53
INOSITOL,APP
BAY 61-3606,FLT3
ASN007,MAPK1
CCL15,ACTA1
PSN375963,ADH1C
METHADONE HYDROCHLORIDE,TH
METITEPINE,ATXN2
CHEMBL:CHEMBL591126,ATXN2
THIOCYCLAM HYDROGEN OXALATE,NFE2L2
SORAFENIB,NFE2L2
BI-D1870,RPS6KA2
CYROMAZINE,HSPB1
CHEMBL:CHEMBL594259,TOP2A
CAFFEINE,AR
CHEMBL:CHEMBL1567571,VDR
PHENFORMIN HYDROCHLORIDE,PPARA
CHEMBL:CHEMBL482792,HNF4A
CISPLATIN,EGFR
HEXYLRESORCINOL,CYP3A4
COMPOUND 6J [PMID: 27219676],DUSP1
PROSTAGLANDIN D2,PPARA
4-METHOXYDALBERGIONE,CYP3A4
CILNIDIPINE,CACNA1C
TRITON X,RORC
DEXBUDESONIDE,AR
(2S)-1-(1H-INDOL-3-YL)-3-{[5-(3-METHYL-1H-INDAZOL-5-YL)PYRIDIN-3-YL]OXY}PROPAN-2-AMINE,NFE2L2
TETRA-IODOPHENOLPHTHALEIN,AVPR2
ALPHA-TOCOPHEROL,APOB
LUSPATERCEPT-AAMT,TGFB2
DESULFATED GASTRIN-17,CCKBR
AZD-6482,PIK3CG
CHEMBL:CHEMBL1611308,CYP2C9
LOSARTAN POTASSIUM,CYP3A5
FLUTICASONE,IL10
(-)-ROLIPRAM,CREBBP
ATOVAQUONE,NFE2L2
AMIODARONE HYDROCHLORIDE,SMPD1
TAVOLIMAB,TNFRSF4
COMPOUND 1 [WO2012007375],EPHA3
"10,10-DIFLUORO TXA2",APOC4
CHEMBL:CHEMBL410484,SMN1
CHEMBL:CHEMBL605747,HSD17B10
CHEMBL:CHEMBL29166,SRD5A1
PIPERTRAMINE,CHRM2
AZD9567,NR3C2
CAFFEIC ACID PHENETHYL ESTER,ALOX15
CYC-116,NTRK3
GLIQUIDONE,CYP2C9
CYTARABINE,SLCO1B1
CHEMBL:CHEMBL125044,AGTR1
INSULIN ZINC SUSP RECOMBINANT HUMAN,INSR
SAQUINAVIR MESYLATE,RXRA
CEDIRANIB,CHEK2
PEFLOXACIN,IL2
IMMUNOSUPPRESSANT,MMP1
FLUORODEOXYGLUCOSE F18,TG
MILREBRUTINIB,EFNB2
ETANERCEPT-SZZS,NFKBIA
NERVE GROWTH FACTOR,TGM2
CLOMIPRAMINE,CYP3A4
ACARBOSE,SLC2A4
DEXAMETHASONE,VCAM1
DAIDZEIN,NFE2L2
BEVASIRANIB SODIUM,TLR3
[125I][HIS9]GHRELIN (HUMAN),ALOX15
TEI-9063,APOC3
COMPOUND 12 [PMID: 22521646],CTNNB1
TYRPHOSTIN B48,CYP3A4
ENPIROLINE,SMAD3
LOXAPINE SUCCINATE,HTR2A
LOVASTATIN,SOAT1
E324,HIF1A
(R)-2H [PMID:19625189],ACP5
SAPANISERTIB,TP53
CHEMBL:CHEMBL1997335,GRK5
ZUCAPSAICIN,CYP2C9
SR9011,HRAS
PD-169316,NFE2L2
DACTINOMYCIN,CYP2D6
HERBIMYCIN A,FLT3
(S)-NIMODIPINE,CYP2C9
CLONAZEPAM,CYP1A2
PHENFORMIN,STK11
ORPHENADRINE HYDROCHLORIDE,HRH1
TOLAZOLINE HYDROCHLORIDE,HRH1
THIETHYLPERAZINE MALEATE,DRD2
THIOTHIXENE HYDROCHLORIDE,DRD2
DIPHENYLPYRALINE HYDROCHLORIDE,HRH1
PROTRIPTYLINE HYDROCHLORIDE,SLC6A4
INSULIN ZINC SUSP BEEF,INSR
INSULIN SUSP ISOPHANE PURIFIED PORK,INSR
INSULIN ZINC SUSP EXTENDED RECOMBINANT HUMAN,INSR
INSULIN SUSP ISOPHANE BEEF,INSR
THIOTHIXENE,HTR2A
METHYSERGIDE MALEATE,HTR2C
MORPHINE SULFATE,OPRM1
ANILERIDINE PHOSPHATE,OPRM1
PASIREOTIDE DIASPARTATE,SSTR3
PYRIDOSTIGMINE BROMIDE,ACHE
HYDROCORTISONE CYPIONATE,NR3C1
CLOBETASOL PROPIONATE,NR3C1
FLURANDRENOLIDE,NR3C1
ANAGRELIDE HYDROCHLORIDE,PDE3B
ALFUZOSIN HYDROCHLORIDE,ADRA1D
PHENYLEPHRINE HYDROCHLORIDE,ADRA1A
BISMUTH SUBSALICYLATE,PTGS1
TOLAZOLINE HYDROCHLORIDE,ADRA2C
GERANIIN,SMAD2
DOBUTAMINE HYDROCHLORIDE,ADRB2
DEXTROAMPHETAMINE SACCHARATE,SLC18A2
ECADOTRIL,CYP3A4
SIBUTRAMINE HYDROCHLORIDE,SLC6A4
"1,2-NAPHTHOQUINONE",ALDH1A1
CADMIUM DICHLORIDE,ALOX15
CHEMBL:CHEMBL1412710,ALDH1A1
CYCLOSTREPTIN,TUBB4B
FENTICLOR,FASN
MINOCYCLINE HYDROCHLORIDE,RPSA
LAMOTRIGINE,SCN5A
TRIFLUOPERAZINE HYDROCHLORIDE,DRD3
SU-014813,PDGFRB
AS-602868,FLT3
AST-487,FLT3
AZD-0424,SRC
AZD-6482,PIK3CA
PD-0166285,EGFR
PL-225B,IGF1R
SARAKALIM,ABCC8
BENTAMAPIMOD,MAPK8
AT-7519,CDK6
ANLOTINIB,KIT
ANLOTINIB,FLT4
KC-706,MAPK14
PAMAPIMOD,MAPK14
XL-999,FGFR1
SAMOTOLISIB,PIK3CG
BATEFENTEROL,CHRM3
SODIUM DICHLOROACETATE,PDK4
ABITUZUMAB,ITGB6
BROLUCIZUMAB,VEGFA
ABITUZUMAB,ITGB1
CDP-860,PDGFRB
BENFLUOREX,SOAT1
MARIMASTAT,MMP1
TELOTRISTAT ETIPRATE,TPH1
HUMIK-BETA-1,IL2RB
CCR5MAB004,CCR5
MLN-01,ITGB2
RAVULIZUMAB,C5
LUSPATERCEPT-AAMT,TGFB3
AMLODIPINE BENZOATE,CACNA1C
MONOMETHYL FUMARATE,KEAP1
CETUXIMAB SAROTALOCAN,EGFR
INDUSATUMAB VEDOTIN,TUBB3
LIFASTUZUMAB VEDOTIN,TUBB3
LIFASTUZUMAB VEDOTIN,TUBB4A
MT-3724,RPL17
MT-3724,RPL14
EPOTHILONE D,TUBB3
ELVUCITABINE,OCA2
ASG-5ME,TUBB4A
VANDORTUZUMAB VEDOTIN,TUBB4B
NEVANIMIBE,SOAT1
MIZORIBINE,IMPDH2
AMIVANTAMAB-VMJW,MET
TIVOZANIB HYDROCHLORIDE,PDGFRB
LANATOSIDE C,ATP1A4
LANATOSIDE C,FXYD2
MK-0941,GCK
PF-03049423,PDE5A
SOMATOSTATIN,SSTR4
SETOGEPRAM,FFAR1
PLASMINOGEN,FGB
ANCROD,FGA
DANBURSTOTUG,CD274
EX-527,SIRT1
ENSIFENTRINE,PDE4D
ENSIFENTRINE,PDE3A
PLOCABULIN,TUBB3
BORTEZOMIB,NFKB1
PHENYTOIN SODIUM,NFE2L2
CHEMBL:CHEMBL27768,PRKCA
DAIDZEIN,NPC1
CLEMIZOLE,HIF1A
MITOXANTRONE HYDROCHLORIDE,TP53
CHEMBL:CHEMBL1342336,CYP1A2
REBOXETINE,CYP3A4
"CHAULMOOGRIC ACID, ETHYL ESTER",ALOX15
ENOXIMONE,DRD1
CEDIRANIB,FGFR1
R-RUGULACTONE,IKBKB
GW1929,CYP2D6
TYRPHOSTIN AG 879,VDR
GW843682X,ERBB2
CLEMASTINE,CYP2C9
JUGLONE,RUNX1
ENDO-ATROPINE,CYP2C9
KAEMPHEROL,NFE2L2
AMSACRINE HYDROCHLORIDE,KCNH2
CHEMBL:CHEMBL578061,ERBB4
FLOXURIDINE,CYP3A4
PROMAZINE,CYP1A2
GENISTEIN,CYP1A2
TOMATINE,AR
CLEMASTINE,CYP3A4
RESOKAEMPFEROL,CYP2C9
FLOXURIDINE,CYP1A2
ARISTOLOCHIC ACID,NFE2L2
DIGOXIGENIN,SMAD3
ZILEUTON,MMP2
E324,ALOX15
TECHTOCHRYSIN,CYP3A4
MINOCYCLINE,CYP3A4
TUBERCIDIN,NFE2L2
CHEMBL:CHEMBL528791,GLP1R
BUTYLATED HYDROXYTOLUENE,CYP3A4
GANODERIOL F,NR1H4
TINORIDINE,VDR
CHLORPROPAMIDE,CYP2C19
CHEMBL:CHEMBL1437888,KCNH2
RACLOPRIDE,CYP2C19
CHEMBL:CHEMBL1256835,CYP2C19
METHYLTHIONINIUM CHLORIDE,NFE2L2
DEVAZEPIDE,AR
R-(+)-METHANANDAMIDE,ALDH1A1
LEAD DIACETATE TRIHYDRATE,ALDH1A1
SHIKONIN,VDR
APIGENIN,CYP1A2
"3,4-DICHLOROISOCOUMARIN",ALDH1A1
PHOSMET,VDR
PF-562271,HIPK2
CYC-116,CYP2C19
CHEMBL:CHEMBL600572,NPC1
MICONAZOLE NITRATE,CYP2D6
BMS-754807,NTRK1
CHEMBL:CHEMBL1997335,PRKCQ
SALINAZID,PPARD
CHEMBL:CHEMBL1546223,VDR
MEPIVACAINE HYDROCHLORIDE,CYP2C9
GEFITINIB,FLT4
PSAMMAPLIN A,SIRT1
GW1929,CYP3A4
CINALUKAST,HSD17B10
LINURON,AHR
CENISERTIB,FYN
TOZASERTIB,NTRK1
MINOCYCLINE,CYP1A2
CEDIRANIB,MAP2K2
METITEPINE,DRD1
DESIPRAMINE HYDROCHLORIDE,KCNH2
ZIRAM,RORC
AM404,ALOX15
LETROZOLE,CYP3A4
LINIFANIB,PRKG1
PF-562271,MAPK1
OXIDOPAMINE HYDROCHLORIDE,VDR
OXYBUTYNIN,KCNH2
GARCINOL,EP300
CEFDITORIN PIVOXIL,ALDH1A1
CHEMBL:CHEMBL1500740,HSD17B10
FASUDIL,MAP4K4
CYC-116,DAPK3
MIFEPRISTONE,DRD1
CHEMBL:CHEMBL422942,CYP3A4
LINIFANIB,MET
CHEMBL:CHEMBL1328677,GFER
CHEMBL:CHEMBL1567571,XBP1
JUGLONE,ALOX15
BAY 61-3606,CDK5
MENTHOFURAN,CYP2D6
CARBAMAZEPINE,CYP3A4
DIPHENHYDRAMINE,CYP2D6
MAKALUVAMINE C TFA SALT,TOP2A
MIBEFRADIL,CYP3A4
CHEMBL:CHEMBL252151,SMN1
CLEMASTINE,CYP2D6
STREPTONIGRIN,ATXN2
BITHIONOL,PPARA
AMORFRUTIN A,GLP1R
CHEMBL:CHEMBL599165,PPARG
CHEMBL:CHEMBL118417,NFE2L2
CHEMBL:CHEMBL338314,HSD17B10
VITAMIN K3,VDR
CARFILZOMIB,NFE2L2
CETYLPYRIDINIUM BROMIDE,NFE2L2
FIPEXIDE,CYP2D6
PNU-37883,CYP2D6
METHYL ALCOHOL,NFE2L2
OXYTETRACYCLINE ANHYDROUS,THRB
GEDATOLISIB,AKT1
4-BENZYLOXYANILINE,SMN1
CHEMBL:CHEMBL602260,MAOB
NONIVAMIDE,CYP3A4
GARCINOLIC ACID,HSD17B10
CHEMBL:CHEMBL1459280,HSD17B10
FENTICLOR,TP53
BAY-11-7085,ALDH1A1
COLCHICINE,CYP2C19
CHEMBL:CHEMBL510966,PTPN11
MEZLOCILLIN,AR
GEFITINIB,BLK
CHEMBL:CHEMBL529918,GNAS
FULVESTRANT,ESRRA
PARAMETHASONE ACETATE,AR
COLCHICINE,CYP1A2
IPRIFLAVONE,CASP3
CHEMBL:CHEMBL578944,SMAD3
CYC-116,KIT
MUNDULONE,TP53
EMETINE,AR
CHEMBL:CHEMBL586135,SMAD3
CHEMBL:CHEMBL125044,SMN2
CHEMBL:CHEMBL410484,SMN2
TECNAZENE,PPARG
GEFITINIB,CSNK1D
(-)-ROLIPRAM,CYP1A2
CHEMBL:CHEMBL601325,KCNH2
CHEMBL:CHEMBL259615,NPC1
METHYL ABIETATE,NFE2L2
ZIRAM,THRB
GUAIFENESIN,CYP2D6
VITAMIN K3,AR
APRINDINE HYDROCHLORIDE,AR
CLEBOPRIDE MALEATE,CYP3A4
ZAFIRLUKAST,NFE2L2
JNJ-7706621,JAK2
CGS 15943,MTOR
ECADOTRIL,CYP2D6
CHEMBL:CHEMBL585591,PLIN1
FLUPHENAZINE HYDROCHLORIDE,KCNH2
CHEMBL:CHEMBL22062,NFE2L2
KOPARIN,ALDH1A1
DIGOXIN,TNF
CHEMBL:CHEMBL585591,WRN
CI-1040,RPS6KA1
CHLORFENAPYR,RXRA
HYDROCORTISONE HEMISUCCINATE,NFE2L2
CHEMBL:CHEMBL577862,FASN
FENOFIBRATE MICRONIZED,AR
GW3965,NR1H3
CADMIUM DICHLORIDE,TP53
SORAFENIB,MC4R
CHEMBL:CHEMBL1224755,MAPK1
NITROFEN,NFE2L2
RESVERATROL,SLC2A3
CHELERYTHRINE,VDR
SR2640,CYP2C9
OPIPRAMOL,DRD1
N-OLEOYLDOPAMINE,IDE
JNJ-7706621,SIK2
CENISERTIB,PRKCZ
PIPERINE,NPC1
CHEMBL:CHEMBL586628,F2
RIMCAZOLE,TP53
GLABRANIN,CYP2C9
METARAMINOL,CYP2D6
CHEMBL:CHEMBL528791,SMAD3
BRIMONIDINE,ALDH1A1
HISPIDULIN,GFER
HYDRAMETHYLNON,AR
5-DEMETHYLNOBILETIN,ALDH1A1
GW843682X,JAK2
"ORSELLINIC ACID, ETHYL ESTER",CYP3A4
OSAJIN,ATXN2
CHEMBL:CHEMBL261692,CDK5R1
BIPHENYL,NFE2L2
TRIBUTYLTIN-OXIDE,AR
AMBUNOL,ALDH1A1
2-HYDROXYESTRADIOL,GAA
CHEMBL:CHEMBL221300,CYP1A2
METHYLPREDNISOLONE SODIUM SUCCINATE,AR
BENZO[E]PYRENE,HSD17B10
TYRPHOSTIN A9,CYP3A4
CISAPRIDE,KCNH2
(-)-CAMPHOR,JUN
RESVERATROL,FOXO3
KAEMPHEROL,RELA
KAEMPHEROL,NFKB2
PF-562271,FLT1
CHEMBL:CHEMBL585417,ALDH1A1
WITHAFERIN A,GLI1
PODOFILOX,NR0B1
CARMUSTINE,ALDH1A1
GW843682X,PTK2B
METHYLBENZETHONIUM CHLORIDE,UBE2N
CHLORFENAPYR,AR
RESVERATROL,APP
GARCINONE E,GNAS
DIHYDREXIDINE,HSD17B10
4'-HYDROXY-FLAVANONE,CYP3A4
SULFAPHENAZOLE,NFKB1
ISOSILYBIN A,PPARG
JNJ-7706621,DAPK3
RELCOVAPTAN,MAPK1
CHEMBL:CHEMBL599098,ATXN2
FPL-55712,VDR
DIGOXIN,CYP2C19
SANGUINARIUM,SMAD3
FENTANYL CITRATE,AR
4'-HYDROXYCHALCONE,VDR
TAMARIXETIN,NFKB1
DEMETHYLWEDELOLACTONE,NFKBIA
CHEMBL:CHEMBL594772,AR
CHEMBL:CHEMBL126804,MAPK1
TAURODEOXYCHOLIC ACID,PLA2G1B
DIPHENHYDRAMINE,CYP3A4
GF109203X,CYP3A4
IMAZODAN,CYP1A2
TYRPHOSTIN 23,CYP2C9
INAMRINONE,VDR
BERBAMINE,CYP3A4
SERTRALINE HYDROCHLORIDE,CYP3A4
DIGOXIN,CYP3A4
CHEMBL:CHEMBL1369632,KCNH2
PHENOLPHTHALEIN,NR3C1
DEXBUDESONIDE,NFE2L2
2-APB,ALOX15
CHEMBL:CHEMBL1224755,HSP90AA1
CHEMBL:CHEMBL57394,HSD17B10
CHEMBL:CHEMBL272682,CYP3A4
IOPANOIC ACID,NFE2L2
CHEMBL:CHEMBL587856,SMN2
RESOKAEMPFEROL,HSD17B10
CVT-6883,RPS6KA3
CHEMBL:CHEMBL428789,SMN2
GARDENIN B,ALDH1A1
CEDIRANIB,ACVR1
TRIACETYLRESVERATROL,TP53
CHEMBL:CHEMBL1997335,JAK2
EPITIOSTANOL,AR
ZUCAPSAICIN,ALDH1A1
CHEMBL:CHEMBL602260,MAOA
AMINOCARB,NFE2L2
CHEMBL:CHEMBL1389794,SMN2
RICCARDI C,NR1H3
CYC-116,CHEK2
CHEMBL:CHEMBL582486,KCNH2
PF-562271,CHEK2
CALCIPOTRIENE,NFE2L2
MEDRONIC ACID,CA1
CHEMBL:CHEMBL1303948,SMN2
CHEMBL:CHEMBL1224755,SMAD3
5-METHOXYPSORALEN,CYP2C9
CYC-116,MAPK9
CHEMBL:CHEMBL260311,SMN1
FLUPIRTINE,HSD17B10
CHEMBL:CHEMBL547977,NFE2L2
MIFEPRISTONE,NFE2L2
PD123319,CYP2C19
CHEMBL:CHEMBL547488,KCNH2
CADMIUM DICHLORIDE,ALDH1A1
DIHYDRO-OBLIQUIN,HSD17B10
FUROSPONGOLIDE,ARNT
CHEMBL:CHEMBL303958,MTOR
DEMETHYLWEDELOLACTONE,MMP9
CADMIUM DICHLORIDE,ESR1
RESVERATROL,CYP3A4
CHEMBL:CHEMBL546797,IGF1R
ISOSILYBIN A,SLCO1B1
CHEMBL:CHEMBL259615,KMT2A
CHEMBL:CHEMBL480626,CYP1A2
CHEMBL:CHEMBL107518,PPARA
MYCOPHENOLATE,AR
COLCHICINE,AR
CYC-116,RPS6KB1
PROPENTOFYLLINE,CYP1A2
EUPAFOLIN,GFER
2-(PHENOXYMETHYL)BENZOTHIAZOLE,SMN1
E324,CYP2D6
ISOVELLERAL,ATM
CHEMBL:CHEMBL410484,TP53
BENZOXATHIAN,ARSA
STREPTONIGRIN,SMAD3
CHEMBL:CHEMBL1576310,WRN
VITAMIN B2,CYP1A2
CHEMBL:CHEMBL1997335,MAP4K4
JNJ1661010,NFE2L2
HELENALIN,NFE2L2
CGS 15943,DRD1
STAUROSPORINE,EGFR
FLOXURIDINE,CYP2D6
CRIDANIMOD,JUN
CHEMBL:CHEMBL546475,HSD17B10
4-(3-PYRIDIN-2-YL-1H-PYRAZOL-4-YL)QUINOLINE,CSNK1D
CHEMBL:CHEMBL599896,ADRB2
TYRPHOSTIN AG 555,CYP3A4
ZIRAM,KCNH2
CHEMBL:CHEMBL532510,KCNH2
4-METHOXYCINNAMIC ACID,THRB
CHEMBL:CHEMBL84010,SMN1
MIFEPRISTONE,MTOR
ETODOLAC,NFE2L2
5-METHOXYPSORALEN,ALDH1A1
CHEMBL:CHEMBL1915271,NR3C1
CGS-12066,CYP2C19
GW-2580,NTRK1
LIOTHYRONINE SODIUM,NFE2L2
PF-562271,RPS6KA3
RS-39604,TP53
ISOLIQUIRITIGENIN,CYP3A4
"3,4-DICHLOROISOCOUMARIN",VDR
DUP-697,CYP1A2
CHEMBL:CHEMBL1303948,TP53
CHEMBL:CHEMBL125044,VDR
THYROXINE,HSD17B10
FENTICLOR,ALOX15
MADOLIN U,MAPK1
CHEMBL:CHEMBL496451,BACE1
NORETHYNODREL,AR
CHEMBL:CHEMBL602718,SMAD3
MICONAZOLE NITRATE,CYP2C19
EPICATECHIN GALLATE,ALB
PK 11195,AR
CHEMBL:CHEMBL84010,NFKB2
IPRIFLAVONE,SMN2
DEOXIEPINEPHRINE,HIF1A
CHLORPROPAMIDE,CYP3A4
ENDO-ATROPINE,CYP2D6
PROMETHAZINE HYDROCHLORIDE,PPARD
CHEMBL:CHEMBL244707,CYP2C19
EPINEPHRINE,G6PD
SODIUM SULFATE ANHYDROUS,G6PD
OMBITASVIR,IFNL3
PROGESTERONE,SERPINC1
PROGESTERONE,PROC
SODIUM NITRITE,G6PD
WARFARIN,PROC
QUERCETIN,PRKCZ
QUERCETIN,PIK3CB
QUERCETIN,PRKCB
QUERCETIN,PIK3R3
QUERCETIN,PIK3C2G
NOTCH SIGNALING PATHWAY INHIBITOR MK0752,PSEN1
NOTCH SIGNALING PATHWAY INHIBITOR MK0752,NOTCH3
NOTCH SIGNALING PATHWAY INHIBITOR MK0752,NOTCH2
NOTCH SIGNALING PATHWAY INHIBITOR MK0752,NOTCH4
ADEFOVIR,ABCC4
ERLOTINIB HYDROCHLORIDE,ABCG2
AMITRIPTYLINE HYDROCHLORIDE,AOC1
LOMUSTINE,ADK
SELENIUM,ADA
FLUDARABINE,BAX
INTERFERON ALFA-2B,BAX
IMMUNOTOXIN,BCHE
DIAZOXIDE,CCK
QUERCETIN,CD34
FLUORODEOXYGLUCOSE F18,CD34
TETRADECANOYLPHORBOL ACETATE,CD28
FLUTICASONE,CD163
QUERCETIN,CDC25C
RALTITREXED,CDK2
DICUMAROL,CDKN1A
DIAZIQUONE,CDKN1A
FLUTAMIDE,CDKN1A
VACCINE,CSF2
RECOMBINANT CHEMOKINE,CXCR4
HYPERICIN,CYP2D6
RITONAVIR,CYP2E1
PRIMAQUINE,E2F1
CANDESARTAN CILEXETIL,EDN1
CISPLATIN,E2F1
RECOMBINANT FIBROBLAST GROWTH FACTOR 2,EPHB1
ADJUVANT,ERBB2
HYDROCORTISONE BUTYRATE,ERBB2
VALPROIC ACID,FAS
ANGIOGENESIS INHIBITOR,FCGR3A
MATRIX METALLOPROTEINASE INHIBITOR,FCGR3A
CAFFEINE,FGF2
IMATINIB,FGF2
IMMUNOTHERAPEUTIC AGENT,FOS
CISPLATIN,FXN
CISPLATIN,G6PD
ESTRADIOL 3-BENZOATE,GAL
CARBAMAZEPINE,GGT1
"INSULIN, REGULAR, HUMAN",HNF4A
DNA INTERCALATING AGENT,HMGB1
LYMPHOKINE-ACTIVATED KILLER CELLS,HRAS
ANTINEOPLASTIC AGENT,HRAS
HEPARIN,HSPA4
GDNF,HSPA4
MIDOSTAURIN,HSPA4
PHOTOSENSITIZING AGENT,HSPA4
ENALAPRIL MALEATE,HSPA4
PHOTOFRIN,HSPA4
CISPLATIN,IFNG
MITOGEN-ACTIVATED PROTEIN KINASE INHIBITOR,IL1B
RECOMBINANT INTERLEUKIN-17,IL17F
CHINESE HERBS,IL6
SELENIUM,IL6
LINEZOLID,IL6
CLARITHROMYCIN,CXCL8
METHYLENE BLUE ANHYDROUS,CXCL8
OXIDOPAMINE,LPL
SELENIUM,MAPK3
ENALAPRIL MALEATE,MAPK8
QUERCETIN,MAPK3
TRETINOIN,MAPK8
DACARBAZINE,MGMT
HEPARAN SULFATE,MMP2
FLUTAMIDE,MPO
EFLORNITHINE,MTAP
ZINC SULFATE ANHYDROUS,MTHFR
AN-9,MYC
DIETHYLSTILBESTROL,MYC
PERILLYL ALCOHOL,MYC
AZITHROMYCIN,NOS1
CLARITHROMYCIN,NOS1
SOY PROTEIN ISOLATE,NOS1
IMMUNOTOXIN,NPY
RECOMBINANT INTERLEUKIN-1,NR4A1
HEPARAN SULFATE,NTF3
SELENIUM,OGG1
RISPERIDONE,NTS
NERVE GROWTH FACTOR,NTRK3
CAFFEINE,OGG1
ZINC SULFATE ANHYDROUS,PIK3CA
ZINC SULFATE ANHYDROUS,PIK3CB
VERAPAMIL,PLAU
HERBIMYCIN A,PLAU
PAPAVERINE,PLAU
VITAMIN E,PLTP
TETRADECANOYLPHORBOL ACETATE,PRKAA1
TETRADECANOYLPHORBOL ACETATE,PSEN1
ANTHRACYCLINE ANTINEOPLASTIC ANTIBIOTIC,PTH
CLOMIPHENE,PTH
ALITRETINOIN,SERPINE1
PF-562271,PRKD2
KAEMPHEROL,HIF1A
HALOPERIDOL DECANOATE,TAC1
RAMIPRIL,TGFB1
HEPARAN SULFATE,TGM2
TNF-ALPHA,TGM2
RISEDRONIC ACID,TNFRSF11B
RECOMBINANT VASCULAR ENDOTHELIAL GROWTH FACTOR,TP53
GARLIC,TP53
PHENOLPHTHALEIN,CYP3A4
N-ACETYLASPARTIC ACID,ERG
PHENETHYL ISOTHIOCYANATE,VEGFA
HEPARIN,VWF
IL-7,VIP
FLUTAMIDE,VIP
CYCLOPHOSPHAMIDE ANHYDROUS,ABCC2
MEPHEDRONE,CYP2D6
DIURETIC,NELFCD
BEXAROTENE,NR1I2
CEPHALEXIN ANHYDROUS,NR1I2
AMANTADINE HYDROCHLORIDE,SLC22A1
TRIHEXYPHENIDYL,COMT
ERGOT ALKALOIDS,COMT
ESTRADIOL VALERATE,NFE2L2
AMLODIPINE BESYLATE,AGT
TESTOSTERONE,CYP3A5
SULFAMETHOXAZOLE / TRIMETHOPRIM,GSTM1
INTERFERON BETA-1B,FHIT
INTERFERON BETA-1A,FHIT
FOLIC ACID,MTR
CHLOROTHIAZIDE,HMGCS2
LANSOPRAZOLE,SLC22A6
QUETIAPINE FUMARATE,FAAH
EPTIFIBATIDE,FGB
DROPERIDOL,KCNH2
EPTIFIBATIDE,FGA
ISOFLURANE,CYP2E1
CISPLATIN,ACSS2
CARBOPLATIN,ACSS2
CYTARABINE,CYP2E1
AZD8330,MAP2K2
SN-38,CES1
QUETIAPINE FUMARATE,SH2B1
CLONAZEPAM,CYP3A4
OXYMORPHONE,CYP3A4
TUCATINIB,NRAS
DABRAFENIB,HRAS
ATENOLOL,PPARA
INFIGRATINIB,PIK3CB
VITAMIN K,G6PD
RISPERIDONE,ADRB2
ADALIMUMAB-ADBM,IL27
ADALIMUMAB-ADBM,NFATC2
CARBOPLATIN,TNF
RIFAMPIN,NOS2
CARBOPLATIN,NRG3
CARBOPLATIN,GSR
CARBOPLATIN,CYP3A5
CARBOPLATIN,XYLT2
QUERCETIN,PRKCI
TOCILIZUMAB,HLA-DRB1
AFLIBERCEPT,VEGFC
CYCLOPHOSPHAMIDE ANHYDROUS,GSTT1
SULFAMETHOXAZOLE / TRIMETHOPRIM,HLA-C
DAPSONE,HLA-A
NICOTINE POLACRILEX,MAOA
VOXTALISIB,PIK3C2A
BUPARLISIB HYDROCHLORIDE,PIK3CD
RISPERIDONE,TNFRSF11A
GANETESPIB,ALK
COBIMETINIB,MAP2K3
CYCLOPHOSPHAMIDE ANHYDROUS,INSR
CYCLOPHOSPHAMIDE ANHYDROUS,TPMT
CYCLOPHOSPHAMIDE ANHYDROUS,CXCL12
GEMTUZUMAB OZOGAMICIN,ABCB1
AXITINIB,HIF1A
IL-6,AGTR1
DEXAMETHASONE,AGTR1
ZONISAMIDE,HLA-A
TETRADECANOYLPHORBOL ACETATE,ANXA1
EFLORNITHINE,APC
DIURETIC,NOS1AP
CYTARABINE,UGT1A1
GLYBURIDE,AQP1
SELENIUM,BCL2
ARTEMOTIL,CYP3A5
METHADONE HYDROCHLORIDE,NTRK2
METHADONE HYDROCHLORIDE,CDH2
METHADONE HYDROCHLORIDE,BDNF-AS
ROCURONIUM,SLCO1B1
QUETIAPINE FUMARATE,GRIN2B
CISPLATIN,RAF1
CODEINE ANHYDROUS,COMT
CLOMIPRAMINE,CRHR1
FLUTICASONE,ORMDL3
NELFINAVIR,AKT1
PF-04605412,ITGB1
POSIPHEN,BACE1
ESTRADIOL 3-BENZOATE,BDNF
HALOPERIDOL DECANOATE,BDNF
"INSULIN, REGULAR, HUMAN",BDNF
BDNF,BGLAP
BIOCHANIN A,BGLAP
ZINC SULFATE ANHYDROUS,BDNF
TYROSINE HYDROXYLASE INHIBITOR,BDNF
DEXAMETHASONE,CARTPT
IMMUNOSUPPRESSANT,CDKN1B
TNF-ALPHA,COL1A2
E2012,PSEN1
HORSE ANTI-MOUSE ANTI-LYMPHOCYTE SERUM,CSF2
HUMAN CHORIONIC GONADOTROPIN,CXCL10
BIOCHANIN A,CYP1A1
FORMESTANE,CYP19A1
IAP INHIBITOR HGS1029,XIAP
TROFOSFAMIDE,CYP2B6
URSODIOL,CYP27A1
PERFLUBRON,CYP2E1
ORLISTAT,LPL
PEPTIDE YY (3-36),NPY5R
THYMOSIN BETA-4,ACTG1
RENZAPRIDE,HTR2B
6-DIAZO-5-OXO-L-NORLEUCINE,DDIT3
TRX1,CD4
OMALIZUMAB,MS4A2
BECLOMETHASONE,ANXA1
MITOGEN-ACTIVATED PROTEIN KINASE INHIBITOR,DDIT3
RECOMBINANT INTERLEUKIN-1,DDIT3
"IBUPROFEN, SODIUM SALT",DDIT3
AX-024,NCK1
PF-06671008,CDH3
JD5037,CNR1
AEM-28,APOE
DEXAMETHASONE,GGT1
OXIDOPAMINE,GRIA4
CI-1040,MAPK8
CI-1040,RPS6KB1
RECOMBINANT FIBROBLAST GROWTH FACTOR 2,GRIA4
FGF-1,FGFR1
AZACITIDINE,GSTP1
IL-6,IL17F
GLIQUIDONE,KCNJ10
OMBURTAMAB,TNC
CHEMBL:CHEMBL1950650,ADORA1
BCG VACCINE,IL2
OFLOXACIN,IL1B
PENTAMIDINE,IL1B
DRONEDARONE,KCNA5
VERAPAMIL,IL1B
METHOTREXATE,IL1RN
TOSAGESTIN,PGR
CELL DIFFERENTIATING AGENT,IL2
OFLOXACIN,IL2
METHOTREXATE,IL2
VERAPAMIL,IL2RA
CHINESE HERBS,IL2RA
BI-D1870,RPS6KA1
HUMAN CHORIONIC GONADOTROPIN,IL2RA
ENOXAPARIN SODIUM,ITGA2B
CELASTROL,TNF
CELASTROL,IL1B
CHEMBL:CHEMBL322862,ADRB3
DEXAMETHASONE,IRS2
TETRANDRINE,SLC25A20
HC-TOXIN,HDAC1
CERTOLIZUMAB,TNF
FLECAINIDE ACETATE,KCNJ11
4-HYDROXYBENZALDEHYDE,ABAT
RECOMBINANT RANTES,ITGB2
TETRADECANOYLPHORBOL ACETATE,ITGB2
AEW-541,INSR
DIMETHYLMYLERAN,LCT
TONAPOFYLLINE,ADORA3
TONAPOFYLLINE,ADORA2A
FERULIC ACID,CA1
VERAPAMIL,LDLR
HALOPERIDOL DECANOATE,LDLR
VITAMIN A,LDLR
FELODIPINE,LEP
GDNF,MAPK1
SRX-246,AVPR1A
GLPG-0492,AR
BMS-903452,GPR119
MENINGOCOCCAL GROUP B VACCINE,CFH
ENOXACIN,TOP2A
URSODIOL,MAPK1
CLOCORTOLONE,PLA2G1B
TEPOXALIN,IL4
VALPROIC ACID,MC2R
QUERCETIN,MBP
AZACITIDINE,MGMT
VITAMIN E,MMP1
PIROMELATINE,HTR1A
CISPLATIN,MT1F
ANAKINRA,NLRP3
"INSULIN, REGULAR, HUMAN",NKX6-1
RESINIFERATOXIN,NOS1
ESTRADIOL 3-BENZOATE,NPY
INULIN,INS
ISRADIPINE,SLC25A20
"INSULIN, REGULAR, HUMAN",NR5A1
NERVE GROWTH FACTOR,NRG1
TCDD,PAX5
FLUORODEOXYGLUCOSE F18,PIK3CG
CORTISONE,PLA2G2A
CISPLATIN,PLAU
IMATINIB,PVT1
VITAMIN A PALMITATE,RBP3
BRETYLIUM,ADRB1
DAPAGLIFLOZIN PROPANEDIOL,SLC5A4
PIRBUTEROL,ADRB2
ABT-510,THBS1
DESMETHEYLASTEMIZOLE,KCNH2
DAVAMOTECAN PEGADEXAMER,HIF1A
LAROPIPRANT,HMGCR
ROXINDOLE,A2M
RAUWOLSCINE,A2M
[125I]DOI,HTR2C
ROXINDOLE,HTR2C
[125I]LSD,NAT2
[3H]8-OH-DPAT,SERPINA3
QUINAPRILAT,DAPK3
COMPOUND 21 [PMID: 34855405],ACADSB
"[125I][NLE75,TYR77]APELIN-36 (HUMAN)",ACADSB
PENECA,ABAT
LUF5962,ABAT
TCPA,ABCA1
VIPADENANT,ABCA1
FENOTEROL,ACAA1
COMPOUND 4 [PMID: 19954973],CYP27A1
ENCALERET,ACP5
ABT-639,ATP6V0A1
MDMB-FUBINACA,CNR2
[3H]HU-243,CNR2
AM7499,CNR2
AG-041R,CCKBR
PHENYLGLYCINE-01,CFTR
PF-477736,CHEK2
7-HYDROXYSTAUROSPORINE,CHEK2
ZOTIRACICLIB,DPYD
LY3022855,DPYD
PAZOPANIB,DPYD
ADRIXETINIB,DPYD
VIMSELTINIB,DPYD
GTP-14564,DPYD
FLURBIPROFEN,CPT1B
M-CSF,DPYD
BROMFENAC,CPT1B
[125I]ANTISAUVAGINE,ALB
KBP-088,ACHE
SDF1 P2G,ACTG1
"6-PHENYL[5H]PYRROLO[2,3-B]PYRAZINE",EGR4
CX549,ACTG1
NEFAZODONE,COX6A1
"15-DEOXY-&DELTA;12,14-PGJ2",APOB
NILOTINIB,DUSP1
DINOPROST,APOB
EPIGALLOCATECHIN-3-GALLATE,GLI1
C646,GLI1
MM-151,DXO
AFATINIB,DXO
ZIPALERTINIB,DXO
DINOPROST,APOC1
NEUREGULIN-1,ERBB4
SPARSENTAN,ALDH1B1
"[18F]ET-1 (HUMAN, MOUSE, RAT)",ALDH1B1
SB234551,ALDH1B1
OCINAPLON,ARNT
LAU159,ARRB2
ISONIPECOTIC ACID,ARRB2
"L-692,429",ALOX15
ZN2+,ASAH1
COMPOUND 8G [PMID: 21444206],ADH1C
COMPOUND 23 [PMID: 21444206],ADH1C
APD668,ADH1C
MBX-2982,ADH1C
"7&BETA;, 25-DIHYDROXYCHOLESTEROL",ACTN4
"CP55,244",ADCY3
[3H]RIMONABANT,ADCY3
R-SPONDIN-1,ADRA1A
PIBTU,NOS2
COMPOUND 7 [WO2012007375],EPHA3
ALPROSTADIL,APOC3
BUTAPROST (FREE ACID FORM),APOC3
BMY 45778,APOC3
TOBRAMYCIN,BPI
SCUTELLAREIN,BRCA2
RUXOLITINIB,EPHB1
GANDOTINIB,EPHB2
"2-TERT-BUTYL-9-FLUORO-1,6-DIHYDROBENZO[H]IMIDAZO[4,5-F]ISOQUINOLIN-7-ONE",EPHB2
ZOTIRACICLIB,EPHB2
WXFL10203614,EPHB2
GOLIDOCITINIB,EPHB2
PAZOPANIB,DRD2
VANDETANIB,DRD2
RIVOCERANIB,DRD2
NITRENDIPINE,ARG2
CLOFILIUM,BAAT
[125I]NDP-MSH,ANGPT1
RY764,ANGPT2
COPANLISIB,ETFB
APITOLISIB,ETFB
FARNESYL DIPHOSPHATE,BLK
ESAXERENONE,NR3C2
7-HYDROXYSTAUROSPORINE,CTNNB1
COMPOUND 11 [PMID: 26431428],CTNNA2
PAMAPIMOD,CTNNA2
STAUROSPORINE,ERCC1
IACS-52825,ERCC4
ILOMASTAT,MMP7
PIRLINDOLE,FSHMD1A
MECAMYLAMINE,SERPINC1
HEMOKININ 1,AQP3
FK 224,AQP3
TAREXTUMAB,GPR35
COMPOUND 1 [PMID: 24930776],TNFRSF4
COMPOUND 4 [PMID: 24432870],EXT3
3-PHENACYL-UDP,AIRE
URIDINE 5'-TRIPHOSPHATE,APCS
MRS4062,APCS
PSB1114,APC
AY77,APOE
NVP-CLR457,PIK3CB
KU-0060648,F7
IS20,APOA1
STAUROSPORINE,F2
PROKINETICIN-2,APOA1
MIT1,APOA1
ELENESTINIB,DPP4
ENMD-2076,DPP4
PLOGOSERTIB,FABP1
GSK579289A,FABP1
COMPOUND 2 [PMID: 19097784],FABP1
TALAZOPARIB,GNAI2
ZETOMIPZOMIB,PSMB8
NC1,NRG1
RO 41-5253,BCHE
KBP-7018,PTK2B
BEXAROTENE,HCN2
SUNITINIB,PTK2B
RIPASUDIL,CTRB1
H3 14S18 STAPLED B-CHAIN,APRT
A(10-24)INSL3,APPL1
ELOBIXIBAT,CD44
DORSOMORPHIN,MS4A2
SRIF-28,FASLG
SIFA-ASN(ACNH-&BETA;-GLC)-TYR3-OCTREOTATE,FASLG
[111IN]DOTA-BOC-ATE,FASLG
DANUSERTIB,FBN1
GSK329,FGF2
FLAGELLIN,DMBT1
ILOPROST,APOC4
DINOPROST,APOC4
MT-8,ARHGAP4
GD3+,ATP4A
PROPOFOL,TRPV4
SB-706375,UTS2R
[11C]DTBZ,CDH13
4-CL-CINNAMOYL-C[DCYS-4PAL-DTRP-ORN-VAL-CYS]-HIS-AMIDE,UTS2R
"D(CH2)5[TYR(ME)2,THR4]OVT",AQP9
DVDAVP,AR
LIT-001,ABCC6
DVDAVP,ABCC6
"[TBAA1,D-TYR(ET)2,VAL4,LYS6,ARG-NH28,DES-GLY9]AVP",AR
SATAVAPTAN,ABCC6
YM 218,ABCC6
"[125I]D(CH2)5[D-TYR(ET)2,VAL4,TYR-NH29]AVP",ABCC6
NPY-(3-36) (PIG),ANXA5
ANTI-EGFR MONOCLONAL ANTIBODY,MET
REBEMADLIN,TP53
IMATINIB,IKZF1
ATEZOLIZUMAB,HLA-DRA
CEDIRANIB,BRCA1
CDK INHIBITOR SNS-032,CCNE1
GANITUMAB,IGF2
PICOPLATIN,STAT1
CISPLATIN,IL6
OLAPARIB,MYC
DASATINIB ANHYDROUS,ABCB1
CISPLATIN,STAT1
CISPLATIN,MYC
ALK INHIBITOR NVL-655,ALK
EVEROLIMUS,ATM
ENTOSPLETINIB,CBL
FLUOROURACIL,CD274
MILCICLIB,CDKN2A
SIROLIMUS,CDKN2A
CABOZANTINIB S-MALATE,CTNNB1
SUNITINIB,FGFR1
FGF RECEPTOR ANTAGONIST HGS1036,FGFR1
PHA-665752,FGFR1
SIROLIMUS,FGFR1
E6201,FLT3
DANUSERTIB,FLT3
ITACNOSERTIB,FLT3
OLAPARIB,FLT3
MIRDAMETINIB,FLT3
OPNURASIB,HRAS
FUTIBATINIB,NRAS
RISOVALISIB,PIK3CA
CARBOXYAMIDOTRIAZOLE OROTATE,PIK3CA
LEUCOVORIN CALCIUM,PIK3CA
PI3K/BET INHIBITOR LY294002,PIK3CA
CAMRELIZUMAB,STK11
SELINEXOR,TET2
AZACITIDINE,TET2
EZABENLIMAB,TP53
ALK INHIBITOR TAE684,TP53
PF-04217903,TP53
TIVOZANIB HYDROCHLORIDE,FLT4
HESPERETIN,PPARG
FUMAGILLIN,NFE2L2
TOXAPHENE,CYP3A4
CHEMBL:CHEMBL1797711,CREBBP
MAPROTILINE,ATXN2
PERILLYL ALCOHOL,HSPA4
LYS-COA,GLI1
NITROGLYCERIN,MAPK3
VENETOCLAX,IGH
VS-4718,ACSL1
CHLORPROMAZINE HYDROCHLORIDE,HTR2A
THERAPEUTIC ESTROGEN,HSPB1
FAMPROFAZONE,CYP3A4
PATULIN,MAPK1
VENLAFAXINE,BDNF
GLAFENINE,PTGS2
DIMETHYLAMINOETHANOL,AR
CYCLOPHOSPHAMIDE ANHYDROUS,CYBA
THERAPEUTIC ANDROSTANOLONE,CDK2
PYRAZOLE,GCG
SN-38,SLCO1B1
CISPLATIN,MLLT3
CUDC-101,GAS2
VACCINE,NPY
HELENALIN,XBP1
CHEMBL:CHEMBL244707,CYP2C9
RITANSERIN,AR
CHEMBL:CHEMBL2094789,ATXN2
AVE0847,PPARG
PHENYL SALICYLATE,AR
APIGENIN,HSD17B10
GW843682X,KIT
EDELFOSINE,FAS
CN-105,APOE
"[ILE5,TRP23]PTHRP-(2-36) (HUMAN)",XIAP
&BETA;-PHENYLETHYLAMINE,AQP7
MONOETHANOLAMINE,ESR1
CP-339818,CYP2C19
ZUCAPSAICIN,CYP1A2
RIMONABANT,ADCY3
ALVERINE CITRATE,CYP1A2
CANAGLIFLOZIN,SLC5A4
TONAPOFYLLINE,ABAT
EVEROLIMUS,FLT3
REBIMASTAT,MMP8
COMPOUND 54,APP
OXYCODONE,CYP2C9
&ALPHA;-CGRP,ACHE
AMITRIPTYLINE HYDROCHLORIDE,PLA2G1B
TYRPHOSTIN B48,ALOX15
COMPOUND 30 [PMID: 23414845],ACSL1
COPANLISIB HYDROCHLORIDE,PIK3CD
TAK-733,PIK3CA
SORAFENIB,ATXN2
RIBOCICLIB,CCND3
GW843682X,MAP4K5
IMMUNOTHERAPEUTIC AGENT,CCL21
METHOTREXATE,S100A8
TUBERCIDIN,SMAD3
IMC-EB10,FLT3
MECLOFENAMATE,PTGS1
CANTHARIDIC_ACID,MTOR
DEOXIEPINEPHRINE,TP53
LARGAZOLE,HDAC1
ANTITHROMBIN ALFA,F9
PSORALEN,MPO
ZIRAM,ALDH1A1
BESTATIN METHYL ESTER,CRABP2
CHEMBL:CHEMBL555242,NFE2L2
BIPHENYL,RXRA
CHEMBL:CHEMBL261123,TP53
RITANSERIN,KCNH2
CHEMBL:CHEMBL1546223,SMAD3
IMIDAFENACIN,CHRM3
VITAMIN K3,ATXN2
CEDIRANIB,ALK
CARBETAPENTANE CITRATE,CYP2D6
CHEMBL:CHEMBL578061,KIT
CLORGYLINE HYDROCHLORIDE,KCNH2
ENOTICUMAB,NOTCH2
INHIBITOR CB3,CD27
PIPERINE,AHR
CHF-6366,AANAT
JNJ-7706621,FGFR1
CHEMBL:CHEMBL221300,HSD17B10
GSK4112,NR1H3
OXYMETAZOLINE HYDROCHLORIDE,CYP3A4
CHEMBL:CHEMBL478324,PIM1
MUPADOLIMAB,NT5E
CHEMBL:CHEMBL254077,NFE2L2
QUERCETIN,GSR
ENALAPRIL MALEATE,CYP3A4
GENISTEIN,RXRA
COLCHICINE,TUBB3
NFP,APOF
PF-562271,MARK2
RG-4733,PSEN1
CHEMBL:CHEMBL530682,SMAD3
APIGENIN,BRCA1
PROROXAN,AR
4'-METHOXYCHALCONE,ALDH1A1
GRISEOFULVIN,NR1I2
MEVIDALEN,ALCAM
ATENOLOL,PTGS2
GM-CSF-ENCODING ONCOLYTIC ADENOVIRUS CGTG-102,CSF2
CETYLPYRIDINIUM BROMIDE,GLP1R
MELATONIN,GFAP
FENTICLOR,CYP2C19
OXYMORPHONE,CYP1A2
CITALOPRAM,CACNA1C
CI-1040,HRAS
METARAMINOL,CYP1A2
CARBOPLATIN,HLA-C
NG-25,MS4A2
MITOXANTRONE,ABCB1
OLAPARIB,TP53
MELATONIN,MAOB
TYRPHOSTIN AG 555,CYP2C19
GARCINOL,STAT1
TENATOPRAZOLE,VDR
PROTEIN KINASE C INHIBITOR,HSPB1
PF-562271,GRK5
BROMOXYNIL,AR
HEMOKININ 1,AQP5
FLUVOXAMINE,CYP3A4
TYRPHOSTIN A9,NFE2L2
[3H]CGP61594,GRIN2B
CHEMBL:CHEMBL524930,KCNH2
DESIPRAMINE,COMT
OLSALAZINE SODIUM,PTGS1
MERCAPTOPURINE,VCAM1
RIBAVIRIN MONOPHOSPHATE,GATA4
CHEMBL:CHEMBL578944,MAPK1
QUERCETIN,CYP1A1
MURAGLITAZAR,PPARG
GARLIC,ADA
PD-169316,RIPK2
DICHLORVOS,AR
PROMAZINE HYDROCHLORIDE,AR
STREPTONIGRIN,PADI4
VX-702,ROCK1
LYMPHOKINE-ACTIVATED KILLER CELLS,IL2
DRONABINOL,GFAP
LIQUIRITIN,P4HB
CHEMBL:CHEMBL1256186,VDR
RIVOCERANIB,STK11
PREGNANT MARE SERUM GONADOTROPIN,PLAU
TAS-102,ERBB2
RALTITREXED,ALB
ADIPHENINE,CYP1A2
LY255283,AMH
JNJ-7706621,KDR
NISOLDIPINE,CYP2D6
THIOPHENE,AR
FRUCTOSE,KHK
L-NOREPINEPHRINE,RUNX1
DEHYDROXYMETHYLEPOXYQUINOMICIN,NFKB1
PARATHION,CYP3A4
ACETANILIDE,HSD17B10
TRIBUTYLTIN-OXIDE,RXRA
LIOTHYRONINE,CYP2C19
DARUISOLINE,KCNH2
FLUNISOLIDE ANHYDROUS,PLA2G4A
SULFAMETHOXAZOLE,SLC47A1
S-ETOMIDATE,CYP1A2
OXAZEPAM,AR
APIGENIN,NFE2L2
SULFATINIB,KDR
IBRUTINIB,ERBB4
TYRPHOSTIN AG 555,CYP2D6
DIMETHYL GAMBOGATE,VDR
TANSHINONE I,ATXN2
ABICIPAR PEGOL,FLT1
[3H]8-OH-DPAT,HTR2C
(S)-ROSCOVITINE,NFE2L2
XL-999,FLT4
MT-3724,RPS26
AZD-8165,F2
GW-274150,NOS2
ZINC PROTOPORPHYRIN IX,BCL2A1
COMPOUND 41 [PMID: 31855425],F5
PHENINDIONE,GCK
RIVOCERANIB,CD274
BAY 61-3606,PKN2
[125I]&ALPHA;-CONOTOXIN MII,ATF3
OMEPRAZOLE,NR1I2
DIMETHYLCURCUMIN,EGFR
ACTEIN,RORC
CHEMBL:CHEMBL1940084,NFKBIA
CHEMBL:CHEMBL1997335,ROCK1
LANSOPRAZOLE,SLC22A8
HEXACHLOROPHENE,CRK
MOTIXAFORTIDE,ACTG1
INGENOL MEBUTATE,PKN2
SIGNAL TRANSDUCTION INHIBITOR,MAPK8
ENPIROLINE,ATM
OXIDOPAMINE,PIK3CG
OSIMERTINIB,ABCG2
VASOPRESSIN TANNATE,AVPR2
METHACHOLINE CHLORIDE,CHRM3
DAUNORUBICIN CITRATE,TOP2A
PASIREOTIDE DIASPARTATE,SSTR2
DEXBROMPHENIRAMINE MALEATE,HRH1
ACEBUTOLOL HYDROCHLORIDE,ADRB1
DOBUTAMINE HYDROCHLORIDE,ADRB1
ERIBULIN MESYLATE,TUBB3
"ERGOLOID MESYLATES, USP",DRD2
AMOXAPINE,DRD2
PERGOLIDE MESYLATE,DRD1
CAFFEINE CITRATE,ADORA3
TROSPIUM,CHRM2
BETHANECHOL CHLORIDE,CHRM2
PENTOXIFYLLINE,PDE3B
PENTOXIFYLLINE,PDE4D
PREGABALIN,CACNA1G
PREGABALIN,CACNB3
PREGABALIN,CACNA1E
BENOXINATE HYDROCHLORIDE,SCN5A
HYDROXYAMPHETAMINE HYDROBROMIDE,ADRB2
CHLORPROMAZINE HYDROCHLORIDE,DRD3
CHLORPROMAZINE HYDROCHLORIDE,DRD2
HYDROXYAMPHETAMINE HYDROBROMIDE,ADRB3
HYDROXYAMPHETAMINE HYDROBROMIDE,ADRA2C
LOXAPINE SUCCINATE,DRD3
LOXAPINE SUCCINATE,DRD2
CP-459632,FGFR4
SOVLEPLENIB,SYK
SULFATINIB,FLT1
IZORLISIB,PIK3CD
TAK-593,FLT4
AMG517,TRPV1
TANZISERTIB,MAPK9
JTS-653,TRPV1
BRIVANIB ALANINATE,FGFR1
BRIVANIB ALANINATE,FLT4
DAVUNETIDE,TUBB4A
LEXIBULIN,TUBB4B
METELIMUMAB,TGFB1
LY-2382770,TGFB1
F16SIP 131I,TNC
TRX-1,CD4
CHLORMADINONE ACETATE,PGR
INDALPINE,SLC6A4
INDOPROFEN,PTGS1
PRENYLAMINE,SCN5A
AS-1409,FN1
FBT-A05,CD3E
COTADUTIDE,GCGR
DIFAMILAST,PDE4A
MK-0736,HSD11B1
MT-3724,RPL36A
COTADUTIDE,GLP1R
CETHROMYCIN,RPSA
DEXAMETHASONE,SI
GRAPIPRANT,PTGER4
OLUMACOSTAT GLASARETIL,ACACB
FARICIMAB,VEGFA
"INSULIN, REGULAR, HUMAN",SI
PF-5190457,GHSR
NINGETINIB,FLT3
NINGETINIB,KDR
"INSULIN, REGULAR, HUMAN",SLC2A4
VERAPAMIL,SLC2A4
SIMLUKAFUSP ALFA,IL2RB
DIAZOXIDE,SNAP25
QUISINOSTAT,HDAC2
DEXAMETHASONE,SOAT1
PLOCABULIN,TUBB4A
ZAVEGEPANT,CALCRL
TNF-ALPHA,SLPI
NAB-PACLITAXEL,SPARC
AR-AO-14418,RPS6KB1
AUSTOCYSTIN D,ABCB1
APIGENIN,SMN2
SR2640,CYP3A4
CHEMBL:CHEMBL579318,S1PR4
CRYPTOCHINONE A,NR1H4
METIPRANOLOL,AR
URSODIOL,SOAT1
ASPIRIN,SST
LY-255283,ALOX15
KAEMPHEROL,CYP2D6
CHEMBL:CHEMBL587564,GLP1R
DAIDZEIN,SMN2
CHEMBL:CHEMBL1341830,THRB
(S)-ROSCOVITINE,ATXN2
PF-562271,SRC
CHEMBL:CHEMBL1092743,ENPP2
DIETHYLSTILBESTROL DIPROPIONATE,HIF1A
"PAROXETINE HYDROCHLORIDE, HEMIHYDRATE",ATXN2
THIOINOSINE,NFE2L2
BUMETANIDE,NFE2L2
RECOMBINANT VASCULAR ENDOTHELIAL GROWTH FACTOR,TERT
PF-562271,FLT4
AMINEPTIN,JUN
BISPECIFIC ANTIBODY,TG
PF-562271,MAP4K5
SCLEROTIORIN,WRN
CENISERTIB,SRC
PSAMMAPLIN A,HDAC4
TCDD,TGFB1
CHEMBL:CHEMBL1394328,CYP2D6
VERAPAMIL,TGFB1
ROEMERINE,CASP6
CHEMBL:CHEMBL591126,TP53
RETINOIC ACID AGENT,TGM2
CYC-116,MAP4K5
CEFAMANDOLE,ABCC2
DEMETHYLWEDELOLACTONE,MAPK1
MOROLIC ACID,PTPN1
FENOFIBRATE MICRONIZED,CYP2C9
DIPHENOXYLATE HYDROCHLORIDE,AR
CHEMBL:CHEMBL2094484,SMAD3
RITONAVIR,TLR4
CENISERTIB,MAPK9
BROMOXYNIL,NFE2L2
RESVERATROL,HSD17B10
CHLORZOXAZONE,CYP1A2
CHEMBL:CHEMBL599098,SMAD3
PHENFORMIN HYDROCHLORIDE,AR
OMEPRAZOLE,CYP2C9
PUERARIN,ESR1
TOZASERTIB,JAK2
CHEMBL:CHEMBL600971,NFE2L2
CETRIMONIUM BROMIDE,KMT2A
VITAMIN K3,CYP1A2
CETRIMONIUM BROMIDE,MEN1
CENISERTIB,ACVR1
SIMVASTATIN,THBS1
ISRADIPINE,CYP2C9
CHEMBL:CHEMBL57394,AHR
CHLORPROPAMIDE,CYP2D6
DEXAMETHASONE,TJP1
CENISERTIB,SYK
MYCOPHENOLATE,HSD17B10
SUFENTANIL CITRATE,PLIN1
LINIFANIB,MARK2
CHEMBL:CHEMBL533226,RUNX1
CHEMBL:CHEMBL1392894,ATXN2
SULFAPHENAZOLE,CYP3A4
CHEMBL:CHEMBL211670,RUNX1
"L-741,626",KCNH2
WITHAFERIN A,CDC25C
IOBENGUANE,CYP2D6
"TRIS(2,3-DIBROMOPROPYL)PHOSPHATE",ESR1
APIGENIN,NR3C1
AZITHROMYCIN,XDH
CHEMBL:CHEMBL1997335,CDK5
TOZASERTIB,KDR
CYC-116,IRAK1
VISMODEGIB,SHH
CP-339818,CYP2C9
FENTANYL CITRATE,XDH
BAZEDOXIFENE ACETATE,PPARD
GEFITINIB,MAP4K4
CALCIPOTRIENE,AR
AMORFRUTIN A,PPARG
VITAMIN K3,ALDH1A1
SILVER SULFADIAZINE,HSD17B10
LUZINDOLE,CYP3A4
IMATINIB,SMAD3
TAK-715,EGFR
CHEMBL:CHEMBL275260,JUN
MITOTANE,RORC
CISPLATIN,XIAP
CYSTEAMINE HYDROCHLORIDE,VDR
ALVOCIDIB,XIAP
OPHIOBOLIN O,MAPK14
DIGOXIN,NFE2L2
OSAJIN,SMAD3
DAIDZEIN,CYP2D6
ARBACLOFEN,CYP2D6
RESVERATROL,SMN1
CHEMBL:CHEMBL598477,ACP1
MASOPROCOL,ALDH1A1
CHEMBL:CHEMBL472656,CYP3A4
METIZOLINE,HSD17B10
(S)-NIMODIPINE,CYP3A4
CHEMBL:CHEMBL604538,HSD11B1
PYRIPROXYFEN,NFE2L2
GRAMINE,CYP2D6
MYCOPHENOLATE,SNCA
DITHIAZANINE,SMAD3
CHEMBL:CHEMBL578061,IKBKB
CHEMBL:CHEMBL324053,HDAC3
VALACYCLOVIR,DPP4
PF-562271,IGF1R
CHEMBL:CHEMBL324053,HDAC5
PROPAFENONE HYDROCHLORIDE,CYP3A4
RESVERATROL,AHR
OMARIGLIPTIN,KCNH2
HYDROCORTISONE ACETATE,NFE2L2
CHEMBL:CHEMBL581869,ALDH1A1
FENTICLOR,RORC
CHEMBL:CHEMBL546797,PDGFRB
GW-2580,NTRK2
CHEMBL:CHEMBL580516,KCNH2
DIGOXIN,CYP1A2
APIGENIN,NR1H4
CHEMBL:CHEMBL408653,SMN1
CHEMBL:CHEMBL530361,NFE2L2
CHEMBL:CHEMBL1438389,HIF1A
CHEMBL:CHEMBL590686,GLP1R
(1R)-TRANS-TETRAMETHRIN,NFE2L2
XANTHYLETIN,SMN1
IMATINIB,LCK
BMS-387032,CDK5
ESTRADIOL 3-BENZOATE,AR
TRICETIN,CYP3A4
FENTICLOR,SMAD3
SOLOMONSTEROL B,NR1I2
ANDROSTENEDIONE,HSD17B10
CL-976,CYP3A4
SANGUINARIUM,ALOX12
CHEMBL:CHEMBL408653,NPC1
CHEMBL:CHEMBL169335,SMAD3
BENZAMIL,HSD17B10
TYRPHOSTIN 23,NFKB1
GENISTEIN,CYP3A4
STROBOPININ,HSPA5
EXEMESTANE,AR
CHEMBL:CHEMBL1873684,NFE2L2
GW1929,HSD17B10
CHEMBL:CHEMBL56542,WRN
TOZASERTIB,STK11
PREDNISOLONE SODIUM SUCCINATE,NFE2L2
ENDOSULFAN,AR
FINASTERIDE,CYP1A2
CHEMBL:CHEMBL221721,SMN2
CHEMBL:CHEMBL586135,AGTR1
TETRAIDOFLUORESCEIN,VDR
BENZO[E]PYRENE,TNF
CHEMBL:CHEMBL2333548,MAPK3
ZAFIRLUKAST,CYP2D6
CHEMBL:CHEMBL1162414,PTPN1
(R)-PROCYCLIDINE,CYP2D6
CHEMBL:CHEMBL580076,DNMT1
CHEMBL:CHEMBL1346468,TP53
INDINAVIR SULFATE,AR
GSK369796,CYP3A4
AMIODARONE HYDROCHLORIDE,AR
BAY 61-3606,MAPK1
DOCONEXENT,RXRA
PHENOLPHTHALEIN,PPARG
MENATETRENONE,NR1I2
CARFILZOMIB,AR
LARGAZOLE,TUBB4B
LARGAZOLE,TUBB3
CEFOXITIN SODIUM,ABCC2
CHEMBL:CHEMBL1287983,HSP90AA1
HESPERETIN,CYP2C19
CENISERTIB,KDR
BISACODYL,CYP3A4
ETOPOSIDE,CYP3A4
ERGOSTEROL PEROXIDE,NR1H4
AMIODARONE HYDROCHLORIDE,MTOR
CHEMBL:CHEMBL602718,NFKB1
CYC-116,HIPK2
LARGAZOLE,HDAC5
CHELERYTHRINE,HSD17B10
THIOGUANINE,HBB
CYC-116,CDK5
GLIQUIDONE,CYP3A4
FASUDIL,CYP2D6
BROMUCONAZOLE,AR
CHEMBL:CHEMBL89977,TERT
DAPH,KCNH2
"5,7-DIHYDROXYISOFLAVONE",ALDH1A1
CHEMBL:CHEMBL279556,CYP2D6
OXYTETRACYCLINE ANHYDROUS,WRN
PSORA-4,CYP3A4
CHEMBL:CHEMBL592786,KCNH2
CHEMBL:CHEMBL1738936,AR
4-METHYLDAPHNETIN,HSPA5
DESMETHOXYYANGONIN,CYP3A4
EPICATECHIN GALLATE,ARNT
CEDIRANIB,ERBB2
CHLORAMPHENICOL PALMITATE,AR
PROMETHAZINE HYDROCHLORIDE,GFER
PIPERTRAMINE,CHRM3
CHEMBL:CHEMBL1546223,ATXN2
TRIAZOLAM,BRD2
CHEMBL:CHEMBL601400,GLP1R
CHEMBL:CHEMBL1873684,AHR
CHEMBL:CHEMBL1257022,PPARD
N-OLEOYLDOPAMINE,CYP2C19
CHEMBL:CHEMBL84685,SMN1
CHEMBL:CHEMBL581880,UBE2N
2-APB,CYP3A4
CHEMBL:CHEMBL1642672,MAOB
BAY 61-3606,MAP4K4
CAFFEINE,CYP2C9
CHEMBL:CHEMBL1342336,CYP2C9
ALLO-OCIMENE,NFE2L2
CHEMBL:CHEMBL126804,ALOX15
CYC-116,CYP3A4
CHEMBL:CHEMBL198759,TP53
CHEMBL:CHEMBL578502,SMAD3
CHLORMIDAZOLE,NFE2L2
PROPACHLOR,TP53
SPINASAPONIN A METHYL ESTER,MAPK1
LEAD DIACETATE TRIHYDRATE,NFE2L2
INAMRINONE,CYP2C19
"DALBERGIONE, 4-METHOXY-4'-HYDROXY-",ALOX15
AMODIAQUINE DIHYDROCHLORIDE,CYP3A4
SELECTIVE ESTROGEN RECEPTOR DEGRADER AZD9496,ESR1
N6-PHENYLADENOSINE,NPY2R
(+/-)-ERIODICTYOL,ALOX15
PIPERINE,SMN1
5-METHOXYPSORALEN,CYP3A4
CHEMBL:CHEMBL1572261,CYP3A4
CHEMBL:CHEMBL27768,PRKCD
PD123319,AGTR2
ETRAVIRINE,ABCG2
PF-562271,PRKCQ
FLUORESCEIN SODIUM,CTNNB1
METHYLBENZETHONIUM CHLORIDE,HSP90AA1
NISOLDIPINE,CYP3A4
MITOTANE,NFE2L2
GRAMINE,CYP3A4
DACTINOMYCIN,AR
RETINYL ACETATE,ALDH1A1
2-(PHENOXYMETHYL)BENZOTHIAZOLE,NPC1
SB-568849,MCHR1
CHEMBL:CHEMBL2062862,STAT3
CHEMBL:CHEMBL477052,JUN
PHOSALONE,NFE2L2
GEDATOLISIB,NOS3
ESTRIOL,AR
SERTRALINE HYDROCHLORIDE,AR
NITROFEN,AR
MINOCYCLINE,CYP2C19
COLCHICINE,CXCL8
BAY 11-7082,ALDH1A1
PICTILISIB,CDK7
CENISERTIB,MAPK8
PODOFILOX,AR
ETHAMSYLATE,HIF1A
DAIDZEIN,CYP2C19
ZAFIRLUKAST,MAPK1
FULVESTRANT,EPHX2
2-ETHOXYCARBONYL-2-ETHOXYOXALOYLOXYDIHYDROCHRYSIN DIMETHYL ETHER,ALDH1A1
OMEPRAZOLE,VDR
LANATOSIDE C,AR
MICONAZOLE NITRATE,CYP1A2
HARMINE,NFE2L2
BAY 61-3606,KIT
CHEMBL:CHEMBL554130,SPHK1
PYRROLIDINE DITHIOCARBAMATE,VDR
OXYQUINOLINE,NFE2L2
TRIAZOLAM,CREBBP
ENCLOMIPHENE CITRATE,NLRP3
RESVERATROL,BRCA1
NOSCAPINE,CYP2C9
METHYL YELLOW,NFE2L2
MOMETASONE,AR
BENZAMIL,DRD1
SERATRODAST,PPARD
CHEMBL:CHEMBL510966,PTPN6
N-OLEOYLDOPAMINE,CYP3A4
APIGENIN,HIF1A
FENHEXAMID,AR
HESPERETIN,CYP3A4
N-OLEOYLDOPAMINE,MTOR
SULMAZOLE,CYP1A2
"3,6-DIMETHOXYFLAVONE",HSD17B10
CHEMBL:CHEMBL503990,ESR1
CHEMBL:CHEMBL1797711,KAT2B
CHEMBL:CHEMBL591126,CYP2D6
MADOLIN U,MAPK3
CYCLOSTREPTIN,TUBB4A
APIGENIN,CYBB
BUPIVACAINE,CYP2D6
OXIDOPAMINE HYDROCHLORIDE,MEN1
RESVERATROL,NFE2L2
2-ARACHIDONOYLGLYCEROL,CNR1
PIRENZEPINE,DRD1
NAN 190,HSD17B10
HPTE,NFE2L2
CHEMBL:CHEMBL177126,APP
HELENALIN,ATXN2
PERUVOSIDE,SMAD3
HESPERETIN,CYP2C9
VITAMIN K3,TP53
CHEMBL:CHEMBL59532,VDR
AEE788,ERBB2
INFIGRATINIB,MTOR
BUPARLISIB HYDROCHLORIDE,PIK3CA
BIOCHANIN A,ABCB1
FENOFIBRATE MICRONIZED,ABCB1
ENALAPRIL MALEATE,AGT
RETINOIC ACID AGENT,APOA2
HYDROCORTISONE BUTYRATE,ANXA1
4-PHENYLENEDIAMINE,ANXA1
HUMAN CHORIONIC GONADOTROPIN,APOE
TRIAZINATE,APP
LOVASTATIN,APOB
FLUTAMIDE,AQP9
DIETHYLSTILBESTROL,BDNF
VALPROIC ACID,BCL2
METHADONE HYDROCHLORIDE,BDNF
TRAMADOL,BDNF
TCDD,BDNF
RECOMBINANT COLONY STIMULATING FACTOR,COL18A1
RITONAVIR,CXCL10
CAPTOPRIL,CYP19A1
HYPERICIN,CYP1A1
DIETHYLSTILBESTROL,CYP1A2
RISPERIDONE,CYP1A1
SOY PROTEIN ISOLATE,CYP27B1
GARLIC,CYP2D6
CARBAMAZEPINE,CYP3A5
RISPERIDONE,CYP3A4
ALPHA-TOCOPHEROL,DDIT3
IMMUNOTHERAPEUTIC AGENT,DPYD
TCDD,DNMT1
HUMAN CHORIONIC GONADOTROPIN,EPO
HERBIMYCIN A,ERCC1
DEXAMETHASONE,F9
CISPLATIN,FAS
CA19-9 ANTIGEN,FCGR3A
VALPROIC ACID,GGT1
LEVOFLOXACIN ANHYDROUS,GSR
LANSOPRAZOLE,GSR
ETHACRYNIC ACID,GSTA1
VITAMIN E,GSR
NITROGLYCERIN,GSTM1
ETHACRYNIC ACID,GSTP1
DICUMAROL,GSTM1
VITAMIN E,GSTP1
TNF-ALPHA,IL17F
VACCINE,IL27
MIDOSTAURIN,IL6
DHA-PACLITAXEL,IL2RA
MANNOSE-BINDING LECTIN,CXCL8
LANSOPRAZOLE,CXCL8
"INSULIN, REGULAR, HUMAN",IRS2
FENTANYL CITRATE,ITGAM
RECOMBINANT INTERLEUKIN-1,ITGAX
RECOMBINANT FAS LIGAND,ITGB2
DIMETHYL SULFOXIDE,ITGAM
LIAROZOLE,ITGAM
OXIDOPAMINE,KCNA2
"INSULIN, REGULAR, HUMAN",KCNQ1
GEMFIBROZIL,LEP
TRIBUTYRIN,LDLR
GEMFIBROZIL,LDLR
RECOMBINANT FIBROBLAST GROWTH FACTOR 2,MAPK14
BUTYLATED HYDROXYTOLUENE,MAPK8
PLATINUM,MAPK8
PERFOSFAMIDE,MMP2
ASULACRINE ISETHIONATE,MPO
LIF,MYC
AZACITIDINE,MYC
HYPERICIN,NFE2L2
HEPARIN,NR5A1
INTERLEUKIN-8,NRG1
RECOMBINANT VASCULAR ENDOTHELIAL GROWTH FACTOR,NRG1
IL-6,OXTR
PHOSPHODIESTERASE INHIBITOR,PCSK1
ALVOCIDIB,PIK3CA
IL-6,PLA2G2A
EFLORNITHINE,PLA2G2A
TNF-ALPHA,PLA2G1B
ZINC SULFATE ANHYDROUS,PIK3CG
HALOPERIDOL DECANOATE,NKX6-1
GEFITINIB,PLAU
IMMUNOSUPPRESSANT,PPIA
ALPHA-TOCOPHEROL,PLTP
HEPARAN SULFATE,PTPRC
VITAMIN A,RBP3
MELATONIN,RORA
ADJUVANT,SHBG
FLUORODEOXYGLUCOSE F18,SLC2A4
LIF,SLC2A4
SELENIUM,SLC2A1
TCDD,SLC2A4
TNF-ALPHA,SLC2A4
BDNF,STAR
THERAPEUTIC ANDROGEN,TGFB1
BROXURIDINE,TGFB1
BOVINE CARTILAGE,TGFB1
RECOMBINANT INTERLEUKIN-1,TGM2
RECOMBINANT VASCULAR ENDOTHELIAL GROWTH FACTOR,TGM2
MIDAZOLAM HYDROCHLORIDE,TGM2
RICIN,XDH
CHINESE HERBS,XDH
FOLIC ACID,XDH
HALOPERIDOL DECANOATE,COMT
ALPHA-TOCOPHEROL,XRCC1
HALOPERIDOL DECANOATE,HSPG2
HALOPERIDOL DECANOATE,ARID5B
AMIODARONE HYDROCHLORIDE,CYP2J2
MURAGLITAZAR,EDN1
HALOPERIDOL DECANOATE,GRIN2B
HYDROXYPROGESTERONE,CYP2C19
PEGASPARGASE,APOC3
ACETAMINOPHEN / CAFFEINE / DIHYDROCODEINE,CYP2D6
ASPIRIN,ABCB1
DIURETIC,CDCA3
CYCLOPHOSPHAMIDE ANHYDROUS,ABCG2
CERTOLIZUMAB PEGOL,KLRD1
LEVODOPA,SLC22A1
ERGOT ALKALOIDS,DRD2
ADALIMUMAB-ADBM,IL13
NICARDIPINE,ABCB1
AMLODIPINE BESYLATE,ABCB1
CYCLOPHOSPHAMIDE ANHYDROUS,IRS1
RIFAMPIN,ABCB1
QUININE,ABCB1
AMLODIPINE BESYLATE,NPPA
CLOMIPRAMINE,HTR1A
LANSOPRAZOLE,SLCO1B1
ETANERCEPT-SZZS,TLR9
ETANERCEPT-SZZS,MAP3K1
ETANERCEPT-SZZS,NFATC2
TOCILIZUMAB,CD69
AMIODARONE HYDROCHLORIDE,KCNE2
CELIPROLOL,SLCO1A2
AMIODARONE HYDROCHLORIDE,NOS1AP
VILTOLARSEN,DMD
LEVODOPA,DBH
NICOTINE POLACRILEX,CYP2D6
ATENOLOL,ADRA2A
INTERFERON BETA-1B,CD58
INTERFERON BETA-1A,CD58
CYCLOPHOSPHAMIDE ANHYDROUS,CPT1A
LEVODOPA,MTHFR
HALOPERIDOL DECANOATE,IL1RN
DEXTROAMPHETAMINE SULFATE,DRD1
ANAKINRA,HLA-DRB1
DESIPRAMINE,OPRM1
DEHYDRATED ALCOHOL,ALDH1A1
MARALIXIBAT,JAG1
CISPLATIN,MUTYH
RIFAMPIN,CUX2
RIFAMPIN,CYP27B1
CYTARABINE,DOK5
PEGASPARGASE,BMP7
FLUTICASONE,CYP3A5
PIOGLITAZONE HYDROCHLORIDE,PTPRD
QUETIAPINE FUMARATE,COMT
QUETIAPINE FUMARATE,KCNMA1
DESIPRAMINE,HTR2A
TERBINAFINE,HLA-A
LOSARTAN POTASSIUM,UGT2B7
VELIGROTUG,IGF1R
AVACINCAPTAD PEGOL,C5
ARBACLOFEN,GABBR1
AS1409,IL12RB1
METOCLOPRAMIDE HYDROCHLORIDE,CYB5R4
AS1409,IL12RB2
ANTITHROMBIN ALFA,F12
ANTITHROMBIN ALFA,PLG
METHADONE HYDROCHLORIDE,NPY5R
HYDROXYCHLOROQUINE,SLC19A1
ACETALDEHYDE,ALDH2
DIENOGEST,ESR1
FLOVAGATRAN,F2
NAVEGLITAZAR,PPARG
ACETALDEHYDE,ADH1B
NEPICASTAT,DBH
DEXTROMETHORPHAN/QUINIDINE,CYP2D6
NPS-2143,CASR
PARDOPRUNOX,ADRA1A
CREMOPHOR EL,ABCB1
NABIXIMOLS,ABCB1
VECURONIUM BROMIDE,ABCB1
CLOMIPRAMINE,ABCB1
METHYLPREDNISOLONE,ABCB1
MELEVODOPA,DRD2
NORCLOBAZAM,CYP2C19
NICARDIPINE,CYP3A4
CHLORPROTHIXENE,DRD1
LANSOPRAZOLE,CYP3A5
DYPHYLLINE,PDE4A
DEHYDRATED ALCOHOL,PGM1
LOTEPREDNOL,ANXA1
DESIPRAMINE,CYP2B6
CPP-115,ABAT
ETHYLMORPHINE,CYP2D6
PELCITOCLAX,BCL2L1
OLICERIDINE,CYP2D6
ONO-7475,AXL
BET INHIBITOR RO6870810,DNER
ONO-7579,NTRK1
VEGF/HGF-TARGETING DARPIN MP0250,VEGFA
ATOGEPANT,S100A12
BRANAPLAM,SMN1
AVORALSTAT,KLK2
PROMETHAZINE HYDROCHLORIDE,CYP2D6
CONATUMUMAB,CNR1
MS-1819,PNLIP
PEGASPARGASE,CPT1A
TASQUINIMOD,S100A9
ENALAPRIL MALEATE,BDKRB2
CARBOPLATIN,MTHFR
NCX 1022,COX8A
TOLAZOLINE,DRD2
QUETIAPINE FUMARATE,MTHFR
ILOMASTAT,MMP12
TARENFLURBIL,PSEN2
TARENFLURBIL,PSEN1
DEXTOFISOPAM,TSPO
DENOPAMINE,DRD2
GMA-161,FCGR3A
FENOFIBRIC ACID,FABP1
ILOMASTAT,MMP2
ILOMASTAT,MMP14
PIMECROLIMUS,PPP3CA
CDK1/2/4 INHIBITOR AG-024322,CDK4
TESOFENSINE,INSR
OT-551,GABPA
SAFOTIBANT,BDKRB1
ANGIOTENSIN II,AGTR2
SOMAVARATAN,GH1
SABARUBICIN,TOP2A
MDR MODULATOR CBT-1,ABCB1
CLEVIDIPINE,SLC25A20
CISPLATIN,MAP3K1
RECOMBINANT HUMAN ENDOSTATIN,CTNNB1
VITAMIN D3 ANALOGUE ILX23-7553,VDR
CELIPROLOL,KCNH2
SENKTIDE,TACR3
DIPROTEVERINE,SLC25A20
"L-772,405",A2M
CAPESEROD,A2M
GR-55562,A2M
EVEROLIMUS,PIK3R1
TERGURIDE,HTR2C
NABIXIMOLS,OPRM1
[125I]HEAT (BE2254),ABCA4
WB 4101,ABCA4
MIANSERIN,ABCA4
TEMAZEPAM,CYP2C19
CYTARABINE,NT5C3A
OMEPRAZOLE,SLC22A8
CYTARABINE,BMP7
SNAP5089,ABCA4
SITAGLIPTIN,GLP1R
TERGURIDE,AOC1
WB 4101,AOC1
OXYMETAZOLINE HYDROCHLORIDE,AOC1
TRANDOLAPRILAT,DAPK3
VIPADENANT,ABAT
PEGASPARGASE,PNPLA3
GALANGIN,ABCA1
REGADENOSON ANHYDROUS,ABCA1
CVT-6883,ABCA1
PEGASPARGASE,UGT1A1
(-)-RO 363,ABO
COMPOUND 13R [PMID: 23639540],DNMT3B
(+)-JQ1,GCLC
BMS-986142,EFNB2
COMPOUND 31 [PMID: 24915291],EFNB2
BRANEBRUTINIB,EFNB2
GDC-0834,EFNB2
C3A,ACACA
INHIBITOR E18,CD27
"[THI5,8,D-PHE7]BRADYKININ",BDKRB2
AVACOPAN,ACACB
NDT9520492,ACACB
COMPOUND 4 [PMID: 19954973],CYP27B1
Z944,ATP6V0A1
ANANDAMIDE,ATP6V0A1
CCL14,ACTA1
RO116-4875/608,ACTB
GLYBURIDE,CFTR
CARBENOXOLONE,C4A
JNJ-7706621,EGR4
BSJ-04-132,CDK4
ASNUCICLIB,EIF4EBP2
MEVOCICLIB,EIF4EBP2
DECITABINE,HLA-E
COMPOUND 19 [PMID: 35925768],DHODH
BRD9185,DHODH
ENARODUSTAT,CXCR3
CUDC-101,DXO
SUNVOZERTINIB,DXO
COMPOUND 8E [PMID: 24432909],ENG
FORETINIB,DRD1
VEGFA,DRD1
IBCASERTIB,DRD3
DINOPROST,APOC2
LATANOPROST (FREE ACID FORM),APOC2
ISOGUVACINE,ARNT
BRETAZENIL,ARNT
SKF89976A,CD14
ONFASPRODIL,GRIN2B
GLYCINE,GRIN2B
G-1,ALDH3B1
CUDC-101,GAS1
ROMIDEPSIN,GAS1
COMPOUND 58 [PMID: 21273063],ADH1C
AM251,ADCY3
LODOXAMIDE TROMETHAMINE,ADAM10
GSK575594A,ADCY3
PALMIDROL,ADCY3
SITAGLIPTIN,KCNQ1
ILOPROST,APOC3
ESUBERAPROST,APOC3
CISPLATIN,CASP3
ENMD-2076,DRD2
IBCASERTIB,DRD2
NABIXIMOLS,TRPV1
RIVOCERANIB,DPT
FLUOXETINE HYDROCHLORIDE,ACE
LY97241,BAAT
PP2,EPHX2
VENETOCLAX,MCHR1
FARNESOL,BLK
MELOXICAM,CYP3A5
(+)-MCPG,SLC25A4
CLOMIPRAMINE,CYP3A5
BRUCINE N-OXIDE,AANAT
AQ-RA 741,AANAT
CISPLATIN,FASLG
UCSF4226,ANK2
IIK7,ANK2
ECULIZUMAB,AQP4
DYNORPHIN A-(1-13),APOF
TRAMADOL,APOF
AR-M1000390,APOF
BMS-986121,APOF
&MU;-CONOTOXIN GIIIA,BAX
KASSININ,AQP3
CYTARABINE,P2RY12
TZD18,BCKDHA
HS-173,F5
RISOVALISIB,F5
COMPOUND 41 [PMID: 31855425],PIK3CB
PI-3065,PIK3CB
UMBRALISIB,F7
COMPOUND 20 [PMID: 22136433],F9
CZS-241,FABP5
AXITINIB,FABP5
MEDROXYPROGESTERONE ACETATE,BDNF
LEVODOPA,ADORA2A
ASOPRISNIL,BDNF
QUETIAPINE FUMARATE,PDE4D
MTK458,F12
[125I]PRRP31,APOA4
"NPY-(18-36) (HUMAN, PIG)",APOA4
TIP39-(9-39) (HUMAN/BOVINE),XIAP
[TYR36]-PTHRP-(1-36) AMIDE (HUMAN),XIAP
TO-901317,BCL2L1
SILDENAFIL,ACE
GSK269962A,CTRB1
INSL3 [A(5-26):B(7-27)],APPL1
OZANIMOD,AMY2A
DESIPRAMINE,DRD3
COMPOUND 16 [PMID: 19097778],CHI3L1
SERGLIFLOZIN,CD3E
TIRBANIBULIN,MS4A2
[125I]TYR10-CST14,FAS
"MALTOTRIOSE-[125I][TYR3,THR8]OCTREOTIDE",FASLG
BIM 23023,AQP2
NNC269100,AQP1
KB-141,THRB
COMPOUND 5 [PMID: 23232060],FGB
H+,TRPM5
ESTRADIOL 3-METHYL ETHER,ALDH7A1
APV207094A,TRPM5
GSK1016790A,TRPV4
PUERARIN,TRPV4
LUVIXASERTIB,FGFR4
PRN694,FGR
NIK INHIBITOR 12F,FGF1
U-II-(4-11) (HUMAN),UTS2R
LIT-001,AQP9
FMS586,ANXA5
ANTI-ERBB3 MONOCLONAL ANTIBODY AV-203,NRG1
LAPATINIB,PTEN
PEGARGIMINASE,ASS1
PALBOCICLIB,CDKN2B
GEMCITABINE,TNC
VINORELBINE,SMARCA4
FICONALKIB,ALK
CAMRELIZUMAB,KEAP1
CABOZANTINIB S-MALATE,NRAS
CCT241161,NRAS
MIRDAMETINIB,NRAS
SIROLIMUS,NRAS
SF1126,PTEN
SAR260301,PTEN
2-METHOXYESTRADIOL,PTEN
SELUMETINIB,PTEN
SUNITINIB,PTEN
ROPINIROLE HYDROCHLORIDE,DRD2
AZD-6482,PIK3CD
GEMFIBROZIL,IL6
HALOPERIDOL DECANOATE,SLC2A4
MITOMYCIN,PALB2
ETOPOSIDE,CYP1A2
CHEMBL:CHEMBL529918,NFE2L2
CHEMBL:CHEMBL1389794,SMN1
ISOVELLERAL,S1PR4
RISPERIDONE,CCL2
PEGASPARGASE,HLA-DRB1
TECHNETIUM TC 99M SESTAMIBI,TG
DEXTROMORAMIDE,OPRM1
WAY-100135,ALDH1A1
COLCHICINE,RORC
VISNAGIN,CYP3A4
ORANTINIB,FLT1
ATENOLOL,PLEKHH2
ISRADIPINE,CYP2C19
ALVOCIDIB,ABCG2
MINOXIDIL,CYP3A4
PHENYLEPHRINE,DRD2
ISOSORBIDE MONONITRATE,CYB5R4
CLOMIPRAMINE,COMT
DELGOCITINIB,EPHB1
CITALOPRAM,CREB1
PHENFORMIN HYDROCHLORIDE,NFE2L2
METOPROLOL,ACE
IH636 GRAPE SEED PROANTHOCYANIDIN EXTRACT,NOS1
AXITINIB,ABCG2
PEGASPARGASE,HLA-DQA1
AZD7545,PDK2
QUERCETIN,CYP19A1
PEGASPARGASE,TPMT
LENVATINIB MESYLATE,FLT4
LENVATINIB,DRD3
SULPROSTONE,APOC2
RECOMBINANT VASCULAR ENDOTHELIAL GROWTH FACTOR,FYN
BITHIONOL,AR
OLSALAZINE SODIUM,PPARG
SHO-SAIKO-TO,IL2RA
PRALIDOXIME CHLORIDE,ACHE
ALFUZOSIN,ADRA1A
AZD-6482,PIK3R1
MASOPROCOL,CYP3A4
DACTINOMYCIN,MTR
PYRROLIDINE DITHIOCARBAMATE,CYP2C19
EPOTHILONE D,TUBB4A
FURAFYLLINE,KMT2A
CI-1040,SGK1
INCB13739,SLC25A3
IMMUNOSUPPRESSANT,DHODH
TRITON X,AR
ADJUVANT,HMGB1
VITAMIN A,TG
AR-9281,EPHX1
RECOMBINANT 70-KD HEAT-SHOCK PROTEIN,TLR4
CHLORANIL,AR
IL-6,NTRK1
DOXACURIUM,CHRM2
DUVELISIB,TP53
URSODIOL,FOS
CHEMBL:CHEMBL599098,HSP90AA1
MILODISTIM,MYC
AS1409,FN1
SCLEROTIORIN,HSP90AA1
PROSTAGLANDIN D2,PPARG
MECHLORETHAMINE,GSTP1
PEFLOXACIN,IFNG
CYTARABINE,CPT1A
LATANOPROSTENE BUNOD,APOC2
"3,6-DIMETHOXYFLAVONE",CYP2C9
SANGUINARIUM,TP53
NIALAMIDE,MAOA
CHLORANIL,NFE2L2
DIHYDREXIDINE,CYP2D6
ANTITHROMBIN ALFA,F11
AVI-4557,CYP3A4
VANDORTUZUMAB VEDOTIN,TUBB3
FLUOXETINE HYDROCHLORIDE,KCNH2
CANNABIDIOL,ADCY3
CHELERYTHRINE,TP53
QUERCETIN,PRKCA
CLODRONIC ACID,BGLAP
IZORLISIB,PIK3R3
DIPHENIDOL,BPI
GGSTOP,CRH
RALTITREXED,CDKN1B
DAIDZEIN,SMN1
NORTRIPTYLINE HYDROCHLORIDE,SLC6A4
IPEROXO,AANAT
TETRADECANOYLPHORBOL ACETATE,VCAM1
HERBIMYCIN,CD4
GANTOFIBAN,ITGB3
IGN523,CCNA2
DROMETRIZOLE,NPC1
ATENOLOL,ARAP1
INFIGRATINIB,PIK3C2A
TNF-ALPHA,DEFB4A
"COMPOUND 1 [CRUZ-L&OACUTE;PEZ ET AL., 2019]",AXL
AMIBEGRON HYDROCHLORIDE,ADRB3
THYROXINE,ALOX15
MORICIZINE HYDROCHLORIDE,NFE2L2
AZ7188,APOE
MITOGEN-ACTIVATED PROTEIN KINASE INHIBITOR,CDKN1A
[3H]D-ASPARTIC ACID,GRIN2B
LYMPHOKINE-ACTIVATED KILLER CELLS,NRAS
TETRADECANOYLPHORBOL ACETATE,CTLA4
TOZASERTIB,NTRK2
NALTALIMIDE,OPRM1
COLLAGENASE CLOSTRIDIUM HISTOLYTICUM-AAES,MMP8
VULOLISIB,F5
NVP-TAE 226,ALK
(S)-NIMODIPINE,CYP1A2
AMITRIPTYLINE HYDROCHLORIDE,ADA
CEFDITORIN PIVOXIL,CYP3A4
BCG VACCINE,PIK3CB
PROPRANOLOL HYDROCHLORIDE,COMT
COLLAGENASE CLOSTRIDIUM HISTOLYTICUM-AAES,MMP1
AXITINIB,PDGFB
ARSENIC TRIOXIDE,FLT3
METHYLTHIONINIUM CHLORIDE,PPARG
TAFENOQUINE,G6PD
DIURETIC,NOS3
TRETINOIN,GLI1
A27.15,TFRC
ANALGESIC AGENT,ACP5
CLARITHROMYCIN,ITGAM
PHENYTOIN SODIUM,CYP2D6
MAUROTOXIN,ARG2
CHEMBL:CHEMBL601192,ALDH1A1
CHEMBL:CHEMBL1353528,GFER
PLOCABULIN,TUBB4B
FLOXURIDINE,CYP2C19
SELECTIVE CYTOKINE INHIBITORY DRUG CC-1088,PDE4D
CHEMBL:CHEMBL1412710,CYP3A4
SU9516,CDK2
VU0001171,GAA
CANRENONE,NR3C2
GF109203X,MAPK1
XL-999,FLT1
GUAIFENESIN,CYP3A4
CRUFOMATE,NFE2L2
RECOMBINANT FAS LIGAND,TXNIP
AT-7519,CDK5
FGFR4 ANTAGONIST INCB062079,FGFR4
HYDROCORTISONE BUTYRATE,ADA
VITAMIN A PALMITATE,IL6
TG100-115,PIK3CD
[3H]GR100679,AQP4
PRAZEPAM,TSPO
R-(+)-METHANANDAMIDE,VDR
BIFEPRUNOX,HTR2A
RU28318,NR3C2
[125I]TYR11-SRIF-14,AQP2
RETINOIC ACID AGENT,TG
METHYLENE BLUE ANHYDROUS,VWF
[3-IODO-TYR6]U-II-(4-11) (HUMAN),UTS2R
ASPIRIN,CYP1A2
RWJ-351647,ABCC6
METHOTREXATE,E2F1
MELANOMA VACCINE,CSF2
VAPREOTIDE,SSTR3
PEGASPARGASE,DOK5
SULISOBENZONE,ALDH1A1
CHEMBL:CHEMBL1950650,ADORA2A
CHEMBL:CHEMBL1256698,DRD3
CHEMBL:CHEMBL578502,ATXN2
AMG-837,FFAR1
ABT-670,ALDH2
VADADUSTAT,CXCR3
CHEMBL:CHEMBL1287866,NQO1
LEVOTHYROXINE,NFE2L2
COLCHICINE,CREBBP
BIMAGRUMAB,ACVR2B
DORSOMORPHIN,ESRRG
"[PHAA1,D-TYR(ME)2,ARG6,TYR-NH29]AVP",AR
FELBINAC,COX8A
FASUDIL,AKT1
OLSALAZINE SODIUM,PTGS2
YTTRIUM Y 90 TACATUZUMAB TETRAXETAN,AFP
N-METHYL-PHE-LYS-PRO-D-CHA-CHA-D-ARG-CO2H,ACACB
COMPOUND 5G [PMID: 36385925],EGR4
YL5084,CTNNA2
MOZAVAPTAN,AVPR2
OT-730,ADRB1
GEMFIBROZIL,JUN
SANGUINARIUM,MAPK1
CHEMBL:CHEMBL1415851,ALDH1A1
TAK-715,MAP4K5
QUERCETIN,PIK3CG
TCDD,GFAP
METAGLIDASEN,PPARG
AMIODARONE HYDROCHLORIDE,CYP3A5
CLOMIPRAMINE,HLA-A
GD3+,TRPV4
BITHIONOLATE SODIUM,AR
BUTACLAMOL,DRD1
BIMOCLOMOL,HSF1
COMPOUND 13 [PMID: 35653642],EPHB2
BENZYDAMINE,PTGS2
FISPEMIFENE,ESR1
RENZAPRIDE,HTR2C
HEPARIN,CCL21
LIDOCAINE,MPO
HISTAMINE PHOSPHATE,HRH1
ABICIPAR PEGOL,KDR
OLSALAZINE SODIUM,ALOX5
SOMATREM,GHR
PROPOXYPHENE HYDROCHLORIDE,OPRM1
DIHYDROCODEINE BITARTRATE,OPRM1
SUMATRIPTAN,HTR1A
CERIVASTATIN SODIUM,HMGCR
NALMEFENE HYDROCHLORIDE,OPRM1
COLCHICINE,TUBB4A
ORPHENADRINE HYDROCHLORIDE,GRIN2B
APRACLONIDINE HYDROCHLORIDE,ADRA2B
PHENYLEPHRINE BITARTRATE,ADRA1D
METARAMINOL BITARTRATE,ADRA1A
METARAMINOL BITARTRATE,ADRA1D
BISMUTH SUBSALICYLATE,PTGS2
TOLMETIN SODIUM,PTGS2
TOLAZOLINE HYDROCHLORIDE,ADRA1D
TOLAZOLINE HYDROCHLORIDE,ADRA2A
PIRBUTEROL ACETATE,ADRB2
PROPANTHELINE BROMIDE,CHRM2
MAZINDOL,SLC6A4
EFALIZUMAB,ITGB2
SU-014813,KIT
LXR-623,NR1H2
LXR-623,NR1H3
PF-05019702,PGR
CLX-0921,PPARG
AVE0847,PPARD
LY2452473,AR
AS-602868,IKBKB
CEP-37440,ALK
PD-0166285,SRC
PHA-793887,CDK5
SD-0006,MAPK14
RP-6530,PIK3CD
ABT-560,CHRNA4
SARAKALIM,KCNJ11
CX1739,GRIA2
GW590735,PPARA
AKN-028,FLT3
AT-7519,CDK9
RONICICLIB,CDK7
RONICICLIB,CDK6
FORETINIB,KIT
LY-2090314,GSK3B
PASIREOTIDE,SSTR2
XL-999,FGFR4
XL-999,KIT
SAMOTOLISIB,PIK3R3
FAXELADOL,OPRM1
DASOLAMPANEL,GRIA2
LINSITINIB,INSR
SIMOTINIB,EGFR
ECHOTHIOPHATE,ACHE
DAVUNETIDE,TUBB4B
LUSPATERCEPT-AAMT,TGFB1
IPRONIAZID,MAOA
VONOPRAZAN FUMARATE,ATP4A
SERGLIFLOZIN ETABONATE,SLC5A2
SELUMETINIB SULFATE,MAP2K2
CILNIDIPINE,CACNA1D
IXAZOMIB,PSMD6
IXAZOMIB,PSMB9
PECAVAPTAN,AVPR1A
SOMATOSTATIN,SSTR5
APIGENIN,SMN1
HYDROQUINONE,HIF1A
CARBAMAZEPINE,CYP1A2
CEDIRANIB,MAP4K2
PF-562271,CDK7
TRIBUTYLTIN-OXIDE,NFE2L2
ISOVELLERAL,MAPK1
JNJ-7706621,GSK3B
PIRIBEDIL,CYP1A2
CHEMBL:CHEMBL548286,GLP1R
PROCARBAZINE,CYP1A2
"L-741,626",CYP1A2
BUPIVACAINE,CYP1A2
ATOMOXETINE HYDROCHLORIDE,CYP2D6
CHLORANIL,KCNH2
ZOMEPIRAC SODIUM,VDR
DACARBAZINE,CXCL8
TYRPHOSTIN AG 555,HIF1A
MYCOPHENOLATE,PPARG
CONGO RED,ALDH1A1
TAZOBACTAM SODIUM,AR
CHEMBL:CHEMBL1374610,CYP2C9
CHEMBL:CHEMBL84685,NFE2L2
SAQUINAVIR MESYLATE,AR
GW3965,NR1H2
ONONIN,TP53
APTIGANEL,CYP2D6
ALOXISTATIN,ATXN2
CETRIMONIUM BROMIDE,ESR1
TICLOPIDINE,CYP1A2
CHLORANIL,MAPK1
MASOPROCOL,ALOX15
SANGUINARIUM,ALOX15
MAKALUVAMINE E,TOP2A
PLERIXAFOR,CCR2
(S)-NIMODIPINE,CYP2C19
TOZASERTIB,AXL
WIN55212-2,CNR1
CHEMBL:CHEMBL252417,GNAS
THEONELLASTEROL E,NR1I2
MK-2206,AR
THIOSEMICARBAZIDE,PPARD
CHRYSENE,AHR
CLEMIZOLE,CYP2D6
MASOPROCOL,HSD17B10
DIOSCIN,NFKBIA
GW843682X,FLT1
CHEMBL:CHEMBL592344,KCNH2
GARCINONE E,XBP1
ONONIN,NPC1
FINASTERIDE,AR
GW1929,PPARG
PLERIXAFOR,KMT2A
5-OXO-ETE,ALOX5
CHEMBL:CHEMBL557670,CDK2
BITHIONOL,ESR1
CHEMBL:CHEMBL222556,HSD17B10
INDIUM CHLORIDE,NFE2L2
CHEMBL:CHEMBL1224755,VDR
CHEMBL:CHEMBL582030,NFE2L2
CHEMBL:CHEMBL581044,VDR
PASIREOTIDE,SSTR1
OXYTETRACYCLINE ANHYDROUS,SOD1
CHEMBL:CHEMBL546797,CAMK1D
ROPINIROLE,CYP2D6
METHYLHOMATROPINE,CYP2C19
INGENOL MEBUTATE,PRKCQ
E324,CYP2C19
PERPHENAZINE,ATXN2
CHLORANIL,HSD17B10
CHEMBL:CHEMBL578061,NPC1
TEMEFOS,NFE2L2
RETINYL ACETATE,NFE2L2
NAPHTHYLAMINE,HSD17B10
INGENOL MEBUTATE,PRKCZ
MASOPROCOL,CYP2D6
TILNOPROFEN ARBAMEL,AR
DERRUSNIN,CYP3A4
YEZOQUINOLIDE,NR1H4
FIPEXIDE,CYP3A4
2-ARACHIDONOYLGLYCEROL,ALDH1A1
QUINIDINE,CYP2C19
VITAMIN K3,MAOA
NISOLDIPINE,VDR
FLUOXETINE HYDROCHLORIDE,PPARD
CHEMBL:CHEMBL601110,GAA
WIN55212-2,CYP2C9
CHEMBL:CHEMBL585591,NFE2L2
CHEMBL:CHEMBL1397308,HSD17B10
E324,VDR
CHEMBL:CHEMBL578944,HSP90AA1
CHEMBL:CHEMBL1098875,HSP90AA1
CHEMBL:CHEMBL1093490,ENPP2
LY-2183240,ALDH1A1
"PAROXETINE HYDROCHLORIDE, HEMIHYDRATE",CYP3A4
CEFPODOXIME PROXETIL,AR
DITHIANON,AR
CHEMBL:CHEMBL179611,CASP6
TOLFENAMIC ACID,NFE2L2
CHEMBL:CHEMBL1303948,NPC1
FANGCHINOLINE,SMAD3
CHEMBL:CHEMBL590186,SMAD3
TOZASERTIB,MAP2K2
CHEMBL:CHEMBL429335,TP53
FURAFYLLINE,CYP1A2
CEDIRANIB,MAP4K4
AZOXYSTROBIN,NFE2L2
CHEMBL:CHEMBL261692,NFE2L2
CHEMBL:CHEMBL126804,VDR
METACRESOL,NFE2L2
TYRPHOSTIN AG 879,CYP2C9
CHEMBL:CHEMBL404954,VDR
GLIQUIDONE,ABCC8
PRASTERONE,CYP3A4
APIGENIN,PPARD
WITHAFERIN A,CASP3
PHENYLBUTYRYLHYDROXAMIC ACID,HDAC1
MAPROTILINE,TP53
CETYLPYRIDINIUM BROMIDE,RORC
OXYMETAZOLINE HYDROCHLORIDE,CYP2D6
CENISERTIB,LCK
GW1929,CYP2C9
CENISERTIB,PRKD2
L745870,KCNH2
WITHAFERIN A,ANXA2
CHEMBL:CHEMBL579318,SMAD3
CHEMBL:CHEMBL587856,SMN1
CHEMBL:CHEMBL128729,NFE2L2
CHEMBL:CHEMBL1224755,XBP1
FASUDIL,PRKCQ
CHEMBL:CHEMBL592819,SMAD3
BUTYLATED HYDROXYTOLUENE,CYP2C19
U73122,CYP2D6
CHLORANIL,VDR
NAN 190,DRD1
HYDRAZOBENZENE,ALDH1A1
SUVANINE'S SODIUM SALT,NR1H4
CHEMBL:CHEMBL594379,TOP2A
TOZASERTIB,FLT3
TERGURIDE,HTR2A
MYRISTIC ACID,PPARA
CHEMBL:CHEMBL546597,CYP2D6
BAY-11-7085,DRD1
(+/-)-ERIODICTYOL,CYP3A4
CAMBENDAZOLE,AR
CHEMBL:CHEMBL91638,CTNNB1
TRIMETHYL-OCTADECYL-AMMONIUM CHLORIDE,AR
MYCOPHENOLATE,SMN2
APIGENIN,ESR1
CADMIUM DICHLORIDE,NFE2L2
CHEMBL:CHEMBL602561,SMN2
CISATRACURIUM BESYLATE,CYP3A4
TIRATRICOL,CYP2C9
DIMETHYLCURCUMIN,ERBB4
PINAFIDE,GLP1R
LINIFANIB,MAP4K2
CYC-116,TYK2
CYC-116,CYP2D6
ENDOMORPHIN-1,OPRM1
TRIMETREXATE,KMT2A
CHEMBL:CHEMBL605084,PLA2G1B
CHEMBL:CHEMBL606460,ATM
CYC-116,AKT1
CHEMBL:CHEMBL586033,KCNH2
POTASSIUM CHLORIDE,G6PD
CHLORPROPAMIDE,G6PD
LYMPHOKINE-ACTIVATED KILLER CELLS,FGF2
VACCINE,FGFR1
HEPARAN SULFATE,FGF3
DIAZEPAM,G6PD
FLUORODEOXYGLUCOSE F18,GCG
VERAPAMIL,GSTP1
AMPICILLIN (ANHYDROUS),HMGB1
POLYVALENT MELANOMA VACCINE,HLA-A
CYTARABINE,HSPA4
FLUTICASONE,HSPA4
KETANSERIN,HSPA4
CISPLATIN,HSPA4
UROKINASE,PLAT
URSODIOL,IFNG
LYMPHOKINE-ACTIVATED KILLER CELLS,IL15
SHO-SAIKO-TO,IL10
THERAPEUTIC ANDROSTANOLONE,IGFBP5
SIMVASTATIN,IL17A
CHINESE HERBS,IL1B
GARLIC,IL2RA
FENTANYL CITRATE,IL6
TRETINOIN,CXCL8
HIV VACCINE,IL7
SAQUINAVIR,IL6
SIGNAL TRANSDUCTION INHIBITOR,IL6
CEFTRIAXONE,CXCL8
TALC,CXCL8
MIDAZOLAM HYDROCHLORIDE,CXCL8
VIT-100,PCNA
RECOMBINANT INTERLEUKIN-1,CXCL8
VALPROIC ACID,LEP
CISPLATIN,LIF
DIAZOXIDE,LPL
LYMPHOKINE-ACTIVATED KILLER CELLS,LPL
HALOPERIDOL DECANOATE,MAOB
IMMUNOTOXIN,MAPK8
RECOMBINANT INTERLEUKIN-1,MAZ
TETRADECANOYLPHORBOL ACETATE,MIF
UBENIMEX,MYC
DEFEROXAMINE,NEUROD1
PYRAZOLE,NFE2L2
SIMVASTATIN,NFE2L2
DITIOCARB,NOS1
PHENYLEPHRINE,NOS1
TNF-ALPHA,NR5A1
METHOTREXATE,NR3C1
VANILLOID,NTF3
PHENYLEPHRINE,NTRK1
NERVE GROWTH FACTOR,NTRK1
BDNF,PIK3CG
RECOMBINANT CHEMOKINE,PIK3CG
VITAMIN A,PLAU
CARMUSTINE,PLAU
CORTISONE,PPY
HYDROCHLOROTHIAZIDE,PTGS1
MIDAZOLAM HYDROCHLORIDE,PTH
AZATHIOPRINE,PTH
POTASSIUM CITRATE ANHYDROUS,PTH
LAMIVUDINE,PTH
CYCLOPHOSPHAMIDE ANHYDROUS,MTR
LANSOPRAZOLE,CYP1A2
NICOTINE POLACRILEX,NRXN1
OMEPRAZOLE,AHR
RALOXIFENE HYDROCHLORIDE,VDR
CERTOLIZUMAB PEGOL,HLA-E
FESOTERODINE,CYP3A4
HYDROXYCHLOROQUINE,CYP3A4
AMIODARONE HYDROCHLORIDE,CYP3A4
ITRACONAZOLE,CYP3A4
CISPLATIN,NRAS
SILDENAFIL,GNB3
ACETAZOLAMIDE,HLA-B
IMIDAPRIL,BDKRB2
OXYMORPHONE,CYP2B6
PYRAZINAMIDE,CYP2B6
MIDAZOLAM HYDROCHLORIDE,CYP2B6
RIFAMPIN,CYP2B6
NICOTINE POLACRILEX,DRD1
ADALIMUMAB-ADBM,TNFRSF1B
ADALIMUMAB-ADBM,TLR2
ADALIMUMAB-ADBM,TF
ADALIMUMAB-ADBM,CCNY
CARBOPLATIN,SERPINC1
CARBOPLATIN,ERBB3
CARBOPLATIN,UGT1A1
CARBOPLATIN,MAP3K1
INTERFERON BETA-1A,HLA-DRB1
ATENOLOL,FTO
CLOMIPRAMINE,CES1
MULTIKINASE INHIBITOR AEE788,ERBB2
MULTI-NEO-EPITOPE VACCINE OSE 2101,ERBB2
MULTIKINASE INHIBITOR AEE788,KDR
SODIUM METAARSENITE,TERT
THALIDOMIDE,VEGFA
ACLIDINIUM,CHRM2
AGOMELATINE,HTR2B
BIFEPRUNOX,DRD3
LURASIDONE HYDROCHLORIDE,ADRA2C
LURASIDONE HYDROCHLORIDE,HTR1A
OPC-51803,AVPR2
ORTATAXEL,BCL2
RENZAPRIDE,HTR2A
GANTOFIBAN,ITGA2B
ANISTREPLASE,FGA
PHENFORMIN,PRKAA1
IRX-2,CRH
ALUNACEDASE ALFA,ACE2
ANTI-ERBB3 MONOCLONAL ANTIBODY CDX-3379,ERBB3
PAPAVERINE,PDE4D
ELIPRODIL,GRIN2B
SULTHIAME,CA2
SILYMARIN,ALOX5
CI-1040,LCK
CI-1040,AKT1
GUANINE,GCH1
PAPAVERINE,PDE5A
CHLORPROPAMIDE,KCNJ10
T-226296,KCNA5
TRANILAST,HRH1
MECLIZINE,NR1I3
PORPHOBILINOGEN,ALAD
CLOFIBRATE,LPL
EDARAVONE,BCL2
ANTI-CD38 CAR T CELLS PREPARATION,CD38
LORNOXICAM,COX8A
RIMITEROL,ADRB3
T-817 MALEATE,APP
TESEVATINIB,PTK2B
ILOMASTAT,MMP3
GS9667,ABAT
REGADENOSON ANHYDROUS,ABAT
BINODENOSON,ABCA1
ADENOSINE,ABCA1
(S)-PIA,ABCA1
MSX-2,ABCA1
TOZADENANT,ABCA1
PBF-509,ABCA1
ROLOFYLLINE,ABCA1
TONAPOFYLLINE,ABCA1
GSK8814,GLB1
ESMOLOL,ABO
NIP,ABO
ZILURGISERTIB,DNMT3B
M826,CASP3
URACIL 20,DBH
PGF1&ALPHA;,RND3
VICASINABIN,CNR2
ANANDAMIDE,CNR2
JMV180,CCKAR
IBIPINABANT,CNR2
ML398,ALDH2
OLECLUMAB,CCR3
DBPR112,DXO
DACOMITINIB ANHYDROUS,DXO
AMPHIREGULIN,DXO
ALPROSTADIL,APOC1
PGD2,APOC1
ILOPROST,APOC1
19(R)-OH-PGE2,APOC1
EPIREGULIN,ERBB4
MACITENTAN,ALDH1B1
ZIBOTENTAN,ALDH1B1
BRETAZENIL,ARRB2
PICROTOXIN,ARSA
PICROTOXIN,ARRB2
IPN60090,GRIA2
GINKGOLIDE B,ASAH1
D-LACTIC ACID,ANXA11
ZD7288,PHOX2A
T1117,ADCY3
N-OLEOYLETHANOLAMIDE,ADCY3
GW274150,NOS1
SACUBITRILAT,DAP
[125I]EPIBATIDINE,ZFHX3
MECAMYLAMINE,ATF3
PHYLLOMEDUSIN,AQP3
"[3H]SP (HUMAN, MOUSE, RAT)",AQP3
YM44781,AQP4
NEUROKININ A,AQP4
MECLINERTANT,ANXA6
RF9,ANXA1
NEUROPEPTIDE FF,ANXA1
OX-40 LIGAND,TNFRSF4
RKI-1447,EXT3
BJG-05-039,EXT3
A317491,ATP1A4
CAMLIPIXANT,ATP1A4
AR-C126313,APC
INS48823,AIRE
PPADS,AIRE
SAR407899,CTRB1
COMPOUND 10D [PMID: 34855388],APRT
RLF-(A11-B10)-ISOPEPTIDE AMIDEA26 (XA11-B10),APPL1
ENAVOGLIFLOZIN,CD3E
BIM 23052,FAS
IBRUTINIB,MS4A2
SI306,MS4A2
ENMD-2076,MS4A2
ANALOG 3 [PMID:18543899],FASLG
SIFA-ASN(ACNH-&BETA;-GLC)-PEG-TYR3-OCTREOTATE,FASLG
BIM 23052,AQP1
BIM 23454,AQP2
AZ1366,HLA-DMA
[125I]SAP,APOC4
[3H]SQ-29548,APOC4
PICO145,ATP2A3
NSC600684,TRPV4
YM 218,AQP9
RWJ-351647,AQP9
"[PHAA1,D-TYR2,VAL4,ARG6,ARG-NH29]AVP",AQP9
"[TBAA1,D-TYR(ET)2,VAL4,LYS6,ARG-NH28,DES-GLY9]AVP",ABCC6
"[PHAA1,D-TYR(ME)2,ARG6,TYR-NH29]AVP",ABCC6
CISPLATIN,CD44
SORAFENIB,HMOX1
EPIRUBICIN,FOXP3
MTOR KINASE INHIBITOR AZD8055,HRAS
MTOR KINASE INHIBITOR PP242,PIK3CA
GEMCITABINE,IGF2
SIROLIMUS,APC
BASROPARIB,APC
LEUCOVORIN CALCIUM,ATM
FENOLDOPAM MESYLATE,ADRA2A
MICROPARTICLE MDP/BACTERIAL DNA-CONTAINING MIS416,NOD2
EFIZONERIMOD,TNFRSF4
MILATAXEL,TUB
PELCITOCLAX,BCL2
BCL-2 INHIBITOR BCL201,BCL2
VEBRELTINIB,MET
GSK2646264,SYK
AVORALSTAT,KNG1
RALIMETINIB MESYLATE,AHSA1
IOPOFOSINE,PIK3CG
CORTICOSTEROID,ESRRA
DENIFANSTAT,FASN
PRALNACASAN,CASP1
AMOCARZINE,ACHE
DOCETAXEL ANHYDROUS,TUB
UMESPIRONE,DRD2
CHEMBL:CHEMBL219557,SRC
LENABASUM,TNF
CHLAMYDOCIN,HDAC1
IMRECOXIB,PTGS2
CXD-101,HDAC9
FOSDENOPTERIN,XDH
AZD-3839,BACE1
GALCANEZUMAB,CALCRL
ETIDRONIC ACID,PTPRS
SELECTIVE CYTOKINE INHIBITORY DRUG CC-1088,PDE4A
CYCLOBENZAPRINE,ADRA2C
ALDESLEUKIN,IL2
OSTABOLIN-C,PTH
DICLOFENAC SODIUM,COX8A
PLX7486,NTRK1
FIDARESTAT,AKR1B1
FROVATRIPTAN,A2M
OLANZAPINE,A2M
ELETRIPTAN,A2M
EGIS-7625,HTR2C
SB 243213,HTR2C
2-BROMO-LSD,SERPINA3
PIRENPERONE,SERPINA3
THIORIDAZINE,SERPINA3
BMY-7378,ABCA4
MK-912,AOC1
RAMIPRILAT,DAPK3
CVT-6883,ABAT
MSX-2,ABAT
2-CHLOROADENOSINE,ABCA1
ENOBLITUZUMAB,GSTA1
CYANOPINDOLOL,ABO
METOPROLOL,ABO
L-748328,ACAA1
ZANUBRUTINIB,EFNB2
LFM-A13,EFNB2
COMPOUND 71 [WO2018191577A1],EFNB2
CGI560,EFNB2
NPC-349,BDKRB2
BOCEPREVIR,CYP7A1
TETRONOTHIODIN,CCKBR
CBIQ,CFTR
GLYH-101,CFTR
SULINDAC,CPT1B
CARBENOXOLONE,C5AR1
CDK INHIBITOR 4.35,EGR4
CDK4 INHIBITOR,EGR4
CGP74514A,CDK4
CIMPUCICLIB,EIF4EBP1
CGP74514A,EIF4EBP2
ONO-2570366,AMPD1
RACLOPRIDE,ALDH1A1
BENPERIDOL,ALDH2
TERGURIDE,ALDH2
SGC-CBP30,GLI1
COMPOUND 3V [PMID: 27390066],ERAP2
UNC1999,EZH2
BPIQ-I,DXO
JND3229,DXO
ICOTINIB,DXO
IGE HEAVY CHAIN,GSPT1
BINDARIT,FYN
IBCASERTIB,DRD1
SU-14813,DRD1
TIVOZANIB,DRD1
"13,14-DIHYDRO-16-M-CHLOROPHENOXY-W-TETRANOR-PGF1&ALPHA;",APOC2
PGD2,APOC2
IBRUTINIB,ENO2
NMDA,GRIN2B
N1-DANSYL-SPERMINE,GRIN2B
D-AP5,GRIN2B
CUDC-101,MSTN
VORINOSTAT,MSTN
VORINOSTAT,GAS1
STAUROSPORINE,EP300
COMPOUND 24 [PMID: 15955699],CUX1
A(4-24)(F23A)H2,APP
A(&DELTA;10/15C)INSL3,APPL1
AS1269574,ADH1C
TOMIVOSERTIB,FCGR3A
COMPOUND 14N [PMID: 25589934],CYBB
SLF1081851,HBG2
NOC-ATE,FASLG
SRIF-28,AQP1
NVP‐TNKS656,HLA-DMB
COMPOUND 16G [PMID: 35507418],THRB
STAUROSPORINE,FGB
GD3+,FXYD2
CURCUMIN,TRPV4
GSK2193874,TRPV4
IBRUTINIB,FGR
TASELISIB,CCNE1
SORAFENIB,FGF3
DAROMUN,FN1
ETOPOSIDE,NTRK3
CISPLATIN,NRG1
NVP-AEW541,DDIT3
ETOPOSIDE,SF3B1
TRK INHIBITOR,NTRK1
CISPLATIN,ASS1
GEMCITABINE,XRCC1
OCTREOTIDE ACETATE,ALK
SIROLIMUS,ALK
ICOVAMENIB,NRAS
RLY-2608,PIK3CA
FUTIBATINIB,PIK3CA
OLAPARIB,PTEN
M-2698,PTEN
IZORLISIB,PTEN
TETRACYCLINE PHOSPHATE COMPLEX,RPSA
EMRICASAN,CASP6
EMRICASAN,CASP9
SODIUM DICHLOROACETATE,PDK1
SODIUM DICHLOROACETATE,PDK2
GANCOTAMAB,ERBB2
BEGELOMAB,DPP4
BEZAFIBRATE,PPARG
ISOXSUPRINE HYDROCHLORIDE,ADRA1A
ALVERINE,HNF4A
IMC-1C11,KDR
EPITUMOMAB,MUC1
FARALIMOMAB,IFNA13
BRE-3 90Y,MFGE8
ZENOCUTUZUMAB,ERBB3
APRUTUMAB IXADOTIN,TUBB4B
ASG-5ME,TUBB4B
INFIGRATINIB PHOSPHATE,FGFR1
GSK-2586881,AGT
TERN-101,NR1H4
LANATOSIDE C,ATP1A1
CHEMBL:CHEMBL1397308,THRB
INAMRINONE,CYP1A2
HARMAN,HSD17B10
CHLORANIL,CYP3A4
CHEMBL:CHEMBL1990783,NFE2L2
SOFALCONE,VDR
CHEMBL:CHEMBL602526,NLRP3
PD-169316,CYP3A4
KBP-7018,DPT
IBCASERTIB,DPT
DOFETILIDE,CYP1A2
BROMETHALIN,RXRA
NS309,ARG1
"PAROXETINE HYDROCHLORIDE, HEMIHYDRATE",AR
MASOPROCOL,CYP2C9
AMSACRINE HYDROCHLORIDE,GFER
GRACILIN A,EGFR
TYRPHOSTIN A9,CYP2C9
PF-562271,PRKCD
ZAFIRLUKAST,AR
NS3623,BAD
N-[2-(2-IODO-5-METHOXY-1H-INDOL-3-YL)ETHYL]ACETAMIDE,CYP1A2
CHEMBL:CHEMBL585828,GAA
CENISERTIB,PRKCD
MASOPROCOL,AR
RILUZOLE,BAD
METITEPINE,AR
DACTINOMYCIN,CYP3A4
PF-562271,NTRK1
TK05,LTC4S
CHEMBL:CHEMBL1567571,ATXN2
DIHYDROGUAIARETIC ACID,TTR
THEONELLASTEROL C,NR1H4
RESORCINOL,CYP3A4
CHEMBL:CHEMBL1333798,BRCA1
CHEMBL:CHEMBL560296,NPC1
CAFFEINE,CYP3A4
CHEMBL:CHEMBL1256660,ATXN2
CONGO RED,SNCA
CHEMBL:CHEMBL275260,NFE2L2
DACTINOMYCIN,ESR1
EXIFONE,AR
IMATINIB,IRAK1
CAFFEIC ACID PHENETHYL ESTER,SMN1
CHEMBL:CHEMBL221300,CYP3A4
IBRUTINIB,EGFR
ENDOSULFAN,ESR1
CHEMBL:CHEMBL591613,CYP2D6
METIZOLINE,CYP1A2
TYRPHOSTIN A9,HIF1A
SUFENTANIL CITRATE,NFE2L2
JNJ-7706621,RPS6KA3
FASUDIL,DAPK3
CEFPIROME,VDR
CHEMBL:CHEMBL1934585,GLI1
NONIVAMIDE,CYP2C9
CHEMBL:CHEMBL16751,KMT2A
AMPICILLIN (ANHYDROUS),TEK
INAMRINONE,THRB
N-OLEOYLDOPAMINE,ALOX15
BAY 61-3606,MET
COLCHICINE,CYP2C9
CHEMBL:CHEMBL256967,IKBKB
LINIFANIB,MAP4K5
SELICICLIB,CCNA2
FENPYROXYMATE,AR
CHEMBL:CHEMBL601364,DRD1
HELENALIN,AGTR1
JNJ-7706621,MET
VOACAMINE,ABCB1
CHEMBL:CHEMBL586135,S1PR4
SUVANINE'S SODIUM SALT,NR1I2
SR2640,CYP2C19
HONOKIOL,GAA
CHEMBL:CHEMBL546797,LCK
MENTHOFURAN,CYP2C9
CHEMBL:CHEMBL1256868,CYP3A4
CHEMBL:CHEMBL309917,CYP3A4
SAQUINAVIR MESYLATE,ATXN2
CHEMBL:CHEMBL1576310,PTK2B
FIPEXIDE,CYP2C19
CYANIN,F2
SANGUINARIUM CHLORIDE,MAPK1
PROMETHAZINE HYDROCHLORIDE,DRD1
CHEMBL:CHEMBL191534,TRPV1
PHENAZOPYRIDINE HYDROCHLORIDE,HBB
CENISERTIB,CDK5
HYDROXYFLUTAMIDE,NFE2L2
NOSCAPINE,CYP3A4
TYRPHOSTIN AG 879,CYP3A4
CHEMBL:CHEMBL260311,NPC1
CYC-116,FGFR1
DEXTROTHYROXINE,CYP2C9
CHEMBL:CHEMBL602424,NFE2L2
CHEMBL:CHEMBL1415851,SMAD3
MITOTANE,ATM
CHEMBL:CHEMBL597035,NFE2L2
CHEMBL:CHEMBL17784,NPC1
BISACODYL,GPR55
CENISERTIB,HIPK2
FENOFIBRATE MICRONIZED,JUN
CYC-116,CDK2
GEFITINIB,AXL
GEFITINIB,MAPK14
PHENYLETHYL ALCOHOL,AR
ISOLIQUIRITIGENIN,CYP2C19
CAFFEINE,CYP1A2
TAMARIXETIN,NFKB2
OXIGLUTATIONE,AR
TAMARIXETIN,RELA
ROSIGLITAZONE MALEATE,NFE2L2
VESAMICOL,CYP2D6
DIMETHYL GAMBOGATE,CYP3A4
SILVER SULFADIAZINE,CYP2C19
PHATHALIMIDE,CASP3
CEDIRANIB,MAP4K5
AR-AO-14418,CDK5
NIGULDIPINE,TP53
CONGO RED,KMT2A
CHEMBL:CHEMBL394883,GPR55
PD-169316,KCNH2
CHEMBL:CHEMBL1326758,ALDH1A1
CARBIMAZOLE,CYP2C9
SHU9119,ANGPT1
CHEMBL:CHEMBL2347633,CXCR4
CHEMBL:CHEMBL461193,ATXN2
PODOFILOX,CYP3A4
SELICICLIB,SMN1
ACETAMINOPHEN,BRD2
CHEMBL:CHEMBL2178596,PPARG
PF-562271,FGFR1
SULFACARBAMIDE,AR
SILVER SULFADIAZINE,CYP1A2
CARBAMAZEPINE,CYP2C9
BAY 61-3606,CDK2
TERAZOSIN HYDROCHLORIDE,HSD17B10
COLFORSIN,AHR
RPR260243,KCNH2
CHEMBL:CHEMBL429335,SMN1
CYC-116,CSNK1D
FLUMETHASONE PIVALATE,AR
GLUTAMIC ACID,SLC25A4
PERPHENAZINE,UBE2N
DIAZOXIDE,CYP1A2
POTASSIUM DICHROMATE,RORC
MRS1523,CYP3A4
VU0650786,SLC25A4
JNJ-7706621,NTRK2
DALBERGIONE,VDR
5'-GUANIDINONALTRINDOLE,VDR
QUERCETIN,PIK3R1
QUERCETIN,PKN2
QUERCETIN,PIK3C2A
QUERCETIN,PIK3CD
ORANTINIB,FLT4
B-RAF/VEGFR-2 INHIBITOR RAF265,KDR
NIROGACESTAT,NOTCH4
BORTEZOMIB,PSMD9
BUPARLISIB HYDROCHLORIDE,PIK3CB
LEUCOVORIN CALCIUM,ABCC4
6-AMINONICOTINAMIDE,ACHE
"INSULIN, REGULAR, HUMAN",ADIPOQ
AZACITIDINE,AFP
MELATONIN,ALOX5
RECOMBINANT VASCULAR ENDOTHELIAL GROWTH FACTOR,ANGPT2
HYDROCORTISONE BUTYRATE,ARNT
CISPLATIN,AQP9
THERAPEUTIC ANDROSTANOLONE,BAX
ALPHA-TOCOPHEROL,BCL2
TOPOISOMERASE-II-BETA INHIBITOR RACEMIC XK469,BAX
AMINOLEVULINIC ACID,BCL2
MICELLAR PACLITAXEL,BCL2
RECOMBINANT CHEMOKINE,CCL21
DIAZEPAM,CCKBR
SIMVASTATIN,CCR2
BOVINE PITUITARY EXTRACT,CD34
FLUDARABINE,CD40
MANNOSE-BINDING LECTIN,CD40
DEXAMETHASONE,CDK2
TANESPIMYCIN,CDK4
TNF-ALPHA,CDK2
RO4491533,SLC25A4
PURINE ANTAGONIST,CDK2
CASPASE INHIBITOR,CDKN1A
TRIVALENT INFLUENZA VACCINE,CSF2
IMMUNOTOXIN,CSF2
GM-CSF,CXCL10
FENTANYL CITRATE,CYP3A4
QUERCETIN,E2F1
ANTIPLATELET AGENT,EDN1
NERVE GROWTH FACTOR,ENO2
DIETHYLSTILBESTROL,ERBB2
BISPECIFIC ANTIBODY,FAS
ANTINEOPLASTIC AGENT,FASN
SOY PROTEIN ISOLATE,PTH
LYSOZYME,PTPN6
GM-CSF,SERPINE1
DEXAMETHASONE,SAG
CAPTOPRIL,SERPINE1
DEFIBROTIDE,SERPINE1
CAFFEINE,SHH
DIAZEPAM,SLC2A1
METHOXSALEN,TAC1
AZACITIDINE,TAGLN
GAMMA-INTERFERON,TG
AMIODARONE HYDROCHLORIDE,TG
ALPHA-TOCOPHEROL,TGFB1
HEPARAN SULFATE,TGFB1
ISOTRETINOIN,TGM2
DEFEROXAMINE,TGM2
PNEUMOCOCCAL POLYVALENT VACCINE,TNF
HUANG LIAN,TNF
"INSULIN, REGULAR, HUMAN",TNF
MIDOSTAURIN,TNF
RECOMBINANT CHEMOKINE,TNFRSF8
6-AMINONICOTINAMIDE,TRH
CAFFEINE,TRPC1
PYRAZOLE,TSPO
SP600125,CTNS
THERAPEUTIC ANDROGEN,VDR
TYROSINE KINASE INHIBITOR,VWF
LACOSAMIDE,ABCC2
SN-38,ABCC2
MIPOMERSEN,LDLR
LANSOPRAZOLE,NR1I2
INTERFERON BETA-1A,RORA
OXYMORPHONE,CYP2C9
AMIODARONE HYDROCHLORIDE,KCNE1
VITAMIN B12,ABCB1
DESIPRAMINE,AKT1
ADALIMUMAB-ADBM,IL6
ABEMACICLIB,ABCB1
ETANERCEPT-SZZS,IL6
ERGOT ALKALOIDS,BDNF
SODIUM NITRATE,G6PD
CYCLOPHOSPHAMIDE ANHYDROUS,GSTM1
CARMUSTINE,G6PD
OSIMERTINIB,STAT3
NICOTINE POLACRILEX,CHAT
METHADONE HYDROCHLORIDE,KCNH2
CYCLOPHOSPHAMIDE ANHYDROUS,CXCL8
RISPERIDONE,TJP1
CYCLOPHOSPHAMIDE ANHYDROUS,SLCO1B1
CYCLOPHOSPHAMIDE ANHYDROUS,FCGR3A
CYCLOPHOSPHAMIDE ANHYDROUS,DOK5
CYCLOPHOSPHAMIDE ANHYDROUS,CBR3
CYCLOPHOSPHAMIDE ANHYDROUS,FGFR4
CYCLOPHOSPHAMIDE ANHYDROUS,FCGR2A
CYCLOPHOSPHAMIDE ANHYDROUS,ATM
CYCLOPHOSPHAMIDE ANHYDROUS,IKZF3
MYCOPHENOLATE MOFETIL,CYP2C8
CISPLATIN,SEMA6A
SULFAMETHOXAZOLE,SLC22A2
AXITINIB,UGT1A7
NICORANDIL,G6PD
SULFACETAMIDE,G6PD
ATENOLOL,PROX1
LORAZEPAM,UGT2B7
MITOXANTRONE,SLCO1B1
METHADONE HYDROCHLORIDE,KCNJ6
SALMETEROL,CYP3A5
VELDOREOTIDE,SSTR1
DEXPRAMIPEXOLE,DRD3
DEXPRAMIPEXOLE,DRD2
13-DEOXYDOXORUBICIN,TOP2A
ICO-007,RAF1
ILOPERIDONE,HRH1
ILOPERIDONE,HTR1A
ALCLOMETASONE,ANXA1
AMCINONIDE,ANXA1
AFDX384,AANAT
GLYCOPYRRONIUM,AANAT
LUNACALCIPOL,CYP24A1
REMLARSEN,MIR155
REMLARSEN,AQP1
PF-06747143,CXCR4
NAFAMOSTAT,TNF
IODINE I 124 OMBURTAMAB,CD276
KW-2449,FGFR1
ASCORBIC ACID,AQP1
METHANESULFONYL FLUORIDE,ACHE
DA-8031,SLC6A4
CMX-2043,AKT1
MITOGLITAZONE,INSR
GNE-616,BBS1
DRONEDARONE,CALCA
GLPG-1837,CFTR
RAUWOLFIA SERPENTINA (USP),CACNA1C
NEXOPAMIL,SLC25A20
ELAPEGADEMASE,ADA
SEPTIDE,AQP3
BRL-15572,A2M
FK-888,AQP4
T2328,AQP3
(+)-DOI,HTR2C
OLANZAPINE,SERPINA3
MESULERGINE,SERPINA3
PD 154740,AQP5
BIMAGRUMAB,DNTT
CONTULAKIN-G,ANXA6
HG2+,AQP5
"[125I][GLP65NLE75,TYR77]APELIN-13",ACADSB
CYCLO APELIN-12 (7-12),ACADSB
H+,BTC
MRS3558,ABAT
TCPA,ABAT
AS100,ABAT
NELADENOSON,ABAT
ODRONEXTAMAB,GATM
FK-881,CPT1B
KL044,GPX1
CARBENOXOLONE,C5
RONICICLIB,EGR4
EPALRESTAT,CYP4A11
TROLEANDOMYCIN,COX6A1
IMATINIB,DUSP1
DDR-IN-1,DUSP1
C391,APOE
"INOSITOL 2,4,5-TRISPHOSPHATE",ITPR1
DEXTROMETHORPHAN POLISTIREX,BMPR2
PRISTANIC ACID,BCKDHA
GOLIDOCITINIB,EPHB1
CERDULATINIB,EPHB1
LEPZACITINIB,EPHB1
JAK3 INHIBITOR II,EPHB1
ITACITINIB,EPHB1
LORPUCITINIB,EPHB1
JNJ-7706621,EPHB2
WXFL10203614,EPHB1
TOFACITINIB,EPHB1
NIK INHIBITOR 12F,EPHB1
JAK3 INHIBITOR II,EPHB2
ITACITINIB,EPHB2
DIOA,CD74
LY2874455,DRD2
SKA-31,ARG1
TRAM-34,ARG2
RILUZOLE,ARG2
NA+,ASIP
LPA,ACVRL1
MCL0129,ANGPT2
ELAFIBRANOR,BCKDHA
IZORLISIB,ETFB
N-OLEOYLETHANOLAMIDE,BCKDHA
GERANYL DIPHOSPHATE,BLK
COMPOUND 41 [PMID: 31855425],F3
ONAPRISTONE,NR3C2
KU-0060648,F5
KU-0060648,PIK3CB
TANZISERTIB,CTNNA2
STAUROSPORINE,ERBB3
GS-444217,MAP3K5
CEP-1347,ERCC4
VULOLISIB,F7
BEFLOXATONE,FSHMD1A
ZAPRINAST,PDE5A
(-)-BREMAZOCINE,APOF
GYPGQV-NH2,APOH
GDC-0339,F9
APITOLISIB,F7
[125I]BH-MIT1,APOA1
MIT1,APOA2
[125I]BH-MIT1,APOA2
ONVANSERTIB,FABP1
DUAL BRD4/PLK1 INHIBITOR 23,FABP1
XMD8-92,FABP5
GSK583,RIPK2
TRIFAROTENE,BCHE
AGN193836,BCHE
BMS614,BCHE
SULINDAC,HCN2
GSK4112,BCL2
COMPOUND 8 [PMID: 25898023],CTRB1
SPARTALIZUMAB,CD274
CAMRELIZUMAB,CD274
DENFIVONTINIB HYDROCHLORIDE,FLT3
LY3009120,HRAS
TEMUTERKIB,HRAS
GW5074,FAH
AVUTOMETINIB,NRAS
PLX8394,NRAS
SELUMETINIB,PIK3CA
PEMETREXED DISODIUM,PTEN
GSK690693,PTEN
MIRDAMETINIB,TP53
SULANEMADLIN,TP53
LY3009120,TP53
CABOZANTINIB S-MALATE,TP53
