drug_name,gene_name
RACLOPRIDE,CYP2D6
CHEMBL:CHEMBL1833984,PPARG
"3,4-DICHLOROISOCOUMARIN",RGS4
WITHAFERIN A,MAPK1
ANGIOTENSIN II,AGTR1
NERATINIB,KDR
CEP-9722,PARP1
GDC-0339,F10
CLODRONIC ACID,CCL4
PLATINUM,CSF2
BENZENETHIOL,JUN
CHEMBL:CHEMBL590168,EHMT2
ARBUTAMINE,ADRB1
CHEMBL:CHEMBL347610,AGTR1
[125I]TYR11-SRIF-14,AQP1
NINTEDANIB ESYLATE,FGFR3
DIPIVEFRIN HYDROCHLORIDE,ADRB3
LANOTEPLASE,PLG
VERNAKALANT HYDROCHLORIDE,KCND3
TAMOXIFEN,ESR1
TETRABENAZINE,CYP2D6
NOSCAPINE,HIF1A
REMOXIPRIDE,DRD2
RM65,PRMT1
AVUTOMETINIB,FGFR1
ABEXINOSTAT,HDAC9
DACTINOMYCIN,NR3C1
SGI-1776,F10
THEONELLASTEROL E,NR1H4
CHEMBL:CHEMBL601367,SMAD3
CENISERTIB,CSF1R
BAZEDOXIFENE,IL6R
TOZASERTIB,RPS6KB1
S-NITROSOGLUTATHIONE,EHMT2
NABUMETONE,PTGS1
PITAVASTATIN MAGNESIUM,HMGCR
ANTI-PD-L1 MONOCLONAL ANTIBODY MDX-1105,CD274
ANTI-PD-L1 MONOCLONAL ANTIBODY MDX-1105,CD274
BIX-01294,GCNT2
PADNARSERTIB,PAK4
BMS-599626,ERBB2
THIOURACIL,EDN1
BCG VACCINE,KLK3
LAMIVUDINE,LEP
N-ARACHIDONYL-&GAMMA;-AMINOBUTYRIC ACID,KAT2A
CHEMBL:CHEMBL1415258,RAD52
CER-002,PPARD
SELUMETINIB,MAP2K2
MESALAMINE,PTGS1
NAVOCAFTOR,CFTR
GILTERITINIB,PTK2B
CI-1040,MAP2K1
RETINOIC ACID AGENT,RARG
CHEMBL:CHEMBL459729,IGF1R
PALBOCICLIB,ESR1
GW843682X,EGFR
CERITINIB,ALK
SRT-1720,FEN1
4-BENZYLOXYANILINE,SMN2
X-396,ALK
NINTEDANIB ESYLATE,FGFR3
PHENYLEPHRINE,VWF
METHYLPREDNISOLONE SODIUM SUCCINATE,NR3C1
FLUVASTATIN,HMGCR
TASOSARTAN,AGTR1
NERATINIB,ERBB2
TYRPHOSTIN A9,ATXN2
DESIPRAMINE,CYP1A2
SERTINDOLE,ADRA1D
NEPAFENAC,COX8A
FULVESTRANT,ESR1
PRAZOSIN HYDROCHLORIDE,ADRA1A
LUMACAFTOR,CFTR
PRILIXIMAB,CD4
SOFALCONE,USP1
TARENFLURBIL,NCSTN
CHELERYTHRINE,CYP1A2
"INSULIN, REGULAR, HUMAN",IL6
2MD,VDR
"2,3-DIHYDROXY-4-METHOXY-4'-ETHOXYBENZOPHENONE",MAPT
WB 4101,ABL2
CHLORAMBUCIL,CXCL12
ANTIBIOTIC,SOD2
VILANTEROL,ADRB2
CYC-116,FYN
YOHIMBINE,ADRA2A
PROPANTHELINE BROMIDE,CHRM1
R-L3,AZF1
CISPLATIN,CXCR4
GNE-131,BBS1
HUMAN CHORIONIC GONADOTROPIN,TAC1
BEFIRADOL,HTR1A
NONIVAMIDE,ALOX15
AT-7519,CDK20
AXITINIB,DRD2
ENCLOMIPHENE CITRATE,EHMT2
CHEMBL:CHEMBL1642672,MAOA
CHEMBL:CHEMBL84010,NFKB1
OT-730,ADRB2
IMATINIB,PDGFRB
AZITHROMYCIN,ABCC1
AS95,ABCA2
CARBOPLATIN,SLCO1B3
ARIMOCLOMOL,HSP90B2P
COMPOUND 17 [PMID: 23642479],ELAVL2
ALLISAN,AR
FORETINIB,MET
CISPLATIN,TGM2
RAMIPRIL,MMP2
HISTAMINE,HRH1
(R)-UH 301,A1BG
DEMCIZUMAB,DLL4
CISPLATIN,ESR1
FLUDROCORTISONE ACETATE,NR3C2
EPTIFIBATIDE,ITGA2B
FASUDIL,PRKACA
PHENETHYL ISOTHIOCYANATE,DDIT3
MINAPRINE,SLC6A4
E6201,PTEN
"PYRROLIDINE DITHIOCARBAMIC ACID, AMMONIUM SALT",NFE2L2
PHENOBARBITAL,GRIA1
METHANDROSTENOLONE,AR
CGS 15943,EHMT2
OZORALIZUMAB,TNF
DOXAZOSIN MESYLATE,ADRA1D
CYC-116,SYK
DIAZOXIDE,KCNJ11
AMIKACIN,RPSA
ABT-560,CHRNB2
TRIPARANOL,DHCR24
CHEMBL:CHEMBL547304,EHMT2
DEXAMETHASONE,APOB
THYMOL IODIDE,VDR
TNF-ALPHA,OSM
FORETINIB,MET
MANGOSTIN,HSD17B10
DANAZOL,AR
(-)-TERTATOLOL,A1BG
CHLORAMBUCIL,ERBB2
BUTABARBITAL,GRIK2
ODANACATIB,FOS
TRIMETREXATE,DHFR
SAPANISERTIB,KEAP1
LEDIPASVIR,IFNL3
PAMIDRONATE,CXCL8
CHEMBL:CHEMBL582983,HSP90AA1
BW-A1433,ABCA2
TASOSARTAN,AGTR1
ARHALOFENATE,PPARG
FLUOROURACIL,PIK3CA
DEHYDRATED ALCOHOL,CAV1
LY-255283,TSHR
PANOBINOSTAT,SIRT3
GEMFIBROZIL,BDNF
TICLOPIDINE,PTAFR
CHEMBL:CHEMBL1287895,NQO1
2X-121,PARP2
TRICLOSAN,HPGD
CHEMBL:CHEMBL582737,EHMT2
METHOTREXATE,DHFR
CHEMBL:CHEMBL600298,EHMT2
ANTIDEPRESSANT AGENT,ADRB2
LEBRIKIZUMAB,IL13
"IBUPROFEN, SODIUM SALT",NOS2
CEDIRANIB,FLT4
VINCRISTINE,TUBB4B
ABEMACICLIB,CDKN2A
VISTUSERTIB,MTOR
ITOPRIDE,FMO3
5-HYDROXYMETHYL-2-FURFURAL,KLF5
ERLOTINIB,DXO
BITHIONOL,CASP7
PROPRANOLOL HYDROCHLORIDE,ADCYAP1
ERGOCRISTINE,EHMT2
PZM21,APOF
APOMORPHINE,DRD3
ERYTHROMYCIN,BCL2
QUINAGOLIDE,DRD2
"N-(5-{4-CHLORO-3-[(2-HYDROXYETHYL)SULFAMOYL]PHENYL}-4-METHYL-1,3-THIAZOL-2-YL)ACETAMIDE",F2R
CHEMBL:CHEMBL1256761,HSP90AA1
THYMOL IODIDE,EHMT2
ESKETAMINE,GRIN1
CHLORAMPHENICOL SODIUM SUCCINATE,RPSA
AV-101,GRIN3A
CHEMBL:CHEMBL502775,GAPDH
LETROZOLE,CDKN2A
PEMBROLIZUMAB,JAK1
CHEMBL:CHEMBL1927670,MAOB
BRIAKINUMAB,IL23A
ZALUNFIBAN,ITGA2B
ABEMACICLIB,CDKN2A
MELPHALAN,FANCC
N-ETHYLMALEIMIDE,GMNN
ETHACRYNIC ACID,NFE2L2
CHEMBL:CHEMBL68096,FEN1
SRT2104,SIRT1
SILVER SULFADIAZINE,ALOX15
SERTINDOLE,ALDH2
DACINOSTAT,MSTN
EPIDERMAL GROWTH FACTOR RECEPTOR TYROSINE KINASE INHIBITOR,EGFR
CYCLOHEXIMIDE,HSP90AA1
GUGGULSTERONE,HSPB1
TICLOPIDINE HYDROCHLORIDE,P2RY12
NILOTINIB,ABL1
ORBIFLOXACIN,AR
CHEMBL:CHEMBL530664,STAT3
G&OUML; 6983,CTAA1
XANOMELINE,A2MP1
SELURAMPANEL,GRIA3
E4031,CYP2D6
CHEMBL:CHEMBL578675,NFE2L2
OLAPARIB,BRCA1
DOXACURIUM CHLORIDE,CHRM2
PLOZALIZUMAB,CCR2
URACIL,DPYD
RESERPINE,MAPT
LORAZEPAM,APOE
CILASTATIN,DPEP1
APOMORPHINE,ABL2
CHEMBL:CHEMBL1287983,FEN1
MOFAROTENE,RXRG
2-(2'-METHOXYPHENYL)-1H-INDOLE,SMN2
PANOBINOSTAT,HDAC8
AZD8835,F5
METHOTRIMEPRAZINE,DRD3
CLOZAPINE,DRD2
CERITINIB,INSR
VORICONAZOLE,RELA
ANGIOGENESIS INHIBITOR,CCL21
PENTOXIFYLLINE,GFAP
PEXIDARTINIB HYDROCHLORIDE,CSF1R
S-49076,FGFR2
MASITINIB,PTK2B
"5,7-DICHLOROKYNURENIC ACID",HPGD
MESTANOLONE,AR
CHEMBL:CHEMBL1341830,FEN1
FLURAZEPAM,GABRG3
ANTI-CD40 MONOCLONAL ANTIBODY CHI LOB 7/4,CD40LG
UROFOLLITROPIN,FSHR
PROTOKYLOL HYDROCHLORIDE,ADRB1
DECAMETHONIUM,ARSA
XYLAZINE,AOC1
[125I]SAUVAGINE (FROG),ALB
CYPROHEPTADINE HYDROCHLORIDE,ABCA4
PHENYLEPHRINE,PIK3CG
GUGGULSTERONE,AR
RETINOIC ACID AGENT,CYP27A1
ANTIDEPRESSANT AGENT,GDNF
SULPIRIDE,DRD2
PARTHENOLIDE,NFKB1
CHLORMEZANONE,TSPO
N(6)-CYCLOHEXYLADENOSINE,ABCA1
CELECOXIB,CA9
DRONEDARONE HYDROCHLORIDE,SCN7A
ALTANSERIN,HPGD
FR122047,CPT1B
SELUMETINIB,MAP2K1
ASPIRIN,TBXAS1
PERICIAZINE,ADRA1D
CRIZOTINIB,ALK
GO-6976,TYK2
ORANTINIB,KDR
FLUOROURACIL,KEAP1
E324,CYP1A2
NITROXOLINE,PPARD
DIMETHYLFORMAMIDE,RXRA
AMBUNOL,HPGD
ANTICONVULSANT AGENT,ABCB1
VOXTALISIB,PIK3C3
INAVOLISIB,FGFR2
GR 196429,ANK3
DIHYDROSPHINGOSINE,IL6
CHEMBL:CHEMBL408850,TP53
CLOFAZIMINE,CYP2D6
CHEMBL:CHEMBL379975,PAK4
FILOREXANT,APBB1
NAVITOCLAX,PIK3CA
AMITRIPTYLINE HYDROCHLORIDE,DRD1
CHEMBL:CHEMBL101510,CYP2D6
IMATINIB,PDGFRB
NILOTINIB,ABL1
CLINDAMYCIN,RPSA
AROTINOID ACID,USP1
RESERPINE,GMNN
LY-2090314,PRKAA1
ORPHENADRINE HYDROCHLORIDE,SCN7A
IDARUBICIN,NQO1
PD-0166285,FGFR1
FLUOROURACIL,ALCAM
ACETAZOLAMIDE,CA2
CXCL12-(1-17),ACTG1
TARIQUIDAR,ABCB1
CARBENOXOLONE,C9
CEFOXITIN SODIUM,POLB
CHEMBL:CHEMBL408563,SMN1
LEVOFLOXACIN ANHYDROUS,IL6
DCG-IV,SLC25A4
MARIMASTAT,DCC
INDOCYANINE GREEN ACID FORM,KAT2A
VAPITADINE,HRH1
METIPRANOLOL,ADRB1
GSK-690693,PRKCG
DOMPERIDONE,DRD2
DINOPROST TROMETHAMINE,PTGIR
AFT-II,BBS1
VORINOSTAT,TUBA4A
ADEFOVIR DIPIVOXIL,NFE2L2
FLUOROURACIL,ABCG1
CYC-116,CDC7
PHENYTOIN SODIUM,MTHFR
ESZOPICLONE,TSPO
VACCINE,PTPRC
ZK-93423,GABRA1
MELATONIN,IL1B
LABETALOL,ADRA1A
DALCETRAPIB,HPGD
MERCAPTOPURINE,HPRT1
DACTOLISIB,PTEN
CHEMBL:CHEMBL579837,MAPT
ANDROGEN RECEPTOR ANTAGONIST ONC1-0013B,AR
"INSULIN, REGULAR, HUMAN",EDN1
VINCRISTINE SULFATE,TUBB4B
HEAT (BE2254),ABCB7
HYDROCORTISONE SODIUM PHOSPHATE,NR3C1
QUAZEPAM,GABRA1
PF-562271,PTK2
GEDATOLISIB,PIK3CD
NMRA-140,APOF
TETRACYCLINE,HSP90AA1
CHEMBL:CHEMBL328710,MAPT
MONOCILLIN I,HSP90AA1
PYRAZINAMIDE,CYP1A2
TASELISIB,PIK3CA
CHEMBL:CHEMBL541585,EHMT2
BAFETINIB,ABL1
EXEMESTANE,ESR1
GW441756X,FLT4
RUCAPARIB,PALB2
TOLFENAMIC ACID,PLA2G1B
IPH-2101,KIR2DL2
CHEMBL:CHEMBL600694,GMNN
MURAGLITAZAR,PPARA
ALACIZUMAB PEGOL,KDR
RISANKIZUMAB,IL12B
M4205,DPP6
ALVOCIDIB,CCND1
ESTROGEN,ESR1
DIHYDROERGOTAMINE MESYLATE,A2M
APOMORPHINE,ALDH2
PARICALCITOL,VDR
TANNIC ACID,APEX1
RITUXIMAB,ERBB2
POTASSIUM DICHROMATE,APEX1
DOLUTEGRAVIR SODIUM,ERVW-4
XL228,FGFR2
DOXYCYCLINE ANHYDROUS,ESR1
ZOPICLONE,GABRA1
QUINIDINE SULFATE,SCN9A
CHEMBL:CHEMBL1388908,HPGD
BENZTROPINE,COMT
MRS2179,APBB2
MEQUITAZINE,HRH1
"[125I]BH-NMB (HUMAN, MOUSE, RAT)",ACAT1
DACTOLISIB,MTOR
NINTEDANIB ESYLATE,FGFR2
TAK-733,MAP2K2
METHYLTHIONINIUM CHLORIDE,CASP6
FERULIC ACID,CA2
DF3016A,ACACB
MECHLORETHAMINE HYDROCHLORIDE,TP53
DEFACTINIB,PTK2
NERATINIB MALEATE,EGFR
AT-7519,CDK4
DACINOSTAT,GART
RGB-286638,CDK1
INTERFERON ALFA,IFNAR1
NIACIN,NNMT
ZALIFRELIMAB,CD274
CHEMBL:CHEMBL258465,HSD17B10
CHEMBL:CHEMBL299853,EHMT2
GLESATINIB,FLT4
FLUFENAMIC ACID,HIF1A
TIVOZANIB,DRD2
FRESOLIMUMAB,TGFB2
ASP4058,AMY2A
PICTILISIB,MAPK8
HUMAN GIP(3-42)NH2,ALPI
BELINOSTAT,MSTN
ASPIRIN,NAT2
CHEMBL:CHEMBL1256835,CYP2D6
ELTOPRAZINE,HTR2C
METHYLPARABEN,NFE2L2
SEMAGACESTAT,PSENEN
CHEMBL:CHEMBL483633,NPC1
CHEMBL:CHEMBL586061,NFE2L2
DEHYDRATED ALCOHOL,F2R
TRETINOIN,FAS
IDAZOXAN,ABL1
ISAM-140,ABCA2
(+/-)-ERIODICTYOL,ALPL
NEOCEPTIN-3,GRIA1
TOPIRAMATE,GRIK1
GEFITINIB,MET
RECOMBINANT TUMOR NECROSIS FACTOR FAMILY PROTEIN,CP
DOVITINIB,FGFR2
CIDOFOVIR ANHYDROUS,CXCL8
CLOTRIMAZOLE,TP53
GUGGULSTERONE,NFE2L2
REPOTRECTINIB,NTRK1
AZ8838,APOE
AMITRIPTYLINE HYDROCHLORIDE,COMT
NIMESULIDE,MPO
LUMACAFTOR,CFTR
SELUMETINIB,MET
FLUOROMETHOLONE,NR3C1
CP-195543,AMH
CP-195543,AMH
PGN-9856,APOC1
2MESADP,APEX1
VEMURAFENIB,CIC
NEZULCITINIB,JAK1
DILPACIMAB,DLL4
LAMIVUDINE,NME2
APREPITANT,TACR1
MIDOSTAURIN,IL2
TOCAINIDE HYDROCHLORIDE,SCN2A
MK-6913,ESR1
GANITUMAB,IGF1R
NAMINIDIL,KCNJ11
6-AMINOCAPROIC ACID,PLG
[125I][TYR4]GHRELIN (HUMAN),ALOX15
GNE-7883,HP
PHA-767491,CSNK1G3
EPINEPHRINE BITARTRATE,ADRA1D
THYROXINE,IL2RA
IMGATUZUMAB,EGFR
NECA,MAPK1
TANNIC ACID,AR
TESTOSTERONE,MYO9B
CARMINIC ACID,FEN1
SULPIRIDE,ALDH2
CHEMBL:CHEMBL29197,EGFR
MK-6913,ESR1
NOREPINEPHRINE,ABCA4
COMPOUND 47 [PMID: 18800762],CXCR5
"NITROFURANTOIN, MACROCRYSTALS",CYP1A2
ECONAZOLE NITRATE,NR1I2
ANDROSTENEDIONE,NR3C1
PHENDIMETRAZINE,ADRA1A
DOSIMERTINIB,DXO
2MESADP,APEX1
ADP&BETA;S,APBB2
HALOBETASOL,ANXA1
MECLOFENAMATE,ALOX5
CHEMBL:CHEMBL85826,STAT1
TOLUIC ACID,AR
RHAMNETIN,MAPT
SULFONE ANTI-INFECTIVE AGENT,MPO
ADX10059,GRM5
OLANZAPINE,HTR2A
CHEMBL:CHEMBL56393,VDR
NILVADIPINE,AR
ALVOCIDIB,CDK6
BT-11,HGF
DX-2507,FCGRT
LY341495,SLC25A4
DABRAFENIB,TP53
F16357,APOD
CHEMBL:CHEMBL451158,RXRA
EBSELEN,ALB
EMBELIN,ALDH1A1
CIPARGAMIN,ADORA3
CHEMBL:CHEMBL272682,HSD17B10
CHEMBL:CHEMBL429095,HSD17B10
HARMAN,RAD54L
NICOTINE POLACRILEX,CDK4
SF1126,PIK3CG
LAPATINIB,CDKN1B
ZM447439,KDR
DOCEBENONE,ATXN2
ASPIRIN,CHI3L2
GW441756X,CDK5
MK-2461,DR1
VITAMIN B12,MTRR
CHEMBL:CHEMBL589245,EHMT2
LAROTRECTINIB SULFATE,NTRK2
VINBLASTINE SULFATE,ATXN2
CHEMBL:CHEMBL379975,ABL1
"7,8-DIHYDROXYFLAVONE",ALDH1A1
AVAGACESTAT,APH1A
FENFLURAMINE HYDROCHLORIDE,HTR2C
VERUBECESTAT,BACE1
"INSULIN, REGULAR, HUMAN",PIK3CG
DIETHYLSTILBESTROL,E2F1
IBRITUMOMAB TIUXETAN,MS4A1
CHEMBL:CHEMBL299853,CASP3
ASPIRIN,IL4
PHENAZOPYRIDINE HYDROCHLORIDE,AHR
GLESATINIB,FLT4
REFAMETINIB,MAPK3
COMPOUND 18 [PMID: 20873740],EIF4G1
BREXPIPRAZOLE,CYP2D6
MK-571,USP1
ETHACRYNIC ACID,AR
IMATINIB,ABL1
COMPOUND 14 [PMID: 18800762],CXCR5
DOXEPIN HYDROCHLORIDE,SLC6A4
REMTOLUMAB,IL17A
VARENICLINE,CHRNA7
NOREPINEPHRINE,ABCB7
CCL23,ACTA1
ASTERRIC ACID,SAE1
ALISERTIB,ABL1
METHOXYVONE,SMN1
MASOPROCOL,BCL2
NABIXIMOLS,FAAH
BENZQUINAMIDE,CHRM3
TRIAMTERENE,CYP1A2
ALENDRONATE SODIUM,PTPRC
TORIN 2,F7
CDK1/2/4 INHIBITOR AG-024322,CDK1
DOCOSAPENTAENOIC ACID,RGS4
HEXACHLOROPHENE,HSD17B10
RECOMBINANT 70-KD HEAT-SHOCK PROTEIN,AIFM1
ASENAPINE MALEATE,HTR2A
HALCINONIDE,NR3C1
SODIUM CHLORIDE,CHAT
WNY0824,EFNA3
ZM-306416,DRD1
CI-1040,PRKCA
FIRUGLIPEL,ADH1C
CHEMBL:CHEMBL175266,EHMT2
UROKINASE,PLAU
ZINC CHLORIDE,TP53
BUSPIRONE HYDROCHLORIDE,ALDH1A1
IONOMYCIN,PLAU
GPI-1485,FKBP1A
SELUMETINIB,MAP2K1
VANDETANIB,MTOR
TIVANTINIB,MET
APATORSEN,HSPB1
AZD-8186,PIK3CD
VELIPARIB,BRCA2
LUCITANIB,FGFR1
SUNITINIB,HIF1A
RUXOLITINIB,JAK1
R1295,ITGB1
PINOMETOSTAT,KMT2A
DASATINIB ANHYDROUS,NF1
DOCETAXEL ANHYDROUS,STK11
JUGLONE,ALDH1A1
ENDOTHELIN-1,EDNRA
DESLORATADINE,HRH1
BUTOBARBITAL,GRIK2
LEVOBETAXOLOL HYDROCHLORIDE,ADRB1
NIMOTUZUMAB,EGFR
MESALAMINE,PPARG
PERPHENAZINE,CYP1A2
CIPEPOFOL,GABRG3
ADO-TRASTUZUMAB EMTANSINE,TUBA4A
PSB36,ABCA1
VINBLASTINE SULFATE,TUBB4B
ACAMPROSATE CALCIUM,GRIN1
AMANTADINE HYDROCHLORIDE,GRIN2B
ACAMPROSATE CALCIUM,GRIN2A
FELBAMATE,GRIN2B
NAPHAZOLINE HYDROCHLORIDE,ADRA1A
AJMALICINE,ADRA2A
PAZOPANIB,KDR
NIMODIPINE,CACNA1S
NANDROLONE DECANOATE,AR
NADOLOL,ADRB2
GANDOTINIB,JAK2
IMATINIB,PDGFRB
JNJ-7706621,MARK4
CLOMIPRAMINE,DRD3
CI-1040,MAPK1
TOLTERODINE,CHRM2
CHLORDIAZEPOXIDE HYDROCHLORIDE,GABRG3
ALPRAZOLAM,GABRA1
QUAZEPAM,GABRA3
COBIMETINIB,MAP2K2
PAZOPANIB,FLT4
AXITINIB,ABL1
OLAPARIB,BRCA1
DALFOPRISTIN,RPSA
GABAPENTIN ENACARBIL,CACNA1S
GABAPENTIN ENACARBIL,CACNA1A
CHLOROPROCAINE,SCN8A
MEPHENYTOIN,SCN2A
TETRACAINE,SCN9A
TETRACAINE,SCN2A
TOCAINIDE HYDROCHLORIDE,SCN7A
TOCAINIDE HYDROCHLORIDE,SCN9A
NINTEDANIB ESYLATE,FGFR2
SACUBITRIL,MME
OXTRIPHYLLINE,PDE4B
FIMEPINOSTAT,HDAC6
FIMEPINOSTAT,PIK3CA
FIMEPINOSTAT,HDAC8
FIMEPINOSTAT,PIK3CB
FIMEPINOSTAT,HDAC3
DS-7423,MTOR
GSK-690693,PRKACG
GSK-690693,AKT3
PAXALISIB,PIK3R1
BRICICLIB,CCND1
EVENAMIDE,SCN7A
VOXTALISIB,PIK3CD
VOXTALISIB,PIK3CG
UCN-01,PRKCG
VX-702,MAPK14
AZD2516,GRM5
SURINABANT,CNR1
VOFOPITANT,TACR1
SSR180711,CHRNA7
TRAXOPRODIL,GRIN1
NERISPIRDINE,SCN8A
NERISPIRDINE,KCNC4
NERISPIRDINE,SCN2A
OSIMERTINIB,EGFR
VATALANIB,PDGFRB
FOSTAMATINIB,SYK
SARIZOTAN HYDROCHLORIDE,DRD3
ESMIRTAZAPINE MALEATE,HTR2A
TARANABANT,CNR1
ESUBERAPROST,PTGIR
ESMIRTAZAPINE MALEATE,HTR2C
RALFINAMIDE,MAOB
IFERANSERIN,HTR2A
PRIDOPIDINE,DRD2
DICYCLOMINE HYDROCHLORIDE,CHRM3
MARIMASTAT,MMP12
DEXMECAMYLAMINE,CHRNA4
RALFINAMIDE,SCN8A
RALFINAMIDE,SCN2A
FULRANUMAB,NGF
PATRITUMAB,ERBB3
LINTUZUMAB,CD33
LERDELIMUMAB,TGFB2
INTEPIRDINE,HTR6
CROLIBULIN,TUBB4B
TROPIFEXOR,NR1H4
LITRONESIB,KIF11
ERTUMAXOMAB,ERBB2
PERHEXILINE MALEATE,CPT1B
SULOCTIDIL,CACNG4
ZIMELDINE HYDROCHLORIDE,HTR2C
IDRAPARINUX,F10
CLOTHIAPINE,HTR2C
BIVATUZUMAB,CD44
VASOACTIVE INTESTINAL PEPTIDE,ADRA1D
NILVADIPINE,CACNA1S
TETOMILAST,PDE4B
RADEZOLID,RPSA
ACORAMIDIS,TTR
TESOFENSINE,SLC6A4
ZOPICLONE,GABRA1
VOPRATELIMAB,ICOS
CDX-1140,CD40
PRI-724,CTNNB1
CTS-1027,MMP3
VUNAKIZUMAB,IL17A
SOCAZOLIMAB,CD274
IBOCTADEKIN,IL18R1
RESIMMUNE,EEF2
E-7016,PARP1
NEZULCITINIB,JAK2
ABEMACICLIB,CDK4
ABEMACICLIB,CCND3
ROBINETIN,APEX1
RITUXIMAB,ERBB2
ALPELISIB,PIK3R1
PF-04691502,PTEN
NG-25,ELAVL1
NINTEDANIB ESYLATE,FGFR1
EGEN-001,IL12A
RALIMETINIB MESYLATE,MAPK14
&ALPHA;-CONOTOXIN GI,SERPINC1
AFATINIB,EGFR
MYRICETIN,PLK1
TRYPAN BLUE,KMT2A
XANTHONE,HSD17B10
"(R,S)-IFENPRODIL",CYP1A2
CHEMBL:CHEMBL527586,EHMT2
CHEMBL:CHEMBL225257,NFE2L2
ISOBOLDINE,MAPT
CEDIRANIB,SRC
CHEMBL:CHEMBL296021,NFE2L2
MYRICETIN,CASP7
PHENAMIPHOS,PPARG
CHEMBL:CHEMBL2094833,GMNN
CHEMBL:CHEMBL493863,RAD52
GSK9772,NR1H2
HALICLONADIAMINE,HIF1A
GW5074,HPGD
MYRICETIN,ALPL
LIMONIN,AR
CHEMBL:CHEMBL473721,SMN2
INDOLE-3-BUTYRIC ACID,NFE2L2
ANGUIDIN,SMAD3
GW405833,TSHR
OXYPHENBUTAZONE,ATXN2
CLOTRIMAZOLE,CYP1A2
CHEMBL:CHEMBL581194,MAPK1
BIS(DIMETHYLAMINETHIOCARBONYL)MONOSULFIDE,AR
NEVIRAPINE,CYP1A2
METHOXYVONE,SMN2
CAFFEIC ACID,GAA
NICARDIPINE,DRD1
NEVIRAPINE,ABCG2
NIFUROXAZIDE,NFE2L2
CHEMBL:CHEMBL600347,TP53
PYRITHIONE,SMAD3
CHEMBL:CHEMBL313737,VDR
PIRARUBICIN,USP1
IRIGINOL HEXAACEATATE,APEX1
DEHYDROVARIABILIN,MAPT
DECITABINE,DNMT1
SCOULERINE,USP1
APOGOSSYPOL,BCL2L1
PIRSIDOMINE,GC
CHEMBL:CHEMBL299853,SAE1
NABUMETONE,CYP1A2
CHEMBL:CHEMBL259784,ALDH1A1
ALPRAZOLAM,BRD3
ZEARALENONE,ESR1
ZAPRINAST,HPGD
ACIVICIN,AR
ISOVELLERAL,XBP1
DOCEBENONE,EHMT2
NICLOSAMIDE,NPC1
DICUMAROL,ALDH1A1
TRYPAN BLUE,HTT
VOACANGINE,TRPA1
CONGO RED,APEX1
CARMUSTINE,CYP1A2
CRYPTOTANSHINONE,PLK1
NILUTAMIDE,AR
GW441756X,BLK
CHEMBL:CHEMBL119878,PLK1
TENONITROZOLE,NPC1
MITONAFIDE,NFE2L2
CHEMBL:CHEMBL606166,HSD17B10
CHEMBL:CHEMBL299853,GMNN
CHEMBL:CHEMBL86464,ATXN2
PHENYLGLYOXAL,ALDH1A1
BITHIONOLOXIDE,VDR
(R)-&ALPHA;-METHYLHISTAMINE,VDR
MAYTANSINOL,TUBB4A
MOCETINOSTAT,HDAC3
BENZOQUINONE,TDP1
DIAZEPAM,AR
RABEPRAZOLE,AR
ESCULETIN,ERAP1
CHEMBL:CHEMBL493863,POLB
CHEMBL:CHEMBL1086397,AKT1
BARASERTIB-HQPA,RET
GW441756X,FRK
CHEMBL:CHEMBL591370,GMNN
CHEMBL:CHEMBL429095,DRD1
CHEMBL:CHEMBL483633,SMN2
PHA-767491,PRKCQ
CHEMBL:CHEMBL76012,AR
EBSELEN,EHMT2
CHEMBL:CHEMBL222993,HSD17B10
MERCAPTOPURINE,ALDH1A1
ZALCITABINE,MAPK1
BIS(DIMETHYLAMINETHIOCARBONYL)MONOSULFIDE,HTT
CHEMBL:CHEMBL1466186,MAPT
BITHIONOLOXIDE,SUMO1
NECA,ADORA3
4-NONYLPHENOL,NFE2L2
SUNITINIB,KDR
VORINOSTAT,TUBB4A
[125I]LH,LHCGR
RIBOPRINE,FDPS
PITAVASTATIN CALCIUM,AR
CHEMBL:CHEMBL601994,ALDH1A1
GAMMA-LINOLENIC ACID,VDR
CIS-RESVERATROL,HSD17B10
CHEMBL:CHEMBL560532,CASP3
FENARIMOL,AR
U-0126,HSD17B10
CHEMBL:CHEMBL593366,NFE2L2
CHEMBL:CHEMBL328710,LMNA
CHEMBL:CHEMBL1520282,ACP1
EQUILIN,AR
CHEMBL:CHEMBL225257,ALDH1A1
TOLONIUM CHLORIDE,POLB
HEXACHLOROPHENE,KAT2A
CHEMBL:CHEMBL462430,GMNN
ROCURONIUM,ABCB1
TO-901317,AR
CHEMBL:CHEMBL591370,NFE2L2
DOXORUBICIN HYDROCHLORIDE,TP53
NANAOMYCIN,ATXN2
CHEMBL:CHEMBL538798,EHMT2
ERYTHROMYCIN,F2RL1
STICTIC ACID,USP1
ZEARALENONE,NR3C1
DACTOLISIB,LRRK2
CHEMBL:CHEMBL8328,ALOX15
RHAMNETIN,MAPK8
CYCLOHEXIMIDE,SMAD3
HAEMATOXYLIN,ALDH1A1
DIHYDROERGOTAMINE MESYLATE,MAPT
VORINOSTAT,ACE
CATECHIN,MAPT
CHEMBL:CHEMBL598695,GMNN
OXYBENZONE,ALDH1A1
APOMORPHINE,CYP2D6
RAPASTINEL,GRIN3B
CHEMBL:CHEMBL2172378,CTNNB1
GITOXIGENIN,SMAD3
CHEMBL:CHEMBL148831,NFE2L2
GW441756X,PKN2
CHEMBL:CHEMBL429095,TP53
EBSELEN,ALOX15
LOMOFUNGIN,THRB
ZERANOL,ESR1
CHEMBL:CHEMBL588683,BRCA1
"NITROFURANTOIN, MACROCRYSTALS",NFE2L2
PROCATEROL HYDROCHLORIDE,ADRB2
SB203580,GSK3B
HEMICHOLINIUM-3,ALDH1A1
BMS-182874,HSD17B10
AMPHOTERICIN B LIPOSOMAL,HSD17B10
CHEMBL:CHEMBL601968,EHMT2
CHEMBL:CHEMBL583558,EHMT2
CHEMBL:CHEMBL166486,HPGD
ITRACONAZOLE,MAPT
CHEMBL:CHEMBL1537417,PLK1
5-FLUOROINDOLE-2-CARBOXYLIC ACID,HSD17B10
DEQUALINIUM CHLORIDE,AR
BORIC ACID,ESR1
CHLORPYRAMIN HYDROCHLORIDE,PTK2
CYPROTERONE ACETATE,NFE2L2
HAEMATOXYLIN,MAPT
CARBENOXOLONE SODIUM,NFE2L2
CHEMBL:CHEMBL1308677,BRCA1
TYRPHOSTIN 51,FEN1
SANGUINARINE SULFATE,MAPT
CHEMBL:CHEMBL606166,GMNN
CHEMBL:CHEMBL312032,GMNN
ANGUSTIBALIN,GMNN
METHYLERGONOVINE MALEATE,CASP6
CHEMBL:CHEMBL1466186,SMAD3
GW5074,ALOX15
2-CHLOROADENOSINE,MAPK1
SARAFLOXACIN HYDROCHLORIDE,HSD17B10
DOCUSATE,VDR
MITOBRONITOL,AR
FLUAZINAM,VDR
RIMONABANT,AR
DIHYDROTANSHINONE I,MAPK14
AZD-1080,CDK5
SIMVASTATIN,TARDBP
ETIDRONIC ACID,CYP1A2
PHA-767491,PRKACA
LY-294002,NFKB1
BUSULFAN,CYP2D6
NAPROXEN SODIUM,CYP1A2
AMINACRINE HYDROCHLORIDE,NFE2L2
STILONIUM IODIDE,AR
ALISERTIB,KDR
DIENESTROL,ALOX15
IMMUNOTOXIN,GFAP
BENZBROMARONE,PLK1
AROTINOID ACID,GMNN
CHEMBL:CHEMBL117487,HDAC4
AMENTOFLAVONE,HPGD
FLUSPIRILENE,PPARD
ROTTLERIN,ALDH1A1
CHEMBL:CHEMBL602363,GMNN
PD-118057,KAT2A
KAMEBANIN,SMAD3
CHEMBL:CHEMBL406557,SMN1
CHEMBL:CHEMBL2095095,SMAD3
TRIAMTERENE,NFE2L2
CHEMBL:CHEMBL601744,EHMT2
CHEMBL:CHEMBL271165,CYP1A2
CHEMBL:CHEMBL175266,APEX1
SALICYLURIC ACID,HSD17B10
SB203580,CSNK1D
CYPATE,ITGB3
TRICLOSAN,SMAD3
BIX-01294,SMAD3
CHEMBL:CHEMBL1304363,HTT
GW7647,NR3C1
PIRAGLIATIN,GCK
SECRAMINE A,CDC42
PROPYLPYRAZOLETRIOL,CYP1A2
CHEMBL:CHEMBL136344,GAA
DIFLUNISAL,HSD17B10
HAEMATOXYLIN,HPGD
E232,NFE2L2
ANTHRALIN,ALDH1A1
METCONAZOLE,AR
BENZBROMARONE,GMNN
CHEMBL:CHEMBL1509103,RAD54L
CHEMBL:CHEMBL607253,ATXN2
PIPERTRAMINE AMIDE,CHRM2
INDIRUBIN-3'-MONOXIME,CYP2D6
TETRADECYLTHIOACETIC ACID,USP1
CHEMBL:CHEMBL602990,GMNN
BRONOPOL,EHMT2
INDIRUBIN-3'-MONOXIME,SMN2
APICIDIN,HDAC9
STICTIC ACID,CASP7
OXAPIUM IODIDE,AR
CHEMBL:CHEMBL444376,SMN2
CHEMBL:CHEMBL120806,HPGD
CHEMBL:CHEMBL538798,VDR
CHEMBL:CHEMBL429095,NFE2L2
CHEMBL:CHEMBL306147,AR
IODOCARB,AR
GENTIAN VIOLET CATION,ESR1
CINNARIZINE,TP53
MORIN,HSD17B10
2'-METHOXYFORMONETIN,HSD17B10
SIMETRIDE,NFE2L2
CHEMBL:CHEMBL1256689,EHMT2
CHEMBL:CHEMBL577365,PLK1
ALLETHRIN,AR
MALINAMIDE,NFE2L2
BARDOXOLONE METHYL,STAT3
HELIOMYCIN,MAPT
TUBASTATIN A,HDAC1
IDARUBICIN,PLK1
CHEMBL:CHEMBL119878,VDR
NANAOMYCIN,PLK1
LASALOCID A SODIUM,POLB
MOFEGILINE,MAOB
CHEMBL:CHEMBL1534034,FEN1
INDOMETHACIN,PTGES
VALRUBICIN,AR
MK-2206,AKT3
MI-503,KMT2A
1-NAPHTHYLISOTHIOCYANATE,HSD17B10
IPATASERTIB,STK11
FLUORESCEIN,APEX1
HAEMATOXYLIN,FGB
CARMINIC ACID,ATXN2
QUIFENADINE,AR
SIMVASTATIN,PLK1
EMBELIN,MAPT
TACEDINALINE,HDAC8
GERONTOXANTHONE I,SMAD3
SB 242084,ATXN2
CHEMBL:CHEMBL379975,MAP2K2
CHEMBL:CHEMBL599924,ATXN2
CHEMBL:CHEMBL600103,SMN2
PROPYLPARABEN,AR
CHEMBL:CHEMBL2095095,PTBP1
"2,6-DIMETHOXYQUINONE",PLK1
NICLOSAMIDE,SMN2
EMODIC ACID,POLB
GW5074,CYP1A2
CHEMBL:CHEMBL578257,FEN1
ALLOXAN,MAPT
CHEMBL:CHEMBL146525,GAA
CHEMBL:CHEMBL534535,PLK1
AZTREONAM,CYP1A2
AZD1480,JAK2
CENISERTIB,LYN
TEPOTINIB,MET
CABOZANTINIB S-MALATE,MET
TAK-733,MAP2K2
PF-04691502,PIK3C3
CHEMBL:CHEMBL601367,MAPT
X-82,FLT4
SORAFENIB,PDGFRB
SELUMETINIB,MAP2K1
PROMAZINE HYDROCHLORIDE,EHMT2
DINACICLIB,CDK1
DABRAFENIB,MAP2K6
NILOTINIB,PDGFRA
DIETHYLSTILBESTROL,WNT7A
NIFEDIPINE,ABCB1
EPIPODOPHYLLOTOXIN COMPOUND,ABCB1
PUROMYCIN,AGTR2
ANGIOGENESIS INHIBITOR,ANPEP
IL-10,ALK
DIETHYLSTILBESTROL,AMH
STAUROSPORINE,ANXA1
RECOMBINANT 70-KD HEAT-SHOCK PROTEIN,APEX1
ANTIDEPRESSANT AGENT,APOE
STAUROSPORINE,APOE
RIBAVIRIN,BCL2
PILOCARPINE HYDROCHLORIDE,BDNF
FULVESTRANT,BDNF
RECOMBINANT TUMOR NECROSIS FACTOR FAMILY PROTEIN,BDNF
PD-98059,BGLAP
CITALOPRAM,GSK3B
MITOMYCIN,BRCA1
IH636 GRAPE SEED PROANTHOCYANIDIN EXTRACT,CALCA
RECOMBINANT FAS LIGAND,PRL
RECOMBINANT CD40-LIGAND,CDKN1B
PD-98059,CDKN1B
METHOTREXATE,CDKN1B
EPOETIN ALFA,CISH
OXYCODONE,CYP1A2
VINCRISTINE,CP
TETRANDRINE,CP
TOLMETIN SODIUM,PTGS1
ATROPINE,CYP19A1
O6-BENZYLGUANINE,CYP1A2
EXEMESTANE,CYP1B1
RECOMBINANT HEPATOCYTE GROWTH FACTOR,CYP2B6
SURAMIN,DDIT3
MANNITOL,DDIT3
NICOTINE POLACRILEX,DDIT3
PROTEASOME INHIBITOR,DDIT3
CHEMBL:CHEMBL1397308,MAPT
TIRATRICOL,NFE2L2
RALTITREXED,DHFR
METHOTREXATE,DHFR
FARNESYL TRANSFERASE INHIBITOR,DNMT1
CLOZAPINE,DRD2
PROPOFOL,ENO2
SODIUM BUTYRATE,ENO2
GEFITINIB,ERBB2
PD-98059,ERBB2
FLUOROURACIL,ERCC1
MPA,FAS
IL-18,FCGR3A
PUROMYCIN,FCGR3B
DEXTROAMPHETAMINE SULFATE,GFAP
ROFECOXIB,GHRL
EPIGALLOCATECHIN GALLATE,GJA1
THYROXINE,GSR
RECOMBINANT INTERLEUKIN-1,IL1R1
ACELLULAR DERMAL MATRIX,GSTP1
"BENZO(A)PYRENE-7,8-DIOL 9,10-EPOXIDE",GSTP1
EPOETIN ALFA,IL1R1
CYCLOOXYGENASE INHIBITOR,IL2
BECLOMETHASONE DIPROPIONATE,IL2RA
"1,4-DIMETHOXYANTHRAQUINONE",MAPT
DINITROCHLOROBENZENE,IL2RA
MEGESTROL ACETATE,IL2RA
DIDANOSINE,IL2RA
IONOMYCIN,CXCL8
BINETRAKIN,CXCL8
PRASTERONE,IRS1
FLUOROURACIL,ITGAL
STAUROSPORINE,ITGAL
THEOPHYLLINE,ITGAM
CISPLATIN,UBE2I
PANCREATIC PROTEOLYTIC ENZYMES,ITGB2
PENTOXIFYLLINE,ITGB2
SODIUM BUTYRATE,ITGB2
EPIGALLOCATECHIN GALLATE,KCNJ11
RHENIUM RE 186 ETIDRONATE,KLK3
TESTOSTERONE,LCAT
EPOETIN ALFA,LDLR
DEHYDRATED ALCOHOL,LIPC
PHOSPHATIDYLINOSITIDE 3-KINASE INHIBITOR,MAPK1
LEVODOPA,MAPK1
LEFLUNOMIDE,MMP1
RECOMBINANT CD40-LIGAND,MLANA
RETINOIC ACID AGENT,MMP2
IRINOTECAN HYDROCHLORIDE,MTHFR
RUBOXISTAURIN,F9
BRYOSTATIN 1,MYC
RETASPIMYCIN HYDROCHLORIDE,ALK
SELECTIVE ESTROGEN RECEPTOR MODULATOR,NFE2L2
TAMOXIFEN,NFE2L2
RECOMBINANT 70-KD HEAT-SHOCK PROTEIN,NOS1
ENDOTHELIN RECEPTOR ANTAGONIST,NPY
VINCRISTINE,NRG1
RECOMBINANT HEREGULIN,NRG1
ASTEMIZOLE,AR
CHEMBL:CHEMBL428789,SMN1
MPA,PLA2G1B
BAY-11-7085,ATXN2
RANITIDINE HYDROCHLORIDE,PLA2G1B
DEHYDRATED ALCOHOL,POU5F1
DEHYDRATED ALCOHOL,PRKCD
FLUOROURACIL,PTPRC
CISPLATIN,ADH1C
SIROLIMUS,RPS6KB1
PRASTERONE,SLC2A4
ADENOVIRUS VECTOR,SLC2A4
STAUROSPORINE,SLC2A4
DEXTROAMPHETAMINE SULFATE,SLC6A3
CLOZAPINE,SRC
LIF,FCGR3A
PROGESTIN,STS
TETRACYCLINE,TAT
TAS-115,KDR
SANDOSTATIN,TGFB1
TOREMIFENE,TGFB1
PROXIBARBAL,MAOA
ADRIAMYCIN,XIAP
HALOFUGINONE,WT1
OSIMERTINIB,MET
AFATINIB,EGFR
FEXAGRATINIB,FGFR2
OSIMERTINIB,EGFR
"ANALOG 3 [VLATTAS ET AL., 1996]",BLMH
INFIGRATINIB,FGFR1
ESTROGENS,F5
IPILIMUMAB,CTLA4
LOSARTAN POTASSIUM,STK39
LITHIUM,CACNG2
VELTUZUMAB,MS4A1
CYANOPEPTOLIN SS,PRSS3
CHEMBL:CHEMBL1351908,NOD2
VITAMIN B2,EHMT2
VITAMIN E,TGFB1
RITUXIMAB,IL2
CARBIMAZOLE,HLA-B
CLOZAPINE,ABCG2
DAPHNORIN,TDP1
LITHIUM,ASIC2
CHEMBL:CHEMBL578905,ALDH1A1
NORTRIPTYLINE,AKT1
SERTRALINE HYDROCHLORIDE,REEP5
NORTRIPTYLINE,GRIK2
METHYLPHENIDATE HYDROCHLORIDE,DRD3
EMETINE,MTOR
METHYLPHENIDATE HYDROCHLORIDE,GRIN2B
NOREPINEPHRINE,ADRB1
CYTARABINE,TPMT
FLOXACILLIN,HLA-DQA1
BEPRIDIL,ABCB1
IDARUBICIN,ABCB1
CARVEDILOL,ABCB1
MINAPRINE,DRD2
SAR260301,F3
AMITRIPTYLINE HYDROCHLORIDE,RGS4
SUNITINIB,SLCO1B3
SUNITINIB,FLT4
PROPOFOL,HTR2A
FELODIPINE,NR3C2
MITOTANE,CYP2B6
OSPEMIFENE,CYP2B6
CEDIRANIB,FLT4
NIVOLUMAB,EGFR
NIVOLUMAB,ALK
PIRENZEPINE,CHRM1
CELECOXIB,CTNNB1
COMPOUND 28 [PMID: 18324760],ACE2
CELECOXIB,PPARG
USTEKINUMAB,TLR5
TEPOTINIB,MET
BEPRIDIL,CYP2D6
UPADACITINIB,CYP2D6
NOREPINEPHRINE,ADRA2A
N-DESMETHYLCLOZAPINE,CYP1A2
EFGARTIGIMOD ALFA,CHRNA7
PHENYTOIN SODIUM,MTHFR
INTERFERON ALFA-N1,IFNL3
TENOFOVIR DISOPROXIL FUMARATE,CYP24A1
CLOZAPINE,CYP1A1
MARAVIROC,CCR5
GANDOTINIB,JAK2
THIOTEPA,ALDH1A1
DEHYDROXYMETHYLEPOXYQUINOMICIN,RELA
ACENOCOUMAROL,CYP2C18
RIBAVIRIN,BCL2
RIBAVIRIN,FTO
PRAVASTATIN SODIUM,CACNA1S
PRAVASTATIN SODIUM,SLCO1B3
NOREPINEPHRINE,COMT
DANUGLIPRON,ALPL
AVELUMAB,CD274
ATEZOLIZUMAB,CD274
TICLOPIDINE,HLA-C
FLOXACILLIN,HLA-C
USTEKINUMAB,HLA-C
PHENYTOIN SODIUM,POU5F1
FORETINIB,MET
SPIRONOLACTONE,NOS3
GLESATINIB,MET
USTEKINUMAB,TNFRSF1B
CISPLATIN,BRCA2
ASPIRIN,THRA
NILOTINIB,ABL1
NILOTINIB,BCR
ALPELISIB,ESR1
PHENYTOIN SODIUM,PSORS1C1
VELPATASVIR,IFNL3
ASPIRIN,PPARG
ASPIRIN,F2R
DASATINIB ANHYDROUS,ABL1
ASPIRIN,GSTP1
FLOXACILLIN,HLA-A
IDARUBICIN,ADH1A
ONDANSETRON HYDROCHLORIDE,SLC6A4
NINTEDANIB ESYLATE,RET
TENOFOVIR,NME2
TENOFOVIR,AK4
DASATINIB ANHYDROUS,BCR
NEVIRAPINE,CYP1A2
TICLOPIDINE,HLA-A
PAMIDRONATE,TNFRSF11A
ARSENIC TRIOXIDE,PML
CUDC-101,ERBB2
PANOBINOSTAT,HDAC6
VALPROIC ACID,HDAC3
VALPROIC ACID,HDAC8
BELINOSTAT,HDAC8
VALPROIC ACID,HDAC9
VOLASERTIB,PML
XL228,IGF1R
ALFIMEPRASE,FGA
PYRILAMINE MALEATE,HRH1
VON WILLEBRAND FACTOR,F9
APOMORPHINE,DRD4
TRIPELENNAMINE HYDROCHLORIDE,HRH1
APREPITANT,TACR1
AZATADINE MALEATE,HRH1
BUCLIZINE HYDROCHLORIDE,HRH1
TRIAZOLAM,GABRA1
SELURAMPANEL,GRIA1
SELURAMPANEL,GRIA2
ORTICUMAB,OLR1
ETHOPROPAZINE HYDROCHLORIDE,CHRM1
ALPROSTADIL,PTGER2
ESMIRTAZAPINE,HTR2A
METHYSERGIDE MALEATE,HTR1A
METOCLOPRAMIDE HYDROCHLORIDE,DRD2
DEXTROMETHORPHAN HYDROBROMIDE,GRIN2A
TRIFLUOPERAZINE HYDROCHLORIDE,HTR2A
FOSTAMATINIB,SYK
THIORIDAZINE,HTR2C
LISINOPRIL ANHYDROUS,ACE2
TAVILERMIDE,NTRK1
MK-6913,ESR2
MM-111,ERBB3
1.ALPHA.-HYDROXYVITAMIN D5,VDR
TRIFLUOPERAZINE HYDROCHLORIDE,HTR2C
TAFLUPROST,PTGFR
MUPARFOSTAT,KDR
MUPARFOSTAT,FGFR1
DEXTROAMPHETAMINE ADIPATE,SLC6A3
SOMATROPIN (RECOMBINANT DNA ORIGIN),GHR
VALILTRAMIPROSATE,APP
TROFINETIDE,IGF1
NONACOG ALFA,F10
BOSUTINIB,SRC
PANOBINOSTAT,HDAC6
AMPHETAMINE ASPARTATE,SLC6A3
INTERFERON ALFA-2B,IFNAR2
DEFACTINIB,PTK2
UROFOLLITROPIN,FSHR
PONESIMOD,S1PR1
DEXAMETHASONE ACETATE,NR3C1
SAFINAMIDE,MAOB
FIRATEGRAST,ITGA4
PRAMLINTIDE,CALCR
HYDROCORTISONE BUTYRATE,NR3C1
TRANDOLAPRIL,ACE
ZANAMIVIR,XK
VALSARTAN,AGTR1
VARESPLADIB,PLA2G2A
DIENESTROL,ESR1
BUTABARBITAL,GRIA2
MIGLUSTAT,UGCG
CLIDINIUM,CHRM1
EPOETIN ALFA,EPOR
"ERGOLOID MESYLATES, USP",ADRA2A
AMLEXANOX,PDE4B
ESTAZOLAM,GABRA1
FLUMETHASONE PIVALATE,NR3C1
GOLIMUMAB,TNF
HALAZEPAM,GABRA1
ISOFLUROPHATE,BCHE
LIOTHYRONINE,THRB
MESORIDAZINE,HTR2A
MEPHOBARBITAL,GRIK2
METHYSERGIDE,HTR2A
MEPHOBARBITAL,GABRA1
METHIXENE,CHRM3
FULVESTRANT,ESR1
NICOTINE POLACRILEX,CHRNB2
THIETHYLPERAZINE,DRD4
TIROFIBAN,ITGA2B
ZOPICLONE,TSPO
TRIMETREXATE,DHFR
"ESTROGENS, CONJUGATED (USP)",ESR1
OSPEMIFENE,ESR2
DINOPROSTONE,PTGER2
DIMENHYDRINATE,HRH1
PERGOLIDE MESYLATE,DRD5
EPOETIN ALFA,EPOR
FELBAMATE,GRIN3A
FLUMETHASONE PIVALATE,NR3C1
ALFUZOSIN HYDROCHLORIDE,ADRA1A
PHENYLEPHRINE BITARTRATE,ADRA1A
GALANTAMINE,ACHE
HEXOBARBITAL,CHRNA7
CARVEDILOL,ADRA1D
LOFEXIDINE,ADRA2A
MESORIDAZINE,HTR2A
METHOXAMINE,ADRA1A
TOLAZOLINE HYDROCHLORIDE,ADRA1A
MEPHOBARBITAL,GRIK2
OLANZAPINE,CHRM2
OLANZAPINE,HTR2A
PINDOLOL,ADRB2
PROCATEROL,ADRB2
PROCHLORPERAZINE,HRH1
PERICIAZINE,ADRA1A
HT-0712,PDE4B
VIGABATRIN,ABAT
BELATACEPT,CD80
FOMEPIZOLE,ADH1A
EVORPACEPT,CD47
PI3K P110BETA/DELTA INHIBITOR KA2237,PIK3CG
SELITRECTINIB,NTRK1
KHK2455,IDO1
CPI-1205,EZH2
PRAZEPAM,GABRG3
ANTI-MET MONOCLONAL ANTIBODY MIXTURE SYM015,MET
PROPOFOL,GABRG3
UBROGEPANT,S100A12
SEVOFLURANE,GABRA3
SERLOPITANT,TACR1
VERUBECESTAT,BACE1
GAVILIMOMAB,BSG
INTERFERON GAMMA-1B,IFNGR2
MORICIZINE HYDROCHLORIDE,SCN9A
CRENEZUMAB,APP
PONESIMOD,S1PR1
FOSPHENYTOIN,SCN2A
RALINEPAG,PTGIR
GSK-3117391,HDAC9
TT-301,IL1B
NEBENTAN,EDNRA
ROMAZARIT,PPARA
FOSPHENYTOIN,SCN8A
DINOPROST,TBXA2R
SCH442416,ADORA2A
SEVOFLURANE,KCNK2
PHORBOL 12-MYRISTATE 13-ACETATE,TRPV4
SILTUXIMAB,IL6
RAGAGLITAZAR,PPARA
LENVATINIB MESYLATE,KDR
ROXINDOLE,DRD2
IBALIZUMAB,CD4
FADROZOLE,CYP19A1
TIPIRACIL HYDROCHLORIDE,TYMP
SOMATROPIN (RECOMBINANT DNA ORIGIN),GHR
EVODENOSON,ADORA2A
RECOMBINANT MONOCYTE CHEMOATTRACTANT PROTEIN-1,CCR2
EPTASTIGMINE,BCHE
PHENACEMIDE,XK
D-METHIONINE,METAP2
BMS-852927,NR1H2
PYRUVIC ACID,ABAT
METHOXYFLURANE,GABRA1
TUROFEXORATE ISOPROPYL,NR1H4
PEMIROLAST,HRH1
CALCIPOTRIENE,VDR
AEW-541,IGF1R
AST-487,RET
MESMULOGENE ANCOVACIVEC,IL2
MOTEXAFIN LUTETIUM,KLK3
MEQUITAZINE,HRH1
LUTROPIN ALFA,LHCGR
AGERAFENIB,EGFR
AGERAFENIB,RET
CARMOTEROL,ADRB2
ATIPRIMOD,STAT3
PALOMID-529,MTOR
IZORLISIB,PIK3R1
IBRITUMOMAB TIUXETAN,MS4A1
TRANDOLAPRIL,ACE
CYSTEAMINE HYDROCHLORIDE,SST
MK-0812,CCR2
KU-60019,ATM
PHA-793887,CDK4
SULCARDINE SULFATE,SLC25A20
PHA-793887,CDK17
(+)-JQ1,BRD4
SULCARDINE SULFATE,CALCA
TOPSALYSIN,KLK3
AMILOMOTIDE,APP
CR 1447,AR
THR-18,SERPINE1
PRINABEREL,ESR2
INIPARIB,PARP1
MT-3995,NR3C2
ANLOTINIB,KDR
BENTAMAPIMOD,MAPK9
AT-7519,CDK7
TRV-120027,AGTR1
RGB-286638,CDK1
DUPILUMAB,IL4R
DS-7423,MTOR
PATRITUMAB,ERBB3
RONICICLIB,CDK1
PERAMPANEL,GRIA4
MEDETOMIDINE,ADRA2A
METHIMAZOLE,TPO
SPIROGLUMIDE,CCKBR
PROSAVIN,DDC
RG7342,GRM5
POZIOTINIB,ERBB2
FORETINIB,MET
NADOFARAGENE FIRADENOVEC,IFNA2
POZIOTINIB,ERBB4
AUTOLOGOUS CD19 CAR-EXPRESSING CD4+/CD8+ T-CELLS MB-CART19.1,CD19
AUTOLOGOUS ANTI-CD19 CAR-EXPRESSING T-LYMPHOCYTES CLIC-1901,CD19
FESOTERODINE,CHRM1
AMINOSALICYLIC ACID,DHFR
FORETINIB,PDGFRA
AZIMILIDE,CALCA
EPLIVANSERIN FUMARATE,HTR2A
CHLORMETHIAZOLE,GABRG3
GANDOTINIB,JAK2
N-DESMETHYLCLOZAPINE,CHRM1
BERTILIMUMAB,CCL11
PARP INHIBITOR E7016,PARP1
NEFLAMAPIMOD,MAPK14
SURINABANT,CNR1
CAPMATINIB,MET
XL-999,FGFR3
SAMOTOLISIB,PIK3CD
BATEFENTEROL,ADRB2
SB-773812,HTR2A
ONO-2333MS,CRHR1
ASP7991,CASR
AZD1446,CHRNA4
DASOLAMPANEL,GRIA4
DASOLAMPANEL,GRIA3
CNS-5161,GRIN3B
OBETICHOLIC ACID,NR1H4
DARIGABAT,GABRG3
FLUMATINIB,ABL1
ORANTINIB,PDGFRA
BARBITURATE,GABRA1
MODAFINIL,ADRA1D
COBIMETINIB,MAP2K2
BERMEKIMAB,IL1A
ESZOPICLONE,TSPO
EMRICASAN,CASP7
APRICOXIB,PTGS2
RITUXIMAB,ERBB2
4-PHENYLBUTYRIC ACID,HDAC9
EMRICASAN,CASP2
EMRICASAN,CASP12
TANESPIMYCIN,HSP90AA1
LX2931,SGPL1
GANAXOLONE,GABRG3
ZURANOLONE,GABRG3
ECOPIPAM,DRD1
ATRELEUTON,ALOX5
BENZODEPA,CD28
ANACETRAPIB,CETP
CANDOXATRIL,MME
EPERISONE,CAV1
CARISBAMATE,XK
(S)-UH 301,A1BG
[3H]ROBALZOTAN,A1BG
"L-775,606",A2M
STX-100,ITGAV
BROMOCRIPTINE,HTR2C
KETANSERIN,HTR2C
SB 228357,HTR2C
LP-44,SERPINA3
CLOZAPINE,SERPINA3
XANOMELINE,SERPINA3
CAROTUXIMAB,ENG
ASCIMINIB,ABL1
ZIPRASIDONE,SERPINA3
BW B70C,CREB1
WP814,CACNA1S
PEXMETINIB,ABL2
PHENYLEPHRINE,ABCA4
RO-70-0004,ABCA4
XYLOMETAZOLINE,ABL1
NOREPINEPHRINE,ABL2
COMPOUND I3 [PMID: 23428964],ANPEP
IMARADENANT,ABAT
NAMODENOSON,ABCA1
CV-1808,ABCA1
COMPOUND 8A [PMID: 24900283],ASIC2
[DES-ARG10]KALLIDIN,ASIC1
CHROMAN 28,ASIC1
NPC 18565,ASIC1
"[HYP3,TYR(ME)8]BK",BDKRB2
RIBOSOMAL PROTEIN S19,ACACB
RPR121154,ACACB
COMPOUND 3 [PMID: 14640538],CPN1
"SQ-24,798",CYP27B1
MDX-210,ERBB2
VBY-825,FOS
[3H]L365260,CCKBR
[125I]CCL27 (HUMAN),CCR4
SIMUROSERTIB,EGR3
CLAZAKIZUMAB,IL6
BAMOCAFTOR,CFTR
PIROXICAM-BETA-CYCLODEXTRIN,CPT1B
PHENYLBUTAZONE,CPT1B
UROCORTIN 2,ALAS2
GOMILIXIMAB,FCER2
PLERIXAFOR,ACTG1
ABEMACICLIB,CDK4
CROZBACICLIB,CDK4
CDK4 INHIBITOR II,CDK4
R547,CDK4
PALBOCICLIB,EIF4EBP1
ATUVECICLIB,EIF4G1
COMPOUND 4D [PMID: 20655626],CPN1
ORDESEKIMAB,IL15
SULPIRIDE,ABCD1
(+)-S-14297,ABCD1
COMPOUND 34 [PMID: 24749861],EN2
JBJ-09-063,DXO
GSK343,EZH2
PD 174265,DXO
TUCATINIB,DXO
NE10790,BLVRA
COMPOUND 31 [PMID: 17963374],BLVRA
LY2077855,CRP
ZILTIVEKIMAB,FCGRT
COMPOUND 8H [PMID: 22765894],DPYSL2
TINENGOTINIB,DPYSL2
TASURGRATINIB,SLC26A3
PEXMETINIB,DRD1
COMPOUND 8H [PMID: 22765894],DRD3
PEXMETINIB,DRD3
BIMATOPROST (FREE ACID FORM),APOC2
L838417,GABRA1
FLUMAZENIL,GABRA1
ZK93426,ARNT
TBPS,ARNT
NNC-711,CD14
NBQX,GRIA3
LY233053,GRIN2B
HOMOQUINOLINIC ACID,GRIN2B
[3H]MDL105519,GRIN2B
ANUMIGILIMAB,DHFR
TRICHOSTATIN A,MSTN
LECANEMAB,APP
COMPOUND 3A [PMID: 21444206],ADH1C
COMPOUND 15 [PMID: 25313322],ADARB2
ISOXSUPRINE HYDROCHLORIDE,ADRA1D
ARN19874,CRK
FR181157,APOC3
BEZAFIBRATE,PPARD
MK-2461,DRD2
CABOZANTINIB S-MALATE,DRD2
CENISERTIB,DRD2
ZM-306416,DRD2
CIPROFIBRATE,PPARA
PRENYLAMINE,CALM1
XE991,AZF1
ABSCISIC ACID,HGF
BETAHISTINE,HRH1
CC-90011,GEM
TENOFOVIR ALAFENAMIDE,ERVW-4
BIIB-022,IGF1R
CORTICOTROPHIN-RELEASING HORMONE,ANG
PG-901,ANK1
IMC-3C5,FLT4
VEBRELTINIB,DRD4
[3H]LY341495,ANPEP
COMPOUND 4 [PMID: 21105727],SLC25A4
TB-403,PGF
MS432,MAP2K1
ZAPNOMETINIB,MAP2K1
PD-360324,CSF1
MEDI-6469,TNFRSF4
ADL5859,APOF
EWB-3-14,APOF
METHADONE HYDROCHLORIDE,APOF
[3H]CTOP,APOF
E2.3,TFRC
AM-6120,SCN9A
FARALIMOMAB,IFNA1
LY2087101,ATF4
AVAPRITINIB,PDGFRA
MELATONIN,MTNR1A
[ARG14LYS15]N/OFQ,APBA1
DIQUAFOSOL TETRASODIUM,P2RY1
MRS2279,APBB2
SURAMIN,APBB2
PHYSOSTIGMINE SALICYLATE,ACHE
ATP&GAMMA;S,APBB2
RP-52770,APLP2
AMLODIPINE BENZOATE,CACNA1S
LYS[Z(NO2)]-VAL,SLC15A2
ANDEXANET ALFA,TFPI
LINOLEIC ACID,CCND1
ROSIGLITAZONE,CCND1
PIK-III,F3
COMPOUND 27 [PMID: 35834807],F5
BARDOXOLONE METHYL,CCND1
GILMELISIB,F5
RV6153,F5
IDELALISIB,PIK3CB
PIK-108,F7
RV6153,PIK3CB
TG-100-115,PIK3CB
"5-QUINOXALIN-6-YLMETHYLENE-THIAZOLIDINE-2,4-DIONE",PIK3CB
AZELNIDIPINE,CACNA1S
ARI-3531,FXN
"[ALA1,12,AIB3,GLN10,HARG11,TRP14]PTH-(1-14)-NH2",XIAP
"[TRP23,TYR36]PTHRP-(1-36)-NH2 (HUMAN)",XIAP
INDUSATUMAB VEDOTIN,TUBB4B
"PTHRP-(7-34) (HUMAN, RAT, MOUSE)",XIAP
SRT-2104,SIRT1
CD2314,BCL2L1
COMPOUND 23 [PMID: 35816678],CX3CR1
ML290,APP
INSL3,APP
GNE-3511,CXADR
COMPOUND 23 [PMID: 35816678],CUX1
SB-747651A,CUX1
FLUOXETINE HYDROCHLORIDE,CD9
DOTHIEPIN,CD9
BIM 23197,FASLG
EDOTREOTIDE,FASLG
DOSTARLIMAB,PDCD1
IXAZOMIB,PSMD4
IXAZOMIB,PSMB8
TRU-015,MS4A1
ONO-8539,PTGER1
LUCITANIB,FGFR1
BAFETINIB,PDGFRB
PF-04457845,FAAH
CETUXIMAB,EGFR
INFIGRATINIB,FGFR1
CETUXIMAB,MET
SUNITINIB,PDGFRA
RG-4733,APH1B
ALECTINIB,ALK
PACLITAXEL,NRG1
RG-4733,PSENEN
PD173074,FGFR3
MT-3724,RPL5
VEMURAFENIB,PTEN
KOS-1584,TUBA4A
TRAMETINIB DIMETHYL SULFOXIDE,CIC
SELUMETINIB,NF1
ENVAFOLIMAB,CD274
VEMURAFENIB,AKT1
PEMBROLIZUMAB,JAK2
MITOGEN-ACTIVATED PROTEIN KINASE KINASE INHIBITOR,EGFR
ZENOCUTUZUMAB,ERBB2
JQEZ5,EZH2
TISAGENLECLEUCEL,CD19
MAP855,MAP2K1
CETUXIMAB,TP53
PANITUMUMAB,CDKN2A
GEFITINIB,EGFR
DASATINIB ANHYDROUS,ABL1
RITUXIMAB,ERBB2
TENALISIB,PIK3CG
CETUXIMAB,CDKN2A
VEMURAFENIB,CDKN2A
DABRAFENIB,CDKN2A
CDX-3379,ERBB3
ALPELISIB,FGFR1
OLVEREMBATINIB,FGFR1
OLVEREMBATINIB,FGFR2
ALPELISIB,FGFR2
NAVITOCLAX,FGFR2
KO-947,MAPK1
PEMBROLIZUMAB,JAK2
PACRITINIB,JAK3
ASG-5ME,TUBA4A
CARBOPLATIN,KEAP1
MAP855,MAP2K1
ALPELISIB,MAP2K1
CARBOPLATIN,MSH2
DABRAFENIB,PIK3CA
PERIFOSINE,PIK3CA
EBDAROKIMAB,IL23A
BRAFV600/PI3K INHIBITOR ASN003,PIK3CA
BISANTRENE,FTO
DACTOLISIB,PTEN
CARBOPLATIN,PTEN
CAPMATINIB,PTEN
GDC-0879,PTEN
BRAFV600/PI3K INHIBITOR ASN003,PTEN
NAVITOCLAX,PTEN
INFIGRATINIB,PTEN
RIBOCICLIB,RB1
TOPOTECAN HYDROCHLORIDE,RB1
TIROFIBAN HYDROCHLORIDE,ITGA2B
OCRIPLASMIN,LAMC2
GSK-3174998,TNFRSF4
BMS-599626,ERBB2
EFAROXAN,GMNN
FENAMIDONE,NFE2L2
EMD-1201081,TLR9
LITRONESIB,KIF11
LOFEXIDINE,ADRA2A
TEBOTELIMAB,PDCD1
VEMURAFENIB,CDKN2A
QUIZARTINIB,DNMT3A
MEDROXYPROGESTERONE,CYP1B1
VIRULIZIN,IL12B
GIMSILUMAB,CSF2
QUISINOSTAT,HDAC1
REBIMASTAT,MMP14
ATEZOLIZUMAB,CD274
ACETOPHENAZINE,DRD1
REBIMASTAT,MMP1
COMPOUND 19A [PMID: 26506089],GYPA
TIPIFARNIB,PIK3CA
NICOTINE POLACRILEX,CHRNB2
LOXAPINE,DRD2
INCOBOTULINUMTOXINA,SNAP25
CHEMBL:CHEMBL469309,HSD17B10
CHEMBL:CHEMBL1801219,TP53
ADERBASIB,ADAM10
ANCROD,FGB
ZSTK474,PIK3R1
XL418,AKT3
UNFRACTIONATED HEPARIN,SERPINC1
CHEMBL:CHEMBL1288106,CYP1A2
DIDANOSINE,AR
METHOTREXATE,DHFR
DIHYDROERGOCRISTINE,DRD1
LABETALOL,ADRB1
TRAMETINIB DIMETHYL SULFOXIDE,MAP2K1
QUAZEPAM,GABRA3
DRUGSATFDA.NDA:008378,GHRL
BINIMETINIB,MAP2K2
TRETINOIN,RXRB
PAREGORIC,CYP2D6
ENTRECTINIB,ALK
TRAMETINIB DIMETHYL SULFOXIDE,MAP2K2
ZEMIRCICLIB,EIF4G1
BINIMETINIB,MAP2K2
OMIPALISIB,PIK3CD
ASPIRIN,HLA-DRB1
DOVITINIB,PDGFRA
OMIPALISIB,PIK3CB
PI3K/MTOR KINASE INHIBITOR PF-04691502,PIK3CB
TANNIN PYROGALLOL,NFE2L2
TRAZODONE,HSD17B10
CHEMBL:CHEMBL44011,AR
GW843682X,FGFR1
CHEMBL:CHEMBL461193,RAD52
ACAMPROSATE CALCIUM,GABRA1
ATROPINE,F2R
CHEMBL:CHEMBL179611,APEX1
2-ARACHIDONOYLGLYCEROL,HPGD
BROXYQUINOLINE,HSP90AA1
ARFORMOTEROL,ADRB2
PYROTINIB,DXO
METAMIZOLE SODIUM,ALOX15
CHEMBL:CHEMBL1998001,BRCA1
CLOZAPINE,HLA-C
MITOXANTRONE HYDROCHLORIDE,APEX1
TIOXOLONE,ALPI
BAICALEIN,APEX1
SUNITINIB,PDGFRA
SOFITUZUMAB VEDOTIN,TUBB4B
CHEMBL:CHEMBL336095,CYP1A2
RUTAECARPINE,SMN2
MASOPROCOL,VDR
EPOETIN ALFA,EPOR
2-(INDOLIN-1YL)-MELATONIN,ANK3
ESCULETIN,HIF1A
KOPARIN,ALOX15
PERAZINE,EHMT2
TESTOSTERONE PROPIONATE,TSHR
GW7647,HIF1A
R-SPONDIN-3,ADRA1A
GLYCOSYLATED RECOMBINANT HUMAN INTERLEUKIN-7,IL7R
PACLITAXEL,GMNN
DIGITOXIN,AR
BITHIONOL,ALDH1A1
GPI-1485,FKBP1A
DORZOLAMIDE,CA2
PANULISIB,ETFB
BENZO(K)FLUORANTHENE,NFE2L2
CHEMBL:CHEMBL1509103,FEN1
CABOZANTINIB S-MALATE,MET
CP-547632,KDR
BRIVANIB,FGFR2
AURIN,HPGD
DASATINIB ANHYDROUS,ABL1
RIBAVIRIN,MMP1
RADICICOL,NTRK1
CHEMBL:CHEMBL175266,PLK1
D-ALPHA-TOCOPHEROL ACETATE,CXCL8
CARBAMAZEPINE,CYP2D6
SULINDAC SULFIDE,MAPK14
CHEMBL:CHEMBL601757,PTPN22
GABOXADOL,GABRA1
"(1S,3R)-ACPD",GRM8
METHYLPREDNISOLONE,ITGB2
LY2389575,SLC25A4
TAK-715,FRK
DEMETHOXYCURCUMIN,USP1
TOLONIUM CHLORIDE,THRB
OXYTETRACYCLINE ANHYDROUS,APEX1
BARASERTIB-HQPA,ERBB4
TO-901317,RXRA
MOCETINOSTAT,HDAC8
CHLORPROMAZINE,CYP1A2
VIDOFLUDIMUS,NR4A2
PAN-HER KINASE INHIBITOR AC480,ERBB4
VEMURAFENIB,PTEN
RG-1530,PDGFRB
PODOFILOX,TUBB4B
DASATINIB ANHYDROUS,PDGFRB
INAMRINONE,EHMT2
AMINOPURVALANOL A,EIF4E
QUINIDINE,CYP1A2
METHYSERGIDE,HTR1A
COLCHICINE,TUBB4B
BUTAPROST,PTGER1
RECOMBINANT FRACTALKINE,CCL22
VEMURAFENIB,NF1
PEGINTERFERON ALFA-2B,JAK2
PATULIN,VDR
DANAZOL,AR
HALAZEPAM,GABRG3
ENDOXIFEN,ESR1
NITROBENZENE,ALDH1A1
ALITRETINOIN,RXRG
CURCUMIN PYRAZOLE,MMP9
PF-05230907,EGFR
"2,4,6-TRIBROMOPHENOL",NFE2L2
BUTAPROST,PTGER2
CHEMBL:CHEMBL275260,ALDH1A1
ROMIDEPSIN,HDAC3
PACLITAXEL,PIK3CG
ASPIRIN,CYP24A1
"3,4-DICHLOROISOCOUMARIN",USP1
PYRAZINAMIDE,RPSA
CHEMBL:CHEMBL606166,MAPT
AZITHROMYCIN,CYP2D6
FLUOROSALAN,HTT
PEXACERFONT,CRHR1
APITEGROMAB,MSTN
ANDROSTENEDIONE,NPPC
AMORFRUTIN A,PLK1
CENISERTIB,PAK1
CHEMBL:CHEMBL515505,ATXN2
CHEMBL:CHEMBL202243,PPARG
DEHYDRATED ALCOHOL,APOA1
HARMINE,ALDH1A1
RIBAVIRIN,MICB
AXITINIB,PDGFRA
CRISDESALAZINE,PTGES
LOFEXIDINE,ADRA2A
SUPROFEN,CPT1B
CHEMBL:CHEMBL1098875,NFE2L2
PEMBROLIZUMAB,JAK1
BUTINOLINE,JUN
DERAZANTINIB,FGFR2
ARFORMOTEROL,ADRB2
ARIPIPRAZOLE LAUROXIL,A1BG
TYRPHOSTIN AG 555,HSP90AA1
CHLORANIL,ALDH1A1
NICOTINE POLACRILEX,BAX
PSAMMAPLIN A,HDAC9
NORTRIPTYLINE,GNB3
GMQ,FEN1
ENDO-ATROPINE,CYP1A2
OXYCARBOXIN,AR
FLUOXYMESTERONE,AR
ILOPERIDONE,DRD2
CHEMBL:CHEMBL582503,FEN1
AVOBENZONE,KAT2A
CEDIRANIB,PDGFRA
CHEMBL:CHEMBL581044,THRB
EGFR INHIBITOR 57,DXO
5-CT,HTR2C
CRIZOTINIB,ALK
CHEMBL:CHEMBL191611,GMNN
PHENTOLAMINE MESYLATE,NFE2L2
PIPERTRAMINE AMIDE,CHRM1
CHEMBL:CHEMBL590186,MAPT
ALPHA-ADRENERGIC AGONIST,PTH
TRICETIN,ALOX15
MG2+,TRPV6
SB 224289,CYP2D6
TIBOLONE,AR
LEVODOPA,MAOB
LEVODOPA,ADA
PENTOSAN POLYSULFATE,FGF2
CHEMBL:CHEMBL428789,MAPT
OPHIOBOLIN O,MAPK3
CARMINIC ACID,WRN
CCPA,ABCA2
PACLITAXEL,AR
CHEMBL:CHEMBL578061,MARK2
VEMURAFENIB,ATXN1L
4-PHENYLBUTYRIC ACID,PRKCA
ANTIBIOTIC,BDNF
&ALPHA;&BETA;-MEATP,EHMT2
FELBAMATE,GRIN3A
BUTOBARBITAL,GRIA2
CENISERTIB,PRKCG
IDAZOXAN,AOC1
GASTRIC INHIBITORY POLYPEPTIDE,ALPI
METHYLTHIONINIUM CHLORIDE,THRB
CALCIPOTRIENE,VDR
EPOETIN ALFA,GATA2
CISPLATIN,GSTT1
ADENOVIRUS VECTOR,PIK3CG
PACLITAXEL,ABCB1
ALLOPURINOL,NTNG1
HEME,BCL2
TRIAMTERENE,JAK2
PAXILLINE,EHMT2
GABACULINE HYDROCHLORIDE,EHMT2
"7,8-DIHYDROXYFLAVONE",ALOX15
DS37001789,UTS2R
TOREMIFENE,AR
VILAZODONE HYDROCHLORIDE,SLC6A4
SUNITINIB,CA9
DABUZALGRON,ABCB7
CHEMBL:CHEMBL534288,EHMT2
ZIPRASIDONE,A2MP1
CEP-7055,FLT4
LUF7602,ABCA1
DOPAMINE,ADRA1D
RIMONABANT,CNR1
PIMETHIXENE,CYP2D6
CHEMBL:CHEMBL85826,NPC1
GW441756X,RET
MECLIZINE,HRH1
BEVANTOLOL,ADRB1
MIFEPRISTONE,CCL7
CHEMBL:CHEMBL312032,PPARG
LIOTHYRONINE,IGFBP1
"IBUPROFEN, SODIUM SALT",PTGS1
CHEMBL:CHEMBL292352,PPARA
HALOFUGINONE,TNF
NORTRIPTYLINE,ADRA2A
LY-294002,MTOR
ASPIRIN,LTC4S
HUMAN THYMOSIN-FRACTION 5,THY1
HEXADECYLTRIMETHYLAMMONIUM CHLORIDE,AR
ATEZOLIZUMAB,CD274
DINALINE,NPC1
STAUROSPORINE,CAST
CHEMBL:CHEMBL1726814,FEN1
METHYLPHENIDATE HYDROCHLORIDE,NFIB
CHEMBL:CHEMBL310934,MAPT
CHEMBL:CHEMBL596836,EHMT2
PAXALISIB,PIK3CG
LY-294002,NFE2L2
MEPHOBARBITAL,GABRA1
SANGUINARIUM,EHMT2
MK-2461,DRD5
NAPHMETHONIUM,CHRM2
STICTIC ACID,WRN
PENTOBARBITAL SODIUM,GABRA3
IXAZOMIB CITRATE,PSMC4
MEDROXYPROGESTERONE ACETATE,AR
PARP/TANKYRASE INHIBITOR 2X-121,ATM
PRASTERONE,AR
FULVESTRANT,ESR1
AFT-II,BAX
BORTEZOMIB,CCND1
COPANLISIB,PIK3CA
SORAFENIB,RAF1
5-FLUOROINDOLE-2-CARBOXYLIC ACID,TDP1
ESFLURBIPROFEN,TARDBP
DYNORPHIN A-(1-8),APOF
ALPELISIB,TP53
IBRUTINIB,SMAD3
ROMIDEPSIN,HDAC3
CONGO RED,APP
CHEMBL:CHEMBL187216,CYP1A2
IBANDRONATE,PTH
NEFAZODONE HYDROCHLORIDE,HTR2A
HELENALIN,MAPT
TIVANTINIB,MET
PHENYTOIN SODIUM,CYP1A2
ADX10059,GRM5
ARAMCHOL,SCD
VITAMIN B6,NTRK1
IDARUBICIN,AR
IDARUBICIN,USP1
ERYTHROMYCIN GLUCEPTATE,RPSA
PEGINTERFERON ALFA-2A,IFNAR2
LEVOMILNACIPRAN HYDROCHLORIDE,SLC6A4
SORAFENIB,RAF1
AFATINIB,EGFR
MOCETINOSTAT,HDAC9
ADO-TRASTUZUMAB EMTANSINE,ERBB2
BU08028,APBA1
CHEMBL:CHEMBL428789,NFKB2
NIRAPARIB,CD274
CHEMBL:CHEMBL594772,PPARD
CHEMBL:CHEMBL265439,CASP2
IPILIMUMAB,HLA-A
PRINOMASTAT,MMP9
ALTENUSIN,EHMT2
BOSENTAN ANHYDROUS,EDNRA
"CP608,039",ABAT
AMINOPTERIN,MYC
DS-7423,PIK3CD
NKY80,COL4A1
BUTORPHANOL,APOF
TORIN 2,F2RL1
PHENINDIONE,EHMT2
BEGACESTAT,GLUL
OSIMERTINIB,EGFR
SF-1126,PIK3R1
APOMORPHINE,ABL1
STICTIC ACID,HPGD
GW441756X,GSK3B
INFLIXIMAB-DYYB,IL23R
PSAMMAPLIN A,PPARG
DEXMECAMYLAMINE,CHRNB2
MK-0752,NOTCH1
RILOTUMUMAB,HGF
ENDOSULFAN,CXCL8
OLVEREMBATINIB,ABL1
TRAMIPROSATE,APP
CELECOXIB,VEGFA
CYCLOPHOSPHAMIDE,EHMT2
ISONIPECOTIC ACID,GABRA1
ADRIAMYCIN,FASN
SIROLIMUS,DDC
CANNABINOL,AR
TEBUFENOZIDE,AR
RITLECITINIB,EPHB1
TICLOPIDINE,P2RY12
BENODANIL,NFE2L2
THIORIDAZINE,EHMT2
FUDOSTEINE,AR
IPILIMUMAB,EGFR
PATRITUMAB,ERBB3
CHEMBL:CHEMBL1567571,HSP90AA1
IRX4310,RARB
FERRUGINENE C,CNR2
CHEMBL:CHEMBL406557,NPC1
AMILORIDE HYDROCHLORIDE,HSD17B10
PENTOXIFYLLINE,PDE4B
CHEMBL:CHEMBL515505,PLK1
FOTEMUSTINE,TXNRD1
CHEMBL:CHEMBL136344,APEX1
ACETYLCYSTEINE,NTRK1
ACETYLCYSTEINE,NR4A1
GERANYL BIPHOSPHONATE,BLVRA
TENOFOVIR,CYP2B6
AROTINOID ACID,RARA
PRASTERONE,NOS1
FUTUXIMAB,EGFR
CAFFEIC ACID PHENETHYL ESTER,TARDBP
CLOZAPINE,GSTT1
NAGRESTIPEN,CCL3
FLUMAZENIL,GABRA1
CHEMBL:CHEMBL1224755,GMNN
UPADACITINIB,TYK2
VALPROPYLHYDROXAMIC ACID,HDAC6
ARC-239,AOC1
DEBIO-1347,DR1
LINIFANIB,FGFR3
AUTOLOGOUS DENDRITIC CELLS TRANSDUCED WITH WILD-TYPE P53 ADENOVIRUS VACCINE,TP53
PROGABIDE,GABRA1
VITAMIN B12,DHFR
PHA-767491,PRKG1
RILOTUMUMAB,HGF
METHYLCURCUMIN,ERBB3
BELACTOSIN A,PSMB8
METHOXYARACHIDONOYL FLUOROPHOSPHONATE,KAT2A
PACLITAXEL,ABCB1
INOSITOL,PLG
GSK4716,BDKRB2
MK-7145,BAD
HARMINE,HSD17B10
COMPOUND 1 [PMID: 24900526],ACE
PD173074,FGFR2
DANAZOL,ESR1
NINTEDANIB ESYLATE,PDGFRB
ACE INHIBITOR,FASLG
STAUROSPORINE,NPPC
SELITRECTINIB,NTRK1
FEXAGRATINIB,FGFR2
FLUNISOLIDE ANHYDROUS,NR3C1
CHEMBL:CHEMBL1814509,WRN
E-101 SOLUTION,MPO
BENFURACARB,AR
TESTOSTERONE,HNF4A
BRONCHODILATOR,ADRB2
METHOTREXATE,TAT
FLUORESCEIN DIACETATE,PLK1
HORMONE THERAPY AGENT,ESR1
CRIZOTINIB,ALK
ALECTINIB,ALK
IMATINIB,ABL1
ADO-TRASTUZUMAB EMTANSINE,ERBB2
CETUXIMAB,EGFR
SELUMETINIB,NF1
CRIZOTINIB,NTRK1
PROPARACAINE,CYP1A2
SUNITINIB,PDGFRA
ROCILETINIB,MET
ROCILETINIB,ERBB2
CHEMBL:CHEMBL1989750,HTT
ADO-TRASTUZUMAB EMTANSINE,ERBB2
FLUPHENAZINE ENANTHATE,DRD2
GOLIMUMAB,TNF
PERPHENAZINE,DRD2
METHIMAZOLE,TPO
CHEMBL:CHEMBL2094484,AGTR1
CALCIPOTRIENE,VDR
OLANZAPINE,HTR2A
ILOPERIDONE,HTR2A
PYRAZINAMIDE,FAS
CHEMBL:CHEMBL503990,GMNN
AMPHETAMINE ADIPATE,SLC6A3
BECLOMETHASONE DIPROPIONATE,NR3C1
FLUNISOLIDE ANHYDROUS,NR3C1
NEVIRAPINE,ERVW-4
PRAVASTATIN SODIUM,HMGCR
ROMIDEPSIN,HDAC4
ROMIDEPSIN,HDAC9
ROMIDEPSIN,HDAC8
VINORELBINE TARTRATE,TUBB4A
AMANTADINE HYDROCHLORIDE,GRIN3A
MIRTAZAPINE,ADRA2A
MIDODRINE,ADRA1A
OXYPHENBUTAZONE,PTGS2
GW843682X,GSK3B
OXYPHENBUTAZONE,PTGS1
ASPIRIN,PTGS1
TOLAZAMIDE,KCNJ11
GLIPIZIDE,ABCC8
ACETOHEXAMIDE,ABCC8
CANAKINUMAB,IL1B
INCOBOTULINUMTOXINA,SNAP25
BUTALBITAL,GABRA1
BUTABARBITAL SODIUM,GABRG3
BUTABARBITAL SODIUM,GABRA3
MIDAZOLAM HYDROCHLORIDE,GABRA3
THIAMYLAL SODIUM,GABRA3
TEMAZEPAM,GABRA3
ISOFLURANE,GABRA1
PROPIDIUM,APEX1
SB-242235,CSNK1D
ZAFIRLUKAST,USP1
CHEMBL:CHEMBL581880,NFE2L2
BITHIONOL,ALOX15
DIMETHOMORPH,AR
CHEMBL:CHEMBL491550,HSD17B10
CHEMBL:CHEMBL578944,RAD52
METHYLTHIONINIUM CHLORIDE,SMAD3
METIZOLINE,DRD1
PEGINTERFERON ALFA-2A,IFNAR1
ETHOTOIN,SCN7A
MEPIVACAINE HYDROCHLORIDE,SCN7A
ETIDOCAINE HYDROCHLORIDE,SCN7A
ETIDOCAINE HYDROCHLORIDE,SCN2A
RUFINAMIDE,SCN7A
PROPOXYCAINE HYDROCHLORIDE,SCN7A
PROPARACAINE HYDROCHLORIDE,SCN9A
RUFINAMIDE,SCN8A
INDECAINIDE HYDROCHLORIDE,SCN2A
DESVENLAFAXINE FUMARATE,SLC6A4
NINTEDANIB ESYLATE,FGFR1
CANGRELOR TETRASODIUM,P2RY12
IXAZOMIB CITRATE,PSMB9
OXTRIPHYLLINE,ADORA3
IXAZOMIB CITRATE,PSMD7
VK5211,AR
MOFAROTENE,RARA
RELACORILANT,NR3C1
BMS-599626,ERBB4
MIRANSERTIB,AKT3
BMS-599626,EGFR
TOVORAFENIB,RAF1
SF-1126,PIK3CD
RGB-286638,CDK5
HENATINIB,KDR
PESAMPATOR,GRIA3
MK-6913,ESR2
LUNACALCIPOL,VDR
INT131,PPARG
FX-005,MAPK14
FRUQUINTINIB,KDR
KW-2450,INSR
KW-2450,IGF1R
PF-04691502,PIK3CD
PILARALISIB,PIK3CB
PILARALISIB,PIK3CG
UCN-01,PRKCD
TG100-801,KDR
TEPOTINIB,MET
EVODENOSON,ADORA2A
SERLOPITANT,TACR1
MAVOGLURANT,GRM5
INDANTADOL,GRIN1
ASM-024,CHRM1
ASM-024,CHRM3
BARDOXOLONE METHYL,NFE2L2
TESAGLITAZAR,PPARA
TIVANTINIB,MET
MOMELOTINIB,JAK2
TARIQUIDAR,ABCB1
ALEPLASININ,SERPINE1
DUVOGLUSTAT HYDROCHLORIDE,GAA
CHEMBL:CHEMBL582496,EHMT2
FORODESINE HYDROCHLORIDE,PNP
CHEMBL:CHEMBL1255936,EHMT2
OBATOCLAX MESYLATE,BCL2
SEMAGACESTAT,APH1A
SEMAGACESTAT,NCSTN
BIRINAPANT,BIRC2
ALPRENOLOL,ADRB2
GUSELKUMAB,IL12B
NIRAPARIB,PARP1
CHEMBL:CHEMBL548615,HSP90AA1
ICI-118551,ADRB2
MAB-425,EGFR
NI-0801,CXCL10
CEPHALOCHROMIN,ALPI
OPICINUMAB,LINGO1
L19IL2,FN1
RONTALIZUMAB,IFNA13
BB-10901,NCAM1
EMIBETUZUMAB,MET
RONTALIZUMAB,IFNA1
BENZYDAMINE HYDROCHLORIDE,PTGS2
BENZYDAMINE HYDROCHLORIDE,PTGS1
DIMETHINDENE,HRH1
ANGIOTENSIN II ACETATE,AGTR1
TOSITUMOMAB 131I,MS4A1
CNTO-5825,IL13
MEDI-570,ICOS
BREXANOLONE,GABRA3
CHEMBL:CHEMBL1255936,GMNN
CENOBAMATE,SCN7A
CENOBAMATE,GABRG3
RG-7841,LY6E
AZINTUXIZUMAB VEDOTIN,TUBA4A
CADONILIMAB,CTLA4
PELABRESIB,BRD4
PACLITAXEL DOCOSAHEXAENOIC ACID,TUBB4B
PACLITAXEL DOCOSAHEXAENOIC ACID,TUBB4A
PATUPILONE,TUBB4B
BDTX189,EGFR
RG-7600,TUBB4B
RG-7600,TUBB4A
RG-7600,TUBA4A
DU 125530,HTR1A
TALSACLIDINE,CHRM3
OLVEREMBATINIB,BCR
DAGLUTRIL,ECE1
CD40 LIGAND,CD40
VERDIPERSTAT,MPO
BMS-823778,HSD11B1
SULPIRIDE,DRD2
VELIFLAPON,ALOX5AP
ERFONRILIMAB,CTLA4
PF-4136309,CCR2
LMB-100,EEF2
SIREMADLIN,TP53
TRAZPIROBEN,DRD3
EVORPACEPT,CD47
BIRICODAR,ABCC1
NINTEDANIB ESYLATE,PDGFRB
METFORMIN HYDROCHLORIDE,PRKAA1
ALECTINIB,ALK
SELUMETINIB,MAP2K1
PEMBROLIZUMAB,JAK2
TO-901317,NR1H2
NEVIRAPINE,ABCC1
BARDOXOLONE METHYL,NFE2L2
CYCLOHEXIMIDE,HSF1
EBSELEN,HPGD
HAEMATOXYLIN,ALPI
MERCAPTOPURINE,CYP1A2
CHEMBL:CHEMBL2094833,SNCA
CHEMBL:CHEMBL1371696,CYP2D6
CHEMBL:CHEMBL29197,MAPK3
"4-AMINO-[1,2]NAPHTHOQUINONE",VDR
ESCULETIN,HSD17B10
SULFISOXAZOLE,AR
BAICALEIN,HPGD
GO-6976,CDK1
"(R,S)-IFENPRODIL",CYP2D6
CRYPTOCHINONE B,NR1H4
BISANHYDRORUTILANTINONE,MAPT
CHEMBL:CHEMBL599924,PLK1
RHAMNETIN,HSPB1
ROSE BENGAL,THRB
RUTIN,RELA
PERMETHRIN,ATM
RUTIN,NFKB2
CHEMBL:CHEMBL530149,PLK1
CHEMBL:CHEMBL387152,TDP1
ANTIMYCIN A,NFE2L2
TETRABUTYLAMMONIUM BROMIDE,AR
HEXACHLOROPHENE,SUMO1
DANAZOL,ESR1
PROTOAPIGENONE,GMNN
SUBEROHYDROXAMIC ACID,HDAC3
PIRFENIDONE,CYP1A2
ALACHLOR,AR
CHEMBL:CHEMBL579837,SMAD3
IOXYNIL,NFE2L2
CHEMBL:CHEMBL97858,VDR
CHEMBL:CHEMBL581152,GMNN
CHEMBL:CHEMBL602213,POLB
TRAZODONE,DRD1
IODOQUINOL,VDR
BAICALEIN,THRB
RIBOFLAVIN,BRCA1
OLSALAZINE,KMT2A
PRALIDOXIME CATION,ACHE
SB 206553,EHMT2
CAFFEIC ACID,EHMT2
BAICALEIN,TP53
PYRAZINAMIDE,CYP2D6
CHEMBL:CHEMBL429095,CASP1
"DIBENZ[A,H]ANTHRACENE",HIF1A
RIMONABANT,CNR1
GW7647,PPARA
CLOTRIMAZOLE,NR1I3
INDOCYANINE GREEN ACID FORM,WRN
RAUWOLSCINE,ADRA2A
CHEMBL:CHEMBL379975,PRKCQ
AMPICILLIN TRIHYDRATE,APEX1
CHEMBL:CHEMBL569419,HDAC6
ETICLOPRIDE,HIF1A
VATALANIB,FRK
CHEMBL:CHEMBL1446254,ALDH1A1
THEONELLASTEROL H,NR1I2
ALISERTIB,PTK2
CHEMBL:CHEMBL1526167,ALDH1A1
DAIDZIN,BRCA1
BROMHEXINE HYDROCHLORIDE,GMNN
CHEMBL:CHEMBL119878,WRN
CHEMBL:CHEMBL528734,KMT2A
NITROXOLINE,NFE2L2
ANGUIDIN,NFE2L2
CHEMBL:CHEMBL259784,NPC1
CHEMBL:CHEMBL363332,CYP1A2
AST-487,ABL1
LITHOCHOLIC ACID,NR1I2
FEPRAZONE,VDR
TESTOSTERONE,RXRA
BENZBROMARONE,HIF1A
HALOPERIDOL DECANOATE,MTOR
"2-METHOXY-1,4-NAPHTHOQUINONE",NFE2L2
CHEMBL:CHEMBL562095,CDC42
CHEMBL:CHEMBL429095,ERG
CHEMBL:CHEMBL1530911,GMNN
CHEMBL:CHEMBL114544,SMAD3
AZD-1080,MARK2
ISOTRETINOIN,THRB
PAXILLINE,GMNN
MICHLER'S KETONE,AHR
CLOTRIMAZOLE,ATXN2
CHEMBL:CHEMBL116548,PLK1
ALISERTIB,RET
BRONOPOL,NFE2L2
ACID BLUE 129,FEN1
BARASERTIB-HQPA,MAP4K4
CHEMBL:CHEMBL299853,ATXN2
CARTEOLOL,ADRB2
EICOSATETRANOIC ACID,POLB
ZEARALENONE,HSP90AA1
"1,4-DICHLOROBENZENE",CASP3
CHEMBL:CHEMBL547269,NFE2L2
GW441756X,INSR
METHYL 7-DESHYDROXYPYROGALLIN-4-CARBOXYLATE,VDR
PF-04620110,DGAT1
PROCHLORAZ,PPARG
CHEMBL:CHEMBL600694,MAPT
CHEMBL:CHEMBL344127,EHMT2
MANGOSTIN,CYP2D6
FEPRAZONE,HSPB1
CHEMBL:CHEMBL602970,NPC1
CHEMBL:CHEMBL1528359,HIF1A
PD-118057,VDR
ALOSETRON HYDROCHLORIDE,CASP6
TANSHINONE IIA,ALDH1A1
KAMEBANIN,HTT
UCCF-029,NFE2L2
PREDNISOLONE,AR
"2-METHOXY-1,4-NAPHTHOQUINONE",SMAD3
CHEMBL:CHEMBL2095095,HTT
CHEMBL:CHEMBL222556,SMN2
GALLIC ACID,TP53
CHEMBL:CHEMBL1889303,ATXN2
CEDIRANIB,ABL1
CHEMBL:CHEMBL379975,MST1R
HEXACHLOROPHENE,SMAD3
CHEMBL:CHEMBL191611,SMAD3
FEPRAZONE,GMNN
THIOINOSINE,EHMT2
CHELERYTHRINE CHLORIDE,POLB
HEXACHLOROPHENE,HTT
CHEMBL:CHEMBL609606,MAPK1
BREFELDIN A,SMAD3
DIMETHYLPINOCEMBRIN,RGS4
BROMOCRIPTINE MESYLATE,EHMT2
S-TRITYL-L-CYSTEINE,KIF11
17-OCTADECYNOIC ACID,HSD17B10
CHEMBL:CHEMBL1406948,CDK5
GAMBOGIC AMIDE,MAPK3
TRIAMTERENE,TP53
CHEMBL:CHEMBL599943,NFE2L2
SILIBININ,ALDH1A1
DEXMEDETOMIDINE HYDROCHLORIDE,CYP1A2
CHEMBL:CHEMBL590168,ATXN2
GALANTAMINE,BCHE
CHEMBL:CHEMBL429095,CYP1A2
CHEMBL:CHEMBL606166,TSHR
CHEMBL:CHEMBL533293,CTNNB1
CENISERTIB,RPS6KB1
BENZBROMARONE,POLB
EMTRICITABINE,ABCC1
CHEMBL:CHEMBL406834,HSD17B10
PROPYLPARABEN,PPARG
CHEMBL:CHEMBL555242,AR
PROPANTHELINE BROMIDE,APEX1
CYPROHEPTADINE HYDROCHLORIDE,DRD1
ATORVASTATIN CALCIUM TRIHYDRATE,NFE2L2
CHEMBL:CHEMBL1998001,GMNN
CARDAMOMIN,MAPK8
FLUOCINOLONE ACETONIDE,AR
GO-6976,KDR
CHEMBL:CHEMBL602213,APBA1
CYSTEINE,EHMT2
PATULIN,JUN
CHEMBL:CHEMBL469309,ALDH1A1
HINOKITIOL,HDAC3
ARTEMISININ,TARDBP
IMETIT DIHYDROBROMIDE,EHMT2
GW5074,RGS4
CHLORANIL,MAPT
TRIAMTERENE,HSPB1
FENTICLOR,PPARD
AZD-1080,CDK7
CHEMBL:CHEMBL411085,EHMT2
CHEMBL:CHEMBL589694,GMNN
APIGENIN,NFKB1
AMINOQUINURIDE,USP1
ROSMARINIC ACID,APEX1
NANDROLONE DECANOATE,AR
LORATADINE,HIF1A
ALISERTIB,PRKACA
CHEMBL:CHEMBL599943,TP53
CHEMBL:CHEMBL1477383,SMN2
CHEMBL:CHEMBL602213,HSD17B10
PHENACETIN,CYP1A2
GALANTAMINE,ACHE
CHEMBL:CHEMBL312032,TSHR
CHEMBL:CHEMBL466465,USP1
TAMSULOSIN HYDROCHLORIDE,AR
CHELERYTHRINE,NFKB1
ROSMARINIC ACID,MAPT
ITRACONAZOLE,HSP90AA1
CHEMBL:CHEMBL1534034,MAPT
PROPYLPARABEN,ALDH1A1
CHLORHEXIDINE GLUCONATE,PPARD
APIGENIN,RELA
HAEMATOXYLIN,CDK5
PHA-767491,MARK2
CUDRAFLAVONE B,ATXN2
CHEMBL:CHEMBL2036072,CYP27B1
IMETIT,CYP2D6
KOPARIN,APEX1
CRYPTOTANSHINONE,VDR
CHEMBL:CHEMBL1256291,HIF1A
CHEMBL:CHEMBL585462,GMNN
DEMETHOXYCURCUMIN,SMAD3
CHEMBL:CHEMBL258767,EHMT2
TOZASERTIB,MARK4
GALLIC ACID,HPGD
TRIAMTERENE,PPARD
CHEMBL:CHEMBL585628,EHMT2
2-PHENYLPHENOL,PPARG
CHEMBL:CHEMBL271023,TP53
GW843682X,FLT4
U50488,CYP2D6
BUTYRIC ACID,HDAC8
PARBENDAZOLE,CYP1A2
KAMEBANIN,ATXN2
CHEMBL:CHEMBL1404865,BRCA1
METHYLISOTHIOCYANATE,ESR1
GITOXIN,NFE2L2
CHEMBL:CHEMBL261692,PTK2B
AMANTADINE HYDROCHLORIDE,EHMT2
CHEMBL:CHEMBL223575,ATXN2
CARMINE,FEN1
CHEMBL:CHEMBL77675,NFE2L2
TERFENADINE,GMNN
FENOFIBRIC ACID,PPARG
CHEMBL:CHEMBL1580175,ALDH1A1
CHEMBL:CHEMBL601353,NFE2L2
RIBAVIRIN,ALDH1A1
GW7647,KAT2A
NICARDIPINE,MTOR
PHA-767491,GSK3B
IODO-WILLARDIINE,EHMT2
ZEARALENONE,NR1H4
NIZOFENONE,NFE2L2
TYRAMINE,DRD1
SURAMIN,PIN1
CHEMBL:CHEMBL1608067,HSD17B10
BROMOCRESOL GREEN,AR
DIETHYLSTILBESTROL DIPROPIONATE,ESR1
MECHLORETHAMINE HYDROCHLORIDE,NFE2L2
CHLORPROMAZINE HYDROCHLORIDE,EHMT2
GUGGULSTERONE,NR3C1
CHEMBL:CHEMBL1084941,CHRM3
RITANSERIN,VDR
BYAKANGELICIN,BACE1
TRIAZOLAM,KAT2B
VATALANIB,PDGFRB
DEMETHOXYCURCUMIN,DNMT1
CHEMBL:CHEMBL582286,MAPT
TESTOSTERONE PROPIONATE,TARDBP
DICLAZURIL,VDR
CHLOROXURON,AR
PRAZOSIN HYDROCHLORIDE,GMNN
CHEMBL:CHEMBL584668,NPC1
CARBAZOLE,HSD17B10
LASALOCID A SODIUM,TSHR
MESORIDAZINE,EHMT2
LOMATIN,HSD17B10
AMITRIPTYLINE HYDROCHLORIDE,CYP2D6
HYDROCORTISONE BUTYRATE,HSD17B10
TRIBROMOACETIC ACID,NFE2L2
ISOCONAZOLE,EHMT2
2-PHENYLPHENOL,NFE2L2
METHANESULFONIC ACID METHYL ESTER,NFE2L2
NITROXOLINE,GMNN
CHEMBL:CHEMBL1466186,HSP90AA1
DUVOGLUSTAT,GAA
CHEMBL:CHEMBL223575,PLK1
AST-487,NTRK1
MERCURIC IODIDE,AR
CLOTRIMAZOLE,TSHR
DILTIAZEM HYDROCHLORIDE,CYP2D6
PREDNISONE,CYP2D6
HAEMATOXYLIN,PLK1
"2'H,4H-[2,8'-BICHROMEN]-4-ONE",CYP1B1
APOMORPHINE,HSD17B10
SALICYLHYDROXAMIC ACID,EHMT2
ROTTLERIN,EHMT2
CHEMBL:CHEMBL2208197,PPARG
CHEMBL:CHEMBL255683,SIRT1
BENZBROMARONE,CYP1A2
AZD-1080,CAMK2A
CHEMBL:CHEMBL1367935,CYP1A2
IDARUBICIN,PPARD
DEMETHOXYCURCUMIN,TLR9
IMIPRAMINE HYDROCHLORIDE,EHMT2
CHEMBL:CHEMBL585628,MAPK1
OMEPRAZOLE MAGNESIUM,EHMT2
CHEMBL:CHEMBL588038,NFE2L2
GENTIAN VIOLET CATION,MAPK1
RANITIDINE HYDROCHLORIDE,CYP2D6
INDIRUBIN-3'-MONOXIME,ATXN2
RADANAMYCIN,HSP90AA1
PICONOL,NFE2L2
PIMETHIXENE MALEATE,USP1
PRIDINOL METHANESULFONATE,CYP2D6
BMS-182874,VDR
SB 242084,USP1
CHEMBL:CHEMBL379975,CDK5
CRYPTOTANSHINONE,GMNN
OXYPHENBUTAZONE,VDR
IRIGINOL HEXAACEATATE,ALOX15
METFORMIN,PRKAA2
INDOCYANINE GREEN ACID FORM,FEN1
SAPONARIN,PRKAB1
SAPONARIN,PRKAG2
ALEXIDINE HYDROCHLORIDE,FEN1
SILVER SULFADIAZINE,EHMT2
METHOXSALEN,CYP1A2
ERYTHROMYCIN,PLK1
"2'H,4H-[2,5'-BICHROMEN]-4-ONE",CYP1B1
FENOLDOPAM BROMIDE,EHMT2
INDOMETHACIN,ABCC1
CHEMBL:CHEMBL601311,SMAD3
DOCEBENONE,NFE2L2
CRYPTOTANSHINONE,USP1
BENZBROMARONE,HSD17B10
DESERPIDINE,AR
ISOETHARINE MESYLATE,HIF1A
MERCAPTOPURINE,NFE2L2
2-CHLOROADENOSINE,TP53
CHEMBL:CHEMBL114544,NPC1
CHEMBL:CHEMBL528119,EHMT2
BARASERTIB-HQPA,CSNK1D
OXYPHENBUTAZONE,PLK1
CHEMBL:CHEMBL429095,GMNN
CHEMBL:CHEMBL77675,SMAD3
RANITIDINE HYDROCHLORIDE,EHMT2
CHEMBL:CHEMBL515505,HSD17B10
TEGASEROD MALEATE,RAD52
FORMONONETIN,SMN1
VANDETANIB,GMNN
CHEMBL:CHEMBL609606,POLB
CHEMBL:CHEMBL602922,TP53
EBSELEN,POLB
ETHACRYNIC ACID,GMNN
CHEMBL:CHEMBL530664,HSD17B10
VINCRISTINE,AR
BECLOMETHASONE DIPROPIONATE,NFE2L2
ALISERTIB,BLK
CANDESARTAN CILEXETIL,AR
ZM447439,MAP2K1
CHEMBL:CHEMBL602776,EHMT2
SPIRAMIDE,AR
CARMINE,ALDH1A1
ZM447439,RET
CHLORHEXIDINE GLUCONATE,USP1
1-AZAKENPAULLONE,DYRK1A
CLOTRIMAZOLE,JUN
LABETALOL HYDROCHLORIDE,HSD17B10
CHEMBL:CHEMBL584668,CASP3
ABT702,SNCA
CHEMBL:CHEMBL259421,TP53
"DIBENZ[A,H]ANTHRACENE",NFE2L2
CHEMBL:CHEMBL578929,NFE2L2
CYSTAMINE HYDROCHLORIDE,MAPT
TACEDINALINE,HDAC3
SULPIRIDE,DRD2
PIROCTONE,SMAD3
CHEMBL:CHEMBL429095,WRN
CHEMBL:CHEMBL600738,EHMT2
DIENESTROL,ADRB2
MITONAFIDE,SMAD3
"IBUPROFEN, SODIUM SALT",PTGS1
CHEMBL:CHEMBL578329,SIRT5
DCMU,APEX1
CIS-RESVERATROL,CYP1A2
ISORHAMNETIN,NFKB2
ATEZOLIZUMAB,CD274
CARVEDILOL,CYP2D6
CITALOPRAM,CYP2D6
DACLATASVIR,IFNL3
NETUPITANT,CYP2D6
RALOXIFENE HYDROCHLORIDE,ESR1
RITUXIMAB,ERBB2
VINCRISTINE,BCR
RITUXIMAB,ESR1
CENISERTIB,ABL1
PALBOCICLIB,CDK6
PF-04691502,PIK3CD
GEDATOLISIB,PIK3CB
GEDATOLISIB,PIK3CG
REGORAFENIB,RAF1
FOSTAMATINIB,SYK
REGORAFENIB,RET
PAZOPANIB,KDR
CETUXIMAB,EGFR
IPILIMUMAB,CTLA4
IPILIMUMAB,CTLA4
CANAKINUMAB,IL1B
EMIBETUZUMAB,MET
AXITINIB,FLT4
SIROLIMUS,ABCG2
SODIUM BUTYRATE,ABCC1
METHYLMERCAPTOPURINE RIBOSIDE,ADA
ANTIMALARIAL AGENT,ADA
METHOTREXATE,ADA
CYPROTERONE ACETATE,ADRA1D
DIFFERENTIATION INDUCER,ADA
OLTIPRAZ,APEX1
DACARBAZINE,BAX
ANDROSTENEDIONE,BAX
IRINOTECAN HYDROCHLORIDE,BCHE
SIROLIMUS,BAX
ENDOTHELIN RECEPTOR ANTAGONIST,BCL2
VITAMIN B6,CBS
EPOETIN ALFA,CCL4
NIFEDIPINE,CCND1
METHOTREXATE,CCND1
PHOSPHATIDYLINOSITIDE 3-KINASE INHIBITOR,CD28
RETINOIC ACID AGENT,CD28
MPA,CD28
ANTINEOPLASTIC VACCINE,CD40LG
TETANUS TOXOID,CD40
PROPIONIBACTERIUM ACNES,CD9
ASCORBIC ACID,CDK4
DEHYDRATED ALCOHOL,CHAT
BAY-11-7085,GMNN
ANAKINRA,CP
CLOMIPHENE CITRATE,CP
DEHYDRATED ALCOHOL,CSF2
MEDICATION,CRH
ASTEMIZOLE,HPSE
FREUND'S ADJUVANT,CX3CL1
DACTINOMYCIN,CYP1A2
ASCORBIC ACID,E2F1
BUTYRIC ACID,FAS
DRONABINOL,FAAH
CADMIUM DICHLORIDE,ALOX12
FAS LIGAND,FCGR3A
PUROMYCIN,FCGR3A
RECOMBINANT HEREGULIN,FST
LYCOPENE,GMNN
PACLITAXEL,FOS
ANTIBIOTIC,FST
RECOMBINANT TUMOR NECROSIS FACTOR FAMILY PROTEIN,FST
ANABOLIC STEROID,GGT1
MASOPROCOL,GFAP
ADRIAMYCIN,GGT1
ANTIBIOTIC,GGT1
PREDNISONE,GSTP1
SELENOMETHIONINE,GSTP1
HEPARIN,HGF
PANCREATIC PROTEOLYTIC ENZYMES,HGF
ANDROSTENEDIONE,HNF4A
MEDICATION,HNF4A
ZINC CHLORIDE,HMOX1
BETA-NAPHTHOFLAVONE,AHR
ARSENIC TRIOXIDE,HSPA4
PUROMYCIN,HSPA4
DIFFERENTIATION INDUCER,HSPB1
CLOZAPINE,HTR2A
TYRPHOSTIN A9,MTOR
SIROLIMUS,IL10
ETIDRONIC ACID,IL11
MEGESTROL ACETATE,IL15
TYRPHOSTIN 23,ALDH1A1
ACITRETIN,IL1B
RO 31-8220,CXCL8
LEFLUNOMIDE,CXCL8
PACLITAXEL,LIF
ALTENUSIN,POLB
ANTIDEPRESSANT AGENT,MAOB
LEVODOPA,MAOB
FREUND'S ADJUVANT,MAPK1
PRASTERONE,MAPK3
GEFITINIB,MAPK8
RECOMBINANT HEREGULIN,MAPK14
PRAVASTATIN SODIUM,MMP2
ICRF-193,VDR
METHYLPREDNISOLONE,MYC
NOVOBIOCIN,MYC
THYROTROPIN,MYC
MITOGEN-ACTIVATED PROTEIN KINASE INHIBITOR,NFE2L2
DIURETIC,NOS1
CIMETIDINE,NOS1
PENICILLIN,NOS1
IONOMYCIN,NR4A1
LEVODOPA,NR4A1
ANESTHETIC AGENT,NTRK1
PILOCARPINE HYDROCHLORIDE,NTF3
CYCLOSPORINE,NTRK2
PILOCARPINE HYDROCHLORIDE,NTRK2
RETINOIC ACID AGENT,PIK3CA
PRASTERONE,PIK3CA
"BENZO(A)PYRENE-7,8-DIOL 9,10-EPOXIDE",PIK3CG
CHEMBL:CHEMBL1406948,SMAD3
FLUOROSALAN,AR
IH636 GRAPE SEED PROANTHOCYANIDIN EXTRACT,PIK3CB
SURAMIN,PIK3CB
PROTEASOME INHIBITOR,PIK3CB
TRICHOSTATIN A,PLAU
DACARBAZINE,PLAU
THYROXINE,PRKAA1
PANCREATIC PROTEOLYTIC ENZYMES,PTHLH
BRYOSTATIN 1,PTH
RECOMBINANT MONOCYTE CHEMOATTRACTANT PROTEIN-1,PTH
PAMIDRONATE DISODIUM,PTH
DEHYDRATED ALCOHOL,SLC1A1
GINGER ALLERGENIC EXTRACT,TAC1
ETIDRONIC ACID,TAC1
BACLOFEN,TAC1
INTERFERON ALFA-2B,TGFB1
TAMOXIFEN,TGFB1
SIROLIMUS,TGM2
HYDROXYCHLOROQUINE,TNF
MEROPENEM ANHYDROUS,TNF
BAY 61-3606,ROCK1
STAVUDINE,TNFRSF1B
METHYLPREDNISOLONE,TP53
THIOTEPA,TP53
TAZAROTENE,TP73
CHEMBL:CHEMBL546797,MET
RECOMBINANT MONOCYTE CHEMOATTRACTANT PROTEIN-1,TP53
CYTARABINE,TP73
TYRPHOSTIN B48,GMNN
AZASERINE,VIP
VITAMIN B6,VWF
JNJ-7706621,ROCK1
RIBOCICLIB,ERBB2
CHEMBL:CHEMBL584458,HTT
XANTHYLETIN,HSD17B10
EVODIAMINE,SLC6A4
DOPAMINE,ADRA2A
ANTAZOLINE,CYP2D6
DICLOXACILLIN,NR1I2
RIFAPENTINE,NR1I2
PHENYTOIN SODIUM,NR1I2
RESERPINE,NR1I2
FLUVOXAMINE,COMT
VITAMIN A,ALDH1A1
CETYLPYRIDINIUM BROMIDE,AR
LITHIUM,CREB1
BUMETANIDE,GNB3
TRAMADOL,ICA1
LAMOTRIGINE,SCN2A
NORTRIPTYLINE,NEFM
NORTRIPTYLINE,CRHR1
METHYLPHENIDATE HYDROCHLORIDE,TRIB3
TRICETIN,USP1
SEMAGACESTAT,PSEN1
METHYLPHENIDATE HYDROCHLORIDE,PURA
CHEMBL:CHEMBL599255,VDR
METHYLDOPA ANHYDROUS,MMP9
MOTESANIB,KDR
DICLOFENAC SODIUM,PTGS2
ATORVASTATIN CALCIUM TRIHYDRATE,AGTR1
ATORVASTATIN CALCIUM TRIHYDRATE,TNF
CHEMBL:CHEMBL548615,EHMT2
NIMESULIDE,PTGS2
DACARBAZINE,GSTM1
DIGOXIN,NOS3
CITALOPRAM,TPH1
SB 224289,TP53
ALLOPURINOL,POU5F1
RILONACEPT,HLA-DRB1
PAMIDRONATE,TNFRSF11B
HESPERETIN,HIF1A
FLUOROURACIL,KLC1
FLAVANONE,HPGD
CELECOXIB,IL23R
LINIFANIB,CSF1R
CLINDAMYCIN,HLA-B
HYDROCODONE,CYP2B6
LEVONORGESTREL,CYP2B6
RIVASTIGMINE,CHRNA7
BMS-754807,MET
RIBAVIRIN,SOCS3
INFLIXIMAB-DYYB,HLA-DRB1
CITALOPRAM,IL11
CHEMBL:CHEMBL1256186,EHMT2
TRETINOIN,PML
CYCLOBENZAPRINE,DRD1
TALAZOPARIB,BRCA1
PRAVASTATIN SODIUM,ADAMTS1
IMATINIB,GSTT1
PAMIDRONATE,SPP1
JNJ-7706621,CDK5
IMATINIB,ABL1
FLUOROURACIL,CXCL8
FLUOROURACIL,MUTYH
CHEMBL:CHEMBL125044,SMN1
INFLIXIMAB-DYYB,IL12B
CLOZAPINE,C3
CLOZAPINE,ABCC1
CLOZAPINE,HLA-DRB5
CLOZAPINE,GRIN2B
CLOZAPINE,CYP2C18
CLOZAPINE,HTR2A
AZACITIDINE,XRCC1
CLAVULANIC ACID,HLA-DQB1
CARBAMAZEPINE,NR3C1
FLUOROURACIL,ABCC1
ALEMTUZUMAB,CXCL12
INFLIXIMAB-DYYB,HLA-DQB1
FLUOROURACIL,FOXO1
FLUOROURACIL,SELE
CLORGYLINE HYDROCHLORIDE,HPGD
EXEMESTANE,ESR2
CLAVULANIC ACID,HLA-DRB5
ASPIRIN,TLR3
CENISERTIB,ALK
ENFLURANE,CACNA1S
"IBUPROFEN, SODIUM SALT",PTGS1
THIOTEPA,GSTP1
ETOPOSIDE,DYNC2H1
BLINATUMOMAB,BCR
RITUXIMAB,ERBB2
ORANTINIB,FGFR2
BELINOSTAT,HDAC3
PANOBINOSTAT,HDAC8
MOTESANIB,KDR
BMS-777607,MET
PYRAZOPHOS,AR
ORANTINIB,PDGFRB
RUCAPARIB PHOSPHATE,PARP1
NIRAPARIB,PARP1
CETYLPYRIDINIUM BROMIDE,HTT
MOTESANIB,RET
CHEMBL:CHEMBL581044,MAPT
GEFITINIB,EGFR
AFATINIB,EGFR
RITUXIMAB,EGFR
CANERTINIB,EGFR
GENISTEIN,ESR1
PAN-HER KINASE INHIBITOR AC480,ERBB3
SENREBOTASE,ADRA2A
AXITINIB,FLT4
ZALEPLON,TSPO
INCOBOTULINUMTOXINA,SNAP25
CHIDAMIDE,HDAC1
1-PHENETHYLPIPERIDINE,MAOA
GOLIMUMAB,TNF
DASATINIB ANHYDROUS,ABL1
BECLOMETHASONE DIPROPIONATE,NR3C1
CARBIDOPA ANHYDROUS,DDC
DONEPEZIL,ACHE
GANAXOLONE,GABRA1
DIGOXIN,CYP2D6
RIVIPANSEL,SELP
RIVIPANSEL,SELE
GW501516,PPARD
GENISTEIN,TP53
GSK-1004723,HRH1
GW501516,PPARG
IMATINIB,ABL1
IMATINIB,NTRK1
ATROPINE,CHRM3
LIRANAFTATE,AR
CHEMBL:CHEMBL533542,CYP1A2
DENUFOSOL,P2RY2
CHEMBL:CHEMBL533965,MAPT
"PAROXETINE HYDROCHLORIDE, HEMIHYDRATE",TP53
INTERFERON BETA-1B,IFNAR2
IPILIMUMAB,CTLA4
CHEMBL:CHEMBL1256783,ALPL
DOXAZOSIN MESYLATE,GAA
CHEMBL:CHEMBL580076,RAD54L
TRIMETREXATE,VDR
GW843682X,PRKG1
KC706,MAPK14
DELCASERTIB,PRKCD
CLONAZEPAM,GABRG3
CHEMBL:CHEMBL244707,ALDH1A1
ESZOPICLONE,GABRA1
IDALOPIRDINE,HTR6
OLANZAPINE,HTR1A
AMITRIPTYLINE HYDROCHLORIDE,HTR2A
OLANZAPINE,HTR6
OLANZAPINE,CHRM2
OLANZAPINE,ADRA2A
ENOBOSARM,AR
2-METHOXYESTRADIOL,NFE2L2
PRX-07034,HTR6
"3,5-DIIODO-L-TYROSINE",FEN1
CHEMBL:CHEMBL601137,NFE2L2
SDZ 205557,CYP1A2
PALOVAROTENE,RARG
PALOVAROTENE,RARA
PALOVAROTENE,RARB
CITRONELLYL ACETATE,ALOX15
REGADENOSON ANHYDROUS,ADORA2A
ROSIGLITAZONE,PPARG
PALIFERMIN,FGFR2
ARISTOLOCHIC ACID,MAPT
SF1126,PIK3CD
SF1126,PIK3CG
APIGENIN,MAPT
SF1126,PIK3C3
DOXEPIN HYDROCHLORIDE,HRH1
SIBUTRAMINE,SLC6A4
CHEMBL:CHEMBL578061,CDK1
SNS-032,CDK7
CHEMBL:CHEMBL546597,HSD17B10
TARANABANT,CNR1
CHEMBL:CHEMBL532412,EHMT2
SOMATROPIN (RECOMBINANT DNA ORIGIN),GHR
TERAZOSIN HYDROCHLORIDE,GAA
ALPHA-TERTHIENYL,HSPB1
VX-702,MAPK14
LISDEXAMFETAMINE DIMESYLATE,SLC18A2
XL999,FGFR1
NS 2028,CYP1A2
XL765,MTOR
XL820,FLT4
XL999,FLT4
METHYLBENZETHONIUM CHLORIDE,TP53
ZIPRASIDONE,HTR2A
ACEBUTOLOL,ADRB1
ACETOPHENAZINE,DRD1
ACETAZOLAMIDE,CA2
TRIBUTYLTIN-OXIDE,PPARD
BENZPHETAMINE,ADRA2A
OCTOTROPINE METHYLBROMIDE,CHRM2
OCTOTROPINE METHYLBROMIDE,CHRM3
BUTOBARBITAL,GABRA1
BUTOBARBITAL,CHRNA7
PATULIN,TP53
CLENBUTEROL,ADRB2
CINACALCET,CASR
CHORIOGONADOTROPIN ALFA,FSHR
BROMPHENIRAMINE,HRH1
DIPHENIDOL,CHRM1
DIPHENIDOL,CHRM2
NODAKENIN,GAA
DOMPERIDONE,DRD2
CHEMBL:CHEMBL546797,MAP2K2
FELBAMATE,GRIN3A
FELBAMATE,GRIN2B
PERPHENAZINE,DRD2
IPRATROPIUM CATION,CYP1A2
PACLITAXEL,BCL2
CILASTATIN,DPEP1
BENZQUINAMIDE,CHRM2
EPOETIN ALFA,EPOR
BROMPHENIRAMINE,HRH1
CEVIMELINE,CHRM1
CARPROFEN,PTGS2
CLORAZEPATE,GABRA3
CLORAZEPATE,GABRA1
ORPHENADRINE,GRIN1
DESFLURANE,GRIA1
PROMETHAZINE HYDROCHLORIDE,EHMT2
ROMIDEPSIN,HDAC8
FELBAMATE,GRIN2B
DESFLURANE,KCNA1
CHENODEOXYCHOLIC ACID,TARDBP
ILOPERIDONE,DRD2
WIN55212-2,TARDBP
TOZASERTIB,EGFR
LUTROPIN ALFA,LHCGR
METHIMAZOLE,TPO
MEPHENTERMINE,ADRA1A
METHSCOPOLAMINE,CHRM1
MEPHOBARBITAL,GABRA1
NILOTINIB,ABL1
NITRAZEPAM,GABRA3
PENTOBARBITAL SODIUM,GRIA2
ADAPALENE,RXRA
FINGOLIMOD,S1PR1
PENTOBARBITAL SODIUM,GABRA3
CHEMBL:CHEMBL592068,GMNN
ADAPALENE,RXRG
PENBUTOLOL,ADRB2
QUETIAPINE FUMARATE,HTR1A
QUAZEPAM,GABRA1
ROCURONIUM,CHRM2
SULPIRIDE,DRD2
TALBUTAL,GABRA1
TEMAZEPAM,GABRA3
TIMOLOL,ADRB2
TICLOPIDINE,P2RY12
TRAZODONE,HTR2A
TRIAZOLAM,GABRA1
TRANDOLAPRIL,ACE
TREPROSTINIL,PPARG
RITUXIMAB,EGFR
CHRYSOERIOL,NFKB2
TROSPIUM,CHRM1
TRIFLUPROMAZINE,CHRM1
VALSARTAN,AGTR1
CHEMBL:CHEMBL295337,AHR
4-METHOXYDALBERGIONE,VDR
TOZASERTIB,BLK
"5,7-DIHYDROXYISOFLAVONE",ALOX15
DUVORTUXIZUMAB,CD19
PHOSMET,PLK1
EMIBETUZUMAB,MET
"2,3,4-TRIHYDROXY-4'-ETHOXYBENZOPHENONE",MAPT
CENISERTIB,ERBB2
CHEMBL:CHEMBL545900,TP53
REMETINOSTAT,HDAC9
BRONTICTUZUMAB,NOTCH1
IOPAMIDOL,AR
"3,4-DICHLOROISOCOUMARIN",HSD17B10
TOTAROL,HSP90AA1
OMEPRAZOLE,HSPB1
CHEMBL:CHEMBL579318,NFE2L2
LEVDOBUTAMINE,HSD17B10
TOZASERTIB,FGFR1
CHEMBL:CHEMBL224318,AR
PF-562271,JAK2
CARBAMAZEPINE,AR
LEUKOTRIENE D4,RGS4
L-765314,HSD17B10
ALEPLASININ,SERPINE1
DICHLORVOS,CXCL8
ALVOCIDIB HYDROCHLORIDE,AR
CEP-11981,MET
JUGLONE,USP1
PERPHENAZINE,TP53
NAN 190,ALDH1A1
FENBUTATIN OXIDE,VDR
CHEMBL:CHEMBL1310138,EHMT2
BAZEDOXIFENE,IL6ST
TLR-DIRECTED CATIONIC LIPID-DNA COMPLEX JVRS-100,TLR9
ITRIGLUMIDE,CCKBR
TYRPHOSTIN B48,CYP1A2
CHAETOCIN,EHMT2
FLUOXETINE HYDROCHLORIDE,AR
PAXALISIB,PIK3CG
INAMRINONE,ALOX15
PINAFIDE,RAD54L
ATEZOLIZUMAB,CD274
CHEMBL:CHEMBL601110,CYP2D6
CENISERTIB,FRK
HEPTANE,AR
SOMATROGON,GH1
CYCLOPIAZONIC ACID,EHMT2
NOREPINEPHRINE,ADRB1
ZOTEPINE,HTR2A
DISULFOTON,ALDH1A1
PHENYLBUTYRYLHYDROXAMIC ACID,HDAC3
PHENYLBUTYRYLHYDROXAMIC ACID,HDAC6
CYC-116,INSR
METHACYCLINE HYDROCHLORIDE,APEX1
HUPERZINE A,ACHE
PF-562271,PAK1
CHEMBL:CHEMBL602561,ACP1
KENPAULLONE,CDK5
FR-79620,NPY5R
EPHEDRINE,DRD2
NEMONAPRIDE,DRD2
AMINOGLUTETHIMIDE,CYP19A1
BUTOBARBITAL,GABRA1
CAMOSTAT,TFF2
MOTEXAFIN GADOLINIUM,PRDX5
VICRIVIROC,CCR5
PACLITAXEL,BCL2
NITRIC OXIDE,GC
BERBAMINE,HSD17B10
LINIFANIB,ROCK1
MASOPROCOL,WRN
RILIMOGENE GALVACIREPVEC,KLK3
CHEMBL:CHEMBL525103,POLB
KOPARIN,MAPT
GENISTEIN,SMN2
CYC-116,PDGFRA
PIXATIMOD,HPSE
SITRAVATINIB,RET
VITAMIN K3,NFE2L2
EUGENOL,ALDH1A1
CLANFENUR,GMNN
AMSACRINE HYDROCHLORIDE,AR
GEMFIBROZIL,PPARA
CEDIRANIB,SYK
CHEMBL:CHEMBL1563246,CALCA
DULOXETINE HYDROCHLORIDE,AR
LOBEGLITAZONE,PPARA
FASITIBANT CHLORIDE,BDKRB2
FUNAPIDE,SCN9A
CONBERCEPT,KDR
CNTO-5825,IL13
ULOCUPLUMAB,CXCR4
E-2212,GLUL
ELGEMTUMAB,ERBB3
NELIPEPIMUT-S,ERBB2
QAX-576,IL13
GEFAPIXANT,P2RX3
IGN523,SLC3A2
LIRILUMAB,KIR2DL2
CUDC-101,ERBB2
SAR-125844,MET
VERUBECESTAT,BACE1
RISUTEGANIB,VEGFA
CIXUTUMUMAB,IGF1R
GEDATOLISIB,PIK3CG
BIS(PIPERIDINYLTHIOCARBONYL)DISULFIDE,AR
APTO-253,KLF4
RITUXIMAB,CD38
ORAL AZACITIDINE,DNMT1
AZOXYSTROBIN,AR
NAKIJIQUINONES G,ERBB2
"3,4-DIMETHOXYBENZALDEHYDE",ALDH1A1
VITAMIN K3H2,VDR
CHEMBL:CHEMBL163970,NFE2L2
TRIFLOXYSTROBIN,PPARG
CHEMBL:CHEMBL2203705,TACR1
CHEMBL:CHEMBL589915,FEN1
(+)-ALPHA-TOCOPHERYL SUCCINATE,USP1
PF-562271,PAK4
ADP,HSPA8
LEVOTHYROXINE,AHR
ADIPHENINE,CYP2D6
CHEMBL:CHEMBL584442,GMNN
ANISODAMINE,ADRB1
GEFAPIXANT,P2RX3
SULCARDINE SULFATE,XK
L-CYSTEINE SULPHINIC ACID,EHMT2
CHEMBL:CHEMBL1927684,MAOB
2-ARACHIDONOYLGLYCEROL,CNR2
HARMINE,DYRK1A
"3,5-DIIODO-L-TYROSINE",EHMT2
CHEMBL:CHEMBL601137,FEN1
CHLORFENAPYR,PPARG
DAPHNORIN,DNMT1
CHEMBL:CHEMBL8483,MAPK14
RHODAMINE,AR
METARAMINOL,DRD2
PHOSALONE,AR
BRICICLIB,CCND1
CHEMBL:CHEMBL1997335,LRRK2
TAK-715,CSNK1G3
ETANERCEPT-SZZS,TNF
IPRIFLAVONE,NPC1
ISTRADEFYLLINE,ADORA2A
M-1095,IL17A
PEPEROMIN E,NFKBIA
FANGCHINOLINE,ATXN2
LANATOSIDE C,SMAD3
SULFAPHENAZOLE,CYP2D6
CHEMBL:CHEMBL428789,TP53
VINORELBINE TARTRATE,AR
ZOMEPIRAC SODIUM,AR
ETOPOSIDE,MAPK1
RITANSERIN,GMNN
CHLORFENAPYR,TP53
"L-741,626",DRD1
CHEMBL:CHEMBL502496,ALOX5
CHEMBL:CHEMBL578061,ATM
DOBUTAMINE,ADRB1
HYDROXYFLUTAMIDE,AR
CEDIRANIB,BLK
PRINOMASTAT,MMP7
FLAVANONE,TP53
SOTIGALIMAB,CD40
CYC-116,RET
DELCASERTIB,PRKCD
VABICASERIN,HTR2C
VOLINANSERIN,HTR2A
PRIDOPIDINE,DRD2
LP-211,A1BG
SPIROXATRINE,A1BG
CLOZAPINE,A1BG
ZIPRASIDONE,A1BG
REPINOTAN,A1BG
CLOZAPINE,A2MP1
"[3H]GR 125,743",A2M
5-CT,A2MP1
BROMOCRIPTINE,A2MP1
"[3H]GR 125,743",A2MP1
SERTINDOLE,A2MP1
MK-212,HTR2C
CABERGOLINE,HTR2C
RS-127445,HTR2C
SERTINDOLE,HTR2C
CYPROHEPTADINE HYDROCHLORIDE,SERPINA3
ILOPERIDONE,SERPINA3
DIPROPYL-5-CT,SERPINA3
EPINEPHRINE,ABCB7
SILODOSIN,ABCB7
COMPOUND 13 [PMID: 34333981],AAK1
COMPOUND 10 [PMID: 31306001],ABAT
COMPOUND 10 [PMID: 31306001],ABCA1
MITOXANTRONE HYDROCHLORIDE,AR
MRS1086,ABCA1
AS101,ABCA2
CPX,ABCA2
ATL802,ABCA2
PD-169316,GMNN
ZILEUTON,MMP12
SULMAZOLE,HSD17B10
12-HYDROXYHEPTADECATRIENOIC ACID,AMH
BITHIONOL,ESR2
SB290157,C3AR1
PROPACHLOR,ESR1
ZAMIFENACIN,CHRM3
CHEMBL:CHEMBL484663,HPGD
CHEMBL:CHEMBL211670,EHMT2
MYCOPHENOLATE,SMN1
N-OLEOYLDOPAMINE,SIRT5
SINCALIDE,CCKBR
SURINABANT,CNR2
CCK-33,CCKAR
PIPERINE,HPGD
CCL7,ACTA1
CHEMBL:CHEMBL1305393,POLB
OSAJIN,EHMT2
APIGENIN,ALOX15
BMS-754807,MST1R
CABIRALIZUMAB,DPYD
JNJ-28312141,DPYD
OXYTETRACYCLINE ANHYDROUS,EHMT2
(R)-ARN2508,CPT1B
FENOPROFEN,CPT1B
KETOPROFEN,CPT1B
ASTRESSIN 2B,ALAS2
CORTICOTROPHIN-RELEASING HORMONE,ALB
GW843682X,PLK1
COMPOUND 4 [PMID: 26191369],DUSP1
TYRPHOSTIN AG 879,GMNN
CENISERTIB,EGFR
KETANSERIN,ALCAM
ALPHA-TERTHIENYL,PPARD
SKF-76783,ALCAM
PERICIAZINE,ALCAM
LY3154885,ALCAM
BENZQUINAMIDE,ABCD1
LP-211,ABCD1
LP-44,ABCD1
AMISULPRIDE,ABCD1
SULPIRIDE,ABCD1
SERTINDOLE,ABCD1
CABERGOLINE,ALDH2
COMPOUND 68 [PMID: 24900699],EML1
AG 9,DXO
AZ5104,DXO
EXAMPLE 10 [CN110740999A],DXO
CHEMBL:CHEMBL84010,RELA
TGF&ALPHA;,DXO
CARBACYCLIN,APOC1
NONIVAMIDE,CYP1A2
LAPATINIB,EN1
MUBRITINIB,EN1
PIROTINIB,EN1
PYROTINIB,EN1
TUCATINIB,EN1
BETACELLULIN,ERBB4
CHEMBL:CHEMBL332670,AR
[3H]D-ASPARTIC ACID,CBLB
PROPACHLOR,NFE2L2
MINODRONIC ACID,BLVRA
[3H]GABAZINE,ARNT
LIOTHYRONINE SODIUM,ALDH1A1
ANASTROZOLE,ESR1
ANISINDIONE,CNR1
MK-0893,ALPI
FLUORO-WILLARDIINE,GRIA3
D-PHENYLALANINE,AOAH
(R)-N-OLEOYLTYROSINOL,ADH1C
LYSOPHOSPHATIDYLINOSITOL,ADH1C
CARTPT (76-96),ADCY8
EUPAFOLIN,CASP6
DACLIZUMAB,IL2RA
6-METHYLFLAVONE,BRCA2
SINIGRIN,BSG
NARINGENIN,BRCA2
METHIMAZOLE,BSG
AMAROGENTIN,ZFP36L1
DEURUXOLITINIB,EPHB1
AZ960,EPHB2
XL019,EPHB1
PF-06263276,EPHB2
SOLCITINIB,EPHB2
GSK2646264,EPHB2
SAR-20347,EPHB2
IVARMACITINIB,EPHB2
JAK INHIBITOR 17B,EPHB2
PIRETANIDE,CD68
TOLBUTAMIDE,KCNJ8
QUINIDINE,CYP2D6
&GAMMA;-KTX1.7,BAG1
FARNESYL MONOPHOSPHATE,ADH1A
PP-242,ETFB
TORIN 2,ETFB
DS-7423,ETFB
TEZACAFTOR,CFTR
COMPOUND 14 [PMID: 34333981],ESR1
PCC0208017,ESR2
MPPG,GRM8
CORTICOSTERONE,NR3C2
IMATINIB,PDGFRB
PEXMETINIB,ESRRB
ETEPLIRSEN,DMD
GNE-3511,ERCC4
GNE-8505,ERCC4
CM-352,DCN
AZD6605,ACE
MARIMASTAT,MMP7
MARIMASTAT,DBT
6-HYDROXYMELATONIN,ANK3
UCM 454,ANK3
GR 128107,ANK3
S26131,ANK3
ICOA-13,ANK3
LY 156735,ANK3
METHYLNALTREXONE,APOF
BMS-986124,APOF
NALTRINDOLE,APOF
[3H]CYTISINE,CHRNA3
R396,AQP4
NEPADUTANT,AQP4
VONLEROLIZUMAB,TNFRSF4
FRAX486,PAK4
FULVESTRANT,ESR1
SB-334867,APBB1
ADP&BETA;S,APEX1
2MESATP,BIRC2
BX 667,APEX1
ATP&GAMMA;S,BIRC2
DS-7423,F7
IACS-9439,DPP6
COMPOUND 8H [PMID: 22765894],DPP6
LUCITANIB,DPP6
LUCITANIB,DPP4
COMPOUND 8H [PMID: 22765894],DPP4
CEDIRANIB,DPP6
QUIZARTINIB,DPP6
PDGF RTK INHIBITOR,DPP6
CHORIOMAMMOTROPIN,PRLR
COMPOUND 8A [PMID: 23713581],NRG1
RIPK2 INHIBITOR 5,RIPK2
"(5Z)-1-(2-FLUOROPHENYL)-2-SULFANYLIDENE-5-(THIOPHEN-2-YLMETHYLIDENE)-1,3-DIAZINANE-4,6-DIONE",GP1BA
RGS4 INHIBITOR 11B,GP1BA
CD666,BCHE
CCG-50014,GP1BA
SR8278,BCL2
EUROPIUM-LABELLED RELAXIN-3-B/INSL5 A CHIMERA,KLK3
JK1,KLK3
PURMORPHAMINE,ALOX12
MARALIXIBAT,CD44
MRT-92,ALOX12
PROPAFENONE,CYP2D6
[125I]LTT-SRIF-28,AQP1
AZ6102,HLA-DMA
QUININE,CYP2D6
SOLCITINIB,TYK2
[BZ-PHE6]U-II (HUMAN),UTS2R
GEFITINIB,EGFR
RITUXIMAB,MS4A1
SUNITINIB,KDR
RITUXIMAB,ERBB2
CETUXIMAB,ERBB2
VEMURAFENIB,MAP2K2
MOTESANIB,RET
TAMOXIFEN,TP53
FLUOROURACIL,HSPA5
RUCAPARIB,CYP1A2
PEMBROLIZUMAB,HLA-DRA
FASUDIL,GATA2
WARFARIN,VKORC1
TOLTERODINE,CYP2D6
CERITINIB,ALK
SELUMETINIB,TP53
MK-2206,AKT1
VEMURAFENIB,NF1
OICR-9429,CEBPA
AEE788,EGFR
ENZASTAURIN,JAK1
RIPRETINIB,PDGFRA
CETUXIMAB,NT5E
TRAMETINIB DIMETHYL SULFOXIDE,ERBB3
SELUMETINIB,ERBB3
QUERCETIN,PRKCD
VOXTALISIB,PIK3R1
VOXTALISIB,PIK3R4
GEFITINIB,IGF1R
TASELISIB,PIK3CA
NIVOLUMAB,ALK
AFATINIB,ALK
PEMBROLIZUMAB,ALK
DOXORUBICIN HYDROCHLORIDE,ALK
ALECTINIB,ALK
ANTI-PD-L1/CD27 BISPECIFIC ANTIBODY CDX-527,CD274
CARBOPLATIN,CD274
TORIPALIMAB-TPZI,CD274
SOCAZOLIMAB,CD274
DABRAFENIB,CD274
DOXORUBICIN HYDROCHLORIDE,DNMT3A
INFIGRATINIB,FGFR1
MOGAMULIZUMAB,CCR4
GEFITINIB,FGFR3
DACTOLISIB,FGFR3
KADCYLA,ERBB2
RAMUCIRUMAB,KDR
ENOTICUMAB,NOTCH1
MIDOSTAURIN,JAK1
NOTCH SIGNALING PATHWAY INHIBITOR MK0752,APH1B
"2-TERT-BUTYL-9-FLUORO-1,6-DIHYDROBENZO[H]IMIDAZO[4,5-F]ISOQUINOLIN-7-ONE",JAK1
PACRITINIB,JAK1
AZD1480,JAK2
PEMBROLIZUMAB,JAK1
LETROZOLE,PIK3CA
OLAPARIB,PARP1
TRILACICLIB,RB1
RETASPIMYCIN,HSP90AA1
GEDATOLISIB,STK11
PEMBROLIZUMAB,TP53
AZD1390,TP53
DOXORUBICIN HYDROCHLORIDE,TP53
CAMPTOTHECIN,TP53
CEP-1347,TP53
EPRENETAPOPT,TP53
TRIFLURIDINE,TP53
M8891,TP53
PANITUMUMAB,TP53
DOCETAXEL ANHYDROUS,TP53
CHEMBL:CHEMBL406557,RELA
GO-6976,MAPK9
NIFURALDEZONE,GMNN
CHEMBL:CHEMBL458602,AR
CHEMBL:CHEMBL285157,GMNN
TESTOSTERONE,AMH
BORTEZOMIB,PSMB9
CLEVIDIPINE,CACNA1S
METHOTRIMEPRAZINE,HRH1
PIROTINIB,ERBB4
ZK93426,GABRA1
IGURATIMOD,PTGS2
DICLOFENAC EPOLAMINE,PTGS2
LEVOCARNITINE PROPIONATE,SLC25A20
CHEMBL:CHEMBL1448292,ALDH1A1
BEMPEGALDESLEUKIN,IL2RB
TANSHINONE IIA,KAT2A
AKT INHIBITOR MK2206,AKT1
AMOXICILLIN ANHYDROUS,IL10
CHEMBL:CHEMBL533293,APEX1
CHEMBL:CHEMBL588683,NPC1
CCPA,ABAT
NARAZACICLIB,CDK4
TISLELIZUMAB,CD274
DIFFERENTIATION INDUCER,NRG1
ALVOCIDIB,ABCC1
PICTILISIB,PIK3CA
OFLOXACIN,ABCC1
VORAPAXAR,F2R
SIMVASTATIN,ABCB1
LEVODOPA,AGTR1
FENOFIBRATE MICRONIZED,ABCA1
PROPAFENONE HYDROCHLORIDE,SCN2A
CHEMBL:CHEMBL528724,RAD52
[125I]TYR3 SMS 201-995,FASLG
MILNACIPRAN,SLC6A4
LURASIDONE HYDROCHLORIDE,SERPINA3
OXYTETRACYCLINE HYDROCHLORIDE,RPSA
PROTEASOME INHIBITOR,XIAP
RS-504393,CCR2
IGURATIMOD,MIF
CHEMBL:CHEMBL1312050,EHMT2
CYTARABINE,GSTP1
HAEMATOXYLIN,POLB
PROPRANOLOL HYDROCHLORIDE,BGLAP
INFIGRATINIB,FGFR3
URIDINE,TYMP
CABERGOLINE,ABL2
EFLORNITHINE,XIAP
INTERFERON ALFA-N1,IFNAR1
NP118809,CNR1
CHR-3996,GART
ALITRETINOIN,RARB
TG100-801,SRC
NICLOSAMIDE,STAT3
FOSPROPOFOL,SCN2A
ATORVASTATIN CALCIUM TRIHYDRATE,HMGCR
FLUMAZENIL,GABRA3
TETRACYCLINE,LDLR
RO19-4603,ALDH1A1
PRAVASTATIN SODIUM,LDLR
OLANZAPINE,DRD3
PILARALISIB,PIK3CA
ETELCALCETIDE,CASR
METHOXYFLURANE,CACNA1S
AN0128,TNF
OXAPROZIN,CPT1B
VINORELBINE TARTRATE,TUBB4B
LEVOTHYROXINE,THRA
GW5074,STAT6
AST-487,FYN
PRT-2607,SYK
PF-05212377,HTR6
CLOTRIMAZOLE,HIF1A
TETRACYCLINE,IL17A
METFORMIN,PRKAG3
ABBV-318,SCN9A
JFD00064,ANPEP
FOLIC ACID,ABCG2
REPARIXIN,CXCR2
BDTX189,ERBB2
TROXACITABINE,ABCC1
FLUVOXAMINE,FGF2
CAPTOPRIL,ACE
ORPHENADRINE,GRIN3B
BAMBUTEROL,ADRB2
ARSENIC TRIOXIDE,FGFR1
FLURBIPROFEN,PTGS1
ONCOLYSIN M,CD33
SB 203186,CYP1A2
CHEMBL:CHEMBL375971,AR
PROPAFENONE,DRD1
HAEMATOXYLIN,ALPL
6-AZAURIDINE,SMN2
ANTIDEPRESSANT AGENT,PRL
NIROGACESTAT,NOTCH1
OXALIPLATIN,BRCA1
HUMAN CHORIONIC GONADOTROPIN,AMH
TRAMETINIB DIMETHYL SULFOXIDE,ATM
PTC299,KDR
PROPRANOLOL HYDROCHLORIDE,ADRB1
CORONOPILIN,CXCL8
POLIDOCANOL,AR
CHEMBL:CHEMBL20377,CYP2D6
[3H]CGS8216,ARNT
DEXAMETHASONE,ANXA1
CHEMBL:CHEMBL56393,WRN
U-0126,MAPT
CAMRELIZUMAB,PDCD1
LADOSTIGIL,MAOA
MG2+,RYR2
BETRIXABAN,F10
RONTALIZUMAB,IFNA17
ARIPIPRAZOLE LAUROXIL,A2M
GB110,APOE
ALEMTUZUMAB,TP53
FENOFIBRATE MICRONIZED,IL6
CISPLATIN,BAX
ISOTRETINOIN,RARA
TG100-801,BLK
HUMAN CHORIONIC GONADOTROPIN,BAX
CJ13610,CREB1
ICT-121 DENDRITIC CELL VACCINE,PROM1
AG 112,DXO
SAMOTOLISIB,PTEN
TAMRLX,APP
MECHLORETHAMINE,BAX
CHEMBL:CHEMBL445153,VDR
N-[2-(2-IODO-5-METHOXY-1H-INDOL-3-YL)ETHYL]ACETAMIDE,ANK3
CINOLAZEPAM,GABRG3
DISOPYRAMIDE PHOSPHATE,SCN7A
NELOTANSERIN,HTR2A
DIMDAZENIL,GABRG3
TRETINOIN,BCL2
PERAKIZUMAB,IL17A
CHEMBL:CHEMBL109873,AR
COMPOUND 2C [PMID: 24900538],F2
URSODIOL,BCL2
MK-2461,FGFR3
ACALISIB,PIK3CA
DOLASTATIN 10,BCL2
IMIPRAMINE HYDROCHLORIDE,CYP1A2
CHEMBL:CHEMBL585269,HPGD
ADRIAMYCIN,GSTP1
AUTOLOGOUS ANTI-CD19CAR-4-1BB-CD3ZETA-EGFRT-EXPRESSING T LYMPHOCYTES,CD19
NU-7441,ATM
ANAKINRA,IL1R1
DEBIO-1347,DPP6
[111IN]DOTA-NOC,FASLG
PEMBROLIZUMAB,PTEN
TRIAMTERENE,AR
[3H]WIN55212-2,CNR2
TENELIXIMAB,CD40
CHEMBL:CHEMBL2095095,MAPK1
AST-487,MAPK14
"L-363,301",FASLG
EICOSATETRANOIC ACID,EHMT2
LYSOZYME,BCL2
PRINOMASTAT,MMP2
PENICILLIN V,NR1I2
DEXAMETHASONE,CCL17
SLX-4090,P4HB
GW7647,PPARD
6-HYDROXYFLAVONE,NPC1
NORTRIPTYLINE,EPHX1
LEVODOPA,DLG4
CLOZAPINE,GFRA2
TEMAZEPAM,GABRA1
ZERANOL,HSP90AA1
OXYBENZONE,CYP1A2
NORETHINDRONE,PLG
BISOPROLOL,ADRB1
PAROMOMYCIN SULFATE,RPSA
INDOMETHACIN,CYP2D6
SOMATROPIN (RECOMBINANT DNA ORIGIN),CDK4
RECOMBINANT RANTES,CCL14
RESERPINE,EHMT2
SAVIRIN,HSD17B10
PIMOZIDE,CYP2D6
CYCLOPENTYLADENOSINE,ADORA3
CEAROIN,MAPT
VEMURAFENIB,KEAP1
TAK-070,BACE1
PEMBROLIZUMAB,STK11
ADRIAMYCIN,TGFB1
DEMECARIUM BROMIDE,ACHE
AFASEVIKUMAB,IL17A
ORTERONEL,CYP17A1
"L-694,247",A1BG
FLX475,CCR4
DENILEUKIN DIFTITOX,IL2RA
CHEMBL:CHEMBL2088731,MAPK1
PARBENDAZOLE,GMNN
BASILIXIMAB,IL2RB
LUCITANIB,PTK2B
EBSELEN,RGS4
RECOMBINANT INTERLEUKIN-1,CCL8
MORIN,USP1
ZEARALENONE,ALDH1A1
CYSTEINE,VDR
NIMESULIDE,NOS1
IMIPENEM ANHYDROUS,IL2
(+)-S-14297,ALDH1A1
G&OUML; 6976,JAK2
GLUTAMIC ACID,EHMT2
GW7647,VDR
COLTUXIMAB RAVTANSINE,CD19
NILUTAMIDE,NFE2L2
ACETYLCYSTEINE,SLC2A4
GAMMA-INTERFERON,CYP27B1
SPARSENTAN,AGTR1
RECOMBINANT CHEMOKINE,CCL22
DEZAPELISIB,PIK3CB
STAUROSPORINE,EIF2S1
DEHYDRATED ALCOHOL,NTS
IDARUBICIN,ERG
PONATINIB,RET
CHEMBL:CHEMBL1523215,NFE2L2
PERGOLIDE,DRD2
NOREPINEPHRINE,ADRA1D
RITUXIMAB,EN1
CHEMBL:CHEMBL530499,HSP90AA1
ISOBOLDINE,CYP2D6
RIVOCERANIB,KDR
RG-2833,HDAC1
COLTUXIMAB RAVTANSINE,CD19
BAICALEIN,CYP2D6
RU 24969,USP1
SIMVASTATIN,CYP2D6
CLOZAPINE,GDNF
DESMETRAMADOL,ICA1
ERYTHROMYCIN STEARATE,RPSA
KI16425,BIN1
RHAMNETIN,MAPK14
BEVACIZUMAB-AWWB,F2R
DIDANOSINE,TNFRSF1B
AST-487,PRKACA
FLIBANSERIN,HTR1A
TIDEGLUSIB,GSK3B
NILUTAMIDE,CYP1A2
ACETYLCYSTEINE,EPHX1
CHEMBL:CHEMBL429095,TLR9
CLOZAPINE,MTHFR
ADP&BETA;S,BIRC2
TAMOXIFEN,KLK3
POSDINEMAB,MAPT
COMPOUND 11J [PMID: 23021994],ETFB
DACTOLISIB,PIK3CB
CHEMBL:CHEMBL258316,HTT
DICLAZURIL,USP1
NEOSTIGMINE BROMIDE,CYP1A2
PF-04691502,PIK3R1
GLICLAZIDE,ABCC8
PS020990,ASIC1
R121919,ALAS2
GW441756X,FGFR1
"4',7-DIMETHOXY-5-HYDROXYGENISTEIN",CYP2D6
SENREBOTASE,ADRA1A
MIRTAZAPINE,AOC1
GW405833,ATXN2
CHEMBL:CHEMBL1537417,NFE2L2
AGANIRSEN,IRS1
PRASTERONE,PIK3CB
HEXACHLOROPHENE,ESR1
PEMETREXED DISODIUM,GART
DIAZEPAM,GABRG3
APOMORPHINE,ALDH1A1
JAK2 INHIBITOR AZD1480,RET
CHEMBL:CHEMBL590660,ALDH1A1
EVEROLIMUS,PTEN
1-STEAROYL-LYSOPHOSPHATIDYLCHOLINE,ADH1C
ABNORMAL CANNABIDIOL,ACTN3
CHEMBL:CHEMBL531268,ATXN2
HYDROXYPROGESTERONE,ESR1
CHEMBL:CHEMBL1534034,EHMT2
PRACTOLOL,ADRB1
GO-6976,PRKCD
ACECLIDINE,CHRM1
N-OLEOYLETHANOLAMIDE,PPARA
PREDNISOLONE,NR3C1
IODOQUINOL,HIF1A
LOXAPINE,DRD1
MECLOFENAMATE SODIUM,GMNN
DNPA,ANXA1
LOVASTATIN,CD14
GW5074,NFKB1
DACTOLISIB,MET
CHEMBL:CHEMBL445153,GMNN
CHEMBL:CHEMBL529986,NFE2L2
URAPIDIL,ADRA1D
PROCHLORPERAZINE,DRD2
ENDOMORPHIN-1,APOF
OLARATUMAB,DPP4
DACTOLISIB,PIK3CA
TRICHLORMETHIAZIDE,CA2
ERLOTINIB,EGFR
MOMETASONE,CD44
VELIPARIB,PARP2
TEMOZOLOMIDE,ATM
ABEMACICLIB,ESR1
CETUXIMAB,PIK3CA
CRIZOTINIB,ERBB2
ANTINEOPLASTIC VACCINE,CD80
OXYPHENCYCLIMINE HYDROCHLORIDE,CHRM3
ARGATROBAN,F2
FENOFIBRATE MICRONIZED,CD40LG
QUINAPRIL HYDROCHLORIDE,ACE
BIPERIDEN HYDROCHLORIDE,CHRM1
PROPAFENONE HYDROCHLORIDE,ADRB1
ANASTROZOLE,CYP19A1
INSULIN LISPRO PROTAMINE RECOMBINANT,INSR
DEXAMETHASONE,CD86
ADO-TRASTUZUMAB EMTANSINE,TUBB4A
VINCRISTINE SULFATE,TUBA4A
PAZOPANIB,PDGFRB
AMANTADINE HYDROCHLORIDE,GRIN2A
AMANTADINE HYDROCHLORIDE,GRIN3B
TCDD,CDKN1B
NAPHAZOLINE HYDROCHLORIDE,ADRA1D
NAPHAZOLINE HYDROCHLORIDE,ADRA2A
GLIPIZIDE,KCNJ11
FLUTAMIDE,AR
TESTOSTERONE PROPIONATE,AR
STAVUDINE,CSF2
OCRIPLASMIN,LAMC1
"INSULIN, REGULAR, HUMAN",CSF2
OCRIPLASMIN,COL6A2
OCRIPLASMIN,COL1A1
RECOMBINANT FAS LIGAND,CTLA4
OCRIPLASMIN,COL11A2
OXYBUTYNIN,CHRM2
CHLORDIAZEPOXIDE HYDROCHLORIDE,GABRA1
RECOMBINANT RANTES,CXCR4
MIDAZOLAM HYDROCHLORIDE,GABRA1
QUAZEPAM,GABRG3
DIRITHROMYCIN,RPSA
GABAPENTIN ENACARBIL,CACNG2
CHLOROPROCAINE,SCN9A
DISOPYRAMIDE PHOSPHATE,SCN2A
DRONEDARONE HYDROCHLORIDE,SCN2A
ETHOTOIN,SCN2A
QUINIDINE SULFATE,SCN2A
MEPHENYTOIN,SCN7A
PROCAINE HYDROCHLORIDE,SCN7A
DEFEROXAMINE,EDN1
MEPHENYTOIN,SCN8A
PROCAINE HYDROCHLORIDE,SCN8A
MEPIVACAINE HYDROCHLORIDE,SCN8A
ZONISAMIDE,SCN8A
EPINEPHRINE BITARTRATE,ADRA1A
ZONISAMIDE,SCN2A
CHLORPROMAZINE,DRD3
NINTEDANIB ESYLATE,KDR
NINTEDANIB ESYLATE,FLT4
UBENIMEX,FCGR3A
METHOTREXATE,FCGR3B
FIMEPINOSTAT,HDAC4
DS-7423,PIK3CA
RAVOXERTINIB,MAPK3
GSK-690693,PRKCQ
GSK-690693,PRKCD
GSK-2636771,PIK3CB
LY-2780301,RPS6KB1
LY-2780301,AKT1
MK-2201,AKT1
PAXALISIB,PIK3CA
SF-1126,MTOR
QUERCETIN,GABPA
ENSARTINIB,ALK
MSX-122,CXCR4
RG-1530,FLT4
IMMUNOTOXIN,GAL
GSK2798745,TRPV4
EVENAMIDE,SCN8A
PILARALISIB,PIK3CA
BURAPITANT,TACR1
AZACITIDINE,GATA2
PRATOSARTAN,AGTR1
AMELUBANT,LTB4R
SELENIUM,GAPDH
NONABINE,CNR2
AMINOGLYCOSIDE ANTIBIOTIC,GDNF
ISPRONICLINE,CHRNB2
TRAXOPRODIL,GRIN2B
PERMETHRIN,GFAP
RADIPRODIL,GRIN1
TRETINOIN,HES1
NERISPIRDINE,KCNH7
CA19-9 ANTIGEN,HGF
NERISPIRDINE,SCN9A
RECOMBINANT INTERLEUKIN-1,HGF
"GONADOTROPIN, CHORIONIC",HGF
CISPLATIN,HMGB1
MK-8777,GRIA1
MK-8777,GRIA4
GP100 ANTIGEN,HMGB1
MK-8777,GRIA2
ALEGLITAZAR,PPARG
BRIVANIB,FGFR1
BRIVANIB,KDR
BRIVANIB,FLT4
VATALANIB,PDGFRA
VATALANIB,KDR
FEDRATINIB,JAK2
PACRITINIB,JAK2
SARIZOTAN HYDROCHLORIDE,HTR1A
ESMIRTAZAPINE MALEATE,ADRA2A
LATANOPROSTENE BUNOD,PTGFR
RALFINAMIDE,GRIN1
BENRALIZUMAB,IL5RA
ZALUTUMUMAB,EGFR
CROLIBULIN,TUBA4A
CILENGITIDE,ITGAV
FONTOLIZUMAB,IFNG
"IBUPROFEN, SODIUM SALT",HPGD
ONCOLYSIN B,CD19
ABX-IL8,CXCL8
ELENBECESTAT,BACE1
HALOPERIDOL DECANOATE,HSPA4
METHAQUALONE HYDROCHLORIDE,GABRA3
SULOCTIDIL,CACNA1A
ZIMELDINE HYDROCHLORIDE,HTR1A
ZALCITABINE,HSPA4
ZIMELDINE HYDROCHLORIDE,HTR1F
ZIMELDINE HYDROCHLORIDE,HTR6
VERAPAMIL,HSPA4
AMG-811,IFNG
PHOSPHODIESTERASE INHIBITOR,HSPA4
TRETINOIN,HSPA8
ANAGLIPTIN,DPP4
CELGOSIVIR,GAA
CIMICOXIB,PTGS2
THERAPEUTIC ANDROGEN,IGF2
BREPOCITINIB,JAK1
MK-0767,PPARA
AVDORALIMAB,C5AR1
TETRADECANOYLPHORBOL ACETATE,IL15
PF-00610355,ADRB2
BAY-1093884,TFPI
ZIDOVUDINE,IL10
DAZODALIBEP,CD40LG
MYCOPHENOLATE,IL18
VOCLOSPORIN,PPP3CA
4-PHENYLENEDIAMINE,IL18
GALLIUM NITRATE,IL6
DAVANAT,LGALS3
PF-06823859,IFNB1
LYMPHOKINE-ACTIVATED KILLER CELLS,IL7
MECHLORETHAMINE,CXCR2
TEREVALEFIM,MET
PARNAPARIN SODIUM,SERPINC1
MEDROXYPROGESTERONE ACETATE,CXCL8
FENTANYL CITRATE,CXCL8
RESIQUIMOD,TLR7
HEPARIN,LIPC
ONO-5334,CTSK
HUMAN CHORIONIC GONADOTROPIN,LIF
LAZERTINIB,EGFR
TECARFARIN,VKORC1
DEXAMETHASONE,LIF
"INSULIN, REGULAR, HUMAN",LPL
SETANAXIB,NOX4
ROVAZOLAC,NR1H2
FOLIC ACID,LPL
TCDD,MAPK8
FONADELPAR,PPARD
FINGOLIMOD LAURYL SULFATE,S1PR1
NEZULCITINIB,TYK2
PANITUMUMAB,EGFR
PF-04691502,PIK3CA
DS-7423,PIK3CA
DS-7423,PTEN
PANITUMUMAB,PTEN
DEXAMETHASONE,MT1F
ALPELISIB,PTEN
MARGETUXIMAB-CMKB,ERBB3
RECOMBINANT INTERLEUKIN-1,MYC
NINTEDANIB ESYLATE,KDR
ENMD-2076,KDR
ADOZELESIN,MYC
NINTEDANIB ESYLATE,FLT4
EGEN-001,IL12B
TETRADECANOYLPHORBOL ACETATE,MYC
COBIMETINIB,MAP2K1
TRETINOIN,MYCN
METFORMIN HYDROCHLORIDE,PRKAB1
TRETINOIN,MYCN
CISPLATIN,MYCN
CAPTOPRIL,MYO9B
CAMPTOTHECIN,HSD17B10
EDARAVONE,CYP1A2
TYRPHOSTIN 51,MAPT
AZD-1080,GSK3B
BECLOMETHASONE DIPROPIONATE,AR
ANTI-ULCER AGENT,NOS1
FUROXAN,ALDH1A1
GO-6976,PRKCG
ESCULETIN,GAA
EBSELEN,KAT2A
OLANZAPINE,GAA
BREFELDIN A,GMNN
CHEMBL:CHEMBL592598,FEN1
NILUTAMIDE,CYP2D6
CHEMBL:CHEMBL547269,POLB
THERAPEUTIC ANDROSTANOLONE,NOS1
DIAZOXIDE,NOS2
TESTOSTERONE PROPIONATE,ESR1
HEXACHLOROPHENE,TP53
CHEMBL:CHEMBL1972216,AGTR1
BAICALEIN,MAPT
TRISMETHOXYRESVERATROL,PRKCA
CHEMBL:CHEMBL1477383,HSD17B10
ISOCHLOROGENIC ACID B,APP
LOMOFUNGIN,FEN1
EQUILIN,APEX1
CEP-1347,MAP4K4
CHEMBL:CHEMBL601757,GMNN
SESAMIN,TARDBP
NARASIN,AR
U-0126,EHMT2
FLUAZINAM,NR1H4
METYROSINE,CYP2D6
CHEMBL:CHEMBL313737,CYP1A2
GO-6976,FLT4
TESTOSTERONE,TDP1
CHEMBL:CHEMBL327209,POLB
CHEMBL:CHEMBL258465,CYP2D6
ISOBOLDINE,HSD17B10
AG 9,NFKB1
CHEMBL:CHEMBL530664,EHMT2
GENTIAN VIOLET CATION,USP1
CHEMBL:CHEMBL601933,ATM
RANITIDINE HYDROCHLORIDE,CYP1A2
THEOPHYLLINE,EHMT2
IRETOL,TDP1
CHEMBL:CHEMBL17329,ALDH1A1
2-PHENYLPHENOL,RXRA
12A-HYDROXY-5-DEOXYDEHYDROMUNDUSERONE,HSD17B10
UMBELLIFERONE,ERAP1
CHEMBL:CHEMBL528734,ACP1
TRICLOSAN,HSP90AA1
VANDETANIB,PDGFRB
CHEMBL:CHEMBL609606,EHMT2
GW5074,USP1
CHEMBL:CHEMBL379975,PKN2
MICHLER'S KETONE,ALDH1A1
TO-901317,NR1H4
INDIRUBIN-3'-MONOXIME,NPC1
OXATOMIDE,HIF1A
CHEMBL:CHEMBL2203708,TACR1
BARASERTIB-HQPA,PDGFRB
CAMPTOTHECIN,MTOR
CHEMBL:CHEMBL585628,HPGD
EMBELIN,HPGD
PIRARUBICIN,KMT2A
CHEMBL:CHEMBL429095,KMT2A
HEXACHLOROPHENE,MAPT
CHEMBL:CHEMBL1426508,VDR
"4',7-DIMETHOXY-5-HYDROXYGENISTEIN",NPC1
ANGUSTIBALIN,XBP1
BENZBROMARONE,VDR
TROVAFLOXACIN MESYLATE,NFE2L2
CHEMBL:CHEMBL56393,PIN1
MOCETINOSTAT,HDAC6
MOCETINOSTAT,HDAC4
CHEMBL:CHEMBL602970,SMN2
CHEMBL:CHEMBL527271,CYP2D6
ANCITABINE,NFE2L2
CHEMBL:CHEMBL533293,MAPT
CHEMBL:CHEMBL592316,SMAD3
CGP7930,TP53
RO-3201195,MAPK14
CHEMBL:CHEMBL1371696,HSD17B10
PICLIDENOSON,ADORA3
GW441756X,CDK1
CHEMBL:CHEMBL483633,SMN1
MONATEPIL,AR
CHEMBL:CHEMBL578257,POLB
1-AZAKENPAULLONE,FYN
CHEMBL:CHEMBL596836,RAD54L
CHEMBL:CHEMBL271023,HPGD
GW441756X,PRKAA1
CYCLOHEXIMIDE,NFE2L2
CHEMBL:CHEMBL590949,EHMT2
GW7647,HSD17B10
TRAZODONE,KAT2A
CAMPTOTHECIN,CYP1A2
METAMIZOLE SODIUM,ALOX12
CHEMBL:CHEMBL1537417,EHMT2
MITONAFIDE,ERG
COUMARIN,NFE2L2
CYSTAMINE DIHYDROCHLORIDE,VDR
BREFELDIN A,PRNP
17-OCTADECYNOIC ACID,KAT2A
CHEMBL:CHEMBL261118,TP53
ETHACRYNIC ACID,EHMT2
ANGUIDIN,HTT
ACID BLUE 129,MAPT
RESERPINE,ABCB1
GW441756X,DYRK1A
HEXACHLOROPHENE,TSHR
CGP7930,HIF1A
EICOSATETRANOIC ACID,APEX1
HINOKITIOL,HDAC6
CHEMBL:CHEMBL547175,EHMT2
CHEMBL:CHEMBL547304,RAD52
CHEMBL:CHEMBL1448292,ALOX12
"NITROFURANTOIN, MACROCRYSTALS",USP1
VU0080241,NPC1
SERGEOLIDE,JUN
CHEMBL:CHEMBL1446254,GMNN
NICLOSAMIDE,ATXN2
CHEMBL:CHEMBL429095,RGS4
CHEMBL:CHEMBL469309,HPGD
SULINDAC,CYP2D6
GW441756X,MARK2
GO-6976,PRKACA
PIPERTRAMINE AMIDE,CHRM3
CEPHARANTHINE,EHMT2
(S)-UH 301,DRD1
DEMETHOXYCURCUMIN,GMNN
RIMSULFURON,NFE2L2
ISO-IANTHERAN A,P2RY1
CHEMBL:CHEMBL175266,POLB
CHEMBL:CHEMBL116548,ATXN2
CAFFEIC ACID,HSD17B10
WARFARIN POTASSIUM,AR
UMIFENOVIR,EHMT2
PROPYLPYRAZOLETRIOL,HSD17B10
RS67506,CYP2D6
RILMENIDINE,CYP2D6
THIOURACIL,NOS1
BISPHENOL A,ESR1
TANSHINONE IIA,POLB
CHEMBL:CHEMBL587620,MTOR
XANTHOPTERIN,HSD17B10
CHEMBL:CHEMBL1198140,NFE2L2
PROPYLPYRAZOLETRIOL,ATXN2
AURIN,ATXN2
HALOPERIDOL DECANOATE,NR4A1
GW441756X,NTRK2
HEXACHLOROPHENE,SUMO2
AMINOGLYCOSIDE ANTIBIOTIC,NTF3
CHEMBL:CHEMBL278751,TSHR
METHYLDOPA ANHYDROUS,CYP1A2
BUTYRIC ACID,HDAC3
CHEMBL:CHEMBL2203707,TACR1
CHEMBL:CHEMBL258465,CYP1A2
ZERANOL,AR
CHEMBL:CHEMBL601757,ATXN2
RISPERIDONE,NTF3
IMETIT,EHMT2
PADIMATE-O,HSD17B10
"2-METHOXY-1,4-NAPHTHOQUINONE",USP1
CHEMBL:CHEMBL599943,RAD54L
THERAPEUTIC ANDROSTANOLONE,NTRK1
JTC-801,SMAD3
INDIRUBIN-3'-MONOXIME,CYP1A2
CHEMBL:CHEMBL56393,HIF1A
LAVENDUSTIN A,EHMT2
DEXAMETHASONE,NTRK1
AST-487,JAK2
SALMETEROL,AR
ANISALDEHYDE,ALDH1A1
EBSELEN,ALDH1A1
MELATONIN,PIK3CG
SB203580,MAPK1
PHENAMIL METHANESULFONATE,NFKB1
TARIQUIDAR,ABCG2
CHEMBL:CHEMBL600694,HSP90AA1
PROTEIN KINASE C INHIBITOR,PLAU
CHEMBL:CHEMBL515505,HIF1A
GENTIAN VIOLET CATION,MAPT
CHEMBL:CHEMBL1269022,CYP2D6
DIGITOXIN,NR3C1
PYROGALLOL RED,APEX1
NERVE GROWTH FACTOR,PNMT
(Z)-PIPLARTINE,CYP1A2
LORATADINE,MAPK1
TANDUTINIB,FLT4
CHEMBL:CHEMBL602213,VDR
VANIPREVIR,CYP2D6
BOVINE CARTILAGE,PLG
CHEMBL:CHEMBL329785,MAPK1
CHEMBL:CHEMBL166486,VDR
QUINOLINIC ACID,EHMT2
CHEMBL:CHEMBL117487,HDAC1
CHEMBL:CHEMBL117487,HDAC6
LITHOCHOLIC ACID,VDR
CHEMBL:CHEMBL117487,HDAC3
NIHYDRAZONE,HTT
GITOXIGENIN,NFE2L2
CHEMBL:CHEMBL546865,CASP3
ACID BLUE 129,MAPK1
EMODIC ACID,HPGD
PROPYLPYRAZOLETRIOL,PPARG
CHEMBL:CHEMBL602213,ALOX15
CAMPTOTHECIN,EHMT2
AMITRIPTYLINE HYDROCHLORIDE,PRL
ERGOCRISTINE,MAPT
CHEMBL:CHEMBL1210769,CASP3
VANDETANIB,MAP4K4
CARBAMAZEPINE,PRL
NOCODAZOLE,AR
RILUZOLE,NPC1
VACCINE,PTGS2
KAINIC ACID,KAT2A
NOCODAZOLE,HSPB1
CHEMBL:CHEMBL2203704,TACR1
IODINE I-131,PTH
SULINDAC,EHMT2
HAEMATOXYLIN,MAPK1
CHEMBL:CHEMBL258756,WRN
CHEMBL:CHEMBL473721,GMNN
VITAMIN E,PTH
CHEMBL:CHEMBL379975,ALK
FENRETINIDE,RBP4
MYRICETIN,APEX1
CHLORPYRIFOS-METHYL,NFE2L2
CHEMBL:CHEMBL1327172,HTT
CHEMBL:CHEMBL52030,BRD4
DECYLUBIQUINONE,EHMT2
CHEMBL:CHEMBL547161,SMAD3
CHEMBL:CHEMBL1537417,GMNN
HEPARIN,SDC1
CYCLOHEXANONE OXIME,PPARD
ASTERRIC ACID,POLB
CANDESARTAN CILEXETIL,VDR
CATECHIN,ALDH1A1
APICIDIN,HDAC6
CASEARINONE A,ITGAL
CHEMBL:CHEMBL1287980,WRN
CHEMBL:CHEMBL429095,ATXN2
FLUORODIFEN,PPARG
BISPHENOL A,AR
CHEMBL:CHEMBL56393,APEX1
MOCLOBEMIDE,AR
DESIPRAMINE,CYP2D6
CHEMBL:CHEMBL581152,ATXN2
IL-7,SLC2A1
CHEMBL:CHEMBL344127,GMNN
GALLIC ACID,EHMT2
RECOMBINANT FIBROBLAST GROWTH FACTOR 2,SLC2A1
CHEMBL:CHEMBL1530911,CREBBP
NIZATIDINE,TAC1
"NITROFURANTOIN, MACROCRYSTALS",CYP2D6
CHEMBL:CHEMBL1761683,NFE2L2
MEXILETINE,TAC1
MEK1/2 INHIBITOR,MAPK1
PENDIMETHALIN,NFE2L2
LY-294002,CYP2D6
DINOPROSTONE,PTGER4
BENZO(K)FLUORANTHENE,THRB
EMBELIN,ALOX15
VANDETANIB,FYN
CHEMBL:CHEMBL530499,GMNN
CHEMBL:CHEMBL86464,POLB
CHEMBL:CHEMBL2002849,GMNN
BIS(DIMETHYLAMINETHIOCARBONYL)MONOSULFIDE,PPARD
ISOBAVACHALCONE,PTPN1
CHEMBL:CHEMBL583558,NFE2L2
CHEMBL:CHEMBL599924,TARDBP
ANTIMYCIN A,HSD17B10
VITAMIN E,TH
AICA RIBONUCLEOTIDE,CASP9
SINENSETIN,KMT2A
MECLOFENOXATE,CYP1A2
AMPICILLIN TRIHYDRATE,TDP1
STREPTOZOCIN,TH
VATALANIB,CSF1R
ALISERTIB,NTRK2
LOVASTATIN,THBS1
NIRIDAZOLE,CYP1A2
AST-487,MAP4K4
PROTOAPIGENONE,MAPT
CHEMBL:CHEMBL384441,ESR1
TIOXOLONE,VDR
PROTEIN KINASE C INHIBITOR,THBS1
AVUTOMETINIB,MAP2K1
MIDAZOLAM HYDROCHLORIDE,TNF
ETIDRONIC ACID,SMPD1
PIRFENIDONE,HSD17B10
CHEMBL:CHEMBL313737,EHMT2
METHYL 7-DESHYDROXYPYROGALLIN-4-CARBOXYLATE,HSD17B10
BUPRANOLOL,ADRB1
HALOPERIDOL DECANOATE,TP53
PREDNISONE,NR3C1
PD173074,ATXN2
GM-CSF,TP73
NEFAZODONE HYDROCHLORIDE,AR
ZEARALANONE,HSP90AA1
HEXACHLOROPHENE,POLB
FLUORODIFEN,NFE2L2
SULINDAC SULFIDE,VDR
CHEMBL:CHEMBL602987,HTT
DOXYLAMINE,EHMT2
NICLOSAMIDE,NFE2L2
ENALAPRIL MALEATE,TP53
FLUOROURACIL,DPYD
NERVE GROWTH FACTOR,TP73
GOSSYPOL,TP53
AZD1480,JAK1
AMG-208,MET
PAZOPANIB,PDGFRB
X-82,PDGFRB
DACTOLISIB,PIK3CD
DACTOLISIB,PIK3CA
GLESATINIB,KDR
GM-CSF,TSHR
FEXAGRATINIB,AKT1
FEXAGRATINIB,AKT3
HEPARIN,UCP2
FEXAGRATINIB,FGFR1
SELUMETINIB,MAP2K6
CARBOPLATIN,ABCB1
FLUOROURACIL,ABCB1
ADRIAMYCIN,ABCB1
PRAVASTATIN SODIUM,ABCB1
GEFITINIB,ABCB1
RO 31-8220,ABCB1
VITAMIN B12,AGER
MASOPROCOL,AFP
ADRIAMYCIN,AGT
SOYBEAN SEED OIL,APOE
NORETHINDRONE ACETATE,APOE
"BENZO(A)PYRENE-7,8-DIOL 9,10-EPOXIDE",APOE
PENTOXIFYLLINE,BCL2
ISOTRETINOIN,BCL2
ANESTHETIC AGENT,BDNF
NYSTATIN,BDNF
INOSITOL,BDNF
LEVODOPA,BDNF
THERAPEUTIC ANDROSTANOLONE,VDR
VINCRISTINE,BDNF
TNP-470,VWF
PACLITAXEL,CASP3
RECOMBINANT VASCULAR ENDOTHELIAL GROWTH FACTOR,VHL
MEDICATION,CAMK2G
ECULIZUMAB,CHRNA3
DRUGSATFDA.NDA:008378,CDX2
EPOETIN ALFA,CDKN1B
NICOTINE POLACRILEX,CP
DANAZOL,CP
MILTEFOSINE,CSF2
PERFOSFAMIDE,CSF2
CETIRIZINE HYDROCHLORIDE,CSF2
CYTARABINE,NQO1
NICOTINE POLACRILEX,CREB1
TESTOSTERONE,CXCL10
ISOPROPYL ALCOHOL,CYP19A1
ANASTROZOLE,CYP19A1
LIOTHYRONINE,CYP19A1
METHADONE HYDROCHLORIDE,CRHBP
ANASTROZOLE,CYP1B1
TOREMIFENE,CYP1B1
PENTAZOCINE,ABCB1
SIROLIMUS,DCN
TESTOSTERONE,DBH
STAUROSPORINE,DDIT3
MURAGLITAZAR,REN
ADRIAMYCIN,DNMT1
FLUOROURACIL,DPYD
SIROLIMUS,EIF4E
FENRETINIDE,ENO2
FAS LIGAND,FAS
SACITUZUMAB GOVITECAN,ERBB2
PENICILLIN,FCGR3A
SULINDAC SULFIDE,GDF15
ASCORBIC ACID,GJA1
TUCATINIB,ERBB2
MANNITOL,GGT1
PIOGLITAZONE HYDROCHLORIDE,GHRL
PROTEASOME INHIBITOR,GJA1
ISPAGHULA HUSK,GHRL
LIOTHYRONINE,GGT1
ANESTHETIC AGENT,GRIA1
RECOMBINANT HEREGULIN,GRB2
DEHYDRATED ALCOHOL,GRM5
INOSITOL,GRM1
THYROGLOBULIN,IL1B
PENTOXIFYLLINE,IL1B
HALOFUGINONE,IL2
MISTLETOE EXTRACT,IL2
PROTEASOME INHIBITOR,IL2
CETIRIZINE HYDROCHLORIDE,IL2RA
ARSENIC TRIOXIDE,IL6
DRUGSATFDA.NDA:008378,IL2RA
EPOETIN ALFA,ITGAL
CYCLOOXYGENASE INHIBITOR,ITGB2
MEGESTROL ACETATE,KLK3
SELENOMETHIONINE,KLK3
HEPARIN CALCIUM,LDLR
ACTH,LDLR
RECOMBINANT EOTAXIN,MAPK8
DANAZOL,MBL2
THEOPHYLLINE,MAPKAPK2
SIROLIMUS,MMP1
DRUGSATFDA.NDA:008378,MPO
BOSENTAN ANHYDROUS,NR1I2
PACLITAXEL,MMP2
RECOMBINANT INTERFERON ALFA,MYC
STAUROSPORINE,NFE2L2
LIOTHYRONINE,NOS1
TESTOSTERONE,NPPC
MPA,NRG1
CLOZAPINE,NT5E
METHADONE HYDROCHLORIDE,NR1I2
IFOSFAMIDE,NR1I2
SUNSCREEN,PCNA
FAS LIGAND,PIK3CG
DEHYDRATED ALCOHOL,PPARD
NAFCILLIN,NR1I2
SIROLIMUS,RBL2
LUMIRACOXIB,PTGS2
FENRETINIDE,RBP4
SUNITINIB,RET
THROMBOLYTIC AGENT,SERPINE1
ISPAGHULA HUSK,SLC2A4
NICOTINE POLACRILEX,SLC6A3
RETINOIC ACID AGENT,SLC2A4
TERBINAFINE,NR1I2
RECOMBINANT HEPATOCYTE GROWTH FACTOR,SLPI
TYRPHOSTIN A9,SRC
LUMIRACOXIB,HLA-DQA1
FREUND'S ADJUVANT,SST
RECOMBINANT EOTAXIN,STAT6
ESTRONE,STS
BENZNIDAZOLE,TAT
NICOTINE POLACRILEX,TGFB1
EMODIN,TGFB1
DEHYDRATED ALCOHOL,TGM2
METHYLCELLULOSE,THBS1
TRETINOIN,XIAP
IH636 GRAPE SEED PROANTHOCYANIDIN EXTRACT,WT1
UCN-01,XIAP
DIFFERENTIATION INDUCER,XIAP
LAROTRECTINIB,NTRK1
DACLATASVIR,CYP24A1
SELPERCATINIB,RET
PONATINIB,ABL1
FEXAGRATINIB,FGFR1
INFIGRATINIB,FGFR3
RIVASTIGMINE,APOE
BENAZEPRIL,PRCP
PROPAFENONE,ABCB1
LAMIVUDINE,ABCG2
RHODAMINE123,ABCG2
FLUOROURACIL,PTEN
LITHIUM,BCR
BUMETANIDE,ADD1
TRAMADOL,CYP1A2
NORTRIPTYLINE,BDNF
METHYLPHENIDATE HYDROCHLORIDE,DRD1
METHYLPHENIDATE HYDROCHLORIDE,ARHGEF28
SPIRONOLACTONE,ABCB1
RESERPINE,ABCB1
FLUOROURACIL,IRS1
CLOZAPINE,HTR1A
SUNITINIB,IL4R
SUNITINIB,NOS3
HYDROCODONE,MACROD2
DEHYDRATED ALCOHOL,CHRNA4
LENALIDOMIDE,CTNNB1
PYRIDOXAL PHOSPHATE ANHYDROUS,CYP2E1
CLOZAPINE,NFIB
CELECOXIB,ALOX12
CELECOXIB,IGFBP3
OLAPARIB,BRCA1
CELECOXIB,CASP9
CELECOXIB,DDIT3
RIBAVIRIN,EGFR
HYDROXYUREA,MAP3K5
CEMIPLIMAB-RWLC,EGFR
TEPOTINIB,EGFR
SUCCINYLCHOLINE,CACNA1S
KETOROLAC TROMETHAMINE,CYP2D6
LOFEXIDINE,CYP2D6
SERTINDOLE,CYP2D6
CARIPRAZINE,CYP2D6
ACETAMINOPHEN / CODEINE,CYP2D6
AMOXAPINE,CYP2D6
MERCAPTOPURINE,CPT1A
ASPIRIN,TGFB1
MYCOPHENOLATE,HPRT1
AVATROMBOPAG,F2
AVATROMBOPAG,F5
INFLIXIMAB-DYYB,HLA-DPB1
RISDIPLAM,SMN2
CISPLATIN,WFS1
FLUOROURACIL,PDGFRB
VALBENAZINE,CYP2D6
RIBAVIRIN,IL21R
RIBAVIRIN,KLRK1
TEPOTINIB,ALK
EPTIFIBATIDE,ITGA2B
AVATROMBOPAG,SERPINC1
RIBOCICLIB,ESR2
CAPMATINIB,MET
CITALOPRAM,FKBP5
RIBOCICLIB,ESR1
USTEKINUMAB,IL12A
TENOFOVIR,NME1
SELEGILINE,CYP2B6
CEMIPLIMAB-RWLC,ALK
ASPIRIN,NTRK1
ASPIRIN,ACE
HYDROCODONE,CYP1A2
NEVIRAPINE,TCF19
TETANUS ANTITOXIN,HLA-A
MOMELOTINIB,EGFR
ZALUTUMUMAB,EGFR
PANOBINOSTAT,HDAC3
PANOBINOSTAT,HDAC9
SENREBOTASE,ADRA1D
LIDOCAINE,SCN9A
BACLOFEN,GABBR1
ALFIMEPRASE,FGG
CERTOLIZUMAB PEGOL,ALPL
ALTEPLASE,FGA
ALTEPLASE,PLG
RILOTUMUMAB,HGF
CLOMIPHENE,ESR1
"ESTROGENS, CONJUGATED (USP)",VDR
RG-7795,TLR7
APOMORPHINE,DRD2
VON WILLEBRAND FACTOR,VWF
AR-42,HDAC6
APALUTAMIDE,AR
VARLITINIB,EGFR
VEROSUDIL,ROCK1
AR-42,HDAC3
TRIAZOLAM,GABRG3
PHOSPHORODIAMIDATE MORPHOLINO OLIGOMER AVI-4126,MYC
ATL1102,ITGB1
AV-412,EGFR
ATL1102,ITGA4
PICROPODOPHYLLIN,IGF1R
CHEMBL:CHEMBL247471,NCSTN
ADUCANUMAB,APP
TRALOKINUMAB,IL13
CERE-110,NGF
CITALOPRAM,SLC6A4
PHENPROCOUMON,PPARA
ABATACEPT,CD86
METOCLOPRAMIDE HYDROCHLORIDE,CHRM1
DIMDAZENIL,GABRA3
FIPAMEZOLE,ADRA2A
INTERFERON BETA-1A,HLA-B
ICATIBANT,BDKRB2
SALMON CALCITONIN,CALCR
GANAXOLONE,GABRA3
LACOSAMIDE,DPYSL2
ENALAPRIL MALEATE,ADRB2
KETOTIFEN FUMARATE,HRH1
VORTIOXETINE HYDROBROMIDE,SLC6A4
ADALIMUMAB-ADBM,CRP
BARICITINIB,JAK1
MECASERMIN,IGF1R
ADALIMUMAB-ADBM,CASP9
MIV-701,CTSK
MILNACIPRAN,SLC6A4
MM-111,ERBB2
ADALIMUMAB-ADBM,HFE
PIRFENIDONE,MAPK14
SPARSENTAN,AGTR1
ADALIMUMAB-ADBM,HLA-DRB1
ADALIMUMAB-ADBM,CD40LG
BAMOSIRAN,ADRB2
TESAMORELIN,GHRHR
ADALIMUMAB-ADBM,VEGFA
TECARFARIN,VKORC1
ADALIMUMAB-ADBM,HLA-E
BOSENTAN ANHYDROUS,EDNRB
VARENICLINE,CHRNA3
VARENICLINE,CHRNA4
VOCLOSPORIN,PPP3CA
BUTABARBITAL,GABRA1
CHLOROTHIAZIDE,CA2
CITALOPRAM,SLC6A4
ESTAZOLAM,GABRG3
EDROPHONIUM CATION,ACHE
FLUPENTHIXOL,DRD1
FLUPENTHIXOL,DRD2
HALAZEPAM,GABRA3
LORAZEPAM,GABRA1
LORAZEPAM,TSPO
LEVOBUNOLOL,ADRB2
CARBOPLATIN,TRIM5
MEFENAMIC ACID,PTGS2
MESORIDAZINE,DRD2
MEPENZOLATE,HCAR3
MEPHOBARBITAL,GABRA3
CARBOPLATIN,PIK3CA
METHIXENE,CHRM1
MINAPRINE,DRD1
NABUMETONE,PTGS2
MINAPRINE,HTR2C
OXPRENOLOL,ADRB1
THIETHYLPERAZINE,HTR2A
THIETHYLPERAZINE,CHRM1
THIETHYLPERAZINE,HTR2C
TRICHLORMETHIAZIDE,KCNMA1
CHLOROTHIAZIDE,CA2
FELBAMATE,GRIN2A
ROMIDEPSIN,HDAC1
DIFLUNISAL,PTGS1
DIFLUNISAL,PTGS2
THIAMYLAL,KCNJ8
ERLOTINIB,EGFR
CITALOPRAM,SLC6A4
FLUDIAZEPAM,GABRG3
FLUMETHASONE PIVALATE,ANXA1
FLURAZEPAM,GABRA3
IFOSFAMIDE,DNMT1
HYDROCORTAMATE,ANXA1
DINOPROSTONE,PTGER3
OLANZAPINE,DRD1
OLANZAPINE,DRD3
OLANZAPINE,DRD4
OXPRENOLOL,ADRB1
PREDNISONE,NR3C1
PROCHLORPERAZINE,DRD2
PROCHLORPERAZINE,DRD1
SUMATRIPTAN,HTR1F
SULINDAC,PTGS2
XALIPRODEN,HTR1A
CA-170,CD274
KO-947,EPHB2
TINOSTAMUSTINE,HDAC9
ANDROGEN RECEPTOR ANTAGONIST TAS3681,AR
CXCR4 ANTAGONIST USL311,CXCR4
FINASTERIDE,SRD5A2
RG-7795,TLR7
CARBOPLATIN,ALDH1A1
LORUKAFUSP ALFA,IL2
MOTIXAFORTIDE,CXCR4
CARBIMAZOLE,HLA-DRB1
CHEMBL:CHEMBL472004,PTPN6
GSK-2636771,PIK3CB
ENTRECTINIB,NTRK2
KX2-361,SRC
OBINUTUZUMAB,MS4A1
FLUMAZENIL,GABRA3
RUTHENIUM-BASED TRANSFERRIN TARGETING AGENT NKP-1339,HSPA5
VAROGLUTAMSTAT,QPCT
MYCOPHENOLATE MOFETIL,TNF
DIFLUNISAL,PTGS2
DAS-431 IV,DRD1
COTININE,CHRNA4
DENBUFYLLINE,PDE4B
PANITUMUMAB,EGFR
PYRAZINAMIDE,TNF
GALLAMINE TRIETHIODIDE,CHRM2
CLOMIPRAMINE,GRIK2
ORAL AZACITIDINE,PARP1
BUCLIZINE,HRH1
OXPRENOLOL,ADRB1
TERIFLUNOMIDE,HMGCR
BUSPIRONE,HTR1A
CYCLOSERINE,GRIN1
NM-702,ALDH7A1
IBUDILAST,IL1B
VATALANIB,KDR
NIFLUMIC ACID,PTGS2
RADIPRODIL,GRIN2B
PRETOMANID,FASN
CYCLOPHOSPHAMIDE ANHYDROUS,MUTYH
SALACINOL,GAA
RISPERIDONE,GRIN2B
CERE-110,NGF
CERLAPIRDINE,HTR6
ANTI-GITR MONOCLONAL ANTIBODY MK-4166,TNFRSF18
CYCLOPHOSPHAMIDE ANHYDROUS,IGHMBP2
EMAPTICAP PEGOL,CCL2
TESTOSTERONE BUCYCLATE,AR
INOTERSEN,TTR
ACECLIDINE,CHRM2
ALITRETINOIN,RXRA
CHEMBL:CHEMBL27508,ADORA2A
ALITRETINOIN,RXRB
ACECLIDINE,CHRM3
TREBANANIB,CHRNA7
ASP-8477,KDR
ANTI-CD33 CAR T-CELLS,CD33
PONATINIB,ABL1
CYCLOPHOSPHAMIDE ANHYDROUS,CTNNB1
RIVAROXABAN,F10
BECAPLERMIN,PDGFRB
CARDIOTROPHIN-1,CTF1
ELACESTRANT,ESR1
TUCIDINOSTAT,HDAC1
CYCLOPHOSPHAMIDE ANHYDROUS,SOD2
SLV-334,MME
LITOXETINE,SLC6A4
VEMURAFENIB,CYP1A2
ACECLOFENAC,COX8A
"SYNTHETIC CONJUGATED ESTROGENS, A",ESR1
DOXYLAMINE,HRH1
TINZAPARIN SODIUM,SERPINC1
SULINDAC,FMO3
PROPOFOL,FAAH
QUETIAPINE FUMARATE,DRD2
IGMESINE,SIGMAR1
IPH-2101,KIR2DS1
IBROLIPIM,LPL
RILAPLADIB,PLA2G7
Z-360,CCKBR
DIPROPYL-5-CT,A2M
KETANSERIN,A2M
ZIPRASIDONE,HTR2C
AC-90179,HTR2C
TH5487,HCRT
SIAIS178,ABL1
PONATINIB,ABL1
SILODOSIN,ABCA4
CLOZAPINE,ABCA4
PHENOXYBENZAMINE,ABCA4
XYLAZINE,ABL1
BROMOCRIPTINE,ABL1
MIRTAZAPINE,ABL1
BRIMONIDINE,ABL1
ETHYLISOPROPYLAMILORIDE,ABL1
BRIMONIDINE,AOC1
BROMOCRIPTINE,ABL2
XYLAZINE,ABL2
APRACLONIDINE,ABL2
KF 17837S,ABCA1
CPX,ABCA1
COMPOUND 9G [PMID: 24412111],ASIC2
"[D-PHE6,&BETA;-ALA11,PHE13,NLE14]BOMBESIN-(6-14)",ASIC2
COMPOUND 11 [PMID: 12812482],ASIC1
[DES-ARG9]BRADYKININ,ASIC1
WIN 64338,BDKRB2
ICATIBANT,BDKRB2
ETHOXZOLAMIDE,GAPDH
DORZOLAMIDE,GAPDH
ACETAZOLAMIDE,GAPDH
"UK-396,082",CYP27B1
COMPOUND 3 [PMID: 14640538],CYP27B1
PB2+,ATP6V1G2
COMPOUND 2B-1 [PMID: 12614873],ACTA1
CCL3,ACTA1
CXCL12&GAMMA;,ACTG1
"SDF-1, 1-9[P2G] DIMER",ACTG1
MAVORIXAFOR,ACTG1
T140,ACTG1
COMPOUND 9B [PMID: 18986805],CDK4
PALBOCICLIB,CDK4
CP-10,CDK4
CROZBACICLIB,EIF4EBP1
5H78PF,CORD1
PRALATREXATE,DHFR
COMPOUND 5B [PMID: 25349648],GPI
CLOZAPINE,ABCD1
[3H]7-OH-DPAT,ALDH1A1
CABERGOLINE,ALDH1A1
BROMOCRIPTINE,ALDH1A1
SB 277011-A,ALDH1A1
CLOZAPINE,ALDH2
SULPIRIDE,ALDH1A1
BROMOCRIPTINE,ALDH2
PF-04457845,CRMP1
OL135,CRP
MYRISTIC ACID,ADH4
GW9508,ADH4
METHADONE HYDROCHLORIDE,CCL11
DEBIO-1347,DPYSL2
AZD-4547,DPYSL2
ERDAFITINIB,DPYSL2
TASURGRATINIB,DPYSL2
ERDAFITINIB,SLC26A3
TINENGOTINIB,DR1
PEMIGATINIB,DR1
ERDAFITINIB,DR1
MOTESANIB,DRD1
COMPOUND 8H [PMID: 22765894],DRD1
SEMAXANIB,DRD1
MOTESANIB,DRD3
TAFETINIB,DRD3
SEPETAPROST,APOC2
FLUPROSTENOL,APOC2
TPA023,GABRA1
CLOMIPRAMINE,BDNF
TBPS,GABRA1
DESIPRAMINE,BDNF
"COMPOUND 1 [OVERHAND ET AL., 1997]",CXCR5
PIRACETAM,GRIA3
[3H]CGS19755,GRIN2B
FLUOXETINE HYDROCHLORIDE,SERPINE1
SCRIPTAID,HDAC4
TRICHOSTATIN A,GART
BAVAROSTAT,GART
ECULIZUMAB,CFH
OLVANIL,ADH1C
SACITUZUMAB GOVITECAN,ESR2
METOPROLOL,ZMAT4
DUAL VEGFR/PARP INHIBITOR 14B,DRD2
AST-487,DRD2
TINENGOTINIB,DRD2
CLOMIPRAMINE,EPHX1
ECULIZUMAB,CHRNA7
A-935142,BAD
CITALOPRAM,SERPINE1
MULTIKINASE INHIBITOR AEE788,EGFR
SORAFENIB,FLT4
ORY-1001,GEM
GSK2879552,GEM
PF-9363,GDNF
REGORAFENIB,FLT4
ACTH-(11-24),ANG
COMPOUND 4 [PMID: 21105727],ANPEP
COMPOUND 34 [PMID: 20409708],ANPEP
COMPOUND 48 [PMID: 22364337],ANPEP
CI-1040,MAP2K1
BC-III,BBS1
[3H]AZ11637326,ATF4
TALNETANT,AQP4
SCH 206272,AQP4
HTH-02-006,EWSR1
[3H]BSP,SLCO1B3
GSK-7975A,GTF2H1
2MESADP,APBB2
MRS4174,BIRC3
[3H]MRS2279,APBB2
[3H]HATRAP,APOD
4-AMBA,SLC15A2
(R)-16 [PMID: 32267688],CCND1
AZD7648,F5
DS-7423,F5
SELETALISIB,F5
ZANDELISIB,F5
AZD3458,PIK3CB
AZD3458,F7
PANULISIB,PIK3CB
RS-25344,COL11A2
PROGESTERONE,BDNF
ETHINYL ESTRADIOL,ERCC8
ESTRADIOL VALERATE,ERCC8
PTHRP,APOA4
COMPOUND 8 [PMID: 17480064],CX3CR1
FICLATUZUMAB,HGF
INCLACUMAB,SELP
RP-101075,AMY2A
SPHINGOSINE 1-PHOSPHATE,AMY2A
COMPOUND 7 [PMID: 34333981],FCGR3A
NORZOTEPINE,CD9
GSA-10,ALOX12
AZD8542,ALOX12
SPHINGOMYELIN SYNTHASE 2 INHIBITOR 15W,FUS
COMPOUND D24 [PMID: 24374347],FUS
SRA880,FAS
SORAFENIB,KDR
DOTA-BASS,FASLG
TBK1 PROTAC 3I,FEN1
COMBRETASTATIN A4,GLUL
FIGITUMUMAB,IGF1R
JAK INHIBITOR 17B,TYK2
PANITUMUMAB,EGFR
JQ1,BRD4
CETUXIMAB,PIK3CA
FILANESIB,KIF11
SUNITINIB,EWSR1
SUNITINIB,HMOX1
PATRITUMAB,NRG1
IRINOTECAN HYDROCHLORIDE,PIK3CA
BUPARLISIB,PTEN
PANITUMUMAB,PTEN
TESEVATINIB,KDR
VEMURAFENIB,TF
TRAMETINIB DIMETHYL SULFOXIDE,NF1
FUTIBATINIB,FGFR3
PEMBROLIZUMAB,B2M
OSIMERTINIB,ERBB2
FEDRATINIB,JAK2
BORTEZOMIB,TP53
SUNITINIB,RET
ZOLEDRONIC ACID ANHYDROUS,ALK
FORETINIB,MET
RITUXIMAB,CD274
CETRELIMAB,FGFR3
INFIGRATINIB,FGFR3
PEMBROLIZUMAB,KEAP1
BUTHIONINE SULFOXIMINE,KEAP1
QUIZARTINIB,JAK3
REFAMETINIB,MAP2K1
AKT INHIBITOR MK2206,MAP2K1
IMATINIB,PDGFRB
CETUXIMAB,PIK3CA
PI3K ALPHA/BETA INHIBITOR BAY1082439,PIK3CA
DS-7423,PIK3CA
ONATASERTIB,PIK3CA
INAVOLISIB,PIK3CA
PI3K-ALPHA INHIBITOR TOS-358,PIK3CA
PKI-179,PIK3CA
VELIPARIB,PARP1
RIDAFOROLIMUS,PIK3CA
TOPOTECAN HYDROCHLORIDE,PIK3CA
PEMBROLIZUMAB,POLE
NIVOLUMAB,POLE
NIVOLUMAB,POLD1
ALPELISIB,PTEN
NIRAPARIB,PTEN
TELATINIB,PDGFRB
VOXTALISIB,PTEN
ABIRATERONE ACETATE,PTEN
GEDATOLISIB,PTEN
PILARALISIB,PTEN
DABRAFENIB,PTEN
TIPIFARNIB,PTEN
GANITUMAB,PTEN
C-RAF ANTISENSE OLIGONUCLEOTIDE ISIS 5132,RAF1
M8891,VHL
ZM447439,FYN
AT9283,TYK2
RITUXIMAB,ABCB1
NANOPARTICLE ALBUMIN-BOUND THIOCOLCHICINE DIMER NAB-5404,VEGFA
QUISINOSTAT,HDAC9
PHA-793887,CDK1
SKF-86002,CTNNB1
ADAPALENE,BCHE
APG-2449,ALK
CGP13501,CYP2D6
CLINDAMYCIN,NR1I2
X-396,ALK
BARASERTIB-HQPA,EGFR
ARIPIPRAZOLE LAUROXIL,HTR2A
LATANOPROST,PTGFR
AMOSULALOL,ADRB3
ADUCANUMAB,APP
TRAMETINIB DIMETHYL SULFOXIDE,MAP2K1
PF-03882845,NR3C2
SAROGLITAZAR,PPARA
IODINE I 131 MONOCLONAL ANTIBODY 81C6,TNC
PEPTIDE YY,NPY2R
MUPARFOSTAT,HPSE
GENISTEIN,BDKRB1
DALANTERCEPT,ACVRL1
3-DEAZAADENOSINE,CCR4
VELIPARIB,PTEN
NEVIRAPINE,CYP2D6
ACARBOSE,AMY2A
CITALOPRAM,CYP2C18
SAM68 MODULATOR CWP232291,CTNNB1
ACLIDINIUM,CHRM3
TETRACAINE,SCN8A
9-ANTHROIC ACID,CYP1A2
INTERFERON BETA-1A,IFNAR2
NIFUROXAZIDE,MAPT
CYCLOHEXIMIDE,AR
BUTYRIC ACID,GSTP1
VALDECOXIB,PTGS2
ESMOLOL HYDROCHLORIDE,ADRB1
"2-METHOXY-1,4-NAPHTHOQUINONE",FEN1
PROPAFENONE HYDROCHLORIDE,ADRB2
MILTEFOSINE,TNF
AZILSARTAN MEDOXOMIL,AGTR1
FLUOROURACIL,NOS1
FR173657,BDKRB2
DACOMITINIB ANHYDROUS,ERBB2
HMPL-453,FGFR3
TADEKINIG ALFA,IL18
PRI-724,CREBBP
ALVOCIDIB,CDK7
E163,PTGS1
BIFEPRUNOX,HTR2C
MERCAPTOPURINE,HLA-DQA1
ATENOLOL,ADRB1
[3H]CGS8216,GABRA1
ESTRADIOL VALERATE,ESR1
SEMORINEMAB,MAPT
PYRITHIONE,EHMT2
THEONELLASTEROL F,NR1H4
BOSUTINIB,SRC
BRIMONIDINE,ADRA2A
ITRACONAZOLE,NQO1
AVAGACESTAT,APH1B
DEHYDRATED ALCOHOL,PPA1
SILYMARIN,TGFB1
IRAK-1/4 INHIBITOR,EPHA3
ERYTHROMYCIN,BAX
REGORAFENIB,PDGFRB
"[SAR,D-PHE8,DES-ARG9]BRADYKININ",ASIC1
CETIRIZINE HYDROCHLORIDE,HRH1
CILENGITIDE,ITGB3
PEMBROLIZUMAB,MET
PENTOBARBITAL SODIUM,GABRA1
DIDANOSINE,CYP1A2
LEVONORGESTREL,TP53
CLOBAZAM,GABRA3
PHA-767491,CSNK1D
INCYCLINIDE,MMP2
RPR260243,BAD
LEROCICLIB,CDK4
EGEN-001,IL12B
CHEMBL:CHEMBL553503,EHMT2
PENTAMIDINE ISETHIONATE,IL2
DEXPRAMIPEXOLE,DRD4
MK-2461,DRD1
MORIN,FEN1
PROPYLTHIOURACIL,TPO
PAMIDRONATE,CASR
FLUOROURACIL,CYP19A1
BRIGATINIB,DXO
COMPOUND A34 [PMID: 35635004],SLC26A3
UPIDOSIN,ABCB7
SUNITINIB,RET
ANTIDEPRESSANT AGENT,BDNF
LORAZEPAM,GABRG3
DISULFIRAM,ALDH2
TDE,CYP7B1
LEVODOPA,DRD1
ADAPALENE,RARG
PEMBROLIZUMAB,POLE
CHEMBL:CHEMBL610767,PPARD
DIMETHYLENASTRON,KIF11
I-BET151,BRD4
FLUOCINOLONE ACETONIDE,NR3C1
OXYMETHOLONE,EPO
LEVODOPA,DRD5
DEHYDRATED ALCOHOL,NFE2L2
PAMIDRONATE,CD86
ASM-024,CHRNA3
RO-6870810,BRD4
GFT14,PPARA
ALIZAPRIDE,DRD2
8-CYCLOPENTYLTHEOPHYLLINE,CYP1A2
PIMETHIXENE MALEATE,GMNN
GLYBURIDE,ABCC8
PHENELZINE,MAOA
BREMELANOTIDE,ANK1
MLN-4760,ACE2
THYROTROPIN ALFA,TSHR
GLIMEPIRIDE,ABCC8
CHEMBL:CHEMBL601351,GMNN
ILOPERIDONE,DRD3
EPIGALLOCATECHIN GALLATE,HGF
ILOPERIDONE,DRD1
ILOPERIDONE,ADRA1A
INCB7839,ADAM10
PIDILIZUMAB,PDCD1
AMITRIPTYLINE HYDROCHLORIDE,CYP1A2
DIHYDROERGOTAMINE MESYLATE,DRD1
CHLOROPROCAINE,SCN2A
CHLORTHALIDONE,GAPDH
RECOMBINANT INTERLEUKIN-1,IL1R1
GSK1482160,P2RX7
ROPINIROLE,DRD3
&BETA;-CGRP,ACHE
[3H]-ALMOREXANT,APBB1
ROPINIROLE,DRD4
LAMOTRIGINE,HLA-DRB1
REFAMETINIB,MAPK1
DULOXETINE HYDROCHLORIDE,SLC6A4
TRIAZOLAM,GABRG3
PF3845,CRMP1
CHEMBL:CHEMBL585628,PLK1
ZILEUTON,ALOX5
SAFINAMIDE,SCN2A
TIAPROFENIC ACID,PTGS2
CHEMBL:CHEMBL259784,TP53
BENZOFURAN,AHR
METHYLPHENIDATE HYDROCHLORIDE,ARSA
OCRELIZUMAB,MS4A1
GO-6976,DYRK1A
MECHLORETHAMINE HYDROCHLORIDE,AR
CLODRONIC ACID,IL1B
PEGILODECAKIN,IL10
MK-2461,PDGFRB
CCK-33,CCKBR
RISPERIDONE,HTR2A
ACOTIAMIDE HYDROCHLORIDE,ACHE
P505-15,SYK
NEVIRAPINE,NR1I3
ADENOVIRAL TRANSDUCED HIL-12-EXPRESSING AUTOLOGOUS DENDRITIC CELLS INXN-3001 PLUS ACTIVATOR LIGAND INXN-1001,IL12A
PF-04691502,PIK3CA
GSK-2245035,TLR7
RAPALINK-1,ETFB
TANDUTINIB,PDGFRB
CHEMBL:CHEMBL86464,SUMO1
ADRIAMYCIN,ABCC1
PEPTIDE YY (3-36),NPY2R
AFURESERTIB,AKT3
RECOMBINANT EOTAXIN,FCGR3A
PROCHLORPERAZINE,HTR2A
PX-478,HIF1A
CASP 4 INHIB,BRINP1
BELINOSTAT,HDAC1
JNJ-42165279,FAAH
BIX02188,ERBB4
TRICLOSAN,NFE2L2
BETHANECHOL,CHRM1
ANDECALIXIMAB,MMP9
5-LOX INHIBITOR 2M [PMID: 30199704],CREB1
SNX-5422,HSP90AA1
1-AZAKENPAULLONE,FLT4
PROPRANOLOL HYDROCHLORIDE,ABCB1
USTEKINUMAB,IL23A
BRIOBACEPT,TNFSF13B
SOLIFENACIN,CHRM2
CHEMBL:CHEMBL602970,SMN1
CITALOPRAM,CD9
TAZAROTENE,RXRB
AME-133V,ITGB2
TAMOXIFEN,EDN1
TICAGRELOR,P2RY12
BETAINE,CBS
TRAVOPROST,PTGFR
UPADACITINIB,JAK3
CAROTUXIMAB,ENG
AR-42,HDAC4
KETOPROFEN,CYP2D6
VORAPAXAR,F2RL3
VATALANIB,CSF1R
ARBUTAMINE,ADRB1
ESTRADIOL VALERATE,AR
EGANELISIB,F5
HALOPERIDOL DECANOATE,DRD2
VATALANIB,PDGFRA
6-AMINOCAPROIC ACID,PLG
RECOMBINANT CD40-LIGAND,ITGAL
MW150,CTNNB1
TRIFLUPERIDOL,MTOR
GW7647,USP1
DINOPROSTONE,PTGER4
POMAGLUMETAD METHIONIL,GRM2
PICLIDENOSON,ADORA3
CARTEOLOL,ADRB1
COMPOUND 4 [PMID: 12408711],CASP3
ADENOSINE TRIPHOSPHATE,HSPA8
THIORIDAZINE,CYP2D6
CARBOPLATIN,ATP7A
AST-487,NTRK2
CHEMBL:CHEMBL260213,TP53
BRUCEANTIN,JUN
DIPHENYLPYRALINE,HRH1
DAROTROPIUM BROMIDE,CHRM2
CHEMBL:CHEMBL166486,EHMT2
DAPSONE,CYP2D6
DOXAZOSIN MESYLATE,ADRA1A
CHEMBL:CHEMBL101168,CYP1A2
FLUDIAZEPAM,GABRA3
SAMOTOLISIB,PIK3CA
ETHYNODIOL DIACETATE,ESR1
FLUDIAZEPAM,GABRA1
FENOPROFEN,PTGS2
ARVERAPAMIL,CACNA1S
LURASIDONE HYDROCHLORIDE,ABL1
TEGASEROD MALEATE,ATXN2
DIPHYLLIN,GMNN
CELECOXIB,CDKN1B
PHENYTOIN SODIUM,GGT1
CHEMBL:CHEMBL1915269,NR3C1
PAMIDRONATE,MMP2
L745870,ALDH2
MLKL COMPOUND 1,DRD2
BU08028,APOF
HINOKITIOL,HDAC4
PINDOLOL,ADRB2
ESTRONE,MYC
OCRIPLASMIN,FN1
EVENAMIDE,SCN2A
PROCYCLIDINE,CHRM1
PROMETHAZINE HYDROCHLORIDE,CHRM1
PANOBINOSTAT,HDAC9
CHEMBL:CHEMBL299853,HTT
PROMETHAZINE HYDROCHLORIDE,CHRM3
PROTEASOME INHIBITOR,HIF1A
PROMAZINE,CHRM3
5-METHOXYCANTHINONE,AKT1
PROPANTHELINE,CHRM1
NAMILUMAB,CSF2
PROMAZINE,ADRA1D
SUCCINYLCHOLINE,CHRM1
SETANAXIB,NOX4
CHEMBL:CHEMBL1329443,ATM
SEIMATOPOLIDE A,PPARG
TAMOXIFEN,ESR2
O6-BENZYLGUANINE,CYP2B6
TESTOSTERONE,NR3C1
N-DESMETHYLCLOZAPINE,CYP2D6
MECLOFENAMATE,ALOX5
AVAGACESTAT,PSENEN
TASQUINIMOD,HDAC4
DEXTROAMPHETAMINE SULFATE,ADRA2A
PYRAZOLOPYRIMIDINE 4N,ATP2B3
CHEMBL:CHEMBL538798,ALDH1A1
VALDECOXIB,PTGS2
RECOMBINANT 70-KD HEAT-SHOCK PROTEIN,NQO1
BAICALEIN,ALOX15
DEXTROAMPHETAMINE SULFATE,ADRA1A
CI-218872,HSD17B10
CABERGOLINE,ABCB7
APRACLONIDINE,ADRA2A
CALCITRIOL,VDR
PACLITAXEL,ERBB2
ASENAPINE,DRD2
TASELISIB,PTEN
PEMBROLIZUMAB,STK11
LICOAGRODIN,PTPN1
ISOCONAZOLE,GMNN
GW468816,GRIN2B
NERISPIRDINE,KCNA1
SULOCTIDIL,CACNG2
PEMBROLIZUMAB,B2M
CHEMBL:CHEMBL1448793,SUMO1
CHEMBL:CHEMBL589694,EHMT2
AST-487,CSF1R
ADO-TRASTUZUMAB EMTANSINE,TUBB4B
LIDOCAINE,EGFR
BUPRANOLOL,ADRB2
CHEMBL:CHEMBL588038,SMAD3
TALBUTAL,CHRNA7
ROSIGLITAZONE MALEATE,UCP2
FOSBRETABULIN DISODIUM,TUBB4B
DOCETAXEL ANHYDROUS,PIK3CA
ASPIRIN,PTGIR
CHEMBL:CHEMBL1765371,RPA1
PACLITAXEL,SYK
"IBUPROFEN, SODIUM SALT",COMT
MESORIDAZINE,DRD2
RECOMBINANT TUMOR NECROSIS FACTOR FAMILY PROTEIN,CYP19A1
ASPIRIN,LPA
ANTI-TIM-3 MONOCLONAL ANTIBODY,HAVCR2
IODINE-131-TOSITUMOMAB,MS4A1
ANAKINRA,IL1R1
BRIMONIDINE,ADRA2A
NERISPIRDINE,KCND3
BACLOFEN,GABBR2
ENOTICUMAB,DLL4
ELDELUMAB,CXCL10
VARENICLINE,CHRNB2
MEFENAMIC ACID,CPT1B
MYRICETIN,ALOX15
LORLATINIB,ALK
PLICAMYCIN,CYP1A2
ISOETHARINE MESYLATE,ADRB2
AICA RIBONUCLEOTIDE,CASP3
CANDIDIN,ALDH1A1
SB 206553,CYP1A2
ETRASIMOD,S1PR1
ROMILKIMAB,IL4
SULFURETIN,ALPL
SELUMETINIB,STK11
ZILTIVEKIMAB,IL6
BUTALBITAL,CHRNA7
PERMETHRIN,NR1I2
AVATROMBOPAG,SERPINC1
BENZQUINAMIDE,HRH1
TENECTEPLASE,PLG
APOMORPHINE,TP53
CHLORDIAZEPOXIDE HYDROCHLORIDE,GABRA3
OLANZAPINE,DRD4
CHEMBL:CHEMBL609606,NFE2L2
PURVALANOLA,CYP1A2
CHEMBL:CHEMBL473721,SMN1
VINCRISTINE,GMNN
ML354,APOH
PALBOCICLIB,CDK4
CARBOPLATIN,GSTP1
TACEDINALINE,HDAC9
AST-487,PDGFRA
THIETHYLPERAZINE,HRH1
PICLOZOTAN,HTR1A
ONVANSERTIB,PLK1
CHEMBL:CHEMBL408850,SMN2
EVEROLIMUS,FKBP1A
TETROQUINONE,APEX1
BARASERTIB-HQPA,BLK
GSK2798745,TRPV4
RALFINAMIDE,SCN7A
EPLERENONE,NR3C2
TAZAROTENE,RARB
LACOSAMIDE,SCN9A
CARTEOLOL,ADRB1
ENZALUTAMIDE,AR
NIPRADILOL,ADRB3
CHEMBL:CHEMBL336095,HIF1A
VINCRISTINE,PIK3CA
QUETIAPINE FUMARATE,DRD2
AZ12216052,GRM8
PHENYTOIN SODIUM,VEGFA
IMIPRAMINE HYDROCHLORIDE,CYP2D6
ALCAFTADINE,HRH1
BROMOPRIDE,DRD2
ERYTHROMYCIN,CYP2D6
PENTOSAN POLYSULFATE SODIUM,MMP1
AROTINOID ACID,PLK1
ERLOTINIB,EGFR
CHLOROTHIAZIDE,KCNMA1
PAN-AKT INHIBITOR ARQ751,PIK3CA
RITUXIMAB,PIK3CA
FOSBRETABULIN DISODIUM,BAX
LITHIUM,TPH1
NIRAPARIB,PARP2
NORTRIPTYLINE,HTR1A
SODIUM BUTYRATE,TGM2
1-NAPHTHYLISOTHIOCYANATE,AR
CLOZAPINE,GSTM1
RECOMBINANT CD40-LIGAND,CD40
CHEMBL:CHEMBL1162521,CYP1A2
LORLATINIB,ALK
ROCILETINIB,EGFR
IMATINIB,CSF1R
CHLORPHENIRAMINE POLISTIREX,HRH1
INFLIXIMAB-DYYB,TNF
FLUPHENAZINE HYDROCHLORIDE,DRD2
EMEDASTINE DIFUMARATE,HRH1
GEMTUZUMAB OZOGAMICIN,CD33
PANITUMUMAB,EGFR
IRBESARTAN,AGTR1
PHENYLPROPANOLAMINE POLISTIREX,ADRA1A
EPROSARTAN MESYLATE,AGTR1
TROGLITAZONE,PPARG
WARFARIN POTASSIUM,VKORC1
TINZAPARIN SODIUM,SERPINC1
TINZAPARIN SODIUM,SERPINC1
CALCIFEDIOL ANHYDROUS,VDR
MIRTAZAPINE,HTR2C
ALISKIREN FUMARATE,REN
CYCLOBENZAPRINE,HTR2C
DIFLUPREDNATE,NR3C1
MEDRYSONE,NR3C1
PREDNISONE,NR3C1
PREDNISOLONE,NR3C1
ACEPROMETAZINE,HRH1
ROFLUMILAST,PDE4B
DESERPIDINE,ACE
ROMIDEPSIN,HDAC1
QUINESTROL,ESR2
QUINESTROL,ESR1
DIETHYLSTILBESTROL DIPHOSPHATE,ESR1
DEXAMETHASONE,ANXA1
VINBLASTINE SULFATE,TUBA4A
DOXAZOSIN MESYLATE,ADRA1D
ACAMPROSATE CALCIUM,GRIN3A
FELBAMATE,GRIN2A
TOCILIZUMAB,IL6R
PRAMLINTIDE ACETATE,CALCR
DICLOFENAC POTASSIUM,PTGS1
THEOPHYLLINE SODIUM GLYCINATE,ADORA3
THEOPHYLLINE SODIUM GLYCINATE,ADORA2A
AJMALICINE,ADRA1D
HEPARIN,F10
ACETOHEXAMIDE,KCNJ11
BACLOFEN,GABBR1
BELIMUMAB,TNFSF13B
HYDROXYZINE,HRH1
ABATACEPT,CD86
OCRIPLASMIN,LAMA1
INDOMETHACIN,PTGS1
IPRATROPIUM CATION,CHRM2
DESERPIDINE,SLC18A2
CLOPIDOGREL BISULFATE,P2RY12
ISOPROTERENOL,ADRB1
AFATINIB DIMALEATE,ERBB4
OLODATEROL HYDROCHLORIDE,ADRB2
IXAZOMIB CITRATE,PSMC6
IXAZOMIB CITRATE,PSMD4
LIOTHYRONINE,THRA
MEMANTINE HYDROCHLORIDE,GRIN2A
RG-7167,MAP2K2
MEMANTINE HYDROCHLORIDE,GRIN3A
IRX4310,RARA
RG-7167,MAP2K1
CORT 108297,NR3C1
AZD-7451,NTRK2
CYTARABINE,POLB
AVL-3288,CHRNA7
PESAMPATOR,GRIA4
UROFOLLITROPIN,FSHR
PESAMPATOR,GRIA2
PESAMPATOR,GRIA1
AUS-131,ESR2
ORG-34517,NR3C1
IDOXIFENE,ESR1
BECOCALCIDIOL,VDR
PF-04691502,PIK3CB
PF-04691502,MTOR
MEGESTROL ACETATE,ESR1
MIDAZOLAM HYDROCHLORIDE,GABRG3
MILCICLIB,CDK4
R-343,SYK
PILARALISIB,PIK3R1
TG100-801,FGFR1
MINAPRINE,HTR2A
TG100-801,FRK
TG100-801,PDGFRB
DAROTROPIUM BROMIDE,CHRM3
PF-05212377,HTR6
KRP203,S1PR1
BVT.115959,ADORA2A
AFACIFENACIN,CHRM3
PRS-211375,CNR2
PHENOBARBITAL,GRIA2
INDANTADOL,GRIN3B
PHENOBARBITAL,GABRA1
ALEGLITAZAR,PPARA
AMILORIDE,SCNN1A
TESAGLITAZAR,PPARG
ACOLBIFENE,ESR2
BARDOXOLONE METHYL,PPARG
VOLASERTIB,PLK1
PHENOBARBITAL,GRIK2
VATALANIB,CSF1R
ALBINTERFERON ALFA-2B,IFNAR2
ESKETAMINE,GRIN3B
ESKETAMINE,GRIN2A
GOSOGLIPTIN,DPP4
TAFAMIDIS,TTR
TALAROZOLE,CYP26A1
TAMSULOSIN HYDROCHLORIDE,ADRA1A
ERITORAN TETRASODIUM,TLR4
BREXANOLONE,GABRG3
PRABOTULINUMTOXIN A,SNAP25
TASOSARTAN,AGTR1
RO-6870810,BRD2
RO-6870810,BRD3
THIETHYLPERAZINE,DRD1
CENOBAMATE,GABRA3
DUTOGLIPTIN,DPP4
ACOTIAMIDE HYDROCHLORIDE,ACHE
BAMBUTEROL,ADRB2
IBUDILAST,PDE4B
RG-7841,TUBB4B
TOLTERODINE,CHRM1
AZINTUXIZUMAB VEDOTIN,TUBB4B
CALCIUM OXYBATE,GABBR1
TOREMIFENE,ESR1
SOMAPACITAN,GHR
NITRENDIPINE,CACNA1S
ITOPRIDE,DRD2
BINTRAFUSP ALFA,TGFB1
LEFITOLIMOD,TLR9
MAVELERTINIB,EGFR
CADONILIMAB,PDCD1
ITOPRIDE,ACHE
CYTISINE,CHRNA4
BREPOCITINIB,TYK2
BMS-817399,CCR1
ARVERAPAMIL,SLC25A20
PELABRESIB,BRD2
TILAVONEMAB,MAPT
BEMARITUZUMAB,FGFR2
AMELPARIB DIHYDROCHLORIDE DIHYDRATE,PARP1
PHLOROGLUCINOL,CACNG4
CTS-1027,MMP12
PHLOROGLUCINOL,CACNG2
ERLOTINIB,EGFR
PANITUMUMAB,EGFR
ENMD-2076,FLT4
COPANLISIB,PIK3CD
AVX-470,TNF
DACTOLISIB,PIK3CA
DACTOLISIB,PIK3CB
COPANLISIB,PIK3CB
NEIHULIZUMAB,SELPLG
PEFCALCITOL,ALDH7A1
CHEMBL:CHEMBL609606,HTT
DINOPROSTONE,PTGER3
OXYPHENBUTAZONE,NFE2L2
SM-122,XIAP
CHEMBL:CHEMBL581194,TSHR
SIROLIMUS,FKBP1A
TB-403,PGF
DICUMAROL,NFE2L2
CHEMBL:CHEMBL336095,HSD17B10
CHEMBL:CHEMBL1326164,SMN2
BETULINIC ACID,GSK3B
PILAVAPADIN,AAK1
WISTIN,BRCA1
TETRADECYLTHIOACETIC ACID,KAT2A
CHEMBL:CHEMBL601142,ALDH1A1
IDARUBICIN,WRN
"IBUPROFEN, SODIUM SALT",TARDBP
MTORC1/2 KINASE INHIBITOR BI 860585,MTOR
EUCALYPTIN A,MET
TRIDECAN-1-OL,NFE2L2
NEIHULIZUMAB,SELPLG
SUBEROHYDROXAMIC ACID,HDAC1
AFATINIB,ERBB2
PYROGALLOL RED,TNNI3
TRELANSERIN,AR
SELECTIVE ESTROGEN RECEPTOR MODULATOR TAS-108,ESR1
OXYMETAZOLINE HYDROCHLORIDE,HTR1A
DOCEBENONE,ALDH1A1
FORMONONETIN,HSD17B10
EICOSATETRANOIC ACID,KAT2A
DEHYDROVARIABILIN,SMN2
CHEMBL:CHEMBL379975,KDR
EMODIC ACID,APEX1
ROSMARINIC ACID,POLB
ALLOXAN,VDR
AMP-224,PDCD1
SUNITINIB,NOS3
AMODIAQUINE HYDROCHLORIDE,HPSE
CAPMATINIB,MET
CHLORPROMAZINE,CYP2D6
TESTOSTERONE PROPIONATE,AR
CHLORPROMAZINE HYDROCHLORIDE,PPARD
TROLEANDOMYCIN,CYP1A2
MINOCYCLINE HYDROCHLORIDE,AR
STILONIUM IODIDE,TARDBP
IRIGINOL HEXAACEATATE,VDR
CHEMBL:CHEMBL429095,GAPDH
BIS(DIMETHYLAMINETHIOCARBONYL)MONOSULFIDE,GMNN
(S)-ONDANSETRON,CYP1A2
DOCUSATE,USP1
AMITIFADINE,SLC6A3
DYDROGESTERONE,AR
CHEMBL:CHEMBL592369,POLB
CHLORHEXIDINE GLUCONATE,EHMT2
SULFATINIB,FLT4
INDIRUBIN-3'-MONOXIME,ARSA
SPIRAMIDE,NFE2L2
CHEMBL:CHEMBL1332182,HPGD
CHEMBL:CHEMBL1426508,EHMT2
AMITIFADINE,SLC6A4
DIGITOXIN,GMNN
GAMBOGIC AMIDE,NTRK2
DOCEBENONE,MAPT
U-0126,MAPK1
6-CL-MLT,CYP1A2
TO-901317,TARDBP
OXYBENZONE,HTT
NIACIN,CYP1A2
CHEMBL:CHEMBL56393,ALPL
PHENYLARSINE OXIDE,AR
PRACTOLOL,ADRB1
CHEMBL:CHEMBL2095095,MAPT
LITHOCHOLIC ACID,SNCA
OGLEMILAST,PDE4B
PHA-767491,JAK3
TLR AGONIST CADI-05,TLR9
ADENOSINE TRIPHOSPHATE,ABL1
FLUSPIRILENE,GMNN
CHEMBL:CHEMBL1287980,PLK1
LY-377604,ADRB3
KAINIC ACID,ALDH1A1
GO-6976,CDK5
CHEMBL:CHEMBL1327172,SMAD3
CHEMBL:CHEMBL1312050,FEN1
CAMPTOTHECIN,HIF1A
2-(2'-METHOXYPHENYL)-1H-INDOLE,TARDBP
FLUCONAZOLE,CYP1A2
TRU-015,MS4A1
CHEMBL:CHEMBL1405979,NFKB1
CHEMBL:CHEMBL258756,POLB
TRIAMCINOLONE,NFE2L2
MERCAPTOPURINE,CYP2D6
6-O-BENZYLGUANINE,CYP1A2
PHENELZINE,EHMT2
STICTIC ACID,CASP6
CORONOPILIN,GMNN
CLOTRIMAZOLE,CDK1
ISO-IANTHERAN A,P2RY2
CHEMBL:CHEMBL1517542,SMN1
CHEMBL:CHEMBL1517542,SMN2
RIVAROXABAN,F10
PYRITHIONE,HSP90AA1
CHEMBL:CHEMBL404916,KAT2B
NOCODAZOLE,TUBB4A
NOCODAZOLE,TUBA4A
CHEMBL:CHEMBL578257,MAPT
GINSENOSIDE RG3,SIRT1
TANSHINONE IIA,HSD17B10
ZEARALENONE,PTK2B
BUTYRIC ACID,HDAC6
SULFURETIN,GAA
BITHIONOLOXIDE,SUMO2
METHYSTICIN,NFE2L2
CHEMBL:CHEMBL271023,VDR
MRS1220,HSD17B10
MACROCARPAL B,MET
RAZOXANE,EHMT2
ALEXIDINE HYDROCHLORIDE,USP1
NORLEUCINE,HNF1A
KURARINONE,BACE1
CHEMBL:CHEMBL466465,NFKB1
DOCEBENONE,RGS4
AZOSEMIDE,NFE2L2
CURCUMIN PYRAZOLE,PTGS1
ATRASENTAN,EDNRA
RUTAECARPINE,SMN1
CHEMBL:CHEMBL230686,SRC
HEXACHLOROPHENE,USP1
CHEMBL:CHEMBL2094567,TARDBP
VANDETANIB,KDR
AM-630,TSHR
CORTICOSTERONE,AR
TERFENADINE,MTOR
APOMORPHINE,EHMT2
PIRARUBICIN,FEN1
BENZO(K)FLUORANTHENE,NR3C1
ROTTLERIN,KAT2A
9-ANTHROIC ACID,HSD17B10
VANDETANIB,ALK
CHEMBL:CHEMBL1243244,NPC1
CRYPTOTANSHINONE,ALDH1A1
CHEMBL:CHEMBL530499,NFE2L2
ISOBOLDINE,CASP1
RINFABATE,IGF1R
THIOCTIC ACID,SLC2A1
CHEMBL:CHEMBL585269,EHMT2
SILODOSIN,ADRA1A
ALPRAZOLAM,HPGD
ABSCISIC ACID,NFE2L2
INDIRUBIN-3'-MONOXIME,EHMT2
NICLOSAMIDE,AHR
"2,6-DIMETHOXYQUINONE",MAPT
BUSULFAN,CYP1A2
DANTROLENE,MAPT
RU 24969,CYP1A2
CHEMBL:CHEMBL592558,RAD52
TETRACYCLINE,CYP2D6
BIS(DIMETHYLAMINETHIOCARBONYL)MONOSULFIDE,EHMT2
AROTINOID ACID,NFE2L2
CHEMBL:CHEMBL408850,NFKB1
SB203580,MAPK8
SURAMIN,EHMT2
METHYLPHENIDATE HYDROCHLORIDE,SLC6A3
CHEMBL:CHEMBL2002849,HTT
ROSE BENGAL,VDR
UROFOLLITROPIN,FSHR
TOLONIUM CHLORIDE,FEN1
SURAMIN,SIRT1
CHEMBL:CHEMBL1210769,CASP6
EFAROXAN,DRD1
GW7647,EHMT2
BENZO(K)FLUORANTHENE,NFKB1
TOLONIUM CHLORIDE,AR
CHEMBL:CHEMBL86464,EHMT2
CHEMBL:CHEMBL1388908,GMNN
"7,8-DIHYDROXYFLAVONE",HSD17B10
"2,6-DIMETHOXYQUINONE",VDR
IDARUBICIN,ATXN2
GAMBOGIC ACID,TXN
BARASERTIB-HQPA,FLT4
PAGOCLONE,GABRG3
GW441756X,SYK
CHEMBL:CHEMBL588038,ATXN2
CAPSAICIN,ALDH1A1
METHYL 7-DESHYDROXYPYROGALLIN-4-CARBOXYLATE,ALDH1A1
VATALANIB,KDR
AMIFAMPRIDINE PHOSPHATE,NAT2
ABEMACICLIB,ESR1
AMIFAMPRIDINE,NAT2
AVATROMBOPAG,F5
ALPROSTADIL,PTGER2
ATEZOLIZUMAB,EGFR
AVATROMBOPAG,F2
CARBAMAZEPINE,HLA-A
DEXTROMETHORPHAN POLISTIREX,CYP2D6
CLOZAPINE,CYP2D6
ABT-510,FGF2
THYROTROPIN,FGF2
SIROLIMUS,FKBP4
RECOMBINANT INTERFERON BETA,FOS
ANTI-ANDROGEN,FST
ADENOVIRUS VECTOR,FST
PRASTERONE,GAL
BACLOFEN,GABBR1
RECOMBINANT INHIBIN,FST
ANESTHETIC AGENT,GAPDH
THYROTROPIN ALFA,GALP
TAMOXIFEN,GAPDH
STAUROSPORINE,GFAP
SODIUM BUTYRATE,GFAP
FRAMYCETIN,GYPA
LY-518674,PPARA
METHOTREXATE,HGF
DIENESTROL,ESR1
STALLIMYCIN,HMGB1
DOXAZOSIN MESYLATE,ADRA1D
RECOMBINANT 70-KD HEAT-SHOCK PROTEIN,HSF1
RANITIDINE HYDROCHLORIDE,HSPA4
CETRORELIX,HSPD1
ASCORBIC ACID,HSPB1
TUROFEXORATE ISOPROPYL,NR1H4
PROPRANOLOL HYDROCHLORIDE,HSPB2
RECOMBINANT PROTHYMOSIN ALPHA,IFNA1
RECOMBINANT PROTHYMOSIN ALPHA,IFNA1
STAUROSPORINE,IGF1R
ANASTROZOLE,IGF2
SANDOSTATIN,IGFBP1
INTERFERON ALFA-2B,IFNG
3-[(3-(2-CARBOXYETHYL)-4-METHYLPYRROL-2-YL)METHYLENE]-2-INDOLINONE,IGF2
C1 ESTERASE INHIBITOR,SERPING1
RECOMBINANT INTERLEUKIN-1-BETA,IFNG
DROLOXIFENE,IGFBP1
FLUOROURACIL,IL11
ERYTHROMYCIN,IL17A
MANNITOL,IL17A
HYDROXYCHLOROQUINE,IL1A
AUTOANTIGEN,IL1B
INTERLEUKIN-2 GENE,IL2RA
SELECTIVE ESTROGEN RECEPTOR MODULATOR,IL6
INTERFERON ALFA-2B,IL6
ACE INHIBITOR,CXCL8
DEOXYSPERGUALIN,CXCL8
TRIFLUOPERAZINE,LIPA
TARAFENACIN,CHRM3
EVEROLIMUS,MTOR
ANABOLIC STEROID,LPL
INOSITOL,LPL
RECOMBINANT TRANSFORMING GROWTH FACTOR-BETA-2,MAPK14
ACE INHIBITOR,MAPK8
SELECTIVE ESTROGEN RECEPTOR MODULATOR,MAPK3
INCOMPLETE FREUND'S ADJUVANT,MLANA
PRASUGREL,P2RY12
DEHYDRATED ALCOHOL,MT1JP
MANNOMUSTINE,MYO9B
DRUGSATFDA.NDA:008378,MYC
PREDNISONE,MYC
SIROLIMUS,NOS1
PARABEN,CA2
RECOMBINANT INTERFERON BETA,NTF3
ESTRADIOL VALERATE,NTRK1
VESNARINONE,NT5E
RABEPRAZOLE,FGFR2
METHOTREXATE,NTRK1
GAMMA-INTERFERON,NTRK1
RAS INHIBITOR,PIK3CA
RAZOXANE,PLAU
ESTRADIOL VALERATE,PLAU
ALPHA-ADRENERGIC AGONIST,PRL
METHYLPHENIDATE HYDROCHLORIDE,PRL
CYPROHEPTADINE HYDROCHLORIDE,PRL
PTC299,ALOX5
SULINDAC SULFIDE,PTGS2
TLR7 AGONIST 852A,TLR7
ANTINEOPLASTIC AGENT,PTEN
GINGER ALLERGENIC EXTRACT,PTGS1
BINDARIT,CCL2
BERBERINE,SLC6A4
ASPIRIN,PLA2G4A
USTEKINUMAB,IL23A
HCBE-11,LTBR
ASPIRIN,F13A1
FLUOROURACIL,EGFR
ASUNAPREVIR,IFNL3
PENICILLIN V,HLA-B
PSI-697,SELP
CLAVULANIC ACID,HLA-B
LAMIVUDINE,HLA-B
PAREGORIC,CYP2B6
TICLOPIDINE,CYP2B6
FLUOROURACIL,CSPG4
FLOXACILLIN,HLA-DRB1
TICLOPIDINE,HLA-DRB1
OXAZINE 89,BACE1
TRANDOLAPRIL,GRK5
TABERMINOGENE VADENOVEC,FLT4
ETIDRONIC ACID,FDPS
MOTESANIB,FLT4
ABEXINOSTAT,HDAC9
CG-200745,HDAC9
ELACESTRANT,ESR1
VUDALIMAB,PDCD1
TEBOTELIMAB,PDCD1
TEZACAFTOR AND IVACAFTOR,CFTR
DIPHENYLPYRALINE,HRH1
NOV-002,GSR
BELINOSTAT,HDAC9
AZD4877,KIF11
GLESATINIB,KDR
COBIMETINIB,MAP2K1
PRINOMASTAT,MMP14
MET TYROSINE KINASE INHIBITOR SGX523,MET
PF-04691502,PIK3CA
PILARALISIB,PIK3CA
ISOPROTERENOL,ADRB1
PANOBINOSTAT,SIRT1
ALTROPANE,SLC6A3
XEVINAPANT,BIRC2
ENOTICUMAB,DLL4
ANASTROZOLE,CYP19A1
1D09C3,HLA-DRA
4SC-202,HDAC1
ABT-510,CD36
THEOPHYLLINE,PDE4B
AXITINIB,PDGFRB
BERAPROST,PTGIR
ULODESINE,PNP
CHEMBL:CHEMBL247471,APH1A
OLANZAPINE,DRD4
OLANZAPINE,ADRA1A
OLANZAPINE,DRD1
OLANZAPINE,DRD3
ABATACEPT,CD86
PANOBINOSTAT,HDAC3
DENINTUZUMAB MAFODOTIN,CD19
TRAMADOL,HTR2C
ROFLUMILAST,PDE4B
PALIFERMIN,HSPG2
PALIFERMIN,FGFR3
RISPERIDONE,DRD2
RECOMBINANT NEMATODE ANTICOAGULANT PROTEIN C2,F7
RIMCAZOLE,SIGMAR1
SAFINAMIDE,SCN8A
LIFITEGRAST,ICAM1
AUTOLOGOUS CD19CAR-CD28-CD137/CD27/CD3ZETA-ICASP9-EXPRESSING T-LYMPHOCYTES,CD19
LIFITEGRAST,ITGAL
DOXEPIN HYDROCHLORIDE,CHRM2
DOXEPIN HYDROCHLORIDE,HTR2C
HUMAN CALCITONIN,CALCR
CARBOPROST TROMETHAMINE,PTGFR
SF1126,PRKDC
QUETIAPINE FUMARATE,HTR2C
TALAROZOLE,CYP26A1
IVACAFTOR,CFTR
XL418,AKT1
XL820,PDGFRB
DEXTROMETHORPHAN POLISTIREX,SLC6A4
XL418,RPS6KB1
XL765,PIK3CD
FUMAGILLIN-DERIVED POLYMER CONJUGATE XMT-1107,METAP2
IBANDRONATE,FDPS
SMAC MIMETIC GDC-0917,XIAP
ALCAFTADINE,HRH1
AMBENONIUM,ACHE
ALCLOMETASONE,NR3C1
TINZAPARIN SODIUM,SERPINC1
CEVIMELINE,CHRM3
DESOXIMETASONE,ANXA1
DESFLURANE,GABRA1
VALBENAZINE TOSYLATE,SLC18A2
TRILOSTANE,ESR2
IRBESARTAN,AGTR1
BI-853520,PTK2
LATANOPROST,PTGFR
DACTOLISIB,PIK3CG
CARTEOLOL,ADRB1
ALTEPLASE,FGA
METHOTRIMEPRAZINE,ADRA1D
MEPHOBARBITAL,GABRA3
GLYCOPYRRONIUM,CHRM1
NEPAFENAC,PTGS1
PYRILAMINE,HRH1
MEPINDOLOL,ADRB3
PENTOBARBITAL SODIUM,GABRA1
PANITUMUMAB,EGFR
PENTOBARBITAL SODIUM,CHRNA7
PIRENZEPINE,CHRM1
PALIPERIDONE,HTR2A
PILSICAINIDE,XK
ADAPALENE,RXRB
SARPOGRELATE,HTR2A
OXYPHENCYCLIMINE,CHRM1
TAMOXIFEN,ESR1
LIDOCAINE,SCN9A
PHENELZINE,MAOA
TOLPERISONE,CAV1
"COAGULATION FACTOR X, HUMAN",F10
YOHIMBINE,ADRA2A
AEW-541,IGF1R
BELIMUMAB,TNFSF13B
WP-1066,STAT3
IMO-2055,TLR9
LUMATEPERONE,SLC6A4
SAPANISERTIB,MTOR
AUTOLOGOUS PROSTATE CANCER ANTIGEN-EXPRESSING DENDRITIC CELL VACCINE BPX-101,CD40LG
NAPHAZOLINE,DRD2
CHLOROTHIAZIDE,CA2
PREDNISOLONE,NR3C1
DAGLUTRIL,MME
ALFUZOSIN,ADRA1D
ANISINDIONE,F2
DACINOSTAT,HDAC1
UE2343,HSD11B1
TEBIPENEM,CNR1
BETAMETHASONE,NR3C1
CAROTUXIMAB,ENG
CHOLIC ACID,PLA2G1B
CP-122721,TACR1
METHYLDOPA ANHYDROUS,DRD2
SAPROPTERIN,TH
METHOXY POLYETHYLENE GLYCOL-EPOETIN BETA,EPOR
CITALOPRAM,SLC6A4
DEXTROTHYROXINE SODIUM,THRA
ESTRADIOL CYPIONATE,ESR1
MIDAZOLAM HYDROCHLORIDE,TSPO
IMC-CS4,CSF1R
ADEMETIONINE,TF
ELAFIBRANOR,PPARA
ELAFIBRANOR,PPARD
BUTAPROST,PTGFR
BUTABARBITAL,GABRA1
DROMOSTANOLONE,AR
DULOXETINE HYDROCHLORIDE,SLC6A4
FROVATRIPTAN,A1BG
ENOXAPARIN SODIUM,SERPINC1
KETOTIFEN FUMARATE,HRH1
LURASIDONE HYDROCHLORIDE,DRD2
PRINOMASTAT,MMP2
TENOXICAM,PTGS2
GSK690693,AKT3
APABETALONE,BRD4
PICTILISIB,PIK3CG
PRADIGASTAT,DGAT1
ANDEXANET ALFA,F10
NARATRIPTAN,A1BG
3-ISOBUTYL-1-METHYL-7H-XANTHINE,ABAT
CP 93129,A1BG
OCAPERIDONE,A1BG
MRS923,ABCA1
IMARADENANT,ABCA2
NAMODENOSON,ABCA2
VILAZODONE HYDROCHLORIDE,A1BG
RACLOPRIDE,A1BG
BAY-069,GRIA4
&ALPHA;-METHYL-5-HT,A2MP1
Z-DQMD-FMK,CASP3
OCAPERIDONE,A2M
AM10257,CNR2
WIN55212-2,CNR2
LENABASUM,CNR2
DESULFATED GASTRIN-71,CCKBR
PIPOTHIAZINE,ABCD1
DOPAMINE,ALDH2
FENOLDOPAM MESYLATE,ALDH2
SULPIRIDE,ALDH1A1
COMPOUND 18J [PMID: 35446588],DXO
ROXINDOLE,A2MP1
AG1478,DXO
AUMOLERTINIB,DXO
ALLITINIB,DXO
HB-EGF,DXO
BETACELLULIN,DXO
TG8-260,APOC1
NEUREGULIN-3,ERBB4
TERGURIDE,A2MP1
CYANOPINDOLOL,A2MP1
(S)-LIQUIRITIGENIN,ESR2
FULVESTRANT,ESR2
ESTRADIOL VALERATE,ESR2
"R,R-THC",ESR2
BIOCHANIN A,BDKRB1
NBI-59159,SLC1A1
[3H]D-ASPARTIC ACID,SLC1A1
ASPARTIC ACID,CBLB
EPOETIN ALFA,DHCR24
BIA 10-2639,CRMP1
L838417,ARNT
[3H]GABAZINE,ARR3
TBPS,ARR3
TBPS,STS
GSK1614343,ALOX15
YIL781,ALOX15
NVP-AAM077,GRIN2A
LY233053,GRIN2A
&ALPHA;-METHYL-5-HT,HTR2C
METHYLERGONOVINE,HTR2C
N-OLEOYLDOPAMINE,ADH1C
OXYMETAZOLINE HYDROCHLORIDE,HTR2C
COMPOUND 1 [PMID: 21939274],ADH1C
MS48107,ADCY8
ML 10302,NAT1
CGEN-856,ADRA2A
FENTANYL CITRATE,APOF
NALBUPHINE HYDROCHLORIDE,APOF
VILAZODONE HYDROCHLORIDE,NAT1
MIANSERIN,HTR2C
&ALPHA;-CONOTOXIN-GIC,CHRNA3
&ALPHA;-BUNGAROTOXIN,SERPINC1
SB 699551,NAT2
SB 414240,AQP4
RFRP-3,ANXA1
SB-649868,APBB1
&ALPHA;&BETA;-MEATP,ATP1A3
BZATP,ATP1A3
2MESADP,BIRC2
CANGRELOR,APEX1
SURAMIN,BIRC2
MIANSERIN,SERPINA3
2MESADP,APBB2
PLATELET ACTIVATING FACTOR,APLP2
EUROPIUM-LABELLED INSL5,KLK3
JNJ-18038683,SERPINA3
SURAMIN,RYR2
VALSPODAR,CA9
[125I]RELAXIN-3 (HUMAN),KLK3
[125I]LTT-SRIF-28,FAS
CORTISTATIN-14,FAS
"DES-AA1,5-[TYR2,D-TRP8,IAMP9]SRIF",FAS
ANALOG 32 [PMID:18543899],FASLG
COMPOUND 13R [PMID: 23639540],DNM2
BIM 23068,AQP1
ADU-S100,GRIN1
DEHYDRATED ALCOHOL,TRPV6
ILOMASTAT,ADAM10
PF-06263276,TYK2
COMPOUND 13 [PMID: 34333981],TYK2
"[125I]N-BIOTIN-[AHX0, BPA3]U-II (HUMAN)",UTS2R
ROXINDOLE,ABCB7
DESMOPRESSIN,AR
MOZAVAPTAN,AR
ARGIPRESSIN,AR
CIRAZOLINE,ABCB7
COMPOUND 2C [PMID: 24900538],FKBP1AP1
ABZ-SER-PRO-TYR(NO2)-OH,ACE2
HG2+,KLF5
PACLITAXEL,EGFR
SUNITINIB,PDGFB
FLUOROURACIL,DPYD
EVEROLIMUS,PTEN
ROLOFYLLINE,ABAT
PACLITAXEL,STMN1
TEMOZOLOMIDE,ATM
RUCAPARIB,BRCA1
PEMBROLIZUMAB,PTEN
APADENOSON,ABCA1
TRABECTEDIN,PARP1
MRS1132,ABCA1
MITOGEN-ACTIVATED PROTEIN KINASE KINASE INHIBITOR,MET
SUNITINIB,RET
CONATUMUMAB,CASP8
LOMUSTINE,EGFR
MRS1754,ABCA2
PATRITUMAB DERUXTECAN,ERBB3
PREXASERTIB,MYC
TONAPOFYLLINE,ABCA2
PANOBINOSTAT,HDAC9
RIBOCICLIB,ALK
VINCRISTINE SULFATE,ALK
VELIPARIB,ATM
GVAX,B2M
DANUSERTIB,EEF2
COMPOUND 17C [PMID: 25497965],ASIC2
COMPOUND 5B  [PMID: 31287314],HIP1
GAMBOGIC AMIDE,AKT1
"7,3'-DIMETHOXYFLAVONE",SMN1
SIROLIMUS,TP53
FLUMAZENIL,GABRG3
REGRELOR,P2RY12
SERTINDOLE,A2M
ARI-3099,FMO3
TELOTRISTAT ETHYL,LTB4R
SEMULOPARIN SODIUM,SERPINC1
ASPIRIN,FSIP1
NICARDIPINE,EHMT2
EVACETRAPIB,CETP
GW842166,CNR2
TRYPTOPHAN,IDO1
RELAXIN,APP
AKT INHIBITOR MK2206,PIK3CA
MEPHENYTOIN,SCN9A
CCK-39,CCKAR
AV-203,ERBB3
PHLOROGLUCINOL,CACNA1A
SUBEROHYDROXAMIC ACID,HDAC4
PROPYLPARABEN,NFE2L2
GASTRIN-71,CCKBR
LASALOCID A SODIUM,SMAD3
[3H]DEVAZEPIDE,CCKAR
DERAZANTINIB,FGFR3
GASTRIN-34,CCKBR
TAMOXIFEN,ESR1
RAGAGLITAZAR,CCND1
SR146131,CCKAR
PAN-AKT INHIBITOR ARQ751,PTEN
DIENESTROL,NFE2L2
CHEMBL:CHEMBL429095,LHCGR
RESMINOSTAT,GART
AZD3965,CDC5L
EMBELIN,PIN1
SORAFENIB,KDR
LEVAMISOLE,CYP2B6
MOCLOBEMIDE,MAOA
DIPHENIDOL HYDROCHLORIDE,CHRM1
BUPIVACAINE,BBS1
COMPOUND 17 [PMID: 23642479],ELANE
BELINOSTAT,HDAC4
NANAOMYCIN,USP1
EVANS BLUE,USP1
LOMERIZINE,GMNN
NIVOLUMAB,CD274
GLESATINIB,MET
OCEDURENONE,NR3C2
TOMIVOSERTIB,ELAVL2
POLATUZUMAB VEDOTIN,GPER1
OCRIPLASMIN,COL18A1
GLPG1837,CFTR
TRAZODONE,HTR2C
ABEDITEROL,ADRB2
NS5818,TSPO
MESALAMINE,PTGS1
VENLAFAXINE,SLC6A4
KETANSERIN,ABCB7
PTBE,ANPEP
CP-673451,DPP4
LIOTHYRONINE,PIK3CG
CRYPTOTANSHINONE,POLB
SAPONARIN,PRKAA1
CHEMBL:CHEMBL379975,SYK
SIROLIMUS,ITGAL
ERGOCALCIFEROL,VDR
"IBUPROFEN, SODIUM SALT",CPT1B
GLYCINE,GRIN2A
GLYCYRRHIZIC ACID,SLCO1B3
TG-100-115,F5
NBI-34041,ALAS2
INCB086550,CD274
ANTINEOPLASTIC ANTIBIOTIC,DHFR
TISLELIZUMAB,PDCD1
TOPICAL CORTICOSTEROID,TP53
CHEMBL:CHEMBL595911,AR
CHEMBL:CHEMBL85826,SMN2
AZASERINE,NTS
UROCORTIN 1,ALB
INTERFERON GAMMA-1B,IFNGR2
AMYLIN,ACHE
IMATINIB,ABCB1
TAMOXIFEN,COL18A1
AC187,ACHE
OLANZAPINE,CHRM1
LITIFILIMAB,HLA-G
PROPOFOL,SCN9A
PBF-509,ADORA2A
TIVOZANIB,FLT4
FELBAMATE,GRIN1
KBP-066,ACHE
CHEMBL:CHEMBL578257,ATXN2
CHEMBL:CHEMBL1526167,ATXN2
FULVESTRANT,ESR1
VB-201,PTGS2
XL019,EPHB2
CARBENOXOLONE,C3
PHA-767491,MAPKAPK2
LOXOPROFEN,PTGS1
KU-55933,ATM
ACID BLUE 129,POLB
SURAMIN,PIK3CA
DAGLUTRIL,MME
METHYL 7-DESHYDROXYPYROGALLIN-4-CARBOXYLATE,HPGD
SY-5609,EIF2S1
FLIBANSERIN,HTR2A
ST-1535,ADORA2A
RHAMNETIN,THRB
ANDROSTENEDIONE,KLK3
SDZ 64-412,APLP2
MABP1,IL1A
GLOFITAMAB,MS4A1
PTEROSTILBENE,MAPT
DIPROPYL-5-CT,A2MP1
CTS-1027,MMP9
BINIMETINIB,MAP2K2
ALPROSTADIL,APOB
NORADRENALINE,ALCAM
PLICAMYCIN,CYP2D6
Y-KE88,FASLG
VOFATAMAB,FGFR3
PRAVASTATIN SODIUM,ABCG2
ROXINDOLE,ALDH2
FAS LIGAND,CASP3
TIROFIBAN HYDROCHLORIDE,ITGB3
KETOCONAZOLE,ABCB1
TIP39-(7-39) (HUMAN/BOVINE),XIAP
CERITINIB,ALK
MOFAROTENE,RXRA
DDO-3055,CXCR3
FLUORESCEIN,SMAD3
FLUCONAZOLE,TARDBP
CURCUMIN,GLI1
METHIXENE HYDROCHLORIDE,HTR2C
LAPATINIB,EGFR
PRASTERONE,IL2
PEGINTERFERON ALFA-2A,HLA-B
OXPRENOLOL,ADRB2
MRS1220,CYP1A2
EGF,DXO
VALPROIC ACID,HDAC1
RETINOIC ACID AGENT,RARB
QUINELORANE,ALDH1A1
ATRELEUTON,ALOX5
IMC-3C5,FLT4
INFLIXIMAB-DYYB,IL6
CELECOXIB,CACNA1S
DOXORUBICIN HYDROCHLORIDE,CYP1A2
CHEMBL:CHEMBL526776,NPC1
TRIFLUOPERAZINE HYDROCHLORIDE,GMNN
ZAPRINAST,ALOX15
LY-2090314,PKN2
TAPRENEPAG,APOC1
ANTHRALIN,EHMT2
OXENDOLONE,AR
TICLOPIDINE,HLA-DQB1
BUTAPROST (FREE ACID FORM),APOC1
ABIETIC ACID,RARA
RECOMBINANT HEREGULIN,GPI
CYCLOSPORINE,IL15
CLAVULANIC ACID,PTPN22
RUPATADINE,APLP2
MINODRONIC ACID,CXCR5
J27644,GART
CYCLOSERINE,HIF1A
EPIGALLOCATECHIN GALLATE,HMGB1
LEO-15520,MAPK14
IBRUTINIB,EN1
AFATINIB,EN1
FALNIDAMOL,EN1
TIAGABINE HYDROCHLORIDE,SLC6A1
AKT INHIBITOR MK2206,AKT1
FENRETINIDE,TP53
PROCHLORPERAZINE,IL2
FERB 033,ESR2
LTK-14,GLI3
VORINOSTAT,CFTR
BLINATUMOMAB,GLRA2
LAPATINIB,EGFR
VARENICLINE,CHRFAM7A
PUROMYCIN,TAC1
ALFAXALONE,AR
[3H]CGS8216,ARR3
DS-7423,PIK3CB
FEPRAZONE,NFE2L2
CYTISINE,CHRNB2
LP-12,ABCD1
BENZPHETAMINE,ADRA1A
PRUCALOPRIDE,NAT1
TBPS,ARSA
TRICHOSTATIN A,HDAC4
UNC0638,GCNT2
CLOTRIMAZOLE,MAPK1
UCPH-101,CBLB
&ALPHA;-MSH,ANK1
RANITIDINE HYDROCHLORIDE,PTH
PRAVASTATIN SODIUM,LPL
NE97220,BLVRA
RETASPIMYCIN,HSP90AA1
JZL195,CRMP1
ZAGOTENEMAB,MAPT
CHEMBL:CHEMBL259421,SMN1
CHEMBL:CHEMBL1405979,BRCA1
PHENYTOIN SODIUM,PSORS1C3
NICARDIPINE,ATXN2
[18F]FLUOROETHYLFLUMAZENIL,ARNT
CHEMBL:CHEMBL1304363,NFE2L2
AZ13102909,FEN1
ADENOVIRUS VECTOR,CR2
VINCRISTINE,SMAD3
[18F]FLUOROETHYLFLUMAZENIL,ARR3
METHYLDOPA ANHYDROUS,APEX1
LASALOCID A SODIUM,AR
PROTEASOME INHIBITOR,CD86
LGD-2941,AR
AL-78898A,C3
HCBE-11,LTBR
CTS-1027,MMP8
MEPHOBARBITAL,CHRNA7
CGS-27023A,DBT
CHEMBL:CHEMBL581225,ERG
GAMBOGIC ACID,HSP90AA1
PUCOTENLIMAB,PDCD1
HYDROXYCHLOROQUINE,TLR7
LICOFELONE,ALOX5
A-123189,ABCB7
DESOGESTREL,AR
DAPITANT,TACR1
FIBOFLAPON SODIUM,ALOX5AP
LETAXABAN,F10
OGERIN,ADCY8
&GAMMA;-KTX1.7,BAD
TADALAFIL,COMP
SEMAXANIB,DPP6
RP-8-CPT-CGMPS,PRKG1
SACITUZUMAB GOVITECAN,UTS2R
CHEMBL:CHEMBL527271,TARDBP
IL-18,FCGR3B
CHEMBL:CHEMBL1256776,EHMT2
STAUROSPORINE,IL2RA
ATROPINE,CXCL10
LY-2090314,PRKCG
ERGOCALCIFEROL,EHMT2
"2',BETA-DIHYDROXYCHALCONE",HPGD
ABBV-3373,NR3C1
NEZULCITINIB,JAK3
CRISABOROLE,PDE4B
CORTICOTROPHIN-RELEASING HORMONE,ALAS2
CHROMOCARB,ADORA3
LISOCABTAGENE MARALEUCEL,CD19
LETROZOLE,PTEN
KYNURENIC ACID,HSD17B10
SULFASALAZINE,ACAT1
HYDROQUINONE,TYR
ESTRADIOL VALERATE,ESR1
RAVULIZUMAB,CHRNA3
BINTRAFUSP ALFA,CD274
PHENELZINE,MAOB
SB203580,CTNNB1
DAPSONE,CYP1A2
DESOXYCORDIFOLINE,ACHE
ASPIRIN,IL1B
LESOGABERAN,ALOX5
ASENAPINE MALEATE,DRD2
HUMAN GIP(5-30)NH2,ALPI
PEGVISOMANT,GHR
ETHISTERONE,AR
TEBUFENOZIDE,NFE2L2
IBUTAMOREN,ALOX15
ESTRADIOL VALERATE,LEP
AMITRIPTYLINE HYDROCHLORIDE,SLC6A4
LSN3318839,ALPL
"INSULIN ASPART PROTAMINE, HUMAN",INSR
DARGLITAZONE,NFE2L2
METHYLCURCUMIN,ERBB2
REGORAFENIB,FLT4
AMP-224,PDCD1
AMP-224,PDCD1
GYKI53784,GRIA3
H-151,GRIN1
MARAVIROC,CCR5
TL6,TYMP
SORAFENIB,VEGFA
"COMPOUND 2 [MAURER ET AL., 2012]",SIRT5
BENZO(K)FLUORANTHENE,RXRA
D-CCPENE,GRIN2A
NIACIN,CYP2D6
ESTRADIOL VALERATE,ESR1
UBP141,GRIN2A
BUTABARBITAL,GABRA3
L689560,GRIN2A
ASPARTIC ACID,GRIN2B
RO-0505124,CDK4
METHYLFURMETHIDE,KAT2A
PIOGLITAZONE HYDROCHLORIDE,PPARG
DL-TRYPTOPHAN,ALOX15
GLYCINE,GRIN2A
NATALIZUMAB,ITGA4
D-AP5,GRIN2A
NERISPIRDINE,KCNS3
NMDA,GRIN2A
EVT-101,GRIN2B
GLYCINE,GRIN2A
TESTOSTERONE,BAX
TENOXICAM,PTGS1
CHEMBL:CHEMBL56393,EHMT2
TREMELIMUMAB,CTLA4
5-MEO-DMT,HTR1A
TAK-733,MAP2K1
DIZOCILPINE,GRIN2B
CARBOPLATIN,TP53
CLOZAPINE,FAAH
ADRIAMYCIN,E2F1
EVEROLIMUS,MTOR
RAF-265,KDR
IDELALISIB,F7
MPA,CD44
"5-QUINOXALIN-6-YLMETHYLENE-THIAZOLIDINE-2,4-DIONE",MTOR
CHEMBL:CHEMBL429095,USP1
PROPOFOL,DRD2
NEUROPEPTIDE-Y,NPY2R
EDROPHONIUM CHLORIDE,ACHE
AMITRIPTYLINE HYDROCHLORIDE,NEFM
1-NAPHTHYLISOTHIOCYANATE,AHR
TRICHOSTATIN A,CYP27B1
U-0126,HPGD
CALCIUM OXYBATE,GABBR2
OLANZAPINE,DRD2
VITAMIN B6,HP
CHEMBL:CHEMBL68096,WRN
ETICLOPRIDE,CYP1A2
RALFINAMIDE,GRIN3B
CERITINIB,ALK
CAY10441,APOC3
IDASANUTLIN,ALK
ANTINEOPLASTIC AGENT,TGM2
CHEMBL:CHEMBL515617,NFE2L2
BECLOMETHASONE DIPROPIONATE,BGLAP
FORMONONETIN,SMN2
PROPOXYCAINE HYDROCHLORIDE,SCN2A
PALMIDROL,ADH1C
METHYLPHENIDATE HYDROCHLORIDE,TH
VANDETANIB,PDGFRA
NERATINIB,ERBB2
BACLOFEN,FOS
THYROXINE,IL18
ANESTHETIC AGENT,TNF
ZN2+,ADARB2
AVAPRITINIB,PDGFRA
FULVESTRANT,XIAP
"WIN 62,577",GMNN
GEDATOLISIB,PIK3R1
FLIBANSERIN,CYP2D6
TRAMETINIB DIMETHYL SULFOXIDE,MAP2K1
SIBUTRAMINE,SLC6A3
SALMON CALCITONIN,ACHE
GENISTEIN,BDKRB2
EBSELEN,GMNN
CHEMBL:CHEMBL1091137,ESR1
TREQUINSIN HYDROCHLORIDE,MAPK1
TEPRASIRAN,TP53
CYCLOHEXIMIDE,NR3C1
AC264613,F2RL1
ANAKINRA,GHRL
PEGDINETANIB,KDR
RUCAPARIB,BRCA2
BUDESONIDE,NR1I2
2-AMINO-4-METHYLPYRIDINE,NOS2
MIPOMERSEN,APOB
ARN726,NAAA
LP-12,SERPINA3
EPINEPHRINE,GAPDH
[3H]CGS19755,GRIN2A
DOMPERIDONE,ALDH1A1
FLUAZINAM,SMAD3
ANTI-CD40/ANTI-MESOTHELIN BISPECIFIC ANTIBODY ABBV-428,CD40LG
PYROGALLOL RED,RELA
PREDNISOLONE ACETATE,NFE2L2
GENTIAN VIOLET CATION,VDR
REFAMETINIB,STK11
BIPERIDEN,CHRM1
EXEMESTANE,ESR1
KETANSERIN,HPGD
NIFEDIPINE,HSPA4
RAMUCIRUMAB,KDR
RG-4733,GLUL
TRICHOSTATIN A,BRD4
RILAPLADIB,PLA2G1B
GANETESPIB,HSP90AA1
CAPMATINIB,MET
VELIPARIB,PARP1
IMATINIB,NF1
EVEROLIMUS,PIK3CA
SUNITINIB,VHL
TRIPROLIDINE HYDROCHLORIDE,HRH1
CETIRIZINE HYDROCHLORIDE,HRH1
DIPHENHYDRAMINE CITRATE,HRH1
ADALIMUMAB-ADBM,TNF
AZILSARTAN KAMEDOXOMIL,AGTR1
DAPIPRAZOLE HYDROCHLORIDE,ADRA1A
GLYCOPYRRONIUM,CHRM1
NEFAZODONE HYDROCHLORIDE,SLC6A4
CLOFIBRATE,PPARA
PEGVISOMANT,GHR
MIRTAZAPINE,HTR2A
NEFAZODONE HYDROCHLORIDE,HTR2C
SPIRONOLACTONE,NR3C2
METHYLPHENIDATE HYDROCHLORIDE,SLC6A3
RIMEXOLONE,NR3C1
FLUPREDNISOLONE,NR3C1
ESTRADIOL VALERATE,ESR1
ROMIDEPSIN,HDAC6
"SYNTHETIC CONJUGATED ESTROGENS, B",ESR2
DIETHYLSTILBESTROL DIPHOSPHATE,ESR2
ETHOXZOLAMIDE,CA9
VINORELBINE TARTRATE,TUBA4A
VINBLASTINE SULFATE,TUBB4A
TAMSULOSIN HYDROCHLORIDE,ADRA1A
INDOMETHACIN,PTGS1
DICLOFENAC EPOLAMINE,PTGS1
TETRAHYDROZOLINE HYDROCHLORIDE,ADRA1A
"TOLBUTAMIDE SODIUM, STERILE",KCNJ11
GLYBURIDE,ABCC8
BACLOFEN,GABBR2
DEXTROTHYROXINE,THRA
NEBIVOLOL HYDROCHLORIDE,ADRB2
PROPYLTHIOURACIL,DIO1
OCRIPLASMIN,COL4A1
TICAGRELOR,P2RY12
FLUMAZENIL,GABRG3
ACAMPROSATE CALCIUM,GABRG3
ACAMPROSATE CALCIUM,GABRA3
ETHCHLORVYNOL,GABRA1
METHOHEXITAL SODIUM,GABRA1
MIDAZOLAM HYDROCHLORIDE,GABRG3
ISOFLURANE,GABRA3
TAPROSTENE,APOC3
CYTARABINE,POLD1
LUTEOLIN,BRCA2
FLUDARABINE,POLD1
CLOFARABINE,POLE
DRONEDARONE HYDROCHLORIDE,SCN9A
ETHOTOIN,SCN8A
DRONEDARONE HYDROCHLORIDE,SCN8A
ETIDOCAINE HYDROCHLORIDE,SCN9A
PROPOXYCAINE HYDROCHLORIDE,SCN8A
RUFINAMIDE,SCN9A
PROPAFENONE HYDROCHLORIDE,SCN9A
PROPARACAINE HYDROCHLORIDE,SCN2A
INDECAINIDE HYDROCHLORIDE,SCN9A
PROPYLTHIOURACIL,BSG
ESLICARBAZEPINE ACETATE,SCN7A
ESLICARBAZEPINE ACETATE,SCN9A
AFATINIB DIMALEATE,EGFR
ESLICARBAZEPINE ACETATE,SCN2A
TASIMELTEON,MTNR1A
AFATINIB DIMALEATE,ERBB2
OLAPARIB,PARP1
VEDOLIZUMAB,ITGA4
OXTRIPHYLLINE,ADORA2A
IXAZOMIB CITRATE,PSMD2
MOFAROTENE,RARB
GSK2881078,AR
BMS-794833,KDR
BMS-794833,MET
LGD-2941,AR
HYODEOXYCHOLIC_ACID,NR1H2
AC-430,JAK2
AZD-7451,NTRK1
AZD-8055,MTOR
SC-80036,MAPK14
SF-1126,PIK3CB
PAXALISIB,PIK3CD
IDOXIFENE,ESR2
ELACESTRANT,ESR1
LY2623091,NR3C2
ELOCALCITOL,VDR
PIMASERTIB,MAP2K2
FRUQUINTINIB,FLT4
PF-04691502,PIK3R1
UCN-01,CDK6
TG100-801,FGFR2
UCN-01,CDK4
LY545694,GRM5
AZD4818,CCR1
NETAZEPIDE,CCKBR
INDANTADOL,MAOA
ASM-024,CHRNA7
ASM-024,CHRM2
INDANTADOL,GRIN3A
NAMINIDIL,ABCC9
NAMINIDIL,ABCC8
BARDOXOLONE METHYL,KEAP1
LESTAURTINIB,NTRK2
LESTAURTINIB,NTRK1
MOMELOTINIB,JAK1
LESTAURTINIB,JAK2
IXEKIZUMAB,IL17A
AZILSARTAN MEDOXOMIL,AGTR1
LARAZOTIDE ACETATE,CHRNA3
CILENGITIDE,ITGB3
NIVOCASAN,CASP8
SEMAGACESTAT,PSENEN
SEMAGACESTAT,PSEN1
PAGOCLONE,GABRG3
JAK3 INHIBITOR IV,EPHB1
EPTINEZUMAB,CALCA
TEPROTUMUMAB-TRBW,IGF1R
TREGALIZUMAB,CD4
CINPANEMAB,SNCA
ZOTIRACICLIB,EPHB1
DIHYDROSTREPTOMYCIN SULFATE,RPSA
RONTALIZUMAB,IFNA2
RG-1530,EPHB2
HUMAX-IL15,CD38
FENFLURAMINE HYDROCHLORIDE,SIGMAR1
MINAPRINE,ACHE
MINAPRINE,CHRM1
AMISULPRIDE,DRD2
REPOTRECTINIB,EPHB2
ANTI-TAC 90 Y-HAT,IL2RA
LUMRETUZUMAB,ERBB3
MU-BC-1,FN1
HG-10-102-01,EPHB2
PF-03446879,MSTN
BREXANOLONE,GABRA1
LAROTRECTINIB SULFATE,NTRK1
PF-06651600,JAK3
CENOBAMATE,SCN2A
CENOBAMATE,SCN8A
UPADACITINIB,JAK1
FEDRATINIB HYDROCHLORIDE,JAK2
ESFLURBIPROFEN,PTGS2
GEMIGLIPTIN,DPP4
LASOFOXIFENE,ESR1
RG-7841,TUBA4A
OMIDENEPAG,PTGER2
AZINTUXIZUMAB VEDOTIN,TUBB4A
PELABRESIB,BRD3
PACLITAXEL DOCOSAHEXAENOIC ACID,TUBA4A
SAROGLITAZAR,PPARG
PATUPILONE,TUBA4A
FAZPILODEMAB,FGF1
ZOPICLONE,GABRA3
MINAPRINE,HTR2A
RODATRISTAT ETHYL,TPH1
PF-04937319,GCK
IDAZOXAN,ADRA2A
LERIGLITAZONE,PPARG
ELINZANETANT,TACR1
PHLOROGLUCINOL,CACNA1S
TRAZPIROBEN,DRD2
ENCEQUIDAR,ABCB1
LAPATINIB,EGFR
COBIMETINIB,MAP2K2
PIMASERTIB,MAP2K2
BINIMETINIB,MAP2K1
TAK-733,MAP2K1
NINTEDANIB ESYLATE,PDGFRA
CERITINIB,ALK
PF-04217903,MET
CHEMBL:CHEMBL223575,FEN1
PROPAFENONE,MTOR
ROTTLERIN,MAPT
CHEMBL:CHEMBL596836,RAD52
HEXACHLOROPHENE,VCP
ERGOCALCIFEROL,AR
RA839,KEAP1
PHILANTHOTOXIN 343,GRIN1
MAYTANSINE,TUBA4A
CHEMBL:CHEMBL584269,NFE2L2
MAYTANSINE,TUBB4B
DPCPX,CYP1A2
CHEMBL:CHEMBL1388703,GMNN
NITROXOLINE,CASP6
CHEMBL:CHEMBL1335833,ALDH1A1
PHA-767491,PLK1
ROTTLERIN,PRKCD
CYSTAMINE DIHYDROCHLORIDE,EHMT2
CHEMBL:CHEMBL547304,RAD54L
CHEMBL:CHEMBL1509103,RAD52
CARTEOLOL,ADRB1
BIX-01294,ATXN2
ROSMARINIC ACID,THRB
PLX-4720,DRD2
CHEMBL:CHEMBL444376,NPC1
SPIPERONE,AR
SIB-1893,NPC1
CHEMBL:CHEMBL607253,NFE2L2
CHEMBL:CHEMBL586024,ATXN2
GERONTOXANTHONE I,HSP90AA1
SURAMIN,APEX1
MORIN,APEX1
PHA-767491,DYRK1A
CHEMBL:CHEMBL592558,RAD54L
CEFAMANDOLE SODIUM,PIN1
TRIAMCINOLONE,AR
PHA-767491,RPS6KB1
CHEMBL:CHEMBL116548,VDR
SUBEROHYDROXAMIC ACID,HDAC6
CHEMBL:CHEMBL1701915,ATXN2
DEXTROMETHORPHAN HYDROBROMIDE,CYP2D6
GW405833,HPGD
METHYLCURCUMIN,EGFR
PYROGALLOL RED,FASN
SU-14813,DRD2
PYROGALLOL RED,MMP14
CHEMBL:CHEMBL29197,MAPK1
CHEMBL:CHEMBL335741,CYP2D6
CHLORHEXIDINE GLUCONATE,HTT
CHEMBL:CHEMBL1448793,POLB
CEFAMANDOLE SODIUM,EHMT2
E1501,ALDH1A1
MECLOFENAMATE SODIUM,HIF1A
HERBIMYCIN,HSP90AA1
LOFEPRAMINE,GMNN
CHEMBL:CHEMBL515505,WRN
DIMETHYL SUCCINATE,GMNN
ZOLANTIDINE,MTOR
SILIBININ,EHMT2
LY-2090314,CAMK2G
(+)-TAXIFOLIN,POLB
MYRICETIN,CYP1A2
ROXITHROMYCIN,AMOT
CHEMBL:CHEMBL258767,HSD17B10
PYROGALLOL RED,CASP6
ACRYLAMIDE,ESR1
TETRACYCLINE,F2RL1
CHEMBL:CHEMBL610767,AR
CHEMBL:CHEMBL406557,NFKB2
DIMETHYLPHENYLPIPERAZINIUM IODIDE,EHMT2
CHEMBL:CHEMBL502775,HSPA8
CHEMBL:CHEMBL592316,WRN
STICTIC ACID,APEX1
PROPYLPYRAZOLETRIOL,NR3C1
ISOSILYBIN B,SLCO1B3
AMINODIMETHOXYQUINAZOLINYLPIPERAZINE,FEN1
VUF5574,CYP1A2
CHEMBL:CHEMBL363332,STAT6
AURIN,NFE2L2
CHEMBL:CHEMBL1534034,POLB
HAEMATOXYLIN,HSD17B10
ONONETIN,HPGD
CHEMBL:CHEMBL1256291,ALDH1A1
ALEXIDINE HYDROCHLORIDE,ATXN2
HYDROXYPROGESTERONE,AR
AURIN,VDR
COUMARIN,CYP2D6
ESTRADIOL PHOSPHATE,AR
SU-11652,DRD2
SB203580,MAPK9
OXYBENZONE,HPGD
VINBLASTINE SULFATE,AR
PREDNISONE,AR
GAMMA-LINOLENIC ACID,CASP6
FELODIPINE,GMNN
CHEMBL:CHEMBL515505,FEN1
LITHOCHOLIC ACID,PLK1
12A-HYDROXY-5-DEOXYDEHYDROMUNDUSERONE,MAPT
RILUZOLE,TARDBP
TREQUINSIN HYDROCHLORIDE,EHMT2
CHEMBL:CHEMBL601933,NFE2L2
CHEMBL:CHEMBL426404,NFE2L2
CHEMBL:CHEMBL484640,APBA1
GW7647,PPARG
CHEMBL:CHEMBL225563,AR
CHEMBL:CHEMBL534535,ATXN2
HEXACHLOROPHENE,GZMB
CHEMBL:CHEMBL601547,HTT
ETHYL NITRITE [SPIRIT],GMNN
HAEMATOXYLIN,FEN1
SULFURETIN,MAPT
CHEMBL:CHEMBL1426508,PLK1
CHEMBL:CHEMBL2095095,GMNN
CHEMBL:CHEMBL426404,THRB
INDOMETHACIN,PTGS1
AMINACRINE HYDROCHLORIDE,RAD52
ALISERTIB,ERBB2
CHEMBL:CHEMBL1800368,HIF1AN
CHEMBL:CHEMBL2095095,HSP90AA1
ETHACRYNIC ACID,ALDH1A1
CHEMBL:CHEMBL261118,SMN1
FENRETINIDE,MTOR
GO-6976,ROCK1
AURIN,GMNN
CHEMBL:CHEMBL86464,SMAD3
ALOSETRON HYDROCHLORIDE,USP1
TREQUINSIN HYDROCHLORIDE,AR
URANTIDE,UTS2R
CHEMBL:CHEMBL1405979,NFKB2
CHEMBL:CHEMBL601547,EHMT2
SB-431542,MSTN
OXYPHENBUTAZONE,EHMT2
LEUCINE,CYP1A2
TRIAZOPHOS,VDR
DANAZOL,CYP2D6
ISOTRETINOIN,VDR
NECROSTATIN-1,SMN2
VANDETANIB,LRRK2
CATECHIN,APEX1
AROTINOID ACID,NFKB1
SEROTONIN HYDROCHLORIDE,EHMT2
HEXACHLOROPHENE,ALOX15
CHEMBL:CHEMBL56393,POLB
COMPOUND 66 [PMID: 36126387],ADH1A
ETHYLISOTHIOUREA,CYP2D6
PHENAMIL METHANESULFONATE,SMN2
TRICIFEROL,VDR
NITROXOLINE,AR
"4-AMINO-[1,2]NAPHTHOQUINONE",USP1
BENZANTHRONE,DNMT1
6-AZAURIDINE,SNCA
PROCATEROL HYDROCHLORIDE,HIF1A
6-FLUOROTRYPTOPHAN,LTB4R
HALOBETASOL,AR
TETRADECYLTHIOACETIC ACID,PPARD
MORIN,MAPT
GERONTOXANTHONE I,GMNN
PILOCARPINE HYDROCHLORIDE,CHRM1
INDIRUBIN-3'-MONOXIME,MAPT
ANHYDROUS TACROLIMUS,AR
HEXACHLOROPHENE,NFE2L2
AG 9,MAPT
CANTHIN-6-ONE,AKT1
CHEMBL:CHEMBL534535,GMNN
CHEMBL:CHEMBL1477383,SMN1
METHYL 7-DESHYDROXYPYROGALLIN-4-CARBOXYLATE,MAPT
"WIN 62,577",EHMT2
ACID BLUE 129,WRN
SILIBININ,F2
DICYCLOMINE HYDROCHLORIDE,EHMT2
TRIPHENYLBISMUTHINE,AR
KU-0063794,ETFB
PIRENPERONE,DRD1
ALEXIDINE HYDROCHLORIDE,TLR9
LOTEPREDNOL,AR
INDIRUBIN-3'-MONOXIME,MAPK1
LASALOCID A SODIUM,ATXN2
CZ415,ETFB
EBSELEN,HSD17B10
CHEMBL:CHEMBL85826,SMN1
OXYPHENBUTAZONE,SMAD3
CLOZAPINE,DRD1
CHEMBL:CHEMBL1337960,CYP2D6
STM2457,HNRNPA2B1
GENTIAN VIOLET CATION,PPARG
SURAMIN,KMT2A
"1,2-DIHYDROXYNAPHTHALENE",PTPN1
ELZOVANTINIB,DRD4
"IBUPROFEN, SODIUM SALT",CYP2D6
GW7647,GMNN
CBIPES,ANPEP
NOCODAZOLE,TUBB4B
CHEMBL:CHEMBL2178583,PPARG
[3H]PENTAZOCINE,SIGMAR1
INDOMETHACIN,CYP1A2
CHEMBL:CHEMBL429095,VDR
DIHYDROERGOCRISTINE,MAPT
LASALOCID A SODIUM,NFE2L2
NITROXOLINE,VDR
HYPERFORIN,KAT2A
DACTOLISIB,MTOR
EFAROXAN,AR
AMPHOTERICIN B LIPOSOMAL,CYP1A2
PROCHLORAZ,AR
(S)-UH 301,CYP2D6
CHEMBL:CHEMBL114544,BRCA1
TANSHINONE IIA,EHMT2
OLOMOUCINE,CYP2D6
DACTOLISIB,ALK
NICLOSAMIDE,CYP2D6
CHEMBL:CHEMBL592558,PLK1
CHEMBL:CHEMBL471225,HSD17B10
TRILOSTANE,NFE2L2
BENZO(K)FLUORANTHENE,HSPB1
MOSAPRAMINE,PPARD
CHEMBL:CHEMBL583558,FEN1
CHEMBL:CHEMBL2095095,EHMT2
(R)-PINOCEMBRIN,CYP2D6
SIMVASTATIN,AR
"DIBENZ[A,H]ANTHRACENE",TP53
CHEMBL:CHEMBL400912,AGTR1
HEXACHLOROPHENE,HSP90AA1
GW5074,VDR
DIFLUNISAL,NFE2L2
CHEMBL:CHEMBL538798,HSP90AA1
CHEMBL:CHEMBL271023,ALDH1A1
NOCODAZOLE,GMNN
PHA-767491,CDK1
IOXYNIL,PPARA
GALLIC ACID,HSD17B10
BARASERTIB-HQPA,LYN
MANGOSTIN,HPGD
MANUMYCIN A,VDR
EXISULIND,CYP1A2
ANGUSTIBALIN,MAPT
AST-487,RET
HEXACHLOROPHENE,HSPA8
CLOTRIMAZOLE,AR
CHEMBL:CHEMBL599924,PTPN22
GO-6976,CSF1R
CHEMBL:CHEMBL328710,EHMT2
PROPANTHELINE BROMIDE,NFE2L2
N6-BENZYLADENOSINE,TP53
BETULINIC ACID,GLI1
OLAPARIB,PARP1
MECHLORETHAMINE HYDROCHLORIDE,JUN
CHEMBL:CHEMBL515617,SMAD3
ISOETHARINE MESYLATE,EHMT2
PHENAMIL METHANESULFONATE,BRCA1
CEFAMANDOLE SODIUM,APEX1
PENFLURIDOL,PPARD
CHEMBL:CHEMBL415893,CASP1
BENOMYL,TP53
HEXACHLOROPHENE,FASN
"4-HYDROXY-3,5-DIMETHYL-5-(2-METHYL-BUTA-1,3-DIENYL)-5H-THIOPHEN-2-ONE",POLB
PIRENPERONE,ARSA
CHEMBL:CHEMBL68096,NFE2L2
CHEMBL:CHEMBL408850,HSD17B10
CHEMBL:CHEMBL406557,SMN2
FLUFENAMIC ACID,NFE2L2
AMOXICILLIN ANHYDROUS,CYP1A2
GAMBOGIC ACID,MAPK1
DIPHENYLUREA,AHR
ETHACRYNIC ACID,VDR
CHLORHEXIDINE GLUCONATE,CYP2D6
TRIAMTERENE,HSD17B10
CHEMBL:CHEMBL52030,BRD3
NEOCHAMAEJASMIN A,JUN
IOXYNIL,TP53
CHEMBL:CHEMBL296021,HSD17B10
CHEMBL:CHEMBL590949,ALDH1A1
CHEMBL:CHEMBL572637,CYP19A1
HALOPERIDOL DECANOATE,SIGMAR1
CHEMBL:CHEMBL534214,EHMT2
CHEMBL:CHEMBL1370698,HSD17B10
CHLORPROMAZINE HYDROCHLORIDE,AR
DIGITOXIN,SMAD3
CHEMBL:CHEMBL1256885,EHMT2
CHEMBL:CHEMBL221733,HSD17B10
AZTREONAM,CYP2D6
DICYCLOMINE HYDROCHLORIDE,CYP2D6
CHEMBL:CHEMBL259421,HSD17B10
AKT INHIBITOR VIII,AKT1
SALMETEROL,ADRB1
GALLIC ACID,NFE2L2
NIRIDAZOLE,HSD17B10
CHEMBL:CHEMBL2094567,NFE2L2
FENRETINIDE,ALDH1A1
MILBEMYCIN A4,AR
FENOVERINE,AR
ETAZOLATE,CREBBP
FLUOXETINE HYDROCHLORIDE,AR
OLOMOUCINE,CYP1A2
CHEMBL:CHEMBL578675,GMNN
EMBELIN,ALOX12
SAPONARIN,PRKAA2
CHEMBL:CHEMBL576353,ALDH1A1
CHEMBL:CHEMBL1534034,SUMO1
CHEMBL:CHEMBL531268,NFE2L2
CHEMBL:CHEMBL145725,RGS4
HEXACHLOROPHENE,VDR
TRILOSTANE,AR
CHEMBL:CHEMBL429095,STAT6
TANDUTINIB,CSF1R
TURBINATINE,ACHE
ANISOCOUMARIN H,NFE2L2
ESTRADIOL PROPIONATE,AR
SANGUINARINE SULFATE,KAT2A
DOCEBENONE,AR
CHEMBL:CHEMBL198666,EHMT2
CEFOTAXIME SODIUM,VDR
AMINODIMETHOXYQUINAZOLINYLPIPERAZINE,RAD54L
HAEMATOXYLIN,WRN
CHEMBL:CHEMBL411085,NPC1
TO-901317,NFE2L2
MOCLOBEMIDE,MAOA
(2-NITROVINYL)BENZENE,AR
CHEMBL:CHEMBL406557,TP53
GERANIOL,ALOX15
FLUCONAZOLE,HSP90AA1
2-PHENYLPHENOL,ALDH1A1
CHEMBL:CHEMBL609606,MAPT
"2-METHOXY-1,4-NAPHTHOQUINONE",GMNN
HEXACHLOROPHENE,PLK1
VORINOSTAT,NFE2L2
CHEMBL:CHEMBL2207339,PTPN1
CHEMBL:CHEMBL2094652,ALPL
N-DESMETHYLCLOZAPINE,ATXN2
CHEMBL:CHEMBL446567,BRCA1
LITHOCHOLIC ACID,NR1H4
DOXORUBICIN HYDROCHLORIDE,CYP2D6
BIS(DIMETHYLAMINETHIOCARBONYL)MONOSULFIDE,NFE2L2
FURAMIDINE,PRMT1
AROTINOID ACID,RXRA
TAMOXIFEN CITRATE,AR
CORALYNE,HSD17B10
CHEMBL:CHEMBL590422,NFE2L2
ONONETIN,TARDBP
CHEMBL:CHEMBL444376,TP53
ALEXIDINE HYDROCHLORIDE,HSP90AA1
TIMOLOL,CYP2D6
GO-6976,EGFR
CHEMBL:CHEMBL445153,ALDH1A1
METHYLDOPA ANHYDROUS,ALDH1A1
DIMETHYL YELLOW,AHR
TRIAMCINOLONE,CYP2D6
CHEMBL:CHEMBL408850,NFKB2
CHEMBL:CHEMBL408850,RELA
ERGOCALCIFEROL,NFE2L2
TRIAMTERENE,THRB
CHLORPROMAZINE HYDROCHLORIDE,CYP1A2
PHA-767491,ROCK1
CINNARIZINE,JUN
ROTTLERIN,USP1
CHEMBL:CHEMBL590695,TARDBP
PENFLURIDOL,AR
SYRINGARESINOL,FOXO3
CHEMBL:CHEMBL601547,SMAD3
CHEMBL:CHEMBL1256761,GMNN
SPIPERONE,NFE2L2
NANAOMYCIN,HSP90AA1
AZORUBINE,THRB
ALEXIDINE HYDROCHLORIDE,PLA2G1B
CHEMBL:CHEMBL602363,HSP90AA1
VANDETANIB,MAP2K2
FELODIPINE,MAPT
SPIPERONE,HIF1A
ASTERRIC ACID,WRN
CHEMBL:CHEMBL1210769,TARDBP
CEFAMANDOLE SODIUM,PLK1
PROPYLPARABEN,ESR1
BAICALEIN,NR3C1
NORTRIPTYLINE HYDROCHLORIDE,AR
DOCUSATE SODIUM,AR
CHEMBL:CHEMBL85826,ESR1
GW441756X,KDR
AMCINAFIDE,NFE2L2
GW441756X,RPS6KB1
BARASERTIB-HQPA,KDR
ALVOCIDIB,CDK4
MALTOTRIOSE,AR
ISORHAMNETIN,RELA
CHEMBL:CHEMBL515617,ATXN2
CHEMBL:CHEMBL1312050,POLB
DEUTETRABENAZINE,CYP2D6
NUSINERSEN,SMN2
PITOLISANT,CYP2D6
RAMUCIRUMAB,EGFR
SIMEPREVIR,IFNL3
PF-04691502,PIK3CG
GEDATOLISIB,PIK3CA
ENCORAFENIB,RAF1
XL281,RAF1
MM-151,EGFR
PAZOPANIB,FLT4
GANITUMAB,IGF1R
EPIPODOPHYLLOTOXIN COMPOUND,ABCC1
PILOCARPINE HYDROCHLORIDE,ABCC1
DROLOXIFENE,ABCC1
IMATINIB,ABCG2
RECOMBINANT PROTHYMOSIN ALPHA,ADA
DEHYDRATED ALCOHOL,ADH4
GAMMA-INTERFERON,ANPEP
PROGESTIN,APOA1
NAFOXIDINE,AR
THYROGLOBULIN,B2M
LEVODOPA,BAX
RECOMBINANT INHIBIN,BAX
PRAVASTATIN SODIUM,BAX
METHYLPREDNISOLONE,BCL2
TOPICAL CORTICOSTEROID,CCL17
DIFFERENTIATION INDUCER,CD34
RECOMBINANT TUMOR NECROSIS FACTOR FAMILY PROTEIN,CD44
GAMMA-INTERFERON,CD44
PROTEASOME INHIBITOR,CSF2
IDARUBICIN,CSF2
TETANUS TOXOID,CSF2
STAUROSPORINE,CSF2
INTERLEUKIN-12 GENE,CSF2
VINBLASTINE,CSF2
DEHYDRATED ALCOHOL,CTLA4
RIBAVIRIN,CST3
ABATACEPT,CTLA4
FLUOROURACIL,CYP2E1
OXYGEN THERAPY,EDN1
DEHYDRATED ALCOHOL,EGFR
RECOMBINANT HEPATOCYTE GROWTH FACTOR,E2F1
ESTRADIOL VALERATE,E2F1
LIOTHYRONINE,FASN
EPOETIN ALFA,FCGR3A
VINCRISTINE,FGF2
FREUND'S ADJUVANT,FST
DEHYDRATED ALCOHOL,FOS
LIOTHYRONINE,GAL
WARFARIN,GAS6
INTERLEUKIN-11,GFAP
RECOMBINANT HEREGULIN,GFAP
NIFEDIPINE,GFAP
PACLITAXEL,GSTT1
EPOETIN ALFA,HIF1A
TAMOXIFEN,HSPB2
PROTEASOME INHIBITOR,HSPB2
ROFECOXIB,HSPB1
IL-10,HSPB2
RECOMBINANT HEPATOCYTE GROWTH FACTOR,IGF2
ACETYLCYSTEINE,IGF1R
SURAMIN,IFNG
SIROLIMUS,IL15
ROFECOXIB,IL10
ANESTHETIC AGENT,IL10
KLEBSIELLA PNEUMONIAE GLYCOPROTEIN,CXCL8
IMIPENEM-CILASTATIN SODIUM,IL6
DANAZOL,CXCL8
FENRETINIDE,CXCL8
PENTOXIFYLLINE,CXCL8
ADRIAMYCIN,LPL
MIFEPRISTONE,LPL
RETINOIC ACID AGENT,MAPK3
RECOMBINANT 70-KD HEAT-SHOCK PROTEIN,MICA
VINBLASTINE,MMP2
WARFARIN,MTHFR
LOBAPLATIN,MYC
PD-98059,MYC
NIFEDIPINE,MYO9B
DEHYDRATED ALCOHOL,NAT2
PACLITAXEL,NAT2
EPIGALLOCATECHIN GALLATE,NFE2L2
IONOMYCIN,NFE2L2
ACETAZOLAMIDE,NOS1
TESTOSTERONE,NOS1
INOSITOL,NTF3
CYTARABINE,NTRK1
PILOCARPINE HYDROCHLORIDE,NTRK1
NIFEDIPINE,NTS
SURAMIN,NTRK1
TAMOXIFEN,NTRK1
TAMOXIFEN,NTRK1
INDOLE-3-CARBINOL,PIK3CA
INTERLEUKIN-11,PIK3CA
PACLITAXEL,PIK3CA
CARBOPLATIN,PIK3CA
IONOMYCIN,PIK3CG
PD-98059,PLG
RECOMBINANT EOTAXIN,PLG
PENTOSTATIN,PRKAA1
CISAPRIDE,PPY
FLUOXYMESTERONE,PRL
MANNITOL,PRL
RECOMBINANT INTERLEUKIN-1,PTGER1
HYDROXYCHLOROQUINE,PTGS2
BECLOMETHASONE DIPROPIONATE,PTH
CLOMIPHENE CITRATE,PTH
ESTRADIOL VALERATE,PTH1R
ENDOTHELIN RECEPTOR ANTAGONIST,PTH
PUROMYCIN,PTH
ANTIESTROGEN,PTPN13
ANAKINRA,SAA1
PF-03715455,CTNNB1
VINBLASTINE,TBXA2R
ESTRADIOL VALERATE,TGFB1
AMPHOTERICIN B LIPOSOMAL,TGM2
DIDANOSINE,TNF
VITAMIN B6,TNF
FLUOCINOLONE ACETONIDE,TNF
TETRANDRINE,TNF
COMPOUND 10 [PMID: 23147077],MAP3K5
AUTOANTIGEN,TNFSF13B
TESTOSTERONE,TNFRSF11B
SODIUM BUTYRATE,TNFSF10
TRABECTEDIN,TP53
MPA,TYMP
RIBAVIRIN,VWF
GANGLIOSIDE GM2,VIM
VINCRISTINE,VWF
ALPELISIB,ERBB2
NG-25,ERV3-1
USTEKINUMAB,C9orf72
FENOFIBRATE MICRONIZED,APOE
AMPICILLIN (ANHYDROUS),NR1I2
FLUTAMIDE,NR1I2
DOXYCYCLINE ANHYDROUS,NR1I2
ASPIRIN,PTGER2
SULFAMETHAZINE,NR1I2
RITUXIMAB,MS4A1
RITUXIMAB,CXCL13
EFGARTIGIMOD ALFA,CHRNA4
NORTRIPTYLINE,DDIT4
ILOMASTAT,DCTN1
NORTRIPTYLINE,DRD3
FLUOROURACIL,CCND1
RIBAVIRIN,IL6
METHYLPHENIDATE HYDROCHLORIDE,BDNF
MOBOCERTINIB,EGFR
DICLOFENAC SODIUM,TNFRSF11A
DICLOFENAC SODIUM,PLCG1
ASPIRIN,AGT
DICLOFENAC SODIUM,PPARG
ATORVASTATIN CALCIUM TRIHYDRATE,IFNL3
ATORVASTATIN CALCIUM TRIHYDRATE,HLA-DRB1
ATORVASTATIN CALCIUM TRIHYDRATE,APOA5
ASPIRIN,SLC6A12
TEZACAFTOR,CFTR
AVELUMAB,CD274
RIBAVIRIN,CTLA4
SUNITINIB,VEGFA
SUNITINIB,NR1I3
BETAINE,MTHFR
ALLOPURINOL,PSORS1C3
EPOETIN ALFA,HFE
MERCAPTOPURINE,CNNM2
ALLOPURINOL,GREM2
CARVEDILOL,PPARA
CANAKINUMAB,HLA-DRB1
CLOZAPINE,AOC1
FLOXACILLIN,HLA-B
THIOTEPA,CYP2B6
AMITRIPTYLINE HYDROCHLORIDE,CRHR1
AMITRIPTYLINE HYDROCHLORIDE,DDIT4
AMITRIPTYLINE HYDROCHLORIDE,GRIK2
IMATINIB,PDGFRB
IRBESARTAN,APOB
MERCAPTOPURINE,GSTP1
CLOZAPINE,CHRM1
PRAVASTATIN SODIUM,MMP3
CAFFEINE,NAT2
FLOXACILLIN,HLA-DQB1
AMPICILLIN (ANHYDROUS),HLA-A
ASPIRIN,HLA-DQB1
CITALOPRAM,BMP5
SIMEPREVIR,IFNL3
RIBAVIRIN,HLA-A
RIBAVIRIN,HLA-C
METHYLDOPA ANHYDROUS,COMT
MIGALASTAT,HNRNPH2
TALAZOPARIB,BRCA2
ETOPOSIDE,BLMH
FENOFIBRATE MICRONIZED,APOB
GABAPENTIN,COMT
PAREGORIC,TLR2
AFATINIB,ERBB2
FULVESTRANT,ESR1
CUDC-101,EGFR
XL228,FGFR1
CANERTINIB,ERBB2
CEDIRANIB,FLT4
BELINOSTAT,HDAC1
MESMULOGENE ANCOVACIVEC,IL2
AZD8330,MAP2K1
PRINOMASTAT,MMP3
CAPMATINIB,MET
MOTESANIB,PDGFRB
APRINOCARSEN,PRKCA
EVEROLIMUS,MTOR
BOSUTINIB,SRC
XEVINAPANT,BIRC3
XEVINAPANT,XIAP
1D09C3,HLA-DRB4
ABT-510,CD47
PAN-HER KINASE INHIBITOR AC480,EGFR
ACOTIAMIDE,ACHE
HYDROXYCHLOROQUINE,TLR9
ZALEPLON,GABRA1
CHEMBL:CHEMBL247471,PSENEN
CARIPRAZINE,DRD2
DIAZEPAM,GABRA1
ECOPIPAM,DRD1
ELINOGREL,P2RY12
ELIGLUSTAT,UGCG
ERITORAN,TLR4
GLYCOPYRRONIUM,CHRM1
IBANDRONATE,FDPS
IMATINIB,RET
IMATINIB,PDGFRB
REGRELOR,P2RY12
ATROPINE,CHRM1
"INSULIN GLULISINE, HUMAN",INSR
JB991,PPARG
KETOPROFEN,PTGS2
RECOMBINANT INTERLEUKIN-2,IL2RA
GLYCOPYRRONIUM,CHRM1
BETAHISTINE,HRH1
DEMCIZUMAB,DLL4
PTC299,FLT4
ELACESTRANT,ESR1
RGFP109,HDAC3
S26284,ANK3
QUETIAPINE FUMARATE,HTR2A
SF1126,MTOR
DOXEPIN HYDROCHLORIDE,HTR2A
SOVATELTIDE,EDNRA
DIPRENORPHINE,APOF
HSP90 INHIBITOR XL888,HSP90AA1
XL999,PDGFRB
XL820,KDR
XL820,PDGFRA
ACETOPHENAZINE,DRD2
BIPERIDEN,CHRM1
BUTOBARBITAL,GRIK2
PROFENAMINE,CHRM1
OXPRENOLOL,ADRB2
PHENYLPROPANOLAMINE,ADRA1A
PERPHENAZINE,DRD1
RITODRINE,ADRB2
ALPRENOLOL,ADRB2
ALPRENOLOL,ADRB1
BMS-986123,APOF
ACETOPHENAZINE,DRD2
AMBRISENTAN,EDNRB
CETIRIZINE HYDROCHLORIDE,HRH1
CARBOPROST TROMETHAMINE,PTGER1
CINOLAZEPAM,GABRA1
CLOFIBRATE,PPARA
LEVALLORPHAN,APOF
CLORAZEPATE,GABRG3
DRONEDARONE,ADRA1A
DRONEDARONE,ADRB1
DIPHENYLPYRALINE,HRH1
HEXOBARBITAL,GABRA1
HEXOBARBITAL,GABRA3
LUMIRACOXIB,PTGS2
PIOGLITAZONE HYDROCHLORIDE,PPARG
NOR-BINALTORPHIMINE,APOF
MEPHOBARBITAL,CHRNA4
MEPHOBARBITAL,CHRNA7
MOEXIPRIL,ACE
NITRAZEPAM,GABRA1
NICOTINE POLACRILEX,CHRNA4
PALIPERIDONE,DRD2
PHENELZINE,MAOB
PILOCARPINE HYDROCHLORIDE,CHRM1
QUETIAPINE FUMARATE,HTR2A
RITUXIMAB,MS4A1
ROTIGOTINE,HTR1A
RITODRINE,ADRB2
REMIKIREN,REN
TEMAZEPAM,GABRG3
TAMIBAROTENE,RARB
THIAMYLAL,KCNJ11
TRAZODONE,HTR1A
TREPROSTINIL,P2RY12
TRAZODONE,HRH1
TRAZODONE,SLC6A4
TRIMIPRAMINE,SLC6A4
AZD1678,CCR4
IMARIKIREN HYDROCHLORIDE,REN
GENISTEIN,ESR2
SF1126,MTOR
ZENOCUTUZUMAB,ERBB2
SAVOLITINIB,MET
ENOBLITUZUMAB,CD276
DEPATUXIZUMAB,EGFR
GEPTANOLIMAB,PDCD1
ANTI-MET MONOCLONAL ANTIBODY MIXTURE SYM015,EGFR
ODRONEXTAMAB,MS4A1
ANTI-EGFR MONOCLONAL ANTIBODY SYN004,EGFR
GOSURANEMAB,MAPT
PERIFOSINE,PIK3CG
PIMAGEDINE,CCR2
FLANVOTUMAB,TYRP1
RUTHENIUM-BASED TRANSFERRIN TARGETING AGENT NKP-1339,MAPK8
PARIDIPRUBART,TLR4
SAVOLITINIB,MET
ELTOPRAZINE,HTR1A
BGC-20-1531,PTGER4
ADALIMUMAB-ADBM,TNF
P505-15,SYK
DINOPROST,PTGER2
MEPHENTERMINE,DRD2
CIPROFIBRATE,PPARA
FLUVASTATIN,HMGCR
TBC-3711,EDNRA
ANIRACETAM,HTR2A
PYRIDOXAL PHOSPHATE ANHYDROUS,F2
ENDOSTATIN,PRLR
GOSSYPOL,BCL2
6-AMINOCAPROIC ACID,PLAT
NM-702,TBXAS1
TILARGININE ACETATE,NOS3
MIGLUSTAT,UGCG
PEGINTERFERON ALFA-2A,FGFR2
NITRAZEPAM,GABRA1
SUMANIROLE,DRD2
SARALASIN,AGTR2
CCT-018159,HSP90AA1
[3H]&ALPHA;-BUNGAROTOXIN,SERPINC1
MK-2461,NTRK2
MK-2461,FLT4
PHA-793887,CDK4
AZILSARTAN MEDOXOMIL,AGTR1
VILAZODONE HYDROCHLORIDE,HTR1A
CHR-3996,HDAC3
ABEDITEROL,ADRB2
ANTROQUINONOL,DNMT1
LIRILUMAB,KIR2DL3
CUDC-101,EGFR
VOBARILIZUMAB,IL6R
FLUDIAZEPAM,TSPO
SASANLIMAB,PDCD1
LEVOBUNOLOL,ADRB1
CY-1503,SELP
CY-1503,SELE
LEUKOCYTE INTERLEUKIN,IL2RB
ARBUTAMINE,ADRB1
NITRIC OXIDE,UGCG
DINOPROST,PTGER3
MELOXICAM,PTGS2
NATALIZUMAB,ITGA4
TAK-285,ERBB2
NMS-1286937,PLK1
LY-2624587,CXCR4
BIRICODAR,ABCB1
ECHOTHIOPHATE IODIDE,ACHE
DEXTROTHYROXINE SODIUM,THRB
FLURAZEPAM,TSPO
ISOETHARINE,ADRB2
NATEGLINIDE,CALCA
PINACIDIL,CALCA
TALIMOGENE LAHERPAREPVEC,CSF2
TERIPARATIDE,PTH
TAMSULOSIN HYDROCHLORIDE,ADRA1A
SPIRONOLACTONE,NR3C2
ECOPIPAM,DRD1
OBETICHOLIC ACID,NR1H4
BEVANTOLOL,DRD2
DELAPRIL,ACE
DESERPIDINE,ACE
DEXIBUPROFEN,COX8A
PIMAVANSERIN,HTR2A
ROFECOXIB,PTGS2
DSP-2230,SCN9A
UPROSERTIB,AKT3
GANAXOLONE,GABRG3
PRINABEREL,ESR2
ENSACULIN HYDROCHLORIDE,HTR1A
SODIUM BUTYRATE,HDAC1
ISRAPAFANT,PTAFR
SIRUKUMAB,IL6
RS-504393,CCL2
TUCIDINOSTAT,HDAC9
LP-12,A1BG
KETANSERIN,A1BG
5-CT,A2M
CP-122288,A2M
NARATRIPTAN,A2M
DIHYDROERGOTAMINE MESYLATE,A2MP1
CP-122288,A2MP1
"L-694,247",A2MP1
ARIPIPRAZOLE LAUROXIL,A2MP1
SB 277011-A,A2MP1
ML 10375,NAT1
TEGASEROD,NAT1
PHOSPHATIDYLSERINE,AFP
CLOZAPINE,ABCB7
METHOXAMINE,ABCB7
PHENYLEPHRINE,ABCB7
CYPROHEPTADINE HYDROCHLORIDE,ABCB7
RS-100329,ABCB7
MLN-4760,ACE2
PCMBS,KLF5
AUPHEN,BTG1
AG+,KLF5
AS99,ABAT
8-CYCLOPENTYLTHEOPHYLLINE,ABAT
NAMODENOSON,ABAT
ATL802,ABAT
"UK-432,097",ABCA1
MRS1084,ABCA1
[3H]ZM 241385,ABCA1
LJ-4517,ABCA1
DAX,ABCA2
DPCPX,ABCA2
I-ABOPX,ABCA2
AS99,ABCA2
THEOPHYLLINE,ABCA2
PSB1115,ABCA2
"PHENYLACETYL-ALA,DTRP-PHENTHYLAMIDE",ASIC2
COMPOUND 42 [PMID: 26938474],GRIA4
Z-DEVD-FMK,CASP3
AM1241,CNR2
DEXLOXIGLUMIDE,CCKAR
SINCALIDE,CCKAR
CCX354,ACTA1
CCL13,ACTA1
NETAZEPIDE,CCKBR
COMPOUND 20 [PMID: 30998356],ELANE
QUIZARTINIB,DPYD
TANDUTINIB,DPYD
IACS-9439,DPYD
KETOROLAC TROMETHAMINE,CPT1B
NIMESULIDE,CPT1B
ACETAMINOPHEN,CPT1B
CXCL12&DELTA;,ACTG1
COMPOUND 24DD [PMID: 20684603],DAPK1
BROMOCRIPTINE,ALCAM
FENOLDOPAM MESYLATE,ALCAM
CABERGOLINE,ALCAM
APOMORPHINE,ALCAM
FENOLDOPAM MESYLATE,ALCAM
DOPAMINE,ABCD1
QUINELORANE,ABCD1
SKF-83566,ALCAM
BROMOCRIPTINE,ABCD1
PRAMIPEXOLE,ALDH1A1
SPIPERONE,ALDH2
COMPOUND 52 [PMID: 36749735],DXO
ALLITINIB,EN1
HB-EGF,ERBB4
TUCATINIB,ERBB4
GENISTEIN,ESR2
WAY200070,ESR2
PRINABEREL,ESR2
DL-TBOA,CBLB
GABOXADOL,ARR3
COMPOUND 16 [PMID: 18800762],CXCR5
[125I]TYR-ALA-HEXARELIN,ALOX15
GLUCAGON (RDNA),ALPL
DIZOCILPINE,GRIN2A
MG2+,GRIN2A
R-SPONDIN-2,ADRA1A
PANCREATIC POLYPEPTIDE,ANXA1
BMS-536924,DPEP1
IL-6,IL6R
COMPOUND 5E [PMID: 28580438],EPHB1
ILGINATINIB,EPHB1
FILGOTINIB,EPHB1
PF-06263276,EPHB1
SOLCITINIB,EPHB1
ILGINATINIB,EPHB2
DARIDOREXANT,APBB1
MK-7145,ASCL1
ASTEMIZOLE,BAD
AZD3778,BAD
VM24,ATP7B
AM966,ACVRL1
VPC32179,BIN1
COMPOUND 65 [PMID: 36126387],ADH1A
FARNESYL MONOPHOSPHATE,ACVRL1
H3-COA-20,GLI3
COMPOUND 4 [PMID: 24432870],PAK4
SITRAVATINIB,DRD4
SGX-523,DRD4
DOLICHOL PHOSPHATE,BLK
ISOSPAGLUMIC ACID,SLC25A4
PCC0105003,ESR2
PCC0208017,ESR1
PROGESTERONE,NR3C2
TALMAPIMOD,CTNNB1
COMPOUND 26 [PMID: 31710475],MAP3K5
GNE-3511,ERCC5
MARIMASTAT,DCN
BAY 61-3606,ERV3-1
TANOMASTAT,DBT
AZD6605,DBT
CGS-27023A,DCC
UDP-GLUCURONIC ACID,BIRC3
COMPOUND 30 [PMID: 16455256],CDC5L
CLOPIDOGREL (ACTIVE METABOLITE),APEX1
5-METHOXY-LUZINDOLE,ANK3
UCSF7447,ANK3
K185,ANK3
NALOXONE BENZOYLHYDRAZONE,APOF
BMS-986122,APOF
MRS4183,BIRC3
SUFENTANIL,APOF
AR-C67085,APEX1
MEN 10376,AQP4
AC-RYYRIK-NH2,APBA1
APAFANT,APLP2
CVN45502,APBB1
PCMBS,APEX1
SCH-79797,APOD
VORAPAXAR,APOD
AZ3451,APOE
AKT INHIBITOR X,F9
LGB321,F9
SERALUTINIB,DPP4
M4205,DPP4
SITRAVATINIB,DPP4
MK-2461,DPP6
NAPORAFENIB,DPP6
SERALUTINIB,DPP6
COMPOUND (S)-29 [PMID: 37606563],F7
BI-2536,FABP3
PUQUITINIB,F7
C21,PRMT1
INGENOL MEBUTATE,CTAA1
DARAPLADIB,MAPK14
CCG-203920,GP1BA
CABOZANTINIB S-MALATE,PTK2B
COMPOUND 1 [PMID: 34917254],PTK2B
TRIAZINE COMPOUND PC7,APOA1
QUIZARTINIB,PTK2B
TAFETINIB,PTK2B
EUROPIUM-LABELLED RELAXIN-3-B/INSL5 A CHIMERA,APRT
IBCASERTIB,DPP6
ZIPRASIDONE,CD9
COMPOUND 86 [PMID: 26982234],SIRT2
FENOPROFEN,CD5L
IBCASERTIB,DPP4
PRE-084,SIGMAR1
BD-1047,SIGMAR1
[3H]PENTAZOCINE,SIGMAR1
SONIDEGIB,ALOX12
CHORIONIC SOMATOMAMMOTROPIN HORMONE-LIKE 1,PRLR
KE 108,FAS
SRIF-14,FAS
GA-NODAGA-LM3,FASLG
SRIF-14,FASLG
CORTISTATIN-14,AQP1
COMPOUND 20 [PMID: 30998356],FGF12
COMPOUND 15B [PMID: 16539403],DNMT3A
I-C11,NRG1
JAK INHIBITOR 20A,TYK2
ILGINATINIB,TYK2
SB-611812,UTS2R
"D(CH2)5[D-ILE2,ILE4,ALA-NH29]AVP",AR
OH-LVA,AR
FLUOROURACIL,MTHFR
RG-1530,PTK2B
TRAMETINIB DIMETHYL SULFOXIDE,MAP2K1
SAVOLITINIB,MET
JQ1,MYCN
PANOBINOSTAT,MYCN
IRINOTECAN HYDROCHLORIDE,ERBB2
JQEZ5,MYCN
TRAMETINIB DIMETHYL SULFOXIDE,MAP2K2
TAMOXIFEN,ESR1
INSL5 ANALOGUE 13,KLK3
PACLITAXEL,GSTP1
CETUXIMAB,EGF
RYANODINE,RYR2
PEMBROLIZUMAB,PDCD1LG2
TEMOZOLOMIDE,TP53
RYANODINE,RYR2
MILNACIPRAN,CD9
EVEROLIMUS,PIK3CA
ENZALUTAMIDE,PTEN
GEFITINIB,ERBB3
TRAMETINIB DIMETHYL SULFOXIDE,MET
LETROZOLE,ESR1
CETUXIMAB,ERBB3
TYROSINE KINASE INHIBITOR SU5402,FGFR3
BAFETINIB,ABCB1
GEFITINIB,ALK
ELIMUSERTIB,ATM
ENZALUTAMIDE,ATM
NIVOLUMAB,B2M
GLASDEGIB,ALOX12
CEMIPLIMAB-RWLC,CD274
VACTOSERTIB,CD274
NOFAZINLIMAB,CD274
ENGINEERED TOXIN BODY TARGETING PD-L1 MT-6402,CD274
CETUXIMAB,CTNNB1
ZOTATIFIN,FGFR1
MIDOSTAURIN,FGFR1
INFIGRATINIB,FGFR2
DOCETAXEL ANHYDROUS,FGFR3
LESTAURTINIB,JAK2
SGI-1776,JAK2
MIDOSTAURIN,JAK2
TASELISIB,PIK3CA
FOSTAMATINIB,RB1
ALECTINIB,RET
AKT INHIBITOR MK2206,STK11
DS-7423,TP53
ADAVOSERTIB,TP53
IBRUTINIB,TP53
NIVOLUMAB,TP53
RO-5045337,TP53
NAVITOCLAX,TP53
CHIR-124,TP53
TOPOTECAN HYDROCHLORIDE,TP53
TRAZODONE,HSD17B10
METHYLPREDNISOLONE,BDNF
FOSBRETABULIN DISODIUM,BCL2
MEGESTROL ACETATE,ESR1
MESALAMINE,ALOX5
CYPROHEPTADINE HYDROCHLORIDE,CYP2D6
GW7647,PLK1
CHEMBL:CHEMBL45245,CYP1A2
MK-2461,DPYSL2
CHEMBL:CHEMBL577887,RAD52
TREMELIMUMAB,CTLA4
EXEMESTANE,CYP19A1
DRONEDARONE HYDROCHLORIDE,CACNA1S
FLUOROURACIL,BDNF
ASCORBIC ACID,GFAP
APICIDIN,HDAC8
HUMAN THYMOSIN-FRACTION 5,IL2RA
SULOCTIDIL,CACNA1S
INFLIXIMAB-DYYB,IL1B
NOVAFERON,IFNA2
CHEMBL:CHEMBL1784521,AR
SIROLIMUS,PIK3CA
ALPRAZOLAM,TSPO
PACLITAXEL,BDNF
APARARENONE,NR3C2
LUMATEPERONE,HTR2A
AM-630,CYP1A2
TETROQUINONE,USP1
CHEMBL:CHEMBL429095,CYP2D6
CHEMBL:CHEMBL299853,USP1
TRAMETINIB DIMETHYL SULFOXIDE,MAP2K2
RECOMBINANT 70-KD HEAT-SHOCK PROTEIN,DCN
PD-98059,SLC2A4
TRICLOSAN,AR
CYANIDIN,F2
CANDESARTAN CILEXETIL,USP1
TRIPROLIDINE HYDROCHLORIDE,NFE2L2
CHEMBL:CHEMBL466465,EHMT2
LIOTHYRONINE,LIPA
ATORVASTATIN CALCIUM TRIHYDRATE,ACE
LIRILUMAB,KIR2DL1
RUTAECARPINE,NPC1
BIX-01294,FEN1
PACLITAXEL,ERCC2
EPZ004777,KMT2A
LAPATINIB,EGFR
DILTIAZEM HYDROCHLORIDE,CYP1A2
RU 24969,HSD17B10
BETA-LAPACHONE PRODRUG ARQ 761,NQO1
RITUXIMAB,MS4A1
SITRAVATINIB,DRD3
NONABINE,CNR1
BINODENOSON,ADORA2A
CHLORPHENIRAMINE MALEATE,HRH1
SURAMIN,SIRT5
ISATUXIMAB,CD38
LUMACAFTOR,CFTR
OLEOCANTHAL,MET
PRAVASTATIN SODIUM,ABCA1
FIGOPITANT,TACR1
OTILIMAB,CSF2
[3H]MIROGABALIN,SLC15A2
OLANZAPINE,DRD2
HALAZEPAM,TSPO
PRAMIPEXOLE,DRD4
PARTHENOLIDE,RELA
4SC-202,HDAC3
DERAZANTINIB,FGFR1
CARBACYCLIN,APOB
CARVEDILOL,DRD1
OXYPHENBUTAZONE,MAPT
NANOPARTICLE ALBUMIN-BOUND THIOCOLCHICINE DIMER NAB-5404,HGF
BOSUTINIB,SRC
CENERIMOD,S1PR1
ANGIOGENESIS INHIBITOR,FGF2
APOMORPHINE,HTR2C
SARIZOTAN HYDROCHLORIDE,DRD2
CEMIPLIMAB-RWLC,CD274
METHYLPHENIDATE HYDROCHLORIDE,SLC6A3
MK-2201,AKT3
LOMOFUNGIN,PIN1
USTEKINUMAB,HTR2A
CHEMBL:CHEMBL609606,ATXN2
BIOCHANIN A,BDKRB2
DABRAFENIB,ALK
AVAGACESTAT,APH1B
IMARIKIREN HYDROCHLORIDE,REN
GO-6976,MAPK1
AMINEPTIN,DRD2
MINAPRINE,DRD2
BACLOFEN,NOS1
LORATADINE,TSHR
CETUXIMAB,NRG1
METHYSERGIDE,HTR2C
CHEMBL:CHEMBL601757,NFE2L2
BUTAMBEN,BMP2
TRICHOSTATIN A,TNFSF10
ATORVASTATIN CALCIUM TRIHYDRATE,NR1I2
VOXTALISIB,PIK3R1
DR-4004,SERPINA3
NEOMYCIN SULFATE,RPSA
4-NONYLPHENOL,ALDH1A1
CHEMBL:CHEMBL137498,HSD17B10
IMARADENANT,ADORA2A
HMPL-453,FGFR2
5-HYDROXYTRYPTOPHAN,ALDH1A1
CHEMBL:CHEMBL530280,WRN
CHEMBL:CHEMBL211042,EHMT2
PHOTOSENSITIZING AGENT,FGF2
INOSITOL,TGFB1
"L-803,087",AQP1
SF1126,PIK3CB
AZD-4547,DR1
RILVEGOSTOMIG,CD274
GANITUMAB,IGF1R
SIRUKUMAB,IL6
INDANTADOL,GRIN2A
PSB-0788,ABCA2
CANGRELOR,BIRC2
2'3'-CGAMP,GRIN1
KAINIC ACID,HPGD
HYDROCODONE,COMT
CAPREOMYCIN SULFATE,RPSA
VINORELBINE,TUBB4B
MIDODRINE,CYP2D6
C1 ESTERASE INHIBITOR,SERPING1
ONO-2333MS,CRHR1
TAMOXIFEN CITRATE,ALDH1A1
SPIRAMIDE,CYP2D6
ULINASTATIN,MMP9
AMEDIPLASE,PLAU
BUTAPROST,PTGER4
CHLOROPROCAINE,SCN7A
ANESTHETIC AGENT,GDNF
FLUOROURACIL,ATM
PRAVASTATIN SODIUM,ACE
PROTOAPIGENONE,SMAD3
RUTAECARPINE,HIF1A
CHEMBL:CHEMBL68096,RAD52
CYCRIMINE,CHRM1
AZD1390,ATM
CHEMBL:CHEMBL602776,GMNN
PANOBINOSTAT,SIRT5
IBRUTINIB,ERBB2
CLOZAPINE,PIK3CG
CHEMBL:CHEMBL531710,NPC1
TERFENADINE,HTT
ONO-1301,TBXAS1
NIFUROXAZIDE,ALDH1A1
TROLEANDOMYCIN,CYP2D6
SB203580,CYP1A2
PENTOBARBITAL SODIUM,GRIK2
GPX4 INHIBITOR C18,HOXD13
RGB-286638,CDK7
XENTUZUMAB,IGF1
CHEMBL:CHEMBL77675,AHR
CHEMBL:CHEMBL601550,NFE2L2
ZOTIRACICLIB,TYK2
SURAMIN,SIRT3
GABAPENTIN,CYP2D6
COMPOUND 30 [PMID: 17280833],FGF1
PNU-120596,CHRNA7
PRAVASTATIN SODIUM,IL2
RUXOLITINIB,TYK2
MORIN,GAA
NORTRIPTYLINE,SLC6A4
PAMIDRONATE,COL1A1
CITALOPRAM,GRK5
CHLORDIAZEPOXIDE,GABRG3
BRIAKINUMAB,IL12B
METHIXENE,CHRM2
[3H]ZM 241385,ABCA2
MOLIBRESIB,EFNA3
HYDROCORTISONE SODIUM SUCCINATE,NR3C1
RANITIDINE HYDROCHLORIDE,CALCA
GAMBOGIC AMIDE,MAPK1
HYDROCORTISONE BUTYRATE,HIF1A
ALPRENOLOL,ADRB2
SR101099,UTS2R
PROTEASOME INHIBITOR,FAS
PYRIDOXAL PHOSPHATE ANHYDROUS,ABAT
"TOLBUTAMIDE SODIUM, STERILE",ABCC8
URANTIDE,UTS2R
TABERMINOGENE VADENOVEC,FLT4
BP-CCL3,ACTA1
COMPOUND 20 [PMID: 23692593],KLK3
TANDUTINIB,PDGFRA
SANGUINARINE SULFATE,MAPK1
CYCLOBENZAPRINE,HTR2A
ICOTINIB,EGFR
ESTRADIOL DIPROPIONATE,FGF2
CH7233163,DXO
YM 218,AR
CHEMBL:CHEMBL146525,RAD54L
PRAVASTATIN SODIUM,APOB
CHEMBL:CHEMBL1256510,EHMT2
IMEGLIMIN,PRKAA2
ALPRENOLOL,ADRB1
AR-42,HDAC9
CYPATE,ITGAV
CHLORPROMAZINE HYDROCHLORIDE,RAD52
RIVASTIGMINE,ACHE
AMISULPRIDE,HTR2A
COMPOUND 6 [PMID: 34333981],AAK1
CHEMBL:CHEMBL592561,CYP1A2
PERICIAZINE,ADRA1D
MICONAZOLE NITRATE,GMNN
LAPATINIB,EGFR
RITODRINE,ADRB2
AMINOSALICYLIC ACID,PTGS2
DINITROPHENYLENE,NFE2L2
COMPOUND 1K [PMID: 35912476],ERCC2
MELOXICAM,PTGS2
SILODOSIN,ADRA1A
ILOPERIDONE,A1BG
CLOZAPINE,HTR2C
ICATIBANT,ASIC1
EXALAMIDE,AR
MS40,NPBWR1
DEUTETRABENAZINE,SLC18A2
FEXOFENADINE HYDROCHLORIDE,CCL17
HINOKITIOL,HDAC9
SANGUINARINE SULFATE,FEN1
"4-[3-(1,4-DIAZEPAN-1-YLCARBONYL)-4-FLUOROBENZYL]PHTHALAZIN-1(2H)-ONE",PARP1
CELL SURFACE ANTIGEN,IL15
"PAROXETINE HYDROCHLORIDE, HEMIHYDRATE",REEP5
FLUVASTATIN,HMGCR
FENOLDOPAM MESYLATE,ALCAM
ARIPIPRAZOLE LAUROXIL,ABCD1
RETASPIMYCIN,HSP90AA1
N-ACETYLCOLCHINOL,SMAD3
"DIBENZ[A,H]ANTHRACENE",AHR
APOMORPHINE,AR
ONDANSETRON HYDROCHLORIDE,ABCB1
ALISKIREN,REN
GLIMEPIRIDE,ABCC8
SORAFENIB,KDR
ESLICARBAZEPINE ACETATE,SCN8A
COMPOUND 7D [PMID: 19111466],GART
AFATINIB,PIK3CA
TANSHINONE IIA,MAPT
DEHYDRATED ALCOHOL,TLR4
CLOBETASOL,ANXA1
LY-2090314,CDK1
ENVAFOLIMAB,CD274
PROSAVIN,TH
COBIMETINIB,RAF1
TUCATINIB,ERBB2
CHEMBL:CHEMBL2062277,CXCR4
PHENELZINE,CYP2D6
BRIGATINIB,EGFR
EPZ005687,EZH2
NEBIVOLOL HYDROCHLORIDE,ADRB1
AVAPRITINIB,PDGFRA
CISPLATIN,GSTP1
QUIZARTINIB,FGF2
ALPHA 1-ANTITRYPSIN,SERPINA1
CHEMBL:CHEMBL217425,ABCB1
PRASTERONE,BAX
STICTIC ACID,POLB
CHEMBL:CHEMBL261118,SMN2
FELBAMATE,GRIN3B
EPINEPHRINE,ABCA4
6-CHLORONICOTINIC ACID,PLK1
COMPOUND 8H [PMID: 22765894],DRD2
CP-673451,DPP6
TRETINOIN,RXRG
SODIUM BUTYRATE,GAPDH
PROPRANOLOL HYDROCHLORIDE,BDNF
FLUORODIFEN,AR
TRAMETINIB DIMETHYL SULFOXIDE,MAP2K1
NEBIVOLOL HYDROCHLORIDE,CYP2D6
CHEMBL:CHEMBL429095,EHMT2
CISPLATIN,BRCA2
PALBOCICLIB,PIK3CA
ZALIFRELIMAB,CTLA4
MIGLUSTAT,UGCG
DMP696,ALAS2
CHEMBL:CHEMBL547313,GMNN
PAZOPANIB,MTOR
CHEMBL:CHEMBL211045,VDR
CHEMBL:CHEMBL587620,BRCA1
BARASERTIB-HQPA,MST1R
EVEROLIMUS,STK11
HYDROCORTISONE ACETATE,NR3C1
TESTOSTERONE CYPIONATE,AR
TEMAZEPAM,GABRG3
NERISPIRDINE,KCNA3
TRETINOIN,BCHE
CI-218872,CYP1A2
CHEMBL:CHEMBL476968,NQO2
PHENAMIL METHANESULFONATE,GMNN
ATALUREN,DMD
MECHLORETHAMINE HYDROCHLORIDE,HTT
DEHYDRATED ALCOHOL,CREB1
SOTRASTAURIN,CTAA1
NODAGA-[TYR3]-OCTREOTIDE,FASLG
CLAVULANIC ACID,HLA-DRB1
QUETIAPINE FUMARATE,HRH1
CHEMBL:CHEMBL29197,JAK2
INSULIN TREGOPIL,INSR
SILVER SULFADIAZINE,HPGD
ZINC CHLORIDE,ANPEP
(Z)-PIPLARTINE,TP53
ACETYLCYSTEINE,E2F1
IXEKIZUMAB,IL17A
METHOXSALEN,ESR1
HSP90 INHIBITOR XL888,HSP90AA1
OLAPARIB,PARP1
CT-011,PDCD1
OLAPARIB,RAD54L
EVEROLIMUS,CTNNB1
EXEMESTANE,ESR1
PALBOCICLIB,ESR1
EPZ005687,EZH2
DOVITINIB,FGFR2
MITOGEN-ACTIVATED PROTEIN KINASE KINASE INHIBITOR,STK11
TEMOZOLOMIDE,MYC
EVEROLIMUS,MTOR
TRANEXAMIC ACID,PLG
6-AMINOCAPROIC ACID,PLG
OXYPHENCYCLIMINE HYDROCHLORIDE,CHRM1
NEBIVOLOL HYDROCHLORIDE,ADRB1
6-AMINOCAPROIC ACID,PLAT
PIOGLITAZONE HYDROCHLORIDE,PPARG
EXEMESTANE,CYP19A1
CHLORPROMAZINE,HTR2A
INSULIN ZINC SUSP EXTENDED BEEF,INSR
INSULIN ZINC SUSP PROMPT BEEF,INSR
PAZOPANIB,FGFR1
THEOPHYLLINE SODIUM GLYCINATE,PDE4B
CABAZITAXEL,TUBB4A
CABAZITAXEL,TUBA4A
MESALAMINE,PTGS1
CISPLATIN,XRCC1
TOLAZAMIDE,ABCC8
PAZOPANIB,FLT4
OXYMETHOLONE,AR
CERALASERTIB,ATM
VALPROIC ACID,ATM
FLUOROURACIL,ATM
PJ34,ATM
PEMETREXED DISODIUM,CD274
OCRIPLASMIN,COL6A1
ROFECOXIB,PTGS2
TRABECTEDIN,CD274
YTTRIUM Y 90 IBRITUMOMAB TIUXETAN,MS4A1
POLO-LIKE KINASE 1 INHIBITOR GSK461364,CDKN2A
THIAMYLAL SODIUM,GABRG3
SAPANISERTIB,CDKN2A
ERYTHROMYCIN,RPSA
GABAPENTIN ENACARBIL,CACNG4
GUNAGRATINIB,FGFR1
ETHOTOIN,SCN9A
QUINIDINE SULFATE,SCN7A
PROCAINE HYDROCHLORIDE,SCN2A
CEDIRANIB,FGFR3
ZONISAMIDE,SCN7A
ZONISAMIDE,SCN9A
EPINEPHRINE BITARTRATE,ADRB3
CHLORPROMAZINE,DRD4
CHLORPROMAZINE,DRD2
OLANZAPINE,DRD2
NINTEDANIB ESYLATE,PDGFRA
NINTEDANIB ESYLATE,FGFR3
IXAZOMIB CITRATE,PSMB8
DS-7423,PIK3CB
DS-7423,PIK3R1
GSK-690693,PRKACA
GSK-690693,PRKCA
PAXALISIB,PIK3CB
SAR-260301,PIK3CB
RO-4987655,MAP2K2
OLAPARIB,JAK2
ALFENTANIL HYDROCHLORIDE,JAK2
LAS190792,ADRB2
RG-1530,KDR
EVENAMIDE,SCN9A
IPATASERTIB,PIK3CA
AFACIFENACIN,CHRM2
NERATINIB,PIK3CA
SPARSENTAN,EDNRA
M-2698,PIK3CA
RAFABEGRON,ADRB3
AZD7325,GABRA3
EVT-101,GRIN2B
GW468816,GRIN3A
EVT-101,GRIN1
CE-224535,P2RX7
POZANICLINE,CHRNB2
RADIPRODIL,GRIN2B
INDANTADOL,GRIN2B
CEDIRANIB,FLT4
SARIZOTAN HYDROCHLORIDE,DRD4
PIMAVANSERIN,HTR2A
RALFINAMIDE,GRIN3A
MUTANT-SELECTIVE PI3K-ALPHA H1047R INHIBITOR LOXO-783,PIK3CA
FIGITUMUMAB,IGF1R
VENETOCLAX,BCL2
OLAPARIB,PIK3CA
ALBINTERFERON ALFA-2B,IFNAR1
FOSBRETABULIN TROMETHAMINE,TUBB4B
EVEROLIMUS,STK11
AMISELIMOD HYDROCHLORIDE,S1PR1
METHAQUALONE HYDROCHLORIDE,GABRA1
PIRPROFEN,PTGS2
PIRPROFEN,PTGS1
TERFENADINE,HRH1
MOGAMULIZUMAB,CCR4
ZIMELDINE HYDROCHLORIDE,HTR2A
AMG-820,CSF1R
ABX-MA1,MCAM
CLOTHIAPINE,HTR2A
ACECLOFENAC,PTGS2
MINAPRINE,DRD2
PITAVASTATIN SODIUM,HMGCR
OCARATUZUMAB,MS4A1
MIROCOCEPT,CR1
VASOACTIVE INTESTINAL PEPTIDE,ADRA1A
SELITRECTINIB,NTRK2
BENIDIPINE,CACNA1S
LINRODOSTAT,IDO1
CILOMILAST,PDE4B
ELRAGLUSIB,GSK3B
OLAPARIB,STK11
ONO-2952,TSPO
SIROLIMUS,STK11
AURORA KINASE INHIBITOR AMG 900,TP53
TESOFENSINE,SLC6A3
BLZ945,TP53
TEBUFENPYRAD,TP53
VU0001171,BRCA1
SERDEXMETHYLPHENIDATE CHLORIDE,SLC6A3
ENFORTUMAB VEDOTIN-EJFV,TUBB4A
PF-562271,PRKACA
TALSACLIDINE,CHRM1
SPESOLIMAB,IL1RL2
TRASTUZUMAB DUOCARMAZINE,ERBB2
BIRICODAR,ABCB1
GLICLAZIDE,KCNJ11
GILORALIMAB,CD40
EUPAFOLIN,WRN
MASUPIRDINE,HTR6
EMB-01,MET
CIBINETIDE,EPOR
CHEMBL:CHEMBL1389794,TP53
NAVOCAFTOR,CFTR
ABACAVIR,HLA-B
EMB-01,EGFR
TIVOZANIB,FLT4
CTS-1027,MMP2
OXALIPLATIN,BCL2
PARP/TANKYRASE INHIBITOR 2X-121,BRCA1
ANASTROZOLE,ESR1
LETROZOLE,ESR1
TAMOXIFEN,ESR1
ABEMACICLIB,CCND1
DACTOLISIB,PIK3R1
PF-04691502,PIK3R1
DS-7423,PIK3R1
AKT INHIBITOR MK2206,AKT1
PACLITAXEL,TLE3
NINTEDANIB ESYLATE,FGFR3
SAVOLITINIB,MET
RIMSULFURON,AHR
CAMPTOTHECIN,ATXN2
PHORBOL 12-MYRISTATE 13-ACETATE,PRKCD
METYROSINE,CYP1A2
CHEMBL:CHEMBL538798,SMAD3
CHEMBL:CHEMBL592611,TARDBP
PROTOCATECHUIC ACID,POLB
GINSENOSIDE RG3,NR1I2
DACTOLISIB,CSF1R
HYDROCORTISONE BUTYRATE,NR3C1
AZD-1080,CAMK2G
CHEMBL:CHEMBL312032,CASP3
CARBENDAZIM,NFE2L2
CHEMBL:CHEMBL531710,NFE2L2
NEOCUPROINE,TARDBP
TOLONIUM CHLORIDE,ATM
REPAGLINIDE,AR
BUTAMBEN,CYP1A2
CYTARABINE,ADH1A
EPINEPHRINE,ADRB2
ATROPINE,ABL1
6-HYDROXYFLAVONE,BRCA1
CHEMBL:CHEMBL601550,USP1
AROTINOID ACID,CYP2D6
LAVENDUSTIN A,VDR
AKT INHIBITOR VIII,ACP1
CYSTAMINE DIHYDROCHLORIDE,MAPT
CHEMBL:CHEMBL586982,NFE2L2
HEXACHLOROPHENE,AR
RILUZOLE,CYP1A2
CHEMBL:CHEMBL120806,CYP1A2
PREDNISOLONE,NFE2L2
HALOPERIDOL DECANOATE,DRD1
CRYPTOTANSHINONE,MAPT
EVEROLIMUS,PIK3CA
TANNIC ACID,KMT2A
TROVAFLOXACIN MESYLATE,PPARD
INAMRINONE,HIF1A
PERPHENAZINE,CYP2D6
BELINOSTAT,HDAC4
ROXINDOLE,ABCD1
METHYLDOPA ANHYDROUS,CASP6
ROXINDOLE,ABCD1
TUCATINIB,ERBB2
BREFELDIN A,NFE2L2
BROQUINALDOL,GMNN
TK216,ETS2
DACTOLISIB,NFE2L2
DECYLUBIQUINONE,VDR
DICYCLOMINE HYDROCHLORIDE,DRD1
"8,2'-DIMETHOXYFLAVONE",HSD17B10
TRIFLUOPERAZINE HYDROCHLORIDE,ATXN2
HYDROCORTISONE BUTYRATE,NFE2L2
TICAGRELOR,P2RY12
CHEMBL:CHEMBL116548,ADRB2
CHEMBL:CHEMBL538798,GMNN
MYRICETIN,FEN1
CHEMBL:CHEMBL56393,ALOX15
AG 9,VDR
RS 39604,CYP2D6
CHEMBL:CHEMBL530280,MAPK1
TESTOSTERONE PROPIONATE,NR3C1
CHEMBL:CHEMBL579837,GAA
AMINACRINE HYDROCHLORIDE,RAD54L
NICLOSAMIDE,EHMT2
BENZBROMARONE,USP1
MIGLITOL,GAA
SILIBININ,GMNN
CHEMBL:CHEMBL589469,ALDH1A1
PYROGALLOL RED,WRN
CHEMBL:CHEMBL1269022,CYP1A2
CHEMBL:CHEMBL56393,ALPI
CHEMBL:CHEMBL328710,SMN1
GENTIAN VIOLET CATION,THRB
PURVALANOLA,STAT6
BAICALEIN,FEN1
CHEMBL:CHEMBL379975,DYRK1A
GO-6976,BLK
OCINAPLON,GABRA1
CHEMBL:CHEMBL579957,HTT
METHYLDOPA ANHYDROUS,FEN1
MAYTANSINOL,TUBB4B
MAYTANSINOL,TUBA4A
FLUOXETINE HYDROCHLORIDE,CYP2D6
CHEMBL:CHEMBL515617,GMNN
BENZO(K)FLUORANTHENE,NR1H4
PREDNISOLONE ACETATE,AR
ALPHA-TOCOPHEROL,MAPK8
DACINOSTAT,HDAC3
CHLORPYRAMIN HYDROCHLORIDE,FLT4
BIFENOX,AR
CHEMBL:CHEMBL528724,FEN1
SB 206553,NPC1
SURAMIN,TDP1
AM-630,ALDH1A1
CHEMBL:CHEMBL587620,RAD52
GW7647,ESR1
VATALANIB,AR
CHEMBL:CHEMBL530149,HSD17B10
IODOQUINOL,TP53
ESTRONE,ESR1
CEFTRIAXONE,CYP2D6
PREDNICARBATE,NFE2L2
METRIBUZIN,RXRA
BUSPIRONE,EHMT2
MEDI6012,LCAT
RIBOFLAVIN,HSD17B10
ALPRAZOLAM,BRD4
FLUCONAZOLE,CYP2D6
PAXILLINE,TARDBP
DIMETHYL YELLOW,NFE2L2
DINALINE,AR
VORINOSTAT,TUBB4B
DESMEDIPHAM,NFE2L2
MERCAPTOPURINE,TP53
GW5074,KAT2A
SANGUINARINE SULFATE,VDR
DOCUSATE SODIUM,NFE2L2
DESMEDIPHAM,AHR
ISONIAZID,CYP1A2
TESTOSTERONE,CYP1A2
ROTTLERIN,VDR
TENOFOVIR,ABCC1
CHELERYTHRINE CHLORIDE,MAPT
DYDROGESTERONE,NFE2L2
CHEMBL:CHEMBL1335833,EHMT2
CHEMBL:CHEMBL600968,SMN1
ETAZOLATE,CYP1A2
HYDROCORTISONE VALERATE,AR
FLUOXETINE HYDROCHLORIDE,DRD1
ESTRONE,TARDBP
ATOMOXETINE HYDROCHLORIDE,JUN
ADAPALENE,USP1
SYROSINGOPINE,AR
FLUORESCEIN,HTT
CHEMBL:CHEMBL1927670,MAOA
CHEMBL:CHEMBL1448793,FEN1
VORICONAZOLE,CYP2B6
NICARDIPINE HYDROCHLORIDE,AR
SULINDAC,RXRA
RANOLAZINE,PLG
SILIBININ,HSD17B10
RUTIN,GAA
ADEFOVIR DIPIVOXIL,EHMT2
CHEMBL:CHEMBL533293,ABCB1
SB203580,MAPK14
GLABRIDIN,BRCA1
CHEMBL:CHEMBL512908,CYP2D6
STICTIC ACID,FEN1
BIS(DIMETHYLAMINETHIOCARBONYL)MONOSULFIDE,ALDH1A1
ALISERTIB,SRC
MK-571,ABCC1
TOLONIUM CHLORIDE,NFE2L2
BISSALICYL FUMARATE,MAPT
DIFENPIRAMIDE,TARDBP
EMODIC ACID,USP1
CHEMBL:CHEMBL585628,ALDH1A1
VINORELBINE,TUBA4A
CHEMBL:CHEMBL1337960,CYP1A2
DIETHANOLAMINE,HSD17B10
CHEMBL:CHEMBL600738,MAPT
CHEMBL:CHEMBL576353,EHMT2
CHEMBL:CHEMBL259421,SMN2
SANGUINARINE SULFATE,HSD17B10
CATECHIN,ALOX15
DIENESTROL,ESR1
PHENYLBUTAZONE,EHMT2
CHEMBL:CHEMBL581225,SMAD3
DEFLAZACORT,AR
CHEMBL:CHEMBL601547,NFE2L2
CHEMBL:CHEMBL166486,MAPT
NONYL 4-HYDROXYBENZOATE,AR
TETRADECYLTHIOACETIC ACID,PIN1
AST-487,KDR
CLOTRIMAZOLE,GMNN
CHEMBL:CHEMBL135115,AR
NORETHINDRONE,AR
GLYCITEIN,ESR1
U-0126,VDR
TRIAMCINOLONE,CYP1A2
CURCUMIN PYRAZOLE,PTGES
BUTYRIC ACID,HDAC4
CHEMBL:CHEMBL599943,RAD52
DIAZEPAM,ALB
MELAGATRAN,VPS35
CEFAMANDOLE SODIUM,WRN
TRIAMTERENE,HIF1A
NANAOMYCIN,WRN
R-348,SYK
PHA-767491,CDK5
ACROLEIN,NFE2L2
APICIDIN,HDAC4
CHEMBL:CHEMBL2094567,SNCA
17-OCTADECYNOIC ACID,CYP1A2
SIROLIMUS,AR
DIHYDRALAZINE,EHMT2
CHEMBL:CHEMBL1385558,HSP90AA1
CAPSAICIN,NFE2L2
RUTAECARPINE,CYP1A2
DIGITOXIN,STAT3
CLOCAPRAMINE,PPARD
VINBLASTINE SULFATE,JUN
CIS-RESVERATROL,HIF1A
PIRARUBICIN,HTT
BUNAMIDINE HYDROCHLORIDE,AR
BENZOXIQUINE,AR
SPIPERONE,CYP2D6
TETRACYCLINE,CYP1A2
VITEXIN,APEX1
GRINIMIBINE,NPC1
METHYLDOPA ANHYDROUS,EHMT2
BETULINIC ACID,SAE1
CHEMBL:CHEMBL599924,SMAD3
CHEMBL:CHEMBL599943,POLB
CHLORHEXIDINE GLUCONATE,RAD52
MICHLER'S KETONE,GMNN
EBSELEN,CYP2D6
CHEMBL:CHEMBL515505,VDR
TRYPAN BLUE,KAT2A
MINOPAFANT,AR
CHEMBL:CHEMBL117487,HDAC9
BROMPERIDOL,CYP2D6
CHLORPYRIFOS-METHYL,KAT2A
DICHLORODIPHENYLDICHLOROETHYLENE,NFE2L2
SURAMIN,HSD17B10
CHEMBL:CHEMBL2062863,STAT3
BAICALEIN,HIF1AN
CHLORPROMAZINE HYDROCHLORIDE,ATXN2
PHENELZINE,CYP1A2
STILONIUM IODIDE,NFE2L2
ALISERTIB,GRK5
CHEMBL:CHEMBL600694,VDR
U-0126,CYP2D6
ACID BLUE 129,EHMT2
CHEMBL:CHEMBL600342,ALDH1A1
GO-6976,RPS6KB1
"7,3'-DIMETHOXYFLAVONE",SMN2
PROPYLPYRAZOLETRIOL,CYP2D6
MOXISYLYTE,CYP1A2
GALLIC ACID,GAPDH
GALLIC ACID,VDR
EMBELIN,TP53
GALLINAMIDE A,CTSL
CHEMBL:CHEMBL602418,CYP1A2
BUSPIRONE,NFE2L2
SECRAMINE B,CDC42
SURAMIN,VDR
XANTHOANGELOL F,ATXN2
CANDESARTAN CILEXETIL,KAT2A
DOCEBENONE,CYP2D6
NIHYDRAZONE,NFE2L2
"7,8-DIHYDROXYFLAVONE",HPGD
CHEMBL:CHEMBL546493,SMAD3
METHYSTICIN,ALDH1A1
NICARDIPINE HYDROCHLORIDE,EHMT2
CHEMBL:CHEMBL2094652,ALPI
GR 113808,CYP1A2
AMPHOTERICIN B LIPOSOMAL,TNF
SULPIRIDE,CYP2D6
NITROXOLINE,HTT
CHEMBL:CHEMBL1509103,GMNN
MRS1220,CYP2D6
CHEMBL:CHEMBL146525,ERG
CHEMBL:CHEMBL1256291,ARSA
CHEMBL:CHEMBL515505,HPGD
CHEMBL:CHEMBL531268,SMAD3
CURCUMIN PYRAZOLE,PTGS2
ACETAMIDE,EHMT2
INDIRUBIN-3'-MONOXIME,CDK1
METOPROLOL,ADRB1
TIPLASININ,SERPINE1
PIRENOXINE,KMT2A
8-CYCLOPENTYLTHEOPHYLLINE,NFE2L2
PHENTOLAMINE,CYP2D6
CHEMBL:CHEMBL595912,AR
CHEMBL:CHEMBL379975,GSK3B
AROTINOID ACID,RARB
HYDROCORTISONE BUTYRATE,AR
CEFTRIAXONE,CYP1A2
CHEMBL:CHEMBL578257,HTT
HEXACHLOROPHENE,HPGD
METHYLDOPA ANHYDROUS,CYP2D6
GAVESTINEL SODIUM,ALOX15
MYRICETIN,MAPT
CHEMBL:CHEMBL116548,EHMT2
NIMETAZEPAM,AR
CHEMBL:CHEMBL1528359,FEN1
ROXITHROMYCIN,F2RL1
CHELERYTHRINE CHLORIDE,EHMT2
TOLNAFTATE,CYP1A2
CHEMBL:CHEMBL97858,ALDH1A1
PHA-767491,MAPK1
GENTIAN VIOLET CATION,APP
ORPHENADRINE CITRATE,EHMT2
"7,8-DIHYDROXYFLAVONE",TP53
CHLORPROMAZINE,TP53
RS67506,RGS4
CHEMBL:CHEMBL1344912,RAD54L
TACEDINALINE,HDAC1
GW441756X,MAPT
CHEMBL:CHEMBL1287980,NFE2L2
PROTOAPIGENONE,EHMT2
EMBELIN,CYP2D6
TIOXOLONE,NFE2L2
CHEMBL:CHEMBL271023,CYP1A2
NICLOSAMIDE,SMN1
ESTRONE,AR
RESCINNAMINE,EHMT2
CHEMBL:CHEMBL1526167,SNCA
GO-6976,GSK3B
NICLOSAMIDE,HIF1A
PHYTANIC ACID,RXRA
GO-6976,JAK3
CHEMBL:CHEMBL2063681,MAPK3
CHEMBL:CHEMBL250428,CYP2D6
PROTOAPIGENONE,ATXN2
PALBOCICLIB,ESR1
TUCATINIB,ERBB2
NERATINIB,ERBB2
GLESATINIB,MET
PF-04691502,MTOR
EVEROLIMUS,MTOR
DACTOLISIB,MTOR
DACTOLISIB,PIK3R1
DACTOLISIB,PIK3CG
PF-04691502,PIK3CB
BRIGATINIB,EGFR
SORAFENIB,FLT4
SELUMETINIB,MAP2K2
OLAPARIB,PARP1
SORAFENIB,PDGFRA
ITRACONAZOLE,ABCB1
DOMPERIDONE,ABCB1
NICOTINE POLACRILEX,ABCB1
FEXOFENADINE HYDROCHLORIDE,ABCB1
NICOTINE POLACRILEX,AFP
BROXURIDINE,AFP
GAMMA-INTERFERON,AGTR1
METHYLCELLULOSE,AHR
ACE INHIBITOR,APOE
PROPOFOL,APP
EPIDERMAL GROWTH FACTOR RECEPTOR TYROSINE KINASE INHIBITOR,BCL2
FAS LIGAND,BCL2
DRONABINOL,BDNF
TRICHOSTATIN A,BDNF
FENHEXAMID,NFE2L2
TAMOXIFEN,BGLAP
WARFARIN,BGLAP
EMODIN,BRCA1
TAMOXIFEN,BRCA1
FREUND'S ADJUVANT,CP
TETANUS TOXOID,CR1
RECOMBINANT INTERFERON,CYP1A1
BIOFLAVONOID,CYP19A1
RECOMBINANT INTERLEUKIN-1,CYP1A2
DEXTROAMPHETAMINE SULFATE,CYP2D6
HYDROXYCHLOROQUINE,CYP2D6
TESTOSTERONE,CYP2B6
ACTH,CYP2D6
AMPHOTERICIN B LIPOSOMAL,CYP2B6
ADRIAMYCIN,CYP7B1
FENRETINIDE,DDIT3
DIETHYLSTILBESTROL,DNMT1
UCN-01,DIABLO
TAMOXIFEN,DHFR
URACIL,DPYD
DEHYDRATED ALCOHOL,DRD2
PACLITAXEL,EIF4EBP1
ARSENIC TRIOXIDE,EPO
INFIGRATINIB PHOSPHATE,FGFR3
NIFEDIPINE,ELANE
LIOTHYRONINE,ENO2
ANTHRAQUINONE,ERBB2
VACCINE ADJUVANT,ERBB2
CLOZAPINE,FASN
PACLITAXEL,FASN
SILICON PHTHALOCYANINE 4,FAS
PENICILLIN,FCGR3B
DEMECOLCINE,GFAP
PIOGLITAZONE HYDROCHLORIDE,GFAP
METHOTREXATE,GSTM1
DROLOXIFENE,GSTP1
EXATECAN MESYLATE,GSTP1
DEHYDRATED ALCOHOL,IL1R1
RECOMBINANT INTERLEUKIN-1,IL1R1
DRUGSATFDA.NDA:008378,IL1B
CLOZAPINE,IL2
ITRACONAZOLE,IL2
TRICHOSTATIN A,IL2
CLOBAZAM,GABRA3
METHYLPREDNISOLONE,IL2RA
ANGIOGENESIS INHIBITOR,ITGA2B
DEHYDRATED ALCOHOL,IRS1
EFLORNITHINE,KCNA1
SOYBEAN SEED OIL,LEP
TOSITUMOMAB,MAPK14
DEXRAZOXANE,MAPK8
ANTINEOPLASTIC VACCINE,MLANA
ACETYLCYSTEINE,MT1E
BUTYRIC ACID,MT1IP
SIROLIMUS,NFE2L2
RECOMBINANT PROTHYMOSIN ALPHA,NFE2L2
THEOPHYLLINE,NOS2
ANTIHYPERTENSIVE AGENT,NPY
PROPOFOL,NOS2
MONOCLONAL ANTIBODY ICR62,NRG1
CYPROTERONE ACETATE,PAEP
INDOLE-3-CARBINOL,PIK3CG
FRAMYCETIN,PIK3CG
RECOMBINANT HEREGULIN,PIK3CG
RAS INHIBITOR,PIK3CG
ASCORBIC ACID,PLA2G2A
ADRIAMYCIN,PLA2G1B
MIFEPRISTONE,PLAU
TAZAROTENE,PML
BENZNIDAZOLE,PRL
RETINOIC ACID AGENT,RARG
GELDANAMYCIN,GRINA
DROLOXIFENE,SHBG
BUSULFAN,SHBG
ACE INHIBITOR,SLC2A4
SOYBEAN SEED OIL,SLC2A4
RECOMBINANT HEPATOCYTE GROWTH FACTOR,SLC2A4
EPIGALLOCATECHIN GALLATE,SLC2A4
METHYLPHENIDATE HYDROCHLORIDE,SLC6A3
TESTOSTERONE,SOAT1
HALOFUGINONE,SMAD3
DANAZOL,STS
ESTRADIOL VALERATE,TAT
EFLORNITHINE,TGM2
GEMCITABINE,TGM2
CETYLPYRIDINIUM CHLORIDE,RAD52
LAROTRECTINIB,NTRK2
CERITINIB,ALK
CAPMATINIB,MET
TASELISIB,PIK3CA
INFIGRATINIB,FGFR2
ULINASTATIN,MMP2
IPILIMUMAB,CD274
TAS-115,MET
ATORVASTATIN CALCIUM TRIHYDRATE,LEPR
PINDOLOL,ADRB2
NORTRIPTYLINE,CACNG2
TRAMADOL,CYP1B1
RAVULIZUMAB,CHRNA4
SERTRALINE HYDROCHLORIDE,HTR1A
SERTRALINE HYDROCHLORIDE,CYP2C18
SERTRALINE HYDROCHLORIDE,P3H3
NORTRIPTYLINE,RGS4
LEVOMETHADONE,COMT
WAY-100135,ALOX15
PEGINTERFERON ALFA-2A,IL18
HYDROXYUREA,KLF4
TETRABENAZINE,ABCB1
BIRICODAR,ABCB1
DILTIAZEM HYDROCHLORIDE,ABCB1
GABAPENTIN,ABCB1
SPIRONOLACTONE,ADD1
AMITRIPTYLINE HYDROCHLORIDE,HTR1A
2-(PHENOXYMETHYL)BENZOTHIAZOLE,SMN2
CLOZAPINE,ELAVL2
CELECOXIB,PTGS1
PRAZOSIN,ABCB7
COMPOUND 3 [PMID: 32636746],BDKRB2
CELECOXIB,PTGER4
CLOZAPINE,CCKBR
CLOZAPINE,PRKAB2
TICLOPIDINE,HLA-B
DEUTETRABENAZINE,CYP2D6
PITOLISANT,CYP2D6
AZACITIDINE,MTHFR
PHENYTOIN SODIUM,CYP1A1
ASPIRIN,PLCG1
DACARBAZINE,CYP1A1
CLOZAPINE,HLA-DPB1
ASPIRIN,HLA-DPB1
RISDIPLAM,SMN1
BRIMONIDINE,ADRA2A
"IBUPROFEN, SODIUM SALT",NOS1
RAVULIZUMAB,CHRNA7
DABIGATRAN,APOB
MERCAPTOPURINE,IGHMBP2
FLUOROURACIL,CYP1B1
RIBAVIRIN,CASP1
LAMOTRIGINE,HLA-C
INFLIXIMAB-DYYB,IVL
ABIRATERONE ACETATE,SRD5A2
OXYPHENCYCLIMINE,CHRM2
USTEKINUMAB,IL1B
ALPELISIB,ESR2
NEVIRAPINE,NAT2
BUPRENORPHINE,SLC6A4
NILOTINIB,GSTP1
ASPIRIN,NOS3
ASPIRIN,PTGER3
MYCOPHENOLATE,SLCO1B3
INFIGRATINIB,FGFR2
PANOBINOSTAT,HDAC4
BELINOSTAT,HDAC6
ALFIMEPRASE,FGB
BACLOFEN,GABBR2
CAPLACIZUMAB-YHDP,VWF
AMITRIPTYLINE HYDROCHLORIDE,SLC6A4
APOMORPHINE,DRD3
APC-100,AR
MACIMORELIN,GHRL
BINIMETINIB,MAP2K1
BINIMETINIB,MAP2K2
PLACULUMAB,TNF
BELAGENPUMATUCEL-L,TGFB2
PROGESTERONE,NR3C2
CABAZITAXEL,TUBA4A
"INSULIN GLULISINE, HUMAN",INSR
EFATUTAZONE DIHYDROCHLORIDE,PPARG
EVEROLIMUS,MTOR
EW-A-401,VEGFA
DIMDAZENIL,GABRA1
FLUOCINONIDE,NR3C1
DEXMETHYLPHENIDATE,SLC6A3
KETOPROFEN,PTGS1
LASOFOXIFENE,ESR1
ESZOPICLONE,GABRA3
MDX-1342,CD19
ELDELUMAB,CXCL10
METOPROLOL,ADRB1
PRAMIPEXOLE,DRD2
MK-2206,AKT1
MK-2206,AKT3
MOCLOBEMIDE,MAOA
HSP90 INHIBITOR LAM-003A,HSP90AA1
MUPARFOSTAT,FGFR2
VELIPARIB,PARP1
ROTIGOTINE,DRD4
NORELGESTROMIN,ESR1
PANOBINOSTAT,HDAC4
INTERFERON ALFA-2B,IFNAR1
PONEZUMAB,APP
PRASTERONE,AR
SPARSENTAN,EDNRA
TELMISARTAN,AGTR1
TORCETRAPIB,CETP
TOCILIZUMAB,IL6R
V24343,CNR1
VEGLIN,VEGFA
VB-201,PTGS1
VILAZODONE HYDROCHLORIDE,HTR1A
VESTIPITANT,TACR1
CHLORDIAZEPOXIDE,GABRG3
DESOGESTREL,ESR1
ESTAZOLAM,GABRA3
UROFOLLITROPIN,FSHR
LIOTHYRONINE,THRA
LEVOBUNOLOL,ADRB1
MELOXICAM,PTGS2
MEPHOBARBITAL,GRIA2
MEPHOBARBITAL,CHRNA4
MINAPRINE,HTR2A
NICOTINE POLACRILEX,CHRNA7
MOLINDONE,DRD2
NICOTINE POLACRILEX,CHRNA4
NABUMETONE,PTGS1
MINAPRINE,SLC6A4
NORGESTREL,ESR1
THIETHYLPERAZINE,CHRM3
TERFENADINE,HRH1
THIETHYLPERAZINE,DRD1
TIAGABINE HYDROCHLORIDE,ABAT
ZOXAMIDE,AR
TIAGABINE HYDROCHLORIDE,SLC6A1
ZOPICLONE,GABRA3
CHEMBL:CHEMBL585591,ATXN2
COLCHICINE,ABCB1
TRIMIPRAMINE,SLC6A4
ROMIDEPSIN,HDAC6
CHEMBL:CHEMBL84010,EHMT2
CYCRIMINE,CHRM1
LOVASTATIN,PIK3CB
INTERFERON GAMMA-1B,IFNGR2
NATALIZUMAB,ITGA4
ESTRONE,ESR1
BELINOSTAT,HDAC6
PROFENAMINE,CHRM1
EXEMESTANE,CYP19A1
FLUDIAZEPAM,GABRA1
FLUDIAZEPAM,GABRA3
MK-2206,AKT1
UROFOLLITROPIN,FSHR
HEXOBARBITAL,CHRNA4
IBANDRONATE,FDPS
INAMRINONE,PDE4B
METARAMINOL,ADRA1A
METHOTRIMEPRAZINE,CHRM3
METHOTRIMEPRAZINE,CHRM1
METHOTRIMEPRAZINE,CHRM2
METHOTRIMEPRAZINE,DRD3
MEPHOBARBITAL,GRIA2
MISOPROSTOL,PTGIR
"INSULIN, REGULAR, HUMAN",TDO2
NICOTINE POLACRILEX,CHRNA7
OLANZAPINE,CHRM1
ORPHENADRINE,GRIN3A
ORPHENADRINE,HRH1
ADAPALENE,RARB
OXYPHENCYCLIMINE,CHRM2
AMITRIPTYLINE HYDROCHLORIDE,SLC6A4
GEMTUZUMAB OZOGAMICIN,CYP2E1
SULINDAC,PTGS1
VIMSELTINIB,CSF1R
TELRATOLIMOD,TLR7
ZANDELISIB,PIK3CD
LIXUMISTAT ACETATE,PRKAA2
CHEMBL:CHEMBL579725,ADRB2
ANTI-TIM3 MONOCLONAL ANTIBODY LY3321367,HAVCR2
CHEMBL:CHEMBL546797,NTRK1
MK-8353,EPHB2
FENTICLOR,NFE2L2
GSK2831781,LAG3
BIMEKIZUMAB,IL17A
PF-06651600,JAK3
CHELERYTHRINE,ATXN2
TASIMELTEON,MTNR1A
PEGDINETANIB,KDR
AGT-182,INSR
RECOMBINANT HUMAN KALLIKREIN-1,INSR
LONODELESTAT,ELANE
RIVASTIGMINE,ACHE
MYCOPHENOLATE MOFETIL,PTGER2
FEZAKINUMAB,IL22
TETRADECANOYLPHORBOL ACETATE,NFE2L2
SAPRISARTAN,AGTR1
LMB-2,IL2RA
DINOPROST,PTGFR
ALBUSOMATROPIN,GH1
MOCLOBEMIDE,MAOA
OCAPERIDONE,DRD2
PROPANTHELINE,CHRM1
PRAZIQUANTEL,HPGDS
IGMESINE,SERPINA1
DEXMETHYLPHENIDATE,SLC6A3
MIBEFRADIL,MTOR
CYCLOSPORINE,PPP3CA
PF-562271,GSK3B
BORTEZOMIB,PSMD4
ZOTAROLIMUS,MTOR
ERITORAN,TLR4
HSP90 INHIBITOR BIIB021,HSP90AA1
NEBIVOLOL HYDROCHLORIDE,ADRB1
TELMISARTAN,AGTR1
MALATHION,ACHE
CARVEDILOL,ADRA1D
RECOMBINANT FIBROBLAST GROWTH FACTOR 2,IL11
MK-2461,FGFR1
CAPTOPRIL,SST
CH-4051,DHFR
LADOSTIGIL,ACHE
AZD-8848,TLR7
CYP17/CYP11B2 INHIBITOR LAE001,CYP17A1
VESATOLIMOD,TLR7
COLTUXIMAB RAVTANSINE,CD19
THIOPENTAL,FAAH
BETIFISOLIMAB,CD274
FLUFENAMIC ACID,PTGS2
MEDETOMIDINE,ADRA1A
APREMILAST,CDK6
CH 275,FAS
PROSAVIN,GCH1
OMIDENEPAG ISOPROPYL,PTGER2
X-396,ALK
AXICABTAGENE CILOLEUCEL,CD19
AUTOLOGOUS NKG2D CAR-CD3ZETA-DAP10-EXPRESSING T-LYMPHOCYTES CYAD-01,KLRK1
ALEFACEPT,CD58
FELZARTAMAB,CD38
EPLIVANSERIN FUMARATE,HTR2C
SLV-334,ECE1
FASINUMAB,NGF
ETIPREDNOL DICLOACETATE,NR3C1
TREBANANIB,TNFRSF4
FIMEPINOSTAT,PIK3CG
ALITRETINOIN,RARG
6-AMINOCAPROIC ACID,PLG
ACRIVASTINE,HRH1
ACETOPHENAZINE,DRD2
AMPIROXICAM,COX8A
THERAPEUTIC ANDROSTANOLONE,DKK1
DOPAMINE,DRD2
METOPROLOL,ADRB1
NICORANDIL,ABCC9
NICERGOLINE,ADRA2A
SIFALIMUMAB,IFNAR2
PHENYLEPHRINE,FGF2
TRIMAZOSIN,ADRA1D
PX-478,HIF1A
IVUXOLIMAB,TNFRSF4
SAR-405838,TP53
APLINDORE FUMARATE,DRD2
LUCATUMUMAB,CD40LG
LYSERGOL,A2M
ZIPRASIDONE,A2M
BROMOCRIPTINE,A2M
KETANSERIN,NAT2
KETANSERIN,SERPINA3
COMPOUND 2C [PMID: 24900538],ABL1
PEXMETINIB,ABL1
WWL123,CXCL1
(+)-ADRENALINE,ABCA4
KETANSERIN,ABCA4
CABERGOLINE,ABL1
SPIROXATRINE,ABL1
EPINEPHRINE,ABL1
BROMOCRIPTINE,AOC1
SPIROXATRINE,AOC1
CABERGOLINE,AOC1
MIRTAZAPINE,ABL2
BRIMONIDINE,ABL2
EPINEPHRINE,ABL2
ARC-239,ABL2
SPIROXATRINE,ABL2
DPCPX,ABAT
RHODEI-LITORIN,ACAT1
NEUROMEDIN B (1-30) (HUMAN),ACAT1
WNY0824,BRD3
ARV-771,BRD3
[DES-ARG9]BRADYKININ,BDKRB2
[TYR8]BRADYKININ,BDKRB2
ACT-1014-6470,ACACB
COMPOUND 3 [PMID: 14640538],CYP27A1
AC-DEVD-CHO,CASP3
UCB35625,ACTA1
AZD2098,CCR4
UROCORTIN 2,ALB
CXCL12&PHI;,ACTG1
TIBREMCICLIB,EIF4EBP1
CP-10,EIF4EBP1
COMPOUND 9 [PMID: 15615544],DHFR
LUMATEPERONE,ABCD1
SERTINDOLE,ALDH1A1
VALEMETOSTAT,EZH2
MOBOCERTINIB,DXO
OLMUTINIB,DXO
IBANDRONATE,BLVRA
PEXMETINIB,DPYSL2
CEDIRANIB,DRD1
LUCITANIB,DRD1
GPI-1046,SLC29A2
TINENGOTINIB,DRD1
CEDIRANIB,DRD3
AS604872,APOC2
AL12180,APOC2
PEXMETINIB,ENO2
&ALPHA;3IA,ARNT
GABOXADOL,ARNT
[3H]GABAZINE,GABRA1
2-[METHYL-(5-GERANYL-4-METHYL-PENT-3-ENYL)-AMINO]-ETHYL-DIPHOSPHATE,CXCR5
[3H]DIZOCILPINE,GRIN2B
NVP-AAM077,GRIN2B
PIRENZEPINE,CHRM1
IBC 293,AOAH
BELINOSTAT,HDAC4
SCRIPTAID,GART
SCRIPTAID,MSTN
LORAZEPAM,ADCY8
AM3,FASLG
BAY-73-1449,APOC3
BARDOXOLONE,KEAP1
CEDIRANIB,DRD2
ERDAFITINIB,DRD2
MOTESANIB,DRD2
GEMCITABINE,BRCA2
MEFENAMIC ACID,AZF1
INHIBITOR 19 [PMID: 21476495],LNPEP
FARNESYL MONOPHOSPHATE,BIN1
AS2717638,ADH1A
VINTAFOLIDE,ESR1
OG-L002,GEM
PF-9363,GDI1
CORTICOTROPIN-ZINC HYDROXIDE,ANG
[125I]ACTH-(1-24),ANG
COSYNTROPIN,ANG
SETMELANOTIDE,ANK1
MNI-137,ANPEP
"(1S,3R)-ACPD",SLC25A4
ZALOGLANSTAT,PTGES
HEPARIN,PIK3CG
DADLE,APOF
SRI22141,APOF
JINGZHAOTOXIN-III,BBS1
ELECLAZINE,BBS1
BC-III,BAX
"&ALPHA;-CONOTOXIN MII [H9A, L15A]",ATF3
&ALPHA;-BUNGAROTOXIN,ATF4
CHLORMADINONE,AR
EMETINE,HIF1A
COMPOUND 22 [PMID: 20462760],MECOM
FLUPHENAZINE HYDROCHLORIDE,RAD52
NOCICEPTIN/ORPHANIN FQ,APBA1
[3H]ESTRADIOL-17&BETA;-GLUCURONIDE,SLCO1B3
MRS4625,BIRC3
"2,2'-PYRIDYLISATOGEN TOSYLATE",APBB2
P4PAL-10,APOH
BMS-986120,APOH
SLIGKV-NH2,APOE
DICUMAROL,NQO1
MRL20,CCND1
TIROTUNDIN,CCND1
BARDOXOLONE,CCND1
PIK-108,F5
TORIN 2,F3
COMPOUND 11J [PMID: 23021994],F5
PANULISIB,F5
QUINOSTATIN,F5
DEZAPELISIB,F5
EGANELISIB,PIK3CB
PIK-108,PIK3CB
AZD8835,PIK3CB
COMPOUND 27 [PMID: 35834807],PIK3CB
AZD8835,F7
SELETALISIB,F7
COMPOUND 53 [PMID: 19631533],COMT
PTH-(1-34) (RAT),XIAP
CHOLESTEROL,BCL2L1
COMPOUND 8A [PMID: 23713581],PTPRM
RELAXIN-3,APP
RELAXIN-3,APRT
RUTHENIUM RED,RYR2
AFD(R),AMY2A
XMU-MP-1,STK4
VENLAFAXINE,CD9
IMIPRAMINE HYDROCHLORIDE,CD9
LUMATEPERONE,CD9
BIM 23056,FASLG
CORTISTATIN-14,FASLG
KE 108,AQP1
"H-C[CYS-PHE-LAGL(N&BETA;ME,BENZOYL)-DTRP-LYS-THR-PHE-CYS]-OH",AQP1
FINASTERIDE,GBP1
"COMPOUND 5 [TOMASSI ET AL., 2020]",HLA-DMA
MINOCYCLINE,HLA-B
COMPOUND 2C [PMID: 24900538],FGF13
HYDROXYCHLOROQUINE,DNM1
NEOCEPTIN-3,TLR4
LEVOTHYROXINE,THRB
GALUNISERTIB,DNMT3A
CLOFIBRATE,PPARA
SF-51,ALDH7A1
ML1-SA1,ALDH7A1
SBI-0206965,FH
PD173074,FGFR1
TRAVOPROST,PTGFR
EVEROLIMUS,MTOR
VEMURAFENIB,AKT3
PACLITAXEL,ERCC1
ALECTINIB,RET
FILANESIB,KIF11
INFIGRATINIB,FGFR2
CETUXIMAB,MAP2K1
TEMOZOLOMIDE,BRCA2
IPATASERTIB,PTEN
DURVALUMAB,MSH2
ELIMUSERTIB,ATM
TRAMETINIB DIMETHYL SULFOXIDE,ATXN1L
GW-2580,CSF1R
ELACESTRANT,ESR1
GEFITINIB,PIK3CA
VEMURAFENIB,STAG2
LAPATINIB,EGFR
LAPATINIB,ERBB3
NAVITOCLAX,ALK
NIVOLUMAB,CD274
3-[(3-(2-CARBOXYETHYL)-4-METHYLPYRROL-2-YL)METHYLENE]-2-INDOLINONE,FGFR3
MIDOSTAURIN,JAK3
CHEMBL:CHEMBL80155,HSD17B10
DOXORUBICIN HYDROCHLORIDE,KMT2A
GDC-0879,MAP2K1
TIZATERKIB,MAP2K1
CERITINIB,MAP2K1
CETUXIMAB,MAP2K1
GEDATOLISIB,PIK3CA
AKT INHIBITOR MK2206,PIK3CA
CARBOPLATIN,PIK3CA
NAB-PACLITAXEL,PIK3CA
UMI-77,PTEN
PKI-179,PTEN
ENZALUTAMIDE,PTEN
TOPOTECAN HYDROCHLORIDE,PTEN
DOCETAXEL ANHYDROUS,PTEN
TAK-733,MAP2K1
GEDATOLISIB,VHL
MEK INHIBITOR RO4987655,MAP2K1
HYDROCORTISONE VALERATE,NR3C1
FLUFENAMIC ACID,HPGD
CHEMBL:CHEMBL336095,ALDH1A1
INDIRUBIN-3'-MONOXIME,SMN1
IMIPRAMINE HYDROCHLORIDE,SLC6A4
PSORALEN,MAOA
KD3010,PPARD
PRAZOSIN,ADRA1D
PWT2-N/OFQ,APBA1
METHOTRIMEPRAZINE,CHRM1
"5-QUINOXALIN-6-YLMETHYLENE-THIAZOLIDINE-2,4-DIONE",F5
SAMOTOLISIB,PIK3R1
"[111IN,90Y]DOTA-TOC",FASLG
FLUPIRTINE,HIF1A
ACTH,BDNF
RUFINAMIDE,SCN2A
OXIDOPAMINE,FAAH
BRIAKINUMAB,IL12A
NOREPINEPHRINE,ADRA1A
PANOBINOSTAT,HDAC1
ORTHOTOLIDINE,ESR1
CLARITHROMYCIN,IL10
CHEMBL:CHEMBL313737,MAPT
4SC-202,VEGFA
NIVOLUMAB,FGFR3
CHINOMETHIONAT,VDR
DIDANOSINE,CYP2D6
CAFFEINE,VDR
CLOTRIMAZOLE,CYP2D6
PF-04691502,PIK3CA
THIETHYLPERAZINE,CHRM2
MM-121,ERBB3
BPH-608,CXCR5
[3H]LTB4,AMH
BNTX,APOF
AMPHOTERICIN B LIPOSOMAL,CYP2D6
CEFAMANDOLE SODIUM,POLB
IMATINIB,PDGFRA
ALMOREXANT,APBB1
VENLAFAXINE HYDROCHLORIDE,SLC6A4
ETHOXZOLAMIDE,CA2
QUAVONLIMAB,CTLA4
VATALANIB,NFE2L2
NICLOSAMIDE,GMNN
TESTOSTERONE,VDR
RETASPIMYCIN HYDROCHLORIDE,HSP90AA1
DINOPROST,PTGDR
EMICERFONT,CRHR1
VOXTALISIB,MTOR
CARBIMAZOLE,TPO
CHEMBL:CHEMBL494081,HSD17B10
HALOPERIDOL DECANOATE,GMNN
SIRUKUMAB,IL6R
GSK-1070806,IL18
ARDEPARIN SODIUM,SERPINC1
"PAROXETINE HYDROCHLORIDE, HEMIHYDRATE",DRD3
AXITINIB,KDR
SIROLIMUS,MTOR
CIFORADENANT,ADORA2A
TANESPIMYCIN,HSP90AA1
METHYLINOSITOL,APP
DIAZOXIDE CHOLINE,ABCC8
VALBENAZINE,SLC18A2
PRAZOSIN HYDROCHLORIDE,RAD54L
METHOHEXITAL SODIUM,GABRA3
SODIUM NITRITE,ALDH1A1
GATIFLOXACIN ANHYDROUS,HSD17B10
COAGULATION FACTOR VIIA (RECOMBINANT)-JNCW,F10
ABEMACICLIB,EIF4EBP1
CHEMBL:CHEMBL578061,RPS6KB1
VEMURAFENIB,PIK3CA
TANSHINONE IIA,AR
CENISERTIB,JAK2
VINDESINE SULFATE,AR
HYDROCORTISONE VALERATE,NFE2L2
ABIRATERONE ACETATE,CYP17A1
THIOUREIDOBUTYRONITRILE,TP53
GR94800,AQP4
ERLOTINIB,TP53
DIENESTROL,GMNN
EMBELIN,HSD17B10
CARBAMAZEPINE,HLA-B
PILOCARPINE HYDROCHLORIDE,FOS
CHLOROTRIANISENE,ESR1
OXYMETHOLONE,PLG
METAPROTERENOL,ADRB2
VEMURAFENIB,RB1
DRONABINOL,CNR1
BAICALEIN,ALDH1A1
SUBEROHYDROXAMIC ACID,HDAC9
AZD9898,LTC4S
POLYESTRADIOL PHOSPHATE,ESR1
IBRUTINIB,ATM
SPECTINOMYCIN HYDROCHLORIDE,RPSA
BISPHENOL A,PPARD
MIRTAZAPINE,CYP2D6
PLASMIN,FGB
COMPOUND 72 [WO2013026806],EML1
CHEMBL:CHEMBL590949,GAA
OZANIMOD HYDROCHLORIDE,S1PR1
ATORVASTATIN CALCIUM TRIHYDRATE,NOS3
12-EPI LTB4,AMH
I-CBP112,KMT2A
BEZAFIBRATE,PPARD
BIM 23050,FAS
MEPREDNISONE,AR
RITONAVIR,IFNL3
TAZAROTENE,BCL2
PIMECROLIMUS,MTOR
EVANS BLUE,ALB
QUAZEPAM,TSPO
AR-42,HDAC1
AKT INHIBITOR MK2206,ERBB2
FLINDOKALNER,KCNMA1
VATALANIB,RPS6KB1
EPOETIN ALFA,NTF3
SELUMETINIB,MAP2K2
MEGESTROL ACETATE,ABCB1
COMPOUND 5D [PMID: 31335136],F5
METHOTREXATE,AFP
CHEMBL:CHEMBL299853,SMAD3
MESALAMINE,PTGS2
CYCLOSERINE,EHMT2
VESNARINONE,TP53
PEMBROLIZUMAB,PDCD1
DESERPIDINE,VDR
CHEMBL:CHEMBL379975,PRKAA1
CHEMBL:CHEMBL429095,SMAD3
CHEMBL:CHEMBL1537417,VDR
NADOLOL,ADRB1
X-82,KDR
IMATINIB,CYP2B6
IDARUBICIN,RAC2
METHYLDOPA ANHYDROUS,HSD17B10
AKT INHIBITOR MK2206,AKT3
CLOZAPINE,SLC1A1
XL228,FGFR3
6-AZAURIDINE,JAK2
AZD0156,ATM
ZIPRASIDONE,ABCD1
RECOMBINANT MONOCYTE CHEMOATTRACTANT PROTEIN-1,SERPINE1
VODOBATINIB,SRC
(R)-ARN2508,CRMP1
DEURUXOLITINIB,EPHB2
SUNITINIB,NR1I2
CINNARIZINE,HRH1
CHEMBL:CHEMBL222993,ALOX15
VALPROIC ACID,HDAC4
COAGULATION FACTOR IX,F10
CHEMBL:CHEMBL587620,TP53
GW7647,NFKB1
CHEMBL:CHEMBL328710,ALDH1A1
SILIBININ,HSP90AA1
SB 206553,TP53
JATRORRHIZINE,RAD52
CHEMBL:CHEMBL530788,GMNN
VATALANIB,FLT4
OBATOCLAX MESYLATE,BCL2L2
ZSTK474,PTEN
FLUFENAMIC ACID,AR
OPC-14523,HTR1A
CIFORADENANT,ABCA1
CHLORDIAZEPOXIDE,GABRA3
VONICOG ALFA,VWF
IMATINIB,EGFR
HOMOQUINOLINIC ACID,GRIN2A
CXCL17,ADAM10
PEMBROLIZUMAB,CD274
ACAMPROSATE CALCIUM,GRIN2B
ASPIRIN,TNFRSF11A
PANITUMUMAB,MAP2K1
CINNARIZINE,CDK1
EPIGALLOCATECHIN GALLATE,TP73
NIMODIPINE,NR3C2
AMISULPRIDE,HTR2C
COPANLISIB,PIK3CG
XL765,PIK3CA
[3H]CGS 21680,ABCA1
ASTRESSIN,ALAS2
MORIN,EHMT2
TALBUTAL,GABRA3
CHEMBL:CHEMBL259421,NPC1
RABEPRAZOLE,VDR
DURVALUMAB,CD274
SULPIRIDE,GAPDH
SIMVASTATIN,CYP1A2
RICOLINOSTAT,HDAC6
NARATRIPTAN,A2MP1
VIPOGLANSTAT,PTGES
ACROLEIN,ALDH1A1
NITROXOLINE,SMAD3
ASP-4058,S1PR1
VEMURAFENIB,MET
TRIFLURIDINE,ERBB2
ETIOCHOLANOLONE,CYP1A2
TRIAMTERENE,GAA
PYROGALLOL RED,VDR
GLYCOPYRRONIUM,CHRM3
CHEMBL:CHEMBL299853,NFE2L2
GW441756X,CSNK1D
DESIPRAMINE,ARSA
AZD-4547,SLC26A3
SELUMETINIB,ATM
NABUMETONE,SMN2
SOLIFENACIN SUCCINATE,CHRM2
ATROPINE,CHRM2
TRIFLUOPERAZINE,CSF2
DEXKETOPROFEN,MAPT
AMINACRINE HYDROCHLORIDE,FEN1
OCRIPLASMIN,COL2A1
GLUCAGON-LIKE PEPTIDE 1-(7-36) AMIDE,ALPL
KYNURENIC ACID,EHMT2
CHEMBL:CHEMBL584626,SMAD3
CHEMBL:CHEMBL1405979,RELA
CARBOPLATIN,TP73
CHEMBL:CHEMBL1092740,PRMT1
LY-2090314,DYRK1A
SF-1126,PIK3CA
UPIDOSIN,ABCA4
CHEMBL:CHEMBL1078244,BRCA1
CLOZAPINE,LEP
PENTOSAN POLYSULFATE,VEGFA
AMBRISENTAN,EDNRA
CHEMBL:CHEMBL166486,APEX1
EMODIN,ERBB2
CHEMBL:CHEMBL313737,ALDH1A1
EPINEPHRINE,AOC1
PUROMYCIN,CD34
FENOTEROL,ADRB2
T863,DGAT1
"IBUPROFEN, SODIUM SALT",CYP1A2
CHEMBL:CHEMBL1329443,NFE2L2
AZD2927,ASIP
PROTOAPIGENONE,VDR
S-14671,A1BG
CHEMBL:CHEMBL588234,KMT2A
FENRETINIDE,ESR1
METHANESULFONIC ACID METHYL ESTER,APEX1
TAMOXIFEN,GGT1
MARGETUXIMAB-CMKB,ERBB2
ABROCITINIB,PTK2B
ERLOTINIB HYDROCHLORIDE,EGFR
GC-376,CAPN1
NORMORPHINE,APOF
SELETALISIB,PIK3CB
ANHYDROUS TACROLIMUS,PPP3CA
BIOFLAVONOID,PIK3CB
SARALASIN,AGTR1
CARBOPLATIN,RAF1
EPTACOG ALFA PEGOL (ACTIVATED),F7
ERLOTINIB HYDROCHLORIDE,EGFR
BREXANOLONE,GABRA1
EC 5-21,FASLG
ALPHA-ADRENERGIC AGONIST,FST
ESKETAMINE,GRIN3A
FGFR INHIBITOR CPL304110,FGFR3
BUTYRIC ACID,LDLR
CHEMBL:CHEMBL579919,POLB
COMPOUND 29 [PMID: 36356320],DPYSL2
KETOROLAC TROMETHAMINE,PTGS1
NAMINIDIL,KCNJ8
RESVERATROL,AR
CCPA,ABCA1
ASTERRIC ACID,APEX1
LITHOCHOLIC ACID,MAPK1
CHEMBL:CHEMBL184074,MAPK1
INFLIXIMAB-DYYB,NFKBIA
ENDRIN,TSHR
PAZOPANIB,CSF1R
LAPATINIB,ERBB2
RETINOIC ACID AGENT,ALDH1A2
CABERGOLINE,A1BG
CHEMBL:CHEMBL292352,PPARD
GW441756X,IGF1R
HU-210,GLRA2
CHEMBL:CHEMBL601135,CYP2D6
COUMARIN,CYP1A2
CHEMBL:CHEMBL29197,CYP1A2
NICLOSAMIDE,TP53
IRIGINOL HEXAACEATATE,MAPT
RG-4733,PSEN2
EVORPACEPT,CD47
GSK690693,PAK4
BUMETANIDE,ACE
ABIRATERONE ACETATE,CYP17A1
CLOTHIAPINE,DRD4
BMS-770767,HSD11B1
FASUDIL,ROCK1
FEPRAZONE,AR
DIQUAFOSOL,P2RY2
CHEMBL:CHEMBL260213,SMN2
BUTYRIC ACID,HDAC9
APADENOSON,ABAT
FLUVOXAMINE,CD9
BUPARLISIB,PIK3CA
RUXOLITINIB,IL7R
PRAZEPAM,GABRA1
CARLUMAB,CCL2
[3H]NGD941,ALDH2
ALENDRONATE SODIUM,FDPS
DINOPROSTONE,PTGER1
ARSENIC TRIOXIDE,DNMT1
BACLOFEN,BDNF
ETAMICASTAT,DBH
TESTOSTERONE,CYP2D6
ENTRECTINIB,NTRK1
BUTABARBITAL SODIUM,GABRA1
TM38837,CNR2
COMPOUND 5D [PMID: 31335136],F7
CX-6258,PTEN
LY-2090314,PRKCD
CHEMBL:CHEMBL533577,EHMT2
TG-100-115,F7
COPANLISIB,F7
KANZONOL X,PPARG
TAMOXIFEN,NRG1
IS1,APOA1
INFLIXIMAB-DYYB,ADAM17
FLUDARABINE,POLE
FLUSPIRILENE,XBP1
LORATADINE,CYP2D6
CHEMBL:CHEMBL408850,NPC1
CHEMBL:CHEMBL2095095,XBP1
CHEMBL:CHEMBL573111,NPC1
VIXTIMOTAMAB,CD33
TAMSULOSIN HYDROCHLORIDE,ADRA1D
DACTOLISIB,PIK3R4
CLODRONIC ACID,VDR
AMINOQUINURIDE,KMT2A
LIF,NR4A1
SELADELPAR,PPARD
MILCICLIB,CDK1
GW468816,GRIN3B
SAPANISERTIB,PIK3CA
CARBIMAZOLE,TPO
RELAXIN-3,KLK3
"IBUPROFEN, SODIUM SALT",PIK3CA
TALBUTAL,CHRNA4
NETARSUDIL,ROCK1
GLIMEPIRIDE,KCNJ11
DOMPERIDONE,ABCD1
NAVARIXIN,CXCR2
RS-100329,ABCA4
HEXESTROL,AR
THEOPHYLLINE,IL2RA
TERIPARATIDE,PTH1R
BARDOXOLONE METHYL,AKT1
CHEMBL:CHEMBL547285,GMNN
MIRABEGRON,CYP2D6
GABAPENTIN,CYP1A2
MANNITOL,PIK3CG
TEDIZOLID,RPSA
CRIZOTINIB,ABL1
ILORASERTIB,CDKN2A
EVEROLIMUS,ERBB2
DASATINIB ANHYDROUS,PDGFRA
IMATINIB,PDGFB
PHENIRAMINE MALEATE,HRH1
HYDROXYZINE HYDROCHLORIDE,HRH1
PIMECROLIMUS,FKBP1A
LURASIDONE HYDROCHLORIDE,HTR2A
OLANZAPINE,HTR2C
PHENDIMETRAZINE,SLC6A3
DIETHYLPROPION HYDROCHLORIDE,SLC6A3
PREDNISOLONE SODIUM PHOSPHATE,NR3C1
FLUOROMETHOLONE ACETATE,NR3C1
TRIAMCINOLONE DIACETATE,NR3C1
METHYLPREDNISOLONE ACETATE,NR3C1
CLOMIPHENE CITRATE,ESR1
PEMETREXED DISODIUM,DHFR
FENOLDOPAM MESYLATE,DRD1
"SYNTHETIC CONJUGATED ESTROGENS, B",ESR1
CLONIDINE HYDROCHLORIDE,ADRA2A
MIDODRINE,ADRA1D
FENOPROFEN CALCIUM,PTGS2
FLURBIPROFEN,PTGS2
ASPIRIN,PTGS2
FENOPROFEN CALCIUM,PTGS1
DICLOFENAC POTASSIUM,PTGS2
INDOMETHACIN,PTGS2
KETOROLAC TROMETHAMINE,PTGS2
GLYBURIDE,KCNJ11
DEXTROTHYROXINE,THRB
NATALIZUMAB,ITGB1
RIVASTIGMINE,BCHE
ABATACEPT,CD80
OCRIPLASMIN,COL3A1
TAZAROTENE,RARA
CHLORDIAZEPOXIDE,GABRA1
ETHCHLORVYNOL,GABRA3
PENTOBARBITAL SODIUM,GABRG3
THIAMYLAL SODIUM,GABRA1
USTEKINUMAB,IL12B
MEPIVACAINE HYDROCHLORIDE,SCN2A
PROPAFENONE HYDROCHLORIDE,SCN8A
PROPARACAINE HYDROCHLORIDE,SCN8A
LINEZOLID,RPSA
MOFAROTENE,RARG
MOFAROTENE,RXRB
GLPG0492,AR
MIRANSERTIB,AKT1
TELISOTUZUMAB,MET
AZD-4769,EGFR
MINOXIDIL,CYP1A2
NMS-1116354,CDC7
SB-85635,MAPK14
WHI-P131,JAK3
TAK-960,PLK1
XL550,NR3C2
EBDAROKIMAB,IL12A
ZYH7,PPARA
PIMASERTIB,MAP2K1
AZD-1480,JAK2
CP-547632,KDR
PF-04691502,PIK3CG
PILARALISIB,PIK3CD
UCN-01,PRKCA
TG100-801,LYN
BGT-226,PIK3CB
INCB-40093,PIK3CD
VERUCERFONT,CRHR1
DAROTROPIUM BROMIDE,CHRM1
AZD2423,CCR2
TRADIPITANT,TACR1
AFACIFENACIN,CHRM1
DIPRAGLURANT,GRM5
ANGIOTENSIN II,AGTR1
MAPRACORAT,NR3C1
ACOLBIFENE,ESR1
PEFCALCITOL,VDR
CEDIRANIB,KDR
LESTAURTINIB,RET
ESKETAMINE,GRIN2B
DABIGATRAN,F2
ETORICOXIB,PTGS2
BENZYDAMINE,PTGS1
SEMAGACESTAT,APH1B
SEMAGACESTAT,PSEN2
EPLIVANSERIN,HTR2A
AVAGACESTAT,NCSTN
VALBENAZINE,SLC18A2
CHEMBL:CHEMBL324053,HDAC1
PEGPLERANIB SODIUM,PDGFB
NIVOCASAN,CASP1
OBATOCLAX MESYLATE,BCL2L1
PAGOCLONE,GABRA1
PAGOCLONE,GABRA3
GUSELKUMAB,IL23A
TILDRAKIZUMAB,IL12B
TILDRAKIZUMAB,IL23A
FRESOLIMUMAB,TGFB1
ENLIMOMAB PEGOL,ICAM1
AMINEPTIN,DRD1
AMISULPRIDE,HTR6
ZATUXIMAB,EGFR
NARNATUMAB,MST1R
BICTEGRAVIR,ERVW-4
RISANKIZUMAB,IL23A
TAGRAXOFUSP-ERZS,EEF2
BICTEGRAVIR SODIUM,ERVW-4
PF-04691502,CDKN2A
CENOBAMATE,GABRA1
CENOBAMATE,SCN9A
LEVOTHYROXINE,THRB
ALISPORIVIR,PPIA
UPADACITINIB,JAK2
ESTRIOL,ESR1
ESTRIOL,ESR2
EPOETIN DELTA,EPOR
CYCLOBENZAPRINE,CYP2D6
ESFLURBIPROFEN,PTGS1
LASOFOXIFENE,ESR2
NAFTOPIDIL,ADRA1D
IMIDAPRIL,ACE
LOXOPROFEN,PTGS2
RG-7841,TUBB4A
MITIGLINIDE CALCIUM DIHYDRATE,ABCC8
MITIGLINIDE CALCIUM DIHYDRATE,KCNJ11
PASCOLIZUMAB,IL4
BINTRAFUSP ALFA,TGFB2
PEGBELFERMIN,FGF1
TENOFOVIR,ERVW-4
DKN-01,DKK1
OLECLUMAB,NT5E
MK-0767,PPARG
BILR 355,ERVW-4
GOSURANEMAB,MAPT
SNX 5422,HSP90AA1
OLODANRIGAN,AGTR2
ENFORTUMAB VEDOTIN-EJFV,TUBA4A
SOFITUZUMAB VEDOTIN,TUBB4A
VODOBATINIB,ABL1
ERYTHROMYCIN ACISTRATE,RPSA
NIPOCALIMAB,FCGRT
"INSULIN, PROTAMINE ZINC",INSR
INCB-086550,CD274
TRENONACOG ALFA,F9
ABBV-3373,TNF
MILATAXEL,TUBA4A
MILATAXEL,TUBB4A
PEMETREXED DISODIUM,DHFR
PIMASERTIB,MAP2K1
LOVASTATIN,HMGCR
PICTILISIB,PIK3CB
NIVOLUMAB,PDCD1
MOTOLIMOD,TLR8
CHLORMADINONE ACETATE,AR
CHEMBL:CHEMBL198666,POLB
PHILANTHOTOXIN 343,GRIN2A
PROPYLPYRAZOLETRIOL,ESR1
GALLIC ACID,MAPT
MAYTANSINE,TUBB4A
CHEMBL:CHEMBL1569494,MAPT
"2,6-DIMETHOXYQUINONE",WRN
CHEMBL:CHEMBL1889303,TARDBP
CHEMBL:CHEMBL471225,HIF1A
ZAPRINAST,EHMT2
CHEMBL:CHEMBL1326164,SMN1
AMDINOCILLIN,AR
HARPAGOSIDE,EHMT2
CHEMBL:CHEMBL593366,AR
ROSE BENGAL,APEX1
CHEMBL:CHEMBL260213,NPC1
TRYPAN BLUE,USP1
CHEMBL:CHEMBL1089321,ENPP2
MITONAFIDE,GMNN
APOMORPHINE,VDR
ISOETHARINE,VDR
CHEMBL:CHEMBL476968,NQO1
RUTAECARPINE,HSD17B10
SURAMIN,USP1
FURAMIDINE,HSD17B10
LUFENURON,ALOX15
CHEMBL:CHEMBL1392244,ALDH1A1
PHILANTHOTOXIN 343,GRM1
GW441756X,NTRK1
PYROGALLOL RED,TNNT2
ACID BLUE 129,PLK1
SUBEROHYDROXAMIC ACID,HDAC8
ANECORTAVE ACETATE,AR
TAMOXIFEN CITRATE,CYP2D6
ASTERRIC ACID,SUMO1
4-NONYLPHENOL,ESR1
OXYPHENONIUM BROMIDE,NFE2L2
PYRIDOSTIGMINE BROMIDE,AR
CHEMBL:CHEMBL429095,PLK1
EBSELEN,VDR
GW441756X,MAP4K4
CHEMBL:CHEMBL244023,GMNN
CHEMBL:CHEMBL261693,AGTR1
METOLAZONE,HSD17B10
NIHYDRAZONE,AR
"4',7-DIMETHOXY-5-HYDROXYGENISTEIN",RELA
"4',7-DIMETHOXY-5-HYDROXYGENISTEIN",NFKB2
AG 9,ALDH1A1
BROQUINALDOL,AR
CHEMBL:CHEMBL429095,TARDBP
4-(2-AMINOETHYL)BENZENESULFONYL FLUORIDE,CYP2D6
CHEMBL:CHEMBL379975,PRKACA
FURATHIOCARB,VDR
DIFLUCORTOLONE 21-VALERATE,AR
CHEMBL:CHEMBL317356,EHMT2
CHEMBL:CHEMBL56393,FEN1
ZOLANTIDINE,CYP2D6
VORINOSTAT,HDAC3
ANGUSTIBALIN,NFE2L2
PHA-767491,PKN2
MANGOSTIN,TP53
CHEMBL:CHEMBL406557,NFKB1
CHEMBL:CHEMBL2095095,ATXN2
CEPHALEXIN ANHYDROUS,EHMT2
PHA-767491,LRRK2
TIMOLOL,ADRB1
METHYLDOPA ANHYDROUS,GMNN
CHEMBL:CHEMBL458602,NR1I3
CHEMBL:CHEMBL411085,TP53
GINSENOSIDE RG3,NFE2L2
CHEMBL:CHEMBL577887,HSD17B10
DIGITOXIN,NFE2L2
CHEMBL:CHEMBL525888,EHMT2
DANAZOL,CYP1A2
CDK1/5 INHIBITOR,CYP1A2
SB 242084,DRD1
VINCRISTINE,TUBA4A
VINCRISTINE,TUBB4A
TAK-779,CCR2
CHEMBL:CHEMBL328710,SMN2
TOZASERTIB,LYN
CHEMBL:CHEMBL524449,MIF
FLUOXETINE HYDROCHLORIDE,CYP1A2
HAEMATOXYLIN,APEX1
METHYLNITROSOUREA,AFP
QUERCITRIN,P4HB
VANDETANIB,MAP2K1
SULCONAZOLE NITRATE,TP53
ADJUVANT,NOS1
CYCLOHEXIMIDE,EEF2
MOCETINOSTAT,HDAC1
GO-6976,MAPK8
U-0126,ALOX15
TERGURIDE,ALDH1A1
CHEMBL:CHEMBL17329,EHMT2
NICLOSAMIDE,TSHR
CHLORPYRIFOS-METHYL,VDR
HEXESTROL,GMNN
CHEMBL:CHEMBL1312050,RAD54L
GAMBOGIC ACID,MAPK3
RESVERATROL HEXANOIC ACID,TLR2
TOREMIFENE,HNF4A
CHEMBL:CHEMBL166486,ALDH1A1
NORETHINDRONE,NFE2L2
HEXACHLOROPHENE,GMNN
CHEMBL:CHEMBL2332580,ESR2
IMIPRAMINE HYDROCHLORIDE,DRD1
2-CHLOROADENOSINE,HIF1A
CHEMBL:CHEMBL600968,NPC1
PALMATINE CHLORIDE,RAD52
PHA-767491,CDK4
ISOPROTERENOL,ADRB1
GO-6976,INSR
CGP7930,DRD1
BENZO(K)FLUORANTHENE,TP53
IODOQUINOL,HSP90AA1
AMINOPHYLLINE,ADORA2A
CHLORPHRIFOS OXON,PPARD
PHENYLBUTAZONE,CYP1A2
NOCODAZOLE,CREBBP
CHEMBL:CHEMBL601353,MAPT
N-ETHYLMALEIMIDE,EHMT2
TERTATOLOL,ADRB2
MORIN,POLB
LAPATINIB,EGFR
CHEMBL:CHEMBL379975,JAK3
OXATOMIDE,CYP2D6
PYRIDALYL,NFE2L2
CHEMBL:CHEMBL136344,FEN1
PROPANTHELINE,CHRM1
CHEMBL:CHEMBL1530911,SMAD3
AZD-1080,CDK1
PHENYLBUTAZONE,ALB
1-AZAKENPAULLONE,ABL1
BENZO(K)FLUORANTHENE,AHR
TETRADECYLTHIOACETIC ACID,PPARA
NABUMETONE,SMN1
ENDRIN,NFE2L2
DIFLOXACIN HYDROCHLORIDE,AR
THIORIDAZINE,HTR2C
CARMINE,EHMT2
CHEMBL:CHEMBL1371696,CYP1A2
URSODIOL,CD40LG
CHEMBL:CHEMBL590672,EHMT2
CHEMBL:CHEMBL466465,ARSA
LAVENDUSTIN A,MAPT
CHEMBL:CHEMBL1312050,RAD52
DACTOLISIB,CDK7
AROTINOID ACID,HSD17B10
AMPEROZIDE,DRD1
DIPHENIDOL,CYP2D6
METRONIDAZOLE,ALDH1A1
CHEMBL:CHEMBL592316,ATXN2
RECOMBINANT INTERLEUKIN-1,LIF
VATALANIB,FLT4
BUTORPHANOL,CYP1A2
CHEMBL:CHEMBL531451,GMNN
TUBERCIDIN,ATXN2
GLUTAMIC ACID,GRIA2
CHEMBL:CHEMBL602990,EHMT2
SULFURETIN,ALPI
CHEMBL:CHEMBL1385558,EHMT2
KETANSERIN,DRD1
DOXORUBICIN HYDROCHLORIDE,APEX1
FLUSPIRILENE,EHMT2
ARTEMISININ,ALDH1A1
AST-487,LRRK2
EDARAVONE,VDR
PYROGALLOL RED,PLK1
PYRITHIONE,VDR
CHEMBL:CHEMBL587615,PRKAA1
ZM447439,MET
CYCLOHEXIMIDE,PPARD
LENVATINIB,KDR
TETRACYCLINE,SOD1
CHEMBL:CHEMBL1335833,MAPT
CHEMBL:CHEMBL546493,ATXN2
GAMMA-LINOLENIC ACID,KAT2A
N-OLEOYLETHANOLAMIDE,HSP90AA1
CHEMBL:CHEMBL530280,EHMT2
CENISERTIB,PTK2B
HAEMATOXYLIN,CDK5R1
MARIMASTAT,ADAM17
DIPICOLINIC ACID,PTPN22
CHEMBL:CHEMBL601757,SMAD3
GENTIAN VIOLET CATION,SNCA
PHENYLBUTAZONE,CYP2D6
QUISINOSTAT,HDAC8
GEDATOLISIB,PIK3CA
"4-HYDROXY-3,5-DIMETHYL-5-(2-METHYL-BUTA-1,3-DIENYL)-5H-THIOPHEN-2-ONE",APEX1
FURAMIDINE,FEN1
CHEMBL:CHEMBL451226,HIF1A
ANTIMYCIN A,TP53
PIROCTONE,GMNN
OLOMOUCINE,CDK5
BENFLUOREX HYDROCHLORIDE,EHMT2
TANNIC ACID,EHMT2
DIMETHYLPINOCEMBRIN,HSD17B10
PRAZOSIN HYDROCHLORIDE,HSD17B10
CHEMBL:CHEMBL547285,HSP90AA1
AMENTOFLAVONE,FEN1
TO-901317,ATXN2
FENRETINIDE,NFKB1
CHEMBL:CHEMBL578929,GMNN
CHEMBL:CHEMBL379975,LRRK2
CHEMBL:CHEMBL1569494,GMNN
CHEMBL:CHEMBL578420,MTOR
GW7647,RXRA
ALISERTIB,LRRK2
CHEMBL:CHEMBL85826,NFKB1
CHEMBL:CHEMBL85826,NFKB2
CHEMBL:CHEMBL85826,RELA
LITHOCHOLIC ACID,KAT2A
CHEMBL:CHEMBL1701915,PLK1
CAMPHOR OIL,ALDH1A1
CHEMBL:CHEMBL602990,ALDH1A1
CHEMBL:CHEMBL469309,CYP1A2
LOMEFLOXACIN,EHMT2
MICHLER'S KETONE,TP53
TAMOXIFEN CITRATE,EHMT2
CHEMBL:CHEMBL531079,NFE2L2
CHEMBL:CHEMBL604311,ADRB2
CHEMBL:CHEMBL2094833,TARDBP
IODOQUINOL,EHMT2
FUROXAN,TP53
BMS309403,APOA1
GW441756X,LYN
LEUCINE,CYP2D6
CHEMBL:CHEMBL589245,ATXN2
"2,6-DIMETHOXYQUINONE",TP53
ALPRAZOLAM,CREBBP
PURVALANOLA,HSD17B10
PREDNISONE,HSD17B10
CHEMBL:CHEMBL1287980,FEN1
SB-431542,HSD17B10
MANZAMINE A,GSK3B
CHEMBL:CHEMBL312032,USP1
CHEMBL:CHEMBL547656,EHMT2
RESERPINE,AR
CHEMBL:CHEMBL532143,EHMT2
HALOPERIDOL DECANOATE,AR
CHEMBL:CHEMBL1448793,RAD54L
ACID BLUE 129,THRB
BAICALEIN,HSD17B10
CHEMBL:CHEMBL606166,ALDH1A1
SB203580,HSD17B10
CHEMBL:CHEMBL515505,CASP6
CHEMBL:CHEMBL599924,USP1
CEAROIN,HPGD
BARDOXOLONE METHYL,AR
CHEMBL:CHEMBL601757,GAPDH
PHENTOLAMINE,ADRA2A
MYRICETIN,PIK3CA
NAKIJIQUINONE I,ERBB2
ALISERTIB,ERBB4
LICARIN A,SNCA
MYRICETIN,EHMT2
CHEMBL:CHEMBL533293,HTT
CHEMBL:CHEMBL473721,HSP90AA1
CHEMBL:CHEMBL336095,CYP2D6
CHEMBL:CHEMBL299853,ATM
GO-6976,LYN
CHEMBL:CHEMBL1326164,NPC1
ALACHLOR,ESR1
CHEMBL:CHEMBL1701915,FEN1
HELIOMYCIN,HTT
HAEMATOXYLIN,ALOX15
CHEMBL:CHEMBL601757,TP53
COLCHICEINE,GMNN
VANDETANIB,RET
CHEMBL:CHEMBL428402,ABCG2
OXYPHENBUTAZONE,AR
QUISQUALIC ACID,EHMT2
EMBELIN,PLK1
CHEMBL:CHEMBL1517542,NPC1
2-CHLOROADENOSINE-5-TRIPHOSPHATE,DRD1
CHEMBL:CHEMBL547245,GMNN
CHEMBL:CHEMBL600175,USP1
FLUFENAMIC ACID,CYP1A2
APAZONE,EHMT2
METFORMIN,PRKAB2
METFORMIN,PRKAA1
CHEMBL:CHEMBL448084,CHRNA3
CHEMBL:CHEMBL429095,THRB
SILIBININ,SLCO1B3
NEVIRAPINE,ABCB1
STICTIC ACID,VDR
SAPONARIN,PRKAG3
SAPONARIN,PRKAB2
CHEMBL:CHEMBL592316,POLB
CHEMBL:CHEMBL581152,EHMT2
"7,8-DIHYDROXYFLAVONE",VDR
OCTOCRYLENE,AR
SB-431542,CYP2D6
LY-294002,PIK3CA
CHEMBL:CHEMBL585279,PLK1
"L-161,982 (EP4A)",VDR
CGP7930,CYP1A2
ADENINE,TARDBP
CHEMBL:CHEMBL260213,SMN1
CHEMBL:CHEMBL328710,NPC1
CHLOROXURON,NFE2L2
VORINOSTAT,GMNN
PYRITHIONE,KAT2A
LOMOFUNGIN,PLK1
TAMOXIFEN CITRATE,ESR1
CHEMBL:CHEMBL484640,POLB
GAMBOGIC AMIDE,NTRK1
TALMAPIMOD,MAPK14
CAMPHOR OIL,ESR1
SULOCHRIN,APEX1
CHEMBL:CHEMBL600968,POLB
TO-901317,PPARA
CHEMBL:CHEMBL86464,FEN1
CHEMBL:CHEMBL596847,ALDH1A1
LOTEPREDNOL,NFE2L2
CHEMBL:CHEMBL602150,TP53
CHEMBL:CHEMBL592558,EHMT2
CHEMBL:CHEMBL175266,MAPT
ESCULIN,AR
CHEMBL:CHEMBL471225,CYP1A2
GW7647,DRD1
CYPROTERONE ACETATE,NR3C1
TANSHINONE IIA,HPGD
SB203580,FLT4
ENOXAMAST,EHMT2
CHEMBL:CHEMBL2094833,HTT
TANSHINONE IIA,VDR
TERBUTALINE SULFATE,ADRB2
TOREMIFENE,GMNN
MEFLOQUINE HYDROCHLORIDE,ATXN2
HEXESTROL,NFE2L2
CRYPTOTANSHINONE,SMAD3
ALLOXAN,USP1
NICARDIPINE,AR
TACEDINALINE,HDAC6
THEONELLASTEROL F,NR1I2
EBSELEN,PLK1
CHEMBL:CHEMBL1448793,EHMT2
"1,2-DIHYDROXYNAPHTHALENE",PTPRC
CHEMBL:CHEMBL600103,SMN1
NICLOSAMIDE,MTOR
"1,3-DITOLYLGUANIDINE",TSHR
BENZOQUINONE,APEX1
ALISERTIB,FGFR3
DEQUALINIUM CHLORIDE,POLB
ABEMACICLIB,ERBB2
DEXRAZOXANE,MAPK8
BOCEPREVIR,IFNL3
CHEMBL:CHEMBL591613,SMAD3
ATEZOLIZUMAB,ALK
DOCETAXEL ANHYDROUS,ESR1
ANDROSTENEDIONE,AR
ILOPERIDONE,CYP2D6
ONDANSETRON HYDROCHLORIDE,CYP2D6
LEVODOPA,DRD1
VALPROIC ACID,POLG
PRAMIPEXOLE,DRD2
VINCRISTINE,ABL1
AT9283,ABL1
ALK INHIBITOR ASP3026,ALK
CENISERTIB,AKT1
GEDATOLISIB,PIK3R4
PF-04691502,PIK3R4
REMTOLUMAB,TNF
IDELALISIB,PIK3CD
ENZASTAURIN,PRKCG
CABOZANTINIB S-MALATE,RET
REGORAFENIB,KDR
APATINIB,KDR
MM-121,ERBB3
BEVACIZUMAB-AWWB,VEGFA
LAPATINIB,ERBB2
BRIGATINIB,ALK
CELECOXIB,PTGS2
AXITINIB,KDR
GENTIAN VIOLET CATION,FEN1
SIROLIMUS,ABCB1
TRICHOSTATIN A,ABCB1
RANITIDINE HYDROCHLORIDE,ABCB1
ITRACONAZOLE,ABCG2
SILYMARIN,ABCG2
SAQUINAVIR MESYLATE,ABCC1
CINPANEMAB,SNCA
ADENOVIRUS VECTOR,AGT
MASOPROCOL,ALOX5
TESTOSTERONE,APOA1
MEDROXYPROGESTERONE,BAX
ACELLULAR DERMAL MATRIX,BAX
METHOTREXATE,BAX
NAFOXIDINE,BAX
ANESTHETIC AGENT,BCHE
METHYLDOPA ANHYDROUS,CNTFR
MPA,CCND1
RECOMBINANT EOTAXIN,CCL22
MUROMONAB-CD3,CD40LG
PROPANIDID,ACHE
METHYLPREDNISOLONE,CD80
ABATACEPT,CD80
GONADORELIN ACETATE,CDC42
RECOMBINANT EOTAXIN,CD9
VINCRISTINE,CDKN1B
TESTOSTERONE,CHAT
TAMOXIFEN,CETP
TOREMIFENE,ESR1
PILOCARPINE HYDROCHLORIDE,CHAT
BUTYLATED HYDROXYTOLUENE,CYP2B6
BUDESONIDE,EDN1
PACLITAXEL,EDNRB
NORETHINDRONE ACETATE,EDN1
NICOTINE POLACRILEX,E2F1
LAPATINIB,ERBB2
TAMOXIFEN,ERBB2
VORINOSTAT,ERBB2
CHOLECALCIFEROL,FAS
FAS LIGAND,FCGR3B
METHAPYRILENE,CYP2D6
FAS LIGAND,FOXO1
ANTIDEPRESSANT AGENT,GABBR1
PRASTERONE,GFAP
PROPRANOLOL HYDROCHLORIDE,GFAP
PROCARBAZINE HYDROCHLORIDE,GFAP
MIFEPRISTONE,GSTP1
ITRACONAZOLE,HMGB1
ALPRENOLOL,ADRB1
ESTRADIOL VALERATE,HP
PIOGLITAZONE HYDROCHLORIDE,HSPA4
NIMESULIDE,HSPA4
MASOPROCOL,HSPA4
ASCORBIC ACID,HSPA4
METHYLPREDNISOLONE,IFNG
DEHYDRATED ALCOHOL,IGFBP1
PALMITATE,ESR1
GEFITINIB,IGF2
SIROLIMUS,IGFBP1
THEOPHYLLINE,IFNG
BUSERELIN,IGFBP1
IMMUNOADJUVANT,IL15
LEVODOPA,IL15
SIROLIMUS,IL17A
BECLOMETHASONE DIPROPIONATE,IL1B
ANTIDEPRESSANT AGENT,IL1B
GW-2580,CSF1R
FLUOROURACIL,IL6R
ALUMINUM HYDROXIDE,CXCL8
ALPRAZOLAM,CXCL8
IMMUNOTHERAPEUTIC AGENT,NT5E
SIROLIMUS,IL7
BIOFLAVONOID,CXCL8
DRUGSATFDA.NDA:008378,IL7
PACLITAXEL,CXCL8
CLOMIPHENE CITRATE,LIF
BECAPLERMIN,PDGFRA
DIETHYLSTILBESTROL,LPO
LIPID ENCAPSULATED ANTI-PLK1 SIRNA TKM-PLK1,PLK1
BIOFLAVONOID,MBP
LEUPROLIDE ACETATE,MMP1
TENECTEPLASE,MPO
DEHYDRATED ALCOHOL,MTHFR
THIOGUANINE,MYC
VINCRISTINE,MYCN
PROTEASOME INHIBITOR,MYC
PD-98059,NEUROD1
NEUROPROTECTIVE AGENT,NFE2L2
ANTIBIOTIC,NOS1
THEOPHYLLINE,NOS1
PROPOFOL,NOS1
STAUROSPORINE,NOS1
PRAVASTATIN SODIUM,NOS1
ANAKINRA,NOS1
PADSEVONIL,GABRA1
THERAPEUTIC STEROID HORMONE,NOS2
PD-98059,NR4A1
NICOTINE POLACRILEX,NR4A1
PODOFILOX,TUBA4A
INOSITOL,NT5E
PHENYTOIN SODIUM,NTF3
LIOTHYRONINE,NTF3
VINCRISTINE,NTF3
NICOTINE POLACRILEX,NTF3
IL-10,OSM
THYROXINE,NTRK1
RECOMBINANT HEPATOCYTE GROWTH FACTOR,PIK3CA
ANGIOGENESIS INHIBITOR,PIK3CA
MELOXICAM,AR
RETINOIC ACID AGENT,PIK3CB
INDOLE-3-CARBINOL,PIK3CB
IH636 GRAPE SEED PROANTHOCYANIDIN EXTRACT,PIK3CG
ESTRONE,PIK3CG
RECOMBINANT CD40-LIGAND,PIK3CG
"5,7-DIHYDROXYISOFLAVONE",USP1
BACITRACIN,PRL
PILOCARPINE HYDROCHLORIDE,PRL
EFLORNITHINE,PRL
CLOZAPINE,PRL
METHYLTHIONINIUM CHLORIDE,RAD52
PROTEASOME INHIBITOR,PSMD4
PROTEASOME INHIBITOR,PSMD7
IL-10,PTGER1
DESIPRAMINE,SLC6A4
VINBLASTINE,PTHLH
DIFFERENTIATION INDUCER,PTHLH
MILODISTIM,PTPRC
ANTIESTROGEN,RARA
RECOMBINANT HEPATOCYTE GROWTH FACTOR,RAB5A
SIGNAL TRANSDUCTION INHIBITOR,MAPK3
NORETHINDRONE ACETATE,SERPINE1
ARSENIC TRIOXIDE,SERPINE1
CETRORELIX,SERPINE1
PIOGLITAZONE HYDROCHLORIDE,SLC2A1
PHENYTOIN SODIUM,SLC2A1
CLOZAPINE,SLC1A1
PROTEASOME INHIBITOR,TGFB1
PIOGLITAZONE HYDROCHLORIDE,TGFB1
ACTH,THBS1
IONOMYCIN,TGM2
VESNARINONE,THBS1
INOSITOL,TP53
PUROMYCIN,TP53
PACLITAXEL,TP53
MPA,TP53
SELECTIVE ESTROGEN RECEPTOR MODULATOR,TP53
ANTIMETABOLITE,TPK1
ADRIAMYCIN,UGCG
SOYBEAN SEED OIL,UCP2
TAMOXIFEN,VDR
PD-98059,VDR
TAMOXIFEN,VDR
RIBAVIRIN,VIP
WARFARIN,VWF
PENTOXIFYLLINE,VWF
EFGARTIGIMOD ALFA,CHRNA3
FLUINDIONE,VKORC1
"PAROXETINE HYDROCHLORIDE, HEMIHYDRATE",GDNF
NIVOLUMAB,ERBB2
DOPAMINE,ADRA1A
FLOXACILLIN,NR1I2
SPIRONOLACTONE,NR1I2
EMAPALUMAB-LZSG,XIAP
DIFLOMOTECAN,ABCG2
VINBLASTINE,GSTM1
TENOFOVIR,ABCG2
THIORIDAZINE,DRD4
FLUOROURACIL,NT5C1A
CLAVULANIC ACID,HLA-DRA
PHENYTOIN SODIUM,SCN2A
METHYLPHENIDATE HYDROCHLORIDE,ETFDH
FENCAMFAMIN,SLC6A3
USTEKINUMAB,IL13
TIMOLOL,ADRB1
DICLOFENAC SODIUM,PLA2G4A
ATORVASTATIN CALCIUM TRIHYDRATE,DRD3
ATORVASTATIN CALCIUM TRIHYDRATE,MTHFR
ATORVASTATIN CALCIUM TRIHYDRATE,MYLIP
ATORVASTATIN CALCIUM TRIHYDRATE,ABCA1
ATORVASTATIN CALCIUM TRIHYDRATE,BDKRB2
USTEKINUMAB,STAT4
ETOPOSIDE,GSTM1
INEBILIZUMAB-CDON,AQP4
SUNITINIB,CXCL8
SUNITINIB,PDGFRB
"IBUPROFEN, SODIUM SALT",FAAH
CHLORPHENIRAMINE POLISTIREX,CYP2D6
IMC-3C5,FLT4
ALLOPURINOL,TRIB2
ALLOPURINOL,CFLAR
ALLOPURINOL,NOTCH4
PROPOFOL,GABRA1
IPRIFLAVONE,SMN1
INFLIXIMAB-DYYB,TLR9
RIBAVIRIN,VDR
MESALAMINE,NAT1
RECOMBINANT TRANSFORMING GROWTH FACTOR-BETA-2,PTH
CLOZAPINE,HLA-B
MEPHENYTOIN,CYP2B6
BENAZEPRIL,AGTR1
FUTIBATINIB,FGFR2
PRAVASTATIN SODIUM,HLA-DRB1
GIVOSIRAN,CPOX
TRETINOIN,RARA
INFLIXIMAB-DYYB,ALPL
DACARBAZINE,CYP1A2
AMITRIPTYLINE HYDROCHLORIDE,BDNF
AMITRIPTYLINE HYDROCHLORIDE,EPHX1
RIBAVIRIN,OAS1
USTEKINUMAB,IL12B
CLOZAPINE,FKBP5
CLOZAPINE,SLC6A4
LAMOTRIGINE,HLA-DQB1
CAFFEINE,CACNA1S
FLUOROURACIL,EXO1
RIBAVIRIN,SLC6A4
THIORIDAZINE,CYP1A2
ASCORBIC ACID,TXNRD1
PEGINTERFERON ALFA-2A,FTO
PEGINTERFERON ALFA-2A,IFNL3
PAREGORIC,IL1B
FLUPIRTINE,EHMT2
LONAFARNIB,LMNA
BLINATUMOMAB,ABL1
BLINATUMOMAB,CD19
SU-014813,KDR
BIM 23454,FASLG
LEUCOVORIN CALCIUM,PTEN
ADALIMUMAB-ADBM,TNF
ANTIHYPERTENSIVE AGENT,NPY
K-00546,DRD1
BAY-11-7085,HPGD
CUDC-101,HDAC9
TARENFLURBIL,BACE1
CEDIRANIB,KDR
DALOTUZUMAB,IGF1R
BOSUTINIB,ABL1
HEXYLRESORCINOL,USP1
NOBERASTINE,HRH1
PIMASERTIB,MAP2K1
C-MET INHIBITOR AMG 208,MET
CRIZOTINIB,MET
GLESATINIB,MST1R
NIVOLUMAB,PDCD1
CEDIRANIB,PDGFRB
BUPARLISIB,PIK3CA
XL228,ABL1
XL228,SRC
PANOBINOSTAT,SIRT2
R3(B&DELTA;23-27)R/I5 CHIMERIC PEPTIDE,APRT
4SC-202,HDAC8
PAN-HER KINASE INHIBITOR AC480,ERBB2
AFAMELANOTIDE,MC1R
SELURAMPANEL,GRIA4
R3(B&DELTA;23-27)R/I5 CHIMERIC PEPTIDE,APRT
CHEMBL:CHEMBL247471,PSEN2
FOMEPIZOLE,ADH1A
CHEMBL:CHEMBL247471,PSEN1
PARATHYROID HORMONE,PTH1R
BMS-863233,CDC7
IDELALISIB,PIK3CD
CHIDAMIDE,HDAC3
INFIGRATINIB,PIK3CD
NIACIN,HCAR3
CH-1504,DHFR
USTEKINUMAB,IL12B
ESTROGEN,ESR2
DASATINIB ANHYDROUS,ABL2
DARUSENTAN,EDNRA
DACINOSTAT,HDAC6
DACETUZUMAB,CD40
DABIGATRAN,F2
DALOTUZUMAB,IGF1R
CYT006-ANGQB,AGT
DAPOXETINE,SLC6A4
DASATINIB ANHYDROUS,SRC
ADENOVIRAL TRANSDUCED HIL-12-EXPRESSING AUTOLOGOUS DENDRITIC CELLS INXN-3001 PLUS ACTIVATOR LIGAND INXN-1001,IL12B
DIAZEPAM,GABRA3
PEPTIDE YY,NPY5R
FELODIPINE,CACNA1S
PRIMAQUINE,THRB
VATIQUINONE,NQO1
EPROTIROME,THRB
GEPIRONE,HTR1A
RIVIPANSEL,SELL
GW501516,PPARA
FLURBIPROFEN,PTGS2
GTS-21,CHRNA7
"IBUPROFEN, SODIUM SALT",PTGS2
CLONAZEPAM,GABRA3
LOBELINE,SLC18A2
LICOFELONE,PTGS2
VORTIOXETINE HYDROBROMIDE,HTR1A
OLANZAPINE,DRD5
OLANZAPINE,HTR2C
OLANZAPINE,HRH1
OLANZAPINE,CHRM3
ABATACEPT,CD80
OPC-14523,SLC6A4
IMATINIB,FRK
SPARSENTAN,AGTR2
LEVOCARNITINE PROPIONATE,CRAT
LEVOCARNITINE PROPIONATE,CPT1A
TRAMADOL,SLC6A4
DEXAMETHASONE,GSTP1
REGORAFENIB,KDR
RESVERATROL,PDE4B
RELACATIB,CTSK
RIDAFOROLIMUS,MTOR
PALIFERMIN,FGFR1
PILOCARPINE HYDROCHLORIDE,CHRM1
RECOMBINANT NEMATODE ANTICOAGULANT PROTEIN C2,F3
DRONABINOL,CNR1
SF1126,PIK3CA
DOXEPIN HYDROCHLORIDE,CHRM1
DOXEPIN HYDROCHLORIDE,CHRM3
PENECA,ABCA1
PICTILISIB,F5
CILOSTAMIDE,HSD17B10
EFAVIRENZ,CYP2B6
TRICIRIBINE,AKT3
TRICIRIBINE,AKT1
TRETINOIN,RARG
SELECTIVE CYTOKINE INHIBITORY DRUG CC-1088,PDE4B
OLAPARIB,PARP1
KETOPROFEN,PTGS2
VTP-27999,REN
MOGAMULIZUMAB,CCR4
POTASSIUM DICHROMATE,NR3C1
LISDEXAMFETAMINE DIMESYLATE,SLC6A3
MOTOLIMOD,TLR8
DIPIVEFRIN,ADRB1
XL765,PIK3CG
XL999,KDR
ZIPRASIDONE,DRD2
OCTOTROPINE METHYLBROMIDE,CHRM1
ESTRIOL,ESR1
FENOTEROL,ADRB2
PENTAGASTRIN,CCKBR
NAVTEMADLIN,TP53
PHENYLPROPANOLAMINE,ADRA2A
PRAZOSIN,ADRA1D
PRAZOSIN,ADRA1A
VANOXERINE,ADORA3
PENTAGASTRIN,CCKBR
BENZQUINAMIDE,CHRM1
GEDUNIN,HSP90AA1
VON WILLEBRAND FACTOR,F10
CABERGOLINE,DRD2
CINOLAZEPAM,GABRA3
CLORAZEPATE,TSPO
DIPHENHYDRAMINE,HRH1
HYDROCORTAMATE,NR3C1
ISOETHARINE,ADRB1
PINDOLOL,ADRB2
BEZAFIBRATE,PPARA
MEPROBAMATE,GABRA3
TILUDRONIC ACID,PTPN1
PENBUTOLOL,ADRB1
PENTOBARBITAL SODIUM,CHRNA4
PILOCARPINE HYDROCHLORIDE,CHRM2
ROTIGOTINE,DRD2
DRONABINOL,PLA2G2A
ROTIGOTINE,DRD1
METYROSINE,TH
TALBUTAL,GRIK2
CARBIMAZOLE,TPO
TESTOSTERONE,AR
THIAMYLAL,GABRA1
TRAZODONE,ADRA1A
TRIAZOLAM,TSPO
TRIAZOLAM,GABRA3
TRIPELENNAMINE,HRH1
ZOLEDRONIC ACID ANHYDROUS,FDPS
TRILACICLIB,CDK6
TRILACICLIB,CDK4
TESNATILIMAB,KLRK1
MAVRILIMUMAB,CSF2
BI-836880,VEGFA
PF-06840003,IDO1
IODINE I 131 APAMISTAMAB,PTPRC
PI3K-DELTA INHIBITOR AMG 319,PIK3CD
GNKG-168,TLR9
BFH-772,KDR
MUPARFOSTAT,FLT4
TOVETUMAB,PDGFRA
MARGETUXIMAB-CMKB,ERBB2
OSILODROSTAT,CYP11B2
RECOMBINANT HUMAN ALBUMIN-HUMAN GRANULOCYTE COLONY-STIMULATING FACTOR,CSF3
VTP-27999,REN
BISMUTH,ALB
MIDODRINE,ADRA1D
ANIRACETAM,DRD2
A-85380,CHRNA4
TACRINE,ACHE
PHENYLBUTAZONE,PTGS2
VITAMIN B6,DDC
METHAMPHETAMINE,DRD2
CAPMATINIB HYDROCHLORIDE,MET
SEMAPIMOD,RAF1
ILODECAKIN,IL10
METYROSINE,TH
PRELADENANT,ADORA2A
MITIGLINIDE,KCNJ10
SPIROGLUMIDE,SLC6A3
IBUDILAST,IL6
ZOLMITRIPTAN,HTR1A
CP-724714,ERBB2
VIMSELTINIB,DPP4
PARDOPRUNOX,DRD2
ORDESEKIMAB,IL15
PAMIDRONATE,FDPS
TRIPROLIDINE,HRH1
STREPTOKINASE,PLG
SONOLISIB,PIK3CG
BROMODIPHENHYDRAMINE,HRH1
MK-2461,MERTK
METHIXENE HYDROCHLORIDE,ATXN2
MK-2461,MST1R
EMRICASAN,CASP14
MK-2461,FGFR2
LINSITINIB,IGF1R
SITRAVATINIB,MET
E-7820,ITGA2
LERONLIMAB,CCR5
RGB-286638,CDK4
TIRATRICOL,THRA
TIRATRICOL,THRB
SCYLLITOL,APP
LIFASTUZUMAB VEDOTIN,TUBB4B
MK-8033,MET
ITOLIZUMAB,CD6
GDC-0349,MTOR
GTX-758,ESR1
NIVOLUMAB,PDCD1
SACUBITRIL/VALSARTAN,MME
PEGINTERFERON BETA-1A,IFNB1
GEDATOLISIB,MTOR
BRILANESTRANT,ESR1
DEXTROMETHORPHAN POLISTIREX,GRIN3A
ILACIRNON,CCR2
SPARTALIZUMAB,PDCD1
DOCIPARSTAT SODIUM,SERPINC1
DINOPROST,PTGER4
THYMOSIN BETA-4,NFKB1
APREMILAST,CDK4
TC-6987,CHRNA7
DEFLAZACORT,NR3C1
BRODALUMAB,IL17A
CERLIPONASE ALFA,TPP1
ETOMIDATE,GABRG3
PALBOCICLIB,CDKN2A
HYDROCORTAMATE,NR3C1
METHARBITAL,GABRG3
NIRAPARIB TOSYLATE,PARP1
MEBUTAMATE,GABRG3
ZOLEDRONIC ACID ANHYDROUS,FDPS
PARP-1/2 INHIBITOR ABT-767,PARP1
PELITINIB,EGFR
BUTAPROST,PTGER3
DACLIZUMAB,IL2
CARPHENAZINE,DRD2
CINNARIZINE,HRH1
DIHYDROTACHYSTEROL,VDR
INTERFERON ALFA-N1,IFNAR2
LURASIDONE HYDROCHLORIDE,HTR2A
STIRIPENTOL,GABRG3
FIMEPINOSTAT,HDAC9
TG100-115,PIK3CG
INO-1001,PARP1
LANABECESTAT,BACE1
SEMULOPARIN,F10
RIDAFOROLIMUS,MTOR
SSR-126517E,F10
LP-44,A1BG
XANOMELINE,A1BG
APOMORPHINE,A1BG
"L-694,247",A2M
CABERGOLINE,A2MP1
(+)-WAY 100135,A2MP1
XANOMELINE,HTR2C
CLOZAPINE,NAT2
[11C]SB207145,NAT1
5-CT,NAT2
VODOBATINIB,ABL1
&RHO;-DA1A,ABCB7
COMPOUND 21B [PMID: 31136173],AAK1
VPC171,ABAT
LUF7602,ABAT
ATL802,ABCA1
MRS1042,ABCA1
MRS1041,ABCA1
THEOPHYLLINE,ABCA1
MORIN,ABCA1
N(6)-CYCLOHEXYLADENOSINE,ABCA2
PD 168368,ACAT1
ARV-771,EFNA3
DEXTROAMPHETAMINE SULFATE,UBE2K
AZ10417808,CASP3
CP55940,CNR2
"CP-481,715",ACTA1
ONTORPACEPT,CD47
COMPOUND 18 [PMID: 20873740],EGR3
GLPG4716,HNRNPH1
TYRPHOSTIN 23,VDR
SUTIMLIMAB,FN1
CHEMBL:CHEMBL484663,BRCA1
VERUCERFONT,ALAS2
ANTALARMIN,ALAS2
K41498,ALB
X4-HIV-1 GP120,ACTG1
CHEMBL:CHEMBL1306556,ATXN2
CLOPROSTENOL,APOB
SKF-38393,ALCAM
(+)-ADTN,ALCAM
CABERGOLINE,ABCD1
ETHINYL ESTRADIOL,PRL
PRAMIPEXOLE,ABCD1
CLOZAPINE,ALDH1A1
SELENIUM,ALOX5
H3-COA-20,GLI1
NECITUMUMAB,DXO
ZM-306416,DXO
METHYLTHIONINIUM CHLORIDE,ATM
THIETHYLPERAZINE,CHRM3
SDX-101,RXRA
MIFANERTINIB,EN1
MARGETUXIMAB,EN1
ALLITINIB,ERBB4
CHEMBL:CHEMBL584442,RAD52
ETHINYL ESTRADIOL,ESR2
ALVERINE CITRATE,CYP2D6
ASPARTIC ACID,SLC1A1
DL-TBOA,SLC1A7
ASPARTIC ACID,SLC1A7
[3H]D-ASPARTIC ACID,SLC1A7
DUAL SEH/FAAH INHIBITOR 11,CRMP1
NE58018,BLVRA
FLUMAZENIL,ARNT
LAURYL ALCOHOL DIPHOSPHONIC ACID,CXCR5
"SM-130,686",ALOX15
SEMAGLUTIDE,ALPL
[3H]CNQX,GRIA3
"SERINE, D-",GRIN2A
[3H]DIZOCILPINE,GRIN2A
[3H]MDL105519,GRIN2A
TELAGLENASTAT,GRIA2
NIACIN,AOAH
EMZELTRECTINIB,EPHB2
ABROCITINIB,EPHB2
SAR-20347,EPHB1
FILGOTINIB,EPHB2
COMPOUND 10 [PMID: 31411465],KEAP1
OSI-930,DRD2
L6H21,GRIA1
BMS-777607,DRD5
AGOUTI-RELATED PROTEIN,ANK1
TIVANTINIB,DRD4
GSK1331258,ANPEP
[3H]JNJ-40068782,ANPEP
COMPOUND 14 [PMID: 34333981],ESR2
"(S)-3,4-DCPG",GRM8
GRAZOPREVIR,IFNL3
DROSPIRENONE,NR3C2
RXP470.1,ACE
"INSULIN ASPART PROTAMINE, HUMAN",INSR
BATIMASTAT,DBP
COMPOUND 20 [PMID: 22153340],ACE
CIPEMASTAT,DBP
UK-356618,DCC
BATIMASTAT,DCC
CISPLATIN,BRCA1
NIGULDIPINE,MAPT
DEXRAZOXANE,CP
UCM 793,ANK3
EFPPEA,ANK3
MELATONIN,ANK3
METHACYCLINE HYDROCHLORIDE,THRB
&ALPHA;-CONOTOXIN MI,SERPINC1
ENCENICLINE,ATF4
FLUPENTHIXOL,ATXN2
[NPHE1]N/OFQ-(1-13)-NH2,APBA1
UFP-112,APBA1
TOZASERTIB,MST1R
1DME,ANXA1
RTOXA-43,APBB1
PD-118057,BAD
NF279,ATP1A3
OMEPRAZOLE,CYP2D6
BX 048,APEX1
RWJ-56110,APOD
TETRADECANOYLPHORBOL ACETATE,FCGR3B
PANULISIB,F7
N-ARACHIDONOYLGLYCINE,ALOX15
DEZAPELISIB,F7
"5-QUINOXALIN-6-YLMETHYLENE-THIAZOLIDINE-2,4-DIONE",F7
"6-HYDROXY-5,7-DIMETHOXYFLAVONE",COL11A2
CEDIRANIB,DPP4
TYRPHOSTIN A9,MAPT
FLT-3 INHIBITOR II,DPP6
COMPOUND 13C [PMID: 20684591],CTF1
PONATINIB,RIPK2
DOXAZOSIN MESYLATE,ADRA1A
AST-487,PTK2B
CHEMBL:CHEMBL2036124,TUBA4A
WF-47-JS03,PTK2B
PONATINIB,PTK2B
[125I]RELAXIN-3 (HUMAN),APRT
[G(B24)S]R3/I5,APRT
RELAXIN-3 B CHAIN DIMER,APRT
CHEMBL:CHEMBL601385,NPC1
VISMODEGIB,ALOX12
KETOPROFEN,CD5L
VILANTEROL,ADRB2
[125I]LTT-SRIF-28,FASLG
PEPTIDOGLYCAN,TLR2
CARFILZOMIB,PSMD4
4-(3-PYRIDIN-2-YL-1H-PYRAZOL-4-YL)QUINOLINE,DNMT3A
TGF-BETA RI INHIBITOR III,DNMT3A
PIMASERTIB,MAP2K2
NSC151066,TRPV4
OXYPHENBUTAZONE,ALB
GSK2798745,TRPV4
RN-9893,TRPV4
ACETAMINOPHEN,TRPV4
COMPOUND 6 [PMID: 34333981],TYK2
FILGOTINIB,TYK2
LVP,AR
"D(CH2)5[TYR(ME)2,THR4,TYR-NH29]OVT",AR
D(CH2)5[TYR(ME)2]AVP,AR
SPEBRUTINIB,FKBP1AP3
TRAMETINIB DIMETHYL SULFOXIDE,RAF1
LETROZOLE,ERBB2
WZ4002,MAPK1
PEMBROLIZUMAB,ERBB2
PRALSETINIB,RET
ALK INHIBITOR TAE684,ALK
METHYLPHENIDATE HYDROCHLORIDE,CREBBP
BORTEZOMIB,GATA2
RITUXIMAB,ERBB3
EVEROLIMUS,VHL
EVEROLIMUS,TSC2
PANOBINOSTAT,CSF1R
ENZALUTAMIDE,BRCA2
TAMOXIFEN,CCND1
FLUOROURACIL,DKK1
IRINOTECAN HYDROCHLORIDE,DKK1
SUNITINIB,PDGFRB
AZD3463,ALK
TOPOTECAN HYDROCHLORIDE,ALK
ALK INHIBITOR ASP3026,ALK
ERLOTINIB,ALK
FORITINIB SUCCINATE,ALK
NIVOLUMAB,ATM
NIRAPARIB,ATM
NAB-PACLITAXEL,CD274
DOXORUBICIN HYDROCHLORIDE,CD274
CADONILIMAB,CD274
FGFR INHIBITOR CPL304110,FGFR2
RIBOCICLIB,JAK2
DACTOLISIB,JAK2
ALPELISIB,PIK3CA
ABEMACICLIB,PIK3CA
GANITUMAB,PIK3CA
ENZALUTAMIDE,PIK3CA
PEMBROLIZUMAB,PIK3CA
NIVOLUMAB,PIK3CA
TAS0612,PTEN
CETUXIMAB,PTEN
RET INHIBITOR EP0031,RET
VEPAFESTINIB,RET
AZD1480,RET
LB-100,TP53
ALECTINIB,TP53
IDASANUTLIN,TP53
CERITINIB,TP53
ENZALUTAMIDE,TP53
VEMURAFENIB,TP53
IFOSFAMIDE,TP53
SERDEMETAN,TP53
CHEMBL:CHEMBL1478462,EHMT2
TYRPHOSTIN 51,EHMT2
PHENSERINE,ACHE
ASPIRIN,ADA
NARAZACICLIB,EIF4EBP1
(+)-AJ76,ALDH1A1
DOPAMINE,ALCAM
FOSBRETABULIN DISODIUM,TUBB4A
PHENYTOIN SODIUM,CYP19A1
INFLIXIMAB-DYYB,TNFRSF1B
CHEMBL:CHEMBL589469,EHMT2
2-CHLOROADENOSINE-5-TRIPHOSPHATE,SNCA
EPOETIN ALFA,TH
CLOZAPINE,SLC6A3
T-0632,ALPL
LIRIMILAST,PDE4B
XANOMELINE,A2M
PHENYLACETYLRINVANIL,CNR2
GAMBOGIC ACID,NTRK1
TESTOSTERONE,CAV1
9-ANTHROIC ACID,JUN
D-ALPHA-TOCOPHEROL ACETATE,MPO
INDIRUBIN-3'-MONOXIME,HTT
ISOTRETINOIN,LPL
INFLIXIMAB-DYYB,HLA-B
PUUPEHENONE,HIF1A
LANDIOLOL,ADRB1
LUMACAFTOR,CFTR
SODIUM DODECYL SULFATE,ALB
TPA023,ARNT
TERBOGREL,TBXA2R
CLOFARABINE,RRM2
CHEMBL:CHEMBL2094573,NPC1
2-CHLOROADENOSINE-5-TRIPHOSPHATE,PIN1
NINTEDANIB ESYLATE,CFLAR
GENTIAN VIOLET CATION,AR
CHEMBL:CHEMBL429095,MAPT
PROTEASOME INHIBITOR,IL6R
"[D-PHE6,&BETA;-ALA11,PHE13,NLE14]BOMBESIN-(6-14)",ACAT1
"SERINE, D-",GRIN2B
A-1155463,JAK2
CHEMBL:CHEMBL559934,EHMT2
CHEMBL:CHEMBL2088731,MAPK3
CHEMBL:CHEMBL429095,MAPK1
RO0094889,DPYD
MILCICLIB,NTRK1
REFANEZUMAB,MAG
ARRY-382,DPYD
TERTATOLOL,HTR1A
RECOMBINANT CD40-LIGAND,CD83
NAPROXEN SODIUM,PTGS2
RELMACABTAGENE AUTOLEUCEL,CD19
VEMURAFENIB,MET
"COMPOUND 5 [TOMASSI ET AL., 2020]",HLA-DMB
MOLINDONE,EHMT2
MUBRITINIB,ERBB2
COTININE,NAT1
ALPELISIB,PIK3CA
EPTASTIGMINE,ACHE
SUGEMALIMAB,CD274
BUTOBARBITAL,CHRNA4
PACLITAXEL,TUBB4A
ZIBOTENTAN,EDNRA
SAFINAMIDE,SCN9A
HEXOBARBITAL,GRIA2
LY-2780301,AKT3
COMPOUND (R)-26 [PMID: 22686657],FOS
PF-04418948,APOC1
SALICYLHYDROXAMIC ACID,HIF1A
METHYLDOPA ANHYDROUS,POLB
5-HYDROXYTRYPTOPHAN,ERCC8
CHEMBL:CHEMBL2095095,USP1
LUFENURON,NFE2L2
NNC0114-0006,IL21
TAZAROTENE,RARG
ETOPOSIDE,PLA2G6
GENISTEIN,CFTR
ESMIRTAZAPINE,ADRA2A
ARACHIDONYLCYCLOPROPYLAMIDE,ACTN3
URIDINE MONOPHOSPHATE,RGS4
PF-4708671,PIK3CA
MEZAGITAMAB,CD38
FLUOROURACIL,IGFBP3
AZ2,F5
STICTIC ACID,SUMO1
VESNARINONE,FAS
DIHYDROTANSHINONE I,VDR
GSK-690693,PRKACB
RESMETIROM,THRB
CHEMBL:CHEMBL534214,GMNN
TRIFLUPERIDOL,CYP2D6
LOSARTAN POTASSIUM,AGTR1
ACID BLUE 129,ALDH1A1
TENOFOVIR DISOPROXIL FUMARATE,ERVW-4
CHEMBL:CHEMBL1256813,KAT2A
CHEMBL:CHEMBL1257022,NFE2L2
ATENOLOL,PLA2G4A
AURAPTENE,HSD17B10
TIOCONAZOLE,AR
LEVOSIMENDAN,TNNT2
NAFITHROMYCIN,RPSA
TRIMETHYL-TETRADECYL-AMMONIUM CHLORIDE,AR
ZAPRINAST,CYP1A2
PANOBINOSTAT,HDAC1
KEYHOLE LIMPET HEMOCYANIN,NOS2
NILOTINIB,ABCG2
ETHCHLORVYNOL,GABRG3
ISOETHARINE,EHMT2
LIAROZOLE,CYP19A1
APILIMOD,IL12A
CERITINIB,FGF12
ACALISIB,PTEN
PD-169316,MAPK1
DIHYDROERGOTAMINE MESYLATE,SERPINA3
MOCETINOSTAT,KMT2A
METAPROTERENOL,ADRB2
PHENYTOIN SODIUM,NAT2
LY-2090314,CDK5
FLUSPIRILENE,CYP2D6
GW441756X,ALK
PIOGLITAZONE HYDROCHLORIDE,THBS1
RONOMILAST,PDE4B
MIZOLASTINE,HRH1
CHEMBL:CHEMBL1509789,EHMT2
BINETRAKIN,IL6
GADOFOSVESET TRISODIUM,ALB
CIS-RESVERATROL,MAPT
CLOZAPINE,CYP1A2
NONACOG ALFA,F9
CHEMBL:CHEMBL247471,APH1B
EDARAVONE,ALDH1A1
NEPAFENAC,PTGS2
DINACICLIB,ALK
CHEMBL:CHEMBL261693,TP53
EMODIC ACID,MAPT
BENZOFURAN,NFE2L2
DEHYDROVARIABILIN,SMN1
EPOETIN ALFA,HSPA4
AMINACRINE HYDROCHLORIDE,GMNN
METYRAPONE,NR1I2
CHEMBL:CHEMBL222808,HPGD
RECOMBINANT CD40-LIGAND,IL15
PUROMYCIN HYDROCHLORIDE,AR
BARASERTIB-HQPA,PAK1
RIFAPENTINE,NAT2
ENTRECTINIB,NTRK1
PERHEXILINE MALEATE,MTOR
TEMSIROLIMUS,MTOR
YH18968,ADH1C
EPINEPHRINE BITARTRATE,ADRB1
GRINIMIBINE,TARDBP
2-CHLOROADENOSINE-5-TRIPHOSPHATE,EHMT2
TRAMADOL,SLC6A4
PENTAZOCINE LACTATE,SIGMAR1
MK-2461,MET
DL-TBOA,SLC1A1
GRINIMIBINE,XBP1
TRIAPINE,RRM2
FIMEPINOSTAT,HDAC1
VANILLYLMANDELIC ACID,EHMT2
SPIPERONE,DRD1
OCRIPLASMIN,LAMA2
RIVOCERANIB,KEAP1
LAMIVUDINE,NME1
TFLLR-NH2,APOD
CHEMBL:CHEMBL592611,SMAD3
LY-294002,AKT1
"2,3',4,5'-TETRAMETHOXYSTILBENE",CYP1B1
M8891,METAP2
PAZOPANIB,PDGFRA
VADADUSTAT,EGLN3
METHYL DEOXYCHOLATE,GMNN
BELINOSTAT,GART
RESMINOSTAT,HDAC1
TRX-518,TNFRSF18
IPH-2101,KIR2DS2
CHLORHEXIDINE GLUCONATE,ATXN2
ZM447439,PDGFRA
TIMOLOL,ADRB1
PANOBINOSTAT,HDAC1
ALRIZOMADLIN,TP53
KETANSERIN,EHMT2
CAMONSERTIB,ATM
CHEMBL:CHEMBL152133,HDAC1
SERTINDOLE,A1BG
"COMPOUND 10 [O'MAHONY ET AL., 2022]",CCND1
CHEMBL:CHEMBL379975,MAP2K1
INFLIXIMAB-DYYB,TLR2
CHEMBL:CHEMBL77675,AR
"BENZO(A)PYRENE-7,8-DIOL 9,10-EPOXIDE",GSTT1
ABEMACICLIB,TP53
LABRADIMIL,BDKRB2
SAFINAMIDE,SCN7A
BENFLUOREX HYDROCHLORIDE,AR
6-CL-MLT,NFKB1
CHEMBL:CHEMBL1426508,MAPT
CIMETIDINE,FCGR3A
METHOTRIMEPRAZINE,ADRA1A
INTERFERON ALFA-2B,CSF2
GAMBOGIC ACID,NFKBIA
APOMORPHINE,CYP1A2
ABBV-3221,CFTR
TAMOXIFEN,CCND1
PAC-1,CASP3
TANEZUMAB,NGF
CHEMBL:CHEMBL1537417,SMAD3
SIROLIMUS,WT1
VORINOSTAT,HDAC4
CISPLATIN,NR1I2
CELECOXIB,CASP3
INDIRUBIN-3'-MONOXIME,TP53
PHA-767491,CDC7
THIOTHIXENE HYDROCHLORIDE,HTR2A
TALETRECTINIB,ALK
CRIZOTINIB,MET
IONOMYCIN,BDNF
AV608,TACR1
OXYPHENCYCLIMINE,CHRM3
TRIFLUOPERAZINE,APOB
PREDNISOLONE TEBUTATE,NR3C1
S22153,ANK3
PHENYTOIN SODIUM,EPHX1
ASPIRIN,CYP2D6
CHEMBL:CHEMBL591598,NPC1
ARSENIC TRIOXIDE,GSTO1
FLUPREDNISOLONE,AR
CLOZAPINE,OXT
HEXACONAZOLE,AR
ANTI-HGF MONOCLONAL ANTIBODY TAK-701,HGF
DEHYDRATED ALCOHOL,FGFR1
DAVALINTIDE,CALCR
L19TNFA,FN1
MIK-BETA-1,IL2RB
PROGESTERONE,ESR1
ORTHOTOLIDINE,NFE2L2
GALLOCATECHIN GALLATE,MET
GEFITINIB,PTEN
CHEMBL:CHEMBL512908,CYP1A2
CHOLECALCIFEROL,FCGR3B
TOPICAL CORTICOSTEROID,IVL
SERTRALINE HYDROCHLORIDE,COMT
PREDNISONE,CYP1A2
OXYMETAZOLINE HYDROCHLORIDE,ADRA1D
IRX4310,RARG
RILPIVIRINE,ERVW-4
ESTRADIOL VALERATE,SLC2A1
CHEMBL:CHEMBL528724,GMNN
2-MERCAPTONICOTINIC ACID,EHMT2
PARBENDAZOLE,AR
ANLOTINIB,SRC
ATEVIRDINE MESYLATE,ERVW-4
GT 389-255,FASN
TIQ-15,ACTG1
PIMURUTAMAB,EGFR
LISINOPRIL ANHYDROUS,ACE
CHEMBL:CHEMBL313154,GMNN
FAS LIGAND,TP53
LANREOTIDE ACETATE,FASLG
ARIPIPRAZOLE LAUROXIL,DRD2
RECOMBINANT TUMOR NECROSIS FACTOR FAMILY PROTEIN,SLC2A4
ADENOVIRUS VECTOR,GFAP
METHYLPREDNISOLONE,CXCL10
EGFR INHIBITOR,DXO
MK-2461,DRD4
LY2874455,FGFR3
EFLORNITHINE,ATF2
SELUMETINIB,MAP2K2
LINSITINIB,PIK3CA
PREDNISONE,ANXA1
RUTIN,NFKB1
CHEMBL:CHEMBL547924,NPC1
CV-1674,ABCA1
RECOMBINANT RANTES,CCL22
PROCAINE HYDROCHLORIDE,SCN9A
THEOPHYLLINE,ADORA2A
"IBUPROFEN, SODIUM SALT",PTGER4
LURASIDONE HYDROCHLORIDE,ABL2
UNC0006,ABCD1
LINOLEIC ACID,ADH4
AM-6120,BBS1
ROLIPRAM,COL11A2
TYR3-OCTREOTIDE,FASLG
ISORHAMNETIN,NFKB1
ACLIMOSTAT,METAP2
E-7016,PARP2
LAPATINIB,ERBB2
GO-6976,PAK4
DIURETIC,BDNF
MAGROLIMAB,CD47
ACE INHIBITOR,CAST
AG 9,CYP1A2
COMPOUND 6 [PMID: 34333981],FEN1
AMOXICILLIN ANHYDROUS,CYP2D6
KOS-1584,TUBB4A
FLUSPIRILENE,SMAD3
PHENTOLAMINE MESYLATE,CYP2D6
TIOXOLONE,AR
SORAFENIB,FLT4
D-LYS0-[DES-ARG10]KALLIDIN,ASIC1
LY2275796,EIF4E
DRONABINOL,CNR2
ALACHLOR,NFE2L2
DEBIO-1347,SLC26A3
TETRADECANOYLPHORBOL ACETATE,SLC1A1
CHEMBL:CHEMBL547269,EHMT2
SUVN-911,CHRNB2
ENZASTAURIN,PRKCA
OXYBUTYNIN,CHRM3
DIFAMILAST,PDE4B
ALPHA-ADRENERGIC AGONIST,MAPK14
DACOMITINIB ANHYDROUS,EGFR
ALK INHIBITOR ASP3026,ALK
TLR AGONIST CADI-05,TLR2
CUSTIRSEN SODIUM,CLU
BOSUTINIB,ABL1
EVEROLIMUS,AKT1
CHEMBL:CHEMBL579318,ATXN2
VELIPARIB,BRCA1
ABEMACICLIB,ERBB2
MEPIVACAINE HYDROCHLORIDE,CYP2D6
EXEMESTANE,ERBB2
EVEROLIMUS,ESR1
TYRPHOSTIN AG 555,HSD17B10
RUXOLITINIB,SH2B3
CHEMBL:CHEMBL274921,PLK1
RUXOLITINIB,JAK2
CETUXIMAB,PTEN
ESTRONE,ESR1
CEDIRANIB,NF1
IMATINIB,PDGFRA
EVEROLIMUS,NF1
EVEROLIMUS,TSC2
TOLTERODINE,CHRM3
VEMURAFENIB,MAP2K1
TROPICAMIDE,CHRM3
SOLIFENACIN SUCCINATE,CHRM3
TIOTROPIUM BROMIDE,CHRM3
SPIRAPRIL HYDROCHLORIDE,ACE
PROPIOMAZINE HYDROCHLORIDE,HRH1
LAPATINIB,ERBB2
PROCYCLIDINE HYDROCHLORIDE,CHRM1
METHIXENE HYDROCHLORIDE,CHRM1
CLOMIPRAMINE HYDROCHLORIDE,SLC6A4
INSULIN ZINC SUSP PURIFIED BEEF/PORK,INSR
PAZOPANIB,FGFR3
RALTEGRAVIR POTASSIUM,ERVW-4
CABAZITAXEL,TUBB4B
VINCRISTINE SULFATE,TUBB4A
ACAMPROSATE CALCIUM,GRIN3B
PEXMETINIB,MAPK14
AMANTADINE HYDROCHLORIDE,GRIN1
TETRAHYDROZOLINE HYDROCHLORIDE,ADRA2A
TETRAHYDROZOLINE HYDROCHLORIDE,ADRA1D
AJMALICINE,ADRA1A
FLUDARABINE,RRM2
ESMOLOL HYDROCHLORIDE,ADRB2
SAVOLITINIB,DRD4
CELECOXIB,PTGS2
ETODOLAC,PTGS2
GOSSYPOL,TAC1
METHOHEXITAL SODIUM,GABRG3
QUERCETIN,PRKCQ
CHLORTETRACYCLINE HYDROCHLORIDE,RPSA
QUINUPRISTIN,RPSA
QUINIDINE SULFATE,SCN8A
EPINEPHRINE BITARTRATE,ADRA2A
ABAMECTIN,PPARD
EPINEPHRINE BITARTRATE,ADRB2
ISOFLURANE,KCNK2
AMIODARONE HYDROCHLORIDE,CYP2D6
CENISERTIB,IGF1R
TREPROSTINIL DIOLAMINE,PTGIR
OLAPARIB,PARP2
TOREMIFENE,ESR2
CEP-7055,KDR
FIMEPINOSTAT,PIK3CD
EMD-1204831,MET
FIMEPINOSTAT,HDAC9
RAVOXERTINIB,MAPK1
DS-7423,PIK3CG
THELIATINIB,EGFR
OLMUTINIB,EGFR
GSK-690693,AKT1
KW-2449,ABL1
RG-7376,RAF1
RO-4987655,MAP2K1
RGB-286638,CDK4
BITHIONOL,HSD17B10
SF-1126,PIK3CG
MUBRITINIB,ERBB2
RG-1530,FGFR2
LAS190792,CHRM3
SILTUXIMAB,IL6
RG-1530,FGFR1
ALPELISIB,PIK3CA
VOXTALISIB,PIK3CA
VOXTALISIB,PIK3CB
UCN-01,PRKCQ
SR2640,CYP1A2
TG100-801,FYN
PALOSURAN,UTS2R
VELNEPERIT,NPY5R
PEPINEMAB,CD274
TRELANSERIN,HTR2A
GW468816,GRIN2A
ISPRONICLINE,CHRNA4
AZD1305,CACNA1S
GW468816,GRIN1
CHEMBL:CHEMBL1256698,EHMT2
POZANICLINE,CHRNA4
NERISPIRDINE,SCN7A
CHEMBL:CHEMBL176599,CASP6
NERISPIRDINE,KCNC3
MK-8777,GRIA3
GRC-17536,TRPA1
BRIVANIB,FGFR3
CEDIRANIB,PDGFRB
VATALANIB,FLT4
RIVOCERANIB MESYLATE,KDR
OTENABANT,CNR1
APLAVIROC HYDROCHLORIDE,CCR5
ESMIRTAZAPINE MALEATE,HRH1
FORETINIB,DRD2
RALFINAMIDE,GRIN2B
RALFINAMIDE,GRIN2A
RALFINAMIDE,SCN9A
DEXMECAMYLAMINE,CHRNB2
ODULIMOMAB,ITGAL
LYM-1,HLA-DRB1
AZD8330,MAP2K1
CROLIBULIN,TUBB4A
FOSBRETABULIN TROMETHAMINE,TUBA4A
FOSBRETABULIN TROMETHAMINE,TUBB4A
FOSBRETABULIN DISODIUM,TUBA4A
ALCLOFENAC,PTGS1
LINIFANIB,PDGFRA
FENOTEROL,ADRB2
METHAQUALONE HYDROCHLORIDE,GABRG3
THENALIDINE,HRH1
TOVETUMAB,PDGFRA
AMISULPRIDE,HTR1F
ALFACALCIDOL,VDR
CALCITONIN,CALCR
MINAPRINE,MAOA
ZIRALIMUMAB,BSG
TRX-518,TNFRSF18
LOFEXIDINE HYDROCHLORIDE,ADRA2A
VASOACTIVE INTESTINAL PEPTIDE,ADRA2A
OPICAPONE,COMT
2X-121,PARP1
ROMILKIMAB,IL13
COBOLIMAB,HAVCR2
TILSOTOLIMOD,TLR9
AUMOLERTINIB,EGFR
JNJ-41443532,CCR2
DEUCRAVACITINIB,TYK2
DEUCRAVACITINIB,TYK2
AT-1501,CD40LG
MK-7622,CHRM1
DAVANAT,LGALS1
ENFORTUMAB VEDOTIN-EJFV,TUBB4B
CTS-1027,MMP14
RESIQUIMOD,TLR8
ZALUNFIBAN,ITGB3
PEPTIDE YY HUMAN (3-36),NPY2R
ULOTARONT,HTR1A
PSILOCYBINE,HTR2A
LY-2608204,GCK
MILATAXEL,TUBB4B
PARP/TANKYRASE INHIBITOR 2X-121,BRCA2
TRICIRIBINE,AKT1
ALPELISIB,PIK3CA
CRIZOTINIB,MET
ZSTK474,PIK3CA
AKT INHIBITOR MK2206,AKT3
LAPATINIB,ERBB2
LAPATINIB,ERBB2
METFORMIN HYDROCHLORIDE,PRKAA2
PREDNICARBATE,AR
SIROLIMUS,MTOR
CHEMBL:CHEMBL429095,TSHR
FUROXAN,CYP1A2
CHEMBL:CHEMBL120806,ALDH1A1
CHEMBL:CHEMBL484640,APEX1
CHEMBL:CHEMBL68096,SUMO1
FENRETINIDE,ATXN2
ALEXIDINE HYDROCHLORIDE,WRN
GW5074,HSD17B10
CHEMBL:CHEMBL1256291,FEN1
ALISERTIB,FRK
BISPHENOL A,NFE2L2
VANDETANIB,FGFR1
RIMONABANT,GMNN
SYROSINGOPINE,EHMT2
ESCULIN,HSD17B10
TETROQUINONE,MAPT
ZAPRINAST,ALDH1A1
CHEMBL:CHEMBL586982,EHMT2
2-PHENYLPHENOL,HSD17B10
CHEMBL:CHEMBL600103,NPC1
VORINOSTAT,HDAC1
CHEMBL:CHEMBL225563,NFE2L2
ZEARALENONE,AR
TESTOSTERONE,ESR1
CEAROIN,HSD17B10
BINOSPIRONE,ALDH1A1
DAIDZIN,NPC1
MK-571,VDR
ETICLOPRIDE,CYP2D6
PHENAMIPHOS,HPGD
E163,PTGS2
VORINOSTAT,HDAC6
NAVARIXIN,CXCR2
GO-6976,ERBB2
CAMPTOTHECIN,NFE2L2
BARASERTIB-HQPA,PDGFRA
CHEMBL:CHEMBL580071,MAPT
FLUSPIRILENE,HTT
CORTICOSTERONE,NFE2L2
BISSALICYL FUMARATE,HSD17B10
CHEMBL:CHEMBL587620,MAPT
PIPERILATE ETHOBROMIDE,AR
KAMEBANIN,GMNN
CHEMBL:CHEMBL538798,PLK1
CHEMBL:CHEMBL199592,NFE2L2
5-HYDROXYTRYPTOPHAN,RGS4
AST-487,FGFR1
TERTATOLOL,ADRB1
CHEMBL:CHEMBL188641,CYP2D6
CHEMBL:CHEMBL1210769,CASP9
HERNANDEZINE,VDR
CHEMBL:CHEMBL581225,FEN1
AMENTOFLAVONE,VCP
CHEMBL:CHEMBL379975,JAK2
CEPHARANTHINE,ATXN2
ROSE BENGAL,KAT2A
LOFEPRAMINE HYDROCHLORIDE,AR
CGP 55845,CYP2D6
CLOTRIMAZOLE,HSP90AA1
TESTOSTERONE,AR
DIBUCAINE,GMNN
MYRICETIN,POLB
PROBENECID,AR
CHEMBL:CHEMBL311489,HIF1A
CHEMBL:CHEMBL259784,NFE2L2
GO-6976,FGFR1
HALOPERIDOL DECANOATE,CYP2D6
CARMINIC ACID,APEX1
PHORBOL 12-MYRISTATE 13-ACETATE,PRKCA
CHEMBL:CHEMBL56393,HPGD
CHEMBL:CHEMBL408850,SMN1
SB203580,FRK
LORATADINE,AR
CHEMBL:CHEMBL429095,MTOR
CHEMBL:CHEMBL586061,MAPT
METHYLDOPA ANHYDROUS,RGS4
NICLOSAMIDE,MAPT
OXCARBAZEPINE,VDR
APOMORPHINE,MAPT
CHEMBL:CHEMBL101815,GMNN
RIMEXOLONE,NFE2L2
GW775608X,MAPK14
CARMINE,APEX1
SURAMIN,FEN1
SANGUINARINE SULFATE,TP53
MAPROTILINE,CYP1A2
2-MERCAPTOETHANESULFONIC ACID,MAPT
CHEMBL:CHEMBL600968,SMN2
GW441756X,ROCK1
TETRADECYLTHIOACETIC ACID,PPARG
PIRIBEDIL,CYP2D6
STEARIC ACID,HSD17B10
CHEMBL:CHEMBL52030,BRD2
EVANS BLUE,KAT2A
CHEMBL:CHEMBL578675,EHMT2
MK-912,ABL2
QUINALPHOS,AHR
CHEMBL:CHEMBL602150,GAA
HINOKITIOL,HDAC1
HINOKITIOL,HDAC8
CHEMBL:CHEMBL533293,POLB
MRS3558,ABCA1
CHEMBL:CHEMBL548681,TARDBP
MYRICETIN,HPGD
PYROGALLOL RED,ATXN2
DEMECOLCINE,GMNN
GW5074,EHMT2
1-NAPHTHYLISOTHIOCYANATE,NFE2L2
ICI-164384,ESR2
NOTCH SIGNALING PATHWAY INHIBITOR MK0752,NCSTN
CHEMBL:CHEMBL167316,NFE2L2
CHEMBL:CHEMBL1243244,NR1H2
VALERENIC ACID,ALDH1A1
PIMETHIXENE MALEATE,AR
INDOMETHACIN,PTGS2
GO-6976,MARK2
NEOSTIGMINE BROMIDE,CYP2D6
FPL64176,CYP1A2
E1501,NFE2L2
FLUSPIRILENE,AR
VANDETANIB,HTT
INDAPAMIDE,APEX1
BENZOQUINONE,NFE2L2
PHA-767491,AKT1
MOCLOBEMIDE,MAOB
CYCLOHEXIMIDE,NR2F2
GW441756X,SRC
CHEMBL:CHEMBL582055,NFE2L2
EBSELEN,ALOX12
VINORELBINE,TUBB4A
THUNBERGINOL E,BRCA1
CHEMBL:CHEMBL1728978,EHMT2
CHEMBL:CHEMBL533293,THRB
SANGUINARINE SULFATE,SMAD3
KOBOPHENOL A,CASP3
PALIPERIDONE,DRD2
CHEMBL:CHEMBL258756,CASP6
DINOPROSTONE,TSHR
ABIETIC ACID,PPARG
MITONAFIDE,FEN1
TAMOXIFEN CITRATE,PPARD
BIX-01294,MTOR
CHEMBL:CHEMBL187216,CYP2D6
ZEARALENONE,HPGD
ZM447439,MAP2K2
DIBUCAINE,CYP1A2
2-CHLOROADENOSINE-5-TRIPHOSPHATE,RGS4
FENRETINIDE,EHMT2
CERITINIB,ALK
CHEMBL:CHEMBL1569494,TARDBP
CHEMBL:CHEMBL527271,CYP1A2
CHEMBL:CHEMBL600255,TARDBP
ZAPRINAST,HIF1A
BUTYRIC ACID,HDAC1
CHEMBL:CHEMBL578257,EHMT2
NANAOMYCIN,VDR
CHEMBL:CHEMBL584626,USP1
CISPLATIN,BRCA1
GYROPHORIC ACID,PLK1
"7,3'-DIMETHOXYFLAVONE",HSD17B10
OXENDOLONE,NFE2L2
FENRETINIDE,AR
BAICALEIN,CYP1A2
MIDODRINE,CYP1A2
BIS(DIMETHYLAMINETHIOCARBONYL)MONOSULFIDE,VDR
PHA-767491,PRKCD
MYRICETIN,ALDH1A1
VANDETANIB,ABL1
AROTINOID ACID,EHMT2
MANGOSTIN,MAPT
ALPRAZOLAM,BRD2
CHLOROPYRAMINE,CYP2D6
ROTTLERIN,RGS4
MERCAPTOPURINE,TDP1
CISPLATIN,ERCC4
5-HYDROXYTRYPTOPHAN,EHMT2
TOLONIUM CHLORIDE,ATXN2
CHEMBL:CHEMBL1256291,HPGD
"4',7-DIMETHOXY-5-HYDROXYGENISTEIN",SMN2
CHEMBL:CHEMBL250428,CYP1A2
"4',7-DIMETHOXY-5-HYDROXYGENISTEIN",SMN1
CHEMBL:CHEMBL609027,NFE2L2
LOFEPRAMINE,VDR
METHYLCURCUMIN,ERBB4
CARBOXYLATED GLUCOSAMINE,MMP9
CARMINE,TDP1
CHEMBL:CHEMBL364729,WRN
SB203580,MAPKAPK2
DIMETHYL YELLOW,BRCA1
AMOPYROQUINE,HPSE
CHEMBL:CHEMBL464176,ALDH1A1
CLOTRIMAZOLE,PPARD
PROTOCATECHUIC ACID,GAA
CHEMBL:CHEMBL2047666,BACE1
CHEMBL:CHEMBL589694,ATXN2
"LACTOSE, ANHYDROUS",LGALS3
ISOTRETINOIN,AR
CHEMBL:CHEMBL329785,MAPK3
TRIAMCINOLONE,NR3C1
ETIDRONIC ACID,CYP2D6
U-0126,CYP1A2
CHEMBL:CHEMBL117487,HDAC8
(+)-TAXIFOLIN,EHMT2
ISOCONAZOLE,PPARD
HEXACHLOROPHENE,PPARD
CATECHIN,VDR
ETRETINATE,GMNN
PROPYLPYRAZOLETRIOL,HIF1A
TIBOLONE,NFE2L2
TO-901317,NR3C1
"SERINE, D-",EHMT2
PARTHENOLIDE,NFKB2
FLOCTAFENINE,NFE2L2
TRIAMTERENE,ESR1
CHEMBL:CHEMBL579919,FEN1
AZELASTINE,HRH1
AMENTOFLAVONE,MAPT
5-MEO-DMT,CYP1A2
KAMEBANIN,NFE2L2
SB203580,MAP4K4
GW441756X,MAPK9
GW7647,RGS4
RABEPRAZOLE,NPC1
AMODIAQUINE HYDROCHLORIDE,ALB
TRAMETINIB DIMETHYL SULFOXIDE,MAP2K1
HINOKITIOL,EHMT2
CHLORHEXIDINE GLUCONATE,TARDBP
NAVITOCLAX,BCL2
MYRICETIN,HSD17B10
CHEMBL:CHEMBL56393,RGS4
BELINOSTAT,KMT2A
METFORMIN,PRKAG2
PROTOAPIGENONE,ESR1
MRS1220,RGS4
CHEMBL:CHEMBL1089501,PPARA
TAMOXIFEN CITRATE,TP53
BENZO(K)FLUORANTHENE,HSD17B10
SB 242084,NFE2L2
LY-294002,CYP1A2
CHEMBL:CHEMBL146525,POLB
ZM447439,NTRK2
"DIBENZ[A,H]ANTHRACENE",THRB
CHEMBL:CHEMBL473721,NPC1
APICIDIN,HDAC1
CHEMBL:CHEMBL444376,SMN1
ASTERRIC ACID,FEN1
LOMOFUNGIN,EHMT2
CLOTRIMAZOLE,ADRB2
TOLONIUM CHLORIDE,MAPT
CHEMBL:CHEMBL271023,USP1
RUTIN,POLB
AZASERINE,AR
HEXOCYCLIUM METHYLSULFATE,CHRM3
CIS-RESVERATROL,TP53
EPOTHILONE D,ABCB1
NOCODAZOLE,NFE2L2
CEFOTAXIME SODIUM,EHMT2
2-CHLOROADENOSINE-5-TRIPHOSPHATE,APP
FESOTERODINE,CHRM3
CHEMBL:CHEMBL1210769,CASP8
NOCODAZOLE,CYP1A2
CHEMBL:CHEMBL56393,HSD17B10
PYRITHIONE,GMNN
GRINIMIBINE,MAPT
CARBENDAZIM,TP53
CHEMBL:CHEMBL602990,TARDBP
PYRITHIONE,ATXN2
UMBELLIFERONE,HSD17B10
CYPROTERONE ACETATE,AR
CHEMBL:CHEMBL1198140,CYP1A2
LORATADINE,GMNN
CHEMBL:CHEMBL1701915,WRN
DORZOLAMIDE HYDROCHLORIDE,CA2
NAPROXEN SODIUM,CYP2D6
ALISERTIB,EGFR
STICTIC ACID,MAPT
CHEMBL:CHEMBL429095,HPGD
ANGUSTIBALIN,SMAD3
GITOXIN,GMNN
NICLOSAMIDE,CYP1A2
NICLOSAMIDE,RXRA
EPINASTINE HYDROCHLORIDE,HRH1
CHEMBL:CHEMBL285157,NFE2L2
CHEMBL:CHEMBL1332182,ALDH1A1
DEMETON-S-METHYL,NFE2L2
ANGUSTIBALIN,ATXN2
CARMINE,HPGD
SULCONAZOLE NITRATE,HSP90AA1
TETROQUINONE,VDR
CHELERYTHRINE CHLORIDE,MAPK1
CHEMBL:CHEMBL116548,KAT2A
CHEMBL:CHEMBL592316,FEN1
TACEDINALINE,HDAC4
6-AZAURIDINE,SMN1
CHEMBL:CHEMBL602206,EHMT2
BENZYL CAFFEATE,TTR
DIHYDROERGOCRISTINE,AR
TRIAMCINOLONE,NFKB1
SULPIRIDE,DRD3
LITHOCHOLIC ACID,NFE2L2
ETAZOLATE,EHMT2
AZITHROMYCIN,CYP1A2
CHEMBL:CHEMBL2063681,MAPK1
PYROGALLOL RED,ALPL
GALANTAMINE,CYP2D6
SOFOSBUVIR,IFNL3
PALBOCICLIB,ERBB2
AT9283,JAK2
LAPATINIB,ERBB2
TOFACITINIB,JAK3
LINSITINIB,IGF1R
GEDATOLISIB,MTOR
X-82,PDGFRA
PAZOPANIB,PDGFRA
DACTOLISIB,PIK3C3
VATALANIB,FLT4
CABOZANTINIB S-MALATE,KDR
TEMSIROLIMUS,MTOR
OLAPARIB,PARP2
DABRAFENIB,MAP2K2
DABRAFENIB,MAP2K1
NILOTINIB,PDGFRB
ATAZANAVIR,ABCB1
VINCRISTINE,AFP
MIFEPRISTONE,AFP
DEHYDRATED ALCOHOL,ALDH2
DEHYDRATED ALCOHOL,APOB
EPIGALLOCATECHIN GALLATE,APOB
HYDROXYCHLOROQUINE,APP
ACETAZOLAMIDE,AQP1
CYCLOOXYGENASE INHIBITOR,BDNF
RALTITREXED,BCL2
ARSENIC TRIOXIDE,BDNF
FREUND'S ADJUVANT,BDNF
NICOTINE POLACRILEX,BDNF
THYROGLOBULIN,BDNF
MEDICATION,BDNF
EXEMESTANE,BGLAP
LIOTHYRONINE,BDNF
EPOETIN ALFA,CA2
PACLITAXEL,BRCA1
GEMCITABINE,BRCA1
TRICHOSTATIN A,CDKN2D
DRONABINOL,CNR1
ASCORBIC ACID,COL18A1
ANTIMALARIAL AGENT,CYP1A1
ANDROSTENEDIONE,CYP19A1
ISOPROPYL ALCOHOL,CYP1B1
DEXTROMETHORPHAN HYDROBROMIDE,SIGMAR1
TIRAPAZAMINE,CYP7B1
SIROLIMUS,DDIT3
PHOTOSENSITIZING AGENT,DDIT3
PROTEASOME INHIBITOR,DKK1
STAUROSPORINE,DIABLO
PENTAZOCINE HYDROCHLORIDE,SIGMAR1
IRINOTECAN HYDROCHLORIDE,E2F1
NICOTINE POLACRILEX,ELANE
INTERFERON ALFA-2B,EIF2AK2
TESTOSTERONE,FAS
FAS LIGAND,FADD
MUROMONAB-CD3,FCGR3A
EPOETIN ALFA,FCGR3B
DEHYDRATED ALCOHOL,GDNF
FREUND'S ADJUVANT,GFAP
FREUND'S ADJUVANT,GDNF
DRUGSATFDA.NDA:008378,GGT1
SOYBEAN SEED OIL,GHRH
ANTIDEPRESSANT AGENT,GRM1
CHLORAMBUCIL,GSTM1
DEHYDRATED ALCOHOL,GSTP1
ERYTHROMYCIN,IL1B
AZIRIDINE,IL2
INOSITOL,IRS1
ROSIGLITAZONE MALEATE,PPARG
DEHYDRATED ALCOHOL,ITGB2
EFLORNITHINE,JUN
EFLORNITHINE,JUN
WARFARIN SODIUM,VKORC1
CLOZAPINE,JUND
RETINOIC ACID AGENT,IVL
VINBLASTINE,KLK3
ANTIBIOTIC,LDLR
ACETYLCYSTEINE,LDLR
MISTLETOE EXTRACT,MAPK14
MEDROXYPROGESTERONE,MMP1
ADENOVIRUS VECTOR,MLANA
MONOCLONAL ANTIBODY 1F5,MS4A1
SELECTIVE ESTROGEN RECEPTOR MODULATOR,MMP2
THEOPHYLLINE,MPO
NICOTINE POLACRILEX,NRG1
PENTOXIFYLLINE,PCNA
MPA,PIK3CG
EMODIN,PIK3CG
INTERLEUKIN-11,PIK3CG
VINCRISTINE,PIK3CG
SELECTIVE ESTROGEN RECEPTOR MODULATOR,PIK3CG
SIROLIMUS,PLAU
DANAZOL,PLG
NYSTATIN,PLG
SIROLIMUS,PRKAA1
FENRETINIDE,RARA
ANTISENSE OLIGONUCLEOTIDES,RELA
DIFFERENTIATION INDUCER,RARA
TRAMETINIB DIMETHYL SULFOXIDE,MAP2K1
METHOTREXATE,S100A12
RETINOIC ACID AGENT,SERPINE1
TRAMETINIB DIMETHYL SULFOXIDE,MAP2K2
NYSTATIN,SLC2A4
FRAMYCETIN,SLC2A4
UCN-01,SLC2A4
LIOTHYRONINE,SLC2A4
ANESTHETIC AGENT,SLC6A3
NIFEDIPINE,SOAT1
THERAPEUTIC STEROID HORMONE,SNAP25
DEXTROAMPHETAMINE SULFATE,SST
SODIUM BUTYRATE,SPP1
ANTIESTROGEN,STS
TAMOXIFEN,TGM2
HYDROXYCHLOROQUINE,TLR3
RECOMBINANT 70-KD HEAT-SHOCK PROTEIN,WT1
RECOMBINANT TUMOR NECROSIS FACTOR FAMILY PROTEIN,WWOX
GSK-2636771,PTEN
BRIGATINIB,ALK
FEXAGRATINIB,FGFR3
CABOZANTINIB S-MALATE,RET
CRIZOTINIB,MET
BUPARLISIB,PIK3CA
TEMSIROLIMUS,MTOR
IPILIMUMAB,ALK
AMITRIPTYLINE HYDROCHLORIDE,CACNG2
NICOTINE POLACRILEX,CHRNA4
DASATINIB ANHYDROUS,ABCG2
RITUXIMAB,IL6
RITUXIMAB,FCGR2A
RITUXIMAB,FCGR3A
LITHIUM,ABCB1
FLOXACILLIN,HLA-DRA
FLUOROURACIL,TP53
METHYLPHENIDATE HYDROCHLORIDE,HTT
METHYLPHENIDATE HYDROCHLORIDE,ABCB1
RIBAVIRIN,IL18
CELECOXIB,MMP9
GRAPEFRUIT JUICE,ABCB1
DOXYCYCLINE ANHYDROUS,ABCB1
NAPROXEN SODIUM,ABCB1
"IBUPROFEN, SODIUM SALT",ABCB1
PROGESTERONE,ABCB1
RIBAVIRIN,CARD16
EXEMESTANE,MAP4K4
SUNITINIB,FGFR2
TOLCAPONE,COMT
LENALIDOMIDE,FGF2
IDARUBICIN,CYP2E1
CELECOXIB,PTGES
CELECOXIB,CACNA1A
SUCCINYLCHOLINE,BCHE
ERDAFITINIB,FGFR3
PHENOXYBENZAMINE,ADRA2A
RIBAVIRIN,HLA-B
ERDAFITINIB,FGFR2
DESMETRAMADOL,CYP2D6
DESVENLAFAXINE SUCCINATE,CYP2D6
FLUOROURACIL,XRCC3
PACLITAXEL,TUBB4A
LAMIVUDINE,PCYT1A
FLUOROURACIL,NLGN1
MERCAPTOPURINE,HLA-DRB1
NILOTINIB,CYP1A1
AMITRIPTYLINE HYDROCHLORIDE,DRD3
ALPELISIB,PIK3CA
INDOMETHACIN,PTGS2
ETOPOSIDE,YAP1
ERIBULIN MESYLATE,TUBB4B
RIBAVIRIN,CYP2R1
PRAVASTATIN SODIUM,IL1B
CLAVULANIC ACID,HLA-C
INFLIXIMAB-DYYB,HLA-C
TENOFOVIR DISOPROXIL FUMARATE,CYP27B1
BUDESONIDE,FCER2
USTEKINUMAB,NFKBIA
FENOFIBRATE MICRONIZED,HLA-A
COLCHICINE,TUBB4B
IDARUBICIN,NQO2
"IBUPROFEN, SODIUM SALT",CYP1A2
PAREGORIC,CYP1A2
"IBUPROFEN, SODIUM SALT",NOS3
MOMELOTINIB,ERBB3
MOMELOTINIB,ERBB2
GANITUMAB,IGF1R
ASUNERCEPT,FASLG
VON WILLEBRAND FACTOR,F10
APLINDORE,DRD2
AR-42,HDAC8
VARLITINIB,ERBB2
TRIAZOLAM,GABRA3
AV-412,ERBB2
CARIPRAZINE,DRD3
CINTREDEKIN BESUDOTOX,IL4R
ABATACEPT,CD80
ETORICOXIB,PTGS2
ADH-1,CDH2
FENOLDOPAM MESYLATE,DRD5
FENOLDOPAM MESYLATE,DRD1
LFB-R603,MS4A1
LX1031,TPH1
MB-07803,FBP1
BARICITINIB,JAK2
MBX-2044,PPARG
PRAMIPEXOLE,DRD3
MUPARFOSTAT,FLT4
ROTIGOTINE,DRD2
ROTIGOTINE,DRD3
CARVEDILOL,ADRB3
SOMATROPIN (RECOMBINANT DNA ORIGIN),PRLR
RECOMBINANT INTERLEUKIN-2,IL2RB
PPI-2458,METAP2
OPC-14523,SIGMAR1
LIFITEGRAST,ITGB2
FIRATEGRAST,ITGB1
SOVATELTIDE,EDNRB
TABERMINOGENE VADENOVEC,KDR
TERIPARATIDE,PTH1R
PIMOZIDE,DRD2
TRABEDERSEN,TGFB2
VELNEPERIT,NPY5R
VIRULIZIN,IL12A
VOCLOSPORIN,PPIA
VINCRISTINE,TUBA4A
BUTABARBITAL,CHRNA4
"ERGOLOID MESYLATES, USP",DRD1
CHLORDIAZEPOXIDE,GABRA1
CHLOPHEDIANOL,HRH1
CHLORDIAZEPOXIDE,GABRA3
CLOCORTOLONE,NR3C1
COAGULATION FACTOR VIIA (RECOMBINANT)-JNCW,F7
CYPROHEPTADINE HYDROCHLORIDE,HRH1
CYPROTERONE,AR
CYPROHEPTADINE HYDROCHLORIDE,HTR2A
"ERGOLOID MESYLATES, USP",ADRA1A
PERGOLIDE MESYLATE,DRD4
GOSERELIN ACETATE,LHCGR
INTERFERON ALFA-N1,IFNAR2
LORAZEPAM,GABRA3
"ERGOLOID MESYLATES, USP",DRD5
LABETALOL,ADRB2
AMOXAPINE,DRD4
MEPROBAMATE,GABRA3
MEPROBAMATE,GABRA1
MEFENAMIC ACID,PTGS1
APRACLONIDINE HYDROCHLORIDE,ADRA2A
PAMIDRONATE,FDPS
TESTOLACTONE,CYP19A1
THIETHYLPERAZINE,DRD2
CAFFEINE CITRATE,ADORA2A
TIROFIBAN,ITGB3
AMINOPHYLLINE,ADORA3
CARMUSTINE,GSR
CYPROHEPTADINE HYDROCHLORIDE,HRH1
CYPROHEPTADINE HYDROCHLORIDE,HTR2A
INTERFERON GAMMA-1B,IFNGR1
DINOPROSTONE,PTGER1
OXAPROZIN POTASSIUM,PTGS1
ETORICOXIB,PTGS2
FLURAZEPAM,GABRA1
INDOMETHACIN SODIUM,PTGS1
FLUOCINOLONE ACETONIDE,PLA2G4A
HEXOBARBITAL,GRIK2
DESIRUDIN,F2
MEPROBAMATE,GABRA1
MESALAMINE,PTGS2
NITRAZEPAM,GABRG3
OLANZAPINE,HRH1
OLANZAPINE,CHRM3
TRIAMTERENE,SCNN1A
OLANZAPINE,HTR2C
PREDNISOLONE,ANXA1
ULIXERTINIB,MAPK1
GALLIUM NITRATE,RRM2
THIOUREIDOBUTYRONITRILE,TP53
PRALICIGUAT,UGCG
ALDH2 ACTIVATOR FP-045,ALDH2
SALMETEROL XINAFOATE,ADRB2
ASN007,MAPK3
PRALSETINIB,RET
TELRATOLIMOD,TLR8
PENTOXIFYLLINE,PDE8B
MEVOCICLIB,CDK7
X-82,KDR
ULIXERTINIB,EPHB2
ONTORPACEPT,CD47
DEUCRAVACITINIB,TYK2
RELUGOLIX,LHCGR
MOTOLIMOD,TLR8
NAMODENOSON,ADORA3
REBASTINIB,ABL1
LEVODOPA,DRD2
ALK INHIBITOR ASP3026,ALK
ANTI-HER3 MONOCLONAL ANTIBODY GSK2849330,ERBB3
SIRUKUMAB,IL6R
COAGULATION FACTOR VIIA (RECOMBINANT)-JNCW,F7
FLUMAZENIL,TSPO
AFIMOXIFENE,ESR1
BIMATOPROST (FREE ACID FORM),PTGFR
OCAPERIDONE,HTR2A
ROLUPERIDONE HYDROCHLORIDE,HTR2A
NCX-4016,COX8A
RECOMBINANT MONOCYTE CHEMOATTRACTANT PROTEIN-1,CCL2
TIANEPTINE,SLC6A4
VATALANIB,EGFR
BLONANSERIN,HTR2A
BOSUTINIB,ABL1
BLONANSERIN,DRD2
ISATORIBINE,TLR7
ANDOLAST,CALCA
BENZBROMARONE,ABCC1
SODIUM BICARBONATE,KCND3
SECRETIN,SCT
DACINOSTAT,HDAC9
ELISIDEPSIN,ERBB3
POLO-LIKE KINASE 1 INHIBITOR GSK461364,PLK1
PRX-321,IL4R
ZALEPLON,GABRA1
PIMAGEDINE,NOS2
CLINDAMYCIN HYDROCHLORIDE,RPSA
ZINPENTRAXIN ALFA,NPTX2
VOLINANSERIN,HTR2C
KENPAULLONE,CDK1
CLARITHROMYCIN,RPSA
SCH442416,ADORA3
VU0364739,PLD2
CHR-3996,HDAC1
DS-7423,PIK3CG
NERATINIB MALEATE,ERBB2
FLUFENAMIC ACID,AR
GEMCITABINE,POLE
TREBANANIB,GLUL
BEVACIZUMAB-AWWB,VEGFA
ABALOPARATIDE,PTH1R
ADERBASIB,ADAM17
RTI-336,SLC6A3
BUDESONIDE,NR3C1
CHENODEOXYCHOLIC ACID,NR1H4
FENOPROFEN,COX8A
MIDOSTAURIN,PRKCG
DRONABINOL,CNR1
TOLCAPONE,COMT
TIMOLOL,ADRB1
BLARCAMESINE,CHRM1
IPH-2101,KIR2DL1
IPH-2101,KIR2DL3
LANEPITANT,TACR1
ATABECESTAT,BACE1
"BMS 181,101",A2M
LY334362,HTR2C
BIMU 8,NAT1
VOLINANSERIN,HTR2C
(+)-ADRENALINE,ABCB7
SPIROXATRINE,ABCA4
TERAZOSIN,ABCA4
HEAT (BE2254),ABCA4
METHOXAMINE,ABCA4
A-123189,ABCA4
BRL 44408,ABL1
APRACLONIDINE,ABL1
NOREPINEPHRINE,ABL1
ARC-239,ABL1
APOMORPHINE,AOC1
BRL 44408,AOC1
XYLOMETAZOLINE,AOC1
PHENOXYBENZAMINE,AOC1
NOREPINEPHRINE,AOC1
BRL 44408,ABL2
IDAZOXAN,ABL2
XYLOMETAZOLINE,ABL2
BTB07018,ANPEP
COMPOUND 1A [PMID: 25692029],ANPEP
THEOPHYLLINE,ABAT
PSB1115,ABAT
IMARADENANT,ABCA1
DPCPX,ABCA1
MOLIBRESIB,BRD3
[125I]HPP-DESARG10HOE140,ASIC1
LABRADIMIL,BDKRB2
[3H]NPC17731,BDKRB2
NPC 18565,BDKRB2
BRINZOLAMIDE,GAPDH
BENZOLAMIDE,GAPDH
"SQ-24,798",CPN1
YM-022,CCKBR
UCCF-853,CFTR
SC-560,CPT1B
SAUVAGINE,ALB
ULOCUPLUMAB,ACTG1
TIBREMCICLIB,CDK4
LEROCICLIB,EIF4EBP1
COMPOUND 9B [PMID: 18986805],EIF4G2
COMPOUND 4D [PMID: 20655626],CLDN3
DOPAMINE,ALDH1A1
EBI-2511,EZH2
TIGOZERTINIB,DXO
MIFANERTINIB,DXO
LAPATINIB,DXO
PIROTINIB,DXO
COMPOUND 2 [PMID: 18295483],BLVRA
OL135,CRMP1
GSK2194069,FASN
COMPOUND 2C [PMID: 24900538],DPYSL2
LUCITANIB,DPYSL2
PEMIGATINIB,DPYSL2
TASURGRATINIB,DR1
SLF,HNMT
OSI-930,DRD1
SITRAVATINIB,DRD1
MK-2461,DRD3
CLOPROSTENOL,APOC2
TAFLUPROST,APOC2
CARBACYCLIN,APOC2
[125I]FSH (HUMAN),ALS3
&ALPHA;3IA,GABRA1
TIAGABINE HYDROCHLORIDE,CD14
[125I]GDNF (RAT),DLST
HEXYLCAINE HYDROCHLORIDE,SCN9A
MG2+,GRIN2B
CHR-3996,MSTN
DACINOSTAT,HDAC4
MARBOSTAT-100,GART
HYDROXYAMPHETAMINE HYDROBROMIDE,ADRA1A
HYDROXYAMPHETAMINE HYDROBROMIDE,ADRB1
LOXAPINE,DRD4
FUROSEMIDE,ADAM10
LOXAPINE SUCCINATE,DRD4
CARBACYCLIN,APOC3
ROTIGOTINE,DRD4
GSK2646264,DRD2
LUCITANIB,DRD2
AZD-4547,DRD2
SITRAVATINIB,DRD2
TERFENADINE,BAD
VORAPAXAR SULFATE,F2R
HSTX1[R14A],ATP7B
ARIPIPRAZOLE LAUROXIL,HTR2A
EXAMPLE 36 [WO2016177845],LTC4S
CP-459632,FLT4
AM966,BIN1
GLPG-0555,JAK1
NCL-1,GEM
ML324,GFRA2
"(1S,3R)-ACPD",ANPEP
DCG-IV,ANPEP
4-MPPTS,ANPEP
[3H]LY341495,SLC25A4
GSK-461364A,PLK1
SULFATINIB,FLT4
3F-MT-45,APOF
AM-6120,BAX
2MESATP,APBB2
2MESATP,APBB2
[32P]MRS2500,APBB2
ISOX-CHA-CHG-ARK(SULFO-CY5)-NH2,APOE
AYPGKF-NH2,APOH
SELADELPAR,CCND1
ZAFIRLUKAST,CCND1
TAGITININ A,CCND1
MDG 548,CCND1
AZD3458,F5
IDELALISIB,F5
AMDIZALISIB,PIK3CB
AZ2,PIK3CB
COMPOUND 5D [PMID: 31335136],PIK3CB
AMDIZALISIB,F7
AZ2,F7
ZANDELISIB,PIK3CB
ZANDELISIB,F7
LGX-806,RAF1
LGB321,F10
WAY-255348,BDNF
PRRP-20,APOA4
VEGF RECEPTOR TYROSINE KINASE INHIBITOR III,FLT4
CD2314,BCL2L2
TRETINOIN,BCL2L2
TRETINOIN,BCL2L2
7-HYDROXYCHOLESTEROL,BCL2L1
OSI-930,FLT4
IZORLISIB,PIK3CB
B-R13/17K H2 RELAXIN,APP
COMPOUND 1 [PMID: 20005102],CXADR
SA10SC-RLX,APP
A-971432,AMY2A
FINGOLIMOD-PHOSPHATE,AMY2A
SELECTIN P LIGAND,SELP
SR-13668,AKT1
Y-39983,ROCK1
"[GA-DOTA,TYR3,THR8]OCTREOTIDE",FASLG
KE 108,FASLG
BIM 23068,FASLG
ANALOG 32 [PMID:18543899],AQP1
SRIF-14,AQP1
FIGOPITANT,TACR1
STING AGONIST 3,GRIN1
DEXTROTHYROXINE,THRB
TC-2216,CHRNB2
PYROTINIB,ERBB2
BGT-226,MTOR
QUINAZOLIN-4(3H) DERIVATIVE 36,TRPV4
SAR-20347,TYK2
UROTENSIN-II,UTS2R
BGT-226,PIK3CA
UROTENSIN-II,UTS2R
NEMTABRUTINIB,FKBP1AP3
BMS-911543,JAK2
COMPOUND 15B [PMID: 16539403],FKBP5
IBRUTINIB,MYC
VEMURAFENIB,MAP2K1
PANITUMUMAB,PIK3CA
DURVALUMAB,CD274
PEMBROLIZUMAB,CD274
EPIDERMAL GROWTH FACTOR RECEPTOR TYROSINE KINASE INHIBITOR,PTEN
FUTIBATINIB,FGFR2
IBRUTINIB,BLK
RITUXIMAB,NRG1
PACRITINIB,EGFR
VEMURAFENIB,PIK3CA
PACLITAXEL,PTEN
CETUXIMAB,PTEN
SELUMETINIB,CIC
VEMURAFENIB,SOX10
IDARUBICIN,DNMT3A
PACLITAXEL,TP53
THERAPEUTIC GLUCOCORTICOID,CREBBP
AKT INHIBITOR MK2206,PTEN
PANITUMUMAB,MAP2K1
LAPATINIB,ERBB4
DASATINIB ANHYDROUS,PDGFRA
RITUXIMAB,ERBB3
CARBOPLATIN,ALK
IFOSFAMIDE,ALK
OSUGACESTAT,CTNNB1
DOCETAXEL ANHYDROUS,FGFR1
CARBOPLATIN,FGFR1
GEFITINIB,KEAP1
CERITINIB,KEAP1
AFATINIB,KEAP1
VEMURAFENIB,MAP2K1
REVUMENIB,KMT2A
DABRAFENIB,MAP2K1
PEMBROLIZUMAB,MSH2
NIVOLUMAB,MSH2
RIBOCICLIB,PIK3CA
PI3K-ALPHA INHIBITOR HS-10352,PIK3CA
VOXTALISIB,PIK3CA
AKT INHIBITOR MK2206,PTEN
RIBOCICLIB,PTEN
PEMBROLIZUMAB,POLD1
NIVOLUMAB,PTEN
AFATINIB,PTEN
ONATASERTIB,PTEN
ALPRAZOLAM,GABRG3
ALPRAZOLAM,GABRA3
BUTALBITAL,GABRA3
BUTALBITAL,GABRG3
ISOFLURANE,GABRG3
BASILIXIMAB,IL2RA
USTEKINUMAB,IL12A
CYTARABINE,POLE
CLOFARABINE,POLD1
DISOPYRAMIDE PHOSPHATE,SCN8A
DISOPYRAMIDE PHOSPHATE,SCN9A
TETRACAINE,SCN7A
MEPIVACAINE HYDROCHLORIDE,SCN9A
ETIDOCAINE HYDROCHLORIDE,SCN8A
PROPOXYCAINE HYDROCHLORIDE,SCN9A
PROPAFENONE HYDROCHLORIDE,SCN7A
PROPARACAINE HYDROCHLORIDE,SCN7A
INDECAINIDE HYDROCHLORIDE,SCN7A
TOCAINIDE HYDROCHLORIDE,SCN8A
INDECAINIDE HYDROCHLORIDE,SCN8A
LURASIDONE HYDROCHLORIDE,DRD2
BIFEPRUNOX,HTR1A
AVAGACESTAT,PSEN2
AVAGACESTAT,PSEN1
PRADIGASTAT,DGAT1
BIRINAPANT,BIRC3
NIVOCASAN,CASP9
ADUCANUMAB,APP
BIFEPRUNOX,DRD2
ENAVATUZUMAB,TNFRSF12A
PEGSUNERCEPT,TNF
STAMULUMAB,MSTN
VATELIZUMAB,ITGA2
GSK933776,APP
AMISULPRIDE,HTR1A
CARBARIL,ACE
LEVOSIMENDAN,TNNI3
MINAPRINE,DRD1
AMISULPRIDE,DRD3
AVE-9633,CD33
TGN-1412,CD28
TREVOGRUMAB,MSTN
CP-195543,LTB4R
PATUPILONE,TUBB4A
UPROLESELAN,SELE
DORZAGLIATIN,GCK
NEMIRALISIB,PIK3CD
HMPL-453,FGFR1
SOFITUZUMAB VEDOTIN,TUBA4A
MINAPRINE,HTR2C
SISOMICIN,RPSA
VODOBATINIB,BCR
BI-187004,HSD11B1
TALSACLIDINE,CHRM2
ERFONRILIMAB,CD274
SPIRAMYCIN,RPSA
FAXELADOL,SLC6A4
GW441756X,CAMK2G
CHEMBL:CHEMBL429095,ALDH1A1
CHEMBL:CHEMBL586163,POLB
CHEMBL:CHEMBL581225,HTT
TARAFENACIN,CHRM3
NANAOMYCIN,NFE2L2
BETUNOLIC ACID,PLK1
"4',7-DIMETHOXY-5-HYDROXYGENISTEIN",NFKB1
CHEMBL:CHEMBL1477383,CYP1A2
DRINABANT,CNR1
MICONAZOLE NITRATE,HSP90AA1
IRETOL,APEX1
PURVALANOLA,HIF1A
CLOFAZIMINE,EHMT2
RIVENPROST,PTGER4
BENZBROMARONE,PPARG
EMODIC ACID,ALDH1A1
CHEMBL:CHEMBL379975,FYN
EZLOPITANT,TACR1
PROTOAPIGENONE,XBP1
ORTHOTOLIDINE,ALDH1A1
HEXACHLOROPHENE,THRB
VORINOSTAT,HDAC8
VORINOSTAT,HDAC9
CHEMBL:CHEMBL1235854,AR
CHEMBL:CHEMBL531401,ADRB2
TRICLOSAN,RXRA
GALLIC ACID,ALDH1A1
METHAPHIT,CYP2D6
CHEMBL:CHEMBL2095095,NFE2L2
FENAMIDONE,AR
SYROSINGOPINE,P4HB
CHEMBL:CHEMBL2208195,PPARG
GITOXIGENIN,GMNN
SULFISOXAZOLE,TSHR
NEBOGLAMINE,GRIN2B
HEMICHOLINIUM-3,EHMT2
1-AZAKENPAULLONE,GSK3B
CHEMBL:CHEMBL600694,SMAD3
DICYCLOMINE HYDROCHLORIDE,CYP1A2
VANDETANIB,MAPK14
EQUILIN,TARDBP
RAPASTINEL,GRIN2B
AST-487,PDGFRB
NEBOGLAMINE,GRIN1
TYRPHOSTIN 51,VDR
CHEMBL:CHEMBL602990,SMAD3
CHEMBL:CHEMBL601757,USP1
APIMOSTINEL,GRIN3A
CHEMBL:CHEMBL1702181,TP53
TIZANIDINE HYDROCHLORIDE,AR
CHEMBL:CHEMBL1537417,TARDBP
NECROSTATIN-1,SMN1
CHEMBL:CHEMBL586195,EHMT2
APIMOSTINEL,GRIN2B
GW7647,SIRT5
RIMONABANT,ABCC1
BUTAMBEN,AR
CHEMBL:CHEMBL599924,GMNN
DROSPIRENONE,AR
SALICYLAMIDE,HSD17B10
CHEMBL:CHEMBL2204435,NR1H2
HYPOTAURINE,EHMT2
PHENAMIL METHANESULFONATE,SMN1
AROTINOID ACID,RARG
NITROXOLINE,HSP90AA1
AV-101,GRIN2B
IRIGINOL HEXAACEATATE,HPGD
ERYTHROMYCIN,CYP1A2
CHEMBL:CHEMBL1528359,RAD52
RESCINNAMINE,GMNN
ZEARALENONE,HSPB1
METHYL 7-DESHYDROXYPYROGALLIN-4-CARBOXYLATE,APEX1
CHEMBL:CHEMBL579837,GMNN
NEFAZODONE HYDROCHLORIDE,NFE2L2
CNS-5161,GRIN1
PROCHLORAZ,NFE2L2
SIMPINICLINE,CHRNA3
CHEMBL:CHEMBL259422,TP53
CHEMBL:CHEMBL1210769,CASP7
NIFLUMIC ACID,CYP1A2
CHEMBL:CHEMBL530609,NPC1
TAMOXIFEN CITRATE,GMNN
SIMVASTATIN,HMGCR
TEZAMPANEL,GRIA2
CHEMBL:CHEMBL602776,ALDH1A1
CHEMBL:CHEMBL601135,CYP1A2
SULINDAC,CYP1A2
MARIMASTAT,ADAM10
CHEMBL:CHEMBL546865,NPC1
CHEMBL:CHEMBL1426508,ALDH1A1
CHEMBL:CHEMBL1287980,ATXN2
CHEMBL:CHEMBL546865,BRCA1
APICIDIN,HDAC3
SANGUINARINE SULFATE,ALOX15
CARMINIC ACID,MMP14
BITHIONOLOXIDE,GMNN
GW5074,MAPT
DESOGESTREL,GMNN
TRICIRIBINE,NFE2L2
FENRETINIDE,MAPT
SULPIRIDE,CYP1A2
CEFAMANDOLE SODIUM,TDP1
MYRICETIN,WRN
FLUCONAZOLE,ALB
RABEPRAZOLE,NFE2L2
CYCLOHEXIMIDE,HIF1A
"4',7-DIMETHOXY-5-HYDROXYGENISTEIN",CYP1A2
EBSELEN,FEN1
BENZBROMARONE,HPGD
DEQUALINIUM CHLORIDE,EHMT2
5-HYDROXYTRYPTOPHAN,MAPT
CUCURBITACIN D,HSP90AA1
CAMPTOTHECIN,HNRNPA1
CHLORHEXIDINE GLUCONATE,AR
CASOPITANT,TACR1
BENZOFURAN,AR
CERITINIB,IGF1R
MINOCYCLINE HYDROCHLORIDE,APEX1
FLUAZINAM,AR
ALISERTIB,FGFR1
METFORMIN,PRKAB1
N-DESMETHYLCLOZAPINE,DRD1
ICI-164384,ESR1
BUTACAINE,CYP2D6
DITIOCARB SODIUM,AR
BETAXOLOL,ADRB1
N-OLEOYLETHANOLAMIDE,CYP1A2
HAEMATOXYLIN,VDR
PTEROSTILBENE,TARDBP
FLUOXETINE HYDROCHLORIDE,ATXN2
BATILOL,AR
HYDROCORTISONE BUTYRATE,NFKB1
BRONOPOL,VDR
BRIVANIB ALANINATE,KDR
2-(2'-METHOXYPHENYL)-1H-INDOLE,SMN1
CHEMBL:CHEMBL258756,EHMT2
LINIFANIB,PDGFRA
LINIFANIB,CSF1R
DOVITINIB,PDGFRA
AC-55541,F2RL1
RO19-4603,CYP1A2
DOCEBENONE,VDR
CHEMBL:CHEMBL1523215,ESR1
MICHLER'S KETONE,AR
CHEMBL:CHEMBL1523215,TARDBP
CHEMBL:CHEMBL1312050,KMT2A
CHEMBL:CHEMBL148831,PRDX5
CHEMBL:CHEMBL588038,EHMT2
CYCLIRAMINE MALEATE,KMT2A
AVOSENTAN,EDNRA
CHEMBL:CHEMBL2094573,SMN1
TRIPROLIDINE,EHMT2
BUSPIRONE,ALDH1A1
CHEMBL:CHEMBL2094573,SMN2
METHOXSALEN,CYP2D6
ALISERTIB,NTRK1
LUMATEPERONE,HTR2A
OCRELIZUMAB,MS4A1
MYRICETIN,CASP6
CHEMBL:CHEMBL515505,ALDH1A1
CHEMBL:CHEMBL1797709,KAT2B
PIMOZIDE,CYP2D6
PROTRIPTYLINE,CYP2D6
PRASUGREL,CYP2B6
PHENYTOIN SODIUM,HLA-B
TAFAMIDIS,TTR
RIVAROXABAN,F5
GANETESPIB,HSP90AA1
GEDATOLISIB,PIK3C3
TIRBANIBULIN,SRC
LEXIBULIN,TUBB4A
VATALANIB,KDR
OFATUMUMAB,MS4A1
SATRALIZUMAB,IL6ST
TRAMETINIB DIMETHYL SULFOXIDE,MAP2K6
SATRALIZUMAB,IL6R
BRYOSTATIN,PRRT2
ERYTHROMYCIN,ABCC1
EPIGALLOCATECHIN GALLATE,ABCC1
GEFITINIB,ABCB1
NOVOBIOCIN,ABCC1
METHOTREXATE,ALOX5
PROTEASOME INHIBITOR,ARNT
CARBOPLATIN,ATP7B
RECOMBINANT INTERLEUKIN-1,BAX
INOSITOL,CCKBR
RECOMBINANT HUMAN 6CKINE,CCL22
CLENOLIXIMAB,CD4
INTERLEUKIN-12 GENE,CD28
THERAPEUTIC STEROID HORMONE,CD9
TOREMIFENE,CD80
SOTATERCEPT,INHBA
LIOTHYRONINE,CHAT
EPIGALLOCATECHIN GALLATE,CSF2
BECLOMETHASONE DIPROPIONATE,CSF2
ROQUINIMEX,CSF2
MPA,CSF2
RECOMBINANT TRANSFORMING GROWTH FACTOR-BETA-2,CSF2
SIROLIMUS,CTLA4
IROPLACT,CXCL10
METHYLPHENIDATE HYDROCHLORIDE,CYP2D6
PACLITAXEL,E2F1
ROMIDEPSIN,ERBB2
GEMCITABINE,ERBB2
IDARUBICIN,ETV6
MDX-210,FCGR1A
ARSENIC TRIOXIDE,FAS
STAUROSPORINE,SLC1A1
BUTYRIC ACID,TAC1
LIOTHYRONINE,TAC3
IDOXURIDINE,TGFB1
RETINOIC ACID AGENT,TGFB1
TESTOSTERONE,TGFB1
LEVAMISOLE,TGM2
PRASTERONE,TH
LIRILUMAB,KIR2DL3
PROCARBAZINE HYDROCHLORIDE,TNF
TRIFLUOPERAZINE,TP53
INTERFERON ALFA-2B,TP53
LIOTHYRONINE,UCP2
ESTRADIOL VALERATE,VDR
STAUROSPORINE,VDR
NICOTINE POLACRILEX,VHL
BI-505,ICAM1
"PAROXETINE HYDROCHLORIDE, HEMIHYDRATE",COMT
ETOPOSIDE,NQO1
TALAZOPARIB,ERBB2
LYSOSOMAL ALPHA-GLUCOSIDASE,GAA
GLAFENINE,PTGS1
NIALAMIDE,MAOB
OMBITASVIR/PARITAPREVIR/RITONAVIR,IFNL3
DOPAMINE,ADRB1
PRAVASTATIN SODIUM,APOE
CEPHRADINE,NR1I2
CEFADROXIL ANHYDROUS,NR1I2
PROGESTERONE,NR1I2
COTININE,CYP2B6
VINBLASTINE,NR1I2
ROSIGLITAZONE,NR1I2
EMAPALUMAB-LZSG,PRF1
PHENOXYPROPAZINE,MAOA
FLUVOXAMINE,ABCB1
FLUVOXAMINE,CYP1A2
FLUVOXAMINE,HTR1A
SOMATROPIN (RECOMBINANT DNA ORIGIN),COL1A1
RITUXIMAB,TGFB1
RITUXIMAB,CXCL12
CAFFEINE,DRD2
PROPANIDID,BCHE
FENOFIBRATE MICRONIZED,SCARB1
REMOXIPRIDE HYDROCHLORIDE,DRD2
AMITRIPTYLINE HYDROCHLORIDE,AKT1
LITHIUM,FKBP5
NORTRIPTYLINE,COMT
LENALIDOMIDE,KDR
BENAZEPRIL,AGT
ATORVASTATIN CALCIUM TRIHYDRATE,HMGCR
PHENOXYPROPAZINE,MAOB
SULFAMETHAZINE,NAT2
ELEXACAFTOR,CFTR
ATORVASTATIN CALCIUM TRIHYDRATE,CACNA1S
NIMOTUZUMAB,EGFR
ETOPOSIDE,GSTT1
FLUOROURACIL,APEX1
IMATINIB,BCR
MERCAPTOPURINE,FTO
MERCAPTOPURINE,COMT
INFLIXIMAB-DYYB,HLA-E
LAROPIPRANT,PTGDR
CLOZAPINE,PRKAA2
CLOZAPINE,NTRK2
CLOZAPINE,HNMT
CLOZAPINE,NQO2
NEVIRAPINE,HLA-DQB1
SPIRONOLACTONE,CYP11B2
ALVERINE,HTR1A
FLUOROURACIL,INSR
SERTINDOLE,ADRA1A
COPANLISIB HYDROCHLORIDE,PIK3CA
CLAVULANIC ACID,HLA-A
PEGINTERFERON ALFA-2A,IDO1
BUPRENORPHINE,SLC6A3
USTEKINUMAB,IL23A
PG-110,NGF
DASATINIB ANHYDROUS,FYN
DENILEUKIN DIFTITOX,IL12RB2
GEMTUZUMAB OZOGAMICIN,CD33
IMATINIB,CSF1R
IMATINIB,DDR1
NEMIFITIDE,HTR2A
ALICAFORSEN,ICAM1
INTERFERON BETA-1B,IFNAR1
MDX-1342,CD19
ISIS 104838,TNF
CLONAZEPAM,GABRA1
LETROZOLE,CYP19A1
LOTEPREDNOL,NR3C1
BUTOBARBITAL,GABRA3
BUTABARBITAL,CHRNA7
CHORIOGONADOTROPIN ALFA,LHCGR
DIPHENIDOL,CHRM3
FELBAMATE,GRIN2A
PERINDOPRIL,ACE
PROGABIDE,GABBR1
QUINESTROL,ESR1
ADAPALENE,RARA
AZACITIDINE,DNMT1
QUAZEPAM,GABRG3
QUETIAPINE FUMARATE,DRD1
QUETIAPINE FUMARATE,HTR2C
QUETIAPINE FUMARATE,DRD2
QUINESTROL,ESR1
SALMON CALCITONIN,CALCR
SIROLIMUS,FKBP1A
MRA 003 US,IL6
SIMVASTATIN,HMGCR
TEMAZEPAM,GABRA1
TAMOXIFEN,ESR2
TAMIBAROTENE,RARA
TEMAZEPAM,TSPO
TALBUTAL,GRIA2
TENOXICAM,PTGS2
RACEMENTHOL,TRPA1
TRAMADOL,HTR2C
TRAZODONE,ADRA2A
BOTULINUM TOXIN TYPE B,VAMP2
TRIFLUPROMAZINE,DRD2
TRIFLUPROMAZINE,DRD1
TRIFLUPROMAZINE,CHRM2
ZILEUTON,ALOX5
BLARCAMESINE,SIGMAR1
NEVANIMIBE HYDROCHLORIDE,SOAT1
VENGLUSTAT,UGCG
ULIXERTINIB,MAPK3
TIPIFARNIB,FDPS
BMS-986104,S1PR1
MASITINIB,SRC
TELISOTUZUMAB VEDOTIN,MET
JNJ-42165279,FAAH
DOMAGROZUMAB,MSTN
TIVOZANIB,KDR
X-82,PDGFRB
SIVELESTAT,ELANE
APOMORPHINE,DRD2
DIETHYLSTILBESTROL,ESR1
ASG-5ME,SLC44A4
VITAMIN A,RXRG
MK-2461,KDR
LEVOMILNACIPRAN,SLC6A4
DENOSUMAB,TNFSF11
TELRATOLIMOD,TLR7
TAK-715,AHSA1
AVL-3288,CHRNA7
MK-0731,KIF11
ELPAMOTIDE,KDR
TIAPROFENIC ACID,PTGS2
ETELCALCETIDE,CASR
BMS-582949,AHSA1
DP-B99,MMP9
VS-4718,PTK2
BMS-817399,CCR1
OPICINUMAB,LINGO1
ANIFROLUMAB,IFNAR1
PERAMPANEL,GRIA3
PERAMPANEL,GRIA2
PERAMPANEL,GRIA1
ISOCARBOXAZID,MAOA
MEDETOMIDINE,ADRA1D
DINOPROST,PTGER1
URAPIDIL,HTR1A
LANABECESTAT,BACE1
CD19CAR-CD3ZETA-4-1BB-EXPRESSING ALLOGENEIC T-LYMPHOCYTE CELLS,CD19
5-CT,A1BG
FLUSPIRILENE,A1BG
BROMOCRIPTINE,A1BG
CLOZAPINE,A2M
CABERGOLINE,A2M
(+)-WAY 100135,A2M
LYSERGOL,A2MP1
FLUSPIRILENE,A2MP1
KETANSERIN,A2MP1
ARIPIPRAZOLE LAUROXIL,HTR2C
MIRTAZAPINE,HTR2C
5-CT,SERPINA3
OLEAMIDE,SERPINA3
COMPOUND 1 [PMID: 20005102],FKBP2
GSK690693,FKBP2
OMIDENEPAG ISOPROPYL,PTGER2
RO-70-0004,ABCB7
SPIROXATRINE,ABCB7
TERAZOSIN,ABCB7
CCPA,ABAT
CCK-4,CCKBR
[125I]CCL7 (HUMAN),ACTA1
MOSUNETUZUMAB,GLRA2
GW-2580,DPYD
CEDIRANIB,DPYD
OSI-930,DPYD
M4205,DPYD
MT-3724,RPSA
NAFAMOSTAT,AFF2
CELECOXIB,CPT1B
[125I]CRF (OVINE),ALAS2
SAUVAGINE,ALAS2
[125I]SAUVAGINE (FROG),ALAS2
ASTRESSIN 2B,ALB
ASTRESSIN,ALB
CXCL12-(1-9) DIMER,ACTG1
NAPORAFENIB,DUSP1
ZK110841,APOB
&DELTA;12-PGJ2,APOB
CLOZAPINE,ALCAM
BLONANSERIN,ABCD1
APOMORPHINE,ABCD1
MYCOPHENOLATE MOFETIL,GATA2
CERITINIB,DPEP1
BRIGATINIB,DPEP1
LINSITINIB,DPEP1
"INSULIN, REGULAR, HUMAN",DPEP1
EPICATECHIN GALLATE,BRCA2
GENISTEIN,BRCA2
IVARMACITINIB,EPHB1
ABROCITINIB,EPHB1
JAK INHIBITOR 20A,EPHB1
JAK INHIBITOR 17B,EPHB1
POVORCITINIB,EPHB1
TINENGOTINIB,EPHB2
JAK INHIBITOR 20A,EPHB2
SAFIMALTIB,EPHB2
ROVADICITINIB,EPHB2
PZ-128,F2R
FUROSEMIDE,CD68
TAFETINIB,DRD2
SEMAXANIB,DRD2
TERTIAPIN-Q,ASCL1
TORIPALIMAB,PDCD1
PSORA-4,ATP7B
LP533401,LTB4R
AZD8055,ETFB
COMPOUND 1O [PMID: 24210504],DRD4
ZANDELISIB,ETFB
BMS-777607,DRD4
CABOZANTINIB S-MALATE,DRD4
HT-0712,PDE4B
DCG-IV,GRM8
PCC0105003,ESR1
PEXMETINIB,CTNNB1
ULIXERTINIB,MAPK3
TP0556351,ACE
MARIMASTAT,DBP
EPOTHILONE D,TUBA4A
CGS-27023A,DBP
TP0556351,DBT
CM-352,DCC
UCSF3384,ANK3
ATICAPRANT,APOF
COMPOUND 27 [PMID: 35834807],F7
EGANELISIB,F7
RV6153,F7
TORIN 2,F2R
BMS-986141,F2RL3
APREMILAST,COL11A2
RO20-1724,COL11A2
QUIZARTINIB,DPP4
COMPOUND 5E [PMID: 28580438],DPP6
TANDUTINIB,DPP6
TAFETINIB,DPP6
DELAPRIL,ACE
PF-03882845,BDNF
HT1042,PSMB8
GSK690693,PRKG1
ALLOSTERIC MODULATOR 33 [PMID: 35878399],PRKG1
CIPEPOFOL,GABRA1
CIPEPOFOL,GABRA3
AROTINOID ACID,BCHE
DEXLOXIGLUMIDE,CCKAR
ZETELETINIB,PTK2B
PUCOTENLIMAB,CD274
NEIHULIZUMAB,SELPLG
BMS-936559,CD274
CETRELIMAB,CD274
RIBOCICLIB,CDKN2A
FGFR INHIBITOR CPL304110,FGFR1
CETRELIMAB,FGFR2
AKT INHIBITOR MK2206,FGFR2
TINENGOTINIB,FGFR2
ZOTATIFIN,FGFR2
PENPULIMAB,PDCD1
ALPELISIB,FGFR3
VEMURAFENIB,FGFR2
BALICATIB,CTSK
PACRITINIB,JAK2
FEDRATINIB,JAK2
DACTOLISIB,PIK3CA
DOXORUBICIN HYDROCHLORIDE,PIK3CA
INFIGRATINIB,PIK3CA
TORIPALIMAB-TPZI,PIK3CA
LETROZOLE,RB1
ABIRATERONE ACETATE,TP53
P53-HDM2 INTERACTION INHIBITOR MI-773,TP53
GEDATOLISIB,TP53
TILARGININE,NOS2
OTAMIXABAN,F10
APRUTUMAB IXADOTIN,TUBB4A
FGFR INHIBITOR DEBIO 1347,FGFR2
ALFIMEPRASE,FGB
AMY-101,C3
"INSULIN [INJECTION], BIPHASIC",INSR
"INSULIN, ISOPHANE",INSR
PLONMARLIMAB,CSF2
ORILANOLIMAB,FCGRT
"INSULIN HUMAN, ISOPHANE",INSR
LINCOMYCIN,RPSA
JOSAMYCIN,RPSA
TALAZOPARIB,BRCA2
TALAZOPARIB,ATM
MK-0752,APH1A
SORAFENIB,KDR
DOVITINIB,FGFR2
OMIPALISIB,PIK3CG
CP55940,CNR1
CHEMBL:CHEMBL408563,TP53
CLOCORTOLONE,NFE2L2
CHEMBL:CHEMBL211670,APEX1
CLOMIPRAMINE HYDROCHLORIDE,AR
CHEMBL:CHEMBL533226,TP53
STREPTONIGRIN,ATM
CHEMBL:CHEMBL599255,ADAM17
CARFILZOMIB,PSMC4
CARFILZOMIB,PSMD4
DESMETHOXYYANGONIN,SMN2
SCLEROTIORIN,ATXN2
JNJ-7706621,TYK2
PF-562271,MET
CHEMBL:CHEMBL533074,TARDBP
TYRPHOSTIN 23,JAK2
CHEMBL:CHEMBL1287983,ATXN2
5'-GUANIDINONALTRINDOLE,EHMT2
DEMETHYLENCECALIN,HPGD
PF-562271,CDK5
STROPHANTHIDIN ACETATE,SMAD3
HYDROQUINONE,NFKB1
CHEMBL:CHEMBL1529609,HSD17B10
GW843682X,KDR
FLUMEQUINE,EHMT2
PRULIFLOXACIN,AR
AMSACRINE HYDROCHLORIDE,GMNN
COLCHICINE,CYP2D6
BROMETHALIN,NFE2L2
FENTICLOR,HSP90AA1
CHEMBL:CHEMBL1415851,TARDBP
CYC-116,BLK
CHEMBL:CHEMBL584442,MAPT
ATROPINE,CHRM1
MITOXANTRONE HYDROCHLORIDE,POLB
CADMIUM DICHLORIDE,APEX1
DAIDZEIN,ESR1
TYRPHOSTIN AG 879,EHMT2
IC261,CSNK1D
CENISERTIB,PDGFRB
BAY 61-3606,GSK3B
TYRPHOSTIN A9,HSD17B10
N-OLEOYLDOPAMINE,DRD1
ROCURONIUM BROMIDE,AR
LEUPROLIDE ACETATE,CYP2D6
VITAMIN B2,BRCA1
ONONIN,BRCA1
CHEMBL:CHEMBL1256813,VDR
ZONISAMIDE,AQP4
ETOFENAMATE,CYP1A2
(S)-ROSCOVITINE,CYP1A2
VITAMIN K3,EHMT2
ZIRAM,HSD17B10
CHEMBL:CHEMBL599255,ALDH1A1
CHEMBL:CHEMBL428789,NFKB1
BUTACLAMOL,MTOR
BROMODICHLOROACETIC ACID,NFE2L2
EUPAROTIN ACETATE,NFE2L2
CHEMBL:CHEMBL526763,FEN1
GARCINONE E,POLB
DICOFOL,AR
CHEMBL:CHEMBL1946014,AR
CAFFEIC ACID PHENETHYL ESTER,SMN2
TOZASERTIB,PKN2
OXIDOPAMINE HYDROCHLORIDE,TDP1
SOLOMONSTEROL A,NR1I2
CHEMBL:CHEMBL428789,CASP3
STROPHANTHIDIN ACETATE,NFE2L2
CHEMBL:CHEMBL584458,POLB
INAMRINONE,ALDH1A1
ETHAMSYLATE,HSD17B10
BISACODYL,AR
MASOPROCOL,ESR1
BRIMONIDINE,VDR
GENISTEIN,NR1H4
LIOTHYRONINE SODIUM,POLB
MIBEFRADIL,CYP2D6
PSORA-4,TSHR
BENZOXATHIAN,DRD1
CHLORPROPAMIDE,CYP1A2
FASUDIL,RPS6KB1
OCTAVERINE,AR
CHEMBL:CHEMBL591404,EHMT2
HYDROGEN PEROXIDE,PTPRC
CIPROFLOXACIN,HSD17B10
AMLEXANOX,NFE2L2
CHEMBL:CHEMBL408653,TP53
PYRROLIDINE DITHIOCARBAMATE,CYP1A2
CHEMBL:CHEMBL1358137,EGFR
OXYCARBOXIN,THRB
ETOPOSIDE,GMNN
CHEMBL:CHEMBL1567571,MAPT
TOZASERTIB,MAP2K1
CHEMBL:CHEMBL2316602,CTSK
CHEMBL:CHEMBL533226,GMNN
BUFURALOL,ADRB1
BENZO[E]PYRENE,NFE2L2
IPRIFLAVONE,STAT1
CHEMBL:CHEMBL1287895,NQO2
CHEMBL:CHEMBL1997335,MAPK14
FENOLDOPAM MESYLATE,WRN
DEOXIEPINEPHRINE,FEN1
CHEMBL:CHEMBL582287,EHMT2
CHEMBL:CHEMBL1330352,SMN1
SB 204070,CYP1A2
LARGAZOLE,E2F1
BAY 11-7082,RGS4
PD 174265,EGFR
RESVERATROL,SMN2
EXEMESTANE,NFE2L2
SANGUINARIUM,STAT6
CHEMBL:CHEMBL84010,SMAD3
CIPROFLOXACIN,CYP2D6
OXYQUINOLINE,AR
2-HYDROXYESTRADIOL,EHMT2
RETINYL ACETATE,HSD17B10
DIGOXIN,RGS4
CHEMBL:CHEMBL422942,TP53
CHEMBL:CHEMBL599255,HSP90AA1
GW459057A,SRC
RESMETHRIN,NFE2L2
DESLORATADINE,PPARD
FLUORESCEIN DIACETATE,HTT
SOFALCONE,KAT2A
FLAVONE,NFE2L2
KAEMPHEROL,CYP1A2
PHENOLPHTHALEIN,NR1H4
MURABUTIDE,NOD2
TYRPHOSTIN A9,VDR
KOPARIN,VDR
EUPAFOLIN,GAA
CHEMBL:CHEMBL1814509,MAPK1
CHEMBL:CHEMBL601137,EHMT2
METHADONE HYDROCHLORIDE,CYP2B6
FLUTOLANIL,AR
L-NOREPINEPHRINE,APEX1
BAY 11-7082,VDR
SHIKONIN,KAT2A
CHEMBL:CHEMBL1341830,ALOX15
INAMRINONE,USP1
CENISERTIB,ERBB4
CENISERTIB,MAP4K4
TYRPHOSTIN 23,MAPT
CENISERTIB,INSR
CHEMBL:CHEMBL1374568,GMNN
TRICHLOROMONOFLUOROMETHANE,AR
CHEMBL:CHEMBL1997335,DYRK1A
E324,NFE2L2
DOCONEXENT,VDR
MEPANIPYRIM,AR
TOZASERTIB,MARK2
CHEMBL:CHEMBL535051,PLK1
CHEMBL:CHEMBL2062869,STAT3
RONNEL,NFE2L2
FERBAM,RXRA
CHEMBL:CHEMBL578502,HTT
MASOPROCOL,HPGD
METHACYCLINE HYDROCHLORIDE,FEN1
CHEMBL:CHEMBL275177,EHMT2
CHEMBL:CHEMBL581880,GMNN
CHEMBL:CHEMBL546797,CAMK2A
CHEMBL:CHEMBL338115,CYP1A2
EUPAROTIN ACETATE,GMNN
CHEMBL:CHEMBL84010,MAPK1
CETYLPYRIDINIUM BROMIDE,USP1
PHOSMET,MAPT
THIORIDAZINE,TP53
TOZASERTIB,PAK4
CHEMBL:CHEMBL221721,SMN1
GENISTEIN,AHR
TYRPHOSTIN AG 879,HIF1A
"5,7-DIHYDROXYISOFLAVONE",HSD17B10
SORAFENIB,GMNN
CENISERTIB,CAMK2G
TINORIDINE,EHMT2
BAY-11-7085,VDR
CHEMBL:CHEMBL546797,JAK2
MINOCYCLINE,CYP2D6
PF-562271,CDK1
CHEMBL:CHEMBL1341830,ALDH1A1
CHEMBL:CHEMBL1358137,CYP2D6
BITHIONOL,HTT
LINIFANIB,SRC
IPRATROPIUM CATION,CYP2D6
HYDRAMETHYLNON,NR1H4
CHEMBL:CHEMBL1795737,TUBB4B
BERKELEYAMIDE B,CASP1
NORSTICTIC ACID,VDR
SULFAPHENAZOLE,HSD17B10
AZELNIDIPINE,AR
CLORINDIONE,EHMT2
CHEMBL:CHEMBL601140,TP53
FLAVOXATE,CYP2D6
ISOLIQUIRITIGENIN,JUN
CHEMBL:CHEMBL585591,HNF4A
DORLIMOMAB ARITOX,RPS8
CHEMBL:CHEMBL1170485,GMNN
CETYLPYRIDINIUM CHLORIDE,AR
CHEMBL:CHEMBL81782,APEX1
N-HISTIDYL-2-AMINONAPHTHALENE (BETANA),SMN2
M-CSF,BAX
[3H]L365260,CCKBR
BLISIBIMOD,TNFSF13B
TRIFLOXYSTROBIN,TP53
MIRDAMETINIB,MAP2K2
CHEMBL:CHEMBL177809,TP53
QUIZARTINIB,RET
VEGFC,DRD3
SUNITINIB,PDGFRA
CLOFOCTOL,TP53
"3,5-DIPHENYLISOXAZOLE",NPC1
JNJ-7706621,MAP2K2
IODOPHENPROPIT,CYP1A2
LEBRIKIZUMAB,IL13
XL-228,FYN
TAXIFOLIN,FEN1
ETOXAZOLE,NFE2L2
GLUCAGON (RDNA),LIPA
ALTENUSIN,MAPT
MESOTRIONE,NFE2L2
PONATINIB,FGFR1
LARGAZOLE,TUBB4A
CILASTATIN,DPEP1
DOXORUBICIN HYDROCHLORIDE,XIAP
(+)-EPITAXIFOLIN,NFKB1
LINIFANIB,LYN
BITHIONOL,MAPT
METFORMIN,BDNF
CHEMBL:CHEMBL1310138,ALDH1A1
Z-WEHD-FMK,DBH
4-CHLOROMERCURIBENZOIC ACID,ALDH1A1
CHEMBL:CHEMBL1256740,CYP2D6
OSIMERTINIB,EGFR
BUPARLISIB,PIK3CD
NEFAZODONE,CYP2D6
CHEMBL:CHEMBL1956069,CDK4
PAZOPANIB,KDR
ARX-788,TUBA4A
GOSSYPETIN,MAPT
NVP-TAE684,SYK
2-CHLORO-5-NITRO-N-PHENYLBENZAMIDE,NFE2L2
CHEMBL:CHEMBL154580,VDR
CHEMBL:CHEMBL578741,THRB
CENISERTIB,CDK7
&BETA;-FNA,APOF
TOLPERISONE HYDROCHLORIDE,NFE2L2
ESLICARBAZEPINE,SCN9A
AUROTHIOGLUCOSE,TXNRD1
IRL 2500,USP1
BILIRUBIN,HSD17B10
BIMATOPROST,PTGER1
TEDATIOXETINE,SLC6A4
ADENOSINE TRIPHOSPHATE,BIRC2
CABOZANTINIB S-MALATE,MET
PEGINTERFERON ALFA-2A,VHL
CHLORPROTHIXENE,HTR2A
STREPTOMYCIN SULFATE,RPSA
NVP-TAE684,EGFR
"(3Z)-N,N-DIMETHYL-2-OXO-3-(4,5,6,7-TETRAHYDRO-1H-INDOL-2-YLMETHYLIDENE)-2,3-DIHYDRO-1H-INDOLE-5-SULFONAMIDE",SMN2
FLURANDRENOLIDE,PLA2G4A
XILIERTINIB,FKBP1AP3
DAPHNETIN,EHMT2
ANTISERUM,ACO1
DOVITINIB,FLT4
BORTEZOMIB,PSMD2
CHEMBL:CHEMBL581880,SMAD3
TUXOBERTINIB,DXO
MEASLES VACCINE,HLA-DQA1
CHEMBL:CHEMBL600572,SMAD3
LY379268,ANPEP
CENISERTIB,BLK
BERGAMOTTIN,TSHR
DIFFERENTIATION INDUCER,HSPB1
ORAL CONTRACEPTIVE,LEP
PF-562271,PRKCG
PERIFOSINE,PIK3CA
COPANLISIB,PIK3CA
PROROXAN HYDROCHLORIDE,EHMT2
VALSARTAN,AGTR1
DIETHYLSTILBESTROL,ESRRB
NALUZOTAN,HTR1A
ESMOLOL,ADRB1
BROMOCRIPTINE MESYLATE,DRD2
ENTOLIMOD,TLR5
CLOPIDOGREL,F2R
CHLORAMBUCIL,TP53
CHEMBL:CHEMBL184450,NR3C1
VARGATEF,PDGFRB
AZATHIOPRINE,ABCC1
ROSUVASTATIN,ABCA1
ANTIDEPRESSANT AGENT,CRHR1
CLIOQUINOL,MAPK1
DIMETHYL FUMARATE,GSTP1
BENZETHONIUM CHLORIDE,TARDBP
LEUCOVORIN CALCIUM,EGFR
CHLORMETHIAZOLE,GABRG3
"3,4-DICHLOROISOCOUMARIN",MTOR
PHOSPHONOACETIC ACID,EHMT2
CHEMBL:CHEMBL505670,TSHR
SOTULETINIB,DPP6
COMPOUND 38 [PMID: 20817473],STK4
CARNOSIC ACID,ALDH1A1
PF-04852946,APOC1
BA2+,ASCL1
ALOE-EMODIN,ESR1
FRENTIZOLE,RELA
TAMSULOSIN HYDROCHLORIDE,CYP2D6
ADO-TRASTUZUMAB EMTANSINE,ERBB2
GOSSYPETIN,VDR
AFATINIB,EGFR
GUTHION,ESR1
CHEMBL:CHEMBL585656,ATXN2
ACP-001,GHR
PRASINEZUMAB,SNCA
UBLITUXIMAB,MS4A1
CHEMBL:CHEMBL505670,MAPK1
SORAFENIB,RAF1
THIOINOSINE,SMAD3
DONEPEZIL,ACHE
&BETA;3-TETRAPEPTIDE,AQP1
LIDOCAINE HYDROCHLORIDE,SCN9A
PILARALISIB,PIK3CB
DDR1/2 INHIBITOR 5N,DUSP1
SARILUMAB,IL6R
AZD6482,F7
GILTERITINIB,JAK2
BETA-SITOSTEROL,GSK3B
IDAZOXAN,NFE2L2
BIAPENEM,AR
CHEMBL:CHEMBL582099,HSP90AA1
CHEMBL:CHEMBL1079460,GMNN
GUGGULSTERONE,AR
ROMIDEPSIN,HDAC3
COMPOUND 82 [PMID: 21332118],F5
CHEMBL:CHEMBL601358,GMNN
MELPHALAN,ABL1
TROGLITAZONE,PIK3CG
SAQUINAVIR,NR1I2
SCRIPTAID,HDAC1
PONATINIB,FGFR1
ETOPOSIDE,SLC2A4
DOXORUBICIN HYDROCHLORIDE,PLG
DOXORUBICIN HYDROCHLORIDE,EHMT2
CHEMBL:CHEMBL1549738,VDR
BROMOCRIPTINE,FOS
CHEMBL:CHEMBL602718,RELA
"3-HYDROXY-3',4'-DIMETHOXYFLAVONE",HSD17B10
VS-5584,PIK3CA
DEPHOSTATIN,ALOX15
CHEMBL:CHEMBL1940084,RELA
SONOLISIB,PIK3R4
CARPROFEN,PTGS2
HER2-TARGETED LIPOSOMAL DOXORUBICIN HYDROCHLORIDE MM-302,ERBB2
TPX-0131,ALK
SULFOBROMOPHTHALEIN,SLCO1B3
ETOXAZOLE,PPARD
CRIZOTINIB,ALK
DIGOXIN,NR3C1
THIOPHANATE METHYL,HSD17B10
POLATUZUMAB VEDOTIN,BCL2
AM404,GAA
PROMETHAZINE HYDROCHLORIDE,CYP1A1
RECOMBINANT INTERFERON,IL18
DINOPROSTONE,PTGER2
3-[(3-(2-CARBOXYETHYL)-4-METHYLPYRROL-2-YL)METHYLENE]-2-INDOLINONE,DPYSL2
PF-04634817,CCR5
AFATINIB,EGFR
CLARITHROMYCIN,CYP1A2
ATHRAQUINONES A,MAPT
BMS-599626,EGFR
GALLIUM NITRATE,IL1B
INTERFERON ALFA-N3,IFNAR2
PP2,CDK5
GRAMICIDIN S,AR
URELUMAB,TNFRSF9
CHEMBL:CHEMBL581574,MAPT
PARAROSANILINE,NFE2L2
ATROPINE,CHRM3
HYDROCORTISONE BUTYRATE,ABCB1
WZ4003,EWSR1
INCOBOTULINUMTOXINA,SNAP25
CETUXIMAB,EGFR
DIMENHYDRINATE,HRH1
IRAMPANEL,SCN2A
CHEMBL:CHEMBL578741,USP1
FLUROGESTONE ACETATE,AR
ATORVASTATIN CALCIUM TRIHYDRATE,PLAT
GALIXIMAB,CD80
FIRATEGRAST,ITGA4
"5,7-DIHYDROXYISOFLAVONE",ALOX12
GEDATOLISIB,PIK3CG
CISPLATIN,FGFR3
CIXUTUMUMAB,IGF1R
METFORMIN,CSMD1
EDICOTINIB,CSF1R
MW01,ELANE
LY379268,SLC25A4
PEGINTERFERON ALFA-2A,IFNAR2
METHIOTHEPIN MESYLATE,RAD52
SILIDIANIN,SLCO1B3
SULFASALAZINE,PTGS1
NANDROLONE DECANOATE,AR
MIVAVOTINIB,FKBP1AP4
CAPTAN,HSD17B10
FENTANYL CITRATE,CALCA
SLAZINIC ACID,VDR
BTI-410,REG3A
PROTHIOFOS,VDR
HYDROCORTISONE BUTYRATE,AGT
DACTINOMYCIN,BGLAP
LEVONORGESTREL,BDNF
2-CHLORO-5-NITRO-N-PHENYLBENZAMIDE,CYP1A2
AZACITIDINE,AR
QUAZINONE,CYP1A2
ACETAMINOPHEN,HLA-DQB1
STANOLONE,AR
PRIMIDONE,GABRG3
NECITUMUMAB,EGFR
CUDC-101,HDAC6
ZOTEPINE,ALDH2
4-PHENYLBUTYRIC ACID,BCL2
NECITUMUMAB,EGFR
NVP-TAE684,FGFR3
EBASTINE,HRH1
PRRP-(24-31) (HUMAN),APOA4
CARBAMAZEPINE,PSORS1C3
CHEMBL:CHEMBL67535,POLB
SB220025,MAPK9
PEGINTERFERON ALFA-2B,IFNA2
CHEMBL:CHEMBL269105,NR1H4
CAPSAZEPINE,HSD17B10
MITOXANTRONE HYDROCHLORIDE,WRN
5-HYDROXYTRYPTAMINE,SERPINA3
RAMUCIRUMAB,PDGFRA
INAMRINONE,HSD17B10
TRIDIHEXETHYL CHLORIDE,CHRM3
DOVITINIB,FLT4
TIVANTINIB,MET
GOSSYPETIN,HPGD
ATHRAQUINONES A,FEN1
LISDEXAMFETAMINE DIMESYLATE,ADRA1A
RESVERATROL,MAPK14
BETA-CCM,CYP1A2
ZIDOVUDINE,CYP1A2
BROMOXYNIL,PPARA
ILOPERIDONE,DRD2
BRADYKININ,BDKRB2
NIMODIPINE,ABCB1
MESTRANOL,GGT1
CURCUMIN,VDR
ETODOLAC,PTGS1
AC55649,RGS4
CATECHOL,HPGD
GAMMA-FAGARINE,BRCA1
CRIZOTINIB,ALK
CIGLITAZONE,PPARA
CAFFEINE,ADORA2A
CHEMBL:CHEMBL480356,AKT1
LITHIUM,HTR2A
PF-04457845,FAAH
NIFEDIPINE,CYP1A2
DISULFIRAM,NFKB1
OCTOTROPINE METHYLBROMIDE,CHRM3
TASURGRATINIB,FGFR2
ROSUVASTATIN,CETP
FLUFENACET,AR
GENISTEIN,PLG
ANTI-CD47 MONOCLONAL ANTIBODY CC-90002,CD47
[3H]MUSCIMOL,ARR3
[ILE5]PTHRP-(1-36) (HUMAN),XIAP
NALTREXONE,ADH1C
RHEIN,APEX1
DOCETAXEL ANHYDROUS,TP53
AMILOMOTIDE,APP
ROMIDEPSIN,HDAC8
NECA,ABAT
NERATINIB,DXO
BRILLIANT GREEN OXALATE,CYP1A2
GEFAPIXANT,P2RX3
PAZOPANIB,KDR
TERIPARATIDE ACETATE,PTH1R
PROPYLENE GLYCOL MONOSTEARATE,EHMT2
DUPILUMAB,IL4R
TRAMETINIB DIMETHYL SULFOXIDE,ALK
BOMEDEMSTAT,TP53
CHEMBL:CHEMBL314639,MAPT
OXIGLUTATIONE,GSR
TEPOTINIB HYDROCHLORIDE,MET
MITIGLINIDE,ABCC8
PF-04995274,NAT1
DS21360717,ENG
TRYPTOPHAN,ERCC8
SUNITINIB,FLT4
TOLMETIN SODIUM,HPGD
VIDUPIPRANT,PTGDR
CHEMBL:CHEMBL242171,TP53
CHLORPROTHIXENE,DRD3
ANACETRAPIB,CETP
PYRIDABEN,NR2F2
CHEMBL:CHEMBL579105,MAPT
DURVALUMAB,EGFR
CHEMBL:CHEMBL581929,CYP1A2
RO5508887,BACE1
DEPHOSTATIN,APEX1
HYDROCORTISONE BUTYRATE,ABCB1
PONATINIB,FGFR2
ANTIESTROGEN,NTRK1
ECHOTHIOPHATE IODIDE,BCHE
CHEMBL:CHEMBL592124,SMAD3
CHEMBL:CHEMBL1079460,NFE2L2
ABEMACICLIB,CDK4
CABOZANTINIB S-MALATE,ABL1
TAZEMETOSTAT,EZH2
BORTEZOMIB,FGFR3
"3,5-DIIODO-L-TYROSINE",ALDH1A1
PRAMLINTIDE,TP53
ATROPINE,CHRM3
TRANDOLAPRIL,ACE
RETEPLASE,PLG
CLIDINIUM,CHRM1
OXPRENOLOL HYDROCHLORIDE,ADRB1
FLUVOXAMINE MALEATE,SLC6A4
CHOLINE FENOFIBRATE,PPARA
MISOPROSTOL,PTGER3
DOXYCYCLINE CALCIUM,MMP8
BOSENTAN ANHYDROUS,EDNRA
NICOTINE POLACRILEX,CHRNB2
BRENTUXIMAB VEDOTIN,TUBB4B
ORPHENADRINE CITRATE,GRIN2B
ORPHENADRINE CITRATE,GRIN3B
ORPHENADRINE CITRATE,GRIN2A
CAFFEINE,ADORA2A
CAFFEINE,ADORA3
ADENOSINE,ADORA2A
CARFILZOMIB,PSMD7
METHAMPHETAMINE,SLC6A4
ESZOPICLONE,GABRG3
ESZOPICLONE,GABRA1
TRICLOFOS SODIUM,GABRA1
TOPIRAMATE,GABRG3
BEPRIDIL HYDROCHLORIDE,CACNG4
RILUZOLE,SCN7A
PRILOCAINE,SCN7A
MERETHOXYLLINE PROCAINE,SCN2A
OLANZAPINE PAMOATE,DRD4
OLANZAPINE PAMOATE,DRD2
LOXAPINE HYDROCHLORIDE,DRD3
DALFAMPRIDINE,KCNC4
ISOTRETINOIN,RARG
CARIPRAZINE HYDROCHLORIDE,DRD2
BMS-698769,MET
CUDC-101,ERBB2
CUDC-101,HDAC4
SELONSERTIB,MAP3K5
ALTIRATINIB,MET
OMIPALISIB,PIK3R1
DS-3078A,MTOR
GSK-1059615,PIK3CB
RECILISIB,PIK3CA
RECILISIB,PIK3CG
VS-5584,PIK3R1
TAK-733,MAP2K2
WX-037,PIK3CA
XL-228,ABL1
WX-037,PIK3CD
SAD448,CNR2
ORDOPIDINE,DRD2
BUPARLISIB,PIK3CG
BUPARLISIB,PIK3CB
BUPARLISIB,PIK3CD
LUCITANIB,KDR
LUCITANIB,FGFR1
CC-401,MAPK9
CC-401,MAPK8
ACALISIB,PIK3CD
DECERNOTINIB,JAK3
AZD2066,GRM5
ANATIBANT,BDKRB2
DABUZALGRON,ADRA1A
S-237648,NPY5R
ENRASENTAN,EDNRA
TEBANICLINE TOSYLATE,CHRNB2
VIDUPIPRANT,PTGDR
SARACATINIB,ABL1
SARACATINIB,SRC
MIDOSTAURIN,PRKCD
APADENOSON,ADORA2A
DARUSENTAN,EDNRB
GAVILIMOMAB,BSG
AFELIMOMAB,TNF
GABOXADOL,GABRA1
TETRACAINE,SCN9A
TETRACAINE,SCN2A
TEDISAMIL,KCNS3
TELBERMIN,KDR
VARESPLADIB METHYL,PLA2G2A
SAGOPILONE,TUBB4A
IBALIZUMAB,CD4
ZONAMPANEL,GRIA1
ENOKIZUMAB,IL9
BAMINERCEPT ALFA,LTA
TADOCIZUMAB,ITGB3
DAPIROLIZUMAB PEGOL,CD40LG
BUTAMBEN PICRATE,TRPA1
FLUNITRAZEPAM,GABRA3
PROGLUMIDE,CCKBR
RIMONABANT,CNR1
IMGATUZUMAB,EGFR
MOTEXAFIN GADOLINIUM,TXNRD1
DEXKETOPROFEN,PTGS1
MINAPRINE HYDROCHLORIDE,ACHE
AVP-21D9,PRDX1
PLOZALIZUMAB,CCR2
BRONTICTUZUMAB,NOTCH1
AMIODARONE HYDROCHLORIDE,CYP2D6
GLESATINIB,FLT4
AMIFAMPRIDINE,KCNH7
TISAGENLECLEUCEL,CD19
EPHEDRINE,ADRA2A
DROTAVERIN,PDE4B
EPHEDRINE,ADRB3
EPHEDRINE,ADRB1
CHEMBL:CHEMBL274921,MAPT
CHEMBL:CHEMBL598477,POLB
HYDROQUINONE,EHMT2
ROCACETRAPIB,CETP
CAPRAVIRINE,ERVW-4
TRAMIPROSATE,APP
CAMIDANLUMAB TESIRINE,IL2RA
TRANIMILAST,PDE4B
CHLORANIL,ESR1
PSORA-4,CYP2D6
ATALUREN,RPL6
RESVERATROL,ESR1
CHEMBL:CHEMBL1836411,TLR2
DONANEMAB,APP
S-1360,ERVW-4
GUSACITINIB,JAK3
FOLIGLURAX,GRM4
S-777469,CNR2
TILARGININE ACETATE,NOS2
TILARGININE ACETATE,NOS1
ISPINESIB,KIF11
PROCATEROL,ADRB2
PAMIPARIB,PARP2
AGS-16C3F,TUBA4A
BELNACASAN,CASP1
BEMIPARIN,F10
IZOKIBEP,IL17A
REPINOTAN,HTR1A
EPHEDRINE HYDROCHLORIDE,ADRB3
BIVATUZUMAB MERTANSINE,TUBB4A
EZUTROMID,UTRN
CS-1003,PDCD1
UNASNEMAB,RGMA
EFTILAGIMOD ALPHA,LAG3
MEQUITAZINE,HRH1
QUISOVALIMAB,TNFSF14
XYLOMETAZOLINE,ADRA2A
XYLOMETAZOLINE,ADRA1A
PEMETREXED TROMETHAMINE,GART
VELIPARIB,BRCA2
CISPLATIN,BCL2
PALBOCICLIB,CCND3
PERPHENAZINE,DRD1
RITUXIMAB,ERBB2
TEMSIROLIMUS,PIK3CA
AMG-900,MYC
SELUMETINIB,NF1
(2S)-1-(1H-INDOL-3-YL)-3-{[5-(3-METHYL-1H-INDAZOL-5-YL)PYRIDIN-3-YL]OXY}PROPAN-2-AMINE,ATXN2
RONICICLIB,MYC
4-METHOXYDALBERGIONE,TP53
ABEMACICLIB,CDK4
ENMD-2076,FGFR2
SUNITINIB,PDGFRA
LUTEOLIN,NFKB1
CHLOROTHALONIL,MAPK1
CHEMBL:CHEMBL458094,GMNN
CHEMBL:CHEMBL590927,HSP90AA1
CHEMBL:CHEMBL1522984,TP53
GLUTAMIC ACID HYDROCHLORIDE,EHMT2
CHEMBL:CHEMBL591137,HTT
METHYLDOPA (RACEMIC),POLB
PI-CLONIDINE,CYP2D6
TOZASERTIB,ABL1
MEGESTROL ACETATE,NFE2L2
JWH015,TSHR
FR-122047,HSD17B10
CETRIMONIUM BROMIDE,USP1
CHEMBL:CHEMBL329673,HIF1A
GOSSYPOL,USP1
MITOXANTRONE,FEN1
GR 127935,SMAD3
CHEMBL:CHEMBL592363,NFE2L2
MITOXANTRONE,ARSA
ISOTHYMONIN,ALDH1A1
PAPAVERINE,EHMT2
CHEMBL:CHEMBL1331995,POLB
GR 127935,EHMT2
APOMORPHINE HYDROCHLORIDE HEMIHYDRATE,GAA
DOXORUBICIN HYDROCHLORIDE,FANCD2
TICRYNAFEN,CYP2D6
CHEMBL:CHEMBL1306524,GMNN
CHEMBL:CHEMBL1553566,TARDBP
CHEMBL:CHEMBL461193,GMNN
[3H]L365260,CCKBR
DIPHENHYDRAMINE HYDROCHLORIDE,MAPK1
PHANQUONE,USP1
GSK-269962A,MARK2
CARBOPLATIN,HSD17B10
OXYBUTYNIN,CYP2D6
EPIGALLOCATECHIN-3-GALLATE,AR
BW723C86,MTOR
DAUNORUBICIN HYDROCHLORIDE,USP1
NIFEDIPINE,RGS4
ELTROMBOPAG,SLCO1B3
CHEMBL:CHEMBL589924,POLB
PD-0166285,KDR
GISENOSIDE RK1,SIRT1
CHEMBL:CHEMBL583824,RAD52
CHEMBL:CHEMBL579742,EHMT2
CHEMBL:CHEMBL1522984,NPC1
CHEMBL:CHEMBL124006,APEX1
DOVITINIB,RET
SOTRASTAURIN,JAK3
PAPAVERINE,NFE2L2
PD-168393,EGFR
BUTYLPARABEN,CYP1A2
DOXORUBICIN HYDROCHLORIDE,THRB
DOXORUBICIN HYDROCHLORIDE,SMAD3
DIETHYLSTILBESTROL,CYP2D6
PROTRIPTYLINE,HSD17B10
CHEMBL:CHEMBL225513,HSD17B10
CHEMBL:CHEMBL1902074,SMAD3
AVOBENZONE,TDP1
CHEMBL:CHEMBL1390716,MAPT
TRICLOCARBAN,RXRA
CHEMBL:CHEMBL578890,MAPT
(S)-MEXILETINE,NFKB1
GOSSYPETIN,ALDH1A1
TROPOLONE,AR
FLUSILAZOLE,NR1H4
LUTEOLIN,POLB
CHEMBL:CHEMBL600336,ESR2
PD-0166285,NTRK1
LAUROGUADINE,JAK3
VALPROIC ACID,CYP1A2
CHEMBL:CHEMBL533954,GMNN
SPICLOMAZINE,CYP1A2
CHEMBL:CHEMBL601167,PTPN22
MALATHION,HSD17B10
PHENYLMERCURIC ACETATE,NR3C1
FLUFENOXURON,AR
PIPOBROMAN,NFE2L2
CHEMBL:CHEMBL329673,AHR
GUGGULSTERONE,ESR1
CHEMBL:CHEMBL67535,MAPT
VALPROIC ACID,HDAC9
VALPROIC ACID,HDAC8
FENDILINE HYDROCHLORIDE,GMNN
BIOCHANIN A,MAPK1
SLAZINIC ACID,PLK1
PURPUROGALLIN,TNNT2
CHEMBL:CHEMBL122701,HSD17B10
YANGONIN,CXCL8
GUTHION,HSD17B10
ANCITABINE HYDROCHLORIDE,NFE2L2
RO-281675,GCK
FANDOSENTAN POTASSIUM,AR
GOSSYPOL,BCL2L1
CHEMBL:CHEMBL184450,TP53
ZIPRASIDONE,EHMT2
NIMESULIDE,TDP1
SP-600125,CSNK1G3
MLN-8054,BLK
MEBENDAZOLE,GMNN
CINNAMTANNIN B1,SRC
DEPHOSTATIN,FEN1
ETONOGESTREL,AR
TACRINE,CYP2D6
NVP-TAE684,JAK2
NVP-TAE684,ABL1
SARCOLYSIN,EHMT2
PAZOPANIB,AR
MK-886,HSD17B10
THIOACETAZONE,AR
PD-0166285,CSF1R
MERCURIC CHLORIDE,ALDH1A1
"3-HYDROXY-3',4'-DIMETHOXYFLAVONE",KAT2A
PROROXAN HYDROCHLORIDE,ALDH1A1
QUERCETAGETIN,RELA
TRYPTANTHRIN,HTT
4-CHLOROMERCURIBENZOIC ACID,FEN1
GUTHION,ALDH1A1
THIOTEPA,VDR
CHEMBL:CHEMBL1333049,NPC1
CODEINE ANHYDROUS,ABCB1
ALCLOFENAC,AR
HYCANTHONE,RAD54L
PIPERONYL BUTOXIDE,ALDH1A1
DIPYRITHIONE,HTT
ACITRETIN,PLK1
CANRENONE,NFE2L2
PYRACLOSTROBIN,THRB
OUABAIN,GMNN
CHEMBL:CHEMBL1453126,FEN1
SP-600125,TYK2
FENOLDOPAM MESYLATE,EHMT2
DAUNORUBICIN HYDROCHLORIDE,FEN1
HYMECROMONE,HSD17B10
NOREPINEPHRINE,APEX1
DACTINOMYCIN,VDR
CHEMBL:CHEMBL382194,ADORA3
GERALDOL,ALOX15
CLENBUTEROL,ADRB2
CHEMBL:CHEMBL1256191,DRD1
DANTROLENE,CYP1A2
HYDRALAZINE,SMN1
"N-[6-(4-CHLOROPHENYL)-7-(2,4-DICHLOROPHENYL)-2,2-DIMETHYL-3,4-DIHYDRO-2H-PYRANO[2,3-B]PYRIDINE-4-YL]-4,4,4-TRIFLUORO-3-HYDROXYBUTANAMIDE (DIASTEREOMERIC MIX)",CNR2
TRIFLUSAL,HSD17B10
ESTRAMUSTINE,USP1
EPIGALLOCATECHIN-3-GALLATE,DYRK1A
CISPLATIN,RGS4
ACACETIN,SMAD3
PAZOPANIB,MAP4K4
ERGONOVINE,AR
CHEMBL:CHEMBL1527,WRN
CHEMBL:CHEMBL398765,SMN1
MIANSERIN HYDROCHLORIDE,EHMT2
DIHYDROXANTHOHUMOL,NFE2L2
CHLOROTHALONIL,MAPT
(RS)-ROSCOVITINE,CSNK1D
SLAZINIC ACID,MAPT
VINBLASTINE,GMNN
MITOXANTRONE,SMAD3
CHEMBL:CHEMBL1390716,AGTR1
AMAUROMINE,CNR1
NVP-TAE684,MAP4K4
PHENMEDIPHAM,NFE2L2
BENOXACOR,AR
PIROXICAM-BETA-CYCLODEXTRIN,CYP2D6
HYMECROMONE,AR
CHEMBL:CHEMBL2171117,PTGS2
SB-415286,VDR
LAURYL ISOQUINOLINIUM,HTT
SB220025,ERBB4
BENSERAZIDE,EHMT2
CAPTAMINE,VDR
AC55649,KAT2A
ASPIRIN,PLK1
CHEMBL:CHEMBL156075,ALDH1A1
CHEMBL:CHEMBL1451216,POLB
LANSOPRAZOLE,EHMT2
ALFUZOSIN,HSD17B10
METAPHIT METHANESULFONATE,EHMT2
MK-2206,SMAD3
ERBSTATIN,MAPT
CHEMBL:CHEMBL565893,VDR
PAZOPANIB,FYN
SELEGILINE,MAOB
BW373U86,HPGD
MALATHION,VDR
CHEMBL:CHEMBL590184,NPC1
BERBERINE CHLORIDE,MAPT
CHLOROTHALONIL,SMAD3
NSC-663284,MAPT
SOTRASTAURIN,GSK3B
PHLORETIN,NFE2L2
PYRIDOSTIGMINE,CYP1A2
TPCK,RGS4
PHLORETIN,ARSA
CHEMBL:CHEMBL582722,SMAD3
ALPROSTADIL,CYP2D6
VANITIOLIDE,PLK1
LOPINAVIR,NFE2L2
CHEMBL:CHEMBL578741,POLB
NBQX,MAPT
9-AMINOCAMPTOTHECIN,POLB
DEMECLOCYCLINE HYDROCHLORIDE,POLB
LACTOFEN,PPARA
CHEMBL:CHEMBL1402376,GMNN
CHEMBL:CHEMBL1241268,TP53
SALINAZID,AR
CHLORQUINALDOL,AR
SHIKONIN,MAPT
THIMEROSAL,ALOX15
CYCLOSPORINE,JAK1
UNOPROSTONE ISOPROPYL,AR
CHLORANIL,HPGD
DITHIAZANINE IODIDE,AR
BROMOENOL LACTONE,RGS4
ICILIN,EHMT2
FLUFENACET,NFE2L2
CEPHAPIRIN SODIUM,POLB
CHLOROTHALONIL,TP53
CHEMBL:CHEMBL578741,APEX1
"LIPOIC ACID, ALPHA",EHMT2
DIHYDROXANTHOHUMOL,MAPT
CHEMBL:CHEMBL1519374,ATM
CHEMBL:CHEMBL531269,HSD17B10
EPINEPHRINE BITARTRATE,EHMT2
AMARANTH,EHMT2
CHEMBL:CHEMBL600778,TARDBP
PERHEXILINE MALEATE,ATXN2
CAMBINOL,TSHR
SKIMMIANINE,HSD17B10
CHEMBL:CHEMBL601618,MAPT
BENSERAZIDE,VDR
THIMEROSAL,CASP6
BP 897,DRD1
FLUPIRTINE,CYP2D6
ISOXSUPRINE,CYP1A2
REL-CISAPRIDE,CYP1A2
MITOXANTRONE,ATXN2
CLOSANTEL,USP1
PD-0166285,PTK2
BERBERINE CHLORIDE,KCNJ11
4-(BENZHYDRYLOXY)-1-[3-(1H-TETRAAZOL-5-YL)PROPYL]PIPERIDINE,HPGDS
4-CHLOROMERCURIBENZOIC ACID,AR
TRICLOCARBAN,PPARD
ALSTERPAULLONE,FGFR1
CHEMBL:CHEMBL123904,CYP2D6
PROSTAGLANDIN A2,HPGD
CHEMBL:CHEMBL580421,GAPDH
PHENYLMERCURIC ACETATE,USP1
TANESPIMYCIN,AR
ISOPROTERENOL,HIF1A
TBBT,NFE2L2
DOXORUBICIN HYDROCHLORIDE,HSP90AA1
ANANDAMIDE,FAAH
CHEMBL:CHEMBL329673,TP53
URSOLIC ACID,PPARA
GUTHION,MAPK1
ALITRETINOIN,RARA
ALSTERPAULLONE,MARK2
CATECHOL,ALDH1A1
LAUROGUADINE,CDK1
CHEMBL:CHEMBL457504,EHMT2
CHEMBL:CHEMBL494668,FEN1
CHEMBL:CHEMBL585502,EHMT2
CAPTAN,GMNN
PROTRIPTYLINE,NFKB1
AMBAZONE,AR
CHEMBL:CHEMBL578636,NPC1
ELLIPTECINE,GAA
4-CHLOROMERCURIBENZOIC ACID,PLK1
CHEMBL:CHEMBL1367933,RAD52
PROPYLENE GLYCOL MONOSTEARATE,MAPT
CHLORQUINALDOL,GMNN
CHEMBL:CHEMBL606167,CYP1A2
CHEMBL:CHEMBL579028,ALDH1A1
TYRPHOSTIN 47,HPGD
GESTODENE,AR
HYPEROSIDE,EHMT2
ALSTERPAULLONE,RPS6KB1
CHEMBL:CHEMBL17201,ATXN2
LUTEOLIN,HSD17B10
ASPIRIN,KAT2A
XANTHINE AMINE CONGENER,EHMT2
TANESPIMYCIN,MTOR
NVP-TAE684,MET
CLOFENOXYDE,VDR
4-CHLOROMERCURIBENZOIC ACID,VDR
4-PHENYLENEDIAMINE,MAPT
DISULFIRAM,ADRB2
MEVASTATIN,AR
CHEMBL:CHEMBL305695,VDR
TYRPHOSTIN 47,HSD17B10
CHEMBL:CHEMBL310871,ELANE
CHEMBL:CHEMBL601970,NFE2L2
THIETHYLPERAZINE MALATE,RAD52
NOREPINEPHRINE,VDR
PP2,PDGFRB
URSOLIC ACID,HDAC4
DOVITINIB,PAK4
WEDELOLACTONE,THRB
PHENYLMERCURIC ACETATE,PPARD
NIMESULIDE,EHMT2
HYMECROMONE,HSPB1
AZACITIDINE,NFE2L2
MK-886,KAT2A
ELLIPTECINE,CYP1A2
ACEBUTOLOL,ADRB1
BERBERINE CHLORIDE,AR
DIETHYLSTILBESTROL,GMNN
VINCRISTINE SULFATE,GMNN
AMBAZONE,USP1
ACETOCHLOR,ESR1
SP-600125,RET
CHEMBL:CHEMBL124006,RAD52
DNQX,HPGD
CAMBINOL,RGS4
THONZONIUM BROMIDE,NFE2L2
SODIUM AZIDE,ALDH1A1
AG 490,HSPA5
5-(N-METHYL-N-ISOBUTYL)AMILORIDE,CYP2D6
DACTHAL,NFE2L2
SP-600125,FLT4
TRANSPLATIN,KAT2A
4'-METHOXYFLAVONE,NLRP3
PENTETIC ACID,GMNN
CHEMBL:CHEMBL405914,TP53
PD-0166285,LRRK2
DISULFIRAM,HSD17B10
ESTRAMUSTINE,TDP1
CHEMBL:CHEMBL1431115,NPC1
SOTRASTAURIN,CAMK2A
CARNOSIC ACID,VDR
GUAIAZULENE,EHMT2
STANOLONE,NR3C1
EPIRUBICIN HYDROCHLORIDE,WRN
IOFETAMINE HYDROCHLORIDE,APEX1
CINACALCET,GMNN
"LIPOIC ACID, ALPHA",KAT2A
CHEMBL:CHEMBL580421,CASP1
"DIHYDRO-12-HYDROXY-2,2-DIMETHYL-2H,6H-PYRANO[3,2-B]XANTHEN-6-ONE",ABCB1
DOVITINIB,ALK
CHEMBL:CHEMBL19954,POLB
FRENTIZOLE,NFKB2
DEPHOSTATIN,MAPT
CHEMBL:CHEMBL578741,ARSA
METHACHOLINE CHLORIDE,NFE2L2
VANOXERINE,PPARD
TERPYRIDINE,CCR1
CHEMBL:CHEMBL1363249,GMNN
TETRANITROMETHANE,NFE2L2
CETRIMIDE,HTT
EFLORNITHINE,EHMT2
EPIGALLOCATECHIN-3-GALLATE,APEX1
DOVITINIB,PRKAA1
BENZETHONIUM CHLORIDE,TP53
IPILIMUMAB,HLA-A
CHEMBL:CHEMBL585591,FEN1
OSPEMIFENE,CYP2B6
METOPROLOL,CYP2D6
NIVOLUMAB,ALK
PROMETHAZINE HYDROCHLORIDE,EHMT2
MASITINIB,FGFR1
RABEPRAZOLE,FGFR1
CHEMBL:CHEMBL578061,FGFR1
TIVANTINIB,MET
MIDOSTAURIN,PDGFRA
COPANLISIB,PIK3C3
COPANLISIB,PIK3CA
BUPARLISIB,PIK3CG
BUPARLISIB,PIK3CB
PICTILISIB,PIK3R1
PICTILISIB,PIK3C3
PILARALISIB,PIK3CG
PILARALISIB,PIK3CB
AXITINIB,FLT4
LINIFANIB,FLT4
IPATASERTIB,AKT1
GEDATOLISIB,PIK3CD
MIRDAMETINIB,MAP2K6
CHEMBL:CHEMBL578061,PRKCD
SUNITINIB,FLT4
AFATINIB,EGFR
MIRDAMETINIB,MAP2K2
LIOTHYRONINE,CYP2D6
CHEMBL:CHEMBL546797,RET
SANGUINARIUM,CYP1A2
6-HYDROXYMELATONIN,ARSA
DASATINIB ANHYDROUS,ABL1
DACOMITINIB ANHYDROUS,ERBB4
GEFITINIB,EGFR
SUNITINIB,PDGFRA
DASATINIB ANHYDROUS,PDGFRB
AFATINIB,EGFR
TIVANTINIB,MET
INFIGRATINIB,FGFR1
GEFITINIB,ERBB2
BROMOCRIPTINE,ABCB1
COBALT,A2M
DEXTROMETHORPHAN POLISTIREX,ABCB1
DACTINOMYCIN,AFP
CYCLOSPORINE,AGT
SODIUM CHLORIDE,AGTR1
TYROSINE KINASE INHIBITOR,AGTR1
IDOXIFENE,AGTR1
ATORVASTATIN CALCIUM TRIHYDRATE,AGTR1
THERAPEUTIC HORMONE,AMH
THERAPEUTIC GLUCOCORTICOID,ANXA1
AMPHOTERICIN B LIPOSOMAL,APP
NEVIRAPINE,APOB
TROGLITAZONE,APOE
DAUNORUBICIN LIPOSOMAL,APP
ETOPOSIDE,BCL2
PROTEASE INHIBITOR,BCL2
DOXORUBICIN HYDROCHLORIDE,BDNF
METYROSINE,BDNF
GLUCAGON (RDNA),BDNF
EPOETIN ALFA,BDNF
PTHRP,BGLAP
ATORVASTATIN CALCIUM TRIHYDRATE,BGLAP
PARATHION,ALDH1A1
CHEMBL:CHEMBL577851,EHMT2
IROFULVEN,BRCA1
PHYTOESTROGEN,BRCA1
DOXORUBICIN HYDROCHLORIDE,CAST
STREPTOZOCIN,CDKN1B
AMINOGLUTETHIMIDE,CYP19A1
PHYTOESTROGEN,CYP19A1
IRBESARTAN,CYP1A2
PICEATANNOL,CYP1A2
PHENOBARBITAL,CYP1A2
THERAPEUTIC HORMONE,CYP27A1
GENISTEIN,CYP2B6
TYROSINE KINASE INHIBITOR,CYP2B6
DACTINOMYCIN,DDIT3
CHEMBL:CHEMBL598477,APEX1
PENTACHLORONITROBENZENE,NFE2L2
RESVERATROL,DIABLO
TRAIL,DIABLO
CELECOXIB,EDN1
AG 1295,NPC1
ANTICONVULSANT AGENT,EPHX1
IL-3,EIF2AK2
LEVOTHYROXINE,F9
AZATHIOPRINE,F9
HYDROCORTISONE BUTYRATE,F9
RECOMBINANT INTERFERON,FCGR1A
RECOMBINANT FLT3 LIGAND,FCGR3A
CETUXIMAB,FCGR3A
CYCLOSPORINE,FCGR3A
RECOMBINANT HUMAN STEM CELL FACTOR,FCGR3A
H2O2,GFAP
NONSTEROIDAL ANTIINFLAMMATORY DRUG,GGT1
SODIUM CHLORIDE,GRIA1
OXALIPLATIN,GSTP1
IL-12,IL17A
ACITRETIN,IL1B
ANTIVIRAL AGENT,IL18
ALTEPLASE,IL1B
DIETHYLSTILBESTROL DIPHOSPHATE,IL2
GENISTEIN,IL1R1
TICARCILLIN,IL2
PYRIMETHAMINE,IL2
DECITABINE,IL2RA
ASPIRIN,ITGA2B
CYTARABINE,ITGAV
LYMPHOKINE-ACTIVATED KILLER CELLS,ITGB2
RETINYL ACETATE,IVL
HYDROCORTISONE BUTYRATE,JAG1
TAK-715,ALK
(S)-ROSCOVITINE,CYP2D6
PHENAZOPYRIDINE HYDROCHLORIDE,MAPT
CHRYSANTHEMUM MORIFOLIUM/GANODERMA LUCIDUM/GLYCYRRHIZA GLABRA/ISATIS INDIGOTICA/PANAX PSEUDOGINSENG/RABDOSIA RUBESCENS/SCUTELLARIA BAICALENSIS/SERONA REPENS SUPPLEMENT,KLK3
PROGESTIN,KLK3
COLESTIPOL HYDROCHLORIDE,LDLR
DOXIFLURIDINE,MAPK1
COBALT,MAPK14
"1,4-BENZOQUINONE",MAPK1
ARGIPRESSIN,MAPK14
CADMIUM DICHLORIDE,HPGD
COBALT,MMP1
CHEMBL:CHEMBL43078,EHMT2
THERAPEUTIC HORMONE,MT1H
IL-9,MYC
ACETAMINOPHEN,NQO1
IV FLUID,NPPA
OPIATE,NOS2
TYROSINE KINASE INHIBITOR,NOS2
ARGIPRESSIN,NPPC
ALTEPLASE,NRG1
DACTINOMYCIN,NRG1
EPOETIN ALFA,NT5E
GENISTEIN,NRG1
DOXORUBICIN HYDROCHLORIDE,PIK3CG
ALDESLEUKIN,PIK3CG
GP-120 ANTIGEN,PIK3CG
PICEATANNOL,PIK3CG
FGF-1,PIK3CG
BORTEZOMIB,PIK3CG
ZOLEDRONIC ACID ANHYDROUS,PLAU
PICIBANIL,PLG
ADENOSINE DEAMINASE INHIBITOR,PRKAA1
EPOETIN ALFA,PTPRC
SOY PROTEIN ISOLATE,RARA
SODIUM CHLORIDE,REG3A
"DALBERGIONE, 4-METHOXY-4'-HYDROXY-",MAPT
DOXORUBICIN HYDROCHLORIDE,RPSA
ORAL CONTRACEPTIVE,SERPINE1
CURCUMIN,SLC2A4
METYROSINE,SLC6A3
TROGLITAZONE,SLC2A4
PENICILLAMINE,SLC2A4
STREPTOZOCIN,SLC2A4
TRIBUTYLTIN-OXIDE,VDR
DOXORUBICIN HYDROCHLORIDE,SRC
ESTRONE SULFATE,STS
CHLORANIL,ALOX15
ALDESLEUKIN,STAT4
THERAPEUTIC GLUCOCORTICOID,STAT6
ETOPOSIDE,TBP
ENPIROLINE,ATXN2
ETOPOSIDE,TGFB1
RETINYL ACETATE,TGM2
LEVOTHYROXINE,THBD
CURCUMIN,THBD
BUTYLATED HYDROXYTOLUENE,CYP1A2
RITUXIMAB,ERBB2
RITUXIMAB,ERBB2
TYRPHOSTIN B48,SMN2
ALECTINIB,ALK
FULVESTRANT,PIK3CA
TALAZOPARIB,BRCA1
CHEMBL:CHEMBL546797,GSK3B
COPANLISIB,PIK3CA
PLATINUM,ERCC1
GRAMINE,HSD17B10
TROLEANDOMYCIN,NR1I2
DOXAZOSIN MESYLATE,ADRA2A
METHOXAMINE,ADRA1A
MEASLES VACCINE,TLR3
KOPARIN,HSD17B10
TAMOXIFEN,FMO1
CHEMBL:CHEMBL582983,NFE2L2
IPRONIAZID SULFATE,VDR
WARFARIN,HNF4A
CYCLOSPORINE,ABCG2
ECADOTRIL,CYP1A2
WARFARIN,PRSS53
CHEMBL:CHEMBL260311,SMN2
CHENODEOXYCHOLIC ACID,NR1I2
PYRROLIDINE DITHIOCARBAMATE,HSD17B10
BACAMPICILLIN,HLA-A
DAPTOMYCIN,ABCB1
ELACRIDAR,ABCB1
ACETAMINOPHEN,ABCB1
QUINIDINE,ABCB1
TENIPOSIDE,ABCB1
SAQUINAVIR,ABCB1
CHEMBL:CHEMBL211670,THRB
CHEMBL:CHEMBL1256813,USP1
MENTHOFURAN,CYP1A2
PODOFILOX,GMNN
THERAPEUTIC CORTICOSTEROID,FKBP5
THERAPEUTIC CORTICOSTEROID,FCER2
CHEMBL:CHEMBL599098,TARDBP
GEFITINIB,ERBB4
"L-741,626",MTOR
CYCLOSPORINE,CALM1
E324,HSD17B10
VINCRISTINE,BCR
VINCRISTINE,CXCL12
BROMAZEPAM,CYP2D6
VILOXAZINE,CYP2D6
CEVIMELINE,CYP2D6
NALTREXONE,DBH
IRINOTECAN HYDROCHLORIDE,XRCC3
BUPROPION HYDROCHLORIDE,DBH
RESVERATROL,NFKB1
BEVACIZUMAB-AWWB,PRKCA
(2S)-1-(1H-INDOL-3-YL)-3-{[5-(3-METHYL-1H-INDAZOL-5-YL)PYRIDIN-3-YL]OXY}PROPAN-2-AMINE,SMAD3
METACETAMOL,CYP2E1
BOSUTINIB,CAMK2G
THALIDOMIDE,PPARD
CARBAMAZEPINE,CYP1A1
METHOTREXATE,CDH2
LENPERONE,GMNN
AMOXICILLIN ANHYDROUS,HLA-A
TIROFIBAN,ITGA2B
"5,7-DIHYDROXYISOFLAVONE",VDR
CEDIRANIB,FGFR3
MASOPROCOL,TP53
"3,7-DIMETHOXYFLAVONE",HSD17B10
CAFFEIC ACID PHENETHYL ESTER,HSD17B10
MOMETASONE,NFE2L2
IRINOTECAN HYDROCHLORIDE,BCHE
"3,4-DICHLOROISOCOUMARIN",CYP1A2
EDOXABAN,APOB
CHEMBL:CHEMBL591126,SMAD3
CAPIVASERTIB,PIK3CA
CHEMBL:CHEMBL584458,MAPT
LEUCOVORIN CALCIUM,SELE
DISULFIRAM,SLC6A3
CLOPIDOGREL,PTGS1
CICHORIC ACID,HSD17B10
CARBAMAZEPINE,POU5F1
METFORMIN,PRKAA2
GENISTEIN,NPC1
CARBAMAZEPINE,MLN
SIMVASTATIN,LIPC
CHEMBL:CHEMBL1504679,GMNN
CHEMBL:CHEMBL1287983,NFE2L2
WARFARIN,SLCO1B3
BRIVANIB,FGFR2
TOFISOPAM,AR
BUPROPION HYDROCHLORIDE,ACE
VADIMEZAN,KDR
AFATINIB,EGFR
D-TRYPTOPHAN,HTT
ESKETAMINE HYDROCHLORIDE,GRIN3A
ARRY-300,MAP2K2
EGAPTIVON PEGOL,VWF
ARSENIC TRIOXIDE,MAPK3
DERRUBONE,HPGD
ANTI-CD19 CAR T CELLS AT101,BAD
CHEMBL:CHEMBL546797,NTRK2
BEXAROTENE,RXRG
TAK-715,MAPK8
BGC201531,PTGER4
BEXAROTENE,RXRB
BEPOTASTINE BESILATE,HRH1
ULOCUPLUMAB,CXCR4
BIMATOPROST,PTGER3
CAPROSPINOL,APP
GW559768X,LYN
CIXUTUMUMAB,IGF1R
FINGOLIMOD,S1PR1
COLFORSIN,AR
LERDELIMUMAB,TGFB2
LGD-1550,RARG
SANGUINARIUM,HTT
LEVOCETIRIZINE,HRH1
TEDATIOXETINE,ADRA1A
5'-GUANIDINONALTRINDOLE,KAT2A
TABALUMAB,TNFSF13B
CRENEZUMAB,APP
MASITINIB,PDGFRB
CHEMBL:CHEMBL461193,SMAD3
MELOGLIPTIN,DPP4
EPICATECHIN GALLATE,HIF1A
UPAMOSTAT,PLAU
VITAMIN K3H2,PPARD
IODINE,ESR1
TYRPHOSTIN AG 555,JAK2
CHEMBL:CHEMBL530682,NFE2L2
ALPHA-TERTHIENYL,AR
XANTHOANGELOL B,CASP3
PENTOSAN POLYSULFATE,FGF2
PEGINTERFERON ALFA-2A,IFNAR1
MIFEPRISTONE,EHMT2
CHEMBL:CHEMBL233611,LDLR
PIXATIMOD,HPSE
DESVENLAFAXINE SUCCINATE,SLC6A4
PRIDOPIDINE,DRD2
SERTINDOLE,HTR6
SUNITINIB,KDR
SUNITINIB,FLT4
ANHYDROUS TACROLIMUS,FKBP1A
DEXMECAMYLAMINE,CHRNB2
TELATINIB,KDR
TEZAMPANEL,GRIA3
TELATINIB,PDGFRA
TESOFENSINE,SLC6A4
TEZAMPANEL,GRIA1
TOPIRAMATE,CA2
INDANTADOL,GRIN2A
OPORTUZUMAB MONATOX,EEF2
VAPITADINE,HRH1
FLUTICASONE FUROATE,NR3C1
VOLOCIXIMAB,ITGAV
CALCIPOTRIENE,VDR
CLORAZEPATE,GABRA3
CLORAZEPATE,GABRA1
COCAINE,SLC6A4
DICYCLOMINE HYDROCHLORIDE,CHRM1
DEBRISOQUIN,ADRA1D
FLURAZEPAM,GABRG3
FLUNARIZINE,HRH1
FLUOXYMESTERONE,AR
ISOFLURANE,KCNA1
ISOFLURANE,GABRA1
LISURIDE,DRD2
LISURIDE,HTR1A
METHARBITAL,CHRNA4
MECLIZINE,HRH1
MIANSERIN,HTR2A
NANDROLONE DECANOATE,AR
PARAMETHASONE,NR3C1
TRIDIHEXETHYL,CHRM1
DEBRISOQUIN,ADRA1D
DEXMEDETOMIDINE HYDROCHLORIDE,ADRA2A
DICLOFENAC SODIUM,PTGS2
EPOPROSTENOL,PTGIR
PYRROLIDINE DITHIOCARBAMATE,EHMT2
"1,4-DIMETHOXYANTHRAQUINONE",ERG
ETANERCEPT-SZZS,TNF
ESTAZOLAM,GABRA1
FLUNITRAZEPAM,GABRA3
FLUNITRAZEPAM,TSPO
TYRPHOSTIN AG 555,ALOX15
FLUTICASONE,NR3C1
IMATINIB,ABL1
"1,2-NAPHTHOQUINONE",EHMT2
INTERFERON ALFA-N3,IFNAR2
INTERFERON ALFACON-1,IFNAR2
DEXTROMETHORPHAN POLISTIREX,SIGMAR1
ERBSTATIN,ATXN2
METHARBITAL,CHRNA4
METHYLERGONOVINE,DRD1
ACITRETIN,RARA
CHEMBL:CHEMBL585795,GMNN
SECOBARBITAL,CHRNA4
ANHYDROUS TACROLIMUS,FKBP1A
BRIMONIDINE,EHMT2
U73122,EHMT2
DAIDZEIN,CYP1A2
CADMIUM DICHLORIDE,AR
TYRPHOSTIN A9,TP53
AJMALICINE,CYP2D6
CAFFEIC ACID PHENETHYL ESTER,TTR
CYC-116,DYRK1A
BEMARITUZUMAB,FGF2
CHEMBL:CHEMBL1503190,MAPT
ROEMERINE,CASP7
ANTI-HER2 ANTIBODY-DRUG CONJUGATE MEDI4276,ERBB2
PEPOSERTIB,PRKDC
INDOXIMOD PRODRUG NLG802,IDO1
OXIDOPAMINE HYDROCHLORIDE,KMT2A
BROMOCRIPTINE MESYLATE,AR
ZOLIGRATINIB,FGFR1
4-METHOXYDALBERGIONE,ALOX15
CHEMBL:CHEMBL591876,HSP90AA1
CHEMBL:CHEMBL582030,HTT
DAPANSUTRILE,NLRP3
CETYLPYRIDINIUM BROMIDE,HSP90AA1
PROMETHAZINE HYDROCHLORIDE,ATXN2
DIMERCAPROL,ALDH1A1
CEDIRANIB,CSF1R
OSAJIN,MAPT
TELAZORLIMAB,TNFRSF4
CERDULATINIB,JAK3
OXYCARBOXIN,NFE2L2
TELATINIB,KDR
FINERENONE,NR3C2
FLIBANSERIN,CYP2D6
MERCAPTOPURINE,TPMT
NEBIVOLOL HYDROCHLORIDE,CYP2D6
ICOTINIB,EGFR
GSK126,EZH2
INFIGRATINIB,FGFR2
PL37,MME
AZD8330,MAP2K1
NINTEDANIB ESYLATE,PDGFRA
TELATINIB,PDGFRB
TANDUTINIB,PDGFRA
INFIGRATINIB,PIK3CG
OBP-801,HDAC1
INFIGRATINIB,PIK3C3
INFIGRATINIB,PIK3R1
DEPATUXIZUMAB,EGFR
COBIMETINIB,MAP2K2
ASCRINVACUMAB,ACVRL1
FP-1039,FGFR1
AZD-6088,CHRM1
ANTIFUNGAL AGENT,ABCB1
GABAPENTIN,ABCB1
POLYESTRADIOL PHOSPHATE,AFP
FLUDARABINE,ADA
MEPIVACAINE HYDROCHLORIDE,XK
ANALGESIC AGENT,AFP
RAMIPRIL,ACE
THERAPEUTIC ANDROSTANOLONE,AGTR1
FLUOROMETHOLONE,NR3C1
TRIBUTYRIN,ANPEP
QUERCETIN,APOB
HEPARIN,APOB
DELPHINIDIN,KDR
CARMOTEROL,ADRB2
SOY PROTEIN ISOLATE,APOE
FENOFIBRATE MICRONIZED,APOB
VITAMIN E,APOE
TRAFERMIN,FGFR2
ARECOLINE,CHRM1
TCDD,ARNT
GOSSYPOL,AR
HERBIMYCIN A,BCR
GM-CSF,BGLAP
DIHYDROERGOTAMINE MESYLATE,DRD2
ORLISTAT,CNR1
ALBINTERFERON ALFA-2B,IFNA2
INTERFERON ALFACON-1,IFNAR2
CISPLATIN,BRCA1
EPINEPHRINE,ADRB1
TETRADECANOYLPHORBOL ACETATE,BRD2
"IBUPROFEN, SODIUM SALT",CXCL8
HALOPERIDOL DECANOATE,CAMK2G
PIPERINE,MAOA
THERAPEUTIC ANDROSTANOLONE,CAST
LY404039,GRM2
NARINGENIN,CYP19A1
OBATOCLAX,BCL2
ALITRETINOIN,CETP
AMPICILLIN (ANHYDROUS),CP
TEZAMPANEL,GRIK1
VITAMIN E,COL18A1
HEPARAN SULFATE,COL18A1
FLUTICASONE,CSF2
FBT-A05,MS4A1
LANSOPRAZOLE,CYP1A1
MM-151,ERBB3
ANTIFUNGAL AGENT,CYP19A1
PREP-001,CYP1A2
METHDILAZINE,HRH1
LACTOSE,CYP1A2
RIFAMPIN,CYP1B1
CARBAMAZEPINE,CYP2B6
RITONAVIR,CYP2B6
TIZANIDINE HYDROCHLORIDE,ADRA2A
ANTI-DIABETIC AGENT,CYP7B1
DEFEROXAMINE,DDIT3
FENRETINIDE,DDIT3
CEPHALOSTATIN,DIABLO
HALOPERIDOL DECANOATE,DLG4
ENALAPRIL MALEATE,DPP4
TCDD,DPP4
CAPTOPRIL,DPP4
AUTOLOGOUS ANTI-CD20 CAR TRANSDUCED CD4/CD8 ENRICHED T-CELLS MB-CART20.1,MS4A1
QUISINOSTAT,HDAC4
NERVE GROWTH FACTOR,E2F1
RICIN,EIF2AK2
VOSORITIDE,NPPC
RECOMBINANT TUMOR NECROSIS FACTOR-BETA,FASLG
TETRADECANOYLPHORBOL ACETATE,FCGR3A
BAFETINIB,ABL1
METHOXSALEN,FEN1
CAFFEINE,GFAP
RISPERIDONE,GHRL
HUMAN CHORIONIC GONADOTROPIN,GHRL
"INSULIN, REGULAR, HUMAN",GHRL
ETHINYL ESTRADIOL,GGT1
OFLOXACIN,GSR
IPRATROPIUM CATION,CHRM3
ENALAPRIL MALEATE,GSR
CISPLATIN,GSTP1
ALPHA-TOCOPHEROL,GSTP1
GARLIC,GSTP1
THERAPEUTIC ANDROGEN,GSTP1
SYNTHETIC HUMAN PAPILLOMAVIRUS 16 E6 PEPTIDE,IL18
BECLOMETHASONE,IL2
PHENYLEPHRINE,ITGAM
OXIDOPAMINE,ITGAM
PERILLYL ALCOHOL,IVL
FLUTAMIDE,KLK3
METHADONE HYDROCHLORIDE,LEP
HUMAN CHORIONIC GONADOTROPIN,MAPK1
"INSULIN, REGULAR, HUMAN",MBP
LAMIVUDINE,MMP1
FENTANYL CITRATE,MPO
CISPLATIN,MT1H
IL-6,NFE2L2
CAPTOPRIL,NOS2
DEXAMETHASONE,NRG1
LACTOSE,PIK3CG
LOVASTATIN,PIK3CG
LIF,PLAU
GARLIC,PLG
"INSULIN, REGULAR, HUMAN",REG1A
NERVE GROWTH FACTOR,RET
IL-6,RARA
TRIBUTYRIN,RARA
PHENOTHIAZINE,S100B
TCDD,SLC2A1
BETA-ADRENERGIC ANTAGONIST,SLC2A4
ESTRADIOL 3-BENZOATE,SLC2A4
OMAPATRILAT,SLC2A4
VALPROIC ACID,SST
THERAPEUTIC ANDROGEN,TAT
DEXAMETHASONE,TDO2
CREMOPHOR,TFPI
GALLIUM NITRATE,TGFB1
ADJUVANT,TLR4
CLADRIBINE,XIAP
CLADRIBINE,XIAP
TRIBUTYRIN,XRCC5
PALBOCICLIB,CDKN2A
COBIMETINIB,RAF1
ANISTREPLASE,PLG
BITOLTEROL,ADRB3
CETUXIMAB,EGFR
CLADRIBINE,ADA
"ESTROGENS, CONJUGATED (USP)",ESR2
DOMPERIDONE,DRD2
ILOPERIDONE,HTR2A
GALANTAMINE,ACHE
FLUOXYMESTERONE,AR
COBIMETINIB,NF1
PITAVASTATIN CALCIUM,HMGCR
HALOPERIDOL DECANOATE,DRD1
RETEPLASE,PLG
TENALISIB,PIK3CD
BIRABRESIB,BRD4
CIBINETIDE,EPO
CC-401,MAPK8
HALOPERIDOL DECANOATE,FAAH
ISPINESIB,KIF11
MANOALIDE,PLA2G1B
PALBOCICLIB,CDKN2A
PILARALISIB,PIK3CG
BUCINDOLOL HYDROCHLORIDE,ADRB1
ADALIMUMAB-ADBM,NR1I2
LUMIRACOXIB,HLA-DQB1
ZOTEPINE,A1BG
[3H]WAY100635,A1BG
RIZATRIPTAN BENZOATE,A2M
RU 24969,A2M
CLOMIPRAMINE,CACNG2
SARPOGRELATE,HTR2C
SB 216641,HTR2C
RS-102221,HTR2C
IDALOPIRDINE,HTR2C
TD-8954,NAT1
METERGOLINE,NAT2
COMPOUND 25 [PMID: 18068976],ADAM10
MOMELOTINIB,DNM2
GI254023X,ADAM10
RS-17053,ABCA4
INDORAMIN,ABCA4
DOXAZOSIN MESYLATE,ABCA4
LOFEXIDINE,ABL1
ZOTEPINE,AOC1
TOLAZOLINE,ABL2
DEHYDRATED ALCOHOL,ADH7
SCH442416,ABAT
ETRUMADENANT,ABCA1
PHYLLOLITORIN,ACAT1
BOMBESIN,ACAT1
COMPOUND 38 [PMID: 24000170],EFNA3
LYS-KALLIDIN,ASIC1
FR191413,BDKRB2
B-9958,ASIC1
[125I]HPP-HOE140,BDKRB2
NPC-567,BDKRB2
PMX205,ACACB
"EU-DTPA-[SER27, NLE70]HC5A",ACACB
LHVS,FOS
VMIP-III,CCR4
COMPOUND 2 [PMID: 22560567],EGR3
UCCF-029,CFTR
UCCF-339,CFTR
CAPSAICIN,CFTR
NS004,CFTR
SU9516,CDK4
(2R)-2-({9-(1-METHYLETHYL)-6-[(4-PYRIDIN-2-YLBENZYL)AMINO]-9H-PURIN-2-YL}AMINO)BUTAN-1-OL,EIF4E
SU9516,EIF4E
"(7S)-2-(2-AMINOPYRIMIDIN-4-YL)-7-(2-FLUOROETHYL)-1,5,6,7-TETRAHYDRO-4H-PYRROLO[3,2-C]PYRIDIN-4-ONE",EIF4G1
RIVICICLIB,EIF4G1
RISPERIDONE,ABCG2
VORUCICLIB,EIF4G1
CISPLATIN,PTEN
QUISQUALIC ACID,CCNH
LOXAPINE,ABCD1
FLUPENTHIXOL,ALDH1A1
NEMONAPRIDE,ALDH1A1
PROCHLORPERAZINE,ALDH2
ROTIGOTINE,ALDH2
U101958,ALDH2
IOX1,CXCR3
POZIOTINIB,DXO
MAVELERTINIB,DXO
OSIMERTINIB,DXO
RALIMETINIB,DXO
JBJ-04-125-02,DXO
XILIERTINIB,DXO
PP-121,DXO
(S)-ARN2508,CRMP1
ASP8477,CRP
OLAPARIB,ESR2
HM50316,FYN
INFIGRATINIB,DPYSL2
BLU-9931,DPYSL2
LINIFANIB,DRD1
BRIVANIB,DRD1
CHMFL-KIT-64,DRD3
RIPK1 INHIBITOR 22B,DRD3
ACALABRUTINIB,ENO2
BOSUTINIB,ENO2
FLUMAZENIL,GABRA1
TRIAZOLAM,GABRA1
MRK016,ARNT
ALPRAZOLAM,GABRA1
AMANTADINE HYDROCHLORIDE,GRIN2B
COMPOUND 6O [PMID: 19524438],AOAH
QUISINOSTAT,HDAC4
INTERFERON BETA-1B,HLA-DQA1
TMP269,HDAC4
MARTINOSTAT,HDAC4
MARTINOSTAT,GART
CELIPROLOL,ABCB1
VEMURAFENIB,ABCB1
PROSAPTIDE,ADARB1
ATENOLOL,ABCB1
DESIPRAMINE,ABCB1
NIL,NOS2
ITRACONAZOLE,ABCB1
ARN19702,NAAA
OMEPRAZOLE,ABCB1
ADENOSINE TRIPHOSPHATE,ITPR1
PYRAZINAMIDE,ABCB1
SJ988497,EPHB2
SPARFLOXACIN,ABCB1
LINIFANIB,DRD2
LAZERTINIB,DRD2
CP-547632,DRD2
HALOFANTRINE,BAD
CLOMIPRAMINE,RGS4
RELATLIMAB,GSK3B
CARBIDOPA ANHYDROUS,CNTFR
PEMIGATINIB,FGFR1
CPX,BIN1
ADALIMUMAB-ADBM,TLR9
RN-1,GEM
ANACARDIC ACID,GLI3
AFAMELANOTIDE,ANK1
GLESATINIB,DRD4
THIIC,ANPEP
OXYCODONE,MACROD2
ETANERCEPT-SZZS,TNFRSF1B
SR16835,APOF
BW373U86,APOF
ELUXADOLINE,APOF
SCH221510,APOF
UFP-505,APOF
LOPERAMIDE,APOF
ETANERCEPT-SZZS,PTTG1
ETANERCEPT-SZZS,ALPL
A-867744,ATF4
SAREDUTANT,AQP4
RO64-6198,APBA1
BIBP3226,ANXA1
ETANERCEPT-SZZS,IL10
DECYNIUM 22,CDK5
CARBOPLATIN,EGFR
PFIZER COMPOUND 11 [PMID:18445527],APBB2
PCA 4248,APLP2
PERTUSSIS VACCINE,TLR4
"AC-[13C,15N]PGP",SLC15A2
LYS[Z(NO2)]-LYS[Z(NO2)],SLC15A2
L-764406,CCND1
MESALAMINE,CCND1
AS-252424,F5
FESOTERODINE,CYP2D6
LENIOLISIB,F5
DUVELISIB,F5
COMPOUND 52 [PMID: 28541707],F5
PF-04691502,F5
RV1729,F5
AZD6482,PIK3CB
TGX-221,PIK3CB
VS-5584,PIK3CB
TENALISIB,F7
TGX-221,F7
TERBINAFINE,CYP2D6
TRIAMTERENE,SCNN1A
AZD1208,F10
QUININE,CYP2D6
FLUTICASONE,BDNF
BUDESONIDE,BDNF
FURIN INHIBITOR PEPTIDE,PCSK5
DIURETIC,PRKCA
PTHRP-(1-20)/TIP-(23-39) (HUMAN),XIAP
5-HYDROXYTRYPTAMINE,ERCC8
"[ILE5,TRP23]PTHRP-(3-36) (HUMAN)",XIAP
TGN4,CASP7
"SYNTHETIC CONJUGATED ESTROGENS, A",SERPINC1
BRIMONIDINE,ADRA2A
DACTINOMYCIN,MTHFR
"PAROXETINE HYDROCHLORIDE, HEMIHYDRATE",CD9
SIBUTRAMINE,CD9
DAPSONE,HLA-DRB1
CITALOPRAM,GRK5
BIM 23060,FASLG
BIM 23627,FAS
GSK1795091,TLR4
PHENPROCOUMON,EPHX1
DICUMAROL,GCK
ALITRETINOIN,GCK
PONATINIB,FGFR1
TAZEMETOSTAT,EZH2
REBASTINIB,PDGFRB
CABOZANTINIB S-MALATE,MET
ONARTUZUMAB,MET
NILOTINIB,ABL1
IMATINIB,ABL1
FULVESTRANT,PIK3CA
RITUXIMAB,PTEN
PONATINIB,PDGFRA
DOCETAXEL ANHYDROUS,STK11
DABRAFENIB,CDKN2A
PI3K/BET INHIBITOR LY294002,PTEN
QUARFLOXIN,BRCA1
DABRAFENIB,ATXN1L
CISPLATIN,PIK3CA
GEMTUZUMAB OZOGAMICIN,PML
CYCLOPHOSPHAMIDE ANHYDROUS,NOS1
MELOXICAM,PTGS2
CAPECITABINE,TP53
CETUXIMAB,EGFR
SIROLIMUS,EGFR
ASCIMINIB,ABL1
DASATINIB ANHYDROUS,ABL1
IMATINIB,ABL1
NILOTINIB,ABL1
TEMOZOLOMIDE,ALK
TRIFLUOPERAZINE,CYP1A2
TRICIRIBINE,CTNNB1
ROCURONIUM,IAPP
TRAMETINIB DIMETHYL SULFOXIDE,FGFR1
LUCITANIB,FGFR1
PONATINIB,FGFR2
PICTILISIB,FGFR2
PICTILISIB,FGFR3
GILTERITINIB,JAK3
SATRALIZUMAB,IL6R
RIGOSERTIB SODIUM,PIK3CA
CAPIVASERTIB,PIK3CA
FULVESTRANT,PIK3CA
PANULISIB,PTEN
AZD6482,PTEN
PICTILISIB,PTEN
CAPIVASERTIB,PTEN
GDC-0152,PTEN
FULVESTRANT,PTEN
NVP-AEW541,PTEN
COPANLISIB,PTEN
U0126,PTEN
SORAFENIB,PTEN
ONC201,PTEN
GSK2256098,PTEN
PICTILISIB,RB1
LY3295668,RB1
MYELOID CELL LEUKEMIA 1 INHIBITOR PRT1419,VHL
CLOMIPRAMINE,FKBP5
SARILUMAB,IL6R
ALFATRADIOL,ESR1
SELECTIVE ESTROGEN RECEPTOR MODULATOR,PIK3CA
TAMSULOSIN HYDROCHLORIDE,CYP2D6
PALBOCICLIB,ESR1
SELTOREXANT,APBB1
PROCAINAMIDE HYDROCHLORIDE,SCN7A
AZD-4877,KIF11
ZILTIVEKIMAB,IL6
CLOMIPRAMINE,CYP1A2
CICLESONIDE,AR
METHOTREXATE,CPT1A
FOLIC ACID,MTRR
PACLITAXEL,TRIM5
ASNUCICLIB,KMT2A
CYTARABINE,NOS3
APAZONE,PTGS2
PILARALISIB,PIK3CG
CALMIDAZOLIUM CHLORIDE,GMNN
CHEMBL:CHEMBL592124,GMNN
CYTOSPORONE B,NR4A1
CHEMBL:CHEMBL67535,HSPA5
CINACALCET,CASR
2MESAMP,BIRC2
TALAZOPARIB,BRCA1
CALMIDAZOLIUM CHLORIDE,HSP90AA1
ESKETAMINE HYDROCHLORIDE,GRIN2B
ZOLIGRATINIB,FGFR1
S-15535,A1BG
TACRINE HYDROCHLORIDE,BCHE
EPIGALLOCATECHIN-3-GALLATE,MET
LEVONORDEFRIN,HSD17B10
CHEMBL:CHEMBL533082,POLB
PHENOXYBENZAMINE,ADRA1A
NOREPINEPHRINE,ADRA2A
OBP-801,HDAC9
TISAGENLECLEUCEL,MS4A1
SR8185,FEN1
AZD9056,P2RX7
NBQX,VDR
KHELLIN,CYP1A2
NERATINIB,EN1
M-2698,FKBP2
ETOPOSIDE,GDF15
PLX-4720,PTEN
TARIQUIDAR,ABCB1
ACETAZOLAMIDE,CA2
UCB-1184197,ITGA4
ABACAVIR,ABCC1
ZAMPANOLIDE,TUBB4B
OXCARBAZEPINE,ABCB1
FLUOROMETHOLONE,PLA2G4A
PLB1003,ALK
ROSUVASTATIN,LDLR
REPAGLINIDE,KCNJ11
YM-244769,CD34
IMMUNOTHERAPY REGIMEN MKC-1106-MT,MLANA
NS-49,ABCA4
SILDENAFIL,VEGFA
RESVERATROL,PECAM1
ERLIZUMAB,ITGB2
LANIQUIDAR,ABCB1
FLUPHENAZINE HYDROCHLORIDE,CYP1A2
MAPK13-IN-1,CTNNB1
INCOBOTULINUMTOXINA,SNAP25
GP-120 ANTIGEN,CD34
SONEDENOSON,ADORA2A
IODINE I 124 GIRENTUXIMAB,CA9
CHEMBL:CHEMBL579045,RAD54L
SB 228357,CYP1A2
NIROGACESTAT,PSENEN
SEOCALCITOL,VDR
MONOMETHYL FUMARATE,ITGB2
DESIPRAMINE,SLC6A4
ANALGESIC AGENT,DBH
CT-1578,CSF1R
GUSACITINIB,SYK
ASCIMINIB,ABL1
TACRINE HYDROCHLORIDE,ACHE
BASIMGLURANT,GRM5
SP-600125,LYN
BROMOCRIPTINE,DRD1
CHEMBL:CHEMBL1489812,ALDH1A1
GSK-269962A,GSK3B
METOCLOPRAMIDE HYDROCHLORIDE,CYP2D6
IMATINIB,NTRK1
CHLORMEZANONE,TSPO
METIPRANOLOL HYDROCHLORIDE,ADRB1
CHEMBL:CHEMBL17201,GMNN
CHEMBL:CHEMBL452954,SMN1
ETHYLENEDIAMINE,ESR1
TENALISIB,F5
METHDILAZINE,HRH1
COBITOLIMOD,TLR9
CHEMBL:CHEMBL124006,NFE2L2
CATECHOL,HSD17B10
CHEMBL:CHEMBL547833,RAD52
4-PHENYLBUTYRIC ACID,HDAC4
DEHYDRATED ALCOHOL,CYP1A2
PI-103,PIK3R4
DERSALAZINE,PTAFR
ANTISERUM,CRH
SELUMETINIB,MAP2K1
CHEMBL:CHEMBL404505,HSD17B10
DOVITINIB,KDR
ABEXINOSTAT,HDAC4
GUANIDINE HYDROCHLORIDE,KCND3
SALICYLANILIDE,NFE2L2
GOSSYPOL,MTOR
ELBASVIR,IFNL3
GP-120 ANTIGEN,E2F1
TETRAZEPAM,GABRA3
TELATINIB,KDR
CHR-3996,HDAC3
BAZEDOXIFENE ACETATE,ESR1
DEXTROAMPHETAMINE SULFATE,SLC6A3
PEGYLATED RECOMBINANT HUMAN ARGINASE I BCT-100,ABL2
RIVIPANSEL,SELP
GLESATINIB,FLT4
CLIOQUINOL,HTT
FLUOROURACIL,BAX
VINCRISTINE,CAPG
DEPUDECIN,HDAC1
DIETHYLDITHIOCARBAMATE,GSTP1
METHAMPHETAMINE,ADRA2A
XL820,KDR
PRAZEPAM,GABRA3
INDORAMIN,ABCB7
HOMIDIUM BROMIDE,MAPT
GOSSYPOL,ESR1
XL418,AKT3
GTX-758,LHCGR
SERTINDOLE,HTR2C
CIRTUVIVINT,EML1
MAVOGLURANT,GRM5
CLAZAKIZUMAB,IL6
PP-121,DRD2
JNJ-46281222,ANPEP
CANDOXATRIL,MME
DEXAMETHASONE VALARATE,AR
LEVOCETIRIZINE,HRH1
ALISKIREN,REN
IZENCITINIB,EPHB2
DOXEPIN HYDROCHLORIDE,HRH1
CAPLACIZUMAB-YHDP,VWF
CHEMBL:CHEMBL47875,NPC1
DOXORUBICIN HYDROCHLORIDE,WRN
HYDROGEN PEROXIDE,XRCC5
THEOPHYLLINE,CYP2E1
SUCCINYLCHOLINE,SERPINC1
INSULIN SUSP PROTAMINE ZINC PURIFIED PORK,INSR
ANTI-CD19 CAR T-CELLS XLCART001,CD19
SPICLOMAZINE,GMNN
FOSTAMATINIB,SYK
INTERFERON ALFACON-1,IFNAR2
CHEMBL:CHEMBL1079460,EHMT2
NVP-TAE684,PRKCQ
AFATINIB,EGFR
PATRITUMAB,ERBB3
ABBV-744,BRD4
FR190997,BDKRB2
TOFACITINIB,JAK1
VACTOSERTIB,TGFB1
ALPROSTADIL,PTGER2
9-AMINOCAMPTOTHECIN,SMAD3
FLUTICASONE,NR3C1
MERCURIC CHLORIDE,USP1
SARACATINIB,SRC
H2O2,BDNF
AMEDIPLASE,PLG
INCB-047986,JAK1
MAVORIXAFOR,CXCR4
OLANZAPINE PAMOATE,HTR2A
DIPYRITHIONE,NFE2L2
CHEMBL:CHEMBL578883,FASN
CHEMBL:CHEMBL584452,RAD52
AMISULPRIDE,DRD2
WARFARIN,LRP1
BAFETINIB,ABL1
EP-217609,F10
MOTESANIB,KDR
BRIMAPITIDE,MAPK8
PEPINEMAB,SEMA4D
CARPROFEN,PTGS2
ANG1005,BCL2
SUPROFEN,PTGS2
HEPARIN CALCIUM,SERPINC1
SP-600125,MAPK9
MISOPROSTOL,PTGIR
SURAMIN,FSHR
IBIPINABANT,CNR1
TORSEMIDE,CYP1A2
DOXORUBICIN HYDROCHLORIDE,TP53
4-CHLOROMERCURIBENZOIC ACID,ALOX15
APRICOXIB,PTGS2
ANTI-ILT7 ANTIBODY,GRN
PROPAZINE,APEX1
MIRTAZAPINE,GAL
PEXMETINIB,ABL1
DOLASTATIN-10,TUBB4B
2-AMINOANTHRACENE,ALDH1A1
CHEMBL:CHEMBL473735,TP53
THERAPEUTIC HORMONE,BDNF
MULTIVITAMIN,MTHFR
GALIXIMAB,CD80
GABOXADOL,GABRA1
FARNESYL DIPHOSPHATE,ACVRL1
AMUVATINIB,RAD51
QUAZEPAM,GABRA1
CLOPIDOGREL,SLC14A2
URSOLIC ACID,HDAC6
CHEMBL:CHEMBL242171,HPGD
ATRASENTAN,EDNRA
BECAPLERMIN,PDGFRA
INTERFERON ALFA-2B,IFNAR1
NINTEDANIB ESYLATE,PDGFRA
MINIMISED INSL5 ANALOGUE 7,KLK3
QUINAPRIL,AGT
THIORIDAZINE,ATXN2
BROMPHENIRAMINE MALEATE,HRH1
PANOBINOSTAT,HDAC6
COMPOUND 3 [PMID: 23134120],ALDH1A1
CLOBAZAM,GABRA1
DAPIPRAZOLE,ABCA4
CLOBAZAM,GABRG3
A2P5P,APBB2
DAUNORUBICIN HYDROCHLORIDE,POLB
CORIFOLLITROPIN ALFA,FSHR
ESTROGEN,ESR1
GOLVATINIB,DRD4
CHEMBL:CHEMBL220845,HPGD
BUPARLISIB,PIK3CG
LEFLUNOMIDE,CYP1A2
EPHEDRINE,ALDH1A1
PEGDINETANIB,KDR
VALPROIC ACID,HDAC3
DESONIDE,ANXA1
CUDC-101,EGFR
OXYCODEGOL,APOF
CAPIVASERTIB,PTEN
TEROXIRONE,AR
CUDC-101,HDAC3
ORPHENADRINE CITRATE,GRIN1
SB269970,SERPINA3
BLISIBIMOD,TNFSF13B
PROTEIN KINASE A INHIBITOR,FOS
QUININE,THRB
FESOTERODINE,CHRM3
FG-2216,EGLN3
RITUXIMAB,ERBB2
CHEMBL:CHEMBL1256364,EHMT2
EXEMESTANE,CYP19A1
MIDODRINE,ADRA1A
PSEUDOEPHEDRINE,SLC6A4
CHEMBL:CHEMBL536375,MAPT
GRISEOFULVIN,AR
MELPHALAN,ABCC1
NIROGACESTAT,CTNNB1
FLUCYTOSINE,DPYD
DINACICLIB,CDK1
CURCUMIN,NFE2L2
PROMETHAZINE HYDROCHLORIDE,HRH1
ALVOCIDIB,CDK4
FRUQUINTINIB,FLT4
LEVOTHYROXINE,THRB
MESALAMINE,ALOX5
MESALAMINE,PTGS1
INDANTADOL,GRIN2B
H2O2,EIF4E
MESALAMINE,ALOX5
ANTISERUM,TGM2
ARZOXIFENE,ESR1
CHEMBL:CHEMBL1594640,ALDH1A1
SOMATROGON,GHR
PEMBROLIZUMAB,ALK
TOPIRAMATE,CA2
PEPCAN-12,CNR2
ROSIGLITAZONE,PPARG
MURAGLITAZAR,PPARA
NEOSTIGMINE,NFE2L2
CLOSANTEL,FEN1
NIVOLUMAB,EGFR
MOTESANIB,RET
ANTI-CD19 CAR T CELLS AT101,BCL2
PEFICITINIB,EPHB2
FORODESINE HYDROCHLORIDE,PNP
PHENETHYL ISOCYANATE,CYP2E1
DOVITINIB,MAP2K2
CARBAMAZEPINE,HSPA1A
OMEGA-CHLOROACETOPHENONE,NR3C1
ADIPIPLON,GABRG3
NF-KAPPAB DECOY,NFKB1
CERDULATINIB,JAK3
PSB-0739,APEX1
GSK-269962A,CDC7
GSK-269962A,RPS6KB1
CHEMBL:CHEMBL583150,EHMT2
SORAFENIB,KDR
SCH 58261,ABAT
NAPROXCINOD,CPT1B
ADIPIPLON,GABRA3
BATOCLIMAB,FCGRT
NIMOTUZUMAB,EGFR
OBETICHOLIC ACID,NR1H4
RISPERIDONE,ABCD1
METHANTHELINE,CYP2D6
PHYSOSTIGMINE,ALDH1A1
TEMSIROLIMUS,PIK3CA
CISPLATIN,MAPT
EMIBETUZUMAB,MET
PANOBINOSTAT LACTATE,HDAC8
PARECOXIB,PTGS2
EZATIOSTAT,GSTP1
BIM 23627,AQP1
SPERMINE,DRD1
IRINOTECAN HYDROCHLORIDE,UBE2I
PARICALCITOL,VDR
CHEMBL:CHEMBL549208,ATXN2
DYCLONINE HYDROCHLORIDE,SCN8A
OLOCROLIMUS,FKBP1A
CANTUZUMAB MERTANSINE,TUBA4A
TEMOZOLOMIDE,PRL
PHYSOSTIGMINE,ACHE
ISPINESIB,KIF11
ALFUZOSIN HYDROCHLORIDE,NFE2L2
"2-O, 3-O DESULFATED HEPARIN",SERPINC1
DEMECOLCINE,SGSM3
SEMZUVOLIMAB,CD4
IDRONOXIL,XIAP
KEPONE,NFE2L2
ESTETROL,ESR1
INGENOL MEBUTATE,PRKCA
METHYLHOMATROPINE,CHRM3
COMPOUND 108 [PMID: 37918435],NR4A2
CAPTAN,MAPK1
FLUNARIZINE,HRH1
4-PHENYLBUTYRIC ACID,HDAC8
DOVITINIB,CSNK1D
ILORASERTIB,SRC
EDICOTINIB,CSF1R
POSIPHEN,BACE2
IOX2,CXCR3
PONATINIB,FGFR2
CHEMBL:CHEMBL329673,NFE2L2
PALBOCICLIB,PAK4
ALDESLEUKIN,IL2RA
ISOFLUROPHATE,BCHE
135PAM1,APRT
CHEMBL:CHEMBL533602,EHMT2
CYCLOPENTYL PALMITATE,NAAA
PL37,ANPEP
SOTRASTAURIN,PRKCG
LULIZUMAB PEGOL,CD28
ARSENIC TRIOXIDE,MAPK1
BUDIODARONE,ADRB1
CLASCOTERONE,AR
PRIMIDONE,CHRNA7
GW501516,PPARD
VEGFC,DRD2
TREPROSTINIL,PTGIR
BIRABRESIB,BRD2
YOHIMBINE,EHMT2
OMEPRAZOLE,TNF
NAVARIXIN,CXCR2
AMILORIDE HYDROCHLORIDE,SCNN1A
SONOLISIB,PIK3CD
FLUPAROXAN,A1BG
CHEMBL:CHEMBL1451216,FEN1
GANETESPIB,HSP90AA1
CHEMBL:CHEMBL1522984,TARDBP
NIVOLUMAB,HLA-DRA
SUNITINIB,KDR
GEFITINIB,ERBB4
FLUNITRAZEPAM,GABRA3
SULFASALAZINE,ACAT1
EP-217609,F10
STRONTIUM RANELATE,CASR
ESTRADIOL VALERATE,CP
BETAINE HYDROCHLORIDE,EHMT2
TOPIRAMATE,SCN7A
SULFASALAZINE,PTGS2
DEFERASIROX,GC
SULFASALAZINE,PPARG
WARFARIN,DNMT3A
SORAFENIB,DPYSL2
PHYTOSTEROL,APOE
LETAXABAN,F10
AMPKINONE,STK11
DOMIPHEN BROMIDE,ESR1
NOREPINEPHRINE,ADRB1
TETRODOTOXIN,SCN9A
CP-547632,FGFR1
PANCURONIUM,CHRNA4
MOMELOTINIB,EPHB2
THERAPEUTIC HORMONE,ANPEP
CLIOQUINOL,SMAD3
ARANIDIPINE,AR
PHENMEDIPHAM,FAAH
GEDATOLISIB,PIK3CB
NAPROXCINOD,PTGS1
METHIMAZOLE,TPO
ROTIGOTINE,ALCAM
CEE321,EPHB2
LUTROPIN ALFA,LHCGR
ELEZANUMAB,RGMA
REVEGLUCOSIDASE ALFA,GAA
CHLOROQUINE,EHMT2
CHEMBL:CHEMBL1256995,EHMT2
BROMFENAC SODIUM,PTGS1
TESMILIFENE,ABCB1
RAPASTINEL,GRIN1
PP1,DXO
TUBASTATIN A,GART
RECOMBINANT INTERFERON ALFA,CXCL8
ETIDRONIC ACID,BGLAP
AZD8108,GRIN3A
AMINOGLUTETHIMIDE,CYP19A1
QUAZEPAM,GABRA3
QUISINOSTAT,MSTN
GUGGULSTERONE,NFE2L2
LIAROZOLE,CYP26A1
AZD1283,APEX1
XL-228,FRK
RUCAPARIB,PTEN
PHENTOLAMINE,SLC2A4
BUTYLPARABEN,NFE2L2
TILUDRONIC ACID,IL1B
CLOTIAZEPAM,GABRA3
SUNITINIB,KDR
HYDROGEN PEROXIDE,HTRA1
PROMETHAZINE HYDROCHLORIDE,PRL
ALTEPLASE,DES
CLOTIAZEPAM,GABRA1
DINACICLIB,CDK5
CABOZANTINIB S-MALATE,MET
DINACICLIB,CDK1
CYCRIMINE,CHRM1
TRIMEPRAZINE TARTRATE,HRH1
TRIPELENNAMINE CITRATE,HRH1
EPOETIN ALFA,EPOR
THIETHYLPERAZINE MALATE,DRD2
TRIMIPRAMINE MALEATE,HRH1
DESIPRAMINE,CHRM1
CARBIDOPA ANHYDROUS,DDC
GEFITINIB,EGFR
SULFASALAZINE,ALOX5
INSULIN ZINC SUSP EXTENDED PURIFIED BEEF,INSR
INSULIN SUSP ISOPHANE BEEF/PORK,INSR
INSULIN ZINC SUSP PURIFIED BEEF,INSR
ZIPRASIDONE,HTR2A
ZIPRASIDONE,HTR2A
TRIMIPRAMINE MALEATE,HTR2C
OLANZAPINE PAMOATE,HTR2C
DESOXYCORTICOSTERONE PIVALATE,NR3C2
BIMATOPROST,PTGFR
AMBENONIUM CHLORIDE,ACHE
PARAMETHASONE ACETATE,NR3C1
FLUTICASONE FUROATE,NR3C1
EPHEDRINE,ADRA1A
DESOXIMETASONE,NR3C1
GEMFIBROZIL,PPARA
FLUTICASONE,NR3C1
ABCIXIMAB,ITGB3
"ESTROGENS, ESTERIFIED (USP)",ESR1
INTERFERON ALFA-2B,IFNAR1
ISOCARBOXAZID,MAOB
TIZANIDINE HYDROCHLORIDE,ADRA2A
DICLOFENAC SODIUM,PTGS2
RAUWOLFIA SERPENTINA (USP),ADRA2A
PARGYLINE HYDROCHLORIDE,MAOA
PHENELZINE SULFATE,MAOB
NATEGLINIDE,KCNJ11
VERAPAMIL,CACNA1S
AMLODIPINE BESYLATE,CACNA1S
ABCIXIMAB,ITGAV
METHOTRIMEPRAZINE,CHRM2
LIOTHYRONINE SODIUM,THRA
RIVASTIGMINE TARTRATE,BCHE
BITOLTEROL MESYLATE,ADRB2
TESTOSTERONE ENANTHATE,AR
IPILIMUMAB,CTLA4
METHOTRIMEPRAZINE,CHRM3
FOSAMPRENAVIR,ERVW-4
RESCINNAMINE,SLC18A2
CARPROFEN,PTGS2
MIDAZOLAM HYDROCHLORIDE,GABRG3
ETRETINATE,RXRB
CLORAZEPATE DIPOTASSIUM,GABRA3
PENTOBARBITAL SODIUM,GRIK2
TALBUTAL,GABRA1
METHYPRYLON,GABRA3
THIAMYLAL,KCNJ11
TREPROSTINIL,P2RY12
CLOBAZAM,GABRA1
CLOBAZAM,GABRG3
DICUMAROL,VKORC1
DIETHYLPROPION,SLC6A3
INTERFERON ALFA-2B,IFNAR2
INTERFERON BETA-1B,IFNAR2
PEGINTERFERON ALFA-2A,IFNAR1
DACLIZUMAB,IL2RA
INTERFERON ALFA-N3,IFNAR1
PEGINTERFERON ALFA-2A,IFNAR2
PRIMIDONE,SCN9A
BAZEDOXIFENE ACETATE,ESR2
DICLOFENAC SODIUM,PTGS2
PALBOCICLIB,CDK6
BREXPIPRAZOLE,HTR2A
RITUXIMAB,CD38
ENMD-981693,FGFR2
4SC-203,KDR
CERDULATINIB,TYK2
ARRY-382,CSF1R
AZD5438,CDK7
AZD5438,CDK6
AZD5438,CDK20
MP-412,EGFR
M-2698,AKT3
RECILISIB,PIK3CD
VS-5584,PIK3CA
AZD8108,GRIN1
IRAMPANEL,GRIA1
FINERENONE,NR3C2
CLASCOTERONE,AR
INDEGLITAZAR,PPARD
INDEGLITAZAR,PPARG
EPINEPHRINE,ADRB2
INDEGLITAZAR,PPARA
DRF-10945,PPARA
SOTRASTAURIN,PRKCD
AEE-788,ERBB2
PEFICITINIB,JAK1
PODOFILOX,IGF1R
EPINASTINE,HRH1
JI-101,PDGFRB
R-112,SYK
SONOLISIB,PIK3CD
PG-760564,MAPK14
XL-281,RAF1
LY377604,ADRB1
TEDATIOXETINE,SLC6A4
TEDATIOXETINE,ADRA1A
CENICRIVIROC,CCR5
LY2624803,HRH1
EPHEDRINE,ADRA1A
ATAGABALIN,CACNG2
ETHYNODIOL DIACETATE,ESR1
ATAGABALIN,CACNA1A
SEOCALCITOL,VDR
IMIGLITAZAR,PPARA
DROLOXIFENE,ESR1
CANERTINIB DIHYDROCHLORIDE,EGFR
MIDOSTAURIN,PDGFRA
IMAGABALIN,CACNG4
BEVACIZUMAB 111IN,VEGFA
TEDISAMIL,KCNC3
EZATIOSTAT HYDROCHLORIDE,GSTP1
VARESPLADIB,PLA2G2A
TEZACITABINE,RRM2
ENTINOSTAT,HDAC3
ISTRADEFYLLINE,ADORA2A
NAPROXEN ETEMESIL,PTGS2
MIFAMURTIDE,NOD2
TALAZOPARIB,PARP1
CANNABIDIOL,CNR1
TRAFERMIN,FGFR2
ATRELEUTON,ALOX5
CANDESARTAN CILEXETIL,AGTR1
ARZOXIFENE,ESR1
ANRUKINZUMAB,IL13
ASELIZUMAB,SELL
BHQ-880,DKK1
METHAMPHETAMINE,ADRA1A
METHYPRYLON,GABRA1
BRAZIKUMAB,IL23A
BRAZIKUMAB,IL12B
METOPROLOL,ADRB1
ATINUMAB,RTN4
IBRITUMOMAB TIUXETAN,MS4A1
MINAPRINE HYDROCHLORIDE,DRD1
AGOMELATINE,HTR2C
NETARSUDIL DIMESYLATE,ROCK1
PREDNICARBATE,ANXA1
PROPIOMAZINE,HRH1
DORLIMOMAB ARITOX,RPSA
SAPRISARTAN,AGTR1
SPIRONOLACTONE,NR3C2
POLATUZUMAB VEDOTIN,TUBB4B
POLATUZUMAB VEDOTIN,TUBA4A
COPANLISIB,PIK3CA
NERATINIB MALEATE,EGFR
APABETALONE,BRD3
GFT14,PPARA
AFAMELANOTIDE ACETATE,MC1R
MICROPARTICLE MDP/BACTERIAL DNA-CONTAINING MIS416,TLR9
PEMAFIBRATE,PPARA
FADROZOLE HYDROCHLORIDE,CYP19A1
EPOETIN THETA,EPOR
LIPROTAMASE,AMY2A
RIPRETINIB,PDGFRA
TAFASITAMAB,CD19
PF-06263507,TUBB4A
PF-06263507,TUBB4B
CYCLOHEXIMIDE,RPS8
SINTILIMAB,PDCD1
CE-326597,CCKAR
ELEZANUMAB,RGMA
ELGEMTUMAB,ERBB3
TAK-653,GRIA4
SELGANTOLIMOD,TLR8
IANALUMAB,TNFRSF13C
TAVAPADON,DRD5
PARSACLISIB,PIK3CD
RUSERONTINIB,ABL1
TRILACICLIB DIHYDROCHLORIDE,CDK6
GLEMBATUMUMAB VEDOTIN,TUBB4A
MINAPRINE HYDROCHLORIDE,HTR2A
MINAPRINE HYDROCHLORIDE,HTR2C
EFEPOETIN ALFA,EPOR
TIBULIZUMAB,TNFSF13B
MK-0812,CCR2
T-900607,TUBA4A
TARLOXOTINIB,ERBB2
RIPASUDIL HYDROCHLORIDE DIHYDRATE,ROCK1
AL-12182,PTGFR
TIBULIZUMAB,IL17A
KN-026,ERBB2
MESDOPETAM,DRD3
NIROGACESTAT,PSEN1
MITAPIVAT SULFATE,PKLR
MITIGLINIDE,ABCC8
SOMATROGON,GHR
VALILTRAMIPROSATE,APP
HUPERZINE A,ACHE
DIMETHYLCURCUMIN,AR
MOBOCERTINIB SUCCINATE,EGFR
IDRONOXIL,CASP3
VANDETANIB,EGFR
ZSTK474,PIK3CB
IDRONOXIL,XIAP
ANTI-ERBB3 MONOCLONAL ANTIBODY REGN1400,ERBB3
NILOTINIB,ABL1
SENKTIDE,ITGA4
CHEMBL:CHEMBL581574,SMAD3
HALCINONIDE,NFE2L2
CMX-2043,MET
CATECHOL,NR3C1
MITIPERSTAT,MPO
CHEMBL:CHEMBL533954,HSD17B10
HYCANTHONE,CYP2D6
FERULIC ACID,APP
CHEMBL:CHEMBL580851,HSD17B10
AVAPRITINIB,PDGFRA
CHEMBL:CHEMBL580955,GMNN
CHEMBL:CHEMBL600734,SMAD3
CEFDINIR,ACP1
CHEMBL:CHEMBL576208,CASP3
DINOTERB,AR
CAVROTOLIMOD,TLR9
SOTRASTAURIN,GRK5
CHEMBL:CHEMBL389685,MAPK3
DICHLOROTRIPHENYLBISMUTHANE,AR
CHEMBL:CHEMBL1543865,MAPT
CAPTAN,VDR
COTI-2,TP53
PD-0166285,NTRK2
CHEMBL:CHEMBL527584,VDR
HYPERICIN,EHMT2
"3,4-DIDESMETHYL-5-DESHYDROXY-3'-ETHOXYSCLEROIN",HSD17B10
TOLVAPTAN,AR
BP 897,CYP2D6
WEDELOLACTONE,MAPK1
VANOXERINE,TP53
4-CHLOROMERCURIBENZOIC ACID,EHMT2
4-CHLOROMERCURIBENZOIC ACID,HPGD
"3',4'-DIMETHOXYFLAVONE",HSD17B10
TROGLITAZONE,CYP1A2
VALEMETOSTAT,EZH2
HALAZONE,AR
EFAVIRENZ,ABCC1
ASPIRIN,GMNN
ASPIRIN,BRCA1
CHEMBL:CHEMBL528807,MAPT
DIOSMETIN,NFKB2
M-2698,RPS6KB1
DIOSMETIN,RELA
PYRONIN Y,WRN
MIRDAMETINIB,MAP2K2
DIOSMETIN,NFKB1
HYCANTHONE,PPARD
BMS-599626,EGFR
BMS-599626,ERBB2
CURCUMIN,DNMT1
ROGARATINIB,EGFR
GR 89696,EHMT2
"(3Z)-N,N-DIMETHYL-2-OXO-3-(4,5,6,7-TETRAHYDRO-1H-INDOL-2-YLMETHYLIDENE)-2,3-DIHYDRO-1H-INDOLE-5-SULFONAMIDE",STAT6
EUFLAVINE,PLK1
DOXORUBICIN HYDROCHLORIDE,MAPT
CETUXIMAB SAROTALOCAN SODIUM,EGFR
ANISINDIONE,SMN2
CHEMBL:CHEMBL598509,KHSRP
CHEMBL:CHEMBL578741,RGS4
CHEMBL:CHEMBL533602,SMAD3
CHEMBL:CHEMBL257158,AKT1
CHEMBL:CHEMBL592115,USP1
XCT790,PIN1
NMDA,HSD17B10
TRANSPLATIN,MAPT
CHEMBL:CHEMBL122701,ALOX15
CURCUMIN/DOXORUBICIN-ENCAPSULATING NANOPARTICLE IMX-110,STAT3
NVP-TAE684,PRKG1
NORADRENALINE,HSD17B10
MERCURIC CHLORIDE,TDP1
CHEMBL:CHEMBL527585,EHMT2
COUMESTROL,POLB
"3,4-DIDESMETHYL-5-DESHYDROXY-3'-ETHOXYSCLEROIN",ALDH1A1
APOMORPHINE HYDROCHLORIDE HEMIHYDRATE,EHMT2
CHEMBL:CHEMBL193093,EHMT2
TEBUCONAZOLE,AR
RABEPRAZOLE,MAPT
EMETINE HYDROCHLORIDE,NFE2L2
STANOLONE,ESR1
VEGF/HGF-TARGETING DARPIN MP0250,HGF
CHLORQUINALDOL,HSPA5
CHEMBL:CHEMBL600692,GMNN
CHEMBL:CHEMBL329673,RXRA
CHEMBL:CHEMBL2094499,HSPB1
SURAMIN HEXASODIUM,HSD17B10
TOPIRAMATE,AQP4
SIROLIMUS ALBUMIN-BOUND NANOPARTICLES,MTOR
RIFAMPIN,CYP2D6
MITOXANTRONE,WRN
EPIGALLOCATECHIN-3-GALLATE,NFKB1
CHEMBL:CHEMBL398765,EHMT2
FICLATUZUMAB,HGF
CALCIMYCIN,MAPT
CHEMBL:CHEMBL585502,SMAD3
ACACETIN,CYP1B1
SEP-363856,HTR1A
CP-547632,MAPK9
CONICASTEROL E,NR1I2
TROGLITAZONE,CYP2D6
GANAXOLONE,EHMT2
CAPTAN,ESR1
NORDEFRIN,MAPT
PD-0166285,MAPK9
MAHANINE,DNMT1
ALPHA-NAPHTHOFLAVONE,TSHR
OMIPALISIB,PIK3CG
ROFECOXIB,ALDH1A1
NVP-TAE684,SRC
"3,4-DIDESMETHYL-5-DESHYDROXY-3'-ETHOXYSCLEROIN",ALOX15
CHEMBL:CHEMBL1563896,NFE2L2
SB 216763,CYP1A2
BLESELUMAB,CD40
DOVITINIB,LYN
DOXORUBICIN HYDROCHLORIDE,ATXN2
TRIADIMENOL,TARDBP
CHEMBL:CHEMBL590427,GMNN
HYPERICIN,KAT2A
CHEMBL:CHEMBL584514,NFE2L2
BARASERTIB,FYN
FIDUXOSIN HYDROCHLORIDE,SMAD3
PEGMUSIRUDIN,F2
DIETHYLSTILBESTROL,NR1H4
SALIRASIB,MTOR
DOVITINIB,MARK2
PHLORETIN,GAA
ISOPROTERENOL,VDR
EPINEPHRINE BITARTRATE,HSD17B10
SULFASALAZINE,CYP1A2
ATHRAQUINONES A,HPGD
DAUNORUBICIN HYDROCHLORIDE,THRB
NOREPINEPHRINE,FEN1
HYMECROMONE,PPARD
"3,4-DICHLOROBENZAMIL",CYP1A2
TREMELIMUMAB,CTLA4
TEROXIRONE,TP53
TRIPHENYLSTANNANOL,VDR
METFORMIN HYDROCHLORIDE,AR
PD-0166285,PRKAA1
DOMPERIDONE,CYP2D6
PIROMELATINE,MTNR1A
PIMOZIDE,PPARD
INDINAVIR,CYP2D6
BUTYRYLHYDROXAMIC ACID,HDAC8
CANGRELOR,P2RY12
4-PHENYLBUTYRIC ACID,HDAC9
QUINALIZARIN,MAPT
4-PHENYLBUTYRIC ACID,HDAC1
AC55649,RARB
CER-002,PPARD
CHEMBL:CHEMBL1449731,EHMT2
CHEMBL:CHEMBL1256191,HPGD
CHEMBL:CHEMBL579956,P4HB
CHEMBL:CHEMBL586000,GMNN
CHEMBL:CHEMBL1519374,SMAD3
CYCLOSPORINE,ABCG2
PF-00337210,KDR
SCHISANHENOL,ATM
CURCUMIN,IAPP
TRICLABENDAZOLE,GMNN
TIPLIMOTIDE,MBP
PECTOLINARIGENIN,RELA
4-CHLORO-BENZOIC ACID,TSHR
CHEMBL:CHEMBL536166,NFE2L2
SB 216763,APEX1
CHEMBL:CHEMBL2333543,MAPK1
CHEMBL:CHEMBL582473,ATXN2
SB220025,PRKCG
CHEMBL:CHEMBL167529,NFE2L2
DIFLUFENICAN,KMT2A
GALLIC ACID METHYL ESTER,EHMT2
PAPAVERINE,CYP2D6
PIMOZIDE,HIF1A
URSOLIC ACID,HDAC3
CUCURBITACIN B,SMAD3
OXYFLUORFEN,AR
CHEMBL:CHEMBL598270,AR
CHEMBL:CHEMBL578512,CASP7
CHEMBL:CHEMBL1946013,AR
CHEMBL:CHEMBL1486366,PLK1
DESACETOXYMATRICARIN,NFE2L2
CHEMBL:CHEMBL584508,THRB
DITHIOLETHIONE,PTPN1
AZACITIDINE,SMAD3
DAPIPRAZOLE,DRD2
6BIO,PTGES
PAZOPANIB,PTK2
BITERTANOL,NFE2L2
NOREPINEPHRINE,EHMT2
CODEINE ANHYDROUS,AR
DEPHOSTATIN,HPGD
TERLAKIREN,REN
PHENYLMERCURIC ACETATE,TP53
CHEMBL:CHEMBL457504,VDR
CHEMBL:CHEMBL362223,HIF1A
BARASERTIB,KDR
CHLOROXINE,AR
TYRPHOSTIN AG 835,MAPK1
CHLOROXINE,HSP90AA1
TAK-220,CCR5
CHEMBL:CHEMBL578512,TP53
CHEMBL:CHEMBL1383812,EHMT2
CHEMBL:CHEMBL565893,HSP90AA1
SODIUM DODECYL SULFATE,USP1
"2,4-HEXADIENAL",ALDH1A1
PP2,CYP1A2
ANIRACETAM,CYP1A2
MITOXANTRONE,EHMT2
CHEMBL:CHEMBL1079460,CYP1A2
RACEPINEPHRINE HYDROCHLORIDE,ADRB2
TRANSPLATIN,ALDH1A1
ACACETIN,CYP1A2
CARBONYL CYANIDE M-CHLOROPHENYLHYDRAZONE,MAPT
TOPOTECAN HYDROCHLORIDE,HIF1A
CLOSANTEL,KAT2A
FIPRONIL,AR
CHEMBL:CHEMBL66279,BRCA1
REL-CISAPRIDE,HPSE
CHEMBL:CHEMBL580421,USP1
ACETOCHLOR,AR
TIOPRONIN,ALDH1A1
ACLIDINIUM,CHRM3
DOVITINIB,MARK4
CALCIUM PANTOTHENATE,AR
TETRADIFON,NFE2L2
CHEMBL:CHEMBL1989853,MAPT
UMESPIRONE,HTR1A
CHEMBL:CHEMBL2094456,NPC1
AMINOQUINOL,SMAD3
DEPHOSTATIN,HIF1A
NMDA,EHMT2
PENTAMIDINE ISETHIONATE,KAT2A
PAC1,CASP3
NVP-TAE684,RET
GUTHION,ALOX15
CLIOQUINOL,EHMT2
DITHIAZANINE IODIDE,CTNNB1
VALPROIC ACID,ABAT
DAUNORUBICIN HYDROCHLORIDE,MAPK1
CHEMBL:CHEMBL532452,RAD52
RETUSIN 7-METHYL ETHER,SMN1
RETUSIN 7-METHYL ETHER,SMN2
CHEMBL:CHEMBL2348411,PRKAA2
4'-METHOXYFLAVONE,NPC1
HARMOL,CYP2D6
ANDROGRAPHOLIDE,NFKB1
PARAROSANILINE,SNCA
AMI-1,ESR1
CHEMBL:CHEMBL1492017,NFE2L2
NVP-TAE684,BLK
"3,4-DICHLOROBENZAMIL",CYP2D6
CHEMBL:CHEMBL83761,NFE2L2
CLOROPHENE,TARDBP
PROPICONAZOLE,VDR
DOXORUBICIN HYDROCHLORIDE,AR
CHEMBL:CHEMBL581929,BRCA1
HAPLAMINE,HSD17B10
CHEMBL:CHEMBL2071180,ESR1
NVP-TAE684,PRKCD
2-MERCAPTOBENZIMIDAZOLE,AR
SPIRONOLACTONE,THRB
URSOLIC ACID,PTGS2
DAUNORUBICIN HYDROCHLORIDE,MAPT
LUTEOLIN,EHMT2
CHEMBL:CHEMBL527584,PLK1
LUTEOLIN,FEN1
SALERMIDE,SIRT1
DEPHOSTATIN,HSD17B10
SP-600125,CYP1A2
QUINOXYFEN,RXRA
CHEMBL:CHEMBL537045,EHMT2
CHEMBL:CHEMBL238624,ALOX15
HYDROXYPROGESTERONE CAPROATE (USP),NFE2L2
CHEMBL:CHEMBL604664,FASN
CHEMBL:CHEMBL601554,TARDBP
CHEMBL:CHEMBL1451216,MAPT
NVP-TAE684,KDR
ETOCRYLENE,AR
ACITRETIN,GMNN
LAWSONE,VDR
DICHLORISONE ACETATE,NFE2L2
CHEMBL:CHEMBL592124,THRB
PP2,MAPK14
CHEMBL:CHEMBL227959,TP53
THIMEROSAL,HSD17B10
AMI-1,AR
CHEMBL:CHEMBL375673,ATM
NORETHINDRONE ACETATE,AR
CP-547632,MARK2
CHEMBL:CHEMBL596633,ATXN2
SOTRASTAURIN,ERBB2
RHEIN,MAPT
DOVITINIB,MAP2K1
CYCLOBENZAPRINE,EHMT2
SP-600125,CSNK1D
RHEIN,FEN1
PP2,SNCA
DICHLORODIMETHYLSTANNANE,AR
CHEMBL:CHEMBL1453126,SMN1
NITROSCANATE,AR
CHEMBL:CHEMBL606167,GMNN
TRIPHENYLSTANNYL ACETATE,KAT2A
PD-0166285,MET
SOTRASTAURIN,PRKCG
DITHIAZANINE IODIDE,POLB
PIMOZIDE,TP53
NIFEDIPINE,CYP2D6
DINOSEB,PPARD
AG 490,EHMT2
WEDELOLACTONE,NFKBIA
GSK-269962A,AKT3
CHEMBL:CHEMBL589715,EHMT2
THIOGUANOSINE,PLK1
ISATIN,NFE2L2
CEP-5214,KDR
CHEMBL:CHEMBL600734,NFE2L2
TRANILAST,HPGD
CALMIDAZOLIUM CHLORIDE,ATXN2
CHEMBL:CHEMBL1939433,PIK3CA
CGP53353,EHMT2
ECONAZOLE NITRATE,VDR
ITRACONAZOLE,KDR
CHEMBL:CHEMBL592124,FEN1
MECAMYLAMINE,CYP1A2
MITOXANTRONE,HTT
ACACETIN,NFKB2
PYRROLNITRIN,AR
PHLORETIN,RGS4
HOMIDIUM BROMIDE,AR
GOSSYPOL,THRB
SP-600125,CDC7
TRIPHENYLSTANNYL ACETATE,VDR
TRICYCLAZOLE,NFE2L2
NOREPINEPHRINE,ADRA2A
EPIANDROSTERONE,TARDBP
THIORIDAZINE,PPARD
TPCK,HIF1A
"LIPOIC ACID, ALPHA",TDP1
CHEMBL:CHEMBL1510164,MAPT
BENOXACOR,NFE2L2
ISOKAEMPFERIDE,WRN
AZACITIDINE,ALDH1A1
METHIOTHEPIN MESYLATE,ATXN2
OCTADECYLAMINE,RXRA
CHEMBL:CHEMBL591137,EHMT2
SULFASALAZINE,HIF1A
SP-600125,MET
CHEMBL:CHEMBL505670,TLR9
ALPHA-NAPHTHOFLAVONE,MAPK1
RHEIN,POLB
DYRENE,NFKB1
MLN-8054,FGFR1
NALED,VDR
CHEMBL:CHEMBL609036,EHMT2
AG 112,ALDH1A1
CHEMBL:CHEMBL1333049,SMN2
PHENOL,NFE2L2
CHEMBL:CHEMBL589711,EHMT2
ALSTERPAULLONE,ROCK1
DIFENOCONAZOLE,NFE2L2
PENTAERYTHRITOL TETRANITRATE,ALDH1A1
URSOLIC ACID,PTGS1
SOTRASTAURIN,LRRK2
NORARMEPAVINE,GMNN
CHEMBL:CHEMBL67535,ALOX15
IRIGENOL,MAPT
DEPHOSTATIN,BRCA1
LEFLUNOMIDE,SMN2
CHEMBL:CHEMBL547833,EHMT2
TELMISARTAN,NFE2L2
CHEMBL:CHEMBL1214407,HPGD
CHEMBL:CHEMBL375563,CASP9
CHEMBL:CHEMBL532363,GMNN
CHEMBL:CHEMBL1902074,TARDBP
THIMEROSAL,SMAD3
CHEMBL:CHEMBL1288281,NQO2
CHEMBL:CHEMBL375563,SIRT1
MEFENAMIC ACID,CYP2D6
CLOFOCTOL,GMNN
CHEMBL:CHEMBL531269,GMNN
SP-600125,NTRK1
TETRAHYDROGAMBOGIC ACID,VDR
TRIPHENYLSTANNANOL,AR
CISPLATIN,ALOX15
BENSERAZIDE HYDROCHLORIDE,SAE1
DIELDRIN,NFE2L2
CHEMBL:CHEMBL296407,CYP1A2
TOPOTECAN HYDROCHLORIDE,AR
GEOPYXIN A,ATXN2
BIOCHANIN A,NPC1
CHEMBL:CHEMBL324774,ALDH1A1
LXR-623,PPARA
METHYL PARATHIONE,VDR
AMIDATE,CYP1A2
CHEMBL:CHEMBL505670,MAPT
BOLDINE,HIF1A
AMITRIPTYLINE HYDROCHLORIDE,CYP2D6
SALAGEN,RGS4
AFATINIB,EGFR
DINUTUXIMAB,MYCN
CEVIMELINE,CYP2D6
DASATINIB ANHYDROUS,BCR
DOXEPIN HYDROCHLORIDE,CYP2D6
DASATINIB ANHYDROUS,ABL1
NILOTINIB,BCR
NILOTINIB,ABL1
"PAROXETINE HYDROCHLORIDE, HEMIHYDRATE",CYP2D6
RISPERIDONE,CYP2D6
TAMOXIFEN,CYP2D6
RIBOCICLIB,ERBB2
TELAPREVIR,IFNL3
VORTIOXETINE HYDROBROMIDE,CYP2D6
DASATINIB ANHYDROUS,ABL1
IMATINIB,ABL1
BAFETINIB,ABL1
GEFITINIB,EGFR
TESEVATINIB,EGFR
PI-103,PIK3R1
PI-103,PIK3CB
PI-103,PIK3CA
MOTESANIB,RET
MOTESANIB,KDR
ONARTUZUMAB,MET
MM-111,ERBB3
ANTI-ERBB3 MONOCLONAL ANTIBODY AV-203,ERBB3
NIRAPARIB,PARP1
INIPARIB,PARP1
CARFILZOMIB,PSMD7
CARFILZOMIB,PSMD9
REGORAFENIB,FGFR2
REGORAFENIB,RAF1
REGORAFENIB,RET
IPATASERTIB,AKT3
TRIMETREXATE,ABCB1
TRAIL,ABCC1
CYCLOSPORINE,ABCG2
GENISTEIN,ABCG2
GSK269962A,ROCK1
VORICONAZOLE,ABCG2
THERAPEUTIC HORMONE,ABCG4
CHEMBL:CHEMBL219557,EGFR
RADIOSENSITIZING AGENT,ACHE
IMATINIB,ABL1
POLY ICLC,TLR3
ENZYME INHIBITOR,ACE
SODIUM CHLORIDE,ADRB2
CEPHALOSPORIN ANTIBIOTIC,ANPEP
CIZOLIRTINE,CALCA
IL-3,ALOX5AP
DOXORUBICIN HYDROCHLORIDE,ALK
ATORVASTATIN CALCIUM TRIHYDRATE,APOB
OXALIPLATIN,ATP7B
DOXORUBICIN HYDROCHLORIDE,BAX
ANTHRACYCLINE ANTINEOPLASTIC ANTIBIOTIC,BAX
COBALT,BAX
ESTRAMUSTINE,BAX
DONEPEZIL,BCHE
RECOMBINANT TRANSFORMING GROWTH FACTOR-BETA 1,BCL2
CLOFARABINE,APBB1
RECOMBINANT INTERLEUKIN,BCL2
RECOMBINANT LYMPHOTOXIN BETA,CCL21
BENZODIAZEPINE,CCKBR
NERATINIB,ERBB2
RECOMBINANT INTERFERON,CCL8
URACIL,CCND1
HYDROXYCHLOROQUINE,TLR7
ORAL CONTRACEPTIVE,CCND1
TENIDAP,ALOX5
OXAZEPAM,TSPO
GP-120 ANTIGEN,CD44
ALPROSTADIL,CD40LG
LENVATINIB,KDR
TYROSINE KINASE INHIBITOR,CD9
PLACULUMAB,TNF
ANTINEOPLASTIC AGENT,CDK4
ANTIESTROGEN,CDKN1B
TRAPIDIL,FGFR3
CILOSTAZOL,CSF2
RECOMBINANT INTERLEUKIN-1,CSF2
RECOMBINANT TYROSINASE-RELATED PROTEIN-2,CSF2
INDINAVIR,CSF2
MART-1 ANTIGEN,CSF2
TEMOZOLOMIDE,CSF2
ADALIMUMAB-ADBM,TNF
NICARDIPINE,SLC25A20
COBALT,CYP2E1
POLYETHYLENE GLYCOL 4000,CYP2E1
DOXORUBICIN HYDROCHLORIDE,EDN1
ANTICONVULSANT AGENT,EDN1
ETOPOSIDE,E2F1
HYDROXYUREA,EIF4E
MYCOPHENOLATE MOFETIL,EPO
RITUXIMAB,ERBB2
ASPIRIN,F2R
ASPIRIN,FAS
AS101,FAS
VITAMIN K,FAS
PROTEASE INHIBITOR,FCGR3B
REBAMIPIDE,FGF2
NABILONE,CNR2
THROMBIN,FOS
NIMODIPINE,FOS
NIMODIPINE,GFAP
PROTEASE INHIBITOR,GFAP
TOPOISOMERASE INHIBITOR,GSTP1
PI3K INHIBITOR BGT226,MTOR
PREDNISONE,GSTP1
RESERPINE,HGF
ASPIRIN,HGF
ANTISERUM,HNF4A
THROMBIN,HPSE
FLUMATINIB,ABL1
STREPTOZOCIN,HP
ANTIESTROGEN,HPSE
DIFFERENTIATION INDUCER,HSPB2
ARGIPRESSIN,HSPB1
IMIQUIMOD,IFNA1
RECOMBINANT TRANSFORMING GROWTH FACTOR-BETA 1,IFI27
CL 246738,IFNA1
THROMBIN,IFNG
ALENDRONATE SODIUM,IL11
DOXORUBICIN HYDROCHLORIDE,IL11
MT-3995,NR3C2
DINITROCHLOROBENZENE,IL2RA
IFOSFAMIDE,IL6
DNA VACCINE,IL7
RECOMBINANT INTERFERON ALFA,CXCL8
ANTI-HIV-1 LENTIVIRAL VECTOR-EXPRESSING SH5/C46 CAL-1,CCR5
GENISTEIN,CXCR2
IL-13,LIF
H2O2,LPL
RESERPINE,LPL
RECOMBINANT INTERLEUKIN,MAPK14
HMG-COA REDUCTASE INHIBITOR,MAPK14
EMICIZUMAB,F10
RECOMBINANT VACCINIA-B7.1 VACCINE,MLANA
STREPTOZOCIN,MMP2
LAROTRECTINIB,NTRK2
H2O2,MT1H
OXALIPLATIN,MTHFR
METHYLNITROSOUREA,MYC
PROPYLTHIOURACIL,MYO9B
TROGLITAZONE,MYC
HERBIMYCIN A,SRC
ASPIRIN,NAT1
ASPIRIN,NAT2
PROTEASE INHIBITOR,NFE2L2
BENZODIAZEPINE,NOS1
TEPOXALIN,ALOX5
SODIUM CHLORIDE,NOS1
TIRAPAZAMINE,NOS1
IDOXIFENE,NOS1
FLUOXETINE HYDROCHLORIDE,NOS2
DB959,PPARD
ETOPOSIDE,NR4A1
DACTINOMYCIN,NTF3
TYROSINE KINASE INHIBITOR,PIK3CA
ALDESLEUKIN,PIK3CA
ENDOTHELIN-1,EDNRB
UROKINASE,PIK3CA
TOPOISOMERASE-II INHIBITOR,PIK3CB
DOXORUBICIN HYDROCHLORIDE,PIK3CB
TYROSINE KINASE INHIBITOR,PIK3CB
ATORVASTATIN CALCIUM TRIHYDRATE,PIK3CG
LENOGRASTIM,PIK3CG
ORAL CONTRACEPTIVE,PLAT
ANTISERUM,POSTN
HYDROGEN PEROXIDE,PRDX1
PROPYLTHIOURACIL,PRL
THERAPEUTIC HORMONE,PTGDS
RESERPINE,PTGS2
ANTIVIRAL AGENT,PTGS1
ATENOLOL,PTH
CYCLOBENZAPRINE,HTR2A
PTHRP,PTH1R
VITAMIN K,PTH
RECOMBINANT INTERFERON ALFA,RARA
TYROSINE KINASE INHIBITOR,PYY
AVALGLUCOSIDASE ALFA,GAA
ESTRAMUSTINE PHOSPHATE,PZP
HER2 ECD+TM VIRUS-LIKE REPLICON PARTICLES VACCINE AVX901,ERBB2
ANTISERUM,SLC1A3
ENZYME INHIBITOR,TAT
OPIATE,TH
MITOMYCIN C ANALOG KW-2149,TNF
BEXAROTENE,RXRA
ALDESLEUKIN,TNFAIP1
AMIODARONE HYDROCHLORIDE,CALCA
LITHIUM,TNFRSF1B
TARENFLURBIL,TP53
STREPTONIGRIN,TP53
ALKAVERVIR,SLC18A2
ALDESLEUKIN,TYK2
LIATERMIN,GDNF
GEFITINIB,ERBB2
CLAZAKIZUMAB,IL6
LOMITAPIDE MESYLATE,LDLR
INCLISIRAN,LDLR
ZIDOVUDINE,SLC28A1
THERAPEUTIC CORTICOSTEROID,NR1I2
OXICONAZOLE,NR1I2
ETHAMBUTOL HYDROCHLORIDE,NR1I2
LOVASTATIN,NR1I2
VINCRISTINE,NR1I2
MEASLES VACCINE,HLA-DRB1
MEASLES VACCINE,HLA-B
PRUVANSERIN,HTR2A
REPAGLINIDE,TCF7L2
SURONACRINE MALEATE,ACHE
NEMONAPRIDE,DRD2
YOHIMBINE,CYP2D6
ZILUCOPLAN,CHRNA4
AMOXICILLIN ANHYDROUS,HLA-DRA
PEGINTERFERON ALFA-2B,IL6
TEBENTAFUSP,HLA-A
BUCINDOLOL HYDROCHLORIDE,ADRB1
QUINAPRIL,AGT
SODIUM NITROPRUSSIDE,UGCG
INOTUZUMAB OZOGAMICIN,ABL1
CURCUMIN,CFTR
AZATHIOPRINE,GSTM1
VINCRISTINE,MTR
THERAPEUTIC CORTICOSTEROID,ACP1
GEFITINIB,UHRF1
GEFITINIB,ARF1
HARMINE,DYRK1A
ANTIDEPRESSANT AGENT,NR3C1
ACETAMINOPHEN,CYP2E1
ABACAVIR,ADH1A
ISATUXIMAB,CD38
VOXILAPREVIR,IFNL3
CALCIPOTRIENE,VDR
IRINOTECAN HYDROCHLORIDE,KLC1
PEGINTERFERON ALFA-2A,VDR
LOMITAPIDE MESYLATE,APOB
ALENDRONATE SODIUM,DKK1
BAZEDOXIFENE,ESR1
VINCRISTINE,ACTG1
"3,4-METHYLENEDIOXYMETHAMPHETAMINE",CYP2B6
FENTANYL CITRATE,CYP2B6
TRIMIPRAMINE,CYP2B6
APIXABAN,F10
SULFAMETHOXAZOLE,NAT2
AMOXICILLIN ANHYDROUS,HLA-DRB1
IRINOTECAN HYDROCHLORIDE,CSPG4
ANTICONVULSANT AGENT,CYP1A1
METHOTREXATE,GSTT1
SOLITHROMYCIN,NAT2
CHLORPROMAZINE,DRD2
CALCIFEDIOL ANHYDROUS,CYP2R1
CLOPIDOGREL,APBB1IP
TRIMIPRAMINE,HTR2A
MARGETUXIMAB-CMKB,FCGR2A
EPROSARTAN,AGTR1
NITROPRUSSIDE,ACE
ROSUVASTATIN,HNF1A
PEGINTERFERON ALFA-2B,IL21R
PLATINUM,ERCC2
DEXAMETHASONE,SERPINE1
MAVORIXAFOR,CXCR4
RITUXIMAB,ESR2
RITUXIMAB,ESR1
ACETAMINOPHEN/TRAMADOL,MIR107
SIMVASTATIN,CACNA1S
PEGINTERFERON ALFA-2B,CASP1
PEGINTERFERON ALFA-2B,CYP2R1
ALENDRONATE SODIUM,ESR2
NALTREXONE,COMT
ANTIDEPRESSANT AGENT,GRIA3
DONEPEZIL,CHRNA7
BEVACIZUMAB-AWWB,PDGFRB
PERIFOSINE,AKT1
AXITINIB,FLT4
PONATINIB,FGFR2
ROMIDEPSIN,HDAC3
ROMIDEPSIN,HDAC8
ROMIDEPSIN,HDAC8
PAZOPANIB,KDR
CENISERTIB,LYN
XL765,MTOR
SONOLISIB,MTOR
MANNOSE 6-PHOSPHATE,IGF2R
AMUVATINIB,RAD51
URELUMAB,TNFRSF9
CENISERTIB,ABL1
CETUXIMAB,EGFR
BLISIBIMOD,TNFSF13B
LINIFANIB,FLT4
LINIFANIB,RET
BLARCAMESINE,ERBB2
BAMINERCEPT ALFA,LTA
LOXAPINE,DRD2
BIMATOPROST,PTGFR
BRYOSTATIN,PRKCG
BRIAKINUMAB,IL23A
LORVOTUZUMAB MERTANSINE,NCAM1
BRYOSTATIN 1,PRKCQ
CER-001,APOA1
CNS-5161,GRIN2A
DACLIZUMAB,IL2RA
ROMIDEPSIN,HDAC4
ROMIDEPSIN,HDAC9
ROMIDEPSIN,HDAC3
DG041,PTGER3
LATREPIRDINE,ACHE
DOVITINIB,KDR
DUTASTERIDE,SRD5A2
ENCENICLINE,CHRNA7
FILGOTINIB,JAK1
NAVARIXIN,CXCR2
PEGINESATIDE,EPOR
THROMBIN,F10
ILEPATRIL,ACE
IPRATROPIUM CATION,CHRM1
SAMPATRILAT,MME
ISTRADEFYLLINE,ADORA2A
SPARSENTAN,EDNRA
METHAMPHETAMINE,SLC18A2
METHAMPHETAMINE,MAOA
METHAMPHETAMINE,SLC6A4
LOFEXIDINE,ADRA2A
OBATOCLAX,BCL2
APATORSEN,HSPB1
BREXPIPRAZOLE,HTR2A
PROPOFOL,SCN2A
DECTREKUMAB,IL13
QUINAPRIL,ACE
ROPINIROLE,DRD2
ROCURONIUM,CHRM2
APABETALONE,APOA1
DEXTROAMPHETAMINE SULFATE,SLC6A3
STANNSOPORFIN,HMOX1
TEZAMPANEL,GRIK1
TIOTROPIUM,CHRM3
TEZAMPANEL,GRIA4
TOLTERODINE,CHRM2
TRAZODONE,HTR2A
ANTI-HUMAN GITR MONOCLONAL ANTIBODY TRX518,TNFRSF18
ETODOLAC,PTGS1
PEFICITINIB,JAK1
ALPHA 1-ANTITRYPSIN,ELANE
GLEMANSERIN,HTR2C
BETHANIDINE,ADRA1D
CARPHENAZINE,DRD5
CAPESEROD,HTR2C
DOBUTAMINE,ADRB1
DOXACURIUM CHLORIDE,CHRM2
ETOMIDATE,GABRA1
FLUNITRAZEPAM,TSPO
PHENTERMINE RESIN,SLC6A3
PHENMETRAZINE,SLC6A3
RAMIPRIL,ACE
SECOBARBITAL,CHRNA4
RALOXIFENE HYDROCHLORIDE,ESR1
SALICYLIC ACID,PTGS1
TALBUTAL,GABRA1
CAPESEROD,SERPINA3
ALPRAZOLAM,GABRA1
COMPOUND 14 [PMID: 30925062],ABCG2
AMIODARONE HYDROCHLORIDE,ADRB1
OCTOTROPINE METHYLBROMIDE,CHRM2
BEXAROTENE,RXRG
ZOSUQUIDAR,CA9
BEVANTOLOL,ADRB1
BEXAROTENE,RXRB
BOSENTAN ANHYDROUS,EDNRA
CLONAZEPAM,GABRG3
CLOZAPINE,DRD2
CLOZAPINE,HTR2A
ZILURGISERTIB,DNM2
DESVENLAFAXINE SUCCINATE,SLC6A4
DOBUTAMINE,ADRB1
FIDRISERTIB,DNM2
INTERFERON ALFA-2B,IFNAR2
INTERFERON ALFA-N3,IFNAR1
LISDEXAMFETAMINE DIMESYLATE,ADRA1A
METHYLPHENIDATE HYDROCHLORIDE,SLC6A4
NADOLOL,ADRB2
NILUTAMIDE,AR
AKT INHIBITOR VIII,FKBP2
RANIBIZUMAB,VEGFA
RALOXIFENE HYDROCHLORIDE,ESR1
REGADENOSON ANHYDROUS,ADORA2A
RIMEXOLONE,ANXA1
SALICYLIC ACID,PTGS1
APREPITANT,TACR1
TERAZOSIN,ADRA1A
TIOTROPIUM,CHRM3
THIORIDAZINE,ADRA1A
TRETINOIN,RXRB
VARENICLINE,CHRNA7
ABX-1431,CXCL1
ZOLPIDEM TARTRATE,TSPO
REMTOLUMAB,IL17A
OXYMETAZOLINE HYDROCHLORIDE,ABCA4
SEVITERONEL,CYP17A1
ANIFROLUMAB,IFNAR2
LULIZUMAB PEGOL,CD28
GUANABENZ,AOC1
RAUWOLSCINE,AOC1
XENTUZUMAB,IGF2
ROXINDOLE,AOC1
NAVICIXIZUMAB,DLL4
JP1302,ABL2
RX821002,ABL2
GNE-0877,LRRK2
INARIGIVIR SOPROXIL,NOD2
PMX53,C5AR1
CINACALCET,CASR
DULIGOTUZUMAB,ERBB3
DULIGOTUZUMAB,EGFR
ENSITUXIMAB,XK
AUTOLOGOUS BONE MARROW-DERIVED CD34/CXCR4-POSITIVE STEM CELLS AMR-001,CD34
SIREMADLIN,TP53
CER-001,APOA1
CRETOSTIMOGENE GRENADENOREPVEC,CSF2
GSK-2647544,PLA2G7
NUCLEOLIN ANTAGONIST IPP-204106N,NPM1
"[D-TYR6,APA-4CL11,PHE13,NLE14]BOMBESIN-(6-14)",ASIC2
DELPARANTAG,SERPINC1
CEQ508,CTNNB1
LIRILUMAB,GEM
LAPRITUXIMAB EMTANSINE,EGFR
BQ788,EDNRB
METOPRINE,HNMT
15S-HETE,AMH
CARBIDOPA ANHYDROUS,DDC
COMPOUND 13R [PMID: 23639540],DNMT1
VOCLOSPORIN,NGFR
PHENMETRAZINE,SLC6A3
MS363,BRD3
ONO-AE1-437,PTGER4
METHYLERGONOVINE,DRD1
COMPOUND 26 [PMID: 34543009],EGR2
HISTAMINE,GAPDH
STO609,EGFR
AMIBEGRON,ADRB3
PAC1,CASP3
DIFLORASONE DIACETATE,PLA2G1B
THALIDOMIDE,TNF
ESMOLOL,ADRB1
DESVENLAFAXINE SUCCINATE,SLC6A4
ODANACATIB,FOSB
GLUCOSAMINE,IL1B
BUPARLISIB,PIK3CD
BUPARLISIB,PIK3CB
CHEMBL:CHEMBL1083499,F2
MAFENIDE,CA2
UK-432097,ADORA2A
IPILIMUMAB,CTLA4
CH-5132799,PIK3CB
JNJ-26070109,CCKBR
FAMITINIB,PDGFRA
SEMAGACESTAT,GLUL
IBOCTADEKIN,IL18
NELIPEPIMUT-S,ERBB2
AQW051,CHRNA7
SC-236,CPT1B
CARBENOXOLONE,C4B
CARBENOXOLONE,C4BPA
CARBENOXOLONE,C2
SELONSERTIB,MAP3K5
CENICRIVIROC,CCR5
UBLITUXIMAB,MS4A1
AFM-13,FCGR3A
CXCL122 (DIMER),ACTG1
TISAGENLECLEUCEL,CD19
BARICITINIB,PTK2B
CDK4 INHIBITOR,CDK4
HEXAFLUORENIUM,BCHE
RO3306,EIF4E
CYCLOTHIAZIDE,CA2
GUANABENZ,ADRA2A
BROMPHENIRAMINE,HRH1
SQUALAMINE,FGF2
CEBSULFASE ALFA,ARSA
NVP-2,EIF4G1
ANTI-CD20 CAR T CELLS PREPARATION,MS4A1
INSULIN SUSP ISOPHANE RECOMBINANT HUMAN,INS
PIPERACETAZINE,DRD2
SARALASIN ACETATE,AGTR1
PROBUCOL,ABCA1
PAROXETINE HYDROCHLORIDE,SLC6A4
THIAMYLAL,GABRG3
TRILACICLIB,CDK4
AFM-13,FCGR3A
SC-67655,EBF1
ICLAPRIM,DHFR
ROPINIROLE,ALDH1A1
VILAZODONE HYDROCHLORIDE,ALDH1A1
COMPOUND 6EE [PMID: 22364528],CXCR3
EAI045,DXO
PD 158780,DXO
TESEVATINIB,DXO
IBRUTINIB,DXO
CAY10499,CRMP1
CANDESARTAN CILEXETIL,AGTR1
DIMENHYDRINATE,HRH1
GEFITINIB,EGFR
FONDAPARINUX,F10
LEVOCETIRIZINE,HRH1
NOMEGESTROL ACETATE,ESR1
PENTOXIFYLLINE,TNF
PSEUDOEPHEDRINE,DRD2
SERMORELIN,GHRHR
SCOPOLAMINE,CHRM2
SORAFENIB,PDGFRB
TETRODOTOXIN,XK
ARC-19499,TFPI
ANTI-IL17A MONOCLONAL ANTIBODY CJM112,IL17A
ANATIBANT,BDKRB2
RIVIPANSEL,SELE
CUTAMESINE,SIGMAR1
SUNITINIB,DPYSL2
ML355,CREBBP
CHEMBL:CHEMBL152543,HDAC1
ULOTARONT,A1BG
[3H]NLX-112,A1BG
FLESINOXAN,A1BG
LY344864,A1BG
FG-5893,A1BG
PRN1371,DPYSL2
S-15535,A1BG
GR 127935,A1BG
METHYSERGIDE,A2M
SB 649915,A2M
2-METHYL-5-HT,A2MP1
RITANSERIN,A2M
GR 127935,A2MP1
GR 127935,A2MP1
COMPOUND 29 [PMID: 36356320],SLC26A3
DORSOMORPHIN,DRD1
FORETINIB,DRD3
CGS-12066,HTR2C
QUINPIROLE,HTR2C
SPIPERONE,HTR2C
COMPOUND 38K [PMID: 34351741],DRD3
GR 113808,NAT1
LOXAPINE,HTR2C
METHYSERGIDE,SERPINA3
EMDT,SERPINA3
METERGOLINE,SERPINA3
DASATINIB ANHYDROUS,ABL1
PAK-104P,DDR1
PAZOPANIB,DRD3
TESEVATINIB,DRD3
UPROSERTIB,FKBP2
TIVOZANIB,DRD3
IPATASERTIB,FKBP2
RS-17053,ABCB7
RITANSERIN,ABCB7
VEGF RECEPTOR TYROSINE KINASE INHIBITOR III,DRD3
PD81723,ABAT
PICLIDENOSON,ABAT
BAY 60-6583,ABAT
HEMADO,ABAT
HEMADO,ABCA1
SCH 58261,ABCA1
(R)-PIA,ABCA2
HEMADO,ABCA2
MRS1523,ABCA2
"(3Z)-N,N-DIMETHYL-2-OXO-3-(4,5,6,7-TETRAHYDRO-1H-INDOL-2-YLMETHYLIDENE)-2,3-DIHYDRO-1H-INDOLE-5-SULFONAMIDE",EEF2
D-NAL-CYS-TYR-D-TRP-LYS-VAL-CYS-NAL-NH2,ASIC2
TAFLUPROST ACID,APOC2
INDISULAM,GAPDH
HISTIDINE,UBE2K
TOPIRAMATE,GAPDH
BIMATOPROST,APOC2
ZN2+,GABRA1
JWH-018,CNR2
GW-5823,CCKAR
DESULFATED GASTRIN-34,CCKBR
LORGLUMIDE,CCKBR
DEVAZEPIDE,CCKBR
[125I]-BDZ2,CCKBR
CGS8216,ARNT
BX 471,ACTA1
GSK2239633A,CCR4
ISONIPECOTIC ACID,ARNT
COMPOUND 1 [PMID: 24793884],EGR3
(2S)-1-(1H-INDOL-3-YL)-3-{[5-(3-METHYL-1H-INDAZOL-5-YL)PYRIDIN-3-YL]OXY}PROPAN-2-AMINE,CTSB
DIGERANYL BISPHOSPHONATE,CXCR5
CIRTUVIVINT,ELANE
[3H]AMPA,GRIA3
MW01,ELAVL2
MK-8262,HPGD
BPR1R024,DPYD
PEXIDARTINIB,DPYD
NAPROXEN SODIUM,CPT1B
COMPOUND 28 [PMID: 16460935],FN1
[125I]ASTRESSIN,ALAS2
UROCORTIN 1,ALB
BEGELOMAB,DAPK1
OMARIGLIPTIN,DAPK1
"L-888,291",APOB
BWA868C,APOB
"L-644,698",APOB
VIDUPIPRANT,APOB
QUINPIROLE,ABCD1
HS665,ABCD1
COMPOUND 3 [PMID: 23134120],ABCD1
7-TRANS-OH-PIPAT,ABCD1
[3H]PD128907,ALDH1A1
(+)-SCH-23390,ABCD1
NAFADOTRIDE,ABCD1
ROTIGOTINE,ALDH1A1
EGIS-11150,ABCD1
RISPERIDONE,ALDH1A1
NEMONAPRIDE,ALDH2
PF-592379,ALDH2
LOXAPINE,ALDH2
PLUMBAGIN,GLI1
COMPOUND 66 [PMID: 19788238],DSP
TAZEMETOSTAT,EZH2
EPIGEN,DXO
GV196771A,GRIN2B
POZIOTINIB,EN1
NEUREGULIN-2,ERBB4
XILIERTINIB,ERBB4
BMS-599626,ERBB4
ACALABRUTINIB,ERBB4
GSK5182,BDKRB2
NE58043,BLVRA
[3H]GABAZINE,ARNT
COMPOUND 19 [PMID: 18800762],CXCR5
PF-6870961,ALOX15
MACIMORELIN,ALOX15
IDRA-21,GRIA3
[3H]2-DEOXYGLUCOSE,CBS
COMPOUND 30 [PMID: 22468970],CBS
TCN-201,GRIN2A
"5-METHYL-5-(5-METHYLTHIOPHEN-3-YL)-4-OXO-4,5-DIHYDROFURAN-2-CARBOXYLIC ACID",AOAH
PANOBINOSTAT,HDAC4
AR234960,ADRA2A
R-SPONDIN-4,ADRA1A
NVP-TAE 226,DPEP1
AFP-07,APOC3
OSE-127,IL7R
VANILLIN,BRCA2
FEDRATINIB,EPHB1
UPADACITINIB,EPHB2
AEE788,DRD2
BRIVANIB,DRD2
PAMUFETINIB,DRD2
SORAFENIB,DRD2
CS+,ASPA
MERESTINIB,DRD5
MACROPHAGE STIMULATING PROTEIN 1,DRD5
MT-II,ANK1
AC-C[CYS-GLU-HIS-D-PHE-ARG-TRP-D-CYS]-PRO-PRO-LYS-ASP-NH2,ANK1
WORTMANNIN,ETFB
SAPANISERTIB,ETFB
NEOLYMPHOSTIN A,ETFB
CAPMATINIB,DRD4
COMPOUND 19A [PMID: 30503936],DRD4
STC-15,HNRNPA2B1
AZD-9977,NR3C2
ACUMAPIMOD,CTNNB1
PF-670462,CTNNB1
BAY-8002,CDC5L
5-HEAT,ANK3
SAMIDORPHAN,APOF
NALOXONE HYDROCHLORIDE,APOF
ETONITAZENE,APOF
PAREGORIC,APOF
TILARGININE,NOS1
A-867744,CHRNA3
PNU-120596,ATF4
[&BETA;ALA8]NEUROKININ A-(4-10),AQP4
BRONTICTUZUMAB,GPR37
FIRAZOREXTON,APBB1
T-516,APBB1
[3H]CP-1,APBB1
ADENOSINE TRIPHOSPHATE,ATP1A3
L-&BETA;&GAMMA;-MEATP,ATP1A3
MRS2690,BIRC3
ADENOSINE TRIPHOSPHATE,APBB2
ADENOSINE TRIPHOSPHATE,APBB2
AC264613,APOE
COMPOUND 14B [PMID: 25742366],GPX3
IC-87114,F7
CDP840,COL11A2
PIM447,F10
VORUCICLIB,F9
BPR1R024,DPP6
MASITINIB,DPP4
CRENOLANIB,DPP4
COMPOUND 8I [PMID: 22765894],DPP4
PDGF RECEPTOR TYROSINE KINASE INHIBITOR III,DPP6
SUPRASTAT,GART
BISINDOLYLMALEIMIDE IV,CTAA1
IPATASERTIB,PRKG1
CRT 0066101,FABP7
TAMIBAROTENE,BCHE
ALITRETINOIN,RXRG
SR9011,BCL2
MINIMISED RELAXIN-3 ANALOGUE 2,APRT
COMPOUND 4 [PMID: 30824200],KLK3
R3 B1-22R,APRT
COMPOUND 7A [PMID: 33730669],KLK3
RELAXIN-3 (B CHAIN),KLK3
HINSL5: A8-21 (T15K),KLK3
NE-100,SIGMAR1
AGK2,SIRT2
"CYCLO(7-12) DES-AA1,2,5-[GLU7,D-TRP8,IAMP9,M-I-TYR11,HHLYS12]SRIF",FAS
BIM 23027,FASLG
BIM 23627,FASLG
[125I]CGP 23996,FASLG
BIM 23295,AQP1
LIOTHYRONINE,THRB
COMPOUND 13D [PMID: 23639540],DNMT3A
AMILORIDE,ATP2B3
FEDRATINIB,TYK2
KYNURENIC ACID,ADAM10
"[3H]AVP (HUMAN, MOUSE, RAT)",AR
REBASTINIB,FKBP1AP3
ALOISINE,FKBP1AP4
DOCETAXEL ANHYDROUS,ERBB2
CAPECITABINE,ERBB2
RITUXIMAB,ERBB2
ALPELISIB,CDK4
CHLORAMBUCIL,FANCC
PLATINUM COMPOUND,BRCA1
SIROLIMUS,NF1
VORASIDENIB,GRB2
DEXAMETHASONE,CDK6
SIROLIMUS,EGFR
CRIZOTINIB,ALK
BELIZATINIB,ALK
GILTERITINIB,ALK
EG5 KINESIN-RELATED MOTOR PROTEIN INHIBITOR 4SC-205,ALK
AVELUMAB,ATM
ACRIZANIB,DRD2
IRINOTECAN HYDROCHLORIDE,ATM
AZD7648,ATM
RG-1530,DRD2
ADO-TRASTUZUMAB EMTANSINE,CD274
PEGILODECAKIN,CD274
PIMIVALIMAB,CD274
TRAMETINIB DIMETHYL SULFOXIDE,CDKN2A
TRAMETINIB DIMETHYL SULFOXIDE,CD274
BRIVANIB,FGFR2
DERAZANTINIB,FGFR2
TASURGRATINIB,FGFR3
SORAFENIB,FGFR3
IRINOTECAN HYDROCHLORIDE,FGFR3
TENALISIB,JAK2
PICTILISIB,JAK2
ZSTK474,JAK2
MOMELOTINIB,JAK2
LUCITANIB,PIK3CA
AZD0156,PIK3CA
DOVITINIB,RET
RET INHIBITOR TY-1091,RET
VOLASERTIB,RET
AVELUMAB,STK11
PICTILISIB,STK11
DECITABINE,TP53
BUPARLISIB,STK11
BRIGATINIB,TP53
SN-38,TP53
BRIGIMADLIN,TP53
APOMORPHINE HYDROCHLORIDE HEMIHYDRATE,GMNN
BIPERIDEN,HRH1
GUTHION,MAPT
GLYBURIDE,KCNJ8
CHEMBL:CHEMBL577415,THRB
TAMOXIFEN,F5
PILARALISIB,PIK3CA
LEVOMILNACIPRAN,SLC6A4
ARRY-371797,AHSA1
HELATX1,ATP7A
PRIMIDONE,SCN7A
GZ-389988,NTRK1
CHEMBL:CHEMBL592588,EHMT2
&ALPHA;&BETA;-METHYLENEADP,PLCG1
"(3Z)-N,N-DIMETHYL-2-OXO-3-(4,5,6,7-TETRAHYDRO-1H-INDOL-2-YLMETHYLIDENE)-2,3-DIHYDRO-1H-INDOLE-5-SULFONAMIDE",USP1
ALSTERPAULLONE,CSF1R
AMOXAPINE,CYP2D6
ZAMPANOLIDE,TUBB4A
BRIVANIB,FGFR1
H2O2,ADA
SODIUM CHLORIDE,PVALB
RWJ-67657,PTGS2
BLU-9931,SLC26A3
PEXIDARTINIB,CSF1R
TAMOXIFEN,FMO3
RADOTINIB,ABL1
CURCUMIN,ABCB1
COMPOUND 8I [PMID: 22765894],DRD2
CC-90006,PDCD1
STX-107,GRM5
BOMEDEMSTAT,JAK2
AMOXAPINE,VDR
DACOMITINIB ANHYDROUS,ERBB2
IL-3,TAC1
FLAVANONE,HSD11B1
ANTI-HIF-1ALPHA LNA ANTISENSE OLIGONUCLEOTIDE EZN-2968,HIF1A
CRA1000,ALAS2
ACIVICIN,CRH
MITOFLAXONE,ANPEP
SL422,MMP7
DALFAMPRIDINE,KCNA3
PANULISIB,ACVRL1
TEDISAMIL,KCNA1
ZONAMPANEL,GRIA3
LINIFANIB,KDR
DIOCTANOYLGLYCEROL PYROPHOSPHATE,BIN1
DIOCTANOYLGLYCEROL PYROPHOSPHATE,BIN1
WORTMANNIN,EHMT2
CHEMBL:CHEMBL607138,TARDBP
DAPHNETIN,ALOX15
DUSIGITUMAB,IGF1
DODECYLPHOSPHATE,BIN1
AZD5438,CDK4
PRU-10,ALDH7A1
GR 127935,TP53
CHEMBL:CHEMBL1543865,POLB
CHEMBL:CHEMBL600336,SMN2
TOPIRAMATE,SCN2A
INDANTADOL,GRIN1
FARNESYL DIPHOSPHATE,ADH1A
CHEMBL:CHEMBL2002487,TP53
CLEMASTINE,HRH1
VELIPARIB,PARP2
KETOCONAZOLE,ABCG2
RECOMBINANT NEUROTROPHIC FACTOR,HMOX1
MOMETASONE,NR3C1
NIFLUMIC ACID,PTGS2
SKF 105854,ABCA4
CHEMBL:CHEMBL1162298,POLB
AMIFAMPRIDINE,CALCA
DNQX,GMNN
PINDOLOL,ADRB1
CHEMBL:CHEMBL343002,SMN2
GSK1482160,P2RX7
BENZETHONIUM CHLORIDE,ATXN2
NVP-TAE684,MST1R
SOTRASTAURIN,PRKAA1
THIMEROSAL,FEN1
CALCITRIOL,MYC
ANTIDEPRESSANT AGENT,GAL
TALABOSTAT,DAPK1
CLARITHROMYCIN,F2RL1
CHEMBL:CHEMBL1256191,DRD3
PRILOCAINE,SCN8A
INIPARIB,BRCA2
PD-170292,CCKBR
RIFABUTIN,NR1I2
4-CHLOROMERCURIBENZOIC ACID,CASP1
VOLASERTIB,PLK1
BENSERAZIDE HYDROCHLORIDE,EHMT2
MG149,GDNF
METHYLDOPA ANHYDROUS,ADRA2A
TRANSPLATIN,APEX1
CEPHAPIRIN SODIUM,WRN
CYPROTERONE,CYP1A2
OXALIPLATIN,DKK1
ETOPOSIDE,MYCN
SERTRALINE HYDROCHLORIDE,TH
NPC 17731,BDKRB2
KIN-3248,FGFR2
P53/HDM2 INTERACTION INHIBITOR CGM097,TP53
CEVIMELINE HYDROCHLORIDE,CHRM1
CT-1578,JAK2
ISOPROTERENOL,TSHR
OMBRABULIN,TUBA4A
CLODRONATE DISODIUM,KMT2A
CHEMBL:CHEMBL591836,POLB
DIELDRIN,AR
PYRILAMINE,CYP1A2
GANGALEOIDIN,VDR
DOXAZOSIN MESYLATE,MTOR
DROLOXIFENE,ESR2
BAY-593074,CNR2
ROTIGOTINE,ABCD1
NALOXONE HYDROCHLORIDE,CRH
IPATASERTIB,AKT1
MERESTINIB,DRD4
RET INHIBITOR HS-10365,RET
RIFAPENTINE,AR
PROPYLTHIOURACIL,GJA1
SIMVASTATIN,HMGCR
IMAGABALIN,CACNA1A
2-BENZOYL-5-METHOXYBENZOQUINONE,HSD17B10
SB-408124,MAPT
SOTRASTAURIN,PRKCQ
LEVOSIMENDAN,TNC
MIRDAMETINIB,NF1
ARV-771,VHL
DISULFIRAM,DBH
COMPOUND R-16 [PMID: 21967808],DRD4
TOPIRAMATE,GRIA4
DALFAMPRIDINE,KCNC3
NIROGACESTAT,NCSTN
VISILIZUMAB,CTLA4
FORETINIB,DRD4
BMS493,RARB
LORLATINIB,ALK
OXYBUTYNIN,CHRM1
9-OH-RISPERIDONE,A2MP1
UPADACITINIB,TYK2
LUTEOLIN,ALOX15
ALDESLEUKIN,CD28
ROSUVASTATIN,SCAP
FAMITINIB,FLT4
ORTERONEL,CYP17A1
SURAMIN HEXASODIUM,KMT2A
AEE-788,EGFR
CHEMBL:CHEMBL1275761,NR3C1
VITAMIN D,PTPRZ1
TRIHEXYPHENIDYL,ADRB3
TRIMIPRAMINE,CRHR1
PICIBANIL,CD80
CHEMBL:CHEMBL184450,ESR1
SPLITOMICIN,CYP1A2
PACLITAXEL,NRG3
BRYOSTATIN 1,PRKCD
PEXIDARTINIB,CSF1R
3-MPPTS,ANPEP
TOPIRAMATE,GRIK2
JNJ-42153605,ANPEP
CYCLOSPORINE,TNF
SELEXIPAG,PTGIR
ESTAZOLAM,GABRG3
GLUTETHIMIDE,CYP2D6
LY395756,SLC25A4
EPOETIN ALFA,CDKN1B
COMPOUND 11 [PMID: 26431428],ERBB3
RECOMBINANT LYMPHOTOXIN BETA,CXCL8
CILOSTAZOL,VEGFA
LIDOCAINE,SCN8A
KHK-4083,TNFRSF4
(R)-STU104,ERBB2
HARMOL,RAD54L
YUANHUADINE,MET
SPIROXATRINE,ARSA
PEMETREXED DISODIUM,ERCC2
MEFENAMIC ACID,NFE2L2
IRINOTECAN HYDROCHLORIDE,PLCB1
CHEMBL:CHEMBL505670,ATXN2
DOVITINIB,PRKCD
MEK INHIBITOR II,MAP2K1
THALIDOMIDE,XRCC5
CITRIC ACID,NFE2L2
AVUTOMETINIB,MAP2K1
XALIPRODEN,HTR1A
ALTEPLASE,BDNF
VU0422288,GRM8
ISOKAEMPFERIDE,FEN1
LESTAURTINIB,HTT
STANOLONE,RXRA
COMPOUND 44 [PMID: 19748780],PTGES
LORNOXICAM,PTGS2
AZD7624,CTNNB1
PENICILLAMINE,STS
TROGLITAZONE,NFE2L2
ISOQUERCETIN,ALPL
CHEMBL:CHEMBL600692,NFE2L2
CHEMBL:CHEMBL565893,PLK1
DOVITINIB,MST1R
NS-398,ALDH1A1
INK-1117,PIK3CA
AMINOGLUTETHIMIDE,CYP1B1
PEGCANTRATINIB,NTRK1
CHEMBL:CHEMBL1519374,HTT
DESOXYCORTICOSTERONE ACETATE,NR3C2
COMPOUND 25C [PMID: 36649216],FGB
ENNIATIN B,NFE2L2
TRIADIMENOL,HSP90AA1
METHOXY POLYETHYLENE GLYCOL-EPOETIN BETA,EPOR
NISOLDIPINE,CACNA1A
PALBOCICLIB,CCND1
DSLET,APOF
ENILURACIL,DPYD
PONATINIB,RET
PIRIBEDIL,A1BG
BUPARLISIB,FGFR2
SYMPLOSTATIN 5,ELANE
GENISTEIN,NTF3
ERFONRILIMAB,CD274
VOLANESORSEN,BCHE
MEPENZOLATE,HCAR3
ESTRAMUSTINE,KLK3
FLUTAMIDE,AR
ALFUZOSIN,EHMT2
TOPIRAMATE,GRIA2
CABIRALIZUMAB,CSF1R
MIANSERIN,HRH1
PERPHENAZINE,HTR2C
CHEMBL:CHEMBL367966,FAAH
ACTINIUM AC 225 LINTUZUMAB,CD33
SIMVASTATIN,HMGCR
RITONAVIR,APOC1
GENISTEIN,RET
SALMON CALCITONIN,CALCR
CHEMBL:CHEMBL576208,HTT
INFLIXIMAB-DYYB,TNF
AS16,ABCA2
BICUCULLINE,GABRA1
CHEMBL:CHEMBL600692,EHMT2
EPOETIN ALFA,NFE2L2
BISOPROLOL,ADRB1
CHEMBL:CHEMBL585654,GMNN
SB 272183,A1BG
1-NAPHTHYLPIPERAZINE,A2MP1
PURVALANOL A,CDK4
ORLISTAT,FASN
FEVIPIPRANT,PTGDR
AMUVATINIB,RET
LAPACHONE,TNF
SEMUSTINE,ALDH1A1
STREPTOZOCIN,HGF
ABBV-744,BRD3
GIVINOSTAT,HDAC1
ALL-TRANS-RETINAL,PPARD
S33084,HTR2C
ASP5878,DR1
PHTHALAZINONE,HSD17B10
LEXIPAFANT,PTAFR
ALSTERPAULLONE,MST1R
DEXAMETHASONE,VEGFA
CALYCOSIN,POLB
CHEMBL:CHEMBL577673,AR
TYROSINE KINASE INHIBITOR,MMP1
PIVALOYLOXYMETHYLBUTYRATE,HDAC1
GALLIC ACID METHYL ESTER,APEX1
VONLEROLIZUMAB,TNFRSF4
PRASTERONE,TH
DACTINOMYCIN,GRB2
AH6809,APOB
5-HYDROXYTRYPTAMINE,ALCAM
[125I]RELAXIN-3-B/INSL5 A CHIMERA,KLK3
D-ALANINE,RGS4
GEMFIBROZIL,LPL
CHEMBL:CHEMBL580421,CYP2D6
PIVALOYLOXYMETHYLBUTYRATE,HDAC3
DIALLYLDISULFIDE,ALDH1A1
ABBV-744,BRD2
ORAL CONTRACEPTIVE,BCL2
PHENOXYBENZAMINE,CYP2D6
BRL-54443,EHMT2
FLUOROURACIL,TPT1
DORLIMOMAB ARITOX,RPL5
PAZOPANIB,PDGFRB
KA1010,HDAC4
IZENCITINIB,EPHB1
CHEMBL:CHEMBL596633,POLB
CHEMBL:CHEMBL1085282,CTSK
[125I][TYR4]BOMBESIN,ACAT1
TRANYLCYPROMINE,MAOA
OXALIPLATIN,BRCA1
APAZONE,PTGS1
CP-547632,FYN
N-DESMETHYLTAMOXIFEN,ABCG2
CHEMBL:CHEMBL1256191,EHMT2
PONATINIB,ABL1
PP2,MAP2K1
DOXORUBICIN HYDROCHLORIDE,PPARD
METHOXYCHLOR,NFE2L2
FLUOROURACIL,IL11
PERGOLIDE,DRD2
CPY,BIN1
2F-MT-45,APOF
OD36,RIPK2
2-BENZOYL-5-METHOXYBENZOQUINONE,MAPT
SULFAMETHOXAZOLE,CYP2D6
ADL5747,APOF
NEUROPROTECTIVE AGENT,BAX
ICI-199441,APOF
IDO-1 INHIBITOR LY3381916,IDO1
GSK1521498,APOF
BALAMAPIMOD,MAP2K1
GLEMBATUMUMAB VEDOTIN,TUBB4B
ATIPAMEZOLE,ABL1
BRADYZIDE,BDKRB2
2-O-ETHYL-PAF C-16,APLP2
LEVORPHANOL,APOF
FLUPHENAZINE HYDROCHLORIDE,USP1
TAMOXIFEN,F5
ALDESLEUKIN,MAPK14
RAMUCIRUMAB,ALK
LOVASTATIN,ABCB1
CARFILZOMIB,PSMC6
HYDROCODONE,APOF
DESFLURANE,GABRA1
APABETALONE,BRD4
KF26777,ABAT
MECLOFENAMATE,CPT1B
S 16924,HTR1A
SECOBARBITAL,GRIA2
PROTOXIN II,BBS1
ELACRIDAR,ABCG2
PHENYLMERCURIC ACETATE,NFE2L2
FLUNARIZINE,CALM1
METHOTREXATE,BMP7
N-ARACHIDONOYLGLYCINE,ADH1A
VIXOTRIGINE,SCN9A
XEN907,SCN9A
FIPEXIDE HYDROCHLORIDE,NFE2L2
SIROLIMUS,ERBB2
URSOLIC ACID,PTPN1
CLOSANTEL,THRB
L689560,CYP2D6
XL765,PIK3CD
ALBUSOMATROPIN,GHR
CIS/TRANS-ISOEUGENOL,NFE2L2
TILIQUINOL,NFE2L2
NVP-TAE684,PAK1
JNJ-5207852,RAD52
NELOTANSERIN,HTR2A
RETINOID X RECEPTOR AGONIST IRX4204,RXRG
RO4929097,NOTCH1
RUCAPARIB,BRCA1
AZD0328,ATF4
BORTEZOMIB,BCL2
PAZOPANIB,NF1
LAPATINIB,MET
ACETYLCHOLINE CHLORIDE,CHRM3
DICHLORPHENAMIDE,CA2
ELETRIPTAN,HTR1F
TRIHEXYPHENIDYL HYDROCHLORIDE,CHRM1
TRIDIHEXETHYL CHLORIDE,CHRM1
TIMOLOL MALEATE,ADRB1
METOPROLOL TARTRATE,ADRB1
DOPAMINE,ADRB1
PROPRANOLOL HYDROCHLORIDE,ADRB1
ALOGLIPTIN BENZOATE,DPP4
DIETHYLSTILBESTROL,ESR1
ELVITEGRAVIR,ERVW-4
PLERIXAFOR,CXCR4
RUXOLITINIB PHOSPHATE,JAK2
RUXOLITINIB PHOSPHATE,JAK1
TOPIRAMATE,GRIA3
RACEMENTHOL,TRPA1
ATORVASTATIN CALCIUM TRIHYDRATE,HMGCR
BRENTUXIMAB VEDOTIN,TUBA4A
DOCETAXEL ANHYDROUS,TUBB4B
DOCETAXEL ANHYDROUS,TUBB4A
GUANFACINE HYDROCHLORIDE,ADRA2A
MEFENAMIC ACID,PTGS2
ERGOTAMINE TARTRATE,ADRA1D
ISOETHARINE MESYLATE,ADRB2
PENBUTOLOL SULFATE,ADRB2
OXPRENOLOL HYDROCHLORIDE,ADRB2
METAPROTERENOL SULFATE,ADRB2
CARFILZOMIB,PSMB8
NABUMETONE,PTGS2
DESLANOSIDE,ATP1A3
ADENOSINE-3'-5'-BISPHOSPHATE,APBB2
PPADS,APBB2
PRIMIDONE,GABRA1
TRICLOFOS SODIUM,GABRA3
ERYTHROMYCIN LACTOBIONATE,RPSA
TETRACYCLINE,RPSA
BEPRIDIL HYDROCHLORIDE,CACNA1A
FOROPAFANT,APLP2
I-287,APOE
QUINIDINE GLUCONATE,SCN9A
QUINIDINE GLUCONATE,SCN2A
PRILOCAINE,SCN2A
LIDOCAINE,SCN2A
HALOPERIDOL DECANOATE,DRD2
QUETIAPINE FUMARATE,DRD2
METHOTRIMEPRAZINE,DRD2
RISPERIDONE,DRD2
HALOPERIDOL DECANOATE,DRD2
PALBOCICLIB,CCND1
ISOTRETINOIN,RARA
ISOTRETINOIN,RARB
PERINDOPRIL ARGININE,ACE
CUDC-101,HDAC8
GSK-1059615,PIK3R1
ALTIRATINIB,KDR
LAROTRECTINIB,NTRK1
PANULISIB,PIK3CB
RG-7603,MTOR
VS-5584,PIK3CG
LY2969822,GRM2
EVT401,P2RX7
ABT-107,CHRNA7
CAFUSERTIB,PLK1
DACTOLISIB,PIK3CA
BMS-754807,IGF1R
ULIXERTINIB,MAPK3
DACTOLISIB,PIK3CB
PEGCANTRATINIB,NTRK1
LESOGABERAN,GABBR2
IDREVLORIDE,SCNN1A
SOFINICLINE,CHRNA4
SOFINICLINE,CHRNB2
FOSDAGROCORAT,NR3C1
MOTESANIB,PDGFRA
MOTESANIB,FLT4
TRALOKINUMAB,IL13
IMAGABALIN,CACNA1S
CG250 111IN,CA9
ESLICARBAZEPINE,SCN7A
ESLICARBAZEPINE,SCN2A
ENTINOSTAT,HDAC9
KELIXIMAB,CD4
F16IL2,TNC
FLUNITRAZEPAM,GABRG3
MOXISYLYTE,ADRA1A
SITAXENTAN SODIUM,EDNRA
SITAXENTAN SODIUM,EDNRB
TETRAZEPAM,GABRG3
T-DM1,ERBB2
AGOMELATINE,MTNR1A
ALOXIPRIN,PTGS2
IMGN-388,ITGAV
RINUCUMAB,PDGFRB
DORLIMOMAB ARITOX,RPS27A
APOLIZUMAB,HLA-DRB4
APOLIZUMAB,HLA-DRB5
GLESATINIB,KDR
AMIFAMPRIDINE,KCNC4
CEMIPLIMAB-RWLC,PDCD1
BRECANAVIR,ERVW-4
EPHEDRINE,ADRA1D
CYCLOHEXIMIDE,RPL6
TOFIMILAST,PDE4B
ATALUREN,RPS8
ATALUREN,RPS27
GW9578,CCND1
ATALUREN,RPL14
APITOLISIB,F5
PUQUITINIB,F5
BEVASIRANIB,TLR3
BICIFADINE,SLC6A4
GUSACITINIB,JAK2
GUSACITINIB,TYK2
GEDATOLISIB,F5
TAPRENEPAG ISOPROPYL,PTGER2
DEPELESTAT,ELANE
IZORLISIB,F5
AZD-1236,MMP9
FUTIBATINIB,FGFR3
OMIPALISIB,PIK3CB
ZOTAROLIMUS,FKBP1A
BELVARAFENIB,RAF1
EPHEDRINE HYDROCHLORIDE,ADRA1D
BIVATUZUMAB MERTANSINE,TUBB4B
OMBIPEPIMUT-S,WT1
DICLOFENAC ETALHYALURONATE SODIUM,PTGS1
SGI-1776,F9
TEMELIMAB,ERVW-1
TILPISERTIB,MAP3K8
COAGULATION FACTOR IX RECOMBINANT IMMUNOGLOBULIN G1 FUSION PROTEIN,F9
SEPETAPROST,PTGFR
MITIGLINIDE,KCNJ11
VENGLUSTAT,UGCG
HEPARIN,SERPINC1
PALBOCICLIB,CDK4
RONICICLIB,CCND3
RONICICLIB,CDK4
XL765,PTEN
XL765,PIK3R1
GEDATOLISIB,PTEN
IDRONOXIL,CFLAR
TIVOZANIB,KDR
VANDETANIB,KDR
ENMD-2076,FGFR3
PTHRP-(1-21)/PTH-(22-34) (HUMAN),XIAP
CHEMBL:CHEMBL81782,ALPL
ALL-TRANS-RETINAL,CXCL8
HOMIDIUM BROMIDE,TNF
ELLIPTECINE,STAT6
MANEB,NFE2L2
CHEMBL:CHEMBL1164975,ALOX12
"[ALA1,12,AIB3,GLN10,HARG11,TRP14,ARG19]PTH-(1-21)-NH2 (HUMAN)",XIAP
GOSSYPOL,DRD1
PRRP-31,APOA4
CETALKONIUM CHLORIDE,AR
GOSSYPOL,ARSA
DIFENOCONAZOLE,AR
BENZETHONIUM CHLORIDE,RXRA
SB220025,MAP4K4
TIP39-(3-39) (HUMAN/BOVINE),XIAP
CYCLOSPORINE,PPIA
TIP39,XIAP
CETYLPYRIDINIUM CHLORIDE,USP1
CHEMBL:CHEMBL585656,GMNN
ELLIPTECINE,NFE2L2
[TYR34]PTH-(1-34) (HUMAN),XIAP
IBUFENAC,EHMT2
{4-[3-(4-ACETYL-3-HYDROXY-2-PROPYLPHENOXY)PROPOXY]PHENOXY}ACETIC ACID,NFE2L2
CHEMBL:CHEMBL599100,SMAD3
GOSSYPOL,HPGD
{4-[3-(4-ACETYL-3-HYDROXY-2-PROPYLPHENOXY)PROPOXY]PHENOXY}ACETIC ACID,PPARA
TROGLITAZONE,PPARG
ENILCONAZOLE,AR
TRANILAST,NPC1
CHEMBL:CHEMBL591628,ALDH1A1
MLN-8054,PAK1
"LIPOIC ACID, ALPHA",HSD17B10
PIMARIC ACID,RARA
CLOROPHENE,RXRA
CHEMBL:CHEMBL533602,HTT
BENSERAZIDE HYDROCHLORIDE,ALPI
PIMOZIDE,CYP2D6
ALITRETINOIN,RXRA
DITHIAZANINE IODIDE,NLRP1
CADMIUM ACETATE,VDR
THIMEROSAL,RXRA
XANTHOANGELOL,ATXN2
CHEMBL:CHEMBL588143,SUMO1
TRIBUTYLCHLOROSTANNANE,AR
DITHIOLETHIONE,ALOX15
CHEMBL:CHEMBL403308,SIRT1
CHEMBL:CHEMBL582697,EHMT2
CHEMBL:CHEMBL1622802,SMAD3
ALL-TRANS-4-OXO-RETINOIC ACID,BCL2L2
GIPARMEN,AR
CISPLATIN,KAT2A
INDACATEROL,ADRB1
CIGLITAZONE,KAT2A
THIMEROSAL,VDR
MESTRANOL,CYP1A2
CURCUMIN,ERBB4
CHEMBL:CHEMBL591628,MAPT
ALPROSTADIL,CYP1A2
CLIOQUINOL,NR3C1
GOSSYPOL,APEX1
TRYPTANTHRIN,NFE2L2
IMIQUIMOD,GMNN
NAMODENOSON,NFE2L2
DECYNIUM 22,POLB
CISPLATIN,HPGD
CGP74514A,GMNN
CHEMBL:CHEMBL1451216,PLK1
OUABAIN,SMAD3
CHLORHEXIDINE HYDROCHLORIDE,MAPK1
CURCUMIN,CAMK2A
MILTIRONE,ABCB1
(S)-AMPA,CYP2D6
DISULFIRAM,GMNN
STAVUDINE,CYP2D6
TAXIFOLIN,POLB
PURPUROGALLIN,TNNI3
GOSSYPOL,MAPK1
QUINESTROL,ATXN2
TORSEMIDE,CYP2D6
METHYL ROBUSTONE,TP53
CHEMBL:CHEMBL260451,NPC1
2-BENZOYL-5-METHOXYBENZOQUINONE,USP1
2-CHLORO-5-NITRO-N-PHENYLBENZAMIDE,AR
CHEMBL:CHEMBL585502,FEN1
AMITRAZ,NFE2L2
AMOXAPINE,TP53
CHEMBL:CHEMBL19954,APEX1
HYDROCORTISONE SODIUM PHOSPHATE,AR
PP2,KDR
NVP-TAE684,LYN
LEUCETTAMINE B,DYRK1A
LUTEOLIN,ALDH1A1
URSOLIC ACID,HSD11B1
CHLOROXINE,EHMT2
SULFAQUINOXALINE,AR
IFENPRODIL,MTOR
BENZETHONIUM CHLORIDE,RAD52
CHEMBL:CHEMBL591137,ALDH1A1
CHEMBL:CHEMBL81782,NFE2L2
CHEMBL:CHEMBL588749,PLK1
NADA,ALDH1A1
HOMIDIUM BROMIDE,HTT
QUERCETAGETIN,NFKB1
CHEMBL:CHEMBL1372046,MAPT
CHEMBL:CHEMBL63329,DRD1
QUINACRINE DIHYDROCHLORIDE,TP53
4-PHENYLENEDIAMINE,NFE2L2
CHEMBL:CHEMBL45349,CYP1A2
CURCUMIN,PTGS2
ACITRETIN,KAT2A
THIOPHANATE METHYL,NFE2L2
CHEMBL:CHEMBL585240,EHMT2
ALL-TRANS-RETINAL,ALDH1A1
DOXORUBICIN HYDROCHLORIDE,BRCA1
TERPYRIDINE,ALPL
CHEMBL:CHEMBL602740,SMAD3
AT-9283,FCGR3A
PHLORETIN,HPGD
OCTYLONIUM,GMNN
OUABAIN,KLF5
EPIGALLOCATECHIN-3-GALLATE,ALB
1-PHENYLBIGUANIDE,CYP1A2
PENTAMIDINE ISETHIONATE,POLB
GLABROL,PPARG
CERDULATINIB,STK4
PD-0166285,IGF1R
FOLPET,PPARD
NIFEDIPINE,MAPT
HYDROXYZINE,CYP1A2
NVP-TAE684,FYN
CHEMBL:CHEMBL588859,GSK3B
OXADIAZON,AR
EPIRUBICIN HYDROCHLORIDE,NFE2L2
PD-0166285,FYN
CHEMBL:CHEMBL1363249,ALDH1A1
"2',4'-DIHYDROXYCHALCONE",VDR
RHEIN,ALOX15
SIDURON,NFE2L2
PRAZOSIN,AR
DOVITINIB,NTRK1
LEVOMILNACIPRAN,CD9
CHEMBL:CHEMBL1910971,PADI4
ISOPROTERENOL,EHMT2
BEPRIDIL,EHMT2
CHEMBL:CHEMBL578512,MAPT
CHEMBL:CHEMBL582473,TP53
JNJ16259685,SMN2
IRL 2500,CASP7
ATENOLOL,ADRB1
CHEMBL:CHEMBL1383812,POLB
CASTANOSPERMINE,GAA
SOTRASTAURIN,RPS6KB1
CHEMBL:CHEMBL581929,HPGD
CHEMBL:CHEMBL585622,RAD52
HYPEROSIDE,GAA
CLIOXANIDE,SMAD3
GUTHION,KAT2A
LIFASTUZUMAB VEDOTIN,CHRNA3
DEFERASIROX,AR
NVP-TAE684,PRKACA
CHEMBL:CHEMBL220845,ALOX15
FLUPHENAZINE HYDROCHLORIDE,CYP2D6
QUINAPRIL HYDROCHLORIDE,GMNN
ALL-TRANS-RETINAL,NFE2L2
CHEMBL:CHEMBL233194,SMN1
CHLORHEXIDINE HYDROCHLORIDE,KMT2A
MLN-8054,SRC
TBBT,NFKB1
EPINEPHRINE BITARTRATE,HIF1A
PROPICONAZOLE,HSP90AA1
DIALLYLDISULFIDE,HPGD
GOSSYPETIN,APEX1
MEGESTROL ACETATE,AR
GLYASPERIN D,GMNN
PALBOCICLIB,CDK4
PALBOCICLIB,CCND1
CHEMBL:CHEMBL576208,NFE2L2
CHLOROTHALONIL,THRB
CHEMBL:CHEMBL580421,CYP1A2
MLN-8054,FLT4
PHENYLMERCURIC ACETATE,TDP1
CHEMBL:CHEMBL1490332,RAD52
CHEMBL:CHEMBL592124,MAPT
ASPIRIN,TSHR
TOPOTECAN HYDROCHLORIDE,PLK1
THIOPHANATE METHYL,ALDH1A1
GOSSYPOL,CASP1
KEPONE,NR3C1
CAPSAZEPINE,EHMT2
RUCAPARIB,DYRK1A
EPHEDRINE,HPGD
HEMOPRESSIN,CNR1
CHEMBL:CHEMBL547833,FEN1
SLAZINIC ACID,KAT2A
HESPERIDIN,HPSE
CHEMBL:CHEMBL227959,EHMT2
IDAZOXAN,PPARD
BICUCULLINE,GABRA1
CHEMBL:CHEMBL532849,HSD17B10
CROMOGLYCATE,CYP2D6
DOVITINIB,RPS6KB1
CHEMBL:CHEMBL2002487,NFE2L2
CHLOROQUINE,CYP2D6
CLOSANTEL,EHMT2
CHEMBL:CHEMBL483838,SUMO1
GSK-269962A,PRKCD
ESTRADIOL VALERATE,AR
DITHIOLETHIONE,KAT2A
MELEVODOPA,HSD17B10
NVP-TAE684,PRKAA1
LANSOPRAZOLE,PLK1
CHEMBL:CHEMBL1386434,ALDH1A1
CHEMBL:CHEMBL590184,HSP90AA1
NOREPINEPHRINE,MAPT
DIMETHISOQUIN HYDROCHLORIDE,AR
PYRIDABEN,AR
(-)-N-PORPHYNORAPOMORPHINE,EHMT2
PALINURIN,GSK3B
CASEARINONE B,ITGAL
OCHROMYCINONE,STAT3
CHEMBL:CHEMBL591137,CASP6
SOTRASTAURIN,EGFR
SKIMMIANINE,CYP1A2
DIFFRACTAIC ACID,PLK1
SARCOLYSIN,MAPT
THIMEROSAL,PLK1
TYRPHOSTIN 47,MAPK1
VINBLASTINE,ABCB1
CHEMBL:CHEMBL585240,FEN1
CHEMBL:CHEMBL1486366,ALDH1A1
CHEMBL:CHEMBL59150,VDR
LISINOPRIL HYDRATE,EHMT2
CGS 21680,ADORA2A
METHYLDOPA (RACEMIC),HPGD
CHEMBL:CHEMBL598679,GMNN
CYMOXANIL,NFE2L2
PROSTAGLANDIN A2,POLB
PP2,PRKACA
MLN-8054,FGFR3
HYMECROMONE METHYL ETHER,HSD17B10
(S)-VERAPAMIL,ABCC1
PHENOXYBENZAMINE,NFE2L2
CHEMBL:CHEMBL1494650,TP53
CHEMBL:CHEMBL1276446,GSK3B
COCLAURINE,EHMT2
AMARANTH,FEN1
METHYLENE BLUE,TDP1
CHEMBL:CHEMBL1170485,HTT
PARAROSANILINE,MAPT
VANOXERINE,AR
DISULFIRAM,AR
THAPSIGARGIN,HSPA5
ONTERNABEZ,GLRA2
SP-600125,FRK
ELLIPTECINE,GMNN
STAVUDINE,PLK1
SOTRASTAURIN,MST1R
CHEMBL:CHEMBL428064,NFE2L2
CP-547632,PDGFRB
CHEMBL:CHEMBL2036119,TUBA4A
CYCLOASPEPTIDE A,NFE2L2
MERCURIC CHLORIDE,EHMT2
CHEMBL:CHEMBL596633,KMT2A
TPCK,ALDH1A1
FIPEXIDE HYDROCHLORIDE,AR
BUNITROLOL,ADRB2
TANESPIMYCIN,HIF1A
CHEMBL:CHEMBL78920,HIF1AN
CLOSTEBOL,AR
CHEMBL:CHEMBL505670,KAT2A
CHEMBL:CHEMBL1256876,DRD3
INGLIFORIB,AR
HYCANTHONE,NFE2L2
QUININE ETHYLCARBONATE,AR
PAPAVERINE,CREBBP
DIBUTYLDICHLOROSTANNANE,NR3C1
CADMIUM ACETATE,APEX1
IPRONIAZID PHOSPHATE,EHMT2
CLOFIBRIC ACID,CYP2D6
CAPSAZEPINE,HPGD
CHEMBL:CHEMBL47875,TARDBP
CHEMBL:CHEMBL599712,PLK1
SOTALOL,ADRB2
CHEMBL:CHEMBL2088730,MAPK3
CHEMBL:CHEMBL2088730,MAPK1
PROADIFEN HYDROCHLORIDE,ATXN2
CHEMBL:CHEMBL525826,HTT
CURCUMIN,PTGS1
NALOXONE BENZOYLHYDRAZONE,EHMT2
FLUORANTHENE,HSD17B10
CALMIDAZOLIUM CHLORIDE,IDE
SPIRONOLACTONE,AR
METHYL ANTHRANILATE,HSD17B10
TBBT,KAT2A
THIOGUANOSINE,EHMT2
LUCIDUMOL A,NR1H4
ECHINATIN,PPARG
CHEMBL:CHEMBL184450,AR
NORADRENALINE,HIF1A
PIMOZIDE,XBP1
CHEMBL:CHEMBL505670,HTT
TALIPEXOLE,EHMT2
ACARBOSE,GAA
ACITRETIN,USP1
GUTHION,HPGD
PD-0166285,MAP4K4
COUMESTROL,SUMO1
MERSALYL,KAT2A
(S)-ALAPROCLATE,CYP1A2
VINBURNINE,GMNN
DEXEFAROXAN,CYP2D6
BENZOPHENONE,ALDH1A1
THIORIDAZINE,DRD1
DIETHYLSTILBESTROL,NR1I2
O-F-AMIDINE,PADI2
TYRPHOSTIN 47,ALOX12
CILNIDIPINE,AR
CHEMBL:CHEMBL2002487,GAA
DOMIPHEN BROMIDE,ALDH1A1
METHYLENE BLUE,TNF
CLOFENOXYDE,GMNN
OUABAIN,NR3C1
PAZOPANIB,PDGFRB
LOFEXIDINE,CYP2D6
MYCOPHENOLATE,HPRT1
ROCILETINIB,EGFR
MASITINIB,FGFR2
RABEPRAZOLE,FGFR3
MASITINIB,FGFR3
COBIMETINIB,MAP2K1
COPANLISIB,PIK3CB
AXITINIB,PDGFRB
COPANLISIB,PIK3CD
COPANLISIB,PIK3R1
BUPARLISIB,PIK3R4
PICTILISIB,PIK3CG
PICTILISIB,PIK3R4
PICTILISIB,PIK3CD
PILARALISIB,PIK3R4
PILARALISIB,PIK3R1
MOTESANIB,FLT4
SUNITINIB,PDGFB
BOC-ATE,FASLG
NITROGLYCERIN,HIF1A
BIM 23454,FAS
THROMBIN,A2M
PROBENECID,ABCB1
MESTRANOL,AGT
EPOETIN ALFA,AFP
DC 23-60,FASLG
MASOPROCOL,AFP
CYCLOSPORINE,AIFM1
H2O2,AGTR1
GENISTEIN,AGTR1
[125I]TYR10-CST14,AQP1
PREDNISONE,APOE
THERAPEUTIC HORMONE,ATP7A
DONEPEZIL,BDNF
GP-120 ANTIGEN,BDNF
CURCUMIN,BDNF
DACTINOMYCIN,BDNF
NVP‐TNKS656,HLA-DMA
DITIOCARB,BDNF
RECOMBINANT TRANSFORMING GROWTH FACTOR,BDNF
CELECOXIB,BGLAP
ISOFLAVONE,BGLAP
RESVERATROL,BGLAP
ARGIPRESSIN,BDNF
VINORELBINE,BRCA1
DOXORUBICIN HYDROCHLORIDE,BRCA1
AZ1366,HLA-DMB
THROMBIN,CAST
IL-3,CA2
EPINEPHRINE,CAST
IL-12,CDKN1B
CELECOXIB,COL18A1
H2O2,COL18A1
THROMBIN,COL18A1
CYTARABINE,CSF2
ANTISERUM,CUBN
ALENDRONATE SODIUM,CYP19A1
DOXORUBICIN HYDROCHLORIDE,CYP1A1
SULFAMETHOXAZOLE,CYP1A2
BROMOCRIPTINE,CYP1A2
DECITABINE,CYP27B1
NEVIRAPINE,CYP2B6
RECOMBINANT INTERFERON,DCN
STREPTOZOCIN,DDIT3
CELECOXIB,DDIT3
CAPECITABINE,DPYD
LITHIUM,DRD2
FLUOROURACIL,DPYD
FLUOROURACIL,DPYD
STREPTOZOCIN,ENO2
CAPSAICIN,EPOR
HYDROGEN PEROXIDE,F9
SODIUM CHLORIDE,FCGR3B
CYCLOSPORINE,FCGR3B
ATORVASTATIN CALCIUM TRIHYDRATE,FGF2
ESTRADIOL VALERATE,GAPDH
FADROZOLE,GFAP
RECOMBINANT TRANSFORMING GROWTH FACTOR-BETA 1,GDNF
GP-120 ANTIGEN,GFAP
CAPSAICIN,GFAP
RESVERATROL,GDF15
SOMATROPIN (RECOMBINANT DNA ORIGIN),GHRL
ANTISERUM,GHRH
METHYLNITROSOUREA,GGT1
DISULFIRAM,GGT1
GP-120 ANTIGEN,GPX1
ORAL CONTRACEPTIVE,GSR
GOSERELIN ACETATE,GSR
GANCICLOVIR,GRM5
CURCUMIN,GSTM1
AMPHOTERICIN B LIPOSOMAL,GSTP1
MELPHALAN,GSTP1
METYROSINE,IL2
CALCITRIOL,IL2
BROMOCRIPTINE,IL2
CEFEPIME,IL2
ANTISERUM,IL2RA
ACETAMINOPHEN,IL2
FLUOROURACIL,IL2RA
PACLITAXEL,IL2RA
RECOMBINANT CD40-LIGAND,ITGAL
PROTEASE INHIBITOR,ITGAX
H2O2,ITGB2
BUTEIN,ITGB2
VISILIZUMAB,ITGB2
SODIUM CHLORIDE,ITGB2
DOXORUBICIN HYDROCHLORIDE,KRT20
ETOPOSIDE,KLK3
PROPYLTHIOURACIL,LEP
ATENOLOL,LDLR
GLUCAGON (RDNA),LDLR
ANTIVIRAL AGENT,LDLR
MIRTAZAPINE,LEP
ATORVASTATIN CALCIUM TRIHYDRATE,LIPC
[PEN5]U-(4-11) (HUMAN),UTS2R
REBAMIPIDE,MAPK1
PREDNISONE,MBP
LITHIUM,MPO
RESVERATROL,MMP2
GLUTAMINE,MYC
AMIFOSTINE ANHYDROUS,MYC
RECOMBINANT INTERFERON,NFKBIL1
NIMODIPINE,NOS2
HYDROCORTISONE BUTYRATE,NOTCH1
HYDROCORTISONE BUTYRATE,NPPC
AZATHIOPRINE,NPPA
DOXORUBICIN HYDROCHLORIDE,NQO1
DOXORUBICIN HYDROCHLORIDE,NT5E
IL-3,NRG1
ANTISERUM,NRG1
ANTIESTROGEN,NRG1
ASPIRIN,NRG1
ALITRETINOIN,P2RY2
TRAIL,PIK3CA
GLUCAGON (RDNA),PIK3CG
THERAPEUTIC GONADOTROPIN,PIK3CG
PROGESTIN,PIK3CG
PTHRP,PIK3CG
RECOMBINANT THYROID-STIMULATING HORMONE,PIK3CG
PIROXICAM-BETA-CYCLODEXTRIN,PLA2G2A
EPOETIN ALFA,PLA2G7
RETINOIC ACID AGENT,RARA
METHYLNITROSOUREA,RARA
TYROSINE KINASE INHIBITOR,RET
VENETOCLAX,BCL2
THERAPEUTIC GLUCOCORTICOID,SLC2A1
INDINAVIR,SLC2A4
GENISTEIN,SLC2A4
EPINEPHRINE,SLC2A4
ALPHA-ADRENERGIC ANTAGONIST,SLC2A4
THERAPEUTIC HORMONE,SLC2A4
SORBITOL,SLC2A4
ANTIESTROGEN,SMAD3
ATORVASTATIN CALCIUM TRIHYDRATE,SOAT1
PAZOPANIB,FGFR1
GANCICLOVIR,SST
RECOMBINANT NEUROTROPHIC FACTOR,SREBF1
DOXORUBICIN HYDROCHLORIDE,SP3
GP-120 ANTIGEN,SST
IL-12,STAT4
RESERPINE,TAC1
THERAPEUTIC GLUCOCORTICOID,TAT
GENISTEIN,TAT
PHENOBARBITAL,TAT
THERAPEUTIC HORMONE,TFF2
DECITABINE,THBS1
ALPROSTADIL,THBD
DEFEROXAMINE,WT1
AFIMOXIFENE,FGFR1
TROGLITAZONE,XIAP
IMATINIB,XIAP
RUCAPARIB,BRCA1
ERLOTINIB,EGFR
PAZOPANIB,FLT4
TRAMETINIB DIMETHYL SULFOXIDE,NF1
ZILUCOPLAN,CHRNA3
BUPROPION HYDROCHLORIDE,APOE
PLATINUM,STMN1
PROTEASE INHIBITOR,APOC3
OLAPARIB,PALB2
TRIMIPRAMINE,CACNG2
TAMOXIFEN,CYP19A1
TAMOXIFEN,ESR2
CISPLATIN,PIK3CA
THERAPEUTIC CORTICOSTEROID,HDAC1
PAZOPANIB,EWSR1
TOPOTECAN HYDROCHLORIDE,ABCG2
FELODIPINE,ABCG2
NIFEDIPINE,SLC14A2
DISULFIRAM,DRD2
AMIFAMPRIDINE,NAT2
CURCUMIN,ABCB1
AMISULPRIDE,ABCB1
INDINAVIR,ABCB1
FELODIPINE,ABCB1
PROBENECID,ABCB1
PEMETREXED DISODIUM,EXO1
PERPHENAZINE,RGS4
PEGINTERFERON ALFA-2A,CTLA4
JAK3 INHIBITOR II,ALK
LAPATINIB,EGFR
GEMCITABINE,ERCC1
GEFITINIB,NUP62
BILIRUBIN,SOD2
AVELUMAB,CD274
PALIPERIDONE,NFIB
ACETAMINOPHEN,PLA2G4A
FOSPHENYTOIN,HLA-B
ABACAVIR,HLA-DQB1
IXABEPILONE,ESR1
ROPEGINTERFERON ALFA-2B,JAK2
SORAFENIB,PDGFRA
PEGINTERFERON ALFA-2A,EGFR
URACIL,EGFR
CYCLOSPORINE,DHFR
PACLITAXEL,EGFR
METHOTREXATE,TLR4
VINCRISTINE,RAC2
VINCRISTINE,TPMT
VINCRISTINE,MTHFR
FENTANYL CITRATE,CYP2D6
ACETAMINOPHEN,CYP2D6
RITONAVIR,CYP2D6
AZATHIOPRINE,FTO
CYCLOSPORINE,MTHFR
BUPROPION HYDROCHLORIDE,DRD1
OXCARBAZEPINE,HLA-DRB1
DEFERASIROX,CYP24A1
ROSUVASTATIN,HLA-DRB1
METHOTREXATE,HLA-C
METHOTREXATE,RBMS3
ABCIXIMAB,ITGA2B
RIVAROXABAN,F5
LAPATINIB,PIK3CA
LEUCOVORIN CALCIUM,ABCC1
PAZOPANIB,FGFR2
LEUCOVORIN CALCIUM,MTRR
WARFARIN,CYP2C18
SIMVASTATIN,F3
PEGINTERFERON ALFA-2B,CXCL10
DEXAMETHASONE,BMP7
CHEMBL:CHEMBL1412489,CYP1B1
LESTAURTINIB,NTRK1
DENILEUKIN DIFTITOX,IL2RA
METFORMIN,PPARG
LAPATINIB,ERBB3
PANITUMUMAB,NRG3
IRINOTECAN HYDROCHLORIDE,PIN1
PACLITAXEL,ETS2
GLUCARPIDASE,NTRK1
CARBAMAZEPINE,PSORS1C1
CARBAMAZEPINE,NR1I3
IRINOTECAN HYDROCHLORIDE,NAT2
IMATINIB,ABL2
BEVACIZUMAB-AWWB,CXCR4
ILOPERIDONE,CNTF
IRINOTECAN HYDROCHLORIDE,PDGFRB
TAMIBAROTENE,PML
URACIL,MTRR
ANTIDEPRESSANT AGENT,CACNA1A
LAROTRECTINIB,NTRK1
OMACETAXINE,BCR
ANTICONVULSANT AGENT,SOD2
WARFARIN,SLC15A2
OBINUTUZUMAB,MS4A1
LAPATINIB,ESR1
ZIDOVUDINE,NME2
CILENGITIDE,ITGAV
MK0731,KIF11
"INSULIN, REGULAR, HUMAN",INSR
ALEGLITAZAR,PPARA
ESKETAMINE HYDROCHLORIDE,GRIN2A
ANAKINRA,IL1R1
ATAMESTANE,CYP19A1
PREDNISONE,NR3C1
AUS-131,ESR2
ATORVASTATIN CALCIUM TRIHYDRATE,HMGCR
AVE-1625,CNR1
BAMINERCEPT ALFA,TNFSF14
BELIMUMAB,TNFSF13B
BUPROPION HYDROCHLORIDE,SLC6A3
CLOPIDOGREL,P2RY12
CORT 108297,NR3C1
CROFELEMER,CFTR
CTA018,CYP24A1
KB002,CSF2
LEVOMILNACIPRAN,SLC6A4
MASITINIB,SRC
MEM 1414,PDE4B
RG3487,CHRNA7
MILATAXEL,BCL2
MINODRONIC ACID,FDPS
LAROPIPRANT,PTGDR
PLERIXAFOR,CXCR4
AMUVATINIB,PDGFRB
AMUVATINIB,RET
NAPROXCINOD,PTGS2
PALIPERIDONE,HTR2A
PENTOSTATIN,ADA
PREGABALIN,CACNA1A
PONATINIB,ABL1
SERTINDOLE,HTR2A
DILMAPIMOD,MAPK14
TOZADENANT,ADORA2A
SUNITINIB,RET
TELATINIB,FLT4
MTOR KINASE INHIBITOR AZD8055,MTOR
TRANEXAMIC ACID,PLAT
DIAZEPINOMICIN,TSPO
INDANTADOL,MAOA
VOLOCIXIMAB,ITGB1
VIPADENANT,ADORA2A
TASELISIB,PIK3CA
CERULETIDE,CCKAR
CLEMASTINE,HRH1
COCAINE,DRD3
DEMECARIUM BROMIDE,ACHE
DIFLORASONE DIACETATE,NR3C1
FLUTAMIDE,AR
ATEZOLIZUMAB,JAK3
HALOPERIDOL DECANOATE,DRD2
METHYLHOMATROPINE,CHRM2
METHYLDOPA ANHYDROUS,ADRA2A
METHARBITAL,GRIK2
MIANSERIN,ADRA2A
NIFLUMIC ACID,PLA2G1B
NORGESTIMATE,ESR1
OXYPHENONIUM,CHRM1
PERGOLIDE,DRD1
TRANYLCYPROMINE,MAOB
TRIDIHEXETHYL,CHRM2
TIAPROFENIC ACID,PTGS2
ZUCLOPENTHIXOL,DRD2
DEBRISOQUIN,ADRA1A
ATEZOLIZUMAB,CX3CL1
DIFLUPREDNATE,NR3C1
ISOTRETINOIN,RARA
METHOHEXITAL,GABRA1
NOREPINEPHRINE,ADRA1D
PROMETHAZINE HYDROCHLORIDE,CHRM2
SECOBARBITAL,GABRA3
SECOBARBITAL,GABRA1
YSIL6,IL6
AXICABTAGENE CILOLEUCEL,CD19
SORAFENIB,EGFR
AZD-8186,PIK3CG
BLZ-945,CSF1R
BELVARAFENIB,RAF1
PALUPIPRANT,PTGER4
DALANTERCEPT,ALK
ATM INHIBITOR M 3541,ATM
EVEXOMOSTAT,METAP2
FF-10501-01,CTLA4
PAZOPANIB,FGFR2
ZOLIGRATINIB,FGFR3
SABATOLIMAB,HAVCR2
VENGLUSTAT,UGCG
INEBILIZUMAB-CDON,CD19
ETOPOSIDE,ALK
SPESOLIMAB,IL1RL2
BREPOCITINIB,TYK2
SETIPIPRANT,PTGDR
SELUMETINIB,ALK
CABIRALIZUMAB,CSF1R
CABIRALIZUMAB,CSF1R
DACOMITINIB ANHYDROUS,ERBB2
SHP2 INHIBITOR PF-07284892,ALK
METHAZOLAMIDE,INSR
VOLASERTIB,PLK1
SAMALIZUMAB,CD200
XL418,RPS6KB1
DICHLORPHENAMIDE,CA2
"INSULIN, REGULAR, PORK",INSR
TRIMEPRAZINE,HRH1
CYTISINE,CHRNA7
CYTISINE,CHRNA4
NICARAVEN,PARP1
AEE-788,FGFR2
MPI-0479605,CTNNB1
BRIVANIB ALANINATE,FGFR3
AMITIFADINE HYDROCHLORIDE,SLC6A3
PRIMIDONE,GABRA1
VOCLOSPORIN,PPP3CA
SB-743921,KIF11
EVEROLIMUS,CTNNB1
PEMIGATINIB,FGFR1
LENVATINIB,FGFR1
FENBUFEN,PTGS2
ODM-203,FGFR1
RESERPINE,SLC18A2
METHSCOPOLAMINE,CHRM2
ABT-737,FGFR2
GW 597599,TACR1
MK-0773,AR
PRI-724,CREBBP
OBATOCLAX,BCL2L1
TOFIMILAST,PDE4B
CARBAMAZEPINE,XK
DUVELISIB,PIK3CG
POLMACOXIB,CA2
LORLATINIB,ALK
LIDOFLAZINE,XK
SELUMETINIB,JAK3
PREDNISONE,NR3C1
LY2828360,CNR2
EG5 KINESIN-RELATED MOTOR PROTEIN INHIBITOR 4SC-205,KIF11
AFACIFENACIN,XK
ENZALUTAMIDE,AR
TINZAPARIN SODIUM,SERPINC1
BASILIXIMAB,IL2RA
ANDROGEN RECEPTOR ANTISENSE OLIGONUCLEOTIDE AZD5312,AR
[3H]LY334370,HTR1F
MECLOFENAMATE SODIUM,PTGS2
VARLITINIB,EGFR
DEGLYCOSYLATED RICIN A CHAIN-CONJUGATED ANTI-CD19/ANTI-CD22 IMMUNOTOXINS,CD19
BENRALIZUMAB,IL5RA
BETRIXABAN,F10
ANTAZOLINE,HRH1
ATRACURIUM,CHRNA4
ANAKINRA,IL1R1
ANASTROZOLE,CYP19A1
CALCIFEDIOL ANHYDROUS,VDR
CLEMASTINE,HRH1
MIRDAMETINIB,MAP2K1
INK-1117,PIK3CA
ODANACATIB,CTSK
TAK-071,CHRM1
ENTOLIMOD,TLR5
XEVINAPANT,BIRC2
RHODACYANINE ANALOG MKT-077,HSPA9
BIMOSIAMOSE,SELE
LECOZOTAN HYDROCHLORIDE,HTR1A
BUCINDOLOL HYDROCHLORIDE,ADRB2
RISPERIDONE,A1BG
RITANSERIN,A1BG
SB 216641,A2M
SDZ SER-082,HTR2C
RS 100235,NAT1
GR 125487,NAT1
CLONIDINE HYDROCHLORIDE,ABCA4
NIGULDIPINE,ABCA4
RISPERIDONE,ABCA4
ALFUZOSIN,ABCA4
[3H]MK-912,ABL1
TIZANIDINE HYDROCHLORIDE,ABL1
"5-(N,N-HEXAMETHYLENE)-AMILORIDE",ABL1
[3H]MK-912,AOC1
DEXMEDETOMIDINE HYDROCHLORIDE,AOC1
PRAZOSIN,AOC1
[3H]MK-912,ABL2
RACEPINEPHRINE,ABL2
NAPHAZOLINE,ABL2
"(R,S)-PHPNECA",ABCA1
D-NAL-CYS-TYR-D-TRP-LYS-VAL-CYS-NAL-NH2,ACAT1
"[D-TYR6,(R)-APA11,PHE13,NLE14]BOMBESIN-(6-14)",ASIC2
SIM1,EFNA3
MET-LYS-BRADYKININ,ASIC1
B-10356,ASIC1
SSR240612,ASIC1
NG291,BDKRB2
FINGOLIMOD,KMT2A
NPC 17731,ASIC1
MET-LYS-BRADYKININ,BDKRB2
Z-360,CCKBR
"(7S)-2-(2-AMINOPYRIMIDIN-4-YL)-7-(2-FLUOROETHYL)-1,5,6,7-TETRAHYDRO-4H-PYRROLO[3,2-C]PYRIDIN-4-ONE",EGR3
BSJ-03-123,CDK4
KINASE INHIBITOR 2 [PMID: 30199702],EIF4E
PURVALANOL A,EIF4E
(S)-CR8,EIF4E
DINACICLIB,EIF4G1
THAL-SNS-032,EIF4G1
LUNACALCIPOL,CLDN3
URMC-099,ELK3
CI-1040,MAP2K1
ML321,ABCD1
PERPHENAZINE,ABCD1
PF-592379,ALDH1A1
7-TRANS-OH-PIPAT,ALDH1A1
R-VK4-40,ALDH1A1
FLUOROURACIL,MSH2
PIRIBEDIL,ALDH2
[125I]L750667,ALDH2
SPIPERONE,ALDH1A1
COMPOUND 5B [PMID: 24900464],MARK2
TILARGININE,NOS3
EPZ011989,EZH2
NAZARTINIB,DXO
PD166285,DXO
MS39,DXO
SIROLIMUS,PIK3CA
PKI166,DXO
JNJ-42165279,CRMP1
OSI-027,PIK3CA
LORLATINIB,ENO1
GRIFOLIC ACID METHYL ETHER,ADH4
IPATASERTIB,PTEN
COMPOUND 19B [PMID: 37058391],HNMT
COMPOUND 8I [PMID: 22765894],DRD1
GSK2334470,PTEN
BLZ945,PTEN
FIMEPINOSTAT,PTEN
TETRAHYDRODEOXYCORTICOSTERONE,GABRA1
SAPANISERTIB,PTEN
&ALPHA;5IA,ARNT
ABT-737,PTEN
PIPERIDINE-4-SULPHONIC ACID,ARNT
RO15-4513,ARNT
MIRDAMETINIB,PTEN
ANIRACETAM,GRIA3
SUNITINIB,VHL
[3H]CGP39653,GRIN2B
"5,7-DICHLOROKYNURENIC ACID",GRIN2B
DACTOLISIB,MTOR
MARTINOSTAT,MSTN
CABERGOLINE,DRD2
GIVINOSTAT,MSTN
GIVINOSTAT,HDAC4
PRACINOSTAT,MSTN
TUBACIN,GART
SS-208,MSTN
IZORLISIB,PIK3CA
QUISINOSTAT,GART
SS-208,GART
GIVINOSTAT,GART
COMPOUND 16 [PMID: 20947351],GART
SANTACRUZAMATE A,GART
PIP2,ITPR1
CYCLOPHOSPHAMIDE ANHYDROUS,ADH1C
SPARTALIZUMAB,PDCD1
GOLVATINIB,DRD2
INDIUM-111,EGFR
ERGTX-1,BAD
APX-3330,APEX1
"3S,4R-293B",AZF1
AUTOLOGOUS ANTI-CD19 CHIMERIC ANTIGEN RECEPTOR T-CELLS C-CAR011,CD19
COMPOUND 39 [PMID: 23623673],LTC4S
FARNESYL DIPHOSPHATE,BIN1
KDM5 INHIBITOR N71,GFRA2
COMPOUND 6A [PMID: 18942826],GFRA2
BIM 23052,FASLG
L-CCG-I,ANPEP
COBIMETINIB,MAP2K1
MEK INHIBITOR I,MAP2K1
COMPOUND 39 [PMID: 23623673],PTGES
PROMAZINE,DRD1
HS665,APOF
DAMGO,APOF
COMPOUND 3 [PMID: 23134120],APOF
HYDROMORPHONE HYDROCHLORIDE,APOF
ATX-II,BBS1
CD2+,SCN9A
SAXITOXIN,SCN9A
ATRACURIUM,ATF4
MEN10627,AQP4
AT-403,APBA1
MCOPPB,APBA1
N/OFQ-(1-13)-NH2,APBA1
OSI-027,MTOR
COMPOUND 15A [PMID: 36642961],GIPR
BMS-813160,CCR5
BADGE,CCND1
BADGE,CCND1
PAT5A,CCND1
AZD-8186,PIK3CB
ACALISIB,PIK3CB
DUVELISIB,PIK3CB
ACALISIB,F7
TENALISIB,PIK3CB
PP-121,PIK3CB
TESTOSTERONE,AR
POSTSTATIN,FXN
SELURAMPANEL,GRIA1
RELAXIN,APP
NANOLUC R3/I5 CHIMERA,APRT
B1-27,APRT
OPHIOBOLIN O,MAPK1
COMPOUND 4 [PMID: 30824200],APRT
CHEMBL:CHEMBL2057864,PPARG
VPC44116,AMY2A
FINGOLIMOD,AMY2A
BOSUTINIB,STK4
CEP-11981,ABL1
BOSUTINIB,FCGRT
ATOMOXETINE HYDROCHLORIDE,CD9
VORTIOXETINE HYDROBROMIDE,CD9
ZOTEPINE,CD9
MIDOSTAURIN,NPM1
DEMOTATE 2,FASLG
"L-054,522",FASLG
CST-17,AQP1
DEXAMETHASONE,NR3C1
A947,GLO1
COMPOUND 21 [PMID: 34141085],HLA-DMA
INDIPLON,GABRA1
BROMODIPHENHYDRAMINE,HRH1
IZENCITINIB,TYK2
AC-7954,UTS2R
ENTACAPONE,COMT
FL104,UTS2R
JNJ-39319202,UTS2R
LOMETREXOL,PRPS1
SULINDAC,PIK3CA
SONIDEGIB,MYCN
DUAL IGF-1R/INSR INHIBITOR BMS-754807,IRS2
RITUXIMAB,PIK3CA
BEDORADRINE SULFATE,ADRB2
SERIBANTUMAB,NRG1
LAROTRECTINIB,NTRK1
APALUTAMIDE,AR
AFATINIB,ERBB3
DACTOLISIB,PIK3CA
ZUCLOPENTHIXOL,DRD1
PONATINIB,RET
ALANINE,ABAT
ALPELISIB,PTEN
FLUTAMIDE,AR
METHOTREXATE,TP53
DABRAFENIB,AKT1
ERLOTINIB,EGFR
PONATINIB,ABL1
LUMINESPIB,ALK
TRAMETINIB DIMETHYL SULFOXIDE,CTNNB1
CISPLATIN,FGFR1
BRIVANIB,FGFR1
APRUTUMAB IXADOTIN,FGFR2
UPADACITINIB,JAK3
CRIZOTINIB,KEAP1
ILGINATINIB,JAK3
NORSTICTIC ACID,HPGD
SCH772984,MAP2K1
VTX-11E,MAP2K1
RAVOXERTINIB,MAP2K1
U0126,MAP2K1
AVELUMAB,MSH2
ETIFOXINE,GABRA3
MIRANSERTIB,PIK3CA
AFURESERTIB,PIK3CA
BUPARLISIB,PTEN
CHEMBL:CHEMBL589258,PTEN
MS417,PTEN
BORUSSERTIB,PTEN
ONVANSERTIB,PLK1
SOTRASTAURIN,MAP2K1
CURCUMIN,WT1
PF-04191834,CREB1
AMISULPRIDE,HTR1A
SULFATINIB,DRD2
BEKM-1,BAD
METAMIZOLE SODIUM,PTGS1
GOSSYPOL,HSD17B10
PATISIRAN,TTR
MOTESANIB,PDGFRA
DOXORUBICIN HYDROCHLORIDE,CDKN1B
TYRPHOSTIN A25,PIK3CG
(R)-INDOPROFEN,TP53
CLOFARABINE,AR
DEMECARIUM BROMIDE,ACHE
SIVIFENE,ESR2
DIFLUPREDNATE,AR
TOMELUKAST,VDR
PANOBINOSTAT,HDAC3
PALBOCICLIB,MAP4K4
MERCURIC CHLORIDE,ALOX15
QUETIAPINE FUMARATE,RGS4
NONSTEROIDAL ANTIINFLAMMATORY DRUG,BCL2
FLUNITRAZEPAM,ARNT
GHRP-6,ALOX15
"[ILE5,TRP23]PTHRP-(4-36) (HUMAN)",XIAP
ZIBOTENTAN,EDNRA
ARIPIPRAZOLE LAUROXIL,HTR1A
ROBALZOTAN,HTR1A
SOTRASTAURIN,CDK1
"ERGOLOID MESYLATES, USP",ADRA1A
INFLIXIMAB-DYYB,TNF
PRALATREXATE,DHFR
TEMOZOLOMIDE,PIK3CA
OXYBUTYNIN,CHRM2
AMITIFADINE HYDROCHLORIDE,SLC6A4
OXYMETAZOLINE HYDROCHLORIDE,ADRA1A
KEPONE,AR
IFENPRODIL,DRD1
CIGLITAZONE,CCND1
RECOMBINANT NEUROTROPHIC FACTOR,DDIT3
CITARINOSTAT,HDAC6
BAY1125976,PTEN
INSULIN ZINC SUSP SEMISYNTHETIC PURIFIED HUMAN,INSR
BUPROPION HYDROCHLORIDE,SLC18A2
PRITUMUMAB,VIM
CHEMBL:CHEMBL580609,HTT
TELAPREVIR,CYP24A1
ATENOLOL,ALDH1A2
ORG 12962,HTR2C
NF-KAPPAB DECOY,NFKB2
PAZOPANIB,DPYSL2
AZACITIDINE,DNMT1
LONCASTUXIMAB TESIRINE,CD19
PROPIONYLPROMAZINE HYDROCHLORIDE,RAD52
OBRINDATAMAB,CD276
CX157,MAOA
NAPROXEN SODIUM,TARDBP
OXYMETAZOLINE HYDROCHLORIDE,A2MP1
VU0155094,GRM8
ANTIDEPRESSANT AGENT,CYP2D6
IP3,ITPR1
ESTRAMUSTINE PHOSPHATE SODIUM,AR
BENZETHONIUM CHLORIDE,NFKB1
"ALUM, POTASSIUM",IL1R1
F215,NAAA
SA-57,CRMP1
CHEMBL:CHEMBL598885,GMNN
CHEMBL:CHEMBL602158,ALDH1A1
MRS1754,ABAT
OLANZAPINE PAMOATE,DRD3
DACTOLISIB,PIK3CD
REMTOLUMAB,TNF
PF-4191834,ALOX5
ZOLIGRATINIB,FGFR2
PONATINIB,ABL1
THIORIDAZINE,HTR2A
DABIGATRAN,F2
HYDROXYCHLOROQUINE SULFATE,TLR7
INTERFERON BETA-1B,IFNAR1
DIPYRITHIONE,AR
OLAPARIB,ATM
NARSOPLIMAB,MASP2
AZD-8186,PIK3CB
COMPOUND 3 [PMID: 21105727],SLC25A4
DOXORUBICIN HYDROCHLORIDE,RXRA
ALL-TRANS-RETINAL,ESR1
FD6,COL4A1
DEFEROXAMINE,NFE2L2
SECOBARBITAL,CHRNA7
NVP-TAE684,CDK7
THIMEROSAL,HPGD
NELFINAVIR,TLR4
ASPIRIN,SLC2A4
CHEMBL:CHEMBL578512,RAD54L
HALAZONE,NFE2L2
BRIVANIB,KDR
"[111IN,90Y]DOTA-LAN",FASLG
INDANTADOL,GRIN3A
ALTEPLASE,PLG
PERFOSFAMIDE,GSTP1
GLUCAGON (RDNA),APOA1
CARBAMOYLCHOLINE,CHRM2
IMPLITAPIDE,P4HB
CEFOTIAM HYDROCHLORIDE,EHMT2
PARAROSANILINE,CYP2D6
INCB13739,HSD11B1
METHSCOPOLAMINE BROMIDE,CHRM3
HYDROCORTISONE PROBUTATE,NR3C1
MK-0873,PDE4B
U46619,APOB
DEXAMETHASONE,IGFBP1
ALTEPLASE,PLG
DIETHYLDITHIOCARBAMATE,GGT1
DAUNORUBICIN HYDROCHLORIDE,APEX1
ATG002,CHRNA4
CYCLOSPORINE,PIK3CG
"IBUPROFEN, SODIUM SALT",PTGS2
MSX-122,CXCR4
ATORVASTATIN CALCIUM TRIHYDRATE,IL2RA
ASPIRIN,FGF2
PANULISIB,PIK3CD
DUSQUETIDE,SQSTM1
DDR1/2 INHIBITOR 5N,RCAN1
9-OH-RISPERIDONE,A2M
CHEMBL:CHEMBL184450,ALOX15
THIETHYLPERAZINE MALATE,EHMT2
"3,5-DINITROCATECHOL (OR-486)",ARSA
[3H]&ALPHA;-BUNGAROTOXIN,ATF4
GENISTEIN,ABL1
ENOXOLONE,CYP2D6
"ESTROGENS, CONJUGATED (USP)",SERPINE1
AMINACRINE,HSD17B10
NIFEDIPINE,HIF1A
4-CHLOROMERCURIBENZOIC ACID,TDP1
GEFITINIB,RELA
CLORGYLINE HYDROCHLORIDE,NFE2L2
FULVESTRANT,ERBB2
ALTEPLASE,PRL
DUVELISIB,PIK3CD
PROPYLTHIOURACIL,TPO
5-HYDROXYTRYPTAMINE,A1BG
BUROSUMAB-TWZA,FGF23
SERINE/THREONINE KINASE INHIBITOR CBP501,CD274
SB 216763,USP1
THERAPEUTIC HORMONE,LIPA
TALBUTAL,GABRG3
CERDULATINIB,JAK1
TYRPHOSTIN 23,HPGD
EPHEDRINE HYDROCHLORIDE,ADRB1
COCAINE HYDROCHLORIDE,SCN9A
PHYTOESTROGEN,LDLR
[3H]GABAZINE,ARR3
DIPHENHYDRAMINE,CYP1A2
ROPSACITINIB,TYK2
CCX354,CCR1
COBITOLIMOD SODIUM,TLR9
CARBAMAZEPINE,MTHFR
HE3235,AR
COBIMETINIB FUMARATE,MAP2K2
ALPROSTADIL,A2M
ALEGLITAZAR,PPARG
CALCITRIOL,VDR
ULEVOSTINAG,GRIN1
AFATINIB,ERBB3
NALOXONE HYDROCHLORIDE,PRL
FLUPHENAZINE HYDROCHLORIDE,EHMT2
HOMIDIUM BROMIDE,USP1
TRICLOCARBAN,SMAD3
SAR407899,ROCK1
CLONIDINE HYDROCHLORIDE,AOC1
AVE-9940,MAPK14
CHEMBL:CHEMBL588804,HSP90AA1
GLESATINIB,KDR
INDINAVIR,CYP1A2
INOTERSEN,TTR
BOSENTAN ANHYDROUS,EDNRB
DURVALUMAB,ALK
FLUPHENAZINE HYDROCHLORIDE,DRD1
[125I]BANTAG-1,ASIC2
[3H]MUSCIMOL,ARNT
(+)-HA966,GRIN2A
COMPOUND 1D [PMID: 21493067],PTK2B
MS417,PIK3CA
CHEMBL:CHEMBL1863271,NFE2L2
ROSUVASTATIN,CRP
CTCE-9908,CXCR4
TRANYLCYPROMINE,MAOA
(R)-FLECAINIDE,CYP2D6
CHEMBL:CHEMBL1485420,HPGD
SB-415286,DRD1
CHEMBL:CHEMBL1510164,EHMT2
HALOPERIDOL DECANOATE,HTR2A
WX-037,PIK3CB
RISEDRONIC ACID,FDPS
ZELNECIRNON,CCR4
PANOBINOSTAT,KMT2A
SP-600125,CDK5
CHEMBL:CHEMBL494668,POLB
CHEMBL:CHEMBL547833,NR4A1
DDR1/2 INHIBITOR 5N,ABL1
ZOLIGRATINIB,FGFR3
CHEMBL:CHEMBL1902074,ATXN2
DEMECLOCYCLINE HYDROCHLORIDE,EHMT2
AS101,IL1R1
FAMOTIDINE,FGF2
PI-103,F7
CHEMBL:CHEMBL2181041,MAPT
AMIFAMPRIDINE,KCNA1
CARBOPLATIN,BRCA1
TINZAPARIN SODIUM,SERPINC1
SU11274,MET
TRIAMCINOLONE,NFE2L2
LITHIUM,GFAP
RAUWOLFIA SERPENTINA (USP),ADRA1D
ENTINOSTAT,HDAC4
RACECADOTRIL,MME
ERYTHROSINE,APEX1
ENZYME INHIBITOR,SMAD3
METAPROTERENOL SULFATE,ADRB2
SB-408124,CYP1A2
CASOPITANT,TACR1
PRILOCAINE,SCN9A
SIFALIMUMAB,IFNA1
BENRALIZUMAB,IL5RA
MASITINIB,LYN
SULINDAC,PIK3CA
CHEMBL:CHEMBL1520346,GMNN
CHEMBL:CHEMBL19954,MAPT
NS-2359,SLC6A3
DACTOLISIB,PIK3CD
REGORAFENIB,FGFR1
MRE 2029F20,ABAT
BSJ-03-204,CDK4
PICTILISIB,FGFR1
AMIFOSTINE ANHYDROUS,TGFB1
RONOPTERIN,NOS3
ETOPOSIDE,DDIT3
TROGLITAZONE,LEP
PIMOZIDE,MAPK1
THERAPEUTIC HORMONE,TBP
LORLATINIB,ALK
ETRAVIRINE,ERVW-4
DILMAPIMOD,MAPK14
DAROLUTAMIDE,AR
RECOMBINANT INTERLEUKIN-1 RECEPTOR ANTAGONIST,NOS1
CHEMBL:CHEMBL600315,BRCA1
DARIZMETINIB,ERBB3
ZASOCITINIB,TYK2
SAPANISERTIB,MTOR
PANULISIB,PIK3R1
INFIGRATINIB,FGFR3
CHEMBL:CHEMBL1935538,TUBB4B
CHEMBL:CHEMBL118678,PLK1
LEUCOVORIN CALCIUM,KLC1
GOSSYPETIN,RELA
TANAPROGET,BDNF
DESIPRAMINE,CYP2D6
CANRENONE,AR
ASPIRIN,CXCL8
SR2640,MAPT
ARTESUNATE,NFKB2
ALITRETINOIN,EHMT2
TOPIRAMATE,SCN2A
U46619,APOC3
N-PHENYLTHIOUREA,BSG
DISULFIRAM,RGS4
CHEMBL:CHEMBL458765,HIF1A
AMISULPRIDE,DRD3
DICLOFENAC SODIUM,PTGS1
GENISTEIN,KLK3
OLOKIZUMAB,IL6
INEBILIZUMAB-CDON,CD19
BAY-1125976,AKT1
IVACAFTOR,CFTR
AMUVATINIB,PDGFRA
NOTCH SIGNALING PATHWAY INHIBITOR MK0752,PSEN2
(S)-CR8,EML1
MOMELOTINIB,EPHB1
CYCLOSPORINE,ITGB2
TBO-FILGRASTIM,ERBB2
GENISTEIN,PAEP
CHEMBL:CHEMBL17201,VDR
DOXORUBICIN HYDROCHLORIDE,GSR
EPIRUBICIN,INSR
MITOGUAZONE,MYC
TRAMETINIB DIMETHYL SULFOXIDE,DNMT3A
LAPATINIB,HLA-B
JMV3008,ALOX15
VABICASERIN HYDROCHLORIDE,HTR2A
ATACICEPT,TNFSF13B
CEP-33779,EPHB2
DIPHENYLSULFANE,PPARD
BALSALAZIDE,PTGS1
PACLITAXEL,GSTM1
BMS-817378,MET
DICLOFENAC ETALHYALURONATE SODIUM,PTGS2
LINIFANIB,KDR
AFURESERTIB,AKT3
VANDETANIB,FLT4
LIFIRAFENIB,DXO
TRIADIMEFON,ESR1
BEPRIDIL HYDROCHLORIDE,CACNA1S
ELDECALCITOL,VDR
LGD-1550,RARA
DEBRISOQUIN,ADRA1A
[3H]ELETRIPTAN,A2MP1
CCR5 MAB,CCR5
PEGINTERFERON ALFA-2B,HLA-B
PALIPERIDONE,DRD1
MITOGEN-ACTIVATED PROTEIN KINASE INHIBITOR,CCND1
FIRSOCOSTAT,ACACB
T-900607,TUBB4A
UDM-001651,APOH
CX-6258,F9
BRENTUXIMAB VEDOTIN,ALK
TRAMETINIB DIMETHYL SULFOXIDE,PTEN
MIRANSERTIB,PTEN
CHEMBL:CHEMBL194881,AR
IROFULVEN,NFE2L2
CHEMBL:CHEMBL532504,SMAD3
PENCONAZOLE,AR
CHEMBL:CHEMBL225513,TP53
BARASERTIB,PDGFRA
AZD-3043,GABRG3
VEGF RECEPTOR TYROSINE KINASE INHIBITOR III,KDR
BENZYL SALICYLATE,TDP1
(+/-)-ERIODICTYOL,APEX1
SB 272183,A2MP1
CLONAZEPAM,GABRA1
CHEMBL:CHEMBL578719,SMAD3
PLERIXAFOR,CXCR4
BETHANIDINE,ADRA2A
DENOSUMAB,TNFSF11
NETILMICIN SULFATE,RPSA
BLEOMYCIN,PLAU
MART-1 ANTIGEN,HMGB1
CAMOTESKIMAB,IL18
ACACETIN,ALOX5
PLATINUM,GSTP1
CHEMBL:CHEMBL589715,ATXN2
SURAMIN HEXASODIUM,TDP1
DIFLORASONE DIACETATE,NFE2L2
XCC,ABCA2
CHEMBL:CHEMBL586031,MAPK1
DAPIPRAZOLE,ADRA1D
CARFILZOMIB,PSMD2
TADOCIZUMAB,ITGA2B
TRIMIPRAMINE,DRD1
DISULFIRAM,SLC6A4
BENOXINATE,CYP1A2
BUFOGENIN,AR
AUY922,HSP90AA1
VELIPARIB,ATM
RITANSERIN,HTR2C
UCM 765,ANK3
L-796449,CCND1
IRIGENOL,ALOX15
TYRPHOSTIN A25,PRL
ABATACEPT,CD80
NOR-BINALTORPHIMINE,EHMT2
OZANEZUMAB,RTN4
PALBOCICLIB,ERBB2
TAMOXIFEN,IGF1R
"LIPOIC ACID, ALPHA",SAE1
ASPARAGINASE,ETV6
CHEMBL:CHEMBL1451216,APEX1
BRENTUXIMAB VEDOTIN,ALK
KAEMPHEROL,HSD17B10
PICTILISIB,PIK3CA
CAPTAN,HTT
CEDIRANIB,RET
NIVOLUMAB,STK11
GOSSYPOL,FEN1
OLPRINONE,EHMT2
ARGATROBAN,F2
ENZALUTAMIDE,AR
BICALUTAMIDE,AR
PONATINIB,ABL1
PONATINIB,RET
CHLORPROTHIXENE,DRD2
ORPHENADRINE CITRATE,HRH1
PROCHLORPERAZINE,DRD2
LH (MENOTROPINS),LHCGR
TRIMIPRAMINE MALEATE,DRD2
OLMESARTAN MEDOXOMIL,AGTR1
SALMON CALCITONIN,CALCR
LEVODOPA,DRD3
SIROLIMUS,FKBP1A
LORCASERIN HYDROCHLORIDE,HTR2C
ZIPRASIDONE,HTR2C
RISPERIDONE,HTR2A
PALIPERIDONE,HTR2A
HALOPERIDOL DECANOATE,HTR2A
QUETIAPINE FUMARATE,HTR2C
ZIPRASIDONE,HTR2C
CHLOROTRIANISENE,ESR2
LOXAPINE HYDROCHLORIDE,HTR2C
EPLERENONE,NR3C2
BUPROPION HYDROCHLORIDE,SLC6A3
HYDROCORTAMATE HYDROCHLORIDE,NR3C1
BETAMETHASONE SODIUM PHOSPHATE,NR3C1
NEOSTIGMINE,ACHE
BETAMETHASONE,NR3C1
DEXAMETHASONE SODIUM PHOSPHATE,NR3C1
BETAMETHASONE,NR3C1
CICLESONIDE,NR3C1
SIMVASTATIN,HMGCR
"ESTROGENS, ESTERIFIED (USP)",ESR2
ABCIXIMAB,ITGA2B
RAMELTEON,MTNR1A
METHOXAMINE HYDROCHLORIDE,ADRA1D
NEPAFENAC,PTGS1
NAPROXEN SODIUM,PTGS1
DICLOFENAC SODIUM,PTGS1
NAPROXEN SODIUM,PTGS1
ISOCARBOXAZID,MAOA
TRIMETHAPHAN CAMSYLATE,CHRNA3
RIVASTIGMINE TARTRATE,ACHE
ENZALUTAMIDE,AR
TIMOLOL MALEATE,ADRB2
NABILONE,CNR1
METHAMPHETAMINE,SLC6A3
ETRETINATE,RARA
CLORAZEPATE DIPOTASSIUM,GABRA1
GUANIDINE HYDROCHLORIDE,KCNA3
GUANIDINE HYDROCHLORIDE,KCNH7
OBINUTUZUMAB,MS4A1
DICLOFENAC SODIUM,PTGS1
PALBOCICLIB,CDK4
PEGINTERFERON BETA-1A,IFNAR2
NETUPITANT,TACR1
SELEXIPAG,PTGIR
ENMD-981693,FGFR3
ENMD-981693,KDR
ENMD-981693,FYN
ENMD-981693,PDGFRA
HE3235,AR
GSK2849466,AR
ILORASERTIB,KDR
ILORASERTIB,FLT4
AZD-1080,GSK3B
BMS-817378,KDR
BALAMAPIMOD,MAP2K2
SERABELISIB,PIK3CA
MK-8033,MST1R
RG7893,SCN9A
IRAMPANEL,GRIA3
AZD8108,GRIN2A
IRAMPANEL,GRIA2
AFIMOXIFENE,ESR2
DAGROCORAT,NR3C1
EFATUTAZONE HYDROCHLORIDE,PPARG
SOTRASTAURIN,PRKCQ
CP-778875,PPARA
SOTRASTAURIN,PRKCA
PEFICITINIB,JAK2
AMG-337,MET
AFURESERTIB,AKT1
DUVELISIB,PIK3CD
UPROSERTIB,AKT1
DUVELISIB,PIK3CG
AMUVATINIB,PDGFRA
R-333,JAK3
SAR407899,ROCK1
XL-820,PDGFRA
DNK333,TACR1
VIPADENANT,ADORA2A
AZD2207,CNR1
ANDOLAST,KCNMA1
QUIZARTINIB,CSF1R
IMAGABALIN,CACNG2
TETRACAINE,SCN8A
TEDISAMIL,KCNC4
CARDAMOMIN,MAPK9
TETRACAINE,SCN7A
PEGNIVACOGIN,F9
CARMUSTINE,GSR
DALCETRAPIB,CETP
CENEGERMIN-BKBJ,NTRK1
ERDAFITINIB,FGFR1
METHYLTHIONINIUM CHLORIDE,TDP1
NIRAPARIB TOSYLATE,PARP2
COPANLISIB,PIK3CD
NERATINIB MALEATE,ERBB4
ELEXACAFTOR,CFTR
DARUNAVIR,ERVW-4
DELGOCITINIB,JAK3
CYCLOHEXIMIDE,RPS3A
HARMINE HYDROCHLORIDE,CXCL8
HEXYLRESORCINOL,NFE2L2
CYCLOHEXIMIDE,RPL23A
CYCLOHEXIMIDE,RPL14
MONTEPLASE,PLG
BALSTILIMAB,PDCD1
ABT-384,HSD11B1
AZD-5423,NR3C1
MK-0557,NPY5R
LORVOTUZUMAB MERTANSINE,TUBA4A
PELITREXOL,GART
ARX-788,TUBB4B
BNC-210,CHRNA7
SIVELESTAT,ELANE
OMBRABULIN,TUBB4B
ARX-788,ERBB2
REFAMETINIB,MAP2K1
PILARALISIB,PIK3CA
DACTOLISIB,PIK3CD
DACTOLISIB,PIK3CD
DACTOLISIB,PIK3CB
CHEMBL:CHEMBL184450,HSD17B10
LUTEOLIN,NFKB2
LUTEOLIN,RELA
SAXAGLIPTIN ANHYDROUS,DAPK1
MERCURIC CHLORIDE,ALOX12
CHEMBL:CHEMBL398765,ALDH1A1
IDAZOXAN,GMNN
NVP-TAE684,INSR
QUINOCIDE,USP1
KHELLIN,HPGD
SLAZINIC ACID,TDP1
HALOPEMIDE,PLD2
IRIGENOL,VDR
"3,4-DIDESMETHYL-5-DESHYDROXY-3'-ETHOXYSCLEROIN",MAPT
HOMIDIUM BROMIDE,WRN
PAZOPANIB,ALK
CP-547632,MAPK14
CHEMBL:CHEMBL2347759,CYP1B1
BUNAMIDINE,USP1
SULFAMETHOXAZOLE,CYP1A2
DEPHOSTATIN,ALDH1A1
LY367385,APEX1
BUTALBITAL,CHRNA4
LAUROGUADINE,ROCK1
EVEROLIMUS,FKBP1A
CHEMBL:CHEMBL1622802,FEN1
"L-732,138",USP1
CEFONICID SODIUM,AR
CHEMBL:CHEMBL601618,HPGD
GR-55562,EHMT2
TICRYNAFEN,CYP1A2
DIMETHENAMID,AR
APOMORPHINE HYDROCHLORIDE HEMIHYDRATE,ATXN2
DINOSEB,AR
CHEMBL:CHEMBL1519374,MAPK1
ASPIRIN,EHMT2
CHEMBL:CHEMBL590927,ADRB2
"LIPOIC ACID, ALPHA",APEX1
BUPIRIMATE,AR
CHEMBL:CHEMBL1481974,HPGD
CYPROTERONE,CYP2D6
CHEMBL:CHEMBL505670,SMAD3
CHEMBL:CHEMBL1288013,CYP1A2
PALBOCICLIB,LRRK2
SPIRONOLACTONE,PPARG
CHEMBL:CHEMBL1453126,NFE2L2
NINTEDANIB ESYLATE,AKT1
CHEMBL:CHEMBL1510164,GMNN
PHOSPHONOACETIC ACID,HPGD
CHEMBL:CHEMBL343002,SMN1
CP-547632,MAP4K4
BROTIZOLAM,AR
NINTEDANIB ESYLATE,KDR
GR 127935,MTOR
BENSERAZIDE HYDROCHLORIDE,APEX1
NS-398,PTGS2
ALSTERPAULLONE,SMAD3
CHEMBL:CHEMBL589924,FEN1
THYMOSIN BETA-4,ACTA1
(-)-N-PORPHYNORAPOMORPHINE,VDR
EPIGALLOCATECHIN-3-GALLATE,EHMT2
HOMIDIUM BROMIDE,ALOX15
DECYNIUM 22,NFE2L2
APOMORPHINE HYDROCHLORIDE HEMIHYDRATE,PLK1
ALPHA-NAPHTHOFLAVONE,CYP1B1
ARISTOLACTONE,MAPK1
CHEMBL:CHEMBL527584,EHMT2
CHEMBL:CHEMBL121556,PLK1
DISULFIRAM,EHMT2
CHEMBL:CHEMBL535307,NFE2L2
2-ARACHIDONYL GLYCERYL ETHER,CNR1
TETRADIFON,AR
CHEMBL:CHEMBL576208,SMAD3
NELFINAVIR,ABCB1
METHOCARBAMOL,CYP2D6
LINOLEIC ACID,HPGD
"2,4-DIHYDROXYBENZOPHENONE",USP1
PIMOZIDE,RXRA
CHEMBL:CHEMBL533082,SMAD3
ALSTERPAULLONE,NFE2L2
CHEMBL:CHEMBL192626,GMNN
PYRIDABEN,NFE2L2
DIETHYLCARBAMAZINE CITRATE,NFE2L2
DICLOFENAC SODIUM,TARDBP
IDAZOXAN,MTOR
TPCK,GMNN
CHEMBL:CHEMBL584248,EHMT2
HOMIDIUM BROMIDE,ERG
BUFOGENIN,NFE2L2
CURCUMIN,USP1
LOPINAVIR,SMAD3
CARBOSULFAN,AR
CHEMBL:CHEMBL1823787,STS
MIBEFRADIL DIHYDROCHLORIDE,AR
ERUCIC ACID,KAT2A
WORTMANNIN,VDR
CHEMBL:CHEMBL466398,CHRNA3
SB220025,KDR
CHEMBL:CHEMBL601320,NFE2L2
CHEMBL:CHEMBL1091971,ALDH1A1
CHEMBL:CHEMBL544115,DRD3
TYRPHOSTIN 47,NFKB1
CHEMBL:CHEMBL582694,EHMT2
CHEMBL:CHEMBL329673,HSD17B10
CAPTAN,ALDH1A1
VINBURNINE,AR
CHEMBL:CHEMBL1256740,TACR1
NVP-TAE684,MAP2K1
YUANHUADINE,EGFR
BETAMETHASONE VALERATE,AR
EPIRUBICIN HYDROCHLORIDE,USP1
CATECHIN,POLB
CUCURBITACIN B,STAT3
DISULFIRAM,ALDH1A1
DIPHENYLPYRALINE,CYP2D6
LAUROGUADINE,AKT1
AZACITIDINE,HTT
LUTEOLIN,MAPT
PROPAZINE,TDP1
SB220025,RET
CATECHOL,POLB
TRIFLUMIZOLE,NFE2L2
NS-398,CYP2D6
SP-600125,ERBB4
(RS)-ROSCOVITINE,CDK7
DIBUTYLDICHLOROSTANNANE,RXRA
ANDALUSOL,NFE2L2
CHEMBL:CHEMBL329673,AR
CINACALCET HYDROCHLORIDE,PPARD
AG 490,HSD17B10
MITOXANTRONE,RAD52
PERGOLIDE MESYLATE,ERG
EMETINE HYDROCHLORIDE,GMNN
MERCURIC CHLORIDE,HTT
BENZETHONIUM CHLORIDE,AR
CHEMBL:CHEMBL1170485,NFE2L2
CARBOPLATIN,USP1
MEFENAMIC ACID,CYP1A2
ALSTERPAULLONE,PAK4
CHEMBL:CHEMBL531709,HPGD
NSC-663284,CASP1
DABIGATRAN,NQO2
BROMOENOL LACTONE,ATXN2
PD-0166285,MAPK14
CUMINGIANOSIDE A,GMNN
SP-600125,CYP2D6
GYKI53784,EHMT2
CHEMBL:CHEMBL600769,EHMT2
BROMOCRIPTINE,EHMT2
CHEMBL:CHEMBL600336,SMN1
LAURYL ISOQUINOLINIUM,USP1
CHEMBL:CHEMBL1256364,RGS4
CHEMBL:CHEMBL70582,NFE2L2
CAPSAZEPINE,CYP1A2
HOMIDIUM BROMIDE,APEX1
HYCANTHONE,ATXN2
RHEIN,HSD17B10
XYLOMETAZOLINE HYDROCHLORIDE,HTR1A
GERONTOXANTHONE H,ATXN2
CHEMBL:CHEMBL329673,ESR1
VANOXERINE,MTOR
SALERMIDE,SIRT2
METHYL PARATHIONE,ALDH1A1
SURAMIN HEXASODIUM,POLB
AC55649,USP1
TYRPHOSTIN AG 835,ALOX12
IRISOLIDONE,JUN
TRIPHENYLSTANNANOL,RXRA
HYDROXYZINE,CYP2D6
SOTALOL,CYP2D6
PIRENZEPINE HYDROCHLORIDE,EHMT2
TRICHLORFON,NFE2L2
PIPERACETAZINE,CYP2D6
ASCORBYL PALMITATE,PPARD
TPCK,ATXN2
CHEMBL:CHEMBL59150,MAPT
TRIPHENYLSTANNANOL,ESR1
DOVITINIB,PDGFRB
METHOXYCHLOR,AR
CHEMBL:CHEMBL1439833,HTT
CHEMBL:CHEMBL1565444,SMAD3
ETHACRIDINE,VDR
MIBEFRADIL DIHYDROCHLORIDE,HTT
GSK-269962A,PKN2
CLIOXANIDE,NFE2L2
CHEMBL:CHEMBL220845,ALDH1A1
SB-415286,RGS4
CHEMBL:CHEMBL603024,EHMT2
CP-547632,ABL1
CHEMBL:CHEMBL582478,EHMT2
WORTMANNIN,THRB
CHEMBL:CHEMBL586031,PTBP1
BUPIRIMATE,NFE2L2
CHEMBL:CHEMBL2002487,MAPT
CLOROPHENE,HPGD
CHEMBL:CHEMBL541754,GRM4
DEBRISOQUIN SULFATE,EHMT2
CADMIUM ACETATE,ALDH1A1
CHEMBL:CHEMBL505670,EHMT2
DOXORUBICIN HYDROCHLORIDE,ESR1
CHEMBL:CHEMBL1453126,HTT
CHEMBL:CHEMBL578636,NFE2L2
ASPIRIN,HSP90AA1
IDAZOXAN,AR
CAPECITABINE,DPYD
CISPLATIN,TPMT
ESTRADIOL VALERATE,SERPINC1
PICIBANIL,FCGR3A
DOXORUBICIN HYDROCHLORIDE,FCGR3A
SODIUM CHLORIDE,FCGR3A
PROGESTIN,FCGR3B
PROTEASE INHIBITOR,FCGR3A
PICIBANIL,FCGR3B
DIETHYLDITHIOCARBAMATE,FH
NEOVASTAT,FGF2
METHYLNITROSOUREA,GFAP
RESVERATROL,GSTP1
SODIUM CHLORIDE,HMGB1
SODIUM CHLORIDE,HMGB1
VITAMIN D,HMOX1
LITHIUM,HSPA4
SODIUM CHLORIDE,HSPA4
RESVERATROL,HSPB2
RITUXIMAB,HSPB2
BRAIN-DERIVED NEUROTROPHIC FACTOR,HTT
VITAMIN D,IFI27
METYROSINE,IFNA1
INDOLE-3-CARBINOL,IFNGR1
MYCOPHENOLATE MOFETIL,IL15
METHADONE HYDROCHLORIDE,NR3C1
ACYCLOVIR,IL10
ANTISERUM,IGFBP6
CEFACLOR ANHYDROUS,IL1B
ASPIRIN,CXCL8
SELECTIVE ESTROGEN RECEPTOR MODULATOR,IL6
"ALUM, POTASSIUM",IL7
HMG-COA REDUCTASE INHIBITOR,IL6
GP-120 ANTIGEN,CXCL8
IL-9,IL9R
PENTOSAN POLYSULFATE SODIUM,LIPC
CAPSAICIN,LIF
UBP141,GRIN2B
URACIL,MAPK1
ACETAMINOPHEN,MARK2
CAPIVASERTIB,AKT1
HYDROCORTISONE BUTYRATE,MMP1
SULFAMETHOXAZOLE,MPO
BIZELESIN,MYC
SULINDAC,MYC
DOXORUBICIN HYDROCHLORIDE,NFE2L2
ATORVASTATIN CALCIUM TRIHYDRATE,NOS1
PREGNANT MARE SERUM GONADOTROPIN,NOS2
ENZYME INHIBITOR,NOS1
ESTRADIOL VALERATE,NR3C1
H2O2,NTF3
NALOXONE HYDROCHLORIDE,NTF3
RECOMBINANT INTERFERON,NT5E
LITHIUM,NTRK2
DOXORUBICIN HYDROCHLORIDE,NTRK2
STREPTOZOCIN,PIK3CA
DOXORUBICIN HYDROCHLORIDE,PIK3CA
EPINEPHRINE,PIK3CB
UROKINASE,PIK3CB
TROGLITAZONE,PIK3CB
BRAIN-DERIVED NEUROTROPHIC FACTOR,PIK3CG
ESTRADIOL VALERATE,PLAU
TYROSINE KINASE INHIBITOR,PLAU
ALDESLEUKIN,PRF1
TYROSINE KINASE INHIBITOR,PRKAA1
PRASINEZUMAB,SNCA
ESTRONE SULFATE,PRL
FREUND'S ADJUVANT,PRL
STREPTOZOCIN,PTGER4
RECOMBINANT TRANSFORMING GROWTH FACTOR,PTGES
PHENOBARBITAL,PTH
SACITUZUMAB GOVITECAN,ESR1
SULFASALAZINE,MTR
GEFITINIB,SIRT2
LETROZOLE,CYP19A1
ABACAVIR,LTA
ABACAVIR,LTB
PEGINTERFERON ALFA-2B,VDR
PEGINTERFERON ALFA-2B,KIR2DS2
METFORMIN,PPARA
LOVASTATIN,PPARA
PHYTOSTEROLS,CYP27A1
METHOTREXATE,ENG
METHOTREXATE,CYP2B6
THALIDOMIDE,GSTT1
THALIDOMIDE,NAT2
DROTRECOGIN ALFA,DRD1
PEGINTERFERON ALFA-2B,SOCS3
SIMVASTATIN,HLA-DRB1
PACLITAXEL,RAF1
BUPROPION HYDROCHLORIDE,FKBP5
NALTREXONE,ALDH2
HEROIN,BDNF-AS
ROMIDEPSIN,HDAC1
ROMIDEPSIN,HDAC1
PAZOPANIB,PDGFRB
AXITINIB,PDGFRB
LCL161,NAIP
OBLIMERSEN,BCL2
AMUVATINIB,PDGFRB
DACTOLISIB,PIK3CA
PAMAPIMOD,CTNNB1
SUNITINIB,RET
XL999,SRC
DENOSUMAB,TNFRSF11A
ENTRECTINIB,NTRK1
AFLIBERCEPT,VEGFA
PONATINIB,ABL1
LCL161,BIRC2
ANTI-ERBB3 MONOCLONAL ANTIBODY AV-203,EGFR
TUCATINIB,EGFR
ODANACATIB,CTSK
ACAMPROSATE CALCIUM,GRIN3A
L745870,USP1
SHARK CARTILAGE EXTRACT AE-941,MMP9
JNJ-40411813,GRM2
SHARK CARTILAGE EXTRACT AE-941,VEGFA
LEVONORGESTREL,ESR1
BENAZEPRIL,ACE
BRYOSTATIN,PRKCA
ODANACATIB,CTSK
RIGOSERTIB,PIK3CB
OMIGAPIL,SIAH1
CENISERTIB,FLT4
OMIGAPIL,GAPDH
RIGOSERTIB,PLK1
ACETAMINOPHEN,PTGS2
PEGNIVACOGIN,F9
EFALIZUMAB,ITGAL
BITHIONOL,HPGD
OZANIMOD,S1PR1
"[D-TPI6, LEU13 &PSI;(CH2NH)-LEU14]BOMBESIN-(6-14)",GRPR
PACRITINIB,JAK2
MET TYROSINE KINASE INHIBITOR SGX523,MET
STANNSOPORFIN,HMOX2
DEXMECAMYLAMINE,CHRNA4
TIDEGLUSIB,GSK3B
FINASTERIDE,SRD5A2
ADINAZOLAM,GABRG3
ATENOLOL,ADRB1
BETHANIDINE,ADRA1A
ACARBOSE,GAA
CANDOXATRIL,ACE
RITONAVIR,ABCC1
CLONAZEPAM,TSPO
CLONAZEPAM,GABRA1
CLOZAPINE,HTR1A
ARIPIPRAZOLE LAUROXIL,HTR1A
DOXYLAMINE,HRH1
DROMOSTANOLONE,AR
DROPERIDOL,DRD2
MECASERMIN,IGF1R
HALOPERIDOL DECANOATE,DRD2
INTERFERON ALFA-N1,IFNAR1
INFLIXIMAB-DYYB,TNF
LEVOBUNOLOL,ADRB2
BECAPLERMIN,PDGFRB
MEFENAMIC ACID,PTGS2
METHARBITAL,GRIK2
ACETAMINOPHEN,PTGS2
PENTOSTATIN,ADA
PHENYLEPHRINE,ADRA1A
PRALATREXATE,DHFR
ERIBULIN MESYLATE,TUBB4A
UPROLESELAN,SELE
MDX-018,CXCL8
ORVEPITANT,TACR1
SELEGILINE,TACR1
ROMILKIMAB,IL4R
MIGALASTAT,HP
FENOFIBRATE MICRONIZED,CDK1
RAVOXERTINIB,MAPK3
MEDI0680,PDCD1
MELATONIN,NQO2
SIMVASTATIN,HMGCR
EICOSAPENTAENOIC ACID,COX8A
CHEMBL:CHEMBL591126,CYP1A2
TRYPTAMINE,MAOA
TRAMADOL,HTR2C
BIMAKALIM,CALCA
UK-356202,PLAU
ALTEPLASE,PLG
"IBUPROFEN, SODIUM SALT",CXCR2
SPIRAPRIL,ACE
PD-170292,CCKAR
NM-3,VEGFA
DEPELESTAT,ELANE
TERAMEPROCOL,SP1
MONOBENZONE,TYR
HYDROCHLOROTHIAZIDE,ACE
LORAZEPAM,TSPO
PERGOLIDE,DRD1
PERGOLIDE,DRD2
TEMAZEPAM,TSPO
TALBUTAL,GABRG3
THYROTROPIN,TSHR
SULFAMETHOXAZOLE,DHFR
BAY1125976,AKT3
P53/HDM2 INTERACTION INHIBITOR CGM097,TP53
TRILACICLIB,CDK6
OFRANERGENE OBADENOVEC,FAS
RO-6870810,BRD4
ROMILKIMAB,IL13
COVA322,TNF
DINOPROSTONE,PTGFR
BENZTROPINE,CHRM1
CYCLOFENIL,ESR1
ICATIBANT,BDKRB2
CHEMBL:CHEMBL1256920,EHMT2
GLICLAZIDE,ABCC8
FOSFESTROL,ESR1
INTERLEUKIN-3,CSF3
MINODRONIC ACID,FDPS
MECASERMIN,IGF1R
MIRTAZAPINE,HTR2C
PENTOSTATIN,ADA
SECOBARBITAL,GABRA1
TRANYLCYPROMINE,MAOA
USTEKINUMAB,IL12A
ZILEUTON,ALOX5
VORTIOXETINE HYDROBROMIDE,SLC6A4
ALLITINIB,EGFR
LY-2334737,RRM2
GS-9901,PIK3CD
RITOBEGRON,ADRB3
LAROTRECTINIB,NTRK1
GW274150,NOS2
LANRAPLENIB,SYK
PEGPLERANIB SODIUM,PDGFB
ENTINOSTAT,HDAC9
ETOPOSIDE,MAPK3
QUINPIROLE,A1BG
1-NAPHTHYLPIPERAZINE,A1BG
NAFADOTRIDE,A1BG
7-METHOXY-1-NAPHTHYLPIPERAZINE,A1BG
PSB-11,ABAT
MRS1523,ABAT
TAZAROTENE,RARG
XANTHINE AMINE CONGENER,ABAT
2-HEXYNYL-NECA,ABCA1
PICLIDENOSON,ABCA1
MRE 2029F20,ABCA1
MRS1754,ABCA1
AS74,ABCA2
SCH 58261,ABCA2
OSIP339391,ABCA2
PHENINDIONE,VKORC1
COMPOUND 38 [PMID: 20817473],EEF2
METHOCARBAMOL,GAPDH
JWH-133,CNR2
"[125I]DTYR-GLY-[(NLE28,31)CCK-26-33",CCKAR
CARIPRAZINE,ALDH1A1
BP 897,ALDH1A1
PG01037,ALDH1A1
SONEPIPRAZOLE,ALDH2
L741742,ALDH2
QUINPIROLE,ALDH2
BMS-599626,DXO
BMS-690514,DXO
DINOPROSTONE,APOC1
AH13205,APOC1
U46619,APOC1
TG11-77,APOC1
NEUREGULIN-4,ERBB4
DEMECLOCYCLINE,NR1I2
RALOXIFENE HYDROCHLORIDE,ESR2
UNC0642,GCNT2
EMRICASAN,CASP1
DIPHOSPHORIC ACID,BLVRA
DARIGABAT,ARNT
TETRAHYDRODEOXYCORTICOSTERONE,ARNT
RO15-4513,ARR3
FLUMAZENIL,ARR3
CGP 47656,ALOX5
MARGETUXIMAB-CMKB,ERBB2
ABBOTT 14C,ALOX15
BIM 28163,ALOX15
LIVER ENRICHED ANTIMICROBIAL PEPTIDE 2,ALOX15
AVEXITIDE,ALPL
CYCLOTHIAZIDE,GRIA3
ATPO,GRIA3
PREGABALIN,CACNG2
AMANTADINE HYDROCHLORIDE,GRIN2A
"5,7-DICHLOROKYNURENIC ACID",GRIN2A
CALPEPTIN,VDR
PSN632408,ADH1C
OLEOYL-LYSOPHOSPHATIDYLCHOLINE,ADH1C
O-1602,ACTN3
N-ARACHIDONOYLGLYCINE,ACTN3
CTAP,APOF
NALTRIBEN,APOF
RABEPRAZOLE,KDR
UCM-1306,ALCAM
ATRACURIUM,SERPINC1
LPA,BIN1
[PHE(ME)7]NEUROKININ B,AQP4
[F/G]N/OFQ-(1-13)-NH2,APBA1
LAPATINIB,ERBB4
COMPOUND 46 [PMID: 25268943],ANXA1
MK-1064,APBB1
EMPA,APBB1
ACT-462206,APBB1
SB-408124,APBB1
MRS 2219,ATP1A3
MRS2802,BIRC3
AP4A,APEX1
COMPOUND 4 [PMID: 23083103],APEX1
CHEMBL:CHEMBL408563,NPC1
R-138727,APEX1
2MESAMP,APEX1
&DELTA;R3/I5,KLK3
ABEXINOSTAT,HDAC1
PROTRIPTYLINE,CD9
BOSUTINIB,FBLN2
BLARCAMESINE,SIGMAR1
[3H]TAUROCHOLIC ACID,CD44
SC-435,CD44
LINSITINIB,IGF1R
SEGLITIDE,FASLG
NH-3,THRB
SD-208,DNMT3A
HC067047,TRPV4
[125I]TSH (HUMAN),TSHR
BOSUTINIB,FGF1
SJ988497,TYK2
D[D-PHE2]AVP,AR
ARGIPRESTOCIN,AR
D[LEU4]LVP,AR
THIOGUANINE,PRPS1
CAPECITABINE,DPYD
ONDANSETRON HYDROCHLORIDE,PPY
RAPALINK-1,MTOR
DOCETAXEL ANHYDROUS,IGF2
LEUPROLIDE ACETATE,AR
CABAZITAXEL,IGF2
ALPELISIB,SGK1
ZOLEDRONIC ACID ANHYDROUS,ERBB2
DEXAMETHASONE,CDK4
PAN-AKT KINASE INHIBITOR GSK690693,AKT3
TALAZOPARIB,MYCN
DURVALUMAB,ALK
CISPLATIN,ALK
ATR INHIBITOR ART0380,ATM
TEMOZOLOMIDE,ATM
AZD6482,ATM
UFP-101,APBA1
CHEMBL:CHEMBL244707,MAPT
REFAMETINIB,MAP2K2
ESZOPICLONE,GABRA3
TOPIRAMATE,GABRA3
DMPP,EHMT2
CHRYSIN DIMETHYL ETHER,BRCA1
PROPYLTHIOURACIL,PRKAB1
MRS1523,DRD1
SORAFENIB,DPP6
DAUNORUBICIN HYDROCHLORIDE,ESR1
CEPHAPIRIN SODIUM,EHMT2
ACACETIN,CYP2D6
CAPROMAB,KLK3
CHEMBL:CHEMBL154580,HSD17B10
CHEMBL:CHEMBL1397308,TP53
OMIPALISIB,PIK3CB
LXH254,RAF1
DEPHOSTATIN,THRB
PELITINIB,ERBB2
FADOLMIDINE,ADRA2A
PF-956980,EPHB1
RECILISIB,PIK3R1
NIRAPARIB,BRCA1
ERGOTAMINE TARTRATE,ADRA2A
CHLOROTHALONIL,AR
MK-212,RGS4
GOSSYPOL,ATXN2
SONOLISIB,PIK3CA
TRAMETINIB DIMETHYL SULFOXIDE,MAP2K1
BASIC FIBROBLAST GROWTH FACTOR,SLC2A1
TISOTUMAB VEDOTIN-TFTV,F3
CHEMBL:CHEMBL1256364,NPC1
BORTEZOMIB,PSMC6
THEONELLASTEROL B,NR1H4
BIOCHANIN A,SMN2
PBF-509,ADORA2A
U0126,FGFR3
RG-7160,EGFR
CHEMBL:CHEMBL428064,SMAD3
CYCLOPENTOLATE,CHRM1
PRAZEPAM,GABRA1
MRS1191,ABCA1
SCH442416,ABCA2
S33084,ALDH1A1
PI-103,PIK3CB
DEXAMETHASONE,KDR
METHYLDOPA (RACEMIC),FEN1
ICOTINIB,EGFR
TILARGININE,NOS2
PANOBINOSTAT LACTATE,HDAC9
PAZOPANIB,FLT4
BIMIRALISIB,F7
ACETAZOLAMIDE SODIUM,CA2
PYRACLOSTROBIN,RXRA
THIOTHIXENE,ATXN2
DACLIZUMAB,IL2RB
THERAPEUTIC HORMONE,DDIT3
MLS1547,ABCD1
DSP-2230,SCN9A
IRINOTECAN HYDROCHLORIDE,ALK
O-F-AMIDINE,PADI4
FADRACICLIB,EIF4G1
AZD-4547,FGFR3
COMPOUND 25 [PMID: 17935989],FCN2
METOPROLOL,LRRC15
PI3K/MTOR KINASE INHIBITOR PF-04691502,PIK3CB
SACITUZUMAB GOVITECAN,ESR2
PYRILAMINE,HRH1
PROMAZINE,CHRM1
XL-228,IGF1R
TYRPHOSTIN 47,ALOX15
CHEMBL:CHEMBL287689,HIF1A
GARETOSMAB,INHBA
TRANILAST,ARSA
DALFAMPRIDINE,KCNH7
TPCK,HPGD
LEVAMISOLE,GSTP1
FENCAMFAMIN,SLC6A3
VU0810464,ASIP
PALBINONE,GSK3B
SCH221510,APBA1
SULFATINIB,CD274
IL-27 SUBUNIT &ALPHA;,TP53
EPITINIB,EGFR
PANULISIB,PIK3CG
PROSTAGLANDIN D2,PPARD
OPIATE,GRM2
BENZODIAZEPINE,NOS2
COMPOUND 8I [PMID: 22765894],DRD5
LINSIDOMINE,HSD17B10
PERHEXILINE,CYP2D6
CISPLATIN,PTEN
GERONTOXANTHONE H,SMAD3
DABIGATRAN,HYOU1
BECAPLERMIN,PDGFRA
ALENDRONATE SODIUM,VDR
YOHIMBINE,ADRA2A
SP-600125,NTRK2
PACLITAXEL,SOD2
WORTMANNIN,PIK3CB
ISTIRATUMAB,IGF1R
APETX-1,BAD
2-CHLORO-5-NITRO-N-PHENYLBENZAMIDE,AHR
TAK-220,CCR5
LESTAURTINIB,MTOR
LEVOBUNOLOL,ADRB1
SR9009,BCL2
PRL-2915,AQP1
TAK-733,MAP2K1
LERCANIDIPINE HYDROCHLORIDE,AR
CHEMBL:CHEMBL529138,HPGD
INFIGRATINIB,FGFR2
CYTARABINE,IL1B
CHEMBL:CHEMBL179611,POLB
DIGOXIN,VIP
S-ADENOSYLMETHIONINE,TPMT
CHEMBL:CHEMBL604528,NFE2L2
VANUCIZUMAB,VEGFA
QUERCETIN,BAX
ERGOTAMINE TARTRATE,ADRA1A
CHEMBL:CHEMBL324053,HDAC6
IMIDAPRIL,AGT
FLURBIPROFEN,TARDBP
TRILACICLIB,CDK4
ERTEBEREL,ESR2
OCTREOTIDE ACETATE,FASLG
CB-5083,VCP
CHEMBL:CHEMBL244707,CYP2D6
PELITINIB,ERBB2
AMLEXANOX,AR
MEVIDALEN,DRD1
ASPIRIN,THRB
ORYZALIN,NFE2L2
OXALIPLATIN,CXCL10
DEXEFAROXAN,CHRNA4
STAVUDINE,CYP1A2
BISPECIFIC ANTIBODY,KLK3
CLAZAKIZUMAB,IL6
NIFEDIPINE,ADRA1A
TETRAIDOFLUORESCEIN,THRB
PL017,APOF
ELLIPTECINE,EHMT2
METOCHALCONE,ABCB1
CLINDAMYCIN,RPSA
CHEMBL:CHEMBL265715,HSD17B10
REGORAFENIB,NTRK1
"PAROXETINE HYDROCHLORIDE, HEMIHYDRATE",MTOR
DISULFIRAM,HPGD
SB 216763,DRD1
SCOPOLAMINE,CHRM1
NALIDIXIC ACID,EHMT2
MLN-8054,PTK2
CHEMBL:CHEMBL592106,ALDH1A1
ABAMECTIN,RXRA
EPOETIN ALFA,MAPK14
RECOMBINANT TRANSFORMING GROWTH FACTOR-BETA 1,ATF2
THIETHYLPERAZINE,DRD2
CHEMBL:CHEMBL579045,ATXN2
AMITRIPTYLINE HYDROCHLORIDE,SLC6A4
CHEMBL:CHEMBL1520346,TLR9
DICUMAROL,VKORC1
ACEPROMETAZINE,HRH1
URMC-099,FCGR1A
2-HYDROXYOCTANOIC ACID,AOAH
1-NAPHTHOL,NFE2L2
RECOMBINANT INTERFERON,MYC
BIRICODAR,CA9
DONEPEZIL,APOE
BAY 60-6583,ABCA2
4-PHENYLENEDIAMINE,EHMT2
RECOMBINANT INTERFERON ALFA,EPO
HYDROCORTISONE BUTYRATE,NR3C2
DOXORUBICIN HYDROCHLORIDE,TGFB1
AZELASTINE HYDROCHLORIDE,HRH1
CHEMBL:CHEMBL582081,HSD17B10
DAUNORUBICIN HYDROCHLORIDE,KMT2A
TICARCILLIN,CSF2
"4-[3-(1,4-DIAZEPAN-1-YLCARBONYL)-4-FLUOROBENZYL]PHTHALAZIN-1(2H)-ONE",PARP1
COMPOUND 8I [PMID: 22765894],DPYSL2
CISAPRIDE,BAD
RIFAMPIN,CYP1A2
GUTHION,PLK1
PAZOPANIB,MET
C5A,NT5E
CHEMBL:CHEMBL505670,VDR
[125I]U-II (HUMAN),UTS2R
PHENELZINE SULFATE,MAOA
NONSTEROIDAL ANTIINFLAMMATORY DRUG,HPGD
METHACYCLINE HYDROCHLORIDE,RPSA
PTHRP,PIK3CA
ROBALZOTAN,A1BG
MLN-3897,ACTA1
SPIPERONE,SERPINA3
TALAZOPARIB,PSMD4
CRIZOTINIB,TP53
BINIMETINIB,MAP2K2
SB 649915,A2MP1
PURPUROGALLIN,PLK1
BROMFENAC SODIUM,PTGS2
TYROSINE KINASE INHIBITOR,F2R
IL-12,ERBB2
VORINOSTAT,MYC
ACARBOSE,AMY2A
IZORLISIB,PIK3CA
ILORASERTIB,PDGFRB
LOTAMILAST,PDE4B
FOMEPIZOLE,ADH1A
BUPIVACAINE,XK
CYPROHEPTADINE HYDROCHLORIDE,HRH1
EST64454,SIGMAR1
RITUXIMAB,JAK2
MEDROXYPROGESTERONE,ESR1
LAPATINIB,HLA-DQA1
PF-670462,DXO
CHEMBL:CHEMBL405317,TP53
DIALLYLDISULFIDE,VDR
EGFR/ERBB-2 INHIBITOR,EN1
U50488,CYP2D6
SIMVASTATIN,HLA-G
ALPRAZOLAM,ARNT
STAVUDINE,ERVW-4
TOLTERODINE,CHRM1
POZIOTINIB,ERBB4
ADP,APEX1
PELDESINE,PNP
TELATINIB,PDGFRB
REMOXIPRIDE,CYP1A2
TRIPHENYLSTANNANOL,KAT2A
AC710,DPP6
CATECHOL,FEN1
HESPERIDIN,APBA1
XEVINAPANT,XIAP
GSK-1059615,PIK3CA
NORSTICTIC ACID,USP1
OBEXELIMAB,CD19
NAVTEMADLIN,NR1I2
THALIDOMIDE,ATP7A
GONADOTROPIN-RELEASING HORMONE ANALOG,CYP19A1
PROGESTIN,CDKN1B
KETOPROFEN,PTGS2
ZOLPIDEM TARTRATE,GABRA1
4&ALPHA;-PDD,TRPV4
PD98059,MAP2K1
DEXTROMETHORPHAN POLISTIREX,GRIN3A
CHEMBL:CHEMBL195350,MTOR
FR139317,TACR1
LANSOPRAZOLE SULFIDE,CYP1A2
GIVINOSTAT,HDAC6
CAFFEINE,IL2RA
EPOETIN ALFA,GSTT1
MOLINDONE,DRD2
BRIMONIDINE,RGS4
ENOBLITUZUMAB,CD276
CYTARABINE,FCGR3A
NIRAPARIB,BRCA2
CHEMBL:CHEMBL603024,THRB
GOSSYPOL,HSPA4
4-CHLOROMERCURIBENZOIC ACID,HSD17B10
PENBUTOLOL SULFATE,ADRB1
CAFFEINE,CYP2D6
CI-966,CD14
CCG-63802,GP1BA
ACETOMENAPHTHONE,GMNN
SATRALIZUMAB,IL6R
METADOXINE,SLC6A1
ESTRAMUSTINE,VDR
CHEMBL:CHEMBL578944,ATXN2
PHENAZINE-1-CARBOXYLIC ACID,EHMT2
VENETOCLAX,BCL2
PHORBOL 12-MYRISTATE 13-ACETATE,ANXA1
DILPACIMAB,VEGFA
BROXURIDINE,CXCL8
ALISKIREN,REN
COMPOUND 36 [PMID: 24000170],EFNA3
CHEMBL:CHEMBL492528,EHMT2
MERESTINIB,MET
[19F]-HALOPERIDOL,ALB
NIMESULIDE,CYP1A2
CNS-5161,GRIN2B
AGS-16C3F,TUBB4A
LESTAURTINIB,NTRK1
ZOLEDRONIC ACID ANHYDROUS,SPP1
GENISTEIN,BGLAP
DOXAZOSIN MESYLATE,ADRA1D
ETRETINATE,RARG
ZALEPLON,GABRA1
OMIPALISIB,PIK3CD
FEZAKINUMAB,IL22
NIFEDIPINE,HPGD
CHEMBL:CHEMBL531269,ERAP1
GSK-1070806,IL18
TANESPIMYCIN,HSP90AA1
TPCK,NFE2L2
DAUNORUBICIN HYDROCHLORIDE,HSP90AA1
LEVONORDEFRIN,EHMT2
MBX-8025,PPARD
PALBOCICLIB,CDKN2A
RISPERIDONE,TNF
CHEMBL:CHEMBL339587,EHMT2
RACEPINEPHRINE,AOC1
APRATASTAT,DBP
CHEMBL:CHEMBL571228,NPC1
ETOPOSIDE,EIF4E
NERVE GROWTH FACTOR,FST
DEFEROXAMINE,GMNN
MECLIZINE HYDROCHLORIDE,HRH1
THIOGUANINE,AR
AME-527,TNF
HEXAMETHYLENEBISACETAMIDE,HMGB1
ACARBOSE,AMY2A
CHEMBL:CHEMBL70582,SMN1
4'-METHOXYFLAVONE,HSD17B10
ETOPOSIDE,IGF2
BROMOCRIPTINE MESYLATE,DRD4
PERICIAZINE,AR
WX-037,PIK3CG
GOSSYPOL,TP53
CHEMBL:CHEMBL1256740,TSHR
CHEMBL:CHEMBL601618,ALDH1A1
TAMOXIFEN,BRCA1
ISOCARBOXAZID,MAOB
ENMD-981693,LYN
SNX-5422,HSP90AA1
PEXMETINIB,MAPK14
GLESATINIB,MET
METHYLTESTOSTERONE,NOS1
PLASMINOGEN,FGA
CHEMBL:CHEMBL505670,POLB
INSULIN DETEMIR,INSR
BUTAPROST (FREE ACID FORM),APOB
CIGLITAZONE,PPARD
PG-102,CD40
SB 206553,HTR2C
VORTIOXETINE HYDROBROMIDE,NAT2
R-VK4-40,ABCD1
CISPLATIN,PIK3CA
ALBUMIN HUMAN-KJDA,ALB
"16,16-DIMETHYL-PGE2",PTGER4
ATROPINE,CHRM1
PHENAZOPYRIDINE HYDROCHLORIDE,SCN8A
HYPERICIN,HPGD
CHEMBL:CHEMBL600306,EHMT2
NIVOLUMAB,CD274
DISOPYRAMIDE,CYP2D6
CHEMBL:CHEMBL483302,ENPP2
HALOTHANE,KCNK2
CHEMBL:CHEMBL528807,TP53
FESOTERODINE,CYP2D6
MITOXANTRONE,NFKB1
MKC-1,CDK1
PANOBINOSTAT LACTATE,HDAC6
DEXKETOPROFEN,PTGS2
CARBAMAZEPINE,HSPA1L
DIACYLGLYCEROL KINASE INHIBITOR II,GMNN
DOBUTAMINE,DRD1
CHEMBL:CHEMBL578512,GMNN
CLIOXANIDE,TSHR
DOXORUBICIN HYDROCHLORIDE,POLB
PI-103,MTOR
[3H]GABAZINE,GABRA1
CHEMBL:CHEMBL1306524,MAPT
THERAPEUTIC GLUCOCORTICOID,IFNG
FRENTIZOLE,NFKB1
TOPIRAMATE,GRIK1
IANALUMAB,TNFRSF13C
BOSUTINIB,ABL1
AMG-548,MAPK14
PLOVAMER ACETATE,HLA-DRB1
MESOTRIONE,RXRA
EMETINE HYDROCHLORIDE,KMT2A
TIOTROPIUM,CHRM1
LARGAZOLE,HDAC4
PI-103,F5
PACLITAXEL,NAT2
CEFOTAXIME SODIUM,POLB
DACTOLISIB,PIK3CG
DALFAMPRIDINE,KCNS3
FLUVOXAMINE,SLC6A4
NEVIRAPINE,ADIPOQ
TRIMIPRAMINE,EPHX1
INTERFERON ALFA-2B,IFNA2
BROMOENOL LACTONE,MAPT
VORINOSTAT,HDAC3
VASOACTIVE INTESTINAL PEPTIDE,VIPR1
ENPROSTIL,APOC2
TAMOXIFEN,CYP1A2
URSODIOL,E2F1
XL999,FGFR2
ABEMACICLIB,CDK6
VENETOCLAX,ABL1
PRONETALOL,ADRB2
UPROSERTIB,AKT3
RUCAPARIB,BRCA2
AFATINIB,ERBB2
LAPATINIB,EGFR
NIMOTUZUMAB,EGFR
AFATINIB,NRG1
DIPHENHYDRAMINE HYDROCHLORIDE,HRH1
PALIPERIDONE,DRD2
TELMISARTAN,AGTR1
GEMFIBROZIL,PPARA
MAGROLIMAB,CD47
INSULIN PURIFIED BEEF,INSR
ERGOCALCIFEROL,VDR
MEQUINOL,TYR
QUETIAPINE FUMARATE,HTR2A
JAK3 INHIBITOR II,DXO
THIORIDAZINE,HTR2C
CARBOPROST TROMETHAMINE,PTGFR
DECITABINE,DNMT1
LY2874455,DR1
ESTRAMUSTINE PHOSPHATE SODIUM,ESR2
ECHOTHIOPHATE IODIDE,ACHE
UROFOLLITROPIN,FSHR
HYDROCORTISONE BUTYRATE,NR3C1
[18F]FLUOROETHYLFLUMAZENIL,GABRA1
FLUOCINONIDE,NR3C1
MEPREDNISONE,NR3C1
ABACAVIR SULFATE,ERVW-4
ESTRONE,ESR1
ROSUVASTATIN,HMGCR
TOREMIFENE,ESR2
MEMANTINE HYDROCHLORIDE,GRIN3A
BRIMONIDINE,ADRA2A
TRIMIPRAMINE MALEATE,ADRA1D
DOXAZOSIN MESYLATE,ADRA1A
SULFASALAZINE,PTGS2
NATEGLINIDE,ABCC8
DILTIAZEM MALATE,CACNA1S
LIOTHYRONINE SODIUM,THRB
LEVALBUTEROL TARTRATE,ADRB2
APIXABAN,F10
CARFILZOMIB,PSMC4
LOPINAVIR,ERVW-4
ETRETINATE,RARB
CLORAZEPATE DIPOTASSIUM,GABRG3
DESFLURANE,GABRG3
METHYPRYLON,GABRA1
HALOTHANE,GABRA1
HALOTHANE,GABRA3
OXYTETRACYCLINE CALCIUM,RPSA
KANAMYCIN SULFATE,RPSA
ERYTHROMYCIN,RPSA
ALDESLEUKIN,IL2RA
INTERFERON ALFA-2B,IFNAR1
ORPHENADRINE CITRATE,SCN9A
PROCAINAMIDE HYDROCHLORIDE,SCN2A
ORPHENADRINE CITRATE,SCN2A
LIDOCAINE HYDROCHLORIDE,SCN8A
DESFLURANE,KCNK2
TROLEANDOMYCIN,RPSA
GUANIDINE HYDROCHLORIDE,KCNC4
ASPIRIN,PDE8B
PEGINTERFERON BETA-1A,IFNAR1
SECUKINUMAB,IL17A
ENMD-981693,FGFR1
ENMD-981693,FRK
ENMD-981693,SRC
AZD3514,AR
ILORASERTIB,FYN
ILORASERTIB,FRK
AMG-319,PIK3CD
AZD5438,CDK1
AZD5438,CDK5
M-2698,RPS6KB1
PF-00337210,KDR
PWT-33579,PIK3CA
MIVAVOTINIB CITRATE,SYK
IRAMPANEL,SCN8A
LY2245461,ESR2
AZD8108,GRIN3B
PALOVAROTENE,RARG
INECALCITOL,VDR
AEE-788,KDR
BAFETINIB,LYN
R-333,SYK
XL-820,PDGFRB
XL-820,KDR
TEDATIOXETINE,HTR2A
TEDATIOXETINE,SLC6A3
ELINOGREL,P2RY12
VABICASERIN HYDROCHLORIDE,HTR2C
TEDATIOXETINE,HTR2C
ELUBRIXIN,CXCR2
DECOGLURANT,GRM2
AZD5672,CCR5
GW842166,CNR2
K-877,PPARA
IMIGLITAZAR,PPARG
TEDISAMIL,KCNA3
AZACITIDINE,TP53
EVACETRAPIB,CETP
LAPAQUISTAT ACETATE,FDFT1
ROXADUSTAT,EGLN3
HYDROCORTISONE SODIUM SUCCINATE,NFE2L2
CRISABOROLE,PDE4B
ARZOXIFENE,ESR2
PARECOXIB,PTGS2
CHEMBL:CHEMBL600841,RAD54L
ONERCEPT,TNF
ONCOLYSIN S,NCAM1
ZONAMPANEL,GRIA4
FLANVOTUMAB,TYRP1
TENATUMOMAB,TNC
OZORALIZUMAB,TNF
DESONIDE,NR3C1
ISATUXIMAB,CD38
BENSERAZIDE,DDC
BUTAMBEN PICRATE,TRPV4
DICHLOROBENZYL ALCOHOL,SCN9A
MINAPRINE HYDROCHLORIDE,CHRM1
VALBENAZINE TOSYLATE,SLC18A2
CUDC-101,GART
MEDI-8968,IL1R1
SIFALIMUMAB,IFNA13
EPOPROSTENOL,APOC3
MCS-110,CSF1
METHACHOLINE CHLORIDE,CHRM2
TAREXTUMAB,NOTCH3
LIPIDYL PSEUDOPTERANE A,PTPN1
FOSTAMATINIB DISODIUM,SYK
POLATUZUMAB VEDOTIN,TUBB4A
NERATINIB,ERBB4
APABETALONE,BRD2
DIETHYLSTILBESTROL,TP53
MOCLOBEMIDE,MAOA
BLONANSERIN,DRD3
DELGOCITINIB,JAK2
PF-06263507,TUBA4A
TISOTUMAB VEDOTIN-TFTV,TUBA4A
PF-06459988,EGFR
PAMITEPLASE,PLG
NOMACOPAN,LTB4R
AL-78898A,C3
PCI-27483,F7
FIANLIMAB,LAG3
DOLASTATIN-10,TUBA4A
ABICIPAR PEGOL,VEGFA
IRUPLINALKIB,ALK
ESTETROL,ESR2
GC1118,EGFR
TRILACICLIB DIHYDROCHLORIDE,CDK4
LONAPEGSOMATROPIN,GHR
SELICICLIB,RB1
PEGAPTANIB OCTASODIUM,VEGFA
COLCHICINE,JUN
TORUDOKIMAB,IL33
QUINUPRISTIN/DALFOPRISTIN,RPSA
PRIMAQUINE,CYP1A2
GW-406381,PTGS2
IVUXOLIMAB,TNFRSF4
EPHEDRINE HYDROCHLORIDE,ADRA2A
LORVOTUZUMAB MERTANSINE,TUBB4B
MOSUNETUZUMAB,MS4A1
NS-2359,SLC6A4
CANTUZUMAB MERTANSINE,TUBB4A
BACLOFEN,NFE2L2
NIROGACESTAT,APH1A
OXATOMIDE,HRH1
SINCALIDE,CCKAR
OMBRABULIN,TUBB4A
DACTOLISIB,PIK3CG
VANOXERINE,GMNN
(RS)-ROSCOVITINE,CDK1
ELLIPTECINE,DRD1
CHEMBL:CHEMBL592124,ALOX15
CHEMBL:CHEMBL1367933,KMT2A
MERCURIC CHLORIDE,TP53
CIGLITAZONE,PPARG
CHEMBL:CHEMBL81782,AR
SB-415286,HSD17B10
PD-0166285,PAK4
TRIAMCINOLONE,AR
CHEMBL:CHEMBL600908,ATXN2
CHEMBL:CHEMBL565893,GMNN
CHEMBL:CHEMBL154580,EHMT2
RABEPRAZOLE,EHMT2
CHEMBL:CHEMBL592106,HPGD
PHENYLEPHRINE HYDROCHLORIDE,ADRB2
PERHEXILINE MALEATE,NLRP1
CHEMBL:CHEMBL1170485,JAK2
EVEROLIMUS,MTOR
BROMOCHLOROACETIC ACID,NFE2L2
NVP-TAE684,PDGFRA
DOVITINIB,JAK2
H-89,ALDH1A1
PROGLUMETACIN,PPARD
DICLOFENAC SODIUM,HIF1A
PALMATINE CHLORIDE HYDRATE,AR
WORTMANNIN,HSP90AA1
CHEMBL:CHEMBL582478,KMT2A
CHEMBL:CHEMBL547833,RAD54L
CHEMBL:CHEMBL581574,MAPK1
HYCANTHONE,AR
QUINALIZARIN,APEX1
CHEMBL:CHEMBL585030,GMNN
YUANHUADINE,MAPK3
YUANHUADINE,MAPK1
SCH 58261,HSD17B10
ALSTERPAULLONE,SRC
BENAZEPRIL HYDROCHLORIDE,AR
OMEGA-CHLOROACETOPHENONE,NFE2L2
CARBOPLATIN,MAPT
CAPTAN,HPGD
EPIGALLOCATECHIN-3-GALLATE,MAPT
SOTRASTAURIN,MAP4K4
SOTRASTAURIN,AKT1
CHEMBL:CHEMBL458094,ATXN2
THONZONIUM BROMIDE,HSP90AA1
PROPOXYCAINE,CYP1A2
PHENYLMERCURIC ACETATE,MAPK1
CHEMBL:CHEMBL362223,HSD17B10
MERSALYL,VDR
RX821002,ADRA2A
CHEMBL:CHEMBL19954,SMAD3
4'-METHOXYFLAVONE,SMN1
CHEMBL:CHEMBL1701911,GLO1
CHEMBL:CHEMBL184450,NR1H4
CHEMBL:CHEMBL585030,FASN
CHEMBL:CHEMBL1519374,PLK1
CLOROPHENE,NFE2L2
CHEMBL:CHEMBL453797,ALOX15
HYDROCORTISONE BUTYRATE,NFE2L2
THIORIDAZINE,EHMT2
EPHEDRINE,POLB
FLUDARABINE,NFE2L2
NICOTINE BITARTRATE,EHMT2
METHYLDOPA (RACEMIC),EHMT2
METHYLDOPA (RACEMIC),ALDH1A1
OBETICHOLIC ACID,NR1H4
TBBT,USP1
CHEMBL:CHEMBL601616,CYP1A2
CHEMBL:CHEMBL375673,HPSE
CHEMBL:CHEMBL329673,GMNN
FOLPET,AR
BUFOTENINE,HSPB1
KAVAIN,ALDH1A1
NVP-TAE684,CDK5
PARAROSANILINE,ATXN2
DOXORUBICIN HYDROCHLORIDE,USP1
HARMOL,EHMT2
3M-002,TLR8
CHEMBL:CHEMBL585656,EHMT2
CHEMBL:CHEMBL19954,NFE2L2
CHEMBL:CHEMBL600908,NFE2L2
CHEMBL:CHEMBL600334,NFE2L2
CHEMBL:CHEMBL233194,TP53
METHYL PARATHIONE,THRB
BEXAROTENE,USP1
ARTESUNATE,NFKB1
ELLIPTECINE,CYP2D6
CHEMBL:CHEMBL609036,RAD52
METHYL ROBUSTONE,SMN2
CHEMBL:CHEMBL63329,NFKB1
ISOPROPAMIDE,CYP2D6
CHEMBL:CHEMBL1445650,GMNN
SHINPTEROCARPIN,PPARG
BENSERAZIDE HYDROCHLORIDE,PLK1
CP-547632,BLK
VANITIOLIDE,EHMT2
SURAMIN HEXASODIUM,APEX1
SP-600125,MAPK1
CHEMBL:CHEMBL458765,CYP1A2
HOLACANTHONE,JUN
BRILLIANT GREEN OXALATE,EHMT2
VANOXERINE,NFE2L2
THONZONIUM BROMIDE,AR
FLUNARIZINE HYDROCHLORIDE,GMNN
CHEMBL:CHEMBL124006,FEN1
CHEMBL:CHEMBL596633,GMNN
PAZOPANIB,FGFR1
CHLORBROMURON,AR
DECYNIUM 22,EHMT2
CHEMBL:CHEMBL585030,EHMT2
TELMISARTAN,EHMT2
ETHOFUMESATE,AR
GIPARMEN,TARDBP
METHYLBENZETHONIUM,USP1
PURPUROGALLIN,HPGD
DAPHNETIN,FEN1
APOMORPHINE HYDROCHLORIDE HEMIHYDRATE,FEN1
SELEGILINE,CYP2D6
CHEMBL:CHEMBL585622,WRN
CHEMBL:CHEMBL1834951,PPARG
PURPUROGALLIN,CDK5
PURPUROGALLIN,CDK5R1
CHEMBL:CHEMBL527585,GMNN
CHEMBL:CHEMBL598903,NFE2L2
LUTEOLIN,APEX1
THIOTEPA,GMNN
CHEMBL:CHEMBL555260,PLK1
DYCLONINE,VDR
CHEMBL:CHEMBL1256364,CYP1A2
CHEMBL:CHEMBL527584,GMNN
KEPONE,PPARG
METHYLENE BLUE,AR
BUTYRYLHYDROXAMIC ACID,HDAC6
BUTYRYLHYDROXAMIC ACID,HDAC4
4-PHENYLBUTYRIC ACID,HDAC6
THIABENDAZOLE,SMN1
CHEMBL:CHEMBL600336,POLB
DIHYDROXANTHOHUMOL,GMNN
CAPENSIN,GMNN
CHEMBL:CHEMBL581929,NPC1
METHOPRENE,NFE2L2
PYRANTEL PAMOATE,VDR
VINBLASTINE,TUBB4A
ECONAZOLE NITRATE,TP53
PECTOLINARIGENIN,NFKB2
PIPERTRAMINE,CHRM1
CHEMBL:CHEMBL536375,ATXN2
FENDILINE HYDROCHLORIDE,ATXN2
SU11274,MAPK14
DISULFIRAM,PPARD
CHEMBL:CHEMBL2333543,MAPK3
ALAPROCLATE HYDROCHLORIDE,NLRP3
OFLOXACIN,HSD17B10
LANSOPRAZOLE,ALOX15
THIMEROSAL,MAPK1
DEBRISOQUIN SULFATE,NFE2L2
CHEMBL:CHEMBL494668,WRN
BW723C86,ATXN2
CHLOROQUINE,TLR7
PHENYLMERCURIC ACETATE,ESR1
SB-415286,CDK5R1
N-AMINOHEXYL-5-CHLORO-1-NAPTHALENESULFONAMIDE HYDROCHLORIDE,ATXN2
MERCURIC CHLORIDE,HSD17B10
HYCANTHONE,HIF1A
DYCLONINE,CYP2D6
GSK-269962A,AKT1
PINDOLOL,ADRB2
CHEMBL:CHEMBL1453126,GMNN
TYRPHOSTIN 47,ALDH1A1
METHAZOLAMIDE,EHMT2
CATECHOL,NFE2L2
MT-3724,RPS27A
PANTOPRAZOLE SODIUM,NFE2L2
DAUNORUBICIN HYDROCHLORIDE,AR
SOTRASTAURIN,PKN2
CHEMBL:CHEMBL1256484,EHMT2
DIMENHYDRINATE,CYP2D6
CHEMBL:CHEMBL607309,TSHR
TARENFLURBIL,HPGD
ISOTHYMONIN,FEN1
CHEMBL:CHEMBL582722,EHMT2
THIOTEPA,AR
ASARININ,CYP2D6
CHEMBL:CHEMBL591137,MAPT
GOSSYPOL,EHMT2
LAPATINIB,RET
SP-600125,BLK
QUINACRINE DIHYDROCHLORIDE,APEX1
TIVOZANIB HYDROCHLORIDE,KDR
MECYSTEINE HYDROCHLORIDE,HPGD
TIOTIDINE,CYP2D6
CINTAZONE,VDR
NVP-TAE684,RPS6KB1
"2',4'-DIHYDROXYCHALCONE",ALOX15
TACRINE,ALOX15
CP-339818,CYP2D6
DAPHNETIN,POLB
CYCLOSPORINE,ATXN2
DOXYCYCLINE ANHYDROUS,SOD1
FLUACIZINE,VDR
LAUROGUADINE,BLK
CISPLATIN,ATP7B
PHYSOSTIGMINE,EHMT2
CHEMBL:CHEMBL124460,EHMT2
ORYZALIN,PPARD
CHEMBL:CHEMBL584452,EHMT2
PAPAVEROLINE,HSD17B10
ENOXOLONE,PRKCD
CHEMBL:CHEMBL1091971,HSD17B10
CROMOLYN SODIUM,AR
PF-03715455,CYP1A2
ECONAZOLE NITRATE,HSP90AA1
HYMECROMONE,CYP1A2
CHEMBL:CHEMBL587449,NPC1
OUABAIN,STAT3
CHEMBL:CHEMBL600734,HTT
TPCK,CYP1A2
BCR-ABL INHIBITOR GNF-2,BCR
BARASERTIB,PDGFRB
CHEMBL:CHEMBL19954,KMT2A
TRENBOLONE ACETATE,AR
CHEMBL:CHEMBL1467165,BMP2
BENZALKONIUM CHLORIDE,TP53
"LIPOIC ACID, ALPHA",POLB
ENNIATIN B,ATXN2
BUPROFEZIN,NFE2L2
LESTAURTINIB,AR
CENTANAFADINE,SLC6A3
KEPONE,HSP90AA1
LINSIDOMINE,EHMT2
CHEMBL:CHEMBL184450,PPARG
NBQX,APEX1
NVP-TAE684,ERBB2
SB220025,LYN
CARBOPLATIN,APEX1
ALFATRADIOL,AR
EUFLAVINE,APEX1
CHEMBL:CHEMBL300389,XBP1
CHEMBL:CHEMBL582073,HTT
CHLORQUINALDOL,SMAD3
NEFLAMAPIMOD,CTNNB1
PD-0166285,JAK2
NIFEDIPINE,DRD1
QUINACRINE DIHYDROCHLORIDE,USP1
5-BENZYLOXYTRYPTAMINE,EHMT2
CHEMBL:CHEMBL528807,MTOR
CHEMBL:CHEMBL343002,EHMT2
5-METHOXYISATIN,ALDH1A1
DEXAMETHASONE,SLC2A4
CHEMBL:CHEMBL538542,EHMT2
(R)-NITRENDIPINE,NFKB1
DOXYCYCLINE ANHYDROUS,F2RL1
SULFASALAZINE,HPGD
OXETHAZAINE,HIF1A
WORTMANNIN,MAPT
ASPIRIN,ATM
ISOXSUPRINE,CYP2D6
CHEMBL:CHEMBL607309,EHMT2
PENICILLIN V BENZATHINE,CYP2D6
NVP-TAE684,PAK4
VANOXERINE,CYP2D6
XCT790,KAT2A
PYROCATECHOL VIOLET,RELA
CURCUMIN,GMNN
PHENAZINE-1-CARBOXYLIC ACID,GMNN
CHEMBL:CHEMBL589444,TARDBP
CHEMBL:CHEMBL1366623,GMNN
DITHIAZANINE IODIDE,MAPT
CLIOQUINOL,HSP90AA1
ATEZOLIZUMAB,CTLA4
GR 127935,DRD1
SOTALOL,ADRB1
TRANILAST,TP53
ZAMPANOLIDE,TUBA4A
CHEMBL:CHEMBL580851,ALOX15
QUINOXYFEN,NFE2L2
BIOCHANIN A,CYP2D6
LINOLEIC ACID,NFE2L2
NVP-TAE684,CAMK2A
CHEMBL:CHEMBL600107,TARDBP
SB-415286,HIF1A
IMIDACLOPRID,PLK1
NIFEDIPINE,VDR
(S)-VERAPAMIL,TSHR
PD-0166285,ABL1
DL-LACTIC ACID,AR
CARBOPLATIN,APEX1
ALPHA-ENDOSULFAN,NFE2L2
CHLORACYZINE,GMNN
METHOCARBAMOL,CYP1A2
CHEMBL:CHEMBL592124,PLK1
KAVAIN,NFE2L2
WHI-P131,JAK3
BEXAROTENE,RXRA
SB-415286,ALDH1A1
CHEMBL:CHEMBL1372046,APBA1
FIDUXOSIN HYDROCHLORIDE,AR
CURCUMIN,TUBB4A
DOVITINIB,TYK2
DITHIODIMORPHOLINE,AR
ELLIPTECINE,MAPT
METFORMIN HYDROCHLORIDE,MTOR
EPIGALLOCATECHIN-3-GALLATE,POLB
EPIGALLOCATECHIN-3-GALLATE,ERBB2
LAPATINIB,EGFR
"1R,9S-HYDRASTINE",TSHR
CHEMBL:CHEMBL582473,MAPT
CHEMBL:CHEMBL2348411,MTOR
CHLORHEXIDINE HYDROCHLORIDE,USP1
CHEMBL:CHEMBL265686,SMN2
SP-600125,POLB
CHEMBL:CHEMBL602946,ATXN2
DEPHOSTATIN,EHMT2
HOMIDIUM BROMIDE,RXRA
HYDRAMETHYLNON,PPARD
NORGESTIMATE,AR
DIBEKACIN,AR
CHEMBL:CHEMBL2036119,TUBB4B
CHEMBL:CHEMBL600306,NFE2L2
CRIZOTINIB,MET
CADMIUM ACETATE,ALOX15
VANOXERINE,RGS4
TRANSPLATIN,FEN1
CHEMBL:CHEMBL592124,ALOX12
CHEMBL:CHEMBL1077773,EGFR
PALBOCICLIB,CDK5
CINTREDEKIN BESUDOTOX,IL4R
NADA,KAT2A
METHYCLOTHIAZIDE,NFE2L2
TIOPRONIN,ABCC1
PD-0166285,MAP2K1
CHEMBL:CHEMBL300389,CDK5R1
CHEMBL:CHEMBL300389,CDK5
NVP-TAE684,GRK5
FUSARIC ACID,EHMT2
NADA,VDR
GOSSYPOL,SMAD3
CHEMBL:CHEMBL578512,GAPDH
ELLIPTECINE,TDP1
TYRPHOSTIN AG 835,HSD17B10
NALED,AR
VIPADENANT,ABCA2
CHEMBL:CHEMBL592124,HTT
ARGENTEOSIDE A,HSP90AA1
CHEMBL:CHEMBL600734,MAPT
COMPOUND 27 [PMID: 21123062],DRD4
CHEMBL:CHEMBL1481974,STAT6
PURPUROGALLIN,MAPT
KHELLIN,USP1
PAZOPANIB,PPARD
TEROXIRONE,GMNN
GOSSYPOL,AR
AZACITIDINE,GMNN
ACETAZOLAMIDE,MMP12
QUINACRINE DIHYDROCHLORIDE,EHMT2
ZIRAM,ALOX15
CHEMBL:CHEMBL1288281,NQO1
ELLIPTECINE,POLB
FRENTIZOLE,SMN1
CHEMBL:CHEMBL599100,SNCA
SAQUINAVIR,ATXN2
ACACETIN DIACETATE,HSD17B10
METHYLENE BLUE,ALDH1A1
SP-600125,SYK
CHEMBL:CHEMBL66279,TARDBP
MK-212,CYP1A2
CHEMBL:CHEMBL1333049,SMN1
DEXAMETHASONE,CHAT
RIFAMPIN,AR
CHEMBL:CHEMBL505670,PLK1
TPCK,TARDBP
SOTRASTAURIN,PRKG1
ASCORBYL PALMITATE,APEX1
DISULFIRAM,AGTR1
CHEMBL:CHEMBL260451,TP53
GOSSYPOL,RGS4
CHEMBL:CHEMBL2313444,ESR1
DAUNORUBICIN HYDROCHLORIDE,BRCA1
PHLORETIN,ATM
THIMEROSAL,TLR9
CHEMBL:CHEMBL473735,NPC1
CEFOTAXIME SODIUM,TDP1
CHEMBL:CHEMBL589270,SIRT2
NVP-TAE684,CAMK2G
CHRYSIN DIMETHYL ETHER,TARDBP
THAPSIGARGIN,ATXN2
PAPAVEROLINE,CYP2D6
BOPINDOLOL,EHMT2
DNQX,ARSA
CURCUMIN,HPGD
CHEMBL:CHEMBL1902074,CXCL8
IRIGENOL,ALDH1A1
PECTOLINARIGENIN,NPC1
CONICASTEROL E,NR1H4
CHEMBL:CHEMBL1489812,EHMT2
EPHEDRINE,EHMT2
NVP-TAE684,MAPK9
LAUROGUADINE,PAK1
ALSTERPAULLONE,GSK3B
DIACYLGLYCEROL KINASE INHIBITOR II,HIF1A
CHEMBL:CHEMBL535307,SMAD3
OFLOXACIN,CYP1A2
SB-415286,MAPT
CHEMBL:CHEMBL122701,MAPT
CHEMBL:CHEMBL589924,EHMT2
CHEMBL:CHEMBL582478,PLK1
PURGIN II,ABCB1
BERKELEYAMIDE C,CASP1
CHEMBL:CHEMBL1256364,TARDBP
DIMETHENAMID,NFE2L2
"3,4-DIHYDROXYPHENYLACETIC ACID",APEX1
ORYZALIN,AR
GSK0660,PPARD
"2,4-DIHYDROXYBENZOPHENONE",NFE2L2
AVELUMAB,CD274
CODEINE ANHYDROUS,CYP2D6
NIVOLUMAB,CD274
OMACETAXINE,ABL1
NERATINIB,ERBB2
PERPHENAZINE,CYP2D6
TAMOXIFEN,ESR1
TRIMIPRAMINE,CYP2D6
TOREMIFENE,ESR1
NMS-1286937,PLK1
MIDOSTAURIN,PRKCA
FIGITUMUMAB,IGF1R
TOCILIZUMAB,IL6R
GANETESPIB,HSP90AA1
RO4929097,NOTCH4
VELIPARIB,PARP1
CARFILZOMIB,PSMD4
CARFILZOMIB,PSMC4
DACTOLISIB,PIK3R1
DACTOLISIB,MTOR
REGORAFENIB,FLT4
SONOLISIB,PIK3CA
"1,4-BENZOQUINONE",ABCB1
DOFEQUIDAR FUMARATE,ABCC1
IMATINIB,ABCG2
PROTEASE INHIBITOR,ABCC1
PRASTERONE,ABCG2
CELECOXIB,ABL1
THERAPEUTIC GLUCOCORTICOID,ACE
MAGNESIUM CHLORIDE ANHYDROUS,ACHE
THIOGUANINE,ACHE
STREPTOZOCIN,ADCYAP1
MEPANIPYRIM,NFE2L2
CURCUMIN,ANPEP
THERAPEUTIC GLUCOCORTICOID,ALOX5
H2O2,ATF2
SODIUM CHLORIDE,BAX
"3,6-DIMETHOXYFLAVONE",TSHR
RECOMBINANT INTERFERON,BCL2
STREPTOZOCIN,BCL2
DOXORUBICIN HYDROCHLORIDE,BCL2
OXALIPLATIN,BCL2
GP-120 ANTIGEN,CD40
OPIATE,CCR2
THROMBIN,CD38
PHENYLEPHRINE HYDROCHLORIDE,ADRA1D
DNA VACCINE,CD80
PROGESTIN,CDK4
THERAPEUTIC HORMONE,CSF2
OMEPRAZOLE,CSF2
DIGOXIN,CST3
FLUOROURACIL,E2F1
FLOXURIDINE,ENO2
ALITRETINOIN,ERBB2
DEXTROMETHORPHAN POLISTIREX,ERCC6
RECOMBINANT TRANSFORMING GROWTH FACTOR,F2R
PACLITAXEL,FASN
DOXORUBICIN HYDROCHLORIDE,FCGR3B
RECOMBINANT INTERLEUKIN-1-BETA,FOS
RETINOIC ACID AGENT,FST
EPOETIN ALFA,FXN
VITAMIN D,GC
GENISTEIN,GFAP
LUTEINIZING HORMONE,GFAP
AMINOGLUTETHIMIDE,GGT1
THERAPEUTIC GLUCOCORTICOID,HLA-A
SOMATROPIN (RECOMBINANT DNA ORIGIN),HGF
CHLORAMPHENICOL,HMGB1
THERAPEUTIC HORMONE,HMOX2
TYROSINE KINASE INHIBITOR,HSPB1
STREPTOZOCIN,IGFBP1
SOMATROPIN (RECOMBINANT DNA ORIGIN),IGF2
RECOMBINANT INTERFERON,IGF2
MACROLIDE ANTIBIOTIC,IL10
CETUXIMAB,CXCL8
ECHINACEA PREPARATION,IL6
KLEBSIELLA PNEUMONIAE GLYCOPROTEIN,CXCL8
DECITABINE,LIF
RETINYL ACETATE,LPL
C5A,MAPK14
RECOMBINANT INTERFERON,MAPK14
ALDESLEUKIN,MMP2
ANTICOAGULANT AGENT,MPO
THERAPEUTIC GLUCOCORTICOID,MT1H
QUINAPRIL,MYC
BROMOCRIPTINE,NFE2L2
CAPSAICIN,NFE2L2
STREPTOZOCIN,MYO9B
CYTOPROTECTIVE AGENT,NFE2L2
DINITROCHLOROBENZENE,NOS2
FREUND'S ADJUVANT,NPY
THERAPEUTIC GLUCOCORTICOID,NR3C1
CAPSAICIN,NTF3
LITHIUM,NTS
STREPTOZOCIN,NTRK1
SOMATROPIN (RECOMBINANT DNA ORIGIN),PHEX
VITAMIN D,PHEX
RESVERATROL,PIK3CA
CALCITRIOL,PHEX
RECOMBINANT TRANSFORMING GROWTH FACTOR-BETA 1,PIK3CB
ALDESLEUKIN,PIK3CB
NONSTEROIDAL ANTIINFLAMMATORY DRUG,PIK3CB
ANTIESTROGEN,PIK3CG
IL-4,PIK3CG
MELPHALAN,PLAT
CELECOXIB,PLAU
ATORVASTATIN CALCIUM TRIHYDRATE,PPARD
DELGOCITINIB,TYK2
ECHINACEA PREPARATION,PRL
AZATHIOPRINE,SERPINE1
BERZOSERTIB,ATM
CLOFIBRATE,SCD
COBALT,SLC11A1
SELICICLIB,CDK7
THYMIDINE,SLC28A1
CHLORHEXIDINE GLUCONATE,TAC1
CISPLATIN,PPARD
DIGOXIN,TAC1
SULINDAC,TAC1
ATORVASTATIN CALCIUM TRIHYDRATE,TFPI
DACTINOMYCIN,TFPI
IL-12,TGM2
THROMBIN,TGM2
FREUND'S ADJUVANT,THY1
GP-120 ANTIGEN,THBS1
IL-4,TLR3
ARGIPRESSIN,THBS4
CROMOLYN SODIUM,TNF
RUTIN,TNF
IMMUNOSTIMULANT,TNF
IL-12,TP53
TIRAPAZAMINE,TP53
RITUXIMAB,TP53
DOXIFLURIDINE,TYMP
ANTISERUM,TSHR
DISULFIRAM,TSPO
TEGAFUR-GIMERACIL-OTERACIL POTASSIUM,TYMP
ANTISERUM,VDR
VITAMIN D,VDR
ALENDRONATE SODIUM,VDR
PREDNISONE,VWF
OMEPRAZOLE,VIP
MITOMYCIN,VWF
FLUOXETINE HYDROCHLORIDE,CRHR1
IMIQUIMOD,TLR7
GLYCEROL PHENYLBUTYRATE,OTC
COLFORSIN,NR1I2
METHOTREXATE,NR1I2
AMOXICILLIN ANHYDROUS,NR1I2
HYDROCORTISONE BUTYRATE,NR1I2
TOPIRAMATE,NR1I2
TAMOXIFEN,NR1I2
MEFLOQUINE,ABCB1
ANALGESIC AGENT,DRD2
ANALGESIC AGENT,COMT
CYCLOSPORINE,TCF7L2
NALTREXONE,DRD2
PEGINTERFERON ALFA-2A,IL6
PRACINOSTAT,HDAC1
BUSULFAN,GSTP1
BUSULFAN,GSTM1
ZANUBRUTINIB,TP53
AZATHIOPRINE,HLA-DQA1
BEVACIZUMAB-AWWB,CXCR2
ISOPROTERENOL,ADRA1D
THERAPEUTIC CORTICOSTEROID,ACOT7
SARAKALIM,ABCC9
THERAPEUTIC CORTICOSTEROID,ADORA2A
ARIPIPRAZOLE LAUROXIL,FAAH
QUINIDINE,CYP2D6
CILAZAPRIL,ACE
ZILUCOPLAN,CHRNA7
TOPIRAMATE,GRIK1
UROFOLLITROPIN,FSHR
PERPHENAZINE,CYP2D6
MEDROXYPROGESTERONE,VDR
TG100-115,PIK3CG
RAMUCIRUMAB,EGFR
RITONAVIR,TOMM40
PEGINTERFERON ALFA-2A,HLA-B
AMOXICILLIN ANHYDROUS,HLA-B
METHIMAZOLE,HLA-B
SULFASALAZINE,HLA-B
ETEPLIRSEN,DMD
VINCRISTINE,BCL2
AMILORIDE,SCNN1A
ABCIXIMAB,FGG
GSK-2636771,PTEN
EPIRUBICIN,NOS1
TIROFIBAN,FGG
DROTRECOGIN ALFA,F5
NITROGLYCERIN,ALDH2
PEGINTERFERON ALFA-2A,OAS1
MEPOLIZUMAB,PDGFRA
CLOPIDOGREL,FMO3
DEXAMETHASONE,PTGDR
RECOMBINANT INTERFERON,BCL2
SIMVASTATIN,SCAP
PACLITAXEL,FCGR2A
TRIMIPRAMINE,SLC6A4
CYCLOSPORINE,TPMT
BEVACIZUMAB-AWWB,GC
PEGINTERFERON ALFA-2B,KLRK1
ROSUVASTATIN,LPA
ROSUVASTATIN,CACNA1S
ROSUVASTATIN,FMO3
ROSUVASTATIN,HMGCR
TOFERSEN,SOD1
ARGININE,NOS3
ACETAMINOPHEN,COMT
COCAINE,SLC6A3
SIMVASTATIN,ABCA1
PEGINTERFERON ALFA-2B,HLA-A
PACLITAXEL,LIG3
LAPATINIB,ESR2
HEROIN,GAL
SOFOSBUVIR / VELPATASVIR / VOXILAPREVIR,IFNL3
CAPIVASERTIB,ESR1
MELEVODOPA,DRD1
IRINOTECAN HYDROCHLORIDE,SLCO1B3
BUPROPION HYDROCHLORIDE,COMT
LAPATINIB,ERBB3
BMS-599626,ERBB2
PELITINIB,ERBB4
VARGATEF,FGFR1
LINSITINIB,IGF1R
TRAMETINIB DIMETHYL SULFOXIDE,MAP2K1
VARGATEF,PDGFRA
XL999,PDGFRB
SONOLISIB,PIK3CA
SONEPCIZUMAB,SGPP1
LCL161,BIRC3
LAPATINIB,EGFR
AZD-8848,TLR7
AVOSENTAN,EDNRA
EMRICASAN,CASP3
BELATACEPT,CD80
BINODENOSON,ADORA2A
BRYOSTATIN 1,PRKCA
BRYOSTATIN,PRKCQ
BRIAKINUMAB,IL12B
CNS-5161,GRIN3B
ROMIDEPSIN,HDAC6
DOVITINIB,FGFR2
DP-VPA,ABAT
VENLAFAXINE,SLC6A4
DROTRECOGIN ALFA,F5
TAMSULOSIN HYDROCHLORIDE,ADRA1A
ECABET,PGC
ZONISAMIDE,SCN9A
EP-217609,F2
CIMAGLERMIN ALFA,ERBB2
INTEGRIN RECEPTOR ANTAGONIST GLPG0187,ITGB1
INTEGRIN RECEPTOR ANTAGONIST GLPG0187,ITGAV
AMILORIDE,SCNN1A
SUCCINYLCHOLINE,CHRM3
ADALIMUMAB-ADBM,TNF
RAMUCIRUMAB,KDR
INSULIN GLARGINE-YFGN,INSR
IMIQUIMOD,TLR7
INECALCITOL,VDR
AMG-131,PPARG
IPRATROPIUM CATION,CHRM2
ISIS 113715,PTPN1
ALDESLEUKIN,IL2RA
GIVINOSTAT,HDAC8
LUMATEPERONE,HTR2A
LESTAURTINIB,JAK2
LESOGABERAN,GABBR1
TEDATIOXETINE,HTR2C
ISOSORBIDE DINITRATE,GC
TEDATIOXETINE,SLC6A3
BREXPIPRAZOLE,DRD2
RIGOSERTIB,PIK3CD
STAT3 INHIBITOR OPB-51602,STAT3
RANOLAZINE,SCN9A
ROPINIROLE,DRD3
GARLIC,IL2
RITUXIMAB,MS4A1
TASIMELTEON,MTNR1A
TANESPIMYCIN,HSP90AA1
TB-403,PGF
ABITUZUMAB,ITGB3
TIOTROPIUM,CHRM2
TRAZODONE,HTR2C
TREMELIMUMAB,CTLA4
TRAZODONE,HTR1A
TRANEXAMIC ACID,PLG
ACEPROMETAZINE,HRH1
INAMRINONE,PDE4B
APRACLONIDINE,ADRA2A
BRINZOLAMIDE,CA2
CARBOPROST TROMETHAMINE,PTGER1
ENOTICUMAB,NOTCH4
PIMOZIDE,DRD2
PHENYLBUTAZONE,PTGIS
RHODOMYRTOXIN B,TP53
SALICYLIC ACID,PTGS2
SAPRISARTAN,AGTR1
RIMEXOLONE,NR3C1
SALSALATE,PTGS1
REMIKIREN,REN
SCOPOLAMINE,CHRM1
CHEMBL:CHEMBL1501622,SIRT3
SECOBARBITAL,GRIK2
ALPRAZOLAM,TSPO
DEMECARIUM BROMIDE,BCHE
GEPIRONE,HTR1A
FOMEPIZOLE,ADH1A
AMISULPRIDE,DRD2
COLLAGENASE CLOSTRIDIUM HISTOLYTICUM-AAES,COL2A1
ATROPINE,CHRM1
BEPRIDIL,CALM1
BIPERIDEN,CHRM1
BRINZOLAMIDE,CA2
CAPTOPRIL,ACE
CLOZAPINE,HTR2C
CLOZAPINE,DRD1
AZINPHOS-ETHYL,AR
MERCAPTOPURINE,HPRT1
DESOGESTREL,ESR1
ARIPIPRAZOLE LAUROXIL,HTR2A
INTERFERON ALFA-2B,IFNAR1
KETOPROFEN,PTGS1
THERAPEUTIC ANDROSTANOLONE,MAPK3
HEPARIN,PLA2G2A
IMATINIB,RET
PHENYLPROPANOLAMINE,ADRA1A
DELAVIRDINE MESYLATE,ERVW-4
PRAMIPEXOLE,DRD4
PRAMIPEXOLE,DRD2
PIMOZIDE,DRD2
RIVASTIGMINE,ACHE
SALICYLIC ACID,PTGS2
SUCCINYLCHOLINE,CHRM1
IMIQUIMOD,TLR7
TAZAROTENE,RXRB
TELMISARTAN,AGTR1
DACARBAZINE,CYP1A2
SAPROPTERIN,TPH1
TIAGABINE HYDROCHLORIDE,SLC6A1
4-METHYLDAPHNETIN,VDR
TIAGABINE HYDROCHLORIDE,ABAT
APIGENIN,PPARG
TRIAMTERENE,SCNN1A
ARSENIC TRIOXIDE,TXNRD1
MIGLUSTAT,UGCG
YOHIMBINE,ADRA2A
VIGABATRIN,ABAT
WARFARIN,VKORC1
TB-403,PGF
BINTRAFUSP ALFA,CD274
CDX-3379,ERBB3
ANTI-PD-L1 MONOCLONAL ANTIBODY FAZ053,CD274
PEPINEMAB,MME
NAVICIXIZUMAB,VEGFA
MOSUNETUZUMAB,MS4A1
MM-151,EGFR
JNJ-54175446,P2RX7
GLASDEGIB,MTOR
APC-100,AR
INTERFERON ALFA-2B,IFNA2
TIGAPOTIDE,MSMB
GLYBURIDE,IL2
URSODIOL,GGT1
RONTALIZUMAB,IFNA2
NAPROXEN SODIUM,HTR1A
DEXAMETHASONE,SMAD3
HT-0712,PDE4B
AZD-5122,CXCR2
LY2874455,FGFR2
PLITIDEPSIN,PPT1
VANUCIZUMAB,VEGFA
OLANZAPINE,DRD2
BENSERAZIDE,DDC
SR-123781A,F10
DELTIBANT,BDKRB2
NISOLDIPINE,CYP1A2
PRASTERONE,AR
EPIGALLOCATECHIN GALLATE,FASN
TANOGITRAN,F10
GUANOSINE,PNP
ARZOXIFENE,ESR2
BINODENOSON,ADORA2A
TRANEXAMIC ACID,PLG
WARFARIN,VKORC1
UROFOLLITROPIN,FSHR
RILONACEPT,IL1B
PHENOXYBENZAMINE,DRD2
ATF-936,CASR
RODUCITABINE,DNMT1
TERBUTALINE,ADRB2
RITUXIMAB,MS4A1
TEZACAFTOR,CFTR
STAT3 INHIBITOR OPB-51602,STAT3
ELIGLUSTAT TARTRATE,UGCG
ENTOSPLETINIB,SYK
ANTI-TF MONOCLONAL ANTIBODY ALT-836,F3
PF-04937319,GCK
LAPATINIB,EEF2K
ONO-2952,TSPO
CARIPRAZINE,DRD2
GALICAFTOR,CFTR
TRYPTAMINE,HTR2A
PHENINDAMINE,HRH1
"16,16-DIMETHYL-PGE2",PTGER3
SQUALAMINE,VEGFA
KAEMPHEROL,ESR1
CILIARY NEUROTROPHIC FACTOR,CNTFR
AQ-13,ACKR1
ESTRADIOL VALERATE,ESR1
HYDROCORTISONE BUTYRATE,NR3C1
INSULIN SUSP PROTAMINE ZINC BEEF/PORK,INS
GLYBURIDE,ABCC8
PIRFENIDONE,TGFB1
NORTRIPTYLINE,SLC6A4
PEGINTERFERON ALFA-2A,IFNA2
ICARITIN,ESR1
SARIZOTAN,HTR1A
LY-2584702,RPS6KB1
COLLAGENASE CLOSTRIDIUM HISTOLYTICUM-AAES,AQP1
CETIRIZINE HYDROCHLORIDE,HRH1
HYDROXYZINE,HRH1
HEXOBARBITAL,GABRA1
LIOTHYRONINE,THRA
LAPATINIB,EGFR
METHYSERGIDE,HTR2C
MELATONIN,MTNR1A
MITOTANE,ESR1
PEGVISOMANT,GHR
SORAFENIB,KDR
VIGABATRIN,ABAT
ELUVIXTAMAB,CD33
ANTI-EGFR/HER2/HER3 MONOCLONAL ANTIBODY MIXTURE SYM013,EGFR
TANESPIMYCIN,HSP90AA1
RESATORVID,TLR4
CARBOXYCINNAMIC ACID BISHYDROXAMIDE,HDAC1
NLX-101,A1BG
EMDT,A1BG
BMY-14802,A1BG
P-MPPI,A1BG
(S)-FLUROCARAZOLOL,A1BG
SB 649915,A1BG
CGS-12066,A2M
CGS-12066,A2MP1
AVITRIPTAN,A2MP1
SB 216641,A2MP1
METERGOLINE,A2MP1
S33084,A2MP1
LY344864,HTR2C
BROLAMFETAMINE,HTR2C
RO 60-0175,HTR2C
RU 24969,HTR2C
VER-3323,HTR2C
DULOXETINE HYDROCHLORIDE,HTR2C
SB 215505,HTR2C
MOSAPRIDE,NAT1
PP-121,ABL1
SPIPERONE,ABCB7
NORTRIPTYLINE,ABCB7
(+)-CYCLAZOSIN,ABCB7
PIRIBEDIL,ABCB7
2-HEXYNYL-NECA,ABAT
"(R,S)-PHPNECA",ABAT
BAY 60-6583,ABCA1
(R)-PIA,ABCA1
KF26777,ABCA1
XANTHINE AMINE CONGENER,ABCA1
ST-1535,ABCA1
MRS1523,ABCA1
KF26777,ABCA2
MRS1754,ABCA2
ST-1535,ABCA2
PSB603,ABCA2
XANTHINE AMINE CONGENER,ABCA2
"D-NAL,CYS,TYR,D-TRP,ORN,VAL,CYS,NAL-NH2",ACAT1
METHAZOLAMIDE,GAPDH
CANNABINOR,CNR2
LY-288513,CCKBR
DESULFATED CHOLECYSTOKININ-8,CCKBR
CCL5,ACTA1
ALPIDEM,TSPO
DIMETHYL SULFOXIDE,NOS2
KINASE INHIBITOR 2 [PMID: 30199702],ELAVL2
LUMACAFTOR,CFTR
RIBAVIRIN,CXCL8
AZD6495,DPYD
AMG820,DPYD
LINIFANIB,DPYD
GM-CSF,DPYD
LENOGRASTIM,DPYD
HUMAN CALCITONIN,ACHE
UROTENSIN 1 (FISH),ALB
CXCL12&ALPHA;,ACTG1
BALIXAFORTIDE,ACTG1
CEFDITORIN PIVOXIL,VDR
ANDROGRAPHOLIDE,NFKB1
CHMFL-KIT-64,DUSP1
MITOXANTRONE,GBX2
MERESTINIB,DUSP1
RS 93520,APOB
BW 245C,APOB
SPIPERONE,ALCAM
ZOTEPINE,ABCD1
LOXAPINE,ALDH1A1
ZOTEPINE,ALDH1A1
TTK21,GLI1
ANACARDIC ACID,GLI1
OLECLUMAB,NT5E
COMPOUND 19A [PMID: 30503936],DXO
AG 490,DXO
BMS-690514,EN1
MM-111,EN1
AEE788,EN1
ZONGERTINIB,EN1
DY131,BDKRB1
PHTPP,ESR2
CHEMBL:CHEMBL1546228,MAPT
[3H]SYM2081,CBLB
ZOLEDRONIC ACID ANHYDROUS,BLVRA
EXAMPLE 13 [WO2009109743],CRMP1
RISEDRONIC ACID,BLVRA
DIAZEPAM,ARNT
CLONAZEPAM,ARNT
TRIAZOLAM,ARNT
AZD7325,ARNT
CHEMBL:CHEMBL601385,MAPT
BICUCULLINE,ARNT
PIPERIDINE-4-SULPHONIC ACID,ARR3
TETRAHYDRODEOXYCORTICOSTERONE,ARR3
BICUCULLINE,ARR3
BPH-252,CXCR5
EXENDIN-3,ALPL
LIXISENATIDE,ALPL
"[D-ARG1,D-PHE5,D-TRP7,9,LEU11]SUBSTANCE P",ALOX15
OXYBUTYNIN,CHRM3
S18986,GRIA3
PARDOPRUNOX,DRD2
C1-27,MNX1
FLUPERLAPINE,SERPINA3
D-KYNURENINE,AOAH
JNJ-38431055,ADH1C
COMPOUND 29A [PMID: 21444206],ADH1C
COMPOUND 42 [PMID: 22545772],ADH1C
POMC (141-162),ADCY8
ILOMASTAT,DCC
GSK-1838705A,DPEP1
COMPOUND 22 [PMID: 21823616],EPHA1
CISPLATIN,ERCC2
SELEXIPAG,APOC3
LY-2608204,GCK
SJ988497,EPHB1
COMPOUND 8L [PMID: 36053746],EPHB2
AC430,EPHB2
COMPOUND 1D [PMID: 21493067],EPHB2
PEFICITINIB,EPHB1
FEDRATINIB,EPHB2
LASW1393,EPHB2
PRALSETINIB,DRD2
3-[(3-(2-CARBOXYETHYL)-4-METHYLPYRROL-2-YL)METHYLENE]-2-INDOLINONE,DRD2
IMIPRAMINE HYDROCHLORIDE,BDNF
T-817 MALEATE,LPO
TPT-004,LTB4R
CRIDANIMOD,HSPB1
DAPOXETINE,SLC6A4
CCT365623,HIVEP2
COMPOUND 19A [PMID: 30503936],DRD5
CORTICOTROPIN,ANK1
COMPOUND 8I [PMID: 22765894],DRD4
AM7,DRD4
COMPOUND 16 [PMID: 18945615],DRD4
L-CCG-I,SLC25A4
BREXPIPRAZOLE,ABCD1
CYPPTS,ANPEP
SERIBANTUMAB,ERBB3
L-CCG-I,GRM8
CTPI-2,CEBPB
SPIRONOLACTONE,NR3C2
"1,2,3-BENZENETRICARBOXYLIC ACID",CEBPB
FPA144,FGFR2
DESOXYCORTICOSTERONE,NR3C2
COMPOUND 4E [PMID: 35546685],CTNNB1
"5-(2-PHENYLPYRAZOLO[1,5-A]PYRIDIN-3-YL)-1H-PYRAZOLO[3,4-C]PYRIDAZIN-3-AMINE",MAPK3
PAZOPANIB,PDGFRA
PP1,CTNNB1
INCYCLINIDE,MMP9
2-[125I]MELATONIN,ANK3
S24014,ANK3
ISOTONITAZENE,APOF
NALDEMEDINE,APOF
NALMEFENE,APOF
NICOTINE POLACRILEX,CHRNA3
GR 159897,AQP4
"[125I]NKA (HUMAN, MOUSE, RAT)",AQP4
IMR-1,GPR37
EFWSLAAPQRF-NH2,ANXA1
[3H]-TCS 1102,APBB1
"[125I]OREXIN A (HUMAN, MOUSE, RAT)",APBB1
NF023,ATP1A3
ADP,BIRC2
AP4A,BIRC2
"2',3'-DIDEOXYADENOSINE TRIPHOSPHATE",APBB2
2-FUROYL-LIGRLO-AMIDE,APOE
COMPOUND 16 [PMID: 31525966],PRF1
RV1729,F7
WORTMANNIN,F2R
IBUDILAST,COL11A2
AZD1208,F9
AC710,DPP4
MASITINIB,DPP6
COMPOUND 8I [PMID: 22765894],DPP6
CRENOLANIB,DPP6
BPKDI,FABP7
"(5Z)-5-[(5-BROMOTHIOPHEN-2-YL)METHYLIDENE]-1-METHYL-2-SULFANYLIDENE-1,3-DIAZINANE-4,6-DIONE",GP1BA
AGN193109,BCHE
VEPAFESTINIB,PTK2B
EUROPIUM-LABELLED R3(B1-22R),APRT
NANOLUC R3/I5 CHIMERA,KLK3
ADENOSINE TRIPHOSPHATE,RYR2
MINIMISED RELAXIN-3 ANALOGUE 2,KLK3
DULOXETINE HYDROCHLORIDE,CD9
DASATINIB ANHYDROUS,FBLN2
ODEVIXIBAT,CD44
CST-17,FAS
[L-TYR8]CYN 154806,FAS
[111IN]DOTA-NOC-ATE,FASLG
DOTA-JR11,FASLG
J-2156,AQP1
RK-287107,HLA-DMA
COMPOUND 21 [PMID: 34141085],HLA-DMB
COMPOUND 21K [PMID: 34985886],FGB
CD2+,TRPV6
2-APB,TRPV6
TYK2 INHIBITOR 14L,TYK2
PF-956980,TYK2
PP1,FKBP1A
AFATINIB,ERBB2
ARSENIC TRIOXIDE,MYCN
NERATINIB,ERBB2
THERAPEUTIC TUMOR INFILTRATING LYMPHOCYTES,HLA-C
FULVESTRANT,ESR1
GRACILIN J,EGFR
DOCETAXEL ANHYDROUS,CD44
ICRF-193,EHMT2
RO-5045337,TP53
HYDROXYCHLOROQUINE,MTR
DOCETAXEL ANHYDROUS,GAS6
QUARFLOXIN,BRCA2
CAPECITABINE,PIK3CA
PEMIGATINIB,FGFR1
TALAZOPARIB,PALB2
DACTOLISIB,AR
CERITINIB,ABCB1
AVELUMAB,CD274
IMATINIB,CD274
TASURGRATINIB,FGFR1
HMPL-453,FGFR2
DERAZANTINIB,FGFR3
UPADACITINIB,JAK1
AZ960,JAK2
LUMINESPIB,JAK2
CRIZOTINIB,JAK2
BMS-911543,JAK2
PIMASERTIB,PIK3CA
AZD6482,PIK3CA
RESCINNAMINE,ACE
ADO-TRASTUZUMAB EMTANSINE,PIK3CA
GSK1059615,PIK3CA
DECITABINE,RB1
OMIPALISIB,RET
CAPIVASERTIB,STK11
PRODIGIOSIN,TP53
RITUXIMAB,TP53
ZANUBRUTINIB,TP53
DOXORUBICIN LIPOSOME,TP53
TEMOZOLOMIDE,TP53
GANETESPIB,TP53
OBICETRAPIB,CETP
ALVESPIMYCIN,TP53
INOLIMOMAB,IL2RA
TOFACITINIB,TYK2
VALPROIC ACID,HDAC6
METHYLPREDNISOLONE,NFE2L2
BIOCHANIN A,SMN1
VANOXERINE,HTT
ARIPIPRAZOLE LAUROXIL,DRD2
CHEMBL:CHEMBL586031,USP1
ICATIBANT ACETATE,BDKRB2
IRBESARTAN,APOE
ANTICONVULSANT AGENT,SHBG
MERCURIC CHLORIDE,AR
NVP-TAE684,PDGFRB
CHEMBL:CHEMBL1481974,HSPA8
LIAFENSINE,SLC6A4
NIMODIPINE,NTF3
ANTHRACYCLINE ANTINEOPLASTIC ANTIBIOTIC,VEGFA
PEGINTERFERON ALFA-2A,CXCL10
VILANTEROL,ADRB2
CHEMBL:CHEMBL211670,MAPT
9-AMINOCAMPTOTHECIN,PTH1R
CAFFEINE,MYO9B
CP-547632,VEGFA
CHIPS,ACACB
QUINOCIDE,VDR
PACRITINIB CITRATE,JAK2
CHEMBL:CHEMBL606167,NFE2L2
OXALIPLATIN,DPYD
LINIFANIB,CSF1R
CRIZOTINIB,MET
MIMOPEZIL,ACHE
SB-3CT,DBT
CHEMBL:CHEMBL2094422,MAPT
CHEMBL:CHEMBL1569213,CYP1A2
PHORBOL 12-MYRISTATE 13-ACETATE,ITGB2
C5A,PIK3CG
CEP-11981,KDR
DOXORUBICIN HYDROCHLORIDE,ATM
MECYSTEINE HYDROCHLORIDE,VDR
DOVITINIB,PKN2
EFAVIRENZ,AR
TOLMETIN,PTGS2
CHEMBL:CHEMBL220845,PPARD
ELIGLUSTAT TARTRATE,UGCG
ANTIDEPRESSANT AGENT,SERPINE1
DIXANTHOGEN,VDR
COUMARIN-3-CARBOXYLIC ACID,TSHR
CHEMBL:CHEMBL600734,EHMT2
DIAZEPAM,TSPO
TROPIFEXOR,NR1H4
VANDETANIB,ABL1
DROTRECOGIN ALFA,F5
GW409544,CCND1
NIFEDIPINE,ATXN2
TRITIOZINE,EHMT2
RECOMBINANT TRANSFORMING GROWTH FACTOR,ANPEP
NALTREXONE,AKR1C4
VARGATEF,KDR
TRAMETINIB DIMETHYL SULFOXIDE,TP53
DYCLONINE HYDROCHLORIDE,SCN2A
YANGONIN,AHR
TRAZODONE,SLC6A4
MCS-110,CSF1R
UPROSERTIB,AKT3
DIHYDROSPHINGOSINE,CYP2D6
CILOSTAZOL,THBD
GURETOLIMOD,TLR7
ILORASERTIB,LYN
COMMENSAL BACTERIAL STRAIN FORMULATION VE800,PTEN
DONEPEZIL,CYP2D6
CIMAGLERMIN ALFA,ERBB3
DEMECARIUM BROMIDE,BCHE
NICOTINE POLACRILEX,CHRNA4
DOCARPAMINE,DRD2
PRIDINOL,CYP2D6
ALDRIN,NFE2L2
BUTACHLOR,AR
TRAIL,PIK3CB
DIFENOCONAZOLE,RXRA
VORTIOXETINE HYDROBROMIDE,A1BG
PICLIDENOSON,ABCA2
SKLB-03220,EZH2
ALTIRATINIB,NTRK1
CDK/CRK INHIBITOR,EIF4EBP1
LANINAMIVIR OCTANOATE,XK
DEPHOSTATIN,POLB
RAMUCIRUMAB,KDR
STANOZOLOL,AR
LAUROCAPRAM,AR
DEPHOSTATIN,ATXN2
HYDROXYUREA,PTH
ROXADUSTAT,EGLN3
CARBAMAZEPINE,HLA-DRB1
INSULIN SUSP PROTAMINE ZINC BEEF/PORK,INSR
THIOTEPA,HPGD
ALPHA-CYPERMETHRIN,ALDH1A1
DEXTROAMPHETAMINE SULFATE,CYP2D6
TAPRENEPAG,PTGER2
SURAMIN,HPSE
SORAFENIB,PDGFRA
SUNITINIB,PDGFA
HYCANTHONE,APEX1
RUCAPARIB,BRCA2
CHEMBL:CHEMBL1519374,USP1
SELECTIVE ESTROGEN RECEPTOR COVALENT ANTAGONIST H3B-6545,ESR1
REMOXIPRIDE,DRD2
HAPLAMINE,NFE2L2
IRIGENOL,HPGD
LAZERTINIB,DXO
RALIMETINIB,CTNNB1
SU9516,EIF4G1
HYDRASTININE,CYP2D6
N-HISTIDYL-2-AMINONAPHTHALENE (BETANA),SMN1
CHEMBL:CHEMBL8488,HSD17B10
CHEMBL:CHEMBL598270,NFE2L2
COMPOUND 3 [PMID: 21105727],ANPEP
TEBANICLINE TOSYLATE,CHRNA4
COMPOUND 4D [PMID: 21851057],EFNA3
LYS[Z(NO2)]-PRO,SLC15A2
FORETINIB,ABL1
METHOTRIMEPRAZINE,DRD4
DIENESTROL,ESR1
PPTN,BIRC3
OLAPARIB,ATM
ECHINACEA PREPARATION,CYP1A2
THERAPEUTIC HORMONE,BRCA1
4-CHLOROMERCURIBENZOIC ACID,RGS4
MITOXANTRONE,MAPK1
METFORMIN,NR1I2
ISOSPAGLUMIC ACID,APEX1
HOMIDIUM BROMIDE,THRB
RIBOCICLIB,CDK4
ASPIRIN,GC
LY2979165,GRM2
FLUSILAZOLE,AR
RIBOCICLIB,CDK6
VALBENAZINE,CYP2D6
COLCHICINE,ABCB1
PIM447,F9
ABIRATERONE ACETATE,CYP17A1
PH-797804,MAPK14
FOSCARNET,CXCL8
OLMUTINIB,EGFR
VORUCICLIB,EIF4E
TRAMETINIB DIMETHYL SULFOXIDE,RB1
NILOTINIB,NF1
BUSULFAN,ITGAL
CHEMBL:CHEMBL590184,GMNN
OXALIPLATIN,TP53
INTERLEUKIN-12,STAT4
SIROLIMUS,PTEN
SOPHORAFLAVANONE G,BACE1
SULFASALAZINE,CYP2D6
TRETINOIN,RXRG
PALBOCICLIB,RB1
CHEMBL:CHEMBL73820,KCNK2
UROFOLLITROPIN,FSHR
PENTOSAN POLYSULFATE,FGF1
ALTROPANE I-123,SLC6A3
CISPLATIN,RB1
LENZILUMAB,CSF2
TRICLOCARBAN,HTT
ASPIRIN,PDE4B
TETRAZEPAM,GABRA1
TIPIFARNIB,NF1
RONICICLIB,CCND1
AFATINIB,ERBB2
CYPROHEPTADINE HYDROCHLORIDE,HRH1
3-IODOBENZYLGUANIDINE,TH
AROMOLINE,ATXN2
TOREMIFENE,ESR1
TELITHROMYCIN,RPSA
THIOTHIXENE,DRD2
CHEMBL:CHEMBL600908,ALDH1A1
PERHEXILINE MALEATE,HTT
PP2,ABL1
METHYLPREDNISOLONE,ANXA1
WEDELOLACTONE,APEX1
DACTOLISIB,MTOR
COMPOUND 16D [PMID: 36573286],CFTR
CPUY192018,KEAP1
BENZPHETAMINE HYDROCHLORIDE,SLC18A2
GEFITINIB,ERBB3
PARICALCITOL,VDR
OXYPHENONIUM BROMIDE,CHRM1
IROSUSTAT,STS
EPTACOG ALFA (ACTIVATED),F7
GR 127935,MAPK1
CHEMBL:CHEMBL153505,TARDBP
CHEMBL:CHEMBL195350,TP53
FLUOXETINE HYDROCHLORIDE,SLC6A4
DEUCRICTIBANT,BDKRB2
NORTRIPTYLINE,ATXN2
CANERTINIB DIHYDROCHLORIDE,ERBB2
PHENPROCOUMON,VKORC1
CHEMBL:CHEMBL464631,SHBG
[VAL4]AVP,AR
IMIPRAMINE HYDROCHLORIDE,SLC6A4
VACTOSERTIB,DNMT3A
SB-415286,EHMT2
TIMBETASIN,TMSB4X
GSK-2269557,PIK3CD
SITOKIREN,REN
CHIR-265,KDR
OGLEMILAST,PDE4B
GR 127935,A2M
GR 127935,A2M
PICROTOXIN,GLRA2
TTC-352,ESR1
CHEMBL:CHEMBL1935538,TUBB4A
DOXORUBICIN HYDROCHLORIDE,TAF1
CHEMBL:CHEMBL242171,HSD17B10
RISPERIDONE,SERPINA3
CEFOTAXIME SODIUM,APEX1
PRAZOSIN,HSD17B10
CARFILZOMIB,PSMD4
PIMOZIDE,HTR2A
SILODOSIN,ADRA1A
TOREMIFENE,ESR2
PLATINUM,XRCC5
LOXAPINE SUCCINATE,HTR2C
FULVESTRANT,ESR1
LATREPIRDINE,GRIN2A
EPOPROSTENOL SODIUM,PTGIR
A68930,ALCAM
SCH 37370,APLP2
CURCUMIN,ERBB2
EPHEDRINE,ADRA1A
CHEMBL:CHEMBL527585,NFE2L2
STREPTOZOCIN,KCNJ11
HYDROCORTISONE BUTYRATE,AR
LINCOMYCIN HYDROCHLORIDE,RPSA
SAD448,CNR1
ICOTINIB,EGFR
BEXAROTENE,RXRA
COMPOUND 22E [PMID: 20167483],ASIC2
SORAFENIB,CTNNB1
METHYLNITROSOUREA,MAPK3
XEVINAPANT,BIRC3
DEXTRAN SULFATE,PLAU
ENOXOLONE,PRKCA
BEXAROTENE,RXRA
CLOPIDOGREL,F13A1
GOSSYPOL,PIN1
URACIL,CDX2
CEPHAPIRIN SODIUM,APEX1
ELLIPTECINE,TP53
SALICYLANILIDE,AHR
4-PHENYLBUTYRIC ACID,SMN1
BIHELICAL APOA-I MIMETIC PEPTIDE 5A,ABCA1
(RS)-ROSCOVITINE,CDK5
ASPIRIN,AFP
IMATINIB,PDGFRB
PROROXAN HYDROCHLORIDE,NFE2L2
TRAIL,TNFRSF11B
CURCUMIN,MAPT
CHEMBL:CHEMBL1256174,EHMT2
CHLOROPHACINONE,NFE2L2
CHEMBL:CHEMBL591137,POLB
GLESATINIB,MET
AMTOLMETIN GUACIL,COX8A
EP-217609,F2
COMPOUND 5E [PMID: 17975902],BLVRA
RELAXIN,APRT
CHEMBL:CHEMBL607309,MAPT
DIBUTYLDICHLOROSTANNANE,NFE2L2
AZATHIOPRINE,ABCB1
KA1010,MSTN
ONC201,TP53
CHEMBL:CHEMBL547833,POLB
PEGINTERFERON ALFA-2A,ABCB1
NISOLDIPINE,SLC25A20
RIFAXIMIN,NR1I2
LEVETIRACETAM,HLA-A
CHEMBL:CHEMBL533954,POLB
DIAZOXIDE,KCNJ11
L-TRP-TRP-TRP,BRCA2
METERGOLINE,A2M
GLUTAMINE,DDIT3
CLIOQUINOL,CYP1A2
APRACLONIDINE,ADRA2A
"L-694,247",CYP2D6
ISOETHARINE HYDROCHLORIDE,ADRB2
ARRY-300,MAP2K1
MIRDAMETINIB,MAP2K1
SB220025,MAPK1
SECURININE,AR
MRS4478,BIRC3
PAZOPANIB,HLA-B
THONZONIUM BROMIDE,ATXN2
FLUVASTATIN,HMGCR
ILOPERIDONE,NUBPL
ARTEANNUIN B,NFE2L2
LEVOMILNACIPRAN,HTR2A
DEXFENFLURAMINE,SLC6A4
DOXAZOSIN MESYLATE,ABCB7
DINITRAMINE,AR
DROTRECOGIN ALFA,F5
DINACICLIB,MYC
FENRETINIDE,RARB
PX-12,TXN
TESTOSTERONE ENANTHATE,CYP19A1
{4-[3-(4-ACETYL-3-HYDROXY-2-PROPYLPHENOXY)PROPOXY]PHENOXY}ACETIC ACID,VDR
AZD7648,TP53
CLAZAKIZUMAB,IL6
5-BENZYLOXYTRYPTAMINE,MAPT
NIFEDIPINE,NFKB1
CLOBAZAM,GABRA3
JI-101,KDR
GANITUMAB,IGF1R
GSK-269962A,PRKG1
CAFFEINE,PDE4B
PF-04457845,FAAH
DECITABINE,DNMT1
ALT-2074,NOS2
DIFLUNISAL,DHFR
ZORIFERTINIB,DXO
(-)-N-PORPHYNORAPOMORPHINE,ATXN2
OCTYLONIUM,USP1
2-FUROYL-LIGRL[N-(ALEXA FLUOR 594)-O]-NH2,APOE
GERONTOXANTHONE H,RARA
LADUVIGLUSIB,CDK1
CHEMBL:CHEMBL586031,ALDH1A1
QUERCETAGETIN,NFKB2
COBIMETINIB,MAP2K2
DIPYRITHIONE,VDR
DEXPROPRANOLOL HYDROCHLORIDE,APEX1
RITUXIMAB,XIAP
ZALIFRELIMAB,CTLA4
DABIGATRAN,HNMT
CHEMBL:CHEMBL597246,TSHR
OSELTAMIVIR PHOSPHATE,XK
SAGOPILONE,TUBB4B
NORTRIPTYLINE,CD9
TAREXTUMAB,NOTCH3
PHENSERINE,BCHE
XCT790,USP1
RECOMBINANT HUMAN THROMBOPOIETIN,PTPRC
BEXAROTENE,KAT2A
SIVELESTAT SODIUM,TFF2
MONOMETHYL FUMARATE,CSF2
VENETOCLAX,BCL2
NIVOLUMAB,CD274
LAPATINIB,ERBB3
FULVESTRANT,ESR1
AFATINIB,ERBB4
SORAFENIB,VEGFA
CLIDINIUM,CHRM3
BRINZOLAMIDE,CA2
CAPTOPRIL,ACE
DICUMAROL,VKORC1
MARAVIROC,CCR5
ARIPIPRAZOLE LAUROXIL,HTR2A
INSULIN DETEMIR,INSR
LOXAPINE HYDROCHLORIDE,HTR2A
INSULIN SUSP ISOPHANE PURIFIED BEEF,INSR
DOXYCYCLINE CALCIUM,MMP1
DOXYCYCLINE CALCIUM,MMP7
RISEDRONATE SODIUM ANHYDROUS,FDPS
AMBRISENTAN,EDNRB
TOPIRAMATE,GRIA1
BRENTUXIMAB VEDOTIN,TUBB4A
MEMANTINE HYDROCHLORIDE,GRIN1
MEMANTINE HYDROCHLORIDE,GRIN2A
LEVONORDEFRIN,ADRA2A
KETOPROFEN,PTGS1
RAUWOLFIA SERPENTINA (USP),ADRA1A
METIPRANOLOL HYDROCHLORIDE,ADRB2
CLOBAZAM,GABRA1
CLOBAZAM,GABRG3
TRICLOFOS SODIUM,GABRG3
TOPIRAMATE,GABRA1
RILUZOLE,SCN2A
MERETHOXYLLINE PROCAINE,SCN8A
MERETHOXYLLINE PROCAINE,SCN7A
BROMOCRIPTINE MESYLATE,DRD3
HALOPERIDOL DECANOATE,DRD4
METHOTRIMEPRAZINE,DRD3
HALOPERIDOL DECANOATE,DRD4
THIORIDAZINE,DRD4
PANOBINOSTAT LACTATE,HDAC4
PILOCARPINE HYDROCHLORIDE,CHRM1
BREXPIPRAZOLE,DRD2
COBIMETINIB FUMARATE,MAP2K1
CM-082,KDR
CUDC-101,EGFR
CUDC-101,HDAC3
OMIPALISIB,PIK3CG
OMIPALISIB,MTOR
MODAFINIL,SLC6A3
LAROTRECTINIB,NTRK2
LY-2584702,RPS6KB1
VS-5584,PIK3CD
TOLCAPONE,COMT
XL-228,BLK
TRIAMCINOLONE,NR3C1
AZD6280,GABRA3
DACTOLISIB,PIK3R1
DACTOLISIB,PIK3CG
BMS-777607,MET
CABOZANTINIB S-MALATE,KDR
LUCITANIB,FGFR2
LUCITANIB,FLT4
LESOGABERAN,GABBR1
INCB-9471,CCR5
RUPLIZUMAB,CD40LG
TRIAMCINOLONE,NR3C1
QUIZARTINIB,PDGFRB
BETAMETHASONE VALERATE,NR3C1
NERATINIB,ERBB2
TAMOXIFEN CITRATE,ESR1
MIDOSTAURIN,KDR
MIDOSTAURIN,PRKCA
RITOBEGRON,ADRB3
RILPIVIRINE,ERVW-4
MOTESANIB,PDGFRB
BAPINEUZUMAB,APP
OBILTOXAXIMAB,PRDX1
DEFIBROTIDE,PLG
INSULIN PEGLISPRO,INSR
FICLATUZUMAB,HGF
LORVOTUZUMAB MERTANSINE,NCAM1
PONEZUMAB,APP
DEMCIZUMAB,DLL4
CARBETAPENTANE CITRATE,SIGMAR1
CLOMETACIN,PTGS1
PYROVALERONE HYDROCHLORIDE,SLC6A3
DULIGOTUZUMAB,EGFR
DENINTUZUMAB MAFODOTIN,CD19
ALOXIPRIN,PTGS1
CHLORMETHIAZOLE,GABRA3
PIMOZIDE,DRD5
SIFALIMUMAB,IFNA17
VOBARILIZUMAB,IL6R
PRAZOSIN HYDROCHLORIDE,ADRA1D
DORLIMOMAB ARITOX,RPS27
DORLIMOMAB ARITOX,RPL14
TERAZOSIN HYDROCHLORIDE,ADRA1A
APOLIZUMAB,HLA-DRB1
CARVEDILOL,ADRA1A
AMIFAMPRIDINE,KCNS3
AMIFAMPRIDINE,KCNA3
TISOTUMAB VEDOTIN-TFTV,TUBB4A
TISOTUMAB VEDOTIN-TFTV,TUBB4B
TERAZOSIN HYDROCHLORIDE,ADRA1D
"IBUPROFEN, SODIUM SALT",PTGS2
CHLORPROPAMIDE,KCNJ11
SUMANIROLE,DRD2
SODIUM OXYBATE,GABBR1
RESATORVID,TLR4
OLITIGALTIN,LGALS3
NEBICAPONE,COMT
ETHYLESTRENOL,AR
RAVAGALIMAB,CD40LG
FELADILIMAB,ICOS
DOVRAMILAST,PDE4B
OXANDROLONE,AR
LUTIKIZUMAB,IL1B
ATALUREN,RPL23A
BELATACEPT,CD86
FESOTERODINE,CHRM2
AZD-8848,TLR7
BICIFADINE,SLC6A3
TOSITUMOMAB,MS4A1
GUSACITINIB,JAK1
LUCERASTAT,UGCG
JNJ-54175446,P2RX7
FIMASARTAN,AGTR1
TISLELIZUMAB,PDCD1
TILARGININE ACETATE,NOS3
AGS-16C3F,TUBB4B
CHIGLITAZAR,PPARD
ZIRITAXESTAT,ENPP2
COCAINE HYDROCHLORIDE,SCN8A
COCAINE HYDROCHLORIDE,SCN7A
COCAINE HYDROCHLORIDE,SCN2A
TALAMPANEL,GRIA1
FIDANACOGENE ELAPARVOVEC,F9
NNC0114-0006,IL21
UMBRALISIB TOSYLATE,ABL1
REPROTEROL,ADRB2
PEMETREXED TROMETHAMINE,DHFR
CARBOPLATIN,BCL2
CISPLATIN,BRCA1
NIRAPARIB,BRCA1
NIRAPARIB,BRCA2
RONICICLIB,CDKN2A
ALISERTIB,MYC
GEDATOLISIB,PIK3CA
COBIMETINIB,NF1
AFURESERTIB HYDROCHLORIDE,AKT3
DALANTERCEPT,ACVRL1
GEDATOLISIB,PIK3R1
ABEMACICLIB,CDK6
TIVOZANIB,FLT4
PAZOPANIB,FLT4
OLAPARIB,PARP1
BINIMETINIB,MAP2K1
SIBUTRAMINE HYDROCHLORIDE,SLC6A3
ZSTK474,PIK3CG
CAPMATINIB,MET
THIMEROSAL,AR
FLAVOXATE HYDROCHLORIDE,PDE8B
PHA-665752,MET
TETRADECANOYL PHORBOL ACETATE,PRKCD
CHEMBL:CHEMBL579742,RAD54L
"(3Z)-N,N-DIMETHYL-2-OXO-3-(4,5,6,7-TETRAHYDRO-1H-INDOL-2-YLMETHYLIDENE)-2,3-DIHYDRO-1H-INDOLE-5-SULFONAMIDE",DRD1
ERGONOVINE,HSD17B10
QUINELORANE,EHMT2
(S)-ALAPROCLATE,CYP2D6
IPRONIAZID,CYP1A2
MALATHION,NFE2L2
"3,4-DICHLOROBENZAMIL",HSD17B10
BISMUTH SUBSALICYLATE,TDP1
DECYNIUM 22,FEN1
5-AMINOISOQUINOLINE,CYP1A2
DINOPROSTONE,PTGER1
BIOTINYLATED GAMBOGIC ACID,TXN
CHEMBL:CHEMBL592124,KAT2A
CHEMBL:CHEMBL578512,USP1
FURAZABOL,AR
CHEMBL:CHEMBL546170,TP53
6-CHLOROFLAVONE,NFE2L2
CHEMBL:CHEMBL457504,ALDH1A1
NVP-TAE684,TYK2
PP2,SRC
CHEMBL:CHEMBL1507526,HSD17B10
PALBOCICLIB,MET
PYRILAMINE,HRH1
THIOTEPA,EHMT2
RHEIN,HSP90AA1
HYPERICIN,APEX1
CHEMBL:CHEMBL578741,NFKB1
CLIOQUINOL,TP53
DAPHNETIN,APEX1
BUPROPION HYDROCHLORIDE,JUN
TRICLOCARBAN,AR
DISULFIRAM,HSP90AA1
CHEMBL:CHEMBL257158,HEXA
HETEROCODEINE,ABCB1
GLUTETHIMIDE,GABRA3
RHEIN,WRN
EVEROLIMUS,AR
KRESOXIM-METHYL,AR
MLN-8054,EGFR
5-OH-DPAT,DRD2
LANSOPRAZOLE,CYP2D6
CHEMBL:CHEMBL238624,CYP1A2
SULFOBROMOPHTHALEIN,VDR
4-CHLOROMERCURIBENZOIC ACID,KAT2A
DECYNIUM 22,MAPT
TRYPTANTHRIN,GMNN
OUABAIN,AR
CARNOSIC ACID,EHMT2
CALMIDAZOLIUM CHLORIDE,FEN1
TRIBUTYLCHLOROSTANNANE,RXRA
TECTOQUINONE,AR
CHEMBL:CHEMBL505670,HSP90AA1
CHEMBL:CHEMBL404505,CYP1A2
CURCUMIN,ERBB3
PROPICONAZOLE,AR
ACETAZOLAMIDE,AQP4
EFAVIRENZ,ABCG2
CHEMBL:CHEMBL1367933,MAPT
ACETAZOLAMIDE,MMP2
MEPHOBARBITAL,AR
PD-0166285,FGFR1
CHEMBL:CHEMBL592834,EHMT2
REMOXIPRIDE,CYP2D6
CATECHIN,APEX1
BARASERTIB,RET
CALMIDAZOLIUM CHLORIDE,SMAD3
CHEMBL:CHEMBL296407,HSD17B10
CHEMBL:CHEMBL602383,NFE2L2
VALPROIC ACID,HDAC1
INDIGO,EHMT2
OXYCODONE,NR1I3
PROTUBOXEPIN A,CDK1
CHEMBL:CHEMBL1945287,ALB
ZOXAZOLAMINE,CYP1A2
TYRPHOSTIN AG 835,EHMT2
PD-0166285,ALK
PD-0166285,JAK3
DOXORUBICIN HYDROCHLORIDE,STAT6
CHEMBL:CHEMBL1079460,MAPT
CATECHOL,ALOX15
DAPHNETIN,HSPA5
CHEMBL:CHEMBL428064,HSP90AA1
CP-547632,MET
ORTHO-PHTHALALDEHYDE,USP1
BENZOPHENONE,AR
SP-600125,PRKCG
CHLOROXINE,TP53
TEROXIRONE,HSPB1
SB 216763,GSK3B
VANITIOLIDE,ALDH1A1
CHEMBL:CHEMBL576208,TARDBP
CHEMBL:CHEMBL320361,NFE2L2
THIABENDAZOLE,SMN2
DEPHOSTATIN,VDR
"2,4-HEXADIENAL",NFE2L2
SURAMIN HEXASODIUM,EHMT2
CARBOPLATIN,KAT2A
OXETHAZAINE,CYP2D6
CHEMBL:CHEMBL452954,BRCA1
CHEMBL:CHEMBL227959,MAPT
METHYLENE BLUE,NR1H4
FLUPHENAZINE HYDROCHLORIDE,CYP1A2
CHEMBL:CHEMBL1549738,ALDH1A1
TEROXIRONE,NFE2L2
CHLORPROPHAM,HPGD
2-AMINOANTHRACENE,TP53
PURPUROGALLIN,ALOX15
BENZYDAMINE,CYP1A2
ATHRAQUINONES A,ALOX15
DISULFIRAM,VDR
SPERMINE,EHMT2
METHYLSELENOCYSTEINE,EHMT2
CHEMBL:CHEMBL549208,ALDH1A1
ELLIPTECINE,APEX1
SP-600125,MAP4K4
CHEMBL:CHEMBL154580,MAPK1
MK-886,PTGES
HYDRALAZINE,TP53
CHEMBL:CHEMBL598903,HTT
CIGLITAZONE,STAT3
LINOLEIC ACID,PPARA
PORFIROMYCIN,EHMT2
VINCLOZOLIN,AR
CEPHAPIRIN SODIUM,TDP1
LAUROGUADINE,ERBB4
"2',4'-DIHYDROXYCHALCONE",ABCB1
THIABENDAZOLE,CYP1A2
VALPROIC ACID,CYP2D6
DOXORUBICIN HYDROCHLORIDE,YWHAG
4-METHYLESCULETIN,HSD17B10
CHEMBL:CHEMBL1549738,ATXN2
CHEMBL:CHEMBL452954,HPGD
CHEMBL:CHEMBL267160,GAA
DIPYRITHIONE,KAT2A
"3,4-DICHLOROBENZAMIL",TP53
PAZOPANIB,ABL1
QUINACRINE DIHYDROCHLORIDE,POLB
COUMESTROL,NFE2L2
CATECHIN,EHMT2
P-TOLUENESULFONAMIDE,NFE2L2
KRESOXIM-METHYL,NFE2L2
SEVOFLURANE,GABRA1
CHEMBL:CHEMBL457504,TSHR
"(3Z)-N,N-DIMETHYL-2-OXO-3-(4,5,6,7-TETRAHYDRO-1H-INDOL-2-YLMETHYLIDENE)-2,3-DIHYDRO-1H-INDOLE-5-SULFONAMIDE",NFKB1
PROROXAN HYDROCHLORIDE,PLK1
NBQX,HPGD
NIFEDIPINE,APBA1
CHEMBL:CHEMBL578741,MAPT
CYCLOSPORINE,CYP2D6
PROPICONAZOLE,NFE2L2
TANESPIMYCIN,GMNN
CHEMBL:CHEMBL233194,SMN2
SP-600125,CAMK2G
AMBAZONE,VDR
PENTAMIDINE ISETHIONATE,MTOR
METHYL ROBUSTONE,ALDH1A1
CHEMBL:CHEMBL81782,WRN
THIOPENTAL SODIUM,GABRA1
ISOTHYMONIN,POLB
KINETIN,TSHR
DISULFIRAM,NFE2L2
CHEMBL:CHEMBL1256364,ADRB2
CHLOROTHALONIL,RXRA
THIOPENTAL SODIUM,GABRG3
CHEMBL:CHEMBL1288013,CYP2D6
ANISINDIONE,TP53
EHNA,ALOX15
PROTRIPTYLINE,DRD1
CP-547632,FGFR3
ETOMIDATE,GABRA3
CCG-50014,CHRM3
ATALUREN,AR
CETRIMIDE,AR
GR 127935,RAD54L
METHYLTHIOURACIL,AR
(-)-N-PORPHYNORAPOMORPHINE,MAPT
CHEMBL:CHEMBL267160,TP53
CLIOQUINOL,NR1H4
SPICLOMAZINE,EHMT2
QUINESTROL,GMNN
CHEMBL:CHEMBL589924,RAD52
DIPHENHYDRAMINE HYDROCHLORIDE,JUN
DENILEUKIN DIFTITOX,IL2RB
ZIDOVUDINE,CYP2D6
APOMORPHINE HYDROCHLORIDE HEMIHYDRATE,RAD52
VINCRISTINE SULFATE,HIF1A
PIMOZIDE,MTOR
CAPSAZEPINE,MAPT
CHEMBL:CHEMBL81782,ATXN2
CP-547632,RET
CHOLESTEROL,NFE2L2
ALSTERPAULLONE,LYN
INTERFERON GAMMA-1B,IFNGR1
WOGONIN,GMNN
"L-162,313",ATXN2
DIPYRIDYL,EHMT2
SPIRUCHOSTATIN C,HDAC1
TPCK,USP1
DAUNORUBICIN HYDROCHLORIDE,YWHAG
TELMISARTAN,HSD17B10
CHEMBL:CHEMBL582478,RAD54L
FLAVIN ADENINE DINUCLEOTIDE,USP1
LAUROGUADINE,NTRK2
NIFEDIPINE,ALDH1A1
BERGAMOTTIN,BACE1
SPHAEROPSIDIN A,ATXN2
DIDEOXYADENOSINE,TARDBP
GUTHION,VDR
CHLOROTHALONIL,USP1
GOSSYPOL,MAPT
"3,4-DIHYDROXYPHENYLACETIC ACID",EHMT2
CHEMBL:CHEMBL475813,EHMT2
CHEMBL:CHEMBL578741,MAPK1
CHEMBL:CHEMBL585654,MAPT
CHEMBL:CHEMBL535331,MAP4K4
ANTIAROL,VDR
DIGALLIC ACID,POLB
TOPOTECAN HYDROCHLORIDE,NFE2L2
GEOPYXIN A,SMAD3
ORPHENADRINE HYDROCHLORIDE,SCN9A
MILTIRONE,MAPK14
CHEMBL:CHEMBL599100,NFE2L2
TILIQUINOL,AR
CYCLOSPORINE,CYP1A2
U50488,TP53
CHEMBL:CHEMBL584619,PLK1
PRILOCAINE HYDROCHLORIDE,SCN9A
LEOIDIN,HPGD
CHEMBL:CHEMBL547833,MAPK1
DOVITINIB,ABL1
DOVITINIB,PDGFRA
DROPERIDOL,CYP2D6
CHEMBL:CHEMBL457504,MAPT
PAMICOGREL,NFE2L2
CHEMBL:CHEMBL259865,NFE2L2
CHEMBL:CHEMBL598268,EHMT2
"3,5-DINITROCATECHOL (OR-486)",EHMT2
CHEMBL:CHEMBL1738937,AR
DOVITINIB,NTRK2
PRILOCAINE HYDROCHLORIDE,SCN7A
AMI-1,PRMT1
SOTALOL,CYP1A2
BETA-CCM,HSD17B10
LINOLEIC ACID,ALDH1A1
CHEMBL:CHEMBL265686,SMN1
PP2,MAPK9
PYRACLOSTROBIN,TP53
CHEMBL:CHEMBL2036119,TUBB4A
GR 127935,RAD52
CHEMBL:CHEMBL17201,ALDH1A1
CHEMBL:CHEMBL1276446,CDK5R1
CHEMBL:CHEMBL1276446,CDK5
DODINE,AR
CHEMBL:CHEMBL227298,CYP1A2
2-MERCAPTOBENZIMIDAZOLE,EHMT2
CHEMBL:CHEMBL67535,APEX1
PHENYTOIN SODIUM,SCN2A
FLUACIZINE,AR
MIZORIBINE,EHMT2
SOTRASTAURIN,PDGFRB
ZOXAZOLAMINE,CYP2D6
E-64C,EHMT2
PHENYTOIN SODIUM,SCN7A
DNQX,FASN
GOSSYPOL,GAA
PYRACLOSTROBIN,AR
CATECHOL,EHMT2
CITRIC ACID,ALDH1A1
CHEMBL:CHEMBL1333049,TARDBP
CLADRIN,HSD17B10
CHEMBL:CHEMBL1668301,IDO1
DIBUTYLDICHLOROSTANNANE,AR
NIFEDIPINE,NR3C1
DOVITINIB,LRRK2
PRILOCAINE HYDROCHLORIDE,SCN2A
OXCARBAZEPINE,SCN7A
BERKELEYTRIONE,MMP3
AHPN,MAPK1
PHLORETIN,POLB
DIFENOCONAZOLE,NR1H4
LAMOTRIGINE,SCN8A
MERCURIC CHLORIDE,NFE2L2
LEFLUNOMIDE,NFE2L2
CHEMBL:CHEMBL585769,SMN2
ISOQUERCETIN,GAA
PHENYLMERCURIC ACETATE,HSD17B10
CHEMBL:CHEMBL532849,GMNN
OFLOXACIN,CYP2D6
CP-547632,SRC
QUINALIZARIN,ALOX15
CANTHARIDIN,MAPK1
CHEMBL:CHEMBL607140,NFE2L2
ROTIGOTINE,DRD3
DEPHOSTATIN,RGS4
YOHIMBINE,ADRA2A
CHEMBL:CHEMBL578512,NFE2L2
NADA,EHMT2
BROMAMINIC ACID,NFE2L2
HYCANTHONE,POLB
PALIPERIDONE,EHMT2
PLASMIN,FGG
CHEMBL:CHEMBL233194,NPC1
NAFRONYL OXALATE,JUN
PALBOCICLIB,MAPK8
CLOSANTEL,TSHR
SLAZINIC ACID,FEN1
CHEMBL:CHEMBL67535,HPGD
NVP-TAE684,MAPK1
PLASMIN,FGA
NATEGLINIDE,CYP2D6
ORTHO-PHTHALALDEHYDE,AR
ALSTERPAULLONE,MAPK1
MERCURIC CHLORIDE,ESR1
BENZETHONIUM CHLORIDE,HTT
QUINIZARIN,NFE2L2
APREMILAST,PDE4B
EPIGALLOCATECHIN-3-GALLATE,BACE1
ANANDAMIDE,ALDH1A1
4-TRIETHYLGERMYLPHENOL,ESR1
CHEMBL:CHEMBL1363249,EHMT2
NIMESULIDE,APEX1
NIFEKALANT,VDR
SOTRASTAURIN,KDR
CHEMBL:CHEMBL1453126,POLB
PERAMIVIR ANHYDROUS,XK
BLINATUMOMAB,CD19
MECLIZINE,CYP2D6
PELITINIB,ERBB4
RABEPRAZOLE,FGFR2
MASITINIB,PTK2
AFATINIB,ERBB2
BAFETINIB,LYN
CAPMATINIB,MET
PF-04217903,MET
BINIMETINIB,MAP2K1
AZD8055,MTOR
MOTESANIB,PDGFRB
COPANLISIB,PIK3R4
PILARALISIB,PIK3C3
TESEVATINIB,KDR
NIMOTUZUMAB,EGFR
MIDOSTAURIN,KDR
VELIPARIB,PARP1
AFATINIB,ERBB2
GEDATOLISIB,PIK3CA
GEDATOLISIB,PIK3R1
AFATINIB,ERBB2
GEFITINIB,ERBB3
DOXYCYCLINE ANHYDROUS,NOS2
ATORVASTATIN CALCIUM TRIHYDRATE,ABCB1
BRYOSTATIN 1,ABCB1
ANTIPARASITIC AGENT,ABCB1
CAPSAICIN,ABCB1
DEFEROXAMINE,ABCB1
IL-3,ABCB1
LENOGRASTIM,ABCB1
C-FOS ANTISENSE,AGTR1
BETULINIC ACID,ANPEP
PROTEASE INHIBITOR,ANPEP
PROTEIN PHOSPHATASE INHIBITOR,APOA1
HYDROGEN PEROXIDE,APRT
ALTEPLASE,APRT
STREPTOZOCIN,ATF2
THERAPEUTIC GLUCOCORTICOID,AQP1
DITIOCARB,BCL2
CAPSAICIN,BDNF
SODIUM CHLORIDE,BDKRB2
THERAPEUTIC GONADOTROPIN,BDNF
OPIATE,BDNF
K-252A,BDNF
SODIUM CHLORIDE,BDNF
NALOXONE HYDROCHLORIDE,BDNF
RECOMBINANT INTERLEUKIN-1 RECEPTOR ANTAGONIST,BDNF
TROGLITAZONE,BDNF
MITOMYCIN,BGLAP
VERTEPORFIN,BDNF
VITAMIN D,BGLAP
COBALT,CA2
VITAMIN D,CASR
PREDNISONE,CALCA
IL-4,CDKN2D
ANTISERUM,CSF1
ANTIESTROGEN,CYP1A1
ADENOVIRUS VECTOR,CYP19A1
GENISTEIN,CYP19A1
RUTIN,CYP1A1
FADROZOLE,CYP1B1
PHENOBARBITAL,CYP2B6
VITAMIN D,CYP24A1
VORICONAZOLE,CYP2D6
"1,4-BENZOQUINONE",DDIT3
HYDROGEN PEROXIDE,DDIT3
TOPOISOMERASE INHIBITOR,DDIT3
RO 31-8220,DDIT3
ASPIRIN,DDIT3
HYDROGEN PEROXIDE,DIABLO
HYDROXYUREA,DNMT1
CS-8080,NR1H2
LANREOTIDE ACETATE,EDN1
THERAPEUTIC GLUCOCORTICOID,F2R
SU-014813,FLT4
DEXTRAN SULFATE,F9
LITHIUM,FAS
FLUOROURACIL,FAS
ATORVASTATIN CALCIUM TRIHYDRATE,FAS
INDOLE-3-CARBINOL,GDF15
BROMOCRIPTINE,GDNF
NONSTEROIDAL ANTIINFLAMMATORY DRUG,GDF15
ASPIRIN,GFAP
CALCITRIOL,GDF15
PIROXICAM-BETA-CYCLODEXTRIN,GGT1
PF-03882845,NR3C2
PHENOBARBITAL,GRIA3
GANCICLOVIR,GRM1
AMIFOSTINE ANHYDROUS,GSR
PREDNISONE,GSTM1
TROGLITAZONE,GSTM1
BUSULFAN,GSTP1
CURCUMIN,GSTP1
LITHIUM,IL1B
VITAMIN D,IL1R1
RESVERATROL,IL1B
RECOMBINANT TRANSFORMING GROWTH FACTOR-BETA,IL2
MACROLIDE ANTIBIOTIC,IL2
THERAPEUTIC HORMONE,IL2RA
DEXTRAN SULFATE,IL2RA
INTERFERON BETA-1B,IL2RA
ALDESLEUKIN,IL2RA
OMEPRAZOLE,CXCL8
HYDROGEN PEROXIDE,ITGAL
ETOPOSIDE,ITGAL
ASPIRIN,IRS2
ATORVASTATIN CALCIUM TRIHYDRATE,ITGAM
THROMBIN,ITGAL
AT-13148,MAPKAPK2
RECOMBINANT INTERFERON,KIR2DL3
SOY PROTEIN ISOLATE,KLK3
STREPTOZOCIN,LCAT
ANTICOAGULANT AGENT,LEP
BROMOCRIPTINE,LEP
TYROSINE KINASE INHIBITOR,MARK2
CHLORHEXIDINE GLUCONATE,MMP2
THERAPEUTIC GLUCOCORTICOID,MMP1
LENOGRASTIM,MMP2
BROMOCRIPTINE,MYC
PEGINTERFERON ALFA-2A,NAT2
LITHIUM,NFE2L2
ANTISERUM,NPPC
BROMOCRIPTINE,NPY
DICUMAROL,NQO1
TYROSINE KINASE INHIBITOR,NQO1
TYROSINE KINASE INHIBITOR,NRG1
CAPSAICIN,NT5E
PROGESTIN,NRG1
ANTHRACYCLINE ANTINEOPLASTIC ANTIBIOTIC,NRG1
CYTARABINE,NRG1
TYROSINE KINASE INHIBITOR,PAX2
RITUXIMAB,PIK3CG
AZD-0424,ABL1
HYDROGEN PEROXIDE,PIK3CG
ALTEPLASE,PIK3CG
EPOETIN ALFA,PLAT
LENOGRASTIM,PLAU
FLUOXETINE HYDROCHLORIDE,PPP1R1B
ESTRADIOL VALERATE,PZP
AZD-6482,PIK3CB
DOXORUBICIN HYDROCHLORIDE,RARA
NORGESTREL,SHBG
THERAPEUTIC GLUCOCORTICOID,SLC2A4
CLOFIBRATE,SLC2A4
THYMIDINE,SLC2A1
PROTEASE INHIBITOR,SLC2A4
SOMATROPIN (RECOMBINANT DNA ORIGIN),SLC2A4
ALDESLEUKIN,SOCS1
LEUPROLIDE ACETATE,SMAD3
PROTEIN PHOSPHATASE INHIBITOR,SPP1
TYROSINE KINASE INHIBITOR,SPP1
VALINOMYCIN,SST
PREGNANT MARE SERUM GONADOTROPIN,TAC1
PROTEASE INHIBITOR,TFPI2
GENISTEIN,TGFB1
ROGARATINIB,FGFR1
PIRFENIDONE,TGFB1
3-IODOBENZYLGUANIDINE,TH
4-PHENYLBUTYRIC ACID,XRCC5
ETOPOSIDE,XIAP
CYTARABINE,XIAP
TALAZOPARIB,BRCA2
NERATINIB,ERBB2
EVEROLIMUS,MTOR
CEP-5214,FLT4
TRAMETINIB DIMETHYL SULFOXIDE,MAP2K1
ERLOTINIB,MET
H3B-8800,SRSF2
RITODRINE,ADRB2
THEOPHYLLINE,CYP1A2
THALIDOMIDE,ERCC1
METHOXAMINE,ADRA1D
MEMANTINE HYDROCHLORIDE,NR1I2
RITONAVIR,APOC3
ROSUVASTATIN,HNF4A
LEUCOVORIN CALCIUM,ABCG2
LOVASTATIN,ABCG2
EPIRUBICIN,ABCG2
ZIDOVUDINE,ABCG2
METHACHOLINE,ADRB2
DEXTROAMPHETAMINE SULFATE,DRD2
METHOTREXATE,COL18A1
LAPATINIB,CCND1
NEFAZODONE,ABCB1
ETHAMBUTOL HYDROCHLORIDE,CYP2B6
PEGINTERFERON ALFA-2A,IL18
ISOPROTERENOL,ADRB1
PALIPERIDONE,ABCB1
ALDOSTERONE,ABCB1
BAY-1161909,TTK
ILOPERIDONE,HTR2C
PEMETREXED DISODIUM,CD274
SACITUZUMAB GOVITECAN,ERBB2
TOLPERISONE,CYP2D6
ABACAVIR,HLA-B
AMISULPRIDE,SNAP25
ROGARATINIB,FGFR3
IXABEPILONE,ESR2
LAPATINIB,EGFR
STAVUDINE,HLA-B
DISULFIRAM,ADRA1A
VINCRISTINE,FCGR3A
VINCRISTINE,IGHMBP2
"3,4-METHYLENEDIOXYMETHAMPHETAMINE",CYP2D6
COLCHICINE,CYP2D6
SULFASALAZINE,CYP2D6
LOVASTATIN,CYP2D6
TRIMIPRAMINE,CYP2D6
AZATHIOPRINE,CASP9
THALIDOMIDE,CTNNB1
INFLUENZA VACCINE,HLA-DRB1
ANTIDEPRESSANT AGENT,CTNNA3
METHOTREXATE,GSK3B
METHOTREXATE,HLA-E
EPIRUBICIN,ABCC1
AMOXICILLIN ANHYDROUS,HLA-DPB1
AMOXICILLIN ANHYDROUS,PTPN22
BUPROPION HYDROCHLORIDE,SACM1L
AMOXICILLIN ANHYDROUS,HLA-C
MEMANTINE HYDROCHLORIDE,BCHE
TOREMIFENE,ESR1
ROFECOXIB,PTGS2
LEUCOVORIN CALCIUM,PDGFRB
TIROFIBAN,FGB
ODEVIXIBAT,JAG1
CLOPIDOGREL,ABCA1
CARBAMAZEPINE,LTA
LAPATINIB,HLA-C
METFORMIN,CAPN10
BROMAZEPAM,CYP1A2
LOVASTATIN,APOA5
PACLITAXEL,ABCC1
CARBAMAZEPINE,ALK
TICAGRELOR,P2RY12
LAROTRECTINIB,NTRK2
INCLISIRAN,APOB
OMACETAXINE,ABL1
DEFERASIROX,CYP27B1
HEROIN,DRD3
ABCIXIMAB,FGA
PEGINTERFERON ALFA-2A,CYP27B1
PEGINTERFERON ALFA-2A,HLA-A
LAPATINIB,HLA-A
AKT INHIBITOR MK2206,AKT1
WARFARIN,VEGFA
WARFARIN,CRP
BMS-599626,ERBB4
PIVALOYLOXYMETHYLBUTYRATE,HDAC4
CILENGITIDE,ITGB3
TANESPIMYCIN,HSP90AA1
ESKETAMINE HYDROCHLORIDE,GRIN3B
AMISULPRIDE,DRD2
ARSENIC TRIOXIDE,TXNRD1
FICLATUZUMAB,HGF
CLOBETASOL,NR3C1
CNS-5161,GRIN1
REMIMAZOLAM,GABRA3
CYTARABINE,POLB
CT-011,PDCD1
ETONOGESTREL,ESR1
PD-0166285,PDGFRB
FENRETINIDE,RARG
FIGITUMUMAB,IGF1R
CIMAGLERMIN ALFA,ERBB4
LESTAURTINIB,NTRK2
GOMILIXIMAB,FCER2
PHA-793887,CDK6
LY-518674,PPARA
MEMANTINE HYDROCHLORIDE,GRIN2A
MEMANTINE HYDROCHLORIDE,GRIN3A
FLUOXETINE HYDROCHLORIDE,HTR2A
PALIPERIDONE,DRD2
SGX-523,MET
RWJ-67657,MAPK14
PEGINTERFERON ALFACON-1,IFNAR2
PEGINTERFERON ALFACON-1,IFNAR1
PH-797804,MAPK14
PONATINIB,SRC
SERTINDOLE,ADRA1D
MARAVIROC,CCR5
SERTINDOLE,ADRA1A
NATEGLINIDE,ABCC8
TELATINIB,PDGFRB
TEZAMPANEL,GRIA2
TOPIRAMATE,GABRA1
TOPIRAMATE,GRIK1
INDANTADOL,MAOB
INDANTADOL,GRIN3B
CX1739,GRIA3
VEDOLIZUMAB,ITGA4
CAPTOPRIL,ACE
CINOLAZEPAM,GABRA1
GTX-758,ESR1
CLORAZEPATE,GABRG3
COCAINE,SLC6A3
DEBRISOQUIN,ADRA2A
DIETHYLPROPION,SLC6A3
RG6029,SCN9A
AVE8134,PPARA
METHYLHOMATROPINE,CHRM1
METHYPRYLON,GABRA1
OMS405,PPARG
MIANSERIN,HTR2C
TERBUTALINE,ADRB2
WARFARIN,VKORC1
NRX195183,RARA
CILAZAPRIL,AGT
DEBRISOQUIN,ADRA2A
DAPIPRAZOLE,ADRA1A
ESTAZOLAM,GABRA3
ANLOTINIB,PDGFRB
MELATONIN,MTNR1A
KETOPROFEN,PTGS2
METHYLPHENIDATE HYDROCHLORIDE,SLC6A3
NORGESTREL,ESR1
AT-7519,CDK1
OXAZEPAM,GABRG3
PRAZEPAM,GABRG3
PROMETHAZINE HYDROCHLORIDE,CHRM3
PROMETHAZINE HYDROCHLORIDE,CHRM1
SALSALATE,PTGS1
SECOBARBITAL,GRIK2
GLYCOOPTIMIZED TRASTUZUMAB-GEX,ERBB2
RODATRISTAT ETHYL,TPH1
IMARADENANT,ADORA2A
INAVOLISIB,PIK3CG
CPG OLIGODEOXYNUCLEOTIDE TLR9 AGONIST DV281,TLR9
AT-7519,CDK17
CRENIGACESTAT,NOTCH1
RONICICLIB,CDK5
AGERAFENIB,RET
CIBINETIDE,EPOR
VUNAKIZUMAB,IL17A
ABICIPAR PEGOL,VEGFA
LAROTRECTINIB,NTRK2
ETHINYLESTRADIOL/DROSPIRENONE/PRASTERONE,ESR1
IT-139,HSPA5
FORETINIB,PDGFRB
SELECTIVE ESTROGEN RECEPTOR MODULATOR CC-8490,ESR1
GOMILIXIMAB,FCER2
REMIKIREN,REN
RALIMETINIB,MAPK14
IROSUSTAT,STS
CYTISINE,CHRNB2
XL-999,PDGFRA
KETOROLAC TROMETHAMINE,COX8A
PROPYLTHIOURACIL,DIO1
NARINGENIN,GLO1
XL-999,PDGFRB
PIMAGEDINE HYDROCHLORIDE,NOS2
SOTALOL,ADRB1
ORTATAXEL,TNF
MOEXIPRIL,ACE
SAMOTOLISIB,MTOR
VELTUZUMAB,MS4A1
ESTRONE,ESR1
BUPROPION HYDROCHLORIDE,SLC6A4
TOREMIFENE,ESR1
VENLAFAXINE,SLC6A4
CHEMBL:CHEMBL1242101,PLK1
TESEVATINIB,ERBB2
RIVICICLIB,CDK4
SELICICLIB,CDK1
SB-436811,UTS2R
ORG-25435,GABRG3
XL-999,KDR
NARINGENIN,CYP1B1
CHEMBL:CHEMBL1086624,CETP
ADIPIPLON,GABRA3
AME-133V,MS4A1
ELDELUMAB,CXCL10
CE-224535,P2RX7
VATREPTACOG ALFA (ACTIVATED),F7
DICUMAROL,VKORC1
BIIB-022,IGF1R
AXICABTAGENE CILOLEUCEL,CD19
ERGONOVINE,DRD2
VESTIPITANT MESYLATE,TACR1
EPIDERMAL GROWTH FACTOR,EGF
BATEFENTEROL,CHRM2
BERMEKIMAB,IL1A
TAFLUPROST,PTGFR
TEDATIOXETINE,HTR2C
DANIRIXIN,CXCR2
BAFETINIB,LYN
MURAGLITAZAR,PPARA
VELIPARIB,PARP1
INOLIMOMAB,IL2RA
BRIAKINUMAB,IL12B
NLX-101,HTR1A
BARBITAL,GABRA1
METFORMIN,ACACB
NICOTINE POLACRILEX,CHRNA4
PIMOZIDE,DRD2
TEMANOGREL,HTR2A
CIBINETIDE,EPOR
L-NAME,NOS3
AZD8683,CHRM3
XANOMELINE TARTRATE,CHRM1
(S)-FLUROCARAZOLOL,A2M
[3H]ELETRIPTAN,A2M
NAMODENOSON,ADORA3
SB-773812,DRD2
METHYSERGIDE,HTR2C
SB 204070,NAT1
METHYSERGIDE,NAT2
RU 24969,NAT2
[3H]5-HT,SERPINA3
BURIXAFOR,CXCR4
WWL70,CXCL1
PRAZOSIN,ABCB7
RITANSERIN,ABCA4
CLONIDINE HYDROCHLORIDE,ABL1
GUANFACINE HYDROCHLORIDE,ABL1
DEXMEDETOMIDINE HYDROCHLORIDE,ABL1
MOXONIDINE,ABL1
TOLAZOLINE,AOC1
ATIPAMEZOLE,AOC1
LOFEXIDINE,AOC1
LOFEXIDINE,ABL2
PIRIBEDIL,ABL2
RASEGLURANT,GRM5
[3H]DPCPX,ABAT
CNS-5161,GRIN3A
MF101,ESR2
[3H]CGS23131,AMFR
LTB4,AMH
COMPOUND 13D [PMID: 23639540],DNMT1
"[LEU9,DES-ARG10]KALLIDIN",ASIC1
ACPHE-ORN-PRO-D-CHA-TRP-ARG,ACACB
EPROTIROME,THRB
[125I]C5A (HUMAN),ACACB
GRASSYSTATIN A,DBN1
DACOMITINIB ANHYDROUS,EGFR
CCL18,ACTA1
LORECIVIVINT,ELANE
CFTRINH-172,CFTR
GATX1,CFTR
CDK4 INHIBITOR III,CDK4
RIVICICLIB,CDK4
CDK2 INHIBITOR IV,CDK4
BSJ-03-204,EIF4EBP1
BSJ-03-123,EIF4EBP1
BS-194,EIF4G1
CTA091,CLDN3
THIOTEPA,CYP2B6
CTA091,CPN1
SETANAXIB,GZMB
TARENFLURBIL,APH1A
PROCHLORPERAZINE,ALDH1A1
NGB 2904,ALDH1A1
SPIPERONE,ALDH2
LORECIVIVINT,EML1
EMRICASAN,CASP5
COMPOUND 15A [PMID: 36642961],EZH2
COMPOUND 66 [PMID: 19788238],RCAN1
NE11808,BLVRA
TARENFLURBIL,PSENEN
OLEIC ACID,ADH4
COMPOUND A [PMID 24997608],ADH4
SULFATINIB,DPYSL2
BIMOSIAMOSE,SELP
PD166285,DPYSL2
BLU-9931,DR1
INFIGRATINIB,DR1
INFIGRATINIB,SLC26A3
COMPOUND 25 [PMID: 17935989],DRD1
POLMACOXIB,PTGS2
IRPAGRATINIB,SLC26A3
VEGFB,DRD1
COMPOUND 8I [PMID: 22765894],DRD3
LINIFANIB,DRD3
VATIQUINONE,NQO1
"L-888,607",APOC2
LIFITEGRAST,ITGB2
PIPERIDINE-4-SULPHONIC ACID,GABRA1
PP1,ENO2
MRK016,GABRA1
DIAZEPAM,GABRA1
RIVIPANSEL,SELL
(R/S) EF-1500,CD14
PEGFILGRASTIM-JMDB,DHFR
LENOGRASTIM,DHFR
LIATERMIN,GFRA1
SANTACRUZAMATE A,HDAC4
KA1010,GART
1-PALMITOYL-LYSOPHOSPHATIDYLCHOLINE,ADH1C
TILARGININE,NOS2
LY3410738,GRB2
BX-912,DRD2
CANLITINIB,DRD2
GLESATINIB,DRD2
BA2+,ASIP
BA2+,ASPA
VU0405601,BAD
COMPOUND 17 [PMID: 23916253],LNPEP
[125I]CHORIONIC GONADOTROPIN (HUMAN),LHCGR
PAMUFETINIB,DRD4
"[3H]2,2,2-TEMPS",ANPEP
BINIMETINIB,MAP2K1
MEK INHIBITOR I,ERBB3
MEK INHIBITOR I,ERBB2
[125I]S70254,ANK3
DYNORPHIN B,APOF
CODEINE ANHYDROUS,APOF
ATX-II,BAX
PF‐06526290,SCN9A
BNC375,ATF4
ZM 253270,AQP4
ZM-274773,AQP4
"COMPOUND 29 [VIETOR, ET AL., 2023]",NR4A2
CLONIDINE HYDROCHLORIDE,CDK4
MRS2298,APBB2
ADP,APBB2
APAFANT,APLP2
ABT-491,APLP2
ATOPAXAR,APOD
SLIGRL-NH2,APOE
I-191,APOE
[14C]GLYSAR,SLC15A2
ACALISIB,F5
COMPOUND 82 [PMID: 21332118],F3
AZD6482,F5
BIMIRALISIB,F5
AZD-8186,F5
BGT-226,F5
PP-121,F5
SAPANISERTIB,F5
BIMIRALISIB,PIK3CB
BGT-226,PIK3CB
BAY-8400,PIK3CB
VS-5584,F7
STK16-IN-1,F7
MK-0359,COL11A2
ULIPRISTAL ACETATE,BDNF
ULIPRISTAL ACETATE,BDNF
SR1001,BCL2L1
A(4-24)(B7-24)H2,APP
RELAXIN,APP
LY3540378,APP
RELAXIN-1,APP
COMPOUND 43 [PMID: 26751273],AMY2A
AMILORIDE,CD38
DALOTUZUMAB,IGF1R
LERONLIMAB,CCR5
ML SA1,ALDH7A1
81C6 131I,TNC
LASW1393,TYK2
DEFLAZACORT,NR3C1
LAROTRECTINIB,NTRK2
AFATINIB,NRG1
DACARBAZINE,FN1
SIROLIMUS,PIK3CA
DANTHRON,RXRA
CERITINIB,ALK
DAUNORUBICIN LIPOSOMAL,WT1
MOBOCERTINIB,EGFR
AMG-888,ERBB3
AFATINIB,ERBB4
TEMSIROLIMUS,VHL
BINIMETINIB,NF1
DABRAFENIB,NF1
BILASTINE,HRH1
TALAZOPARIB,BRCA2
CABOZANTINIB S-MALATE,PIK3CA
BEZAFIBRATE,PPARA
ARSENIC TRIOXIDE,PML
ALPELISIB,RB1
PLATINUM COMPOUND,ERCC1
BINIMETINIB,MAP2K1
ALVOCIDIB,ALK
GSK-1838705A,ALK
AZD8055,FGFR1
DERAZANTINIB,FGFR1
TRAMETINIB DIMETHYL SULFOXIDE,FGFR2
DOVITINIB,FGFR2
ISOXSUPRINE HYDROCHLORIDE,ADRB2
TRAMETINIB DIMETHYL SULFOXIDE,KEAP1
TRAMETINIB DIMETHYL SULFOXIDE,MAP2K1
PLX-4720,MAP2K1
ROMIDEPSIN,KMT2A
OMIPALISIB,MAP2K1
DURVALUMAB,MSH2
BAY1125976,PIK3CA
SORAFENIB,PIK3CA
MEDI-5117,IL6
CHEMBL:CHEMBL263664,PIK3CA
TORIN 1,PIK3CA
AZD8055,PIK3CA
NVP-AEW541,PIK3CA
AZD8055,PTEN
RIGOSERTIB SODIUM,PTEN
TEMOZOLOMIDE,PTEN
FOSNETUPITANT CHLORIDE HYDROCHLORIDE,TACR1
SAR260301,PIK3CA
TRAMETINIB DIMETHYL SULFOXIDE,MAP2K1
TRAMETINIB DIMETHYL SULFOXIDE,VHL
TESTOLACTONE,CYP19A1
OSI-027,MTOR
XL-820,FLT4
CURCUMIN,ALPI
MLN-8054,ABL1
CHEMBL:CHEMBL1935538,HSPB1
VPS34-IN-1,F3
OMADACYCLINE TOSYLATE,RPSA
COMPOUND 12E [PMID: 18605714],CRYGC
ROSIGLITAZONE,HSD17B10
CHARTREUSIN,FEN1
LANSOPRAZOLE SULFIDE,CYP2D6
LEFAMULIN ACETATE,RPSA
LY377604,ADRB3
CALMIDAZOLIUM CHLORIDE,SUMO1
RO-4987655,MAP2K1
ENTRECTINIB,NTRK1
VASOACTIVE INTESTINAL PEPTIDE,VIPR2
LASMIDITAN SUCCINATE,HTR1F
AZD-4017,HSD11B1
CRIZANLIZUMAB,SELP
"FACTOR XIII, HUMAN",F13A1
IMATINIB,PDGFRA
IPRONIAZID,MAOB
DEHYDROMUTACTIN,ELAVL1
COMPOUND 3B [PMID: 23454515],MARK2
NALTREXONE,SIGMAR1
CISPLATIN,ATM
AZD6482,TP53
DECITABINE,DNMT3A
DULOXETINE HYDROCHLORIDE,GMNN
CHEMBL:CHEMBL184450,NFE2L2
BENSERAZIDE HYDROCHLORIDE,MAPT
DOVITINIB,FGFR3
SONOLISIB,PIK3R1
PHENOBARBITAL,BAX
MEMANTINE HYDROCHLORIDE,GRIN2B
TAZAROTENE,RARA
INK-1117,PIK3CB
HOMIDIUM BROMIDE,VDR
LUMATEPERONE,PPP1R1B
BIMOSIAMOSE,SELP
APILIMOD DIMESYLATE CAPSULE,PIK3CA
MELPHALAN,IFNG
ALENDRONATE SODIUM,PLAU
NIFEDIPINE,GMNN
DEXAMETHASONE,F2RL1
OLAPARIB,PARP2
BEVACIZUMAB-AWWB,VEGFA
ALDESLEUKIN,CD40LG
RAMIPRIL,ADRB2
DERSIMELAGON,MC1R
NORDEFRIN,APEX1
UMBRALISIB TOSYLATE,PIK3CD
ANTICONVULSANT AGENT,GSTM1
CLOTRIMAZOLE,NR1I2
BMS-816336,HSD11B1
ANTI-C-FMS MONOCLONAL ANTIBODY AMG 820,CSF1R
GUANFACINE HYDROCHLORIDE,AOC1
HISTIDINE,GAPDH
CHLORAMPHENICOL,ALDH1A1
SB-408124,VDR
TRIHEXYPHENIDYL,CHRM1
TETRACYCLINE,NR1I2
LYOPHILIZED HUMAN RECOMBINANT INTERFERON-BETA 1A FP-1201,IFNB1
CHEMBL:CHEMBL552439,CYP2D6
NILUTAMIDE,PRL
METFORMIN,SRR
CLIOXANIDE,GMNN
FLUMAZENIL,NFE2L2
DINACICLIB,CDK5
DEXTROAMPHETAMINE SULFATE,SLC18A2
COMPOUND 14J [PMID: 27050842],NOS1
CLIOQUINOL,NFE2L2
H2O2,FCGR3A
CHEMBL:CHEMBL580183,EHMT2
AZD-8330,MAP2K1
BMS-690514,KDR
CHEMBL:CHEMBL320361,TP53
PONATINIB,FGFR3
ASPIRIN,HMOX1
PONATINIB,BCR
SORAFENIB,FGFR1
CLOZAPINE,DRD4
OLOPATADINE,HRH1
BEVANTOLOL HYDROCHLORIDE,SLC18A2
DAU 6285,NAT1
NALBUPHINE HYDROCHLORIDE,CYP1A2
CEVIMELINE HYDROCHLORIDE,CHRM3
DIMETHENAMID,PPARG
ZAK INHIBITOR 6P,FKBP5
GSK-269962A,PRKACA
CYCLIZINE,HRH1
SUFORAPHANE ISOSELENOCYANATE,NFE2L2
CHEMBL:CHEMBL121556,SMAD3
CHEMBL:CHEMBL592124,USP1
CARNOSIC ACID,HPGD
THROMBIN,DES
TAMOXIFEN,RRAS2
MIFEPRISTONE,NR3C1
FLUPENTHIXOL,ABCD1
EVOGLIPTIN,DPP4
EP4 ANTAGONIST ONO-4578,PTGER4
ACADESINE,PRKAA2
BFH-772,KDR
NOREPINEPHRINE,TDP1
PENBUTOLOL,ADRB1
JNJ-38877605,MET
PSAB-OFP,ATF4
SPIPERONE,ABCA4
BOSUTINIB,BRCA2
TRIHEXYPHENIDYL,CHRM1
TIFACOGIN,TFPI
SR-123781A,F2
{4-[3-(4-ACETYL-3-HYDROXY-2-PROPYLPHENOXY)PROPOXY]PHENOXY}ACETIC ACID,USP1
CHEMBL:CHEMBL1490332,POLB
THERAPEUTIC GLUCOCORTICOID,BGLAP
TRAIL,HSPA4
CERDULATINIB,SYK
NIVOLUMAB,PTEN
ARIPIPRAZOLE LAUROXIL,DRD2
4-CHLOROMERCURIBENZOIC ACID,NFE2L2
HYDROGEN PEROXIDE,ITGB2
HYPERICIN,MAPT
CYCLOSPORINE,LEP
[3H]8-OH-DPAT,EHMT2
THERAPEUTIC GLUCOCORTICOID,TSHR
CHEMBL:CHEMBL585502,ATXN2
BUDESONIDE,NR3C1
XL-228,SRC
HARMOL,HSD17B10
CHEMBL:CHEMBL1494650,XBP1
PIMECROLIMUS,FKBP1A
NGX-267,CHRM1
AZD7624,AHSA1
EVENAMIDE,XK
FIPRONIL,NFE2L2
MK-886,ALOX15
VANILLIN,ALDH1A1
LATREPIRDINE,GRIN3A
ETHINYLESTRADIOL/DROSPIRENONE/PRASTERONE,AR
RIVASTIGMINE,BCHE
PHENSERINE,ACHE
ENTINOSTAT,HDAC8
BENSERAZIDE HYDROCHLORIDE,VDR
CERLIPONASE ALFA,TPP1
H2O2,ERCC6
NITRIC OXIDE-RELEASING ACETYLSALICYLIC ACID DERIVATIVE,PTGS1
BALIXAFORTIDE,CXCR4
BROMFENAC,PTGS1
CUDC-101,HDAC1
PCO-371,XIAP
VESATOLIMOD,TLR7
TRICHLOROETHYLENE,HLA-B
PONATINIB,PDGFRB
BUDESONIDE,NR3C2
CYPROTERONE,AR
COUMESTROL,MAPT
SULFENTRAZONE,ESR1
HALOBETASOL,NR3C1
MECLOCYCLINE SULFOSALICYLATE,RPSA
KINASE INHIBITOR 2 [PMID: 30199702],EIF4G1
PEGINTERFERON ALFA-2B,CARD16
DOVITINIB,CDK7
ETIFOXINE,GABRG3
ANTIDEPRESSANT AGENT,CUX1
CARBAMAZEPINE,HLA-DQB1
CORTODOXONE,AR
VORTIOXETINE HYDROBROMIDE,A2M
MOTOLIMOD,TLR8
CHEMBL:CHEMBL592124,PIN1
EPIRUBICIN HYDROCHLORIDE,SMAD3
PD-135158,CCKBR
TEDISAMIL,KCNH7
DIMIRACETAM,GRIN2A
GLPG0492,AR
LOVASTATIN,HMGCR
VINBLASTINE,TUBA4A
PHENYLMERCURIC ACETATE,AR
DEMECLOCYCLINE HYDROCHLORIDE,RPSA
BAMINERCEPT ALFA,LTB
ADINAZOLAM,GABRA3
BIMIRALISIB,ETFB
OMIPALISIB,PIK3CA
GW-328267,ADORA2A
CHEMBL:CHEMBL585502,WRN
PD-0166285,PRKACA
PEMBROLIZUMAB,CD274
DABRAFENIB,EZH2
CHEMBL:CHEMBL1519374,MAPT
ENCLOMIPHENE,ESR1
TYK2 INHIBITOR 14L,EPHB2
TARLOXOTINIB,ERBB4
MK-212,HSD17B10
NVP-TAE684,FRK
INDIGO,MAPT
PD 176252,ACAT1
MDM2 ANTAGONIST RO6839921,TP53
PRALSETINIB,RET
RUXOLITINIB,JAK2
INDUSATUMAB VEDOTIN,TUBB4A
DOCETAXEL ANHYDROUS,TUBA4A
TETRACYCLINE HYDROCHLORIDE,RPSA
COMPOUND 12 [PMID: 12723943],ASIC1
DAPK INHIBITOR 13,ELK3
BRIVANIB,DPYSL2
INDUSATUMAB VEDOTIN,TUBA4A
BUPARLISIB,FGFR1
CHEMBL:CHEMBL1933308,IDO1
AMCASERTIB,CSK
&ALPHA;-CONOTOXIN PNIA,CHRNA3
LIFASTUZUMAB VEDOTIN,TUBA4A
PLATINUM COMPOUND,BRCA2
PYRACLOSTROBIN,NFE2L2
CP-547632,FRK
TRIMIPRAMINE MALEATE,ADRA1A
XL765,PIK3CG
CURCUMIN,SMAD3
LACTIMIDOMYCIN,EEF2
TEDISAMIL,KCND3
CYCLOSPORINE,NR1I2
BERBERRUBINE,WRN
ACOLBIFENE,ESR1
ONATASERTIB,MTOR
TERPYRIDINE,HSP90AA1
CHEMBL:CHEMBL1449731,GMNN
ANTICONVULSANT AGENT,IL1B
CABOZANTINIB S-MALATE,RET
"PAROXETINE HYDROCHLORIDE, HEMIHYDRATE",SLC6A4
4SC-203,FLT4
XL765,PIK3CB
LEVOCABASTINE,HRH1
SB 272183,A2M
ERDAFITINIB,FGFR2
BCR-ABL INHIBITOR GNF-2,ABL1
ALSTERPAULLONE,BLK
IFETROBAN SODIUM,TBXA2R
METHOTREXATE,FOXP3
CHEMBL:CHEMBL1490332,DNMT1
NS-398,RGS4
CHEMBL:CHEMBL1331995,EHMT2
ENZYME INHIBITOR,IL6
DITHIAZANINE IODIDE,THRB
IXAZOMIB,PSMC6
4BP-TQS,ATF4
FLUROCHLORIDONE,AR
WEDELOLACTONE,MAPK3
PEMIGATINIB,FGFR2
LECANORIC ACID,HPGD
AMOBARBITAL,GABRA1
AC710,DPYD
IXAZOMIB,PSMD7
CHEMBL:CHEMBL592124,WRN
SOMATROPIN (RECOMBINANT DNA ORIGIN),MYC
BISMUTH SUBSALICYLATE,EHMT2
TBBT,VDR
LATREPIRDINE,GRIN3B
PHENYLBUTAZONE,PTGS2
DRONABINOL,ACTN3
PROSAPTIDE,ADAR
DOVITINIB,FGFR3
ORAL CONTRACEPTIVE,IGFBP1
SARCOLYSIN,ALDH1A1
LENIOLISIB,PIK3CD
ISOPROTERENOL,ADRA1A
THROMBIN,FAS
BUPARLISIB,PIK3R1
CR-6086,PTGER4
CAPTAN,EHMT2
DIGOXIN,ABCB1
ORLISTAT,SERPINE1
ICHORCUMAB,F2
OMEPRAZOLE,TAC1
LASW1393,EPHB1
PACRITINIB,EPHB2
RG-4733,NCSTN
AFAMELANOTIDE,MC1R
LIDOCAINE HYDROCHLORIDE,SCN7A
GW-5823,CCKBR
DABRAFENIB,MAP2K1
LOBELINE,SLC18A2
RESERPINE,NT5E
N-METHYLANTHRANILIC ACID,HSD17B10
INDIPLON,GABRA1
BALIXAFORTIDE,CXCR4
GTS-21,CHRNA7
PIMICOTINIB,DPYD
[3H]PAROXETINE,CD9
DIMETHYL FUMARATE,KEAP1
BIVATUZUMAB MERTANSINE,CD44
MT-3724,RPL6
CARIPRAZINE HYDROCHLORIDE,DRD3
FUTIBATINIB,FGFR2
BIA 10-2474,CRMP1
ERDAFITINIB,FGFR3
TAMOXIFEN,PIK3CA
ANTISERUM,PDYN
ESTROGEN,ESR2
THERAPEUTIC HORMONE,BGLAP
GIRIPLADIB,PLA2G4A
DIFFERENTIATION INDUCER,PLAU
SB220025,PRKACA
LEFLUNOMIDE,HTT
FLUOXETINE HYDROCHLORIDE,SLC6A4
CHEMBL:CHEMBL1453126,SMN2
COMPOUND E22 [PMID: 31298542],CXADR
"PAROXETINE HYDROCHLORIDE, HEMIHYDRATE",SLC6A4
CRIZOTINIB,MET
BLESELUMAB,CD40
DISULFIRAM,ABCB1
"(3Z)-N,N-DIMETHYL-2-OXO-3-(4,5,6,7-TETRAHYDRO-1H-INDOL-2-YLMETHYLIDENE)-2,3-DIHYDRO-1H-INDOLE-5-SULFONAMIDE",GMNN
FLUNITRAZEPAM,GABRA1
AG 490,HIF1A
DINOSEB,TP53
CHEMBL:CHEMBL601822,NFE2L2
SIMVASTATIN,PON1
NIFEDIPINE,MAPK1
CHLORAMBUCIL,NFKB1
CLOROTEPINE,ATXN2
DELPAZOLID,RPSA
BEKANAMYCIN,RPSA
EVEROLIMUS,TSC2
SCH442416,ABCA1
PF-04691502,ETFB
PELUBIPROFEN,COX8A
ISTIRATUMAB,ERBB3
METHYLPREDNISOLONE,NR3C1
QUIZARTINIB,PDGFRA
METHARBITAL,GABRA1
SLAZINIC ACID,WRN
AMFONELIC ACID,HIF1A
SOTRASTAURIN,PLK1
CLARITHROMYCIN,CYP2D6
ASPACYTARABINE,POLE
CHEMBL:CHEMBL67535,HSD17B10
9-AMINOCAMPTOTHECIN,NFE2L2
LAPATINIB,ERBB2
CYCLOBENZAPRINE,APEX1
LENTINAN,IL2RA
EDIFOLIGIDE,E2F1
RIDAFOROLIMUS,MTOR
SELICICLIB,CDK7
CERULENIN,FASN
AZD-1236,MMP12
COAGULATION FACTOR X HUMAN,F10
SODIUM CHLORIDE,SGK1
SORAFENIB,NF1
FENOFIBRATE MICRONIZED,PPARA
PYRONIN Y,USP1
PROTEASE INHIBITOR,ERBB2
CHEMBL:CHEMBL591864,EHMT2
CATECHOL,APEX1
IPTACOPAN,CFB
SIBUTRAMINE,CYP2B6
CYTARABINE,FCGR3B
PROTUBOXEPIN A,BCL2
PROCAINAMIDE HYDROCHLORIDE,SCN9A
HALOPERIDOL DECANOATE,DRD3
AEE788,ERBB4
LASOFOXIFENE,ESR2
CHEMBL:CHEMBL118678,VDR
CHEMBL:CHEMBL287689,CYP1A2
RUXOLITINIB,JAK2
PHANQUONE,VDR
ABCIXIMAB,FGB
CHEMBL:CHEMBL1256876,EHMT2
HYDRALAZINE,PPARD
RUBOXISTAURIN,BAD
NORTRIPTYLINE,CYP2D6
ETOPOSIDE,ABCC1
ATENOLOL,TGFB1
XANTHOANGELOL,MAPT
CHEMBL:CHEMBL1402376,MAPT
THIMEROSAL,NR1H4
BENOXAPROFEN,ALOX12
CP-547632,KDR
TRIMIPRAMINE,HTR1A
FR139317,EDNRA
NERATINIB MALEATE,ERBB2
METHAMPHETAMINE,MAOB
PHENMETRAZINE HYDROCHLORIDE,SLC6A3
ALPELISIB,MTOR
SIMENEPAG ISOPROPYL,PTGER2
BRIGATINIB,ALK
ENZALUTAMIDE,CYP17A1
VINBLASTINE,NF1
LAPATINIB,NRG1
TEMUTERKIB,MAPK3
METHDILAZINE HYDROCHLORIDE,HRH1
OLOPATADINE,HRH1
VORINOSTAT,HDAC3
LOSARTAN POTASSIUM,AGTR1
PHENINDIONE,VKORC1
FENOFIBRATE MICRONIZED,PPARA
FONDAPARINUX,SERPINC1
INSULIN SUSP ISOPHANE RECOMBINANT HUMAN,INSR
NINGETINIB,MERTK
METYROSINE,TH
RISPERIDONE,HTR2C
CHLORPROTHIXENE,HTR2C
TRIMIPRAMINE MALEATE,HTR2A
DROSPIRENONE,NR3C2
CLOCORTOLONE,NR3C1
HALOBETASOL,NR3C1
CORTISONE ACETATE,NR3C1
EFAVIRENZ,ERVW-4
ASN007,MAPK3
CHENODEOXYCHOLIC ACID,NR1H4
APRUTUMAB IXADOTIN,TUBA4A
PAMIDRONATE DISODIUM,FDPS
MEMANTINE HYDROCHLORIDE,GRIN2B
METHOXAMINE HYDROCHLORIDE,ADRA1A
NEPAFENAC,PTGS2
NAPROXEN SODIUM,PTGS2
NAPROXEN SODIUM,PTGS2
PARGYLINE HYDROCHLORIDE,MAOB
MECAMYLAMINE HYDROCHLORIDE,CHRNA3
ALBUTEROL SULFATE,ADRB2
PROPRANOLOL HYDROCHLORIDE,ADRB2
KO-947,MAPK3
LOMITAPIDE MESYLATE,P4HB
CARFILZOMIB,PSMB9
BOSUTINIB,BCR
ETRETINATE,RXRA
ETRETINATE,RXRG
TALBUTAL,GABRA3
LORAZEPAM,GABRA3
CHLORAMPHENICOL,RPSA
INTERFERON ALFACON-1,IFNAR1
INFIGRATINIB PHOSPHATE,FGFR2
QUINIDINE GLUCONATE,SCN8A
ORPHENADRINE CITRATE,SCN8A
PROCAINAMIDE HYDROCHLORIDE,SCN8A
LIDOCAINE,SCN7A
LIDOCAINE HYDROCHLORIDE,SCN2A
LOXAPINE HYDROCHLORIDE,DRD4
ZIPRASIDONE,DRD2
ZIPRASIDONE,DRD2
GUANIDINE HYDROCHLORIDE,KCNA1
GUANIDINE HYDROCHLORIDE,KCNS3
PANOBINOSTAT LACTATE,HDAC3
PANOBINOSTAT LACTATE,HDAC1
NIVOLUMAB,PDCD1
BREXPIPRAZOLE,HTR1A
OSIMERTINIB MESYLATE,EGFR
ENMD-981693,BLK
ENMD-981693,PDGFRB
CHF4227,ESR1
EBDAROKIMAB,IL12B
ILORASERTIB,PDGFRA
ILORASERTIB,BLK
ARQ-736,RAF1
AZD6703,MAPK14
AMIVANTAMAB-VMJW,EGFR
AZD5438,CDK17
CC-115,MTOR
CC-115,PRKDC
AZD-8330,MAP2K2
MK-8033,MET
M-2698,AKT1
PANULISIB,MTOR
PANULISIB,PIK3CA
VS-5584,MTOR
WX-037,PIK3R1
VS-5584,PIK3CB
IRAMPANEL,GRIA4
IRAMPANEL,SCN7A
IRAMPANEL,SCN9A
BRILANESTRANT,ESR1
LY2245461,ESR1
AZD8108,GRIN2B
AFIMOXIFENE,ESR1
MBX-2044,PPARG
PEFICITINIB,TYK2
AZD-4547,FGFR1
KD7040,NOS2
AZD-4547,FGFR2
MK-2461,MET
AMUVATINIB,MET
SONOLISIB,PIK3CG
SONOLISIB,PIK3CB
TAMATINIB,SYK
LY377604,ADRB2
ETILEVODOPA,DRD3
CENICRIVIROC,CCR2
LY2828360,CNR2
"UK-432,097",ADORA2A
ATAGABALIN,CACNA1S
ATAGABALIN,CACNG4
RIBOCICLIB,CDK4
RIBOCICLIB,CDK6
NERATINIB,EGFR
ENTINOSTAT,HDAC1
FIRATEGRAST,ITGB1
OMARIGLIPTIN,DPP4
NAPROXEN ETEMESIL,PTGS1
DENUFOSOL TETRASODIUM,P2RY2
ATACICEPT,TNFSF13
ROBATUMUMAB,IGF1R
FASINUMAB,NGF
ANTRAFENINE,PTGDS
CARBENOXOLONE,HSD11B1
DIHYDROTACHYSTEROL,VDR
DICHLOROBENZYL ALCOHOL,SCN7A
DICHLOROBENZYL ALCOHOL,SCN2A
ANTITHROMBIN ALFA,F2
SIFALIMUMAB,IFNA2
AMG-729,CD19
PF-03475952,CD44
INDATUXIMAB RAVTANSINE,SDC1
DORLIMOMAB ARITOX,RPL6
CENEGERMIN-BKBJ,NTRK2
ERDAFITINIB,FGFR2
ERDAFITINIB,FGFR3
MOXETUMOMAB PASUDOTOX,EEF2
NIRAPARIB TOSYLATE,PARP1
TRIFAROTENE,RARG
ABEQUOLIXRON,NR1H2
FAM-TRASTUZUMAB DERUXTECAN-NXKI,ERBB2
RUPATADINE,PTAFR
BLONANSERIN,DRD2
BLONANSERIN,HTR2A
RUPATADINE,HRH1
OBICETRAPIB,CETP
DELGOCITINIB,JAK1
DIROXIMEL FUMARATE,KEAP1
DELGOCITINIB,TYK2
BREXUCABTAGENE AUTOLEUCEL,CD19
CYCLOHEXIMIDE,RPS27
SUGEMALIMAB,CD274
LANATOSIDE C,ATP1A3
AZD-1656,GCK
ETOKIMAB,IL33
PF-232798,CCR5
AMDOXOVIR,ERVW-4
CAMIZESTRANT,ESR1
QUISINOSTAT,HDAC3
APX-3330,APEX1
EVATANEPAG,PTGER2
IDASANUTLIN,TP53
RIPASUDIL,ROCK1
GIREDESTRANT,ESR1
SEPETAPROST,PTGER3
REBIMASTAT,MMP9
NIROGACESTAT,APH1B
NIROGACESTAT,PSEN2
CLESACOSTAT,ACACB
GEPIRONE,HTR1A
ATECEGATRAN METOXIL,F2
ASCIMINIB HYDROCHLORIDE,ABL1
VONICOG ALFA,VWF
SERALUTINIB,PDGFRB
ENMD-2076,FGFR1
RIDAFOROLIMUS,MTOR
XL765,PIK3CA
PAZOPANIB,PDGFRA
GTS-21,CHRNA7
PI3K/MTOR KINASE INHIBITOR PF-04691502,PIK3CA
ZSTK474,PIK3CA
ZSTK474,PIK3CD
PILARALISIB,PIK3CD
VANDETANIB,RET
FLUORANTHENE,NFE2L2
NADROPARIN CALCIUM,SERPINC1
SB-415286,FEN1
PLASMINOGEN,FGG
LUTEOLIN,CYBB
ENSIFENTRINE,PDE4B
ESTRAMUSTINE,KAT2A
CHEMBL:CHEMBL586000,MAPT
TIAPROFENIC ACID,BRCA1
URB597,FAAH
CHEMBL:CHEMBL592124,VDR
TACRINE,CYP1A2
HOMIDIUM BROMIDE,TP53
PHENAZINE-1-CARBOXYLIC ACID,NFE2L2
PLOCABULIN,TUBA4A
GINSENOSIDE RH1,SIRT1
TRITIOZINE,PLK1
ERYTHROSINE,KAT2A
CHEMBL:CHEMBL579550,TP53
ALTISSIMACOUMARIN D,SIRT1
QUINALIZARIN,HPGD
CHEMBL:CHEMBL70582,SMN2
LUTEOLIN,TYR
DYCLONINE,GMNN
PURPUROGALLIN,CASP6
2-AMINOANTHRACENE,NFE2L2
"(3Z)-N,N-DIMETHYL-2-OXO-3-(4,5,6,7-TETRAHYDRO-1H-INDOL-2-YLMETHYLIDENE)-2,3-DIHYDRO-1H-INDOLE-5-SULFONAMIDE",EHMT2
THIOPROPERAZINE MESYLATE,EHMT2
DITHIOLETHIONE,HPGD
DOVITINIB,CSF1R
GOSSYPOL,CASP7
CHEMBL:CHEMBL1453126,RAD52
CHEMBL:CHEMBL19954,RAD52
CHEMBL:CHEMBL1079460,ALDH1A1
CHEMBL:CHEMBL1079460,CYP2D6
TPCK,TP53
SP-600125,ALDH1A1
CHEMBL:CHEMBL154580,ALOX12
CAPSAZEPINE,CYP2D6
CHEMBL:CHEMBL1709259,BRCA1
CHEMBL:CHEMBL2170369,GABRA1
CHEMBL:CHEMBL576208,GMNN
DOVITINIB,FGFR3
PURPUROGALLIN,WRN
PRILOCAINE HYDROCHLORIDE,ADRB2
LOMETREXOL,GART
PROSTAGLANDIN A2,ALDH1A1
PYRIDOSTIGMINE,CYP2D6
LINSITINIB,IGF1R
CATECHIN,FEN1
MORNIFLUMATE,NFE2L2
OMIPALISIB,PIK3CA
PP2,MAP2K2
COLUBRINIC ACID,GLI1
ANDROGRAPHOLIDE,RELA
BOSUTINIB,ABL1
AROMOLINE,RAD52
CHEMBL:CHEMBL600173,SMAD3
SPERMINE,CASP3
CHEMBL:CHEMBL108851,ALDH1A1
METHOXYCHLOR,PPARG
CLIOQUINOL,ALDH1A1
CHEMBL:CHEMBL582081,NFE2L2
CHEMBL:CHEMBL505670,LHCGR
THIMEROSAL,HTT
MERCURIC CHLORIDE,KAT2A
PF750,FAAH
CHEMBL:CHEMBL589207,ALDH1A1
SP-600125,KDR
ALDRIN,CXCL8
ERYTHROSINE,THRB
CHEMBL:CHEMBL1481974,ALOX15
CHEMBL:CHEMBL578741,HSD17B10
BUCLADESINE,CYP2D6
CHEMBL:CHEMBL70582,AHR
CHEMBL:CHEMBL1256995,RAD52
RHEIN,NFE2L2
CLIOQUINOL,APP
BENSERAZIDE,RGS4
(-)-N-PORPHYNORAPOMORPHINE,DRD1
PAZOPANIB,MAPK8
CHEMBL:CHEMBL505670,FEN1
SPICLOMAZINE,CYP2D6
CHEMBL:CHEMBL596633,TP53
"L-694,247",CYP1A2
WHILE OLIVETOL,NFE2L2
KEPONE,ESR1
AHPN,HSD17B10
PIPOBROMAN,ALDH1A1
METHYL ROBUSTONE,SMN1
IRL 2500,KAT2A
CHEMBL:CHEMBL392369,KIF11
SPERMINE,CASP2
MESTRANOL,CYP2D6
FLUORESCEIN DIPHOSPHATE,PTPN1
URSOLIC ACID,GSK3B
NBQX,ARSA
CHEMBL:CHEMBL587449,PLK1
PALBOCICLIB,RET
NVP-TAE684,FLT4
SP-600125,INSR
CHEMBL:CHEMBL533954,EHMT2
CYCLOSPORINE,ABCC1
LINSIDOMINE,RGS4
IRIGENOL,APEX1
PRAZOSIN,ABCG2
GANGALEOIDIN,USP1
ASPIRIN,HSD17B10
CHEMBL:CHEMBL1445650,AGTR1
FURAZABOL,NFE2L2
CHEMBL:CHEMBL577222,EHMT2
DOVITINIB,BLK
TOPOTECAN HYDROCHLORIDE,USP1
PHENOXYETHANOL,RXRA
CHLORHEXIDINE HYDROCHLORIDE,AR
BCR-ABL INHIBITOR GNF-2,MAPT
CYCLOSPORINE,ABCB1
ARISTOLACTONE,MAPK3
CHEMBL:CHEMBL1481974,FEN1
GOSSYPOL,POLB
DAUNORUBICIN HYDROCHLORIDE,WRN
ANTAZOLINE HYDROCHLORIDE,GMNN
HALCINONIDE,AR
MITOXANTRONE,RGS4
MK-886,USP1
HYCANTHONE,CYP1A2
CHEMBL:CHEMBL585502,NFE2L2
CHEMBL:CHEMBL458094,MAPT
BROMOCRIPTINE,AR
BUTYRYLHYDROXAMIC ACID,HDAC3
RABEPRAZOLE,ALDH1A1
CP-547632,ALK
BUTYRYLHYDROXAMIC ACID,HDAC9
BUTYRYLHYDROXAMIC ACID,HDAC1
SPIRUCHOSTATIN C,HDAC8
ELLIPTECINE,HIF1A
4-PHENYLBUTYRIC ACID,HDAC3
BENZETHONIUM CHLORIDE,ESR1
PURPUROGALLIN,VDR
BETAMETHASONE SODIUM PHOSPHATE,AR
DIPHENADIONE,VDR
RIFAMPIN,NR1I2
DOXYCYCLINE ANHYDROUS,EHMT2
EUFLAVINE,FEN1
SOTRASTAURIN,FLT4
CLOSANTEL,SUMO1
AHPN,MAPT
TECTOQUINONE,NFE2L2
CHEMBL:CHEMBL521171,FEN1
"3,3',4',5-TETRACHLOROSALICYLANILIDE",AR
CYSTEAMINE HYDROCHLORIDE,EHMT2
CHEMBL:CHEMBL580851,EHMT2
CHEMBL:CHEMBL598270,CYP2D6
ISOKAEMPFERIDE,POLB
VINBLASTINE,TUBB4B
AZACITIDINE,TP53
LIDAMIDINE HYDROCHLORIDE,GMNN
CHEMBL:CHEMBL592124,HPGD
ALSTERPAULLONE,FLT4
CHEMBL:CHEMBL1490332,HTT
CHEMBL:CHEMBL602740,TARDBP
LOPINAVIR,ABCB1
ALOE-EMODIN,NFE2L2
CHEMBL:CHEMBL184450,PLK1
LAPATINIB,ERBB2
COUMESTROL,ESR1
DIMETHISTERONE,NFE2L2
YANGONIN,NFE2L2
YOHIMBINE,DRD1
TRIFLUMIZOLE,AR
CHEMBL:CHEMBL375563,CASP7
CHLOROQUINE,TLR9
PIROXICAM-BETA-CYCLODEXTRIN,CYP1A2
CAMBINOL,VDR
CHEMBL:CHEMBL124006,RAD54L
GLAFENINE,CYP2D6
CHEMBL:CHEMBL527584,MAPT
CHEMBL:CHEMBL589717,TARDBP
CAPTAN,AR
CHEMBL:CHEMBL596633,FEN1
HOMIDIUM BROMIDE,NFE2L2
DENATONIUM BENZOATE,CYP2D6
CHEMBL:CHEMBL589207,BRCA1
FLUDIOXONIL,AR
NVP-TAE684,LRRK2
ANANDAMIDE,VDR
CHEMBL:CHEMBL84440,ACP1
SC-19220,CYP2D6
CHINIOFON,VDR
DITHIOLETHIONE,VDR
ORTHO-PHTHALALDEHYDE,TDP1
BENZALKONIUM CHLORIDE,MAPK1
PAZOPANIB,CDK7
CHEMBL:CHEMBL1256191,VDR
CHEMBL:CHEMBL2094665,GMNN
SELEGILINE,MAOA
CHEMBL:CHEMBL1363249,PLK1
FLUDIOXONIL,RXRA
EFAVIRENZ,ABCB1
ORTHO-PHTHALALDEHYDE,THRB
NATEGLINIDE,CYP1A2
ISOQUERCETIN,POLB
QUINALIZARIN,TP53
CARBONYL CYANIDE M-CHLOROPHENYLHYDRAZONE,TSHR
CHEMBL:CHEMBL375673,RAD54L
NIFEDIPINE,NFE2L2
LACTOFEN,AR
DESOXYCORTICOSTERONE PIVALATE,AR
QUINALIZARIN,HSD17B10
PARAROSANILINE,HIF1A
CHEMBL:CHEMBL581868,RAD52
GR 127935,ATXN2
CLOFENOXYDE,USP1
ELLIPTECINE,FEN1
CHLOROTHALONIL,HPGD
CHEMBL:CHEMBL1519374,ATXN2
QUINIZARIN,VDR
CHEMBL:CHEMBL1091971,HPGD
BERBERRUBINE,ABCC8
BERBERRUBINE,KCNJ11
PF-03715455,CYP2D6
ANTHRAQUINONE,RXRA
HOMIDIUM BROMIDE,FEN1
CHEMBL:CHEMBL527585,GAA
DECYNIUM 22,HTT
DIHYDROSPHINGOSINE,USP1
MEFENAMIC ACID,TDP1
CHEMBL:CHEMBL584860,CYP1A2
CHEMBL:CHEMBL592124,EHMT2
CHEMBL:CHEMBL2094456,MAPT
ALSTERPAULLONE,ABL1
GOSSYPOL,KAT2A
CHEMBL:CHEMBL1565444,GMNN
DITHIAZANINE IODIDE,HTT
EPIRUBICIN HYDROCHLORIDE,ATXN2
PHENYLMERCURIC ACETATE,VDR
TBBT,ATXN2
DOMIPHEN BROMIDE,USP1
{4-[3-(4-ACETYL-3-HYDROXY-2-PROPYLPHENOXY)PROPOXY]PHENOXY}ACETIC ACID,PPARD
ATHRAQUINONES A,HSD17B10
EUFLAVINE,HTT
CHEMBL:CHEMBL545184,EHMT2
CHEMBL:CHEMBL265686,KLF5
PERHEXILINE MALEATE,AR
PAZOPANIB,IGF1R
PURPUROGALLIN,FEN1
HYDROCOTARNINE,CYP1A2
BUFOGENIN,SMAD3
IDAZOXAN HYDROCHLORIDE,EHMT2
CEFOTAXIME SODIUM,EHMT2
RISEDRONIC ACID,EHMT2
OXADIAZON,NFE2L2
GUTHION,WRN
CHEMBL:CHEMBL505670,WRN
AG 490,CYP1A2
GR 127935,GMNN
CHEMBL:CHEMBL443436,NFE2L2
CHEMBL:CHEMBL375563,CASP3
CHEMBL:CHEMBL533082,FEN1
VIDARABINE,GMNN
GLAFENINE,CYP1A2
BERBERINE CHLORIDE,RAD52
CEFIXIME ANHYDROUS,PLCG1
CHEMBL:CHEMBL1984884,MAPT
CHEMBL:CHEMBL585622,RAD54L
ESTRAMUSTINE,AR
CHEMBL:CHEMBL591363,HSP90AA1
SP-600125,RPS6KB1
NEROLIDOL,ALOX15
NOREPINEPHRINE,DRD1
PREDNISOLONE HEMISUCCINATE,AR
NIFEDIPINE,AR
DANTROLENE,CYP2D6
CHEMBL:CHEMBL580183,MAPK1
PYRONIN Y,ATXN2
NSC-663284,TP53
CHEMBL:CHEMBL590184,NFE2L2
TACRINE,ACHE
PAZOPANIB,ALK
CURCUMIN,TUBA4A
CURCUMIN,TUBB4B
CHEMBL:CHEMBL591628,EHMT2
CHEMBL:CHEMBL375563,CASP8
LAS38096,CSNK1D
CHEMBL:CHEMBL2347630,CXCR4
DIPHENADIONE,GMNN
ALSTERPAULLONE,CDC7
"3',4'-DIMETHOXYFLAVONE",KAT2A
DOVITINIB,INSR
CHEMBL:CHEMBL576208,ATXN2
DOXORUBICIN HYDROCHLORIDE,MAPK1
PP2,PDGFRA
LAS38096,MAP4K4
CEP-5214,FLT4
FENDILINE HYDROCHLORIDE,AR
TERPYRIDINE,ALPI
CYPROTERONE,AR
LANSOPRAZOLE,VDR
URSOLIC ACID,HDAC1
HOMIDIUM BROMIDE,PPARD
"O,O'-DIMETHYLCAFFEIC ACID",HSD17B10
LANSOPRAZOLE,NFE2L2
"L-162,313",USP1
PP2,MAPK8
SKIMMIANINE,ACHE
ECONAZOLE NITRATE,ATXN2
BILIRUBIN,MAPT
WORTMANNIN,PLK2
EPINEPHRINE BITARTRATE,ADRB2
CHEMBL:CHEMBL600334,TP53
ALFUZOSIN,GAA
NALED,NFE2L2
CHEMBL:CHEMBL596633,RAD54L
QUINAPRIL HYDROCHLORIDE,JUN
TERAZOSIN HYDROCHLORIDE HYDRATE,GAA
"(3Z)-N,N-DIMETHYL-2-OXO-3-(4,5,6,7-TETRAHYDRO-1H-INDOL-2-YLMETHYLIDENE)-2,3-DIHYDRO-1H-INDOLE-5-SULFONAMIDE",SMN1
RUCAPARIB,CDK1
PALBOCICLIB,ALK
CHEMBL:CHEMBL443343,NFE2L2
CHEMBL:CHEMBL600734,ATXN2
CHEMBL:CHEMBL74189,CYP1A2
CHEMBL:CHEMBL127579,NFE2L2
CHEMBL:CHEMBL473735,SMN2
H-89,EHMT2
DODECYL GALLATE,AR
TRIOXSALEN,CYP1A2
CHEMBL:CHEMBL1549738,GMNN
BENZYDAMINE,CYP2D6
SOTALOL,AR
"N-[6-(4-CHLOROPHENYL)-7-(2,4-DICHLOROPHENYL)-2,2-DIMETHYL-3,4-DIHYDRO-2H-PYRANO[2,3-B]PYRIDINE-4-YL]-4,4,4-TRIFLUORO-3-HYDROXYBUTANAMIDE (DIASTEREOMERIC MIX)",CNR1
PHTHALIC ACID,ALDH1A1
PHENYLALANINE,NFE2L2
BROXURIDINE,SMN1
ALTISSIMACOUMARIN C,SIRT1
RABEPRAZOLE,VDR
YUANHUADINE,MTOR
VANOXERINE,ATXN2
PYRANTEL PAMOATE,MAPT
CHEMBL:CHEMBL343002,KAT2A
FRENTIZOLE,SMN2
CHEMBL:CHEMBL166112,NFE2L2
COUMESTROL,FEN1
BROMOENOL LACTONE,HPGD
2-AMINOANTHRACENE,HSD17B10
CHEMBL:CHEMBL606167,MAPT
(R)-FLECAINIDE,TSHR
CHEMBL:CHEMBL571453,GRM4
CHEMBL:CHEMBL2205805,CCR1
CHEMBL:CHEMBL586031,HTT
ACITRETIN,MAPT
STANOLONE,NFE2L2
DUTASTERIDE,AR
ISOQUERCETIN,ALPI
CHEMBL:CHEMBL599100,TP53
CHEMBL:CHEMBL19954,FEN1
THIMEROSAL,HSP90AA1
CHEMBL:CHEMBL590947,SMAD3
CHEMBL:CHEMBL592842,RAD54L
CHEMBL:CHEMBL601618,VDR
NORTRIPTYLINE,TP53
CEFIXIME ANHYDROUS,TDP1
IRIGENOL,TDP1
PHENYLEPHRINE,DRD1
SULFOBROMOPHTHALEIN,KAT2A
ALSTERPAULLONE,CDK5
LEFLUNOMIDE,SMN1
CHEMBL:CHEMBL585656,HTT
LEVONORDEFRIN,ALOX15
PARAROSANILINE,APP
FRENTIZOLE,AR
KEPONE,VDR
CHEMBL:CHEMBL1572415,GMNN
DITHIAZANINE IODIDE,XBP1
GUANFACINE HYDROCHLORIDE,NFE2L2
CHEMBL:CHEMBL1306524,EHMT2
METILDIGOXIN,AR
LUTEOLIN,HPGD
QUINALIZARIN,MAPK1
CAPSAZEPINE,GMNN
CAPSAZEPINE,ALDH1A1
CHEMBL:CHEMBL220845,HSD17B10
LAWSONE,USP1
CP-547632,LYN
BUTACHLOR,NFE2L2
SODIUM DODECYL SULFATE,VDR
PHENYLMERCURIC ACETATE,ALDH1A1
TECADENOSON,SLC29A2
TERCONAZOLE,HSP90AA1
NVP-TAE684,ERBB4
ERYTHROSINE,VDR
ALL-TRANS-RETINAL,OPN1LW
CHEMBL:CHEMBL585622,FEN1
CHEMBL:CHEMBL127579,NPC1
DIBROMOACETIC ACID,NFE2L2
OMEGA-CHLOROACETOPHENONE,VDR
CHEMBL:CHEMBL265686,TP53
CHEMBL:CHEMBL16685,TP53
BISABOLOL,ALOX15
PURPUROGALLIN,GAA
CHEMBL:CHEMBL362223,CYP1A2
LANSOPRAZOLE,RGS4
ARIPIPRAZOLE LAUROXIL,CYP2D6
DESVENLAFAXINE SUCCINATE,CYP2D6
DACOMITINIB ANHYDROUS,EGFR
PARITAPREVIR,IFNL3
DURVALUMAB,CD274
FORMOTEROL FUMARATE,CYP2D6
GIVOSIRAN,CPOX
PEMBROLIZUMAB,EGFR
TAMOXIFEN,F2
USTEKINUMAB,IL12B
BOSUTINIB,ABL1
PELITINIB,EGFR
AXITINIB,KDR
CEDIRANIB,KDR
NIVOLUMAB,PDCD1
NIVOLUMAB,PDCD1
PEMBROLIZUMAB,PDCD1
PEMBROLIZUMAB,PDCD1
DALOTUZUMAB,IGF1R
CARFILZOMIB,PSMB9
DACTOLISIB,PIK3R4
RUXOLITINIB,JAK2
REGORAFENIB,ABL1
REGORAFENIB,KDR
SONOLISIB,PIK3CB
SONOLISIB,PIK3CG
ETOPOSIDE,ABCC1
VINCA ALKALOID COMPOUND,ABCB1
CYCLOSPORINE,ABCC1
PROBENECID,ABCC1
ARGIPRESSIN,ACE
OXALIPLATIN,ABL1
ENZYME INHIBITOR,ADCYAP1
COBALT,ADA
POLYETHYLENE GLYCOL 4000,AFP
IL-4,BAX
CETUXIMAB,BAX
ETOPOSIDE,BAX
VINORELBINE,BAX
PROTEIN PHOSPHATASE INHIBITOR,BAX
OXALIPLATIN,BAX
C5A,BCL2
ESTRAMUSTINE,BCL2
CAELYX,BCL2
TYROSINE KINASE INHIBITOR,CCL11
RECOMBINANT ALPHA CHEMOKINE,CCL21
GP-120 ANTIGEN,CCL7
TROGLITAZONE,CCND1
ANTIVIRAL AGENT,CD4
THERAPEUTIC GLUCOCORTICOID,CD163
ATORVASTATIN CALCIUM TRIHYDRATE,CD40LG
STREPTOZOCIN,CD40
RECOMBINANT INTERLEUKIN-16,CD9
ORAL CONTRACEPTIVE,CP
ASPIRIN,COL18A1
DITIOCARB,CSF2
IL-3,CSF2
MASOPROCOL,CSF2
RETRO-INVERSO PEPTIDE,CTLA4
ALTEPLASE,CSPG4
BENZODIAZEPINE,CYP2E1
STREPTOZOCIN,CYP2D6
URACIL,ERBB2
THROMBIN,F2R
ALPROSTADIL,F2R
SOMATROPIN (RECOMBINANT DNA ORIGIN),F9
PHENOBARBITAL,FOS
DOXORUBICIN HYDROCHLORIDE,GABPA
HYDROCORTISONE BUTYRATE,GAL
STREPTOZOCIN,GALP
SORBITOL,GFAP
OMEPRAZOLE,GSTP1
COBALT,HLA-A
COBALT,HIF1A
RESVERATROL,HGF
RECOMBINANT INTERFERON ALFA,HNF4A
RECOMBINANT INTERFERON,HLA-B
THERAPEUTIC HORMONE,HMOX1
SODIUM CHLORIDE,HPGD
CELECOXIB,HSPA4
IFOSFAMIDE,HSPA4
CYCLOSPORINE,HSPA8
ETOPOSIDE,HSPB2
ATORVASTATIN CALCIUM TRIHYDRATE,HSPD1
GANCICLOVIR,IFNG
PNU-37883,TSHR
DIETHYLDITHIOCARBAMATE,IFNA1
THERAPEUTIC HORMONE,IGFBP1
FLUOXETINE HYDROCHLORIDE,IGF2
PREDNISONE,IFNG
THROMBIN,IGF1R
THERAPEUTIC GLUCOCORTICOID,IL15
AZATHIOPRINE,IL17A
PROPYLTHIOURACIL,IL2RA
VITAMIN K,IL6
ESTRADIOL VALERATE,LIF
THROMBIN,LIF
THERAPEUTIC HORMONE,LIF
ASPARAGINASE,LPL
DEXTRAN SULFATE,LPL
LITHIUM,MAPK14
PTHRP,MAPK3
CHEMBL:CHEMBL1871992,PLK1
H2O2,MSR1
ENZYME INHIBITOR,MTR
DIBUCAINE,MYO9B
CHEMBL:CHEMBL527336,EHMT2
SODIUM CHLORIDE,MYO9B
TRAIL,MYC
THROMBIN,MYC
PTHRP,MYO9B
HYDROGEN PEROXIDE,NCF1
RECOMBINANT NEUROTROPHIC FACTOR,NOS1
ESTRADIOL VALERATE,NOS2
LARGAZOLE,HDAC6
CYCLOSPORINE,NR4A1
ORAL CONTRACEPTIVE,NQO1
ALTEPLASE,NTF3
DIETHYLDITHIOCARBAMATE,NTRK2
THERAPEUTIC GLUCOCORTICOID,NTRK1
INDOLE-3-CARBINOL,PIK3CB
SELECTIVE ESTROGEN RECEPTOR MODULATOR,PIK3CB
DACTINOMYCIN,PIK3CB
CALCITRIOL,PLAU
HYDROCORTISONE BUTYRATE,PLAU
MASOPROCOL,PLAU
STREPTOZOCIN,PRKAA1
PHENOBARBITAL,PRL
ORAL CONTRACEPTIVE,PRL
MONOAMINE OXIDASE INHIBITOR,PRL
GENISTEIN,PRL
FLURAZEPAM,PRL
BINETRAKIN,PTGER1
ESTRADIOL VALERATE,PTPRC
LEVOTHYROXINE,SERPINE1
STREPTOZOCIN,S100B
NIMODIPINE,SERPINE1
PYRIPROXYFEN,AR
ARGIPRESSIN,TACR1
CYCLOSPORINE,TBXA2R
HYDROGEN PEROXIDE,TDO2
DECITABINE,TGM2
THERAPEUTIC HORMONE,TNF
MASOPROCOL,TNF
ALTEPLASE,TNF
ETOPOSIDE,TNFSF13B
EPINEPHRINE,TNFRSF11B
PROPYLTHIOURACIL,TP53
DNA VACCINE,TP53
LUZINDOLE,HPGD
PHORBOL 12-MYRISTATE 13-ACETATE,VCAM1
BICALUTAMIDE,VDR
TROGLITAZONE,VCAM1
KETOCONAZOLE,VDR
CYTARABINE,VDR
ALDESLEUKIN,VIPR1
BRIGATINIB,ALK
IXABEPILONE,ERBB2
NORELGESTROMIN,AR
MARGETUXIMAB-CMKB,ERBB2
CAPIVASERTIB,ERBB2
LAPATINIB,ERBB2
LOVASTATIN,LDLR
RITONAVIR,APOE
CEFACLOR ANHYDROUS,NR1I2
PACLITAXEL,NR1I2
NIFEDIPINE,NR1I2
ETODOLAC,PTGS2
ANALGESIC AGENT,BDNF
DEXAMETHASONE,CHRM3
CEPHALOTHIN SODIUM,TDP1
PREDNISOLONE,MTHFR
CABERGOLINE,DRD2
TRIMIPRAMINE,AKT1
CAPIVASERTIB,AKT1
IRINOTECAN HYDROCHLORIDE,ABCG1
MIDOSTAURIN,NPM1
BUSULFAN,ABL1
EPIRUBICIN,TP53
NEFAZODONE,FKBP5
ANTIDEPRESSANT AGENT,CRH
GENISTEIN,CFTR
INOTUZUMAB OZOGAMICIN,BCR
STREPTONIGRIN,POLB
ISOPROTERENOL,ADRA2A
PEMETREXED DISODIUM,EGFR
ACETAMINOPHEN,SULT1E1
SACITUZUMAB GOVITECAN,BRCA2
CHEMBL:CHEMBL527336,GMNN
PEGINTERFERON ALFA-2B,CTLA4
OMACETAXINE MEPESUCCINATE,BCR
OMACETAXINE MEPESUCCINATE,ABL1
TOPIRAMATE,INSR
ACETAMINOPHEN,CD44
ZIDOVUDINE,CYP2E1
ABACAVIR,HLA-DRB1
PERPHENAZINE,MCPH1
OMEGA-3 FATTY ACIDS,PTGS2
DEFERASIROX,VDR
RECOMBINANT INTERFERON,VDR
METHOTREXATE,FGF14
METYROSINE,TH
FENOTEROL,ADRB2
VINCRISTINE,NOS3
THALIDOMIDE,FGF2
PEGINTERFERON ALFA-2A,SOCS3
METHIMAZOLE,HLA-DRB1
BEVACIZUMAB-AWWB,CSPG4
ACETAMINOPHEN,PLCG1
METHOTREXATE,NOS3
EPIRUBICIN,FOXO1
AMOXICILLIN ANHYDROUS,HLA-DQB1
CARBAMAZEPINE,TNF
DURVALUMAB,CD274
BEVACIZUMAB-AWWB,CXCL8
TRIMIPRAMINE,DRD3
TRIMIPRAMINE,CYP1A2
TRIMIPRAMINE,BDNF
TRIMIPRAMINE,NEFM
BRIVANIB,FGFR3
TRIMIPRAMINE,DDIT4
TRIMIPRAMINE,HLA-A
LENIOLISIB,PIK3CD
PANITUMUMAB,NRG1
PALIPERIDONE,ERBB4
LAPATINIB,ERBB4
METFORMIN,PRKAG2
HEPARIN,IL1RN
CYCLOSPORINE,ABCC1
POLATUZUMAB VEDOTIN,MYC
ROSUVASTATIN,APOA5
WARFARIN,MYC
ROSUVASTATIN,RXRA
ACETAMINOPHEN,TNFRSF11A
ACETYLCHOLINE,ACE
PRAMIPEXOLE,DRD3
DESFLURANE,CACNA1S
PEGINTERFERON ALFA-2B,SLC6A4
RIVAROXABAN,APOB
RESVERATROL,SIRT1
ANTIDEPRESSANT AGENT,MAOA
HEROIN,ALDH2
TIROFIBAN,FGA
LAPATINIB,ERBB2
ZOLEDRONIC ACID ANHYDROUS,FDPS
ALK INHIBITOR ASP3026,ALK
VARGATEF,FLT4
VARGATEF,FGFR3
PIVALOYLOXYMETHYLBUTYRATE,HDAC9
ARQ-621,KIF11
AMUVATINIB,MET
SUNITINIB,PDGFRB
PAZOPANIB,PDGFRA
BI-2536,PLK1
XL765,PIK3CA
PONATINIB,BCR
TRIAPINE,RRM2
LCL161,XIAP
CENISERTIB,AKT1
BRIGATINIB,ALK
PELITINIB,EGFR
SIVIFENE,ESR1
RIGOSERTIB,PIK3CA
ACAMPROSATE CALCIUM,GRM5
LINIFANIB,PDGFRB
SHARK CARTILAGE EXTRACT AE-941,MMP2
BAMINERCEPT ALFA,LTB
BECLOMETHASONE,NR3C1
BRIAKINUMAB,IL12A
BUDESONIDE,NR3C1
FORMOTEROL FUMARATE,ADRB2
AVACOPAN,C5AR1
CNS-5161,GRIN2B
CNS-5161,GRIN3A
DESMOTEPLASE,PLG
RONOMILAST,PDE4B
GABOXADOL,GABRA3
CHEMBL:CHEMBL1415258,SMAD3
ILEPATRIL,MME
TOZASERTIB,GMNN
LUMATEPERONE,DRD2
GIVINOSTAT,HDAC9
KD7040,NOS2
LORCASERIN,HTR2C
QUERCETIN-3'-O-PHOSPHATE,ABCB1
RIGOSERTIB,PIK3CA
OSI-027,MTOR
BREXPIPRAZOLE,HTR1A
OPROZOMIB,PSMD2
LINSITINIB,IGF1R
ACETAMINOPHEN,PTGS1
INDACATEROL,CHRM1
RECOMBINANT HUMAN CHORIONIC GONADOTROPIN,LHCGR
SELICICLIB,CDK7
CRIZANLIZUMAB,SELP
CHEMBL:CHEMBL1997335,PAK4
SOBETIROME,THRB
SS1(DSFV)-PE38,EEF2
SUNITINIB,PDGFRB
TAMSULOSIN HYDROCHLORIDE,ADRA1D
TEZAMPANEL,GRIK2
TOLTERODINE,CHRM3
TRODUSQUEMINE,PTPN1
VX-765,CASP1
XL019,JAK2
ZANOLIMUMAB,CD4
YKP-1358,HTR2A
YKP-1358,DRD2
PEFICITINIB,JAK3
ZOLEDRONIC ACID ANHYDROUS,FDPS
ADINAZOLAM,GABRA1
ALENDRONATE SODIUM,FDPS
ASTEMIZOLE,HRH1
BETHANIDINE,ADRA2A
CINOLAZEPAM,GABRA3
CHLOROTRIANISENE,ESR1
PHENPROCOUMON,VKORC1
PRIMIDONE,GRIK2
PRIMIDONE,CHRNA4
PRIMIDONE,GABRA3
SEVOFLURANE,GRIA1
SEVOFLURANE,KCNA1
TALBUTAL,GRIK2
TALBUTAL,CHRNA4
TALBUTAL,GABRA3
FOMEPIZOLE,ADH1C
OCTOTROPINE METHYLBROMIDE,CHRM1
ARIPIPRAZOLE LAUROXIL,DRD2
ASTEMIZOLE,HRH1
ATROPINE,CHRM2
BROMFENAC,PTGS1
CLONAZEPAM,GABRA3
CHEMBL:CHEMBL1997335,PDGFRA
COAGULATION FACTOR IX,F10
CLOZAPINE,HRH1
DIHYDROTACHYSTEROL,VDR
INTERFERON ALFACON-1,IFNAR1
ARGIPRESSIN,OXT
INTERFERON ALFA-N1,IFNAR2
MEFENAMIC ACID,PTGS1
METHARBITAL,CHRNA7
LONIDAMINE,EHMT2
NADOLOL,ADRB1
ACETAMINOPHEN,PTGS1
PAMIDRONATE,FDPS
PHENPROCOUMON,VKORC1
PHENYLPROPANOLAMINE,ADRA2A
PRAMIPEXOLE,DRD3
SALSALATE,PTGS2
SOLIFENACIN,CHRM1
TAZAROTENE,RARG
TESTOLACTONE,CYP19A1
THIORIDAZINE,DRD2
TRETINOIN,RARG
TRIHEXYPHENIDYL,CHRM1
BEVACIZUMAB-AWWB,VEGFA
ZOLPIDEM TARTRATE,GABRA1
ERTEBEREL,ESR2
ABRILUMAB,ITGA4
FPA144,FGF2
PLAMOTAMAB,MS4A1
XENTUZUMAB,IGF1
CHEMBL:CHEMBL601364,MTOR
ONFEKAFUSP ALFA,FN1
ME-344,MTOR
IZORLISIB,PIK3CG
MARZEPTACOG ALFA (ACTIVATED),F7
DACOMITINIB ANHYDROUS,EGFR
EPIDERMAL GROWTH FACTOR,EGFR
NUCLEOLIN ANTAGONIST IPP-204106N,NCL
ELPETRIGINE,SLC25A20
TLR9 AGONIST SD-101,TLR9
DESIRUDIN,F2
LADUVIGLUSIB,MAPK1
ETHINAMATE,CA2
BUNTANETAP,ACHE
ODIPARCIL,F2
YKP-1358,DRD2
YKP-1358,HTR2A
NARINGENIN,ESR2
OXANDROLONE,AR
DEXEFAROXAN,ADORA2A
SIVELESTAT SODIUM,ELANE
LAPULEUCEL-T,ERBB2
E913,CCR5
DIVALPROEX SODIUM,ABAT
MEPROBAMATE,GABRA1
ESLICARBAZEPINE,XK
SALMETEROL,ADRB2
ISOQUINE,CYP2D6
PHENYTOIN SODIUM,XK
EPIGALLOCATECHIN GALLATE,MMP2
BUPARLISIB,PIK3CA
MK-8245,SCD
GEMOGENOVATUCEL-T,CSF2
FAMITINIB,PDGFRB
OPICAPONE,COMT
FAMITINIB,KDR
RIBOCICLIB,CDK4
RIBOCICLIB,CDK6
RESMETIROM,THRB
SIPONIMOD,S1PR1
POLMACOXIB,PTGS2
DRL-17822,CETP
BLINATUMOMAB,CD19
IDELALISIB,PIK3CD
ONATASERTIB,MTOR
CETRELIMAB,PDCD1
BINTRAFUSP ALFA,PDCD1
PROGLUMIDE,CCKAR
CENISERTIB,CDC7
SARUPLASE,PLAU
ROLIPRAM,PDE4B
BESIPIRDINE,ADRA1A
"16,16-DIMETHYL-PGE2",PTGER2
METHSCOPOLAMINE,CHRM3
CRIZANLIZUMAB,SELP
ANTI-CD19 CAR T CELLS PREPARATION,CD19
ANTI-CD19 CAR T CELLS PREPARATION,CD19
ANTI-CD20 CAR T CELLS PREPARATION,CD19
LINIFANIB,NTRK2
CLORAZEPATE,TSPO
MASOPROCOL,ERBB2
TRIAMCINOLONE,NR3C1
TRIAZOLAM,TSPO
PUERARIN,HTR2C
ERBSTATIN,APEX1
LAPACHONE,SIRT1
ROMILKIMAB,IL4
COVA322,IL17A
BENTAZEPAM,GABRG3
CLONIDINE HYDROCHLORIDE,ADRA2A
ETODOLAC,PTGS2
FORASARTAN,AGTR1
FORMOTEROL FUMARATE,ADRB2
"IBUPROFEN, SODIUM SALT",PTGS2
FENOFIBRATE MICRONIZED,CYP1A2
LAPATINIB,ERBB2
INDIPLON,GABRA1
NAPROXEN SODIUM,PTGS2
TEMSIROLIMUS,MTOR
PODOFILOX,TUBB4A
AI-850,BCL2
EGANELISIB,PIK3CG
AUTO3,CD19
PAMIPARIB,PARP1
CHEMBL:CHEMBL118378,EHMT2
BMS-863233,CDC7
2-HYDROXYESTRADIOL,PLK1
ADH-1,CDH2
VESTIPITANT MESYLATE,TACR1
ALAGEBRIUM CHLORIDE,AGER
FLIBANSERIN,A1BG
RU 24969,A1BG
[3H]LY334370,A1BG
RIZATRIPTAN BENZOATE,A1BG
9-OH-RISPERIDONE,A1BG
SPIPERONE,A1BG
OMEPRAZOLE,MAPT
AVITRIPTAN,A2M
P-[18F]MPPF,A1BG
1-NAPHTHYLPIPERAZINE,A2M
PIZOTYLINE,A1BG
2-METHYL-5-HT,A2M
5-HYDROXYTRYPTAMINE,A2M
EMDT,A2MP1
ZOTEPINE,A2M
M-CHLOROPHENYLPIPERAZINE,A2MP1
[3H]5-HT,A2MP1
CHEMBL:CHEMBL528791,GMNN
DOI,HTR2C
CHEMBL:CHEMBL1546223,GMNN
5-HYDROXYTRYPTAMINE,HTR2C
GR 127935,HTR2C
SB 242084,HTR2C
5-HYDROXYTRYPTAMINE,NAT1
METERGOLINE,HTR2C
RISPERIDONE,HTR2C
LUZINDOLE,CYP1A2
EMDT,NAT2
RITANSERIN,NAT2
1-NAPHTHYLPIPERAZINE,SERPINA3
VORTIOXETINE HYDROBROMIDE,SERPINA3
RITANSERIN,SERPINA3
HONOKIOL,CREB1
SB 258719,SERPINA3
BOSUTINIB,ABL1
GNF-5,ABL1
REBASTINIB,ABL1
ZAK INHIBITOR 6P,ABL1
TOZASERTIB,ALK
JUGLONE,THRB
MIRANSERTIB,FKBP2
MIRANSERTIB,FKBP2
CRIDANIMOD,AR
DX600,ACE2
(R)-PIA,ABAT
MRS1191,ABAT
BITHIONOLATE SODIUM,ALOX15
NECA,ABCA1
CGS 21680,ABCA1
AB-MECA,ABCA1
NECA,ABCA1
PSB-11,ABCA1
DEPX,ABCA2
NECA,ABCA2
2-HEXYNYL-NECA,ABCA2
CGS 21680,ABCA2
[125I]ABOPX,ABCA2
CGP 12177,EHMT2
MRE 2029F20,ABCA2
MRS1191,ABCA2
MRS1220,ABCA2
[3H]DPCPX,ABCA2
CGS-12066,CYP1A2
AMG-900,EEF2
CEPHALORIDINE,APEX1
RO5101576,AMFR
COMPOUND 27 [PMID: 26938474],GRIA4
ZONISAMIDE,GAPDH
GALLIC ACID,GAPDH
CP55940,CNR2
CHEMBL:CHEMBL1224755,MAPT
DRONABINOL,CNR2
"L-759,656",CNR2
A-71378,CCKBR
"[125I]DTYR-GLY-[(NLE28,31)CCK-26-33",CCKBR
COMPOUND 29 [PMID: 31934767],DPYD
CRENOLANIB,DPYD
DIGOXIN,AR
(S)-ARN2508,CPT1B
"[125I]TYR0-CRF (HUMAN, RAT, MOUSE)",ALAS2
DAVALINTIDE,ACHE
CHEMBL:CHEMBL95704,FEN1
PP1,ELAVL1
[125I]CT (HUMAN),ACHE
CXCL12&EPSILON;,ACTG1
[125I]CXCL12&BETA; (HUMAN),ACTG1
COMPOUND 7 [PMID: 32302132],COX10
COMPOUND 7K [PMID: 23521020],DUSP1
RIPK1 INHIBITOR 22B,DUSP1
ETOPOSIDE,GBX2
SQ-27986,APOB
TYRPHOSTIN AG 555,EHMT2
PROCHLORPERAZINE,ALCAM
N-PROPYLNORAPOMORPHINE,ALCAM
(-)-N-PORPHYNORAPOMORPHINE,ABCD1
CHEMBL:CHEMBL586135,ATXN2
PIRIBEDIL,ABCD1
PIRIBEDIL,ALDH1A1
NAFADOTRIDE,ALDH1A1
(-)-N-PORPHYNORAPOMORPHINE,ALDH1A1
SODIUM SELENITE,JUN
ECTODYSPLASIN A1,EDAR
DDR1/2 INHIBITOR 5N,ATN1
COMPOUND 56 [PMID: 8568816],DXO
CHEMBL:CHEMBL525098,GMNN
ACALABRUTINIB,DXO
"C34 [ZHU ET AL., 2023]",DXO
CETUXIMAB,DXO
AH6809,APOC1
TG4-155,APOC1
ACALABRUTINIB,EN1
BMS-599626,EN1
TUXOBERTINIB,EN1
THIORIDAZINE,RAD52
CARBIMAZOLE,CYP1A2
TYRPHOSTIN AG 555,HPGD
HELENALIN,SMAD3
PHENAZOPYRIDINE HYDROCHLORIDE,NR1H4
CHEMBL:CHEMBL546797,ROCK1
NISOLDIPINE,EHMT2
DY131,BDKRB2
FLUMAZENIL,ARNT
PSAMMAPLIN A,HDAC3
ZOLPIDEM TARTRATE,ARNT
PSAMMAPLIN A,HDAC6
MEPIVACAINE HYDROCHLORIDE,CYP1A2
HUMAN GIP(3-30)NH2,ALPI
EXENATIDE,ALPL
WB4-24,ALPL
CHEMBL:CHEMBL584458,NFE2L2
LENOMORELIN,ALOX15
TEZAMPANEL ANHYDROUS,GRIA3
PSAMMAPLIN A,HDAC8
[3H]2-DEOXYGLUCOSE,SLC2A3
[3H]CGP39653,GRIN2A
HARMAN,CYP2D6
SB-242235,MAP4K4
HYDRAMETHYLNON,ESR1
CHEMBL:CHEMBL1412002,PLK1
AR244555,ADRA2A
PSORA-4,CYP1A2
D-TRYPTOPHAN,RGS4
ADENOPHOSTIN A,ITPR1
BERAPROST,APOC3
(&PLUSMN;)-EQUOL,BRCA2
JAK3 INHIBITOR 34,EPHB1
OFLOXACIN,BNIP3L
CEE321,EPHB1
PACRITINIB,EPHB1
DECERNOTINIB,EPHB2
ITACNOSERTIB,EPHB2
PF-956980,EPHB2
JAK3 INHIBITOR 34,EPHB2
INFIGRATINIB,DRD2
BMS-690514,DRD2
COMPOUND 19A [PMID: 30503936],DRD2
PEGDINETANIB,DRD2
PEXIDARTINIB,DRD2
VEGF RECEPTOR 2 KINASE INHIBITOR IV,DRD2
REGORAFENIB,DRD2
CROMAKALIM,KCNJ8
ERGTX-1,BAG1
RODATRISTAT,LTB4R
[1-BROMO-(3S)-HYDROX-4-(PALMITOYLOXY)BUTYL]PHOSPHATE,ACVRL1
PLUMBAGIN,GLI3
STK16-IN-1,ETFB
TORIN 1,ETFB
RIDAFOROLIMUS,ETFB
COMPOUND 82 [PMID: 21332118],ETFB
ALTIRATINIB,DRD4
EMIBETUZUMAB,DRD4
BIPHENYLINDANONE A,ANPEP
FLUTICASONE,NR3C2
NDPPC,CTNNB1
LOSMAPIMOD,CTNNB1
SB202190,CTNNB1
PH-797804,CTNNB1
COBIMETINIB,ERCC2
SL422,MMP16
SL422,DCTN1
TILUDRONIC ACID,DBT
UCM 549,ANK3
BUPRENORPHINE,APOF
&ALPHA;-CONOTOXIN PIA,ATF3
N/OFQ-NH2,APBA1
PEPTIDE III-BTD,APBA1
TCS-OX2-29,APBB1
TNP-ATP,ATP1A3
[33P]2MESADP,BIRC2
GLAXOSMITHKLINE COMPOUND 6I [PMID:18926700],APBB2
AP5A,APBB2
AZ2429,APOE
AC-55541,APOE
P2PAL18S,APOE
COMPOUND 52 [PMID: 28541707],F7
COMPOUND 82 [PMID: 21332118],F7
PP-121,F7
NEOLYMPHOSTIN A,F7
LENIOLISIB,F7
COMPOUND 28 [PMID: 30624936],F9
CHMFL-KIT-64,DPP4
BPR1R024,DPP4
COMPOUND 37 [PMID: 29193967],MAPK14
CHMFL-KIT-64,DPP6
MS023,PRMT1
BROXYQUINOLINE,TP53
CGP53353,CTAA1
ZAK INHIBITOR 6P,RIPK2
PAEONOL,HPGD
"(5E)-1-(4-FLUOROPHENYL)-5-[(5-METHYLTHIOPHEN-2-YL)METHYLIDENE]-2-SULFANYLIDENE-1,3-DIAZINANE-4,6-DIONE",GP1BA
FLURBIPROFEN,PTGS2
TAZAROTENE,BCHE
ELEZANUMAB,GRM1
BMS493,BCHE
SORAFENIB,PTK2B
LINIFANIB,PTK2B
RELAXIN-3 (B CHAIN),APRT
XANTHOANGELOL B,GMNN
RLX-33,APRT
DC591053,KLK3
[125I]INSL5 (HUMAN),KLK3
ANALOGUE 13: B7-24,KLK3
OMEPRAZOLE,EHMT2
GARCINONE E,SMAD3
JNJ-7706621,MAPK8
BULEVIRTIDE,CD40LG
CGP-37157,CEBPA
DITHIAZANINE,USP1
[125I]CGP 23996,FAS
"L-797,591",FAS
VAPREOTIDE,FASLG
[L-TYR8]CYN 154806,AQP1
SMD-3040,GLO1
RK-287107,HLA-DMB
CHEMBL:CHEMBL597035,MAPK1
AGATOLIMOD,DNM1
TIRATRICOL,THRB
SB-431542,DNMT3A
2-APB,ATP2B3
TOFACITINIB,STAT5A
COMPOUND 8B [PMID: 22408719],TSHR
GSK3527497,TRPV6
PEFICITINIB,TYK2
CEE321,TYK2
CHEMBL:CHEMBL1927048,BMP2
MOMELOTINIB,TYK2
JAK3 INHIBITOR 34,TYK2
COMPOUND R-16 [PMID: 21967808],FH
UROTENSIN II-RELATED PEPTIDE,UTS2R
D[D-PAL2]AVP,AR
NELIVAPTAN,AR
CHEMBL:CHEMBL306786,ABCB1
COMPOUND 25 [PMID: 17935989],FKBP1B
TYRPHOSTIN A9,CYP1A2
U73122,ALOX15
"(3Z)-N,N-DIMETHYL-2-OXO-3-(4,5,6,7-TETRAHYDRO-1H-INDOL-2-YLMETHYLIDENE)-2,3-DIHYDRO-1H-INDOLE-5-SULFONAMIDE",FKBP1AP3
SYK INHIBITOR II,FKBP1AP4
SIROLIMUS,MTOR
IMATINIB,PDGFB
STREPTONIGRIN,VDR
AGERAFENIB,RET
ANTI-C-MET MONOCLONAL ANTIBODY SAIT301,MET
PROPENTOFYLLINE,RGS4
LINIFANIB,MAPK14
DECITABINE,DNMT3A
FULVESTRANT,FGFR2
CLEMASTINE FUMARATE,ATXN2
FULVESTRANT,CDK6
DOCETAXEL ANHYDROUS,FGFR1
LINIFANIB,CSNK1D
ABIRATERONE ACETATE,AR
TETRAZOLIUM RED,SMAD3
BET INHIBITOR,FOXO1
P53/HDM2 INTERACTION INHIBITOR CGM097,ALK
REPOTRECTINIB,ALK
BRIGATINIB,ALK
TOLFENAMIC ACID,HPGD
BATOPROTAFIB,ALK
CYCLOPHOSPHAMIDE ANHYDROUS,ALK
RUCAPARIB,ATM
DURVALUMAB,ATM
PEGYLATED SN-38 CONJUGATE PLX038,ATM
DURVALUMAB,CD274
BALSTILIMAB,CD274
DOXORUBICIN LIPOSOME,CD274
IRINOTECAN HYDROCHLORIDE,CD274
PD-L1/IDO PEPTIDE VACCINE IO102-103,CD274
CYC-116,CDK1
IMATINIB,CTNNB1
DECITABINE,DNMT3A
BRIGATINIB,FGFR1
FULVESTRANT,FGFR2
PONATINIB,FGFR3
RESVERATROL,NPC1
TYRPHOSTIN AG 879,ALDH1A1
N-[2-(2-IODO-5-METHOXY-1H-INDOL-3-YL)ETHYL]ACETAMIDE,CYP2D6
PD98059,FGFR3
ASP5878,FGFR3
VITAMIN B2,USP1
AZD1208,JAK2
SORAFENIB,JAK1
TOFACITINIB,JAK2
ILGINATINIB,JAK2
CHEMBL:CHEMBL589258,PIK3CA
NU-7441,PIK3CA
SORAFENIB,RET
PRALSETINIB,RET
EXEMESTANE,STK11
BUPARLISIB,TP53
PIRTOBRUTINIB,TP53
CISPLATIN,TP53
MAGROLIMAB,TP53
LENALIDOMIDE,TP53
GDC-0425,TP53
CHK1 INHIBITOR GDC-0575,TP53
FULVESTRANT,TP53
PYRILAMINE,CYP2D6
ECONAZOLE NITRATE,AR
(RS)-ROSCOVITINE,DYRK1A
NAMODENOSON,ADORA3
REL-CISAPRIDE,CYP2D6
LINOLEIC ACID,ALOX15
HEROIN,COMT
ENTACAPONE,COMT
DIHYDROTACHYSTEROL,VDR
ST-1535,ABAT
AC-186,ESR2
"ESTROGENS, CONJUGATED (USP)",PTH
SONOLISIB,PIK3R1
EPINEPHRINE BITARTRATE,MAPT
CHEMBL:CHEMBL1489812,PLK1
LENALIDOMIDE,TNFSF11
HS665,ALDH1A1
GEFITINIB,DXO
CHEMBL:CHEMBL546597,ATXN2
GOSSYPETIN,NFKB1
ANTHRACYCLINE ANTINEOPLASTIC ANTIBIOTIC,BRCA1
ACETAMINOPHEN,PTGS1
ESTRADIOL VALERATE,SLC2A4
METFORMIN,PRKAB2
ETHINYL ESTRADIOL,CYP2B6
RUPATADINE,HRH1
CHEMBL:CHEMBL1451216,EHMT2
CITALOPRAM,EHMT2
PIMOZIDE,AR
PURPUROGALLIN,CASP7
AMARANTH,USP1
ASPIRIN,ABCC1
SERTRALINE HYDROCHLORIDE,ATXN2
VINCRISTINE,STIM1
NIFEDIPINE,HSD17B10
TILSOTOLIMOD SODIUM,TLR9
MP-412,ERBB2
U73122,ALDH1A1
NEUROMEDIN B,ACAT1
SEVOFLURANE,GABRA1
THIOCOLCHICOSIDE,GABRA1
CINNAMIC ALDEHYDE,ALDH1A1
TELISOTUZUMAB,MET
SR2640,KAT2A
NORTRIPTYLINE,DRD1
CYCLOSPORINE,ERCC1
ANTI-THYMOCYTE GLOBULIN,ITGAL
NINGETINIB,DRD4
ACACETIN,RELA
CHEMBL:CHEMBL591864,KMT2A
(+)-HA966,GRIN2B
CHEMBL:CHEMBL493863,ATXN2
EVEROLIMUS,ESR1
CARICOTAMIDE/TRETAZICAR,NQO2
EXAMORELIN,ALOX15
TOZASERTIB,RET
PRIMIDONE,GABRA3
LUTEOLIN,WRN
BELUMOSUDIL,DYRK1A
BUPARLISIB,CDKN2A
TARLOXOTINIB,ERBB3
SIBUTRAMINE HYDROCHLORIDE,TSHR
LISDEXAMFETAMINE DIMESYLATE,SLC6A3
LITHIUM,MYC
CALCITONIN,CALCR
[125I]CCL3 (HUMAN),ACTA1
EPIGALLOCATECHIN,BRCA2
LUTEOLIN,SMN1
PYRONIN Y,FEN1
CYSTEAMINE HYDROCHLORIDE,EHMT2
CILOFEXOR,NR1H4
GUTTIFERONE K,STAT1
ASCIMINIB HYDROCHLORIDE,BCR
BMS-345541,CSNK1D
THIABENDAZOLE,BRCA1
ENRASENTAN,EDNRB
CHLOROXINE,GMNN
ETHYL ANTHRANILATE,HSD17B10
TYROSINE KINASE INHIBITOR,GFAP
"SN-1,2-DIDECANOYLGLYCEROL",PRL
ATALUREN,RPS27A
GERALDOL,HSD17B10
LAUROGUADINE,PRKCG
METHOTREXATE,ERCC2
CHEMBL:CHEMBL563777,CDC42
KETOTIFEN FUMARATE,DRD1
TELMISARTAN,USP1
CELECOXIB,GHRL
ZANDATRIGINE,SCN8A
CROMOGLYCATE,CYP1A2
RAVOXERTINIB,MAPK1
MINAPRINE HYDROCHLORIDE,MAOA
SORAFENIB,JAK3
SP-600125,ROCK1
DOVITINIB,FGFR3
PEMETREXED DISODIUM,VEGFA
ENTINOSTAT,HDAC6
CHEMBL:CHEMBL600334,MTOR
PRRP-20,APOA4
EUFLAVINE,BRCA1
NERATINIB,ESR1
CYCLOSPORINE,ITGAL
6BIO,ALOX5
LONTUCIREV,TP53
ALDESLEUKIN,FYN
COBALAMIN,MAOB
TAK-653,GRIA2
CAPSAICIN,CYP1A2
FENTANYL CITRATE,CYP1A2
VILDAGLIPTIN,DPP4
CRENOLANIB,PDGFRA
CONTEZOLID ACEFOSAMIL,RPSA
DAUNORUBICIN HYDROCHLORIDE,RXRA
PF-04634817,CCR2
NALED,PPARG
CARNOSIC ACID,MAPT
PALBOCICLIB,PRKAA1
CHEMBL:CHEMBL585591,HTT
CARBAMAZEPINE,MICA
MADOLIN A,MAPK1
INDACATEROL,ADRB2
DI-LEU16-IL2,MS4A1
DAUNORUBICIN HYDROCHLORIDE,ERG
"PHOSPHATIDYL (3,5) INOSITOL BISPHOSPHATE",ALDH7A1
TYRPHOSTIN AG 835,CYP1A2
CHEMBL:CHEMBL1481974,HSD17B10
CHEMBL:CHEMBL84281,PLK1
BETAMETHASONE VALERATE,NR3C1
DYCLONINE,ALDH1A1
CHEMBL:CHEMBL17201,MAPT
MOXONIDINE,AOC1
CHEMBL:CHEMBL1451216,THRB
EPALRESTAT,MAPT
NIVOLUMAB,PDCD1
VK-2809,THRB
MIDOSTAURIN,PRKCQ
PERGOLIDE MESYLATE,DRD3
BROMOENOL LACTONE,VDR
CETUXIMAB,BDNF
PROPYLTHIOURACIL,TNF
DILAZEP,NFE2L2
MECAMYLAMINE,CYP2D6
ANTITHROMBIN ALFA,F10
AMIFAMPRIDINE,KCND3
AEE788,DXO
BITHIONOLATE SODIUM,VDR
CHEMBL:CHEMBL595816,ABCB1
TOBRAMYCIN,RPSA
SIPONIMOD,S1PR1
CHEMBL:CHEMBL525826,SMAD3
MASITINIB,PDGFRA
ZUCLOPENTHIXOL,DRD1
TROGLITAZONE,CCND1
HYDROGEN PEROXIDE,GFAP
DEXTROMETHORPHAN POLISTIREX,TBX21
BIVALIRUDIN,F2
TYRPHOSTIN 47,APEX1
PYRONIN Y,EHMT2
SULFASALAZINE,MAPT
GOSSYPETIN,NFKB2
CHLOROXINE,HTT
CHEMBL:CHEMBL578512,SMAD3
"2,3,4,4'-TETRAMETHOXYBIPHENYL",GMNN
ALL-TRANS-RETINAL,AR
NVP-TAE684,PLK1
CHEMBL:CHEMBL607140,GMNN
PEMETREXED DISODIUM,MTHFR
GROSHEIMIN,GMNN
TRAIL,BCL2
JWH015,CYP1A2
FENOTEROL HBR,ADRB2
AZD-7624,MAPK14
PEFICITINIB,JAK3
DULIGOTUZUMAB,ERBB3
PHENOXYBENZAMINE,ALDH1A1
CHEMBL:CHEMBL580421,MAPT
CHF4227,ESR2
CGP53353,MAPT
PROTEASE INHIBITOR,GJA1
CHEMBL:CHEMBL585240,POLB
GIVINOSTAT,HDAC3
M-CHLOROPHENYLPIPERAZINE,HTR2C
PF-3758309,PAK4
WORTMANNIN,F5
THERAPEUTIC HORMONE,CTSL
MILTEFOSINE,ABCB1
CHEMBL:CHEMBL244707,HSD17B10
RN486,FBN1
MADOLIN A,MAPK3
APREMILAST,PDE4B
SOFALCONE,GMNN
COMPOUND 15 [PMID: 35034442],CHRNA3
NIDUFEXOR,NR1H4
ERDAFITINIB,PIK3CA
GLIQUIDONE,HSD17B10
SNDX-5613,KMT2A
CHIGLITAZAR,PPARA
PHENYLMERCURIC ACETATE,HTT
CHEMBL:CHEMBL528492,GMNN
SB-415286,CDK5
RABEPRAZOLE,KDR
CEPHALOCHROMIN,NFE2L2
OXIDOPAMINE HYDROCHLORIDE,FEN1
PF-04620110,GPI
TRIFAROTENE,RARG
MELEVODOPA,ARSA
BERKELEYAMIDE C,MMP3
CENISERTIB,FGFR1
RECOMBINANT TRANSFORMING GROWTH FACTOR-BETA 1,IGFBP5
(2S)-1-(1H-INDOL-3-YL)-3-{[5-(3-METHYL-1H-INDAZOL-5-YL)PYRIDIN-3-YL]OXY}PROPAN-2-AMINE,GMNN
SARIZOTAN,DRD2
"2,4-DIACETYLPHLOROGLUCINOL",TSHR
DACOMITINIB ANHYDROUS,EGFR
SELISISTAT,SIRT1
MEDROXYPROGESTERONE ACETATE,NFE2L2
SLAZINIC ACID,PIN1
CHEMBL:CHEMBL592124,PTBP1
COLCHICINE,NFE2L2
CARPHENAZINE MALEATE,HTR2C
T-KININ,ASIC1
JNJ40355003,CRMP1
TASIMELTEON,ANK3
KETOROLAC TROMETHAMINE,PTGS1
CHEMBL:CHEMBL578915,GMNN
RIVIPANSEL,SELL
MENADIONE SODIUM BISULPHITE,AR
ATRACURIUM,CHRNA3
SB-674042,APBB1
DASATINIB ANHYDROUS,PIK3CA
EPIGALLOCATECHIN GALLATE,ELANE
TETRACYCLINE,ABCB1
CHEMBL:CHEMBL580421,ALDH1A1
CLEMIZOLE,CYP1A2
MLN-8054,GRK5
ORPHENADRINE CITRATE,GRIN3A
MK-5108,EEF2
AZD5438,EIF4G1
LINIFANIB,RPS6KB1
TEMOZOLOMIDE,CDKN2A
ACP-001,GH1
LITHIUM,BDNF
1-AMINOCYCLOPROPANE CARBOXYLIC ACID,EHMT2
TARLOXOTINIB,EGFR
CONTELTINIB,ALK
MORICIZINE HYDROCHLORIDE,AR
CHLOROPHACINONE,AR
BUFOGENIN,GMNN
ARUNDINE,VDR
CHENODEOXYCHOLIC ACID,PLA2G1B
NMDA,TSHR
ALSTERPAULLONE,CDK1
AMUVATINIB,MET
ZONGERTINIB,DXO
PROADIFEN HYDROCHLORIDE,AR
DIACETYLRHEIN,IL1B
LAPATINIB,ERBB4
PF-562271,JAK3
ESLICARBAZEPINE,SCN8A
MITOXANTRONE,TP53
DOVITINIB,FYN
TRIPROLIDINE,HRH1
TOLFENAMIC ACID,EHMT2
DEXAMETHASONE,NR1I2
ENCLOMIPHENE CITRATE,ATXN2
VS-5584,ETFB
HYCANTHONE,HTT
ALPHA-NAPHTHOFLAVONE,TP53
ANTICONVULSANT AGENT,NT5E
DIETHYLCARBAMAZINE CITRATE,AR
CYC116,KDR
BURIXAFOR,CXCR4
EGFR/ERBB-2 INHIBITOR,DXO
VITAMIN K3,CYP2D6
DEXPROPRANOLOL,CD40LG
HYDROXYCHLOROQUINE SULFATE,TLR9
MERADIMATE,AR
METHYLEPHEDRINE,ALDH1A1
PINOSYLVIN METHYL ETHER,HSD17B10
4-CHLOROMERCURIBENZOIC ACID,POLB
IPA-3,RGS4
TOVETUMAB,PDGFRA
CARPHENAZINE,DRD2
AMBRISENTAN,EDNRA
CALYCOSIN,BRCA1
TETRABENAZINE,SLC18A2
NAPHAZOLINE,ABCB7
TELAVANCIN,CRHR1
CHEMBL:CHEMBL530361,TSHR
ARGIPRESSIN,DUSP1
CP-547632,FLT4
NS-398,CYP1A2
GLYCINE,CYP1A2
SIMVASTATIN,APOA5
PENICILLAMINE,CP
BMS-690514,EGFR
HYDROCORTISONE BUTYRATE,PTPRC
CHEMBL:CHEMBL1406948,CDK5R1
EMAPUNIL,TSPO
SP-600125,FGFR3
TRAMETINIB DIMETHYL SULFOXIDE,RET
NOREPINEPHRINE,ADRB2
BUSULFAN,BCR
CYCLOSPORINE,ITGAL
METFORMIN,IL1B
CHEMBL:CHEMBL601192,MAPT
ATALUREN,RPS3A
ESKETAMINE HYDROCHLORIDE,GRIN1
CEPHALOCHROMIN,GMNN
RESMETIROM,THRB
SALSALATE,PTGS2
BROMOCRIPTINE MESYLATE,NFE2L2
HYDROGEN PEROXIDE,SLC2A4
ANTIESTROGEN,STS
NELIVAPTAN,AR
BUTACLAMOL HYDROCHLORIDE,AR
RNR INHIBITOR COH29,APBB1
THEONELLASTEROL C,NR1I2
CHEMBL:CHEMBL591876,NFE2L2
BITHIONOL,RXRA
VIAGENPUMATUCEL-L,CD80
COAGULATION FACTOR IX,F10
IRINOTECAN HYDROCHLORIDE,TDP1
CHEMBL:CHEMBL1321401,BMP2
CHEMBL:CHEMBL156959,NFE2L2
CLOPIDOGREL,CD80
THIPHENAMIL,VDR
CHEMBL:CHEMBL67535,EHMT2
FUSARIC ACID,HIF1A
TROGLITAZONE,CXCL8
CHEMBL:CHEMBL118417,PPARA
CERDULATINIB,SYK
DICHLORVOS,NFE2L2
COMPOUND 66 [PMID: 19788238],DSG3
BMS COMPOUND 4C,APBB2
TETRANITROMETHANE,ALDH1A1
H2O2,ABCB1
CHEMBL:CHEMBL2094789,GMNN
THERAPEUTIC CORTICOSTEROID,TBX21
CYCLOCITRAL,OPN1LW
TANEZUMAB,NGF
BURAPITANT,TACR1
METHYLDOPA (RACEMIC),RGS4
DOMIPHEN BROMIDE,AR
DIPHENADIONE,USP1
ANTICOAGULANT AGENT,FST
IDAZOXAN HYDROCHLORIDE,GMNN
CHEMBL:CHEMBL578512,EHMT2
DOCONEXENT,ALDH1A1
ZOMEPIRAC SODIUM,GMNN
CINNAMIC ALDEHYDE,AR
RITUXIMAB,ERBB3
DORLIMOMAB ARITOX,RPL23A
BENZETHONIUM CHLORIDE,NFE2L2
CHEMBL:CHEMBL536166,EHMT2
CYCLOSPORINE,ANPEP
ALPELISIB,PIK3CA
TEMSIROLIMUS,MTOR
4-DAMP,EHMT2
PEMBROLIZUMAB,CD274
LAPATINIB,ERBB4
AM251,CYP2D6
CABOZANTINIB S-MALATE,HGF
CHEMBL:CHEMBL599896,PTH1R
SORAFENIB,VHL
CARBAMOYLCHOLINE,CHRM3
PILOCARPINE HYDROCHLORIDE,CHRM3
ACLIDINIUM BROMIDE,CHRM3
DAIDZEIN,HSD17B10
STREPTOKINASE,PLG
VORINOSTAT,HDAC1
VORINOSTAT,HDAC6
"PAROXETINE HYDROCHLORIDE, HEMIHYDRATE",SLC6A4
CARPHENAZINE MALEATE,HTR2A
ESTROPIPATE,ESR1
CARMUSTINE,GSR
AMBRISENTAN,EDNRA
LOVASTATIN,HMGCR
MEMANTINE HYDROCHLORIDE,GRIN3B
CLONIDINE HYDROCHLORIDE,ADRA2A
ADENOSINE,ADORA3
MEFENAMIC ACID,PTGS1
DILTIAZEM HYDROCHLORIDE,CACNA1S
ALBUTEROL SULFATE,ADRB2
LEVALBUTEROL,ADRB2
FORMOTEROL FUMARATE,ADRB2
TERBUTALINE SULFATE,ADRB2
NELFINAVIR MESYLATE,ERVW-4
ATROPINE,CHRM2
DIGOXIN,ATP1A3
BEPRIDIL HYDROCHLORIDE,CACNG2
PHENAZOPYRIDINE HYDROCHLORIDE,SCN7A
PHENAZOPYRIDINE HYDROCHLORIDE,SCN9A
PHENAZOPYRIDINE HYDROCHLORIDE,SCN2A
RILUZOLE,SCN9A
RILUZOLE,SCN8A
PRIMIDONE,SCN2A
QUINIDINE GLUCONATE,SCN7A
DYCLONINE HYDROCHLORIDE,SCN7A
TOPIRAMATE,SCN8A
TOPIRAMATE,SCN9A
MERETHOXYLLINE PROCAINE,SCN9A
CARPHENAZINE MALEATE,DRD2
LOXAPINE HYDROCHLORIDE,DRD2
THIORIDAZINE,DRD3
THIORIDAZINE,DRD2
HALOPERIDOL DECANOATE,DRD3
DALFAMPRIDINE,KCNA1
DALFAMPRIDINE,KCND3
GUANIDINE HYDROCHLORIDE,KCNC3
IDELALISIB,PIK3CD
HYDROXYZINE PAMOATE,HRH1
IBCASERTIB,FLT4
CUDC-101,HDAC9
CM-082,PDGFRB
IBCASERTIB,KDR
OMIPALISIB,PIK3CA
GSK-1059615,PIK3CD
ALTIRATINIB,NTRK2
GSK-1059615,PIK3CG
RECILISIB,PIK3CB
ABROCITINIB,JAK1
PWT-33579,MTOR
PS-516895,MAPK14
XL-228,LYN
ZD-4190,KDR
TEDALINAB,CNR2
RXDX-103,CDC7
ULIXERTINIB,MAPK1
BUPARLISIB,PIK3CA
BMS-754807,INSR
CRENOLANIB,PDGFRB
DE-104,ROCK1
PELITINIB,EGFR
TALMAPIMOD,MAPK14
CANERTINIB DIHYDROCHLORIDE,ERBB4
MIDOSTAURIN,PDGFRB
MIDOSTAURIN,PRKCG
PRELADENANT,ADORA2A
DARUSENTAN,EDNRA
OSEMOZOTAN,HTR1A
SMC021,CALCR
GEVOKIZUMAB,IL1B
GABOXADOL,GABRA3
SAGOPILONE,TUBA4A
ZONAMPANEL,GRIA2
MATUZUMAB,EGFR
PLACULUMAB,TNF
RG-1512,SELP
BENZIODARONE,CALM1
CLOMETACIN,PTGS2
MOXISYLYTE,ADRA1D
MOXISYLYTE,ADRA2A
PROGLUMIDE,CCKAR
XIMELAGATRAN,F2
TNX-650,IL13
BC8 131I,PTPRC
ALCURONIUM,CHRM2
CANRENOATE POTASSIUM,NR3C2
DIBENZEPIN,HRH1
DICHLOROBENZYL ALCOHOL,SCN8A
MINAPRINE HYDROCHLORIDE,DRD2
DORLIMOMAB ARITOX,RPS3A
GLESATINIB,MST1R
AMIFAMPRIDINE,KCNC3
TELINAVIR,ERVW-4
EPHEDRINE,ADRB2
CYCLOHEXIMIDE,RPSA
CYCLOHEXIMIDE,RPL5
CYCLOHEXIMIDE,RPS27A
ALFLUTINIB,EGFR
LERCANIDIPINE HYDROCHLORIDE,CACNA1S
ATALUREN,RPSA
ATALUREN,RPL5
TAK-653,GRIA1
DISTIGMINE,ACHE
ALVESPIMYCIN,HSP90AA1
ITEPEKIMAB,IL33
PAMIPARIB,PARP1
FUTIBATINIB,FGFR1
PF-4191834,ALOX5
ASUNERCEPT,FASLG
PACMILIMAB,CD274
EDIFOLIGIDE SODIUM,E2F1
APG115,TP53
RUSERONTINIB,EGFR
IMALUMAB,MIF
GLEMBATUMUMAB VEDOTIN,TUBA4A
BMS-741672,CCR2
CHIGLITAZAR,PPARG
PF-04991532,GCK
EPHEDRINE HYDROCHLORIDE,ADRA1A
EPHEDRINE HYDROCHLORIDE,ADRB2
LORNOXICAM,PTGS1
BIVATUZUMAB MERTANSINE,TUBA4A
ONZIGOLIDE,DRD2
PIMIVALIMAB,PDCD1
ARX-788,TUBB4A
XYLOMETAZOLINE,ADRA1D
TECHNETIUM TC 99M SUCCIMER,A2M
NIRAPARIB,ATM
VELIPARIB,BRCA1
LAPATINIB,ERBB2
XL765,PIK3CA
DOCETAXEL ANHYDROUS,TLE3
TEMSIROLIMUS,PTEN
AFURESERTIB HYDROCHLORIDE,AKT1
MM-121,ERBB3
REFAMETINIB,MAP2K2
BEVACIZUMAB-AWWB,VEGFA
MIRDAMETINIB,MAP2K1
ZIPRASIDONE,AR
MULBERROFURAN H,RELA
SULFORAPHANE,NQO1
PHENYLMERCURIC ACETATE,HPGD
2-NITROFLUORENE,NFE2L2
CHEMBL:CHEMBL572346,GRM4
BRILLIANT GREEN OXALATE,USP1
CHEMBL:CHEMBL528647,NFE2L2
PHENYLMERCURIC ACETATE,ALOX15
SLAZINIC ACID,POLB
"3,4-DIDESMETHYL-5-DESHYDROXY-3'-ETHOXYSCLEROIN",HPGD
TRANYLCYPROMINE,CYP1A2
HYPERICIN,THRB
DYCLONINE,EHMT2
CHEMBL:CHEMBL1287867,NQO1
PURPUROGALLIN,GAPDH
DITHIOLETHIONE,ALDH1A1
AHPN,TP53
CHEMBL:CHEMBL67535,FEN1
DISULFIRAM,CYP1A2
5-(N-METHYL-N-ISOBUTYL)AMILORIDE,CYP1A2
SB220025,CSNK1D
ACETOCHLOR,ALDH1A1
OXABOLONE CIPIONATE,AR
NALBUPHINE HYDROCHLORIDE,CYP2D6
LANSOPRAZOLE,NPC1
NVP-TAE684,MAPK8
CHEMBL:CHEMBL1287867,NQO2
CORDYCEPIN,ADA
PP2,FYN
CIGLITAZONE,USP1
DIFENOCONAZOLE,PPARD
PD-0166285,SYK
ANISINDIONE,SMN1
TRICLABENDAZOLE,HSP90AA1
VERMISTATIN,CASP1
XCT790,EHMT2
ALPHA-NAPHTHOFLAVONE,HSD17B10
CHEMBL:CHEMBL578512,CASP1
MERADIMATE,GMNN
CISPLATIN,NFE2L2
ACITRETIN,VDR
GIGANTOL,AKT1
SOTRASTAURIN,CDK5
MLN-8054,KDR
ORTHO-PHTHALALDEHYDE,VDR
CHEMBL:CHEMBL225513,HPGD
NVP-TAE684,ROCK1
CURCUMIN,EGFR
CHEMBL:CHEMBL203365,ABCB1
DITHIAZANINE IODIDE,ATM
NORFLOXACIN,EHMT2
CGS 21680,DRD1
HOMIDIUM BROMIDE,HSD17B10
QUINALIZARIN,USP1
CHEMBL:CHEMBL300389,SMAD3
METHOXYCHLOR,ALDH1A1
PHANQUONE,AR
CHEMBL:CHEMBL505670,CASP6
FENOLDOPAM MESYLATE,DRD1
GRISEOFULVIN,HSD17B10
CHEMBL:CHEMBL512307,GLI1
PD-0166285,RET
CHEMBL:CHEMBL1543865,SMAD3
VALPROIC ACID,HDAC4
ISOXABEN,PPARD
WORTMANNIN,NFE2L2
SC-560,CYP1A2
ALSTERPAULLONE,CSNK1D
CATECHOL,ESR1
CHEMBL:CHEMBL588859,CYP1A2
"L-162,313",CYP1A2
OCTABENZONE,NFE2L2
PURPUROGALLIN,ALDH1A1
CHLORACYZINE,VDR
ACACETIN,HIF1A
ANDROGRAPHOLIDE,AKT1
AG 490,GMNN
SUMATRIPTAN,AQP4
CHEMBL:CHEMBL2094456,EHMT2
CANAVANINE,EHMT2
LICOAGRONE,PTPN1
METHYLPREDNISOLONE,AR
CHEMBL:CHEMBL578741,FEN1
PURPUROGALLIN,EHMT2
EPIRIZOLE,CYP1A2
DICHLORODIMETHYLSTANNANE,NFE2L2
CHEMBL:CHEMBL59150,ALDH1A1
CHEMBL:CHEMBL1256719,VDR
XCT790,RGS4
GSK-269962A,PRKCG
CHEMBL:CHEMBL533954,FEN1
ISOTHYMONIN,GAA
CALMIDAZOLIUM CHLORIDE,EHMT2
CHEMBL:CHEMBL577662,NFE2L2
SP-600125,GSK3B
BMS493,RARG
RHEIN,EHMT2
CHEMBL:CHEMBL154580,ALDH1A1
LANSOPRAZOLE,MAPT
CHEMBL:CHEMBL585654,PLK1
CHEMBL:CHEMBL1214407,TP53
LAUROGUADINE,MAPKAPK2
BENZETHONIUM CHLORIDE,USP1
BIFEMELANE,CYP1A2
CENISERTIB,PRKACA
PAZOPANIB,CSF1R
(2S)-1-(1H-INDOL-3-YL)-3-{[5-(3-METHYL-1H-INDAZOL-5-YL)PYRIDIN-3-YL]OXY}PROPAN-2-AMINE,AKT1
THIMEROSAL,ALDH1A1
CONGO RED,VDR
CHLOROQUINE-PYROLIDINYL,RAD54L
DECYNIUM 22,SMAD3
IPRONIAZID,CYP2D6
LUTEOLIN,SMN2
SULFOBROMOPHTHALEIN,USP1
TRETAZICAR,NFE2L2
PYRANTEL PAMOATE,USP1
CETYLPYRIDINIUM CHLORIDE,CASP2
TAZAROTENE,NFE2L2
JAK3 INHIBITOR II,JAK2
4-CHLOROMERCURIBENZOIC ACID,CYP2D6
ETHAMSYLATE,EHMT2
DIHYDROCAPSAICIN,CYP1A2
CHEMBL:CHEMBL565893,EHMT2
CHEMBL:CHEMBL505670,SNCA
CHEMBL:CHEMBL505670,GAPDH
BENZAMIL,CYP2D6
ETHYLISOPROPYLAMILORIDE,CYP1A2
TRICLABENDAZOLE,MAPT
HYDRALAZINE,SMN2
FIDUXOSIN HYDROCHLORIDE,ACP1
THIMEROSAL,TP53
CHEMBL:CHEMBL533226,HSP90AA1
METOLACHOR,NFE2L2
SPIRUCHOSTATIN C,HDAC4
CHEMBL:CHEMBL582073,NFE2L2
CHEMBL:CHEMBL398765,SMN2
CLOROPHENE,AR
PENTAMIDINE ISETHIONATE,POLB
CHEMBL:CHEMBL1489812,VDR
VITAMIN K3,PPARD
ECONAZOLE NITRATE,NPY2R
APOMORPHINE HYDROCHLORIDE HEMIHYDRATE,MAPT
CHEMBL:CHEMBL546170,CASP3
CHEMBL:CHEMBL1994034,GMNN
CHEMBL:CHEMBL600315,GMNN
DIETHYLSTILBESTROL,AR
CHEMBL:CHEMBL589711,NFE2L2
OMEGA-CHLOROACETOPHENONE,ALDH1A1
CHEMBL:CHEMBL1445650,TARDBP
TRICLOCARBAN,NLRP3
DISULFIRAM,MTOR
PYRONIN Y,APEX1
CATECHOL,MTOR
CHEMBL:CHEMBL124006,POLB
DOVITINIB,SRC
CHEMBL:CHEMBL584442,NR2F2
CURCUMIN,PTGES
ENDOSULFAN SULFATE,AR
CHLOROQUINE,CYP1A2
TELITHROMYCIN,AR
ASPIRIN,CYP2D6
CHEMBL:CHEMBL220845,NFE2L2
CHEMBL:CHEMBL527584,KMT2A
CHEMBL:CHEMBL585656,MAPT
PIPERACETAZINE,CYP1A2
CHEMBL:CHEMBL259820,NR3C1
TYRPHOSTIN 47,MAPT
TYRPHOSTIN 47,CYP1A2
EUFLAVINE,VDR
CHEMBL:CHEMBL494668,RAD54L
TRIBUTYLCHLOROSTANNANE,NFE2L2
DIPYRITHIONE,EHMT2
CHEMBL:CHEMBL596633,RAD52
CHEMBL:CHEMBL585240,NFE2L2
AZELASTINE HYDROCHLORIDE,JUN
PALBOCICLIB,DYRK1A
CATECHIN,F2
DYCLONINE,CYP1A2
FASUDIL HYDROCHLORIDE,HTT
SALUBRINAL,EHMT2
CHEMBL:CHEMBL238624,HSD17B10
METHIOCARB,ESR1
CHEMBL:CHEMBL1099140,AR
SIBUTRAMINE HYDROCHLORIDE,ALOX15
BMS493,RARA
CISPLATIN,ALDH1A1
CHEMBL:CHEMBL607309,HTT
NIMESULIDE,CYP2D6
CEFDINIR,SUMO1
CHEMBL:CHEMBL581574,NFE2L2
BOLDINE,HSD17B10
ENOXOLONE,PPARG
CHEMBL:CHEMBL529741,EHMT2
GLYCINE,CYP2D6
SB-415286,POLB
LAUROGUADINE,PRKCD
ISOSPAGLUMIC ACID,TDP1
FLUDARABINE,SMAD3
SP-600125,CDK1
ZK-93423,MAPT
(S)-MEXILETINE,CYP1A2
CALCIMYCIN,KAT2A
DITHIAZANINE IODIDE,EHMT2
NVP-TAE684,JAK3
PD-0166285,PDGFRA
METHYLDOPA (RACEMIC),MAPT
TRICLOCARBAN,TP53
MEBENDAZOLE,CYP1A2
CHEMBL:CHEMBL532849,MAPK1
CHEMBL:CHEMBL1364172,GMNN
CRYPTOLEPINE HYDROCHLORIDE,MAPK14
CHEMBL:CHEMBL597246,EHMT2
CHEMBL:CHEMBL600173,EHMT2
LONCHOCARPIC ACID,USP1
BERBERINE CHLORIDE,ABCC8
HOMATROPINE HYDROBROMIDE,AR
DIPHENADIONE,NFE2L2
GLABRONE,PPARG
"3,4-DIHYDROXYPHENYLACETIC ACID",HSD17B10
CHEMBL:CHEMBL67535,PIN1
LAGASCATRIOL,NFE2L2
CLOROTEPINE,DRD1
PHENYLALANINE,ESR1
DOXORUBICIN HYDROCHLORIDE,APEX1
CHEMBL:CHEMBL375673,GAA
CHEMBL:CHEMBL228132,CYP1A2
PAZOPANIB,PDGFRA
CHEMBL:CHEMBL585502,NOD2
ASPIRIN,USP1
ALSTERPAULLONE,PRKCD
CHEMBL:CHEMBL585622,POLB
CHEMBL:CHEMBL177809,CYP1A2
PROPYL GALLATE,NFE2L2
CHEMBL:CHEMBL601764,HSD17B10
OUABAIN,NFE2L2
KETOTIFEN FUMARATE,CYP2D6
TRIBUTYLCHLOROSTANNANE,NR1H4
ARUNDINE,EHMT2
HYDROCOTARNINE,CYP2D6
BERGAMOTTIN,CYP2D6
CAPENSIN,EHMT2
TYRPHOSTIN 47,HIF1A
CHEMBL:CHEMBL592124,ALDH1A1
FIDUXOSIN HYDROCHLORIDE,EHMT2
CHEMBL:CHEMBL579045,HSD17B10
MK-886,POLB
FLUPHENAZINE HYDROCHLORIDE,TP53
SEMAGACESTAT,PSEN2
LEVONORDEFRIN,HIF1A
MEFENAMIC ACID,HIF1A
CEFIXIME ANHYDROUS,SIRT5
ASPIRIN,DRD1
SLAZINIC ACID,APBA1
CHEMBL:CHEMBL607309,HPGD
CHEMBL:CHEMBL1519374,GMNN
AG 112,CYP1A2
THUNBERGINOL A,GMNN
CHLOROTHALONIL,VDR
KRESOXIM-METHYL,TP53
CHEMBL:CHEMBL585656,NFE2L2
QUINALIZARIN,THRB
FOMOCAINE,GMNN
KLUGINE,HIF1A
FLUDIOXONIL,PPARG
2-BENZOYL-5-METHOXYBENZOQUINONE,HPGD
GSK-269962A,FLT4
CISPLATIN,APEX1
CHEMBL:CHEMBL1439833,HSP90AA1
CHEMBL:CHEMBL599712,VDR
OXAPIUM,KAT2A
CHEMBL:CHEMBL532504,FEN1
CHEMBL:CHEMBL1490332,GMNN
BENZYL NICOTINATE,EHMT2
CARBONYL CYANIDE M-CHLOROPHENYLHYDRAZONE,AR
MECYSTEINE HYDROCHLORIDE,MAPT
PILSICAINIDE,AR
NVP-TAE684,PKN2
"2,4-DIHYDROXYBENZOPHENONE",PLK1
OXYQUINOLINE,SMAD3
CHEMBL:CHEMBL1935538,TUBA4A
SP-600125,CSF1R
LEVONORDEFRIN,APEX1
XYLOMETAZOLINE,CYP2D6
PYRROLIDINE DITHIOCARBAMATE,RGS4
AMPIROXICAM,AR
CHEMBL:CHEMBL154580,TP53
CHEMBL:CHEMBL1442783,ALDH1A1
CHEMBL:CHEMBL118678,WRN
CHEMBL:CHEMBL1910971,PADI2
CLEBOPRIDE,CYP2D6
GLABROL,SMAD3
LAUROGUADINE,JAK2
THAPSIGARGIN,MTOR
PD-0166285,PDGFRB
CUCURBITACIN B,ATXN2
CHEMBL:CHEMBL153505,BRCA1
DIFLORASONE DIACETATE,AR
CHEMBL:CHEMBL579742,FEN1
MERCURIC CHLORIDE,VDR
BENSERAZIDE HYDROCHLORIDE,ALDH1A1
ECONAZOLE NITRATE,MAPK1
TESTOLACTONE,AR
TRIPHENYLSTANNYL ACETATE,AR
CHEMBL:CHEMBL578512,HSP90AA1
DINOSEB,NFE2L2
PHENETHYL PHENYLCARBAMATE,TARDBP
CHEMBL:CHEMBL585769,SMN1
HOECHST 33258,HSD17B10
CHEMBL:CHEMBL584452,POLB
MERCURIC CHLORIDE,MAPK1
TOXYLOXANTHONE C,HSP90AA1
CHEMBL:CHEMBL242171,MAPT
CHEMBL:CHEMBL305195,DRD1
CHEMBL:CHEMBL254156,SIRT1
CHEMBL:CHEMBL607309,ATXN2
BENZOCAINE,CYP1A2
PENTAMIDINE ISETHIONATE,AR
EPALRESTAT,VDR
AG 490,JAK2
LUTEOLIN,CYP1A2
DACINOSTAT,HDAC4
EMETINE HYDROCHLORIDE,SMAD3
CHEMBL:CHEMBL578512,HTT
IPA-3,VDR
CHEMBL:CHEMBL535331,SYK
RUBITECAN,AR
TRIADIMEFON,TARDBP
CHEMBL:CHEMBL166112,PPARG
ALSTERPAULLONE,PKN2
SEMUSTINE,BRCA1
QUINALIZARIN,BRCA1
CHEMBL:CHEMBL1492017,AGTR1
PROSTAGLANDIN A2,EHMT2
CATECHOL,HIF1A
CHEMBL:CHEMBL343002,MAPT
ACACETIN,CYP1A1
PYRONIN Y,PLK1
CHEMBL:CHEMBL378903,CASP3
2-BENZOYL-5-METHOXYBENZOQUINONE,VDR
DILTIAZEM HYDROCHLORIDE,EHMT2
LAWSONE,ALDH1A1
SLAZINIC ACID,APEX1
DISULFIRAM,PLK1
CALCIMYCIN,EHMT2
METFORMIN HYDROCHLORIDE,PRKAA2
CISPLATIN,HSD17B10
"LIPOIC ACID, ALPHA",NFE2L2
EPINEPHRINE BITARTRATE,TDP1
DAUNORUBICIN HYDROCHLORIDE,TP53
DOXORUBICIN HYDROCHLORIDE,SNCA
CHEMBL:CHEMBL1214407,BRCA1
CHEMBL:CHEMBL242172,HPGD
BOLDINE,CYP1A2
NVP-TAE684,CSF1R
PANOBINOSTAT,HDAC1
TPCK,VDR
DOXYCYCLINE ANHYDROUS,FEN1
CHEMBL:CHEMBL592838,RAD54L
DIBUTYLDICHLOROSTANNANE,PPARD
FAM-TRASTUZUMAB DERUXTECAN-NXKI,ERBB2
EVEROLIMUS,ERBB2
OLARATUMAB,PDGFRA
TESEVATINIB,ERBB2
OSI-027,MTOR
COPANLISIB,PIK3CG
LINIFANIB,PDGFRB
BUPARLISIB,PIK3R1
BUPARLISIB,PIK3CA
BUPARLISIB,PIK3C3
PICTILISIB,PIK3CB
PILARALISIB,PIK3CD
RABEPRAZOLE,FLT4
TESEVATINIB,FLT4
MIRDAMETINIB,MAP2K1
GEDATOLISIB,PIK3R4
GEDATOLISIB,MTOR
DACOMITINIB ANHYDROUS,ERBB3
ENDOSTATIN,VEGFA
CYCLOSPORINE,ABCB1
DOXORUBICIN HYDROCHLORIDE,ABCB1
PHENOBARBITAL,ABCB1
CAELYX,ABCB1
ETOPOSIDE,AFP
DOXORUBICIN HYDROCHLORIDE,AFP
RUTIN,AFP
RECOMBINANT TRANSFORMING GROWTH FACTOR-BETA 1,AGTR2
ANTISERUM,ALB
HYDROCORTISONE BUTYRATE,APOB
GANCICLOVIR,APOE
OXALIPLATIN,ATP7A
RNA POLYMERASE INHIBITOR,BDNF
PROPYLTHIOURACIL,BDNF
MONOAMINE OXIDASE INHIBITOR,BDNF
IL-12,BDNF
PARICALCITOL,BGLAP
LITHIUM,CAMK2G
DECITABINE,CDKN2D
GENISTEIN,CFTR
GLUTAMINE,COL18A1
ATORVASTATIN CALCIUM TRIHYDRATE,CXCL10
ENVIRONMENTAL ESTROGEN,CYP19A1
OPIATE,CYP19A1
NONSTEROIDAL ANTIINFLAMMATORY DRUG,CYP19A1
PROMETHAZINE HYDROCHLORIDE,CYP1A2
STREPTOZOCIN,CYP7B1
FADROZOLE,CYP7B1
PACLITAXEL,DDIT3
PENICILLAMINE,DDIT3
CURCUMIN,DDIT3
HYDROXYUREA,DUSP1
ALPROSTADIL,EDN1
ALDESLEUKIN,FCGR3A
TYROSINE KINASE INHIBITOR,FCER2
ALDESLEUKIN,FCGR3B
DISULFIRAM,GFAP
ATENOLOL,GJA1
EPINEPHRINE,GHRL
6-AMINONICOTINAMIDE,GPI
N-METHYLFORMAMIDE,GLO1
ANTITUBERCULAR AGENT,GSTM1
IFOSFAMIDE,GSTP1
ECHINACEA PREPARATION,IL1B
HYDROCORTISONE BUTYRATE,IL1B
GARLIC EXTRACT,IL2
ANTITUBERCULAR AGENT,IL2RA
INTERFERON BETA-1B,IL2
BRYOSTATIN,IL2RA
H2O2,ITGAL
THROMBIN,ITGA2B
MONOMETHYL FUMARATE,ITGAL
ENZYME INHIBITOR,ITGB2
PREDNISONE,ITGB2
PHENTOLAMINE,KCNJ11
HMG-COA REDUCTASE INHIBITOR,LDLR
DOXORUBICIN HYDROCHLORIDE,MAPK14
DOXORUBICIN HYDROCHLORIDE,MAPK14
H2O2,MAPK14
ALTRETAMINE,CYP1A2
INTERFERON BETA-1A,MBP
STREPTOZOCIN,MT1H
6-AMINONICOTINAMIDE,MT1H
RECOMBINANT TRANSFORMING GROWTH FACTOR-BETA 1,MXI1
PROTEIN PHOSPHATASE INHIBITOR,NFE2L2
SELICICLIB,CCND1
FGF-1,NFE2L2
THERAPEUTIC HORMONE,NPPC
K-252A,NPY
CAPSAICIN,PCNA
MILTEFOSINE,PIK3CA
ETOPOSIDE,PLA2G1B
SOMATROPIN (RECOMBINANT DNA ORIGIN),PLG
CHEMBL:CHEMBL583584,NFE2L2
ANTISERUM,PRL
ANTIVIRAL AGENT,PRL
ALPHA-ADRENERGIC ANTAGONIST,PRL
DIAZOXIDE,CYP2D6
PREDNISONE,PTPRC
CHEMBL:CHEMBL1412710,BACE1
IL-4,PTPN6
SORAFENIB,RET
NALOXONE HYDROCHLORIDE,RARA
STREPTOZOCIN,S100B
CHEMBL:CHEMBL222556,MAPK1
ENZYME INHIBITOR,SHBG
ARGIPRESSIN,SERPINE1
CHEMBL:CHEMBL1288253,NQO1
IRBESARTAN,SLC2A4
MIRTAZAPINE,SLC2A4
FLUOXETINE HYDROCHLORIDE,SLC6A4
RESVERATROL,SLC2A4
THERAPEUTIC HORMONE,SLC6A4
CYC-116,JAK2
GENISTEIN,SMAD3
LAVENDUSTIN A,SRC
ALTEPLASE,SPP1
STREPTOZOCIN,SST
LITHIUM,SST
MAPROTILINE,CYP2D6
TRIPTORELIN,STS
FAMOTIDINE,TAC1
BRL50481,ALOX15
COBALAMIN,TCN1
THERAPEUTIC HORMONE,TDO2
CHEMBL:CHEMBL1415258,GMNN
HYDROCORTISONE BUTYRATE,TGFB1
H2O2,TGFB1
CYC-116,PRKAA1
STREPTOZOCIN,TGFB1
RECOMBINANT INTERFERON,TH
IL-13,TLR3
LYSOZYME,THY1
TRAIL,XIAP
VANDETANIB,RET
H3B-8800,ZRSR2
CHEMBL:CHEMBL587772,ALDH1A1
DACOMITINIB ANHYDROUS,EGFR
MITOXANTRONE HYDROCHLORIDE,ATXN2
BEVACIZUMAB-AWWB,EDN1
EFLORNITHINE,MYCN
RITODRINE,PDE4B
SYMCLOSENE,EHMT2
SIMVASTATIN,LEPR
CHLORMIDAZOLE,AR
ZOLEDRONIC ACID ANHYDROUS,TNFRSF11B
ZOLEDRONIC ACID ANHYDROUS,FDPS
N-ARACHIDONYL-&GAMMA;-AMINOBUTYRIC ACID,VDR
ZOLEDRONIC ACID ANHYDROUS,TNFRSF11A
ZOLEDRONIC ACID ANHYDROUS,COL1A1
ZOLEDRONIC ACID ANHYDROUS,MMP2
TAMOXIFEN,F2
PACLITAXEL,ABCG2
CURCUMIN,ABCG2
GEDATOLISIB,MTOR
LEUCOVORIN CALCIUM,ABCG1
PEGINTERFERON ALFA-2B,IL18
PONATINIB,ABL2
ETHAMBUTOL HYDROCHLORIDE,TNF
PLATINUM,ERCC5
ANTIDEPRESSANT AGENT,ADRB1
PLATINUM,ABCB1
THERAPEUTIC CORTICOSTEROID,ABCB1
GRAMICIDIN,ABCB1
LEVETIRACETAM,ABCB1
CHEMBL:CHEMBL1997335,MET
TOPOTECAN HYDROCHLORIDE,ABCB1
EPIRUBICIN,IRS1
VITAMIN E,ABCB1
DIAZOXIDE,EHMT2
PEMETREXED DISODIUM,ALK
JUGLONE,KAT2A
PEMETREXED DISODIUM,DHFR
PEMETREXED DISODIUM,MTHFD1
PEMETREXED DISODIUM,XRCC1
THERAPEUTIC CORTICOSTEROID,KL
TRIMIPRAMINE,RGS4
CYCLOSPORINE,CTLA4
BIS(2-ETHYLHEXYL) PHTHALATE,ALDH1A1
FLUOXETINE / OLANZAPINE,CYP2D6
PEGINTERFERON ALFA-2B,EGFR
GEMFIBROZIL,ACE
RECOMBINANT INTERFERON,HLA-B
ACETAMINOPHEN,TLR4
ZIRAM,ESR1
NITROUS OXIDE,MTHFR
APIXABAN,APOB
CARFILZOMIB,VEGFA
VINCRISTINE,ABCC1
VINCRISTINE,ABL1
VINCRISTINE,CPT1A
VINCRISTINE,BMP7
VERNAKALANT,CYP2D6
N-OLEOYLDOPAMINE,TARDBP
IBRUTINIB,CYP2D6
MEXILETINE,CYP2D6
LEUCOVORIN CALCIUM,XRCC3
TOREMIFENE,CYP2D6
CETRIMONIUM BROMIDE,AR
AZATHIOPRINE,IL23R
THYROTROPIN ALFA,FSHR
METHIOCARB,NFE2L2
AZATHIOPRINE,HLA-DRB1
IRINOTECAN HYDROCHLORIDE,TGFB1
DISULFIRAM,MTHFR
THALIDOMIDE,SPG7
LEUCOVORIN CALCIUM,CSPG4
CHEMBL:CHEMBL601364,FEN1
CHEMBL:CHEMBL599957,PLK1
HPTE,AR
METHOTREXATE,TNFAIP3
METHOTREXATE,SOD2
METHOTREXATE,IGHMBP2
METHOTREXATE,KIR2DS4
AMOXICILLIN ANHYDROUS,GSTT1
DOCONEXENT,EHMT2
AMOXICILLIN ANHYDROUS,HLA-DRB5
LENIOLISIB,PIK3R1
CHEMBL:CHEMBL2333548,MAPK1
CHEMBL:CHEMBL602561,NPC1
N-PHENYLTHIOUREA,TYR
LEUCOVORIN CALCIUM,NOS3
CLOPIDOGREL,CYP2C18
DURVALUMAB,PDCD1
PEGINTERFERON ALFA-2B,HLA-C
CERLIPONASE ALFA,TPP1
PLATINUM,XRCC1
PLATINUM,SLC2A1
CYC-116,EGFR
PEGINTERFERON ALFA-2B,MICB
PEGINTERFERON ALFA-2A,MICB
ILOPERIDONE,NRG3
LOVASTATIN,CETP
ZIDOVUDINE,NME1
CAPIVASERTIB,ESR2
ESTRADIOL 3-BENZOATE,ATM
VANCOMYCIN,HLA-A
ROSIGLITAZONE MALEATE,PPARD
METAMIZOLE SODIUM,NAT2
BESTATIN METHYL ESTER,BIRC2
CHEMBL:CHEMBL580076,EHMT2
CHEMBL:CHEMBL1546228,HSP90AA1
BOSUTINIB,ABL1
ANTIDEPRESSANT AGENT,PON2
BMS-754807,NTRK2
PRIMAQUINE,CYP1A2
BOSUTINIB,BCR
TIROFIBAN,ITGB3
ALENDRONATE SODIUM,FDPS
VARGATEF,FGFR2
PIVALOYLOXYMETHYLBUTYRATE,HDAC8
AXITINIB,KDR
XL999,KDR
ARQ-621,KIF11
ARSENIC TRIOXIDE,CCND1
ARSENIC TRIOXIDE,JUN
ATECEGATRAN METOXIL,F2
LOXAPINE,HTR2A
FLUOXETINE HYDROCHLORIDE,SLC6A4
BELATACEPT,CD86
CARVEDILOL,ADRA1A
CHIR-265,RAF1
NAMODENOSON,ADORA3
FOMEPIZOLE,ADH1C
ASPIRIN,ADA
"PAROXETINE HYDROCHLORIDE, HEMIHYDRATE",SLC6A4
ETODOLAC,PTGS2
FENRETINIDE,RARA
FORODESINE,PNP
LIGANDROL,AR
MASITINIB,CSF1R
MASITINIB,ABL1
LY-517717,F10
GLESATINIB,MST1R
MIFEPRISTONE,NR3C1
MKC-1,IPO9
MPI-674,CYP19A1
NITRIC OXIDE-RELEASING ACETYLSALICYLIC ACID DERIVATIVE,PTGS2
NXN-188,NOS1
LERONLIMAB,CCR5
SAXAGLIPTIN ANHYDROUS,DPP4
SERTINDOLE,DRD2
TESETAXEL,BCL2
TOSITUMOMAB,MS4A1
CANFOSFAMIDE,GSTP1
CARPHENAZINE,DRD1
CLORAZEPATE,TSPO
CLOMIPRAMINE,SLC6A4
EMEDASTINE,HRH1
FLURAZEPAM,GABRA1
FLUSPIRILENE,DRD2
HYDROCORTAMATE,NR3C1
ISOFLURANE,GRIA1
LISDEXAMFETAMINE DIMESYLATE,SLC6A3
LISURIDE,DRD1
DRONABINOL,CNR1
METHARBITAL,GABRA1
METHARBITAL,CHRNA7
MESTRANOL,ESR1
METHARBITAL,GRIA2
METHARBITAL,GABRA3
TRIDIHEXETHYL,CHRM3
ZUCLOPENTHIXOL,DRD5
XIMELAGATRAN,F2
TRIPELENNAMINE,HRH1
DABIGATRAN,F2
DIPHEMANIL METHYLSULFATE,CHRM3
ENPROFYLLINE,PDE4B
ETODOLAC,PTGS2
GLYBURIDE,KCNJ11
FENOFIBRATE MICRONIZED,PPARA
FENOTEROL,ADRB2
FORASARTAN,AGTR1
FLUTICASONE,PLA2G4A
GLIMEPIRIDE,KCNJ11
SAPROPTERIN,NOS3
KETAMINE HYDROCHLORIDE,GRIN3A
KETOROLAC TROMETHAMINE,PTGS2
METHARBITAL,GRIA2
MESTRANOL,ESR1
IBUDILAST,CYP2D6
METHARBITAL,GABRA3
METHYLPREDNISOLONE,NR3C1
NOREPINEPHRINE,ADRA1A
TOZASERTIB,TYK2
MIMOSINE,EHMT2
OXYBUTYNIN,CHRM3
OXAZEPAM,GABRA1
OXAZEPAM,GABRA3
OXAPROZIN,PTGS2
OMEPRAZOLE,CYP1A2
5'-GUANIDINONALTRINDOLE,RGS4
PRECLAMOL HYDROCHLORIDE,DRD3
ZOLPIDEM TARTRATE,GABRA3
CRENIGACESTAT,NOTCH4
ALRIZOMADLIN,TP53
PERPHENAZINE,RAD52
BIVALENT BRD4 INHIBITOR AZD5153,BRD4
BOS172722,RPS27
CIFORADENANT,ADORA2A
AXATILIMAB,CSF1R
2X-121,PARP1
ANTI-EGFR/HER2/HER3 MONOCLONAL ANTIBODY MIXTURE SYM013,ERBB3
ANTI-EGFR/HER2/HER3 MONOCLONAL ANTIBODY MIXTURE SYM013,ERBB2
NXN-188,NOS1
GIVINOSTAT,HDAC9
JUGLONE,VDR
DELGOCITINIB,PTK2B
NADOLOL,ADRB1
GW843682X,PTK2
CGS-12066,EHMT2
CHEMBL:CHEMBL1795737,TUBB4A
CHEMBL:CHEMBL1795737,TUBA4A
DICHLOFENTHION,VDR
SQUALAMINE,PDGFA
CHEMBL:CHEMBL546797,FGFR1
HONOKIOL,RXRA
INSULIN SENSITIZER S-707106,INSR
VK-2809,THRB
BENZAMIL,HIF1A
QUARFLOXIN,NCL
ALBUTEROL SULFATE,ADRB2
FALNIDAMOL,EGFR
ICOFUNGIPEN,LINC00273
TRETINOIN,RARG
RUPATADINE,PTAFR
JNJ-7706621,ALK
AMODIAQUINE,HNMT
CHEMBL:CHEMBL261692,CDK5
ZANOLIMUMAB,CD4
AEE-788,FGFR3
MKC-1,CDK4
BMS-387032,DYRK1A
RUFINAMIDE,XK
RILOPIROX,ALOX5
FENOLDOPAM MESYLATE,DRD1
CERULETIDE,CCKBR
MIZOLASTINE,HRH1
ENTINOSTAT,HDAC1
CLOMIPRAMINE,SLC6A4
ESTRIOL,ESR1
LABETALOL,ADRA1D
CHEMBL:CHEMBL126804,MAPT
MILTEFOSINE,PLA2G1B
CYPROTERONE,AR
RIVICICLIB,CDK1
EFUNGUMAB,HSP90AA1
CEDIRANIB,PDGFRB
PF-3758309,PAK4
BITHIONOLATE SODIUM,CASP7
VELIMOGENE ALIPLASMID,HLA-B
MK-0752,GLUL
PINOCEMBRIN,CYP1B1
PF-232798,CCR5
HARMAN,CYP1A2
GEFITINIB,MAPT
GEMOGENOVATUCEL-T,TGFB2
RINTATOLIMOD,TLR3
TOMARALIMAB,TLR2
OLARATUMAB,PDGFRA
4-BENZYLOXYANILINE,EHMT2
CHLOPHEDIANOL,HRH1
ANTI-PD-1 MONOCLONAL ANTIBODY SYM021,PDCD1
RAMATROBAN,KMT2A
CARBIMAZOLE,TPO
THYMOCTONAN,IL2
SULFASALAZINE,ABCG2
PENTOLINIUM,CHRNA4
CENICRIVIROC,CCR2
FLORBETAPIR F-18,APP
IMMUNOTHERAPY REGIMEN MKC-1106-MT,TYR
VARLITINIB,ERBB2
LARGAZOLE,HDAC9
TRENONACOG ALFA,F9
ABAPERIDONE,HTR2A
ABAPERIDONE,DRD2
DIETHYLPROPION,SLC6A4
AXITINIB,KDR
CERTOPARIN SODIUM,F10
CYC-116,FRK
ESTROPIPATE,ESR1
PHENYLALANINE,TH
MOXISYLYTE,ADRA1D
KAEMPHEROL,NFKB1
RHUCIN,SERPING1
TEMOCAPRIL HYDROCHLORIDE,ACE
DOFETILIDE,AR
EVATANEPAG,PTGER2
EMIBETUZUMAB,MET
BRADANICLINE,CYP2E1
LUMINESPIB,HSP90AA1
TEPROTUMUMAB,IGF1R
FASUDIL,ROCK1
CP94253,A2M
CHEMBL:CHEMBL1576310,EHMT2
(R)-FLUROCARAZOLOL,A2M
OXIDOPAMINE HYDROCHLORIDE,PLK1
SPIRAMIDE,HTR2C
CHEMBL:CHEMBL546797,KDR
[3H]MESULERGINE,HTR2C
CISAPRIDE,NAT1
PIBOSEROD,NAT1
5-HYDROXYTRYPTAMINE,NAT2
ISOVELLERAL,ATXN2
EGIS-11150,SERPINA3
5-LOX ACTIVATING PROTEIN,CREB1
ZOTEPINE,SERPINA3
ITACNOSERTIB,DNM2
COMPOUND 13D [PMID: 23639540],DNM2
(+)-CYCLAZOSIN,ABCA4
PRAZOSIN,ABCA4
PIRIBEDIL,ABL1
PRAZOSIN,ABL1
RISPERIDONE,ABL1
NAPHAZOLINE,ABL1
TIZANIDINE HYDROCHLORIDE,AOC1
TOLAZOLINE,ABL1
GUANFACINE HYDROCHLORIDE,ABL2
PRAZOSIN,ABL2
MOXONIDINE,ABL2
EGIS-11150,ABL2
ATIPAMEZOLE,ABL2
DEXMEDETOMIDINE HYDROCHLORIDE,ABL2
CLONIDINE HYDROCHLORIDE,ABL2
BANTAG-1,ACAT1
BANTAG-1,ASIC2
LTB4,AMFR
COMPOUND 36 [PMID: 24000170],BRD3
COMPOUND 38 [PMID: 24000170],BRD3
B-9858,ASIC1
[125I][TYR8]BRADYKININ,BDKRB2
DF2593A,ACACB
C5A DES-ARG,ACACB
C089,ACACB
BM221,ACACB
CD2+,ATP6V1G2
COMPOUND 77 [PMID: 24793884],EGR3
SULFONAMIDE-01,CFTR
"CP-316,311",ALAS2
UROCORTIN 1,ALAS2
SB 215505,CYP1A2
THIOGUANINE,NFE2L2
PRAZEPAM,NFE2L2
BS-194,EIF4E
VORUCICLIB,EIF4EBP1
VORUCICLIB,CDK4
DINACICLIB,EIF4E
CDK2 INHIBITOR IV,EIF4E
CHEMBL:CHEMBL1576310,ATXN2
NSC 780521,GZMB
PEMETREXED DISODIUM,DHFR
AM404,HPGD
PROCHLORPERAZINE,ABCD1
QUINPIROLE,ALDH1A1
COMPOUND 3B [PMID: 23454515],EML1
COMPOUND 2-2C [PMID: 32003560],EML1
COMPOUND 66 [PMID: 19788238],ATN1
ETHYL CAFFEATE,TTR
MM-433593,CRMP1
ASP8477,CRMP1
RO3280,ENG
COMPOUND 1D [PMID: 21493067],DR1
PEXIDARTINIB,DRD1
COMPOUND 25C [PMID: 36649216],DRD3
U46619,APOC2
[3H]MUSCIMOL,GABRA1
&ALPHA;5IA,GABRA1
RO15-4513,GABRA1
FLUNITRAZEPAM,GABRA1
ZOLPIDEM TARTRATE,GABRA1
TMP269,MSTN
ACY-738,GART
PIMAGEDINE,NOS2
MIVAVOTINIB,DRD2
NINGETINIB,DRD2
PD-307243,BAD
ZORIFERTINIB,BAD
HMR-1556,AZF1
TAK-418,GEM
MNI-136,ANPEP
URMC-099,ERCC3
EG-1-230,APOF
MT-45,APOF
JNJ1930942,ATF4
&ALPHA;-CONOTOXIN IMI,ATF4
SR16835,APBA1
ESTROPIPATE,SLCO4A1
BMS COMPOUND 16 [PMID:23368907],APBB2
BN 50739,APLP2
[11C]GLYSAR,SLC15A2
"(3,5)-[19F]2-PHE-&PSI;-ALA",SLC15A2
LY-510929,CCND1
INDOMETHACIN,CCND1
COMPOUND 5 [PMID: 34779204],F3
NEOLYMPHOSTIN A,F5
COMPOUND 82 [PMID: 21332118],PIK3CB
VS-5584,F5
NEOLYMPHOSTIN A,PIK3CB
AZD-8186,F7
WORTMANNIN,F7
[PHE23]PTH-(1-34) (HUMAN),XIAP
M-2698,CXADR
DOTA/EU RELAXIN-3,APRT
[125I]RELAXIN-3-B/INSL5 A CHIMERA,APRT
IHMT-MST1-58,STK4
TALADEGIB,ALOX12
GA-DOTA-NOC,FASLG
CST-17,FASLG
[L-TYR8]CYN 154806,FASLG
"H-C[CYS-PHE-LAGL(N&BETA;ME,BENZOYL)-TRP-LYS-THR-PHE-CYS]-OH",AQP1
[125I]CGP 23996,AQP1
SORAFENIB,FGF2
TOLYACETYL-C[DCYS-APA-DTRP-ORN-VAL-CYS]-HIS-AMIDE,UTS2R
NILOTINIB,PDGFRB
ALPELISIB,PIK3CA
TALAZOPARIB,EGFR
PONATINIB,FGFR3
DABRAFENIB,MAP2K2
BOSUTINIB,ABL1
VANDETANIB,RET
ERDAFITINIB,FGFR3
ERDAFITINIB,FGFR2
CABOZANTINIB S-MALATE,RET
DULIGOTUZUMAB,ERBB3
PI3K/BET INHIBITOR LY294002,MTOR
NERATINIB,EGFR
TEMSIROLIMUS,PTEN
PHOSPHATIDYLINOSITIDE 3-KINASE INHIBITOR,PIK3CA
PLATINUM COMPOUND,ERBB2
CYPROTERONE ACETATE,AR
METFORMIN,IGF1R
DOCETAXEL ANHYDROUS,XRCC1
CENISERTIB,MST1R
VEMURAFENIB,MAP2K1
MTI-31,ALK
FULVESTRANT,ALK
BRIVANIB,FGFR3
DASATINIB ANHYDROUS,FGFR3
SSR128129E,FGFR3
TOFACITINIB,JAK3
RITLECITINIB,JAK3
IRINOTECAN HYDROCHLORIDE,MAP2K1
FADRACICLIB,KMT2A
DIGOXIGENIN,NFE2L2
CHEMBL:CHEMBL410484,HSD17B10
BUPARLISIB,PIK3CA
DOXORUBICIN LIPOSOME,PIK3CA
ZSTK474,PIK3CA
U0126,PIK3CA
PANULISIB,PIK3CA
PI3K INHIBITOR BGT226,PTEN
CHEMBL:CHEMBL263664,PTEN
AZD5991,PTEN
KU-60019,PTEN
VS-5584,PTEN
IMATINIB,PTEN
ERDAFITINIB,PTEN
LINIFANIB,ALK
DESFLURANE,GABRA3
LORAZEPAM,GABRG3
LORAZEPAM,GABRA1
METHYPRYLON,GABRG3
HALOTHANE,GABRG3
ALDESLEUKIN,IL2RB
AT-7519,CDK1
FINGOLIMOD HYDROCHLORIDE,S1PR1
PRIMIDONE,SCN8A
DYCLONINE HYDROCHLORIDE,SCN9A
GLIQUIDONE,KCNJ11
ORPHENADRINE CITRATE,SCN7A
LIDOCAINE,SCN9A
TAFAMIDIS MEGLUMINE,TTR
TRELAGLIPTIN SUCCINATE,DPP4
CHEMBL:CHEMBL84685,SMN2
OXYTETRACYCLINE ANHYDROUS,PLK1
PHENYLBUTYRYLHYDROXAMIC ACID,HDAC9
PHENYLBUTYRYLHYDROXAMIC ACID,HDAC4
TALAZOPARIB,PARP2
EPACADOSTAT,IDO1
CP55940,SMAD3
BAMINERCEPT ALFA,TNFSF14
MASOPROCOL,TTR
TORALIZUMAB,CD40LG
LANDOGROZUMAB,MSTN
HUMAX-IL8,CXCL8
INCLACUMAB,SELP
CONICASTEROL D,NR1I2
IMGATUZUMAB,FCGR3A
BEMIPARIN SODIUM,SERPINC1
CHLORMETHIAZOLE,GABRA1
MOTEXAFIN GADOLINIUM,RRM2
HGS-1025,CCR5
CDP-850,SELE
LUTIKIZUMAB,IL1A
DOLASTATIN-10,TUBB4A
EMIVIRINE,ERVW-4
TAK-653,GRIA3
TAVAPADON,DRD1
TALAMPANEL,GRIA2
PIROMELATINE,MTNR1A
T-900607,TUBB4B
CANTUZUMAB MERTANSINE,TUBB4B
LORVOTUZUMAB MERTANSINE,TUBB4A
CARBOPLATIN,VDR
"2',4'-DIHYDROXYCHALCONE",HPGD
SOTRASTAURIN,CAMK2G
CARPHENAZINE,GMNN
ISOKAEMPFERIDE,APEX1
DIMERCAPROL,TDP1
LUTEOLIN,GAA
CHEMBL:CHEMBL123904,CYP1A2
HOMIDIUM BROMIDE,NR1H4
GR-55562,CYP2D6
CHEMBL:CHEMBL1984884,EHMT2
CHEMBL:CHEMBL1256740,TP53
CHINIOFON,KAT2A
CHEMBL:CHEMBL480626,HSPA5
CAPSAZEPINE,RGS4
PURPUROGALLIN,APEX1
4'-METHOXYFLAVONE,SMN2
CYCLOSPORINE,NFE2L2
ACETOCHLOR,NFE2L2
CHEMBL:CHEMBL580183,MAPT
DIGITOXIGENIN,NFE2L2
NIPECOTIC ACID,DRD1
TOPOTECAN HYDROCHLORIDE,KMT2A
SP-600125,MAPK8
FLUPHENAZINE HYDROCHLORIDE,DRD1
CAMBINOL,HSD17B10
FLURANDRENOLIDE,AR
SULFORAPHANE,NFE2L2
CHEMBL:CHEMBL580421,VDR
TYRPHOSTIN AG 835,HIF1A
CLIOXANIDE,NLRP3
CHEMBL:CHEMBL586031,GMNN
CEFONICID,VDR
CHEMBL:CHEMBL587247,ERAP1
BROMOCRIPTINE,VDR
METHYLENE BLUE,TP53
CLOFOCTOL,ATXN2
PHLORETIN,CYP1A2
CHEMBL:CHEMBL1486366,EHMT2
CHEMBL:CHEMBL533082,GMNN
CHEMBL:CHEMBL578512,PTPN22
CHEMBL:CHEMBL578741,EHMT2
IPRIFLAVONE,MAPK1
MERCURIC CHLORIDE,HPGD
CORTODOXONE,HSD17B10
CILNIDIPINE,GMNN
NAKIJIQUINONES H,ERBB2
"5,7-DIHYDROXYISOFLAVONE",KAT2A
STREPTOMYCIN,EHMT2
FEBANTEL,AR
URIDINE,SLC28A1
PROTRIPTYLINE,CYP2D6
TERPYRIDINE,TP53
CHEMBL:CHEMBL177809,CYP2D6
CHEMBL:CHEMBL533602,ATXN2
"3,4-DIHYDROXYXANTHONE",ABCB1
CHEMBL:CHEMBL154580,ALOX15
DOVITINIB,FGFR1
CHEMBL:CHEMBL1585652,NPY2R
ARTESUNATE,RELA
MACROCARPAL A,MET
DIHYDREXIDINE,CYP1A2
CURCUMIN,APP
EUFLAVINE,WRN
CHEMBL:CHEMBL578512,ATXN2
GLYCYRRHIZIC ACID,AR
CHEMBL:CHEMBL452954,SMN2
PECTOLINARIGENIN,NFKB1
"LIPOIC ACID, ALPHA",JUN
ALFADEX,ESR1
CETRIMIDE,USP1
BOLDINE,CYP2D6
TYRPHOSTIN AG 835,ALOX15
DAUNORUBICIN HYDROCHLORIDE,EHMT2
DAUNORUBICIN HYDROCHLORIDE,VDR
NEOPETROFORMYNE A,HIF1A
DACTINOMYCIN,ALOX15
LAUROGUADINE,RPS6KB1
CADMIUM ACETATE,TP53
GEMCITABINE,AR
DOVITINIB,MAPK8
IPA-3,EHMT2
CHEMBL:CHEMBL589715,GMNN
HYCANTHONE,RAD52
BENSERAZIDE HYDROCHLORIDE,FEN1
METHYLDOPA (RACEMIC),APEX1
AZACITIDINE,NR3C1
DOVITINIB,MAP4K4
PENTAMIDINE ISETHIONATE,NFE2L2
RISEDRONIC ACID,FDPS
HOMIDIUM BROMIDE,HPGD
DOXORUBICIN HYDROCHLORIDE,NFE2L2
ESTROPIPATE,VDR
CISPLATIN,EHMT2
PIPERONAL,AR
SPLITOMICIN,HSD17B10
CHEMBL:CHEMBL192264,HSP90AA1
JNJ16259685,SMN1
"5-(N,N-DIMETHYL)AMILORIDE HYDROCHLORIDE",RAD52
NIFEDIPINE,EHMT2
NVP-TAE684,MAP2K2
NVP-TAE684,FGFR1
SP-600125,FES
HYDRASTININE,HSD17B10
ISOPROTERENOL,TSHR
ENNIATIN B,SMAD3
PROPOXYCAINE,CYP2D6
SB220025,FLT4
THEONELLASTEROL B,NR1I2
AMOXAPINE,DRD1
PALBOCICLIB,MAPK9
DEMECLOCYCLINE,FEN1
CHEMBL:CHEMBL1442783,EHMT2
SP-600125,HIF1A
EUFLAVINE,NFE2L2
SP-600125,FGFR1
CHEMBL:CHEMBL300389,HTT
DIETHYLSTILBESTROL,NFE2L2
FOLIC ACID,HSD17B10
ISOPROTERENOL,ADRB2
MESTRANOL,AR
GOSSYPOL,PPARD
CLIOQUINOL,AHR
CHEMBL:CHEMBL538542,MAPT
THIMEROSAL,ATXN2
ATROPINE METHYLBROMIDE,AR
DIETHYLCARBAMAZINE CITRATE,EHMT2
PALBOCICLIB,MST1R
EPIGALLOCATECHIN,ALB
DIETHYLSTILBESTROL,ESR1
CHEMBL:CHEMBL74913,HSD17B10
CHEMBL:CHEMBL267160,HSD17B10
PHENMEDIPHAM,MAPK1
PAZOPANIB,MAPK9
CHEMBL:CHEMBL527307,ACP1
CHEMBL:CHEMBL586031,MAPT
METHYLENE BLUE,THRB
CEFIXIME ANHYDROUS,SUMO1
CHEMBL:CHEMBL405317,KLF5
CHEMBL:CHEMBL463701,HSP90AA1
GOSSYPOL,VDR
THIMEROSAL,GMNN
DOVITINIB,CAMK2G
PD-0166285,MST1R
"(3Z)-N,N-DIMETHYL-2-OXO-3-(4,5,6,7-TETRAHYDRO-1H-INDOL-2-YLMETHYLIDENE)-2,3-DIHYDRO-1H-INDOLE-5-SULFONAMIDE",CYP1A2
CHEMBL:CHEMBL580421,TP53
BERBERINE CHLORIDE,NFE2L2
CHEMBL:CHEMBL586031,EHMT2
PAZOPANIB,RET
PIMOZIDE,ATXN2
ELLIPTECINE,PTBP1
ALITRETINOIN,VDR
CAPSAZEPINE,DRD1
SP-600125,DYRK1A
THIABENDAZOLE,AHR
CEFAZOLIN,EHMT2
PHLORETIN,HSD17B10
ISOQUERCETIN,EHMT2
CP-547632,PDGFRA
ACACETIN,NFKB1
MLN-8054,LYN
CHEMBL:CHEMBL584520,HSD17B10
PURPUROGALLIN,POLB
CHEMBL:CHEMBL505670,ALDH1A1
DANTROLENE,MAPT
PD-0166285,MAPK8
BROMOENOL LACTONE,ALDH1A1
DECYNIUM 22,WRN
CHEMBL:CHEMBL19954,EHMT2
SCH 58261,ALOX15
KEPONE,ATXN2
PD-0166285,MAP2K2
BUNITROLOL,ADRB1
NALOXONE METHIODIDE,EHMT2
ALOE-EMODIN,EGFR
CHEMBL:CHEMBL473735,SMN1
BERKELEYTRIONE,CASP1
ISOCEPHAELINE,HIF1A
HYCANTHONE,FEN1
SIRTINOL,SIRT1
BROXURIDINE,SMN2
CHEMBL:CHEMBL2181039,MAPT
BENOXINATE,CYP2D6
DECYNIUM 22,ATXN2
ENILCONAZOLE,TARDBP
DOXORUBICIN HYDROCHLORIDE,NR1H4
CHEMBL:CHEMBL591137,HSP90AA1
CEFIXIME ANHYDROUS,APEX1
AG 112,MAPK1
WHILE OLIVETOL,AR
NVP-TAE684,CDK1
ALSTERPAULLONE,MAP4K4
SLAZINIC ACID,THRB
CHEMBL:CHEMBL1492017,HIF1A
CHEMBL:CHEMBL607309,SMAD3
PIPERONYL BUTOXIDE,TSHR
MIRISTALKONIUM CHLORIDE,AR
EFAVIRENZ,NFE2L2
CHEMBL:CHEMBL600336,PTK2B
GOLODIRSEN,DMD
IMIPRAMINE HYDROCHLORIDE,CYP2D6
OMACETAXINE,BCR
RIBOCICLIB,ESR1
THIORIDAZINE,CYP2D6
USTEKINUMAB,IL12A
USTEKINUMAB,IL23A
VENLAFAXINE,CYP2D6
PI-103,PIK3CG
PI-103,PIK3CD
PI-103,PIK3C3
VOLASERTIB,PLK1
MM-111,ERBB2
BRIVANIB,KDR
BELIMUMAB,TNFSF13B
ANTI-IGF-1R RECOMBINANT MONOCLONAL ANTIBODY BIIB022,IGF1R
RO4929097,NOTCH3
RO4929097,NOTCH1
NIRAPARIB,PARP2
CARFILZOMIB,PSMB8
CARFILZOMIB,PSMC6
CARFILZOMIB,PSMD2
DACTOLISIB,PIK3CB
DACTOLISIB,PIK3CA
REGORAFENIB,FRK
REGORAFENIB,PDGFRA
REGORAFENIB,PDGFRB
VELIPARIB,PARP2
RITUXIMAB,ABCB1
THYMIDINE,ABCC1
ACYCLOVIR,ABL1
ENALAPRIL MALEATE,ACE
HYDROXYUREA,ABL1
THERAPEUTIC GLUCOCORTICOID,ABL1
GALACTITOL,ACHE
METOPROLOL SUCCINATE,ADRA1D
ANTIPARASITIC AGENT,ADCYAP1
IL-13,ANPEP
THERAPEUTIC GONADOTROPIN,AMH
NALOXONE HYDROCHLORIDE,ANPEP
THERAPEUTIC GLUCOCORTICOID,ATF2
ATENOLOL,BAX
LAPACHONE,BAX
C5A,BAX
BEAUVERICIN,BCL2
CILENGITIDE,BCL2
DINITROCHLOROBENZENE,CCL17
ADENOVIRUS VECTOR,CCL21
CYTARABINE,CCND1
CYCLOSPORINE,CCL4
HYDROXYUREA,CP
ISOFLAVONE,CP
DECITABINE,CR2
PROGESTIN,CSF1R
FAMCICLOVIR,CSF2
DACTINOMYCIN,CSF1
STREPTOZOCIN,CSF2
STREPTOZOCIN,CTSD
PLERIXAFOR,CXCR4
ISOFLAVONE,CYP2E1
NONSTEROIDAL ANTIINFLAMMATORY DRUG,CYP2E1
THERAPEUTIC HORMONE,E2F1
ARGIPRESSIN,E2F1
GANCICLOVIR,ERBB2
TIPIFARNIB,ERBB2
TYRPHOSTIN AG 879,ERBB2
PENICILLAMINE,PTH
ASPIRIN,PTH
GENISTEIN,SLC2A1
GP-120 ANTIGEN,TAC1
FENRETINIDE,TGFB1
ATORVASTATIN CALCIUM TRIHYDRATE,TGM2
DOXORUBICIN HYDROCHLORIDE,TGM2
DECITABINE,THBS1
ANTIESTROGEN,TH
PICIBANIL,TNF
THERAPEUTIC HORMONE,TNFRSF11B
DACTINOMYCIN,TNFRSF1B
THROMBIN,TPSAB1
FLUOROURACIL,TYMP
RECOMBINANT INTERFERON,TYK2
IL-12,TYK2
DEFEROXAMINE,UBE2D1
SODIUM CHLORIDE,UCP2
CALCITRIOL,VDR
CYCLOSPORINE,VCAM1
PHENYL ISATIN,ALDH1A1
ENZYME INHIBITOR,UTRN
VITAMIN K,VDR
STREPTOZOCIN,VWF
ALDESLEUKIN,VIM
METHOTREXATE,NQO1
COCAINE,CHRNA3
4-PHENYLBUTYRIC ACID,OTC
ESMETHADONE,CYP2B6
CHEMBL:CHEMBL601367,EHMT2
CALCIUM CHANNEL BLOCKER,PICALM
HYPOXIS HEMEROCALLIDEA ROOT EXTRACT,NR1I2
CEFUROXIME AXETIL,NR1I2
SIMVASTATIN,NR1I2
REPAGLINIDE,NR1I2
SULFINPYRAZONE,NR1I2
ANALGESIC AGENT,HTR2A
METFORMIN,TCF7L2
PREDNISOLONE,FCGR3A
PREDNISOLONE,RAC2
NIFEDIPINE,MMP9
METFORMIN,KCNJ11
REPAGLINIDE,NEUROD1
ANTICONVULSANT AGENT,SCN2A
BUSULFAN,MTHFR
ARIPIPRAZOLE LAUROXIL,DAOA
BUSULFAN,CYP2B6
CARFILZOMIB,KDR
CYCLOSPORINE,PPP3R1
ISOPROTERENOL,ADRB2
SACITUZUMAB GOVITECAN,BRCA1
METFORMIN,PRKAB1
CHEMBL:CHEMBL22148,DHFR
STAVUDINE,TNF
TRIMIPRAMINE,GRIK2
PEGINTERFERON ALFA-2B,OAS1
RECOMBINANT INTERFERON,STAT3
INDAPAMIDE,TRIB3
TRIMIPRAMINE,COMT
METFORMIN,PRKAG3
MARGETUXIMAB-CMKB,FCGR3A
CYCLOSPORINE,NOD2
LATANOPROST,PTGFR
ROSUVASTATIN,USP24
PEGINTERFERON ALFA-2A,METTL1
DEXAMETHASONE,CTNNB1
ACETAMINOPHEN,CYP1A2
ROFECOXIB,PTGS1
PACLITAXEL,SLCO1B3
THIOGUANINE,HPGD
BROMFENAC,PTGS2
BRYOSTATIN,PRKCD
BRYOSTATIN 1,PRKCG
TREGALIZUMAB,CD4
CARVEDILOL,ADRB1
CARVEDILOL,ADRB2
REMIMAZOLAM,GABRG3
REMIMAZOLAM,GABRA1
DENOSUMAB,TNFSF11
ROMIDEPSIN,HDAC1
DIMIRACETAM,GRIN2B
AMITIFADINE HYDROCHLORIDE,SLC6A3
DOVITINIB,PDGFRB
DOVITINIB,FGFR1
LATREPIRDINE,GRIN2B
LATREPIRDINE,GRIN1
AMITIFADINE HYDROCHLORIDE,SLC6A4
ZONISAMIDE,SCN2A
ERDOSTEINE,ELANE
EPLERENONE,NR3C2
OBLIMERSEN,BCL2
FILGOTINIB,JAK2
INTEGRIN RECEPTOR ANTAGONIST GLPG0187,ITGB3
OFATUMUMAB,MS4A1
RILONACEPT,IL1A
ALDESLEUKIN,IL2RB
LUMATEPERONE,SLC6A4
GIVINOSTAT,HDAC4
GIVINOSTAT,HDAC1
LESOGABERAN,GABBR2
LGD-1550,RARB
METHAMPHETAMINE,SLC6A3
QUERCETIN-3'-O-PHOSPHATE,ABCA5
CINOLAZEPAM,GABRG3
DROPERIDOL,DRD2
DIPIVEFRIN,ADRA2A
FLUPHENAZINE HYDROCHLORIDE,DRD2
FLURAZEPAM,GABRA3
PHENTERMINE RESIN,SLC6A4
PRALATREXATE,DHFR
PRIMIDONE,GABRA1
PRIMIDONE,GRIA2
RALOXIFENE HYDROCHLORIDE,ESR2
RISPERIDONE,HTR2A
SECOBARBITAL,CHRNA7
QUAZEPAM,GABRG3
RISPERIDONE,DRD2
SECOBARBITAL,GABRA3
SECOBARBITAL,GABRA1
RESERPINE,SLC18A2
SECOBARBITAL,GRIA2
TALBUTAL,GRIA2
TALBUTAL,CHRNA7
SUPROFEN,PTGS1
ICATIBANT,BDKRB2
ALCAFTADINE,HRH1
BEPRIDIL,CACNA1A
ALPRAZOLAM,GABRG3
ALPRAZOLAM,GABRA3
CERULETIDE,CCKAR
BENZODODECINIUM CHLORIDE,ESR1
COLLAGENASE CLOSTRIDIUM HISTOLYTICUM-AAES,COL3A1
AMOXAPINE,SLC6A4
CHEMBL:CHEMBL584442,NFE2L2
AMIODARONE HYDROCHLORIDE,ADRA1A
COLLAGENASE CLOSTRIDIUM HISTOLYTICUM-AAES,COL1A1
CHEMBL:CHEMBL1303948,SMN1
IMATINIB,DDR1
IMATINIB,CSF1R
BOSENTAN ANHYDROUS,EDNRB
BROMFENAC,PTGS2
BUPROPION HYDROCHLORIDE,SLC6A3
PICROTOXIN,GABRA1
RALOXIFENE HYDROCHLORIDE,ESR2
RISEDRONIC ACID,FDPS
SOLIFENACIN,CHRM3
TAZAROTENE,RARB
TENECTEPLASE,PLG
TERAZOSIN,ADRA1D
SAPROPTERIN,TH
THIORIDAZINE,HTR2A
THIORIDAZINE,DRD1
TRANYLCYPROMINE,MAOB
CHEMBL:CHEMBL581880,HTT
TRICHLORMETHIAZIDE,KCNMA1
TRICHLORMETHIAZIDE,CA2
TYRPHOSTIN A9,ALDH1A1
VARENICLINE,CHRNA4
ALFUZOSIN HYDROCHLORIDE,ADRA1A
LEROCICLIB,CDK4
BINTRAFUSP ALFA,TGFB1
LIOTHYRONINE,CYP1A2
LEROCICLIB,CDK6
GUADECITABINE,DNMT1
CEVIDOPLENIB DIMESYLATE,SYK
DUSIGITUMAB,IGF2
CYTISINE,CHRNA4
PEGFILGRASTIM BIOSIMILAR LA-EP2006,CSF3
ANDECALIXIMAB,MMP9
CHEMBL:CHEMBL1567571,EHMT2
CONTUSUGENE LADENOVEC,TP53
GLIPIZIDE,KCNJ10
ENALAPRIL MALEATE,ACE
N-ARACHIDONOYLGLYCINE,TDP1
CHEMBL:CHEMBL372375,SIRT1
EPIGALLOCATECHIN GALLATE,MMP14
CP-195543,LTB4R
DALFAMPRIDINE,CALCA
CTCE-0214,CXCR4
TESAMORELIN,GHRHR
CH-5132799,PIK3CA
CH-5132799,PIK3CG
CH-5132799,PIK3CD
IOWH-032,CFTR
PALIFOSFAMIDE,DNMT1
CHEMBL:CHEMBL471004,HSPA8
FEXAGRATINIB,FGFR1
BIS-TRIAZOLE DERIVATIVE 10,PLG
ETELCALCETIDE,CASR
OZANIMOD,S1PR1
CHEMBL:CHEMBL1627429,STS
LASMIDITAN,HTR1F
GSK-356278,PDE4B
LEFITOLIMOD,TLR9
JUGLONE,APEX1
TOZADENANT,ADORA2A
CERTOLIZUMAB PEGOL,TNF
AR-AO-14418,GSK3B
OLAPTESED PEGOL,CXCL12
PF-05089771,SCN9A
ANTI-LAG-3/PD-L1 BISPECIFIC ANTIBODY FS118,CD274
ANTI-LAG-3/PD-L1 BISPECIFIC ANTIBODY FS118,LAG3
CENISERTIB,PRKG1
CEMIPLIMAB-RWLC,PDCD1
TRIMETHAPHAN,CHRNA4
CTS-21166,BACE1
IPSAPIRONE,A1BG
SB 216641,A1BG
(R)-FLUROCARAZOLOL,A1BG
7-METHOXY-1-NAPHTHYLPIPERAZINE,A2M
LY344864,A2M
LY344864,A2MP1
7-METHOXY-1-NAPHTHYLPIPERAZINE,A2MP1
S33084,A2M
RISPERIDONE,A2M
5-HYDROXYTRYPTAMINE,A2MP1
METHYSERGIDE,A2MP1
RU 24969,A2MP1
RIZATRIPTAN BENZOATE,A2MP1
RISPERIDONE,A2MP1
ZOTEPINE,A2MP1
RITANSERIN,A2MP1
SPIPERONE,A2MP1
PF-562271,RPS6KB1
OMEPRAZOLE,NFE2L2
FR260010,HTR2C
ZOTEPINE,HTR2C
LY344864,SERPINA3
PERPHENAZINE,SERPINA3
(2S)-1-(1H-INDOL-3-YL)-3-{[5-(3-METHYL-1H-INDAZOL-5-YL)PYRIDIN-3-YL]OXY}PROPAN-2-AMINE,FKBP2
CHEMBL:CHEMBL580381,HSD17B10
COMPOUND E22 [PMID: 31298542],FKBP2
MASOPROCOL,ATXN2
RISPERIDONE,ABCB7
NIGULDIPINE,ABCB7
ALFUZOSIN,ABCB7
NS-49,ABCB7
XNT [PMID: 18391097],ACE2
PYRROLIDINE DITHIOCARBAMATE,MTOR
CGS 21680,ABAT
CHEMBL:CHEMBL578502,PTBP1
MIRIPIRIUM CHLORIDE,AR
CHMFL-KIT-64,DPYD
SOTULETINIB,DPYD
INDOMETHACIN,CPT1B
SSR125543A,ALAS2
HARMINE HYDROCHLORIDE,RAD54L
UROTENSIN 1 (FISH),ALAS2
PRAMLINTIDE,ACHE
UROCORTIN 3,ALB
[125I]ASTRESSIN,ALB
COMPOUND 9 [PMID: 20718420],DAPK1
LINAGLIPTIN,DAPK1
ANAGLIPTIN,DAPK1
ALOGLIPTIN,DAPK1
6-FLUOROMEVALONATE PYROPHOSPHATE,BLMH
DCLK1-IN-1,ELN
DOXORUBICIN HYDROCHLORIDE,GBX2
TG11-77,APOB
SKF-82958,ALCAM
CARIPRAZINE,ABCD1
SCH-23390,ALCAM
CICAPROST,APOC3
DATISCETIN,BRCA2
DECERNOTINIB,EPHB1
COMPOUND 8L [PMID: 36053746],EPHB1
PROCAINAMIDE,BNIP3L
UPADACITINIB,EPHB1
GUSACITINIB,EPHB2
ALTIRATINIB,DRD2
MK-8153,ASCL1
KYT-0353,CCND3
N-(3-AMINOPROPYL)-2-NITROBENZENAMINE,GLI3
PP-121,ETFB
PI-103,ETFB
VISTUSERTIB,ETFB
EVEROLIMUS,ETFB
COMPOUND 4E [PMID: 35546685],CTNND2
TAK-715,CTNNB1
RAVOXERTINIB,MAPK3
COMPOUND 5N [PMID: 20483621],ERG
4P-PDOT,ANK3
DH97,ANK3
RAG8,APOH
GB88,APOE
CL-AMIDINE,GPX3
DUVELISIB,F7
SAPANISERTIB,F7
COMPOUND 22 [WO2019141694A1],F2R
COMPOUND 2 [PMID: 22560567],F9
CX-5011,F9
CX-6258,F10
COMPOUND 28 [PMID: 30624936],F10
TRIAZINE COMPOUND PC1,APOA1
PROKINETICIN-1,APOA1
(S)-23 [PMID: 27933945],MAPK14
LINIFANIB,DPP6
PP-121,DPP4
PD166285,DPP6
3-[(3-(2-CARBOXYETHYL)-4-METHYLPYRROL-2-YL)METHYLENE]-2-INDOLINONE,DPP6
COMPOUND 32 [PMID: 20471253],CTLA4
CRT 0066101,CTF1
BPKDI,CTF1
"(4Z)-1-(3-FLUOROPHENYL)-4-(2-OXO-1H-INDOL-3-YLIDENE)PYRAZOLIDINE-3,5-DIONE",GP1BA
PN10,RIPK2
ALITRETINOIN,BCHE
"COMPOUND 28 [HEITEL ET AL., 2019]",RXRG
PRALSETINIB,PTK2B
CISPLATIN,CD274
MAGROLIMAB,CD274
ALVOCIDIB,CDKN2A
ONCOLYTIC TYPE 2 HERPES SIMPLEX VIRUS EXPRESSING GRANULOCYTE MACROPHAGE COLONY-STIMULATING FACTOR OH2,CD274
DOVITINIB,FGFR1
ERDAFITINIB,FGFR1
ZOLIGRATINIB,FGFR2
GILTERITINIB,JAK1
IMATINIB,JAK2
LAPATINIB,PIK3CA
PICTILISIB,PIK3CA
TRAMETINIB DIMETHYL SULFOXIDE,PIK3CA
BORUSSERTIB,PIK3CA
SERABELISIB,PIK3CA
IRINOTECAN HYDROCHLORIDE,PIK3CA
PREXASERTIB,PIK3CA
CRIZOTINIB,PIK3CA
PONATINIB,RET
VCN-01,RB1
FULVESTRANT,RB1
SELPERCATINIB,RET
TRAMETINIB DIMETHYL SULFOXIDE,STK11
KU-60019,TP53
CYCLOPHOSPHAMIDE ANHYDROUS,TP53
AZD7762,TP53
HDM2 INHIBITOR MK-8242,TP53
PIMASERTIB,TP53
IRINOTECAN HYDROCHLORIDE,TP53
P53 Y220C MUTANT REACTIVATOR PC14586,TP53
CAPIVASERTIB,TP53
SP600125,TP53
SORAFENIB,TP53
SANGUINARIUM,NFKB1
PF-562271,MAPK9
CVT-6883,CSNK1G3
CGP 54626A,CYP1A2
CHEMBL:CHEMBL429335,SMN2
CHEMBL:CHEMBL1342336,GMNN
BRECANAVIR,ABCB1
CHEMBL:CHEMBL1945130,SIRT2
CHEMBL:CHEMBL578944,NFE2L2
CHEMBL:CHEMBL477936,FEN1
"2,3,4-TRIHYDROXY-4'-ETHOXYBENZOPHENONE",ALDH1A1
CP55940,ATXN2
TOZASERTIB,PAK1
CYC-116,CAMK2A
CHEMBL:CHEMBL84010,NPC1
N-OLEOYLDOPAMINE,ATXN2
CEDIRANIB,LYN
TOFACITINIB,JAK2
PROROXAN,EHMT2
CHEMBL:CHEMBL524603,NPC1
GW3965,VDR
CHEMBL:CHEMBL1415851,ATXN2
PERPHENAZINE,MTOR
CHEMBL:CHEMBL546797,CSF1R
CHEMBL:CHEMBL1459280,PLK1
AG 1295,SMN1
RIMCAZOLE,CYP1A2
CHEMBL:CHEMBL579318,HTT
DANTHRON,NFE2L2
RAFOXANIDE,KAT2A
CHEMBL:CHEMBL576362,ATXN2
FASUDIL,PRKACB
PRIMIDONE,AR
CARDAMOMIN,SMAD3
IOBENGUANE,NFE2L2
CHEMBL:CHEMBL1305393,APEX1
CHEMBL:CHEMBL600313,GMNN
CHEMBL:CHEMBL1687979,STAT3
CHEMBL:CHEMBL529361,EHMT2
AZINPHOS-ETHYL,NFE2L2
CHEMBL:CHEMBL84010,SMN2
CHEMBL:CHEMBL91638,AXIN1
CEP-11981,FCGR1A
CHEMBL:CHEMBL602718,HTT
MEDRONIC ACID,EHMT2
CHEMBL:CHEMBL585045,CYP2D6
CHEMBL:CHEMBL1330352,NPC1
CITICOLINE SODIUM,AR
CANRENOATE POTASSIUM,AR
"1,2-NAPHTHOQUINONE",HSD17B10
AZAMETHIPHOS,AR
PF-562271,RET
PINAFIDE,FEN1
CHEMBL:CHEMBL2088303,MAOA
ZILEUTON,CYP2D6
CHEMBL:CHEMBL578915,ALDH1A1
HALOTHANE,HSD17B10
PINAFIDE,NFE2L2
AZINPHOS-ETHYL,RXRA
TYRPHOSTIN 23,CYP1A2
FLAVONE,AHR
FENTICLOR,HSD17B10
BERKELEYAMIDE B,MMP3
METITEPINE,VDR
PF-562271,FGFR3
CETYLPYRIDINIUM,SMAD3
PROMAZINE,HIF1A
ARIPIPRAZOLE LAUROXIL,CYP2D6
ARFORMOTEROL,CYP2D6
CHEMBL:CHEMBL2347631,CXCR4
CABOZANTINIB S-MALATE,RET
BOSUTINIB,ABL1
BOSUTINIB,BCR
ELIGLUSTAT,CYP2D6
GOSERELIN ACETATE,ESR1
RUCAPARIB,CYP2D6
VENETOCLAX,TP53
CAPIVASERTIB,AKT1
BRIGATINIB,ALK
BMS-690514,EGFR
RIBOCICLIB,CDK6
VOXTALISIB,PIK3CB
QUERCETIN,PIK3C3
QUERCETIN,PIK3CA
QUERCETIN,PKN1
QUERCETIN,PRKCG
VANDETANIB,RET
BMS-690514,KDR
NOTCH SIGNALING PATHWAY INHIBITOR MK0752,APH1A
ENOTICUMAB,NOTCH3
OLAPARIB,PARP2
BORTEZOMIB,PSMD7
BORTEZOMIB,PSMB8
ZIBOTENTAN,EDNRA
BUPARLISIB HYDROCHLORIDE,PIK3R4
BUPARLISIB HYDROCHLORIDE,PIK3CG
LAMIVUDINE,ABCC1
TERFENADINE,ABCB1
AZACITIDINE,ABL1
METHADONE HYDROCHLORIDE,ACHE
FENOFIBRATE MICRONIZED,ADIPOQ
ANGIOGENESIS INHIBITOR,AGT
ETHINYL ESTRADIOL,AMH
LEUCOVORIN CALCIUM,BAX
MELATONIN,BAX
PLATINUM,ATP7B
PREGNANT MARE SERUM GONADOTROPIN,BAX
PHENOTHIAZINE,BCHE
VITAMIN A,BAX
PHENYLEPHRINE,BAX
VERAPAMIL,BAX
DIETHYLSTILBESTROL,BCL2
HYPOXANTHINE,BCL2
IMMUNOSUPPRESSANT,CCL17
RECOMBINANT TUMOR NECROSIS FACTOR-BETA,CCL17
MOMETASONE,CCL11
TNF-ALPHA,CCL11
ALPHA-TOCOPHEROL,CCND1
FLUTICASONE,CCL5
MANNOSE-BINDING LECTIN,CD59
BISPECIFIC ANTIBODY,CD40LG
LIF,CD9
THERAPEUTIC ANDROGEN,CD9
ROMIDEPSIN,CDKN2D
TRETINOIN,CDKN1B
IMMUNOSUPPRESSANT,CP
SODIUM MOLYBDATE,CP
TERFENADINE,CSF2
ANTI-THYMOCYTE GLOBULIN,CTLA4
STAVUDINE,CXCL10
MODAFINIL,CYP2D6
MEXILETINE,CYP2D6
CARMUSTINE,E2F1
CISPLATIN,ERCC1
MECHLORETHAMINE,ERBB2
VITAMIN E,ERBB2
SELENIUM,FASN
RISPERIDONE,FASN
PYRAZOLE,FGF2
THERAPEUTIC ANDROGEN,FST
AZACITIDINE,GGT1
PHENETHYL ISOTHIOCYANATE,GSTP1
SHO-SAIKO-TO,HGF
DEFEROXAMINE,HIF1A
CARBAMAZEPINE,HLA-B
SELENIUM,HMOX1
HEPARAN SULFATE,HPSE
VACCINE,HP
PHENYLEPHRINE,HSPA4
DEFEROXAMINE,HSPA4
ANTINEOPLASTIC AGENT,HSPB2
KETANSERIN,HTR2A
ONDANSETRON HYDROCHLORIDE,HTR2A
CASPASE INHIBITOR,IFNA1
AMITRIPTYLINE HYDROCHLORIDE,IFNG
TRETINOIN,IFNG
TETRADECANOYLPHORBOL ACETATE,IGFBP1
"IBUPROFEN, SODIUM SALT",IFNG
MELATONIN,IFNG
PREGNANT MARE SERUM GONADOTROPIN,IGFBP4
FLUTAMIDE,IL2RA
TETRADECANOYLPHORBOL ACETATE,CXCL8
VERAPAMIL,CXCL8
PROTECTIVE AGENT,CXCL8
SIMVASTATIN,LIF
LOVASTATIN,LPL
LABETALOL,LPL
TETRADECANOYLPHORBOL ACETATE,MAPK14
HALOPERIDOL DECANOATE,MAPK14
IMMUNOSUPPRESSANT,MMP2
DIMETHYL SULFOXIDE,MPO
MELATONIN,MYC
ORNITHINE DECARBOXYLASE INHIBITOR,MYC
VERAPAMIL,MYC
RECOMBINANT MACROPHAGE COLONY-STIMULATING FACTOR,MYC
FELODIPINE,MYO9B
PREGNANT MARE SERUM GONADOTROPIN,MYC
CAFFEINE,NOS1
ANALGESIC AGENT,NOS1
GABAPENTIN,NOS1
ENALAPRIL MALEATE,NOS1
THERAPEUTIC ANDROGEN,NR3C1
TNF-ALPHA,NR3C1
LOVASTATIN,NT5E
"INSULIN, REGULAR, HUMAN",NTF3
CEP-2563 DIHYDROCHLORIDE,NTRK1
NERVE GROWTH FACTOR,NTF3
HALOPERIDOL DECANOATE,NT5E
CISPLATIN,NTRK2
QUERCETIN,PIK3CA
GM-CSF,PIK3CA
MIDOSTAURIN,PIK3CA
RECOMBINANT CHEMOKINE,PIK3CB
MIDOSTAURIN,PIK3CB
PHOSPHODIESTERASE INHIBITOR,PLAU
SIMVASTATIN,PLTP
PROTEIN KINASE C INHIBITOR,PRL
CLOMIPHENE,PRL
MELATONIN,PRL
THERAPEUTIC ANDROSTANOLONE,PRLR
TNF-ALPHA,PTGES
CAFFEINE,PTGER1
"IBUPROFEN, SODIUM SALT",PTGER1
SELENIUM,PRL
RECOMBINANT VASCULAR ENDOTHELIAL GROWTH FACTOR,PTGES
GALLIUM NITRATE,PTH
THERAPEUTIC ANDROGEN,PTH
TRETINOIN,RARA
"INSULIN, REGULAR, HUMAN",PTPN1
DEXAMETHASONE,SDS
IL-6,SLC28A1
HEPARIN,TFPI
DEFIBROTIDE,TFPI
GOSSYPOL,TGFB1
CLADRIBINE,TGFB1
IL-6,TGM2
SAQUINAVIR,TLR4
FOLIC ACID,TNF
CARBAMAZEPINE,TNF
CISPLATIN,TP53
URSODIOL,TP53
GM-CSF,TPSAB1
TETRADECANOYLPHORBOL ACETATE,VAMP2
HYDROCORTISONE BUTYRATE,VDR
"INSULIN, REGULAR, HUMAN",VAMP2
PENTOSAN POLYSULFATE,VEGFA
FENOFIBRATE MICRONIZED,VEGFA
ARFORMOTEROL,CYP2D6
ABEMACICLIB,ERBB2
EVEROLIMUS,ERBB2
PALBOCICLIB,ERBB2
DRONEDARONE,CYP2D6
DEHYDRATED ALCOHOL,CAT
ETORICOXIB,PTGS2
CARBOPLATIN,NR1I2
RIFAMPIN,NR1I2
NICARDIPINE,NR1I2
MINOCYCLINE,NR1I2
DACLATASVIR,VDR
LUMIRACOXIB,HLA-DRB1
IFOSFAMIDE,ALDH1A1
VITAMIN B12,MTHFR
RISEDRONIC ACID,IL1B
ERGOT ALKALOIDS,HTR2A
AXITINIB,KDR
CYCLOPHOSPHAMIDE ANHYDROUS,CXCR2
FLUTICASONE/SALMETEROL,CHRM2
AMIFAMPRIDINE PHOSPHATE,KCNH7
RISPERIDONE,CYP2D6
CANERTINIB,MTOR
RECOMBINANT CYTOKINE,APOE
RECOMBINANT TRANSFORMING GROWTH FACTOR,HPSE
PI3K INHIBITOR BGT226,PIK3CA
CGS 15943,ABCA1
[3H]PD128907,ABCD1
NINTEDANIB ESYLATE,FGFR2
U0126,RAF1
SN-38,BCHE
DOXYCYCLINE ANHYDROUS,MMP7
FSH DEGLYCOSYLATED &ALPHA;/&BETA;,ALS3
ETRUMADENANT,ADORA2A
MIDAZOLAM HYDROCHLORIDE,VDR
CHEMBL:CHEMBL593254,BRCA1
CHEMBL:CHEMBL1214274,CYP2D6
SULPIRIDE,DRD2
[11C]WAY100635,A1BG
GSK1070916,EEF2
METHOTREXATE,NFE2L2
FRUQUINTINIB,KDR
INFIGRATINIB,FGFR1
EXALUREN,RPS27A
CALCITONIN,PTH
FINGOLIMOD,S1PR1
[3H]NEMONAPRIDE,ALDH1A1
SKF-83959,EHMT2
ALDICARB,PPARG
CHEMBL:CHEMBL1310701,PLK1
MEDI-578,NGF
RIFAMPIN,VDR
SKF-83959,ALCAM
PHYSCION,VDR
IZENCITINIB,JAK1
CYCLOSPORINE,ABCG2
CHEMBL:CHEMBL1092508,FEN1
RECOMBINANT INTERLEUKIN-8,FCGR3B
PROTON PUMP INHIBITOR,NRG1
VANDETANIB,EGFR
RG-1530,CDK5
ARACHIDONIC ACID,USP1
ACETALDEHYDE,TRPV6
BUPARLISIB,PIK3CB
ADAVOSERTIB,CDK5
DIURETIC,GNB3
METOPROLOL,PPARA
SERTINDOLE,HTR2C
PHENAMIL,SMN1
SULFAMETHOXAZOLE / TRIMETHOPRIM,HLA-B
CARTEOLOL HYDROCHLORIDE,ADRB2
ENTRECTINIB,RET
ANTIDEPRESSANT AGENT,CYP2E1
VOFOPITANT,TACR1
ROMIPLOSTIM,FGFR1
BISANTRENE,ABCB1
DAPSONE,HLA-B
CHRYSIN,AHR
BLEOMYCIN,IFNG
FAM-TRASTUZUMAB DERUXTECAN-NXKI,ESR1
CABOZANTINIB S-MALATE,MET
QUINIDINE POLYGALACTURONATE,SCN7A
METHYLTESTOSTERONE,AR
HALOPERIDOL DECANOATE,SERPINA3
OXYCODONE,CYP2B6
DENATONIUM,DST
ZOSUQUIDAR,ABCB1
OXOGLAUCINE,FEN1
LENERCEPT,TNF
METHOTREXATE,VDR
LOSARTAN POTASSIUM,AGTR1
NC 4-28B,FASLG
ARTEMOTIL,CYP2B6
BMS-599626,EGFR
RITUXIMAB,IFNG
CELECOXIB,AR
DENUFOSOL TETRASODIUM,P2RY2
SULFAMIDE,CA2
ABEMACICLIB,CDK4
INSULIN DEGLUDEC,INSR
(RS)-(TETRAZOL-5-YL)GLYCINE,GRIN2B
PLINABULIN,TUBA4A
CHEMBL:CHEMBL471005,HSD17B10
TETRAMETHRIN,AR
TRETINOIN,APOE
METHOXYFLURANE,GABRA1
APOMORPHINE,DRD4
ICENTICAFTOR,CFTR
CHEMBL:CHEMBL602969,GMNN
FORMOTEROL FUMARATE,CYP2D6
CHEMBL:CHEMBL580130,TARDBP
SULFASALAZINE,TYMP
LEVOTHYROXINE,IRS4
INCADRONIC ACID,BLVRA
FLUPIRTINE MALEATE,EHMT2
TANESPIMYCIN,PIK3CA
CLORGILINE,CYP2D6
CHEMBL:CHEMBL444236,ALDH1A1
OXIDOPAMINE,MAPK9
CARBIDOPA ANHYDROUS,DDC
ADALIMUMAB-ADBM,ATG5
PENTACHLOROPHENOL,AHR
PROPRANOLOL HYDROCHLORIDE,CYP1A2
DEXMEDETOMIDINE HYDROCHLORIDE,ADRA2A
KB-NB142-70,CTF1
DROXINOSTAT,GART
APROCITENTAN,EDNRA
COPANLISIB,PIK3CA
FASITIBANT CHLORIDE,BDKRB2
THIRAM,AR
ISOPROTERENOL,CP
COMPOUND 2Q [PMID: 30986068],PIK3CB
CHEMBL:CHEMBL1420181,SMN2
CHEMBL:CHEMBL502774,SMN2
RITUXIMAB,ERBB2
CEFOPERAZONE,CYP1A2
CHEMBL:CHEMBL580340,ATXN2
PENTABROMOPHENOL,NR3C1
OSIMERTINIB,KEAP1
BUPIVACAINE,NRG1
BEVASIRANIB,VEGFA
BORTEZOMIB,PSMD2
FGFR1/2/3 INHIBITOR TYRA-200,FGFR2
SIB-1757,EHMT2
ADALIMUMAB-ADBM,NFKBIA
ADALIMUMAB-ADBM,IVL
GANTACURIUM CHLORIDE,CHRNA4
ADALIMUMAB-ADBM,ALPL
OCTANOL,C3AR1
SONOLISIB,PIK3CD
RECOMBINANT TRANSFORMING GROWTH FACTOR,NTF3
CHEMBL:CHEMBL523200,HSP90AA1
CARBOPLATIN,VEGFA
GALANTAMINE,ACHE
SCRIPTAID,HDAC9
MDM2 INHIBITOR AMGMDS3,TP53
QUERCETIN DIHYDRATE,WRN
PLUMBAGIN,HPGD
CHEMBL:CHEMBL484662,RGS4
PYROGALLOL,NFE2L2
CHEMBL:CHEMBL602466,MAOA
ANFIBATIDE,GP1BA
FLAVOKAWAIN B,ATXN2
CHEMBL:CHEMBL586937,EHMT2
PREDNISONE,CXCL12
CARBOPLATIN,GSTT1
NITAZOXANIDE,SMN1
ANTIHYPERTENSIVE AGENT,GRK5
OLEIC ACID,GMNN
ISOSORBIDE MONONITRATE,GC
KENPAULLONE,EHMT2
OMIPALISIB,AKT1
KU-55933,PTEN
PAREGORIC,HMOX2
RECOMBINANT CYTOKINE,WT1
13-CIS-RETINAL,OPN1LW
SIBUTRAMINE,SLC6A4
DEXTROMETHORPHAN POLISTIREX,SIGMAR1
TOLBUTAMIDE,ABCC9
ETONITAZENE,AR
HEMATOXYLIN,HPGD
ROSIGLITAZONE,SCD
TYRPHOSTIN 25,ALOX15
PROTOPORPHYRIN,RGS4
APITOLISIB,PIK3C3
DEFACTINIB,PTK2B
AZD0328,CHRNA7
ILORASERTIB,PRKCD
FRUQUINTINIB,KDR
CYCLOPHOSPHAMIDE ANHYDROUS,ITGB2
AURINTRICARBOXYLIC ACID,PIN1
BUPARLISIB,PIK3CD
TOLBUTAMIDE,ABCC8
BEGACESTAT,PSEN1
VENETOCLAX,NPM1
DIAPEP 277,TLR2
BMS-387032,CDK7
AGROCLAVINE,CYP2D6
CHEMBL:CHEMBL1479114,GMNN
PROPRANOLOL HYDROCHLORIDE,CYP1A2
RECOMBINANT LYMPHOKINE,PLAT
WORTMANNIN,PLK1
DESLORATADINE,HRH1
CHEMBL:CHEMBL1474,AR
EXALUREN,RPSA
EDASALONEXENT,NFKB2
NINTEDANIB ESYLATE,FGFR1
ENMD-2076,BLK
JQEZ5,EZH2
TALAZOPARIB,PTEN
"9,10-PHENANTHRENEQUINONE",S1PR1
CHEMBL:CHEMBL442906,SNCA
DIMETHISOQUIN,CYP1A2
CHEMBL:CHEMBL580727,SNCA
BUTACAINE,XK
TRIFLUOPERAZINE,ABCD1
VALPROIC ACID,HDAC9
OLANZAPINE,FMO3
DIAMIDE,MAPT
UMECLIDINIUM BROMIDE,CYP2D6
ACETYLSULFANILAMIDE,AQP4
CHEMBL:CHEMBL453818,TUBA4A
IBRITUMOMAB TIUXETAN,MS4A1
LISURIDE,ABL1
DOXEPIN HYDROCHLORIDE,CYP2B6
TAMATINIB,LRRK2
RUCAPARIB CAMSYLATE,PARP1
ZOSUQUIDAR,ABCB1
TESEVATINIB,EGFR
FISOGATINIB,SLC26A3
COLCHICINE,BDNF
METHAPYRILENE HYDROCHLORIDE,HRH1
NIRAPARIB,PARP1
QUERCETIN,MAPT
GDC-0623,MAP2K2
DIMETHYL SULFOXIDE,VIM
BELIZATINIB,EPHA3
COMPOUND 2 [PMID: 21105727],ANPEP
DOCETAXEL ANHYDROUS,ABCG2
CHEMBL:CHEMBL257748,CREBBP
SEROTONIN,TSHR
CHLOROPHENOTHANE,NFE2L2
REGORAFENIB,RET
CHEMBL:CHEMBL103583,GMNN
AMIKACIN,IL2
DOCETAXEL ANHYDROUS,RXRA
INTERLEUKIN-11,CSF2
RALOXIFENE HYDROCHLORIDE,PIK3CG
PERGOLIDE,ABL1
MRE 3008F20,ABCA2
1-AZAKENPAULLONE,EIF4E
NINTEDANIB ESYLATE,DPP4
CHEMBL:CHEMBL297304,APBA1
PALBOCICLIB,CDK6
NAPROXCINOD,PTGS1
PROMAZINE,ALDH1A1
MONOAMINE OXIDASE INHIBITOR,CYP2D6
SORAFENIB,NOS3
E319,ALOX15
CHEMBL:CHEMBL483206,FEN1
FAM-TRASTUZUMAB DERUXTECAN-NXKI,ESR2
BELORANIB,METAP2
CHEMBL:CHEMBL601952,THRB
INFIGRATINIB,FGFR1
6-NITROQUIPAZINE,CYP1A2
PENTOXIFYLLINE,PDE4B
NRF2 PEPTIDE [PMID: 23647822],KEAP1
DESIPRAMINE,CD9
TILARGININE,BDNF
CLOBENPROPIT,CYP2D6
CHEMBL:CHEMBL421088,NPC1
TRICLOFENOL,NFE2L2
OCHRATOXIN A,VDR
METHOXYFLURANE,GABRG3
"[ILE5,TRP23]PTHRP-(5-36)",XIAP
NEBULARINE,TP53
ATI-355,RTN4
TETRANDRINE,TP53
TG7-171,APOC1
TERFENADINE,TAC1
DICYCLOHEXYLCARBODIIMIDE,CXCL8
BENZO[B]TRIPHENYLENE,NFE2L2
IPATASERTIB,AKT3
ASAPIPRANT,PTGDR
KETAMINE HYDROCHLORIDE,GRIN2B
ANTIOXIDANT,UCP2
HENATINIB,DPP6
SERTACONAZOLE NITRATE,HSP90AA1
CHEMBL:CHEMBL591361,HSP90AA1
SOLANIDINE,CYP2D6
TG6-129,APOB
BENAZEPRIL HYDROCHLORIDE,ACE
NEOVASTAT,MMP9
HESPERADIN,TTK
CHEMBL:CHEMBL604321,PTBP1
PROCHLORPERAZINE,CYP1A2
AMCINONIDE,NR3C1
DOVITINIB,DRD3
THIOPENTAL,GRIA2
POMIFERIN,GMNN
THIRAM,HSD17B10
AFATINIB,UHRF1
SETMELANOTIDE,LEPR
MIFEPRISTONE,KLK3
"ESTROGENS, CONJUGATED (USP)",ESR1
QUINIDINE POLYGALACTURONATE,SCN9A
BUTALBITAL,GABRA1
INFIGRATINIB,FGFR1
ONARTUZUMAB,MET
IPILIMUMAB,CTLA4
RILOTUMUMAB,HGF
GEFITINIB,EGFR
DAUNORUBICIN LIPOSOMAL,KMT2A
BEVACIZUMAB-AWWB,NF1
DOXORUBICIN HYDROCHLORIDE,TP53
RANIBIZUMAB,VEGFA
ISOPROPAMIDE IODIDE,CHRM3
DABIGATRAN ETEXILATE MESYLATE,F2
DASATINIB ANHYDROUS,ABL1
SOTALOL HYDROCHLORIDE,ADRB1
BETAXOLOL HYDROCHLORIDE,ADRB1
DEXTROMETHORPHAN POLISTIREX,SIGMAR1
CERULETIDE DIETHYLAMINE,CCKAR
REGORAFENIB,RAF1
DESVENLAFAXINE SUCCINATE,SLC6A4
SERTRALINE HYDROCHLORIDE,SLC6A4
VILAZODONE HYDROCHLORIDE,SLC6A4
DABRAFENIB,HLA-DRB1
SITAGLIPTIN,DPP4
MECASERMIN RINFABATE,IGF1R
REGORAFENIB,FGFR2
DOXYCYCLINE ANHYDROUS,MMP7
PITAVASTATIN CALCIUM,HMGCR
CARTEOLOL HYDROCHLORIDE,ADRB1
PIROXICAM-BETA-CYCLODEXTRIN,PTGS1
PIROXICAM-BETA-CYCLODEXTRIN,PTGS2
PHENTOLAMINE MESYLATE,ADRA2A
AXITINIB,FLT4
SUNITINIB,FLT4
NILUTAMIDE,AR
ARFORMOTEROL,ADRB2
COLLAGENASE CLOSTRIDIUM HISTOLYTICUM-AAES,COL4A1
CISPLATIN,MTHFD1
CITALOPRAM,GRIK2
CISPLATIN,APEX1
ANTI-THYMOCYTE GLOBULIN,FCGR3A
AMPRENAVIR,ERVW-4
LISDEXAMFETAMINE DIMESYLATE,SLC18A2
RITONAVIR,ERVW-4
VANDETANIB,EPHA1
VANDETANIB,EPHB1
VANDETANIB,EGFR
METFORMIN HYDROCHLORIDE,NDUFV2
METHOXYFLURANE,GABRA3
DASATINIB ANHYDROUS,LYN
CYCLOPHOSPHAMIDE ANHYDROUS,CYP1B1
CYCLOPHOSPHAMIDE ANHYDROUS,BMP7
CYCLOPHOSPHAMIDE ANHYDROUS,FOXO1
METHYLPREDNISOLONE,SERPINE1
RITUXIMAB,FCGR2A
QUINIDINE POLYGALACTURONATE,SCN8A
PHENACEMIDE,SCN2A
MEXILETINE HYDROCHLORIDE,SCN2A
MEXILETINE HYDROCHLORIDE,SCN7A
PHENYTOIN SODIUM,SCN8A
EPINEPHRINE,ADRA1A
NOREPINEPHRINE BITARTRATE,ADRB3
PRAMIPEXOLE DIHYDROCHLORIDE,DRD4
PRAMIPEXOLE DIHYDROCHLORIDE,DRD2
PRAMIPEXOLE DIHYDROCHLORIDE,DRD3
PROMAZINE HYDROCHLORIDE,DRD4
DROPERIDOL,DRD4
L-21649,FLT4
PEGASPARGASE,HLA-DQB1
MYCOPHENOLATE MOFETIL,IL12A
TOCILIZUMAB,FCGR3A
ME-344,NDUFA1
RITUXIMAB,FCGR3A
ME-344,NDUFS2
R547,CDK4
LY404039,GRM2
XL-418,RPS6KB1
LY2979165,GRM2
PUQUITINIB,PIK3CA
CEP-2563,PRKCD
APN1125,CHRNA7
GOLVATINIB,MET
TASELISIB,PIK3CD
IPATASERTIB,AKT1
FAMITINIB,PDGFRA
IPATASERTIB,AKT3
AMP579,ADORA2A
MK0686,BDKRB1
REGRELOR DISODIUM,P2RY12
ETALOCIB,PPARG
LANICEMINE,GRIN1
LANICEMINE,GRIN2A
AQW051,CHRNA7
FARAMPATOR,GRIA4
LOREDIPLON,GABRA1
NALUZOTAN,HTR1A
VOLINANSERIN,HTR2A
DUPILUMAB,IL4R
MARIZOMIB,PSMB8
AMG-108,IL1R1
ONCOLYSIN CD6,CD6
MDX-447,EGFR
QAX-576,IL13
DEXFENFLURAMINE HYDROCHLORIDE,HTR2A
DEXFENFLURAMINE HYDROCHLORIDE,HTR6
ENCAINIDE HYDROCHLORIDE,SCN7A
ENCAINIDE HYDROCHLORIDE,SCN8A
TERODILINE HYDROCHLORIDE,CHRM2
TERODILINE HYDROCHLORIDE,CHRM1
AHN-12,PTPRC
ANIFROLUMAB,IFNAR1
ALLYLESTRENOL,ESR2
BENPERIDOL,DRD2
ACENOCOUMAROL,VKORC1
8H9 131I,CD276
SEVIRUMAB,GH1
MIDAZOLAM HYDROCHLORIDE,GABRA3
ERAVACYCLINE DIHYDROCHLORIDE,RPSA
METHADONE HYDROCHLORIDE,SLC6A4
MANIDIPINE,CACNA1S
PIOGLITAZONE HYDROCHLORIDE,LPL
TENOFOVIR EXALIDEX,ERVW-4
ROVAFOVIR ETALAFENAMIDE,ERVW-4
CLOMIPRAMINE,SLC6A4
CLOMIPRAMINE,NEFM
OXYMORPHONE,COMT
JNJ-40411813,GRM2
ABT-751,TUBB4A
NIVOLUMAB,LAG3
BELORANIB,METAP2
GSK-256066,PDE4B
ALFENTANIL HYDROCHLORIDE,COMT
ATEZOLIZUMAB,ALK
1018 ISS,TLR9
BUNAZOSIN,ADRA1D
JNJ-37822681,DRD2
ILEPATRIL,ACE
PEPINEMAB,SEMA4D
ABEXINOSTAT,HDAC8
TAPINAROF,AHR
REZVILUTAMIDE,AR
ANG1005,TUBB4B
BUCINDOLOL HYDROCHLORIDE,ADRB1
APG-2575,BCL2
BALCINRENONE,NR3C2
"FIBRINOGEN, HUMAN",FGA
PRALUZATAMAB RAVTANSINE,TUBB4A
RECOMBINANT HUMAN INTERLEUKIN-15,IL2RB
DIANICLINE,CHRNA4
ACADESINE,PRKAB2
SHR-1316,CD274
BIFONAZOLE,HMGB1
TRENIBOTULINUMTOXINE,SNAP25
INCOBOTULINUMTOXINA,SNAP25
CETUXIMAB,EGFR
COPANLISIB,PIK3CA
CABOZANTINIB S-MALATE,MET
OMIPALISIB,PIK3R1
IPATASERTIB,AKT1
COPANLISIB,PTEN
IPILIMUMAB,CTLA4
ENDOXIFEN,ESR1
BUPARLISIB,PIK3CG
GEFITINIB,EGFR
IPATASERTIB,AKT1
ERLOTINIB,KDR
DAUNORUBICIN LIPOSOMAL,HTT
CYAZOFAMID,TP53
CEFOTETAN,EHMT2
ANACARDIC ACID,ALOX5
DOXEPIN HYDROCHLORIDE,CYP2D6
SPHONDIN,HSD17B10
CHEMBL:CHEMBL1257092,ADRB2
R-1487,MAPK8
IPRODIONE,PPARG
METHYLERGONOVINE,DRD1
ILEPCIMIDE,NPC1
HESPERADIN,PTK2
CHEMBL:CHEMBL139935,ALDH1A1
CHEMBL:CHEMBL1601846,TNNI3
ADAVOSERTIB,JAK3
OCTYL_GALLATE,AR
SB202190,MAPK1
DOPAMINE,ADRA2A
ALDICARB,NFE2L2
CHEMBL:CHEMBL234338,FEN1
CHEMBL:CHEMBL534423,HSP90AA1
JP1302,WRN
2-MERCAPTOBENZOTHIAZOLE,IDO1
CHEMBL:CHEMBL601146,HTT
ISOFLUPREDONE ACETATE,NFE2L2
CLOFLUCARBAN,AR
CHEMBL:CHEMBL600747,MAPT
TAMATINIB,PRKACA
TAMATINIB,ERBB2
PERVILLEINE B,ABCB1
"6,4'-DIMETHOXYFLAVONE",HSD17B10
RITONAVIR,ABCB1
AGROCLAVINE,EHMT2
CHEMBL:CHEMBL463783,FEN1
METHOTREXATE,CYP2D6
QUERCETIN,NFKB2
QUERCETIN,RELA
QUERCETIN,NFKB1
PAULLONE,SIRT2
EBASTINE,MTOR
RITUXIMAB,ERBB3
PYRITHIONE SODIUM,AR
RESACTIN A,SMAD3
QUERCETIN,POLB
PHENYLPYRUVATE,NFE2L2
TESEVATINIB,ERBB2
A77636,ATXN2
CHEMBL:CHEMBL582471,RAD52
ADAVOSERTIB,ABL1
ADAVOSERTIB,FYN
CHEMBL:CHEMBL260560,NPC1
CHEMBL:CHEMBL234338,POLB
CHEMBL:CHEMBL234338,EHMT2
BENZOTHIAZYL DISULFIDE,HPGD
THIRAM,HPGD
KENPAULLONE,CYP1A2
GLISOFLAVONE,PTPN1
"1,10-PHENANTHROLINE",PPARD
TRIFLUPROMAZINE,CYP2D6
CHEMBL:CHEMBL588525,BRCA1
SB202190,CYP1A2
SU9516,NFE2L2
FEXAGRATINIB,FGFR3
RALOXIFENE HYDROCHLORIDE,EHMT2
DASATINIB ANHYDROUS,MAPK14
CARBIDOPA ANHYDROUS,EHMT2
BENZO[B]FLUORANTHENE,JUN
DOVITINIB,FGFR3
MURAGLITAZAR,PPARD
CHEMBL:CHEMBL1939691,MAPK1
THIORPHAN,HPGD
CHEMBL:CHEMBL546649,BRCA1
SU9516,MTOR
TALIPEXOLE HYDROCHLORIDE,DRD3
EPINEPHRINE,MTOR
PENTACHLOROPHENOL,TP53
DESOXIMETASONE,NFE2L2
CHEMBL:CHEMBL235891,EHMT2
FLUOXYMESTERONE,AR
INTEPIRDINE,HTR6
4'-DEMETHYLEPIPODOPHYLLOTOXIN,AR
E927A,HSD17B10
PENTABROMOPHENOL,PLK1
FLUOXASTROBIN,NR1H4
CHEMBL:CHEMBL168075,NFE2L2
CHR-3996,HDAC1
CHEMBL:CHEMBL581677,HTT
CHEMBL:CHEMBL587259,CYP2D6
CHEMBL:CHEMBL534353,SNCA
ALVESPIMYCIN,HSP90AA1
METHOTREXATE,PPARG
RALOXIFENE HYDROCHLORIDE,PPARD
TRICHOSTATIN A,HDAC3
TAMATINIB,TYK2
RO31-8220,SIRT2
VITAMIN A,ALDH1A1
CHEMBL:CHEMBL601146,SMAD3
ARASERTACONAZOLE,CYP2D6
CHEMBL:CHEMBL1498652,GMNN
KENPAULLONE,FYN
(S)-PROMETHAZINE,ALOX15
GERONTOXANTHONE A,RARA
PROTOPORPHYRIN,PLK1
SORAFENIB,CSF1R
DACINOSTAT,HDAC8
BORTEZOMIB,NFE2L2
CHEMBL:CHEMBL74852,TARDBP
FENCLONINE,EHMT2
3-O-METHYLQUERCETIN,ADRB2
CHEMBL:CHEMBL260028,SMN1
BIOALLETHRIN S-CYCLOPENTENYL ISOMER,PPARD
INDOPROFEN,SMN2
NITROMIDE,NFE2L2
PURPURIN,PLK1
[3H]GBR12935,CYP2D6
STILBAMIDINE,PRMT1
OCHRATOXIN A,THRB
CHEMBL:CHEMBL374632,TP53
SB202190,MAP4K4
REGORAFENIB,KDR
CHEMBL:CHEMBL593110,AR
CORYNANTHINE,CYP1A2
DASATINIB ANHYDROUS,PDGFRB
"4,4'-DIMETHOXYDALBERGIONE",VDR
SORAFENIB,MAP2K1
DICHLON,NFE2L2
E927A,HPGD
ANETHOLE TRITHIONE,NFE2L2
SSR180711,CHRNA7
ELLAGIC ACID,HSD17B10
AROMATICIN,SMAD3
CHEMBL:CHEMBL1650245,HDAC4
CHEMBL:CHEMBL1650245,HDAC1
CHEMBL:CHEMBL171699,PLK1
PURPURIN,APEX1
CHEMBL:CHEMBL602923,SMAD3
CHEMBL:CHEMBL1379243,PIK3CA
CHEMBL:CHEMBL1270169,EHMT2
CHEMBL:CHEMBL602807,POLB
PHENOBARBITAL,CYP1A2
CHEMBL:CHEMBL606456,EHMT2
PICEATANNOL,FEN1
CLOFIBRATE,TP53
AURINTRICARBOXYLIC ACID,RGS4
FORMESTANE,AR
DYCLONINE HYDROCHLORIDE,EHMT2
RG-1530,PDGFRB
QUIPAZINE,CYP1A2
PD-98059,NPC1
CHEMBL:CHEMBL201325,NFKB2
VANDETANIB,RET
DEXPROPRANOLOL,TSHR
FURAZOLIDONE,TP53
VASCULAR DISRUPTING AGENT BNC105P,TPPP
BORTEZOMIB,PSMD2
LORACARBEF,AR
PIRIQUALONE,GMNN
PYRITHIONE SODIUM,NFE2L2
CHEMBL:CHEMBL51697,CYP2D6
CHEMBL:CHEMBL530049,KLF5
BIOTIN,IDE
CHEMBL:CHEMBL444075,ABCB1
DACOMITINIB ANHYDROUS,EGFR
EUPALININ A,AKT1
CHEMBL:CHEMBL171699,ALDH1A1
(R)-MELPHALAN,HIF1A
CHEMBL:CHEMBL584868,EHMT2
FP-1039,FGFR2
CHEMBL:CHEMBL591834,AGTR1
DESLANOSIDE,AR
CHEMBL:CHEMBL151797,HSD17B10
CHEMBL:CHEMBL609438,POLB
FLUOCINONIDE,AR
KAEMPFERIDE,NFKB1
CLOBETASOL,AR
TARANABANT,CNR1
ALLANTOIN,AR
EMODIN,TP53
FLUPENTHIXOL,CYP1A2
FLUPIRTINE MALEATE,MAPT
DIHYDROGAMBOGIC ACID,MAPT
CHEMBL:CHEMBL602807,ALDH1A1
CHLOROETHYLCLONIDINE,EHMT2
SALIRASIB,CYP1A2
CHEMBL:CHEMBL1688556,GMNN
SEPIAPTERIN,USP1
CHEMBL:CHEMBL362863,CYP2D6
CHEMBL:CHEMBL528181,MAPT
CLOFIBRATE,CDK1
ISOPROTERENOL,VDR
DL-TBOA,CYP2D6
FENBUCONAZOLE,NFE2L2
CHEMBL:CHEMBL1452227,NPC1
CHEMBL:CHEMBL591412,NFE2L2
FLUOXYMESTERONE,NR3C1
ABT-751,TUBB4A
CHEMBL:CHEMBL486706,FEN1
ILORASERTIB,MAP4K4
CHEMBL:CHEMBL602127,GMNN
CHRYSIN,CYP1A2
CHEMBL:CHEMBL606456,RAD54L
ENTRECTINIB,IGF1R
SERTACONAZOLE NITRATE,EHMT2
(4-CHLOROPHENYL)(MORPHOLINO)METHANETHIONE,HPGD
CHEMBL:CHEMBL563919,SMN2
KENPAULLONE,CDK5
CHEMBL:CHEMBL602969,MAPT
CHEMBL:CHEMBL1379900,MAPT
CHEMBL:CHEMBL64239,TARDBP
DIETHYLTOLUAMIDE,HPGD
PROTOPORPHYRIN DISODIUM,FEN1
PHENOTHIAZINE,GAA
CHRYSIN,ALDH1A1
CHEMBL:CHEMBL1456848,SMAD3
CHEMBL:CHEMBL586029,GMNN
AGROCLAVINE,DRD3
CHEMBL:CHEMBL171699,HTT
FISETIN,APEX1
ELLAGIC ACID,FEN1
GALLAMINE,EHMT2
CHEMBL:CHEMBL588525,NPC1
HESPERADIN,STK4
SR59230A,TSHR
SOBUZOXANE,EHMT2
AGROCLAVINE,MAPT
CHEMBL:CHEMBL407501,TP53
GARDENIN,ALDH1A1
PURPURIN,USP1
QUINACRINE,USP1
IMINOSTILBENE,GAA
HESPERADIN,RET
ANAZOLENE,KAT2A
LOVASTATIN,EHMT2
LABETALOL,HPSE
DEXAMETHASONE SODIUM PHOSPHATE,NFE2L2
"(R,S)-INDATRALINE",CYP1A2
CHEMBL:CHEMBL586937,FASN
2-IODOACETAMIDE,RGS4
HESPERADIN,SRC
3-METHYLCHOLANTHRENE,MAPT
CHEMBL:CHEMBL487046,HSPA8
DASATINIB ANHYDROUS,KDR
CHLORDANE,AR
TALIPEXOLE HYDROCHLORIDE,RAD52
BECLOMETHASONE,HIF1A
TAMATINIB,RET
CHEMBL:CHEMBL224032,EHMT2
SB202190,GAK
ALLOPURINOL,CYP1A2
BENZO[B]FLUORANTHENE,AHR
CHOLECALCIFEROL,GMNN
PENTACHLOROPHENOL,TSHR
ETHYNODIOL DIACETATE,AR
BIFONAZOLE,PLA2G1B
AZATHIOPRINE,TP53
CEPHALOTHIN,WRN
CHEMBL:CHEMBL538104,MAPT
CALCIFEDIOL ANHYDROUS,GMNN
CALCIMYCIN,NFE2L2
CYANOPEPTOLIN S,PRSS3
ACETALDEHYDE,AR
PROADIFEN,CYP2D6
EMODIN,NFE2L2
BERKELEYDIONE,CASP1
EMODIN,PIK3CA
CHEMBL:CHEMBL1503729,PLK1
3-METHOXYCATECHOL,ALDH1A1
CHEMBL:CHEMBL1271059,GMNN
ARISTOYUNNOLIN A,MAPK3
HYDRASTININE HYDROCHLORIDE,HSPB1
CHEMBL:CHEMBL365617,CSF1R
ETHYNODIOL DIACETATE,NFE2L2
CHEMBL:CHEMBL392068,PSEN1
LABETALOL,CYP1A2
CHEMBL:CHEMBL582507,CYP1A2
KERACYANIN,BAX
MODAFINIL,CYP1A2
CARUBICIN,HTT
CHEMBL:CHEMBL294747,CYP1A2
SB202190,NTRK2
MITOMYCIN,AR
ERLOTINIB,RET
ESTRADIOL ENANTHATE,AR
MEPRYLCAINE,CYP2D6
CHEMBL:CHEMBL151146,FEN1
CHEMBL:CHEMBL1362503,ATXN2
CHEMBL:CHEMBL2208196,PPARG
CHEMBL:CHEMBL478754,FEN1
AZEPANE,ALDH1A1
PLUMBAGIN,ERBB2
METHYSERGIDE,RGS4
PSEUDOEPHEDRINE,CYP2D6
CHEMBL:CHEMBL2094549,CYP1A2
BIFENAZATE,NFE2L2
FLAVOKAWAIN A,ABCB1
TOSUFLOXACIN TOSYLATE,NFE2L2
HALOFANTRINE HYDROCHLORIDE,HSP90AA1
PYRITHIONE ZINC,ALOX15
VOLVALERENAL D,MAPK3
PIFEXOLE,NFE2L2
IDARUBICIN,MTOR
ENROFLOXACIN,EHMT2
CHEMBL:CHEMBL1256778,DRD3
OLEIC ACID,HSD17B10
PROCHLORPERAZINE,GMNN
THIRAM,VDR
CHEMBL:CHEMBL586029,EHMT2
SB202190,CYP2D6
TUBERATOLIDE A,NR1H4
CHEMBL:CHEMBL84472,AR
DELAVIRDINE,ABCB1
NARINGIN,HPSE
"1,10-PHENANTHROLINE",HSPB1
CHEMBL:CHEMBL478754,CASP6
ALPHA-THUJAPLICIN,TYR
ACAMPROSATE CALCIUM,NFE2L2
MELATONIN,CYP1A2
ILORASERTIB,PTK2B
MEPINDOLOL,ADRB1
CHEMBL:CHEMBL2203703,TACR1
CHEMBL:CHEMBL1362503,GMNN
TRICHOSTATIN A,SMN1
CHEMBL:CHEMBL532160,GMNN
TRICHOSTATIN A,SMN2
CHEMBL:CHEMBL605077,MAPT
RALOXIFENE HYDROCHLORIDE,ESR1
TERAZOSIN,CYP1A2
PD-98059,CYP2D6
WARFARIN,TP53
DICYCLOHEXYLCARBODIIMIDE,NFE2L2
CHEMBL:CHEMBL1255944,FEN1
CELECOXIB,NFE2L2
CHEMBL:CHEMBL601768,SMAD3
CHEMBL:CHEMBL515252,APEX1
GAMMA-CYHALOTHRIN,NFE2L2
PHENOTHIAZINE,PPARG
MADOLIN T,MAPK3
EOSIN_Y,CTNNB1
THONZONIUM,USP1
AROMATICIN,NFE2L2
BENZALDEHYDE,ALDH1A1
CHRYSIN,TYR
ACRISORCIN,HSD17B10
ILORASERTIB,MST1R
IMIPRAMINE HYDROCHLORIDE,NR1H4
CHEMBL:CHEMBL602400,RAD54L
CHEMBL:CHEMBL601952,MAPT
CHEMBL:CHEMBL580819,PTK2B
CHEMBL:CHEMBL581872,NFE2L2
EVOXINE,HSD17B10
ILORASERTIB,CSNK1D
LAPACHONE,CYP2D6
SORAFENIB,PDGFRB
KHRINONE E,HSD17B10
AMOROLFINE,AR
MIDAZOLAM HYDROCHLORIDE,BRD4
PHENOXYCARB,NFE2L2
BORTEZOMIB,AR
CHEMBL:CHEMBL1481721,BRCA1
QUINPIROLE,DRD3
FLUOROMETHOLONE,AR
MONOBENZONE,NFE2L2
ENTRECTINIB,MET
LINTITRIPT,USP1
CHEMBL:CHEMBL74852,VDR
PD-146176,KAT2A
GEFITINIB,EGFR
INOTUZUMAB OZOGAMICIN,ABL1
ALVOCIDIB,CDK1
XL228,FGFR2
PONATINIB,FGFR2
PONATINIB,FGFR1
DACOMITINIB ANHYDROUS,ERBB4
XL228,IGF1R
BI-847325,MAP2K2
RUXOLITINIB,JAK1
SELUMETINIB,MAP2K1
BMS-536924,IGF1R
MIRDAMETINIB,MAP2K2
GDC-0623,MAP2K1
CI-1040,MAP2K2
SORAFENIB,PDGFRB
ALPELISIB,PIK3R1
APITOLISIB,PIK3R1
APITOLISIB,PIK3CB
GSK-2636771,PIK3CA
SONOLISIB,PIK3R4
SF1126,PIK3CG
SF1126,PIK3CD
SF1126,PIK3C3
SONOLISIB,PIK3C3
CRIZOTINIB,ALK
OMIPALISIB,PIK3R1
LUCITANIB,KDR
LUCITANIB,FGFR1
COPANLISIB,PIK3CA
REFAMETINIB,MAP2K1
MASITINIB,PDGFRB
CABOZANTINIB S-MALATE,MET
TOVORAFENIB,RAF1
EPIRUBICIN,ABCB1
GREEN TEA EXTRACT,ABCB1
DIMETHYL SULFOXIDE,ABCB1
HISTONE DEACETYLASE INHIBITOR,ABCB1
TEGAFUR-URACIL,AFP
BUTHIONINE SULFOXIMINE,APOE
TRIAMCINOLONE,APOE
CAMPTOTHECIN,BDNF
FLURBIPROFEN,BDNF
MIFEPRISTONE,BDNF
INDOMETHACIN,BDNF
MARIJUANA,BDNF
CALCITONIN,BGLAP
ETIDRONATE DISODIUM,BGLAP
INFLIXIMAB-DYYB,BGLAP
COUMARIN,BGLAP
HISTONE DEACETYLASE INHIBITOR,CDKN1C
FINASTERIDE,CFLAR
AMIKACIN,CSF2
CARVEDILOL,CYP1A2
METOCLOPRAMIDE HYDROCHLORIDE,CYP1A2
HYDRAZINE,CYP1A2
SPIRONOLACTONE,CYP1A2
NAPROXEN SODIUM,CYP1A2
ASCORBIC ACID,DDIT3
CYCLOSPORINE,DDIT3
ANTIOXIDANT,DIABLO
FLOXURIDINE,DNMT1
OXIDOPAMINE,DRD2
INDOMETHACIN,ENO2
BLEOMYCIN,F2R
PAREGORIC,F2R
RECOMBINANT INTERLEUKIN-8,FCGR3A
BETA-GLUCAN,FCGR3B
THALIDOMIDE,FCGR3A
8-AZAGUANINE,GDA
CARVEDILOL,GJA1
MECHLORETHAMINE,GSR
CEFOTAXIME SODIUM,GSR
VITAMIN A,GSR
LYCOPENE,GSTP1
DAUNORUBICIN LIPOSOMAL,GSTP1
DOCETAXEL ANHYDROUS,GSTP1
IMMUNOSUPPRESSANT,IL1A
CYCLOSPORINE,IL2
QUININE,IL2
PHYTOCHEMICAL,IL2
RECOMBINANT CYTOKINE,IRF1
COLCHICINE,ITGB2
THALIDOMIDE,ITGB2
PREDNISOLONE,LCAT
DOXIFLURIDINE,MAPK1
IMMUNOSUPPRESSANT,MAPK3
DOXYCYCLINE ANHYDROUS,MPO
INDOMETHACIN,NFE2L2
DEXTRAN SULFATE SODIUM,NFE2L2
ANTIDEPRESSANT AGENT,NOS2
ROSIGLITAZONE,NPY
PROGESTERONE,PAX2
PROTEIN KINASE INHIBITOR,PLAU
GELDANAMYCIN,PLAU
FAT EMULSION,PLG
ANTIOXIDANT,PRDX1
PROTEIN KINASE INHIBITOR,PTPRC
HISTONE DEACETYLASE INHIBITOR,RET
TRETINOIN,RET
SOMATROPIN (RECOMBINANT DNA ORIGIN),SHBG
GLIPIZIDE,SLC2A4
BUTHIONINE SULFOXIMINE,SLC2A4
INDOMETHACIN,SLC2A4
TRIAMCINOLONE,SLC2A1
CALCITONIN,SPP1
ANTISENSE OLIGONUCLEOTIDES,SOCS3
GENTAMICIN,SPP1
PAREGORIC,SYP
INDOMETHACIN,STAT6
WORTMANNIN,TAC1
RECOMBINANT TRANSFORMING GROWTH FACTOR,TBX21
MITOMYCIN,TAT
TRETINOIN,TGFB1
GINKGO BILOBA EXTRACT,THBD
CAMPTOTHECIN,XRCC5
GEFITINIB,EGFR
POZIOTINIB,EGFR
ABEMACICLIB,CDK4
IMATINIB,ABL1
ASCIMINIB,ABL1
FLUVASTATIN,APOE
VALPROIC ACID,ABAT
DOXORUBICIN HYDROCHLORIDE,ABCC9
DAUNORUBICIN LIPOSOMAL,ABCC9
DINUTUXIMAB,MYCN
FUROSEMIDE,ACE
ALBUTEROL SULFATE,CLOCK
DOXEPIN HYDROCHLORIDE,SLC6A4
PAZOPANIB,KDR
DOCETAXEL ANHYDROUS,HNF4A
EFAVIRENZ,HNF4A
IGURATIMOD,ABCG2
DOXORUBICIN HYDROCHLORIDE,ABCG2
CABAZITAXEL,ABCB1
ROPINIROLE,DRD2
FLECAINIDE ACETATE,ADRB1
POSIPHEN,APP
ACEBUTOLOL,ADRB1
EPINEPHRINE,ADRB1
MONOAMINE OXIDASE INHIBITOR,ABCB1
LIOTHYRONINE,ABCB1
LEVOFLOXACIN ANHYDROUS,ABCB1
METHADONE HYDROCHLORIDE,ABCB1
CIMETIDINE,ABCB1
MODAFINIL,ABCB1
ASTEMIZOLE,ABCB1
ARIPIPRAZOLE LAUROXIL,DRD2
OLANZAPINE,HTR1A
FLUPENTHIXOL,NFKB1
MILNACIPRAN,HTR1A
ZIPRASIDONE,RGS4
SETMELANOTIDE,PCSK1
SETMELANOTIDE,POMC
ACLIDINIUM,CHRM1
AC430,JAK2
ARTEMISININ,CYP2B6
EPINEPHRINE,ADRA1A
CAPECITABINE,CYP1A1
CAPECITABINE,TENM4
VORTIOXETINE HYDROBROMIDE,CYP2D6
DOCETAXEL ANHYDROUS,XRCC3
OXALIPLATIN,XRCC3
SUMATRIPTAN,DBH
DOCETAXEL ANHYDROUS,ATP7A
LISINOPRIL ANHYDROUS,BDKRB2
OXALIPLATIN,SELE
OXALIPLATIN,PTGS2
OXALIPLATIN,CSMD1
GLATIRAMER,TGFB1
VINORELBINE,MTHFR
L-METHYLFOLATE,MTHFR
ALECTINIB,ALK
VERAPAMIL,KCNIP1
GRANISETRON,CYP1A1
LUSUTROMBOPAG,F2
PHENOBARBITAL,CYP1A1
BALSALAZIDE,ALOX5
SIROLIMUS,IL10
ALDOPHOSPHAMIDE,ALDH1A1
DAUNORUBICIN LIPOSOMAL,ATP7B
SOFOSBUVIR/VELPATASVIR,IFNL3
DAUNORUBICIN LIPOSOMAL,BMP7
DAUNORUBICIN LIPOSOMAL,IGHMBP2
DAUNORUBICIN LIPOSOMAL,GSTP1
DAUNORUBICIN LIPOSOMAL,NOS3
DOXORUBICIN HYDROCHLORIDE,XRCC1
PITRAKINRA,IL4R
GOSERELIN ACETATE,ESR2
DOCETAXEL ANHYDROUS,ESR2
PITAVASTATIN,HMGCR
EFAVIRENZ,NAT2
VILAZODONE HYDROCHLORIDE,SLC6A4
HYDROCHLOROTHIAZIDE,FTO
LIOTHYRONINE,FKBP5
PREDNISONE,NOS3
DOCETAXEL ANHYDROUS,PPARD
HYDROCHLOROTHIAZIDE,RAD52
BALSALAZIDE,PPARG
DASATINIB ANHYDROUS,ABL1
METHADONE HYDROCHLORIDE,NR1I3
4-PHENYLBUTYRIC ACID,HDAC9
4-PHENYLBUTYRIC ACID,HDAC8
AZD1480,JAK2
AZD-8330,MAP2K1
LITRONESIB,KIF11
AMLODIPINE BESYLATE,CACNA1S
SOMATROPIN (RECOMBINANT DNA ORIGIN),GHR
ARZOXIFENE,ESR1
ASENAPINE,HRH1
PHENTOLAMINE,ADRA1A
CEQ508,CTNNB1
BIMOSIAMOSE,SELP
CPG 10101,TLR9
PRAVASTATIN SODIUM,HMGCR
ETILEVODOPA,DRD1
ANDROGEN RECEPTOR ANTISENSE OLIGONUCLEOTIDE EZN-4176,AR
FEXOFENADINE HYDROCHLORIDE,HRH1
FP-1039,FGFR1
BOSUTINIB,ABL1
AVAGACESTAT,NCSTN
LAMOTRIGINE,SCN2A
LEVOSIMENDAN,KCNJ11
CARICOTAMIDE,NQO2
MC-1,P2RY1
ASPIRIN,PTGS2
METHYLPHENIDATE HYDROCHLORIDE,SLC6A4
MOCETINOSTAT,HDAC4
MOCETINOSTAT,HDAC1
MOCETINOSTAT,HDAC3
ONARTUZUMAB,MET
MIRTAZAPINE,ADRA2A
MOTEXAFIN GADOLINIUM,TXNRD1
MOTESANIB,KDR
CLAZOSENTAN,EDNRA
NARATRIPTAN,HTR1A
NERAMEXANE,GRIN2A
NECITUMUMAB,EGFR
NGX267,CHRM1
CUDC-101,HDAC9
TIZANIDINE HYDROCHLORIDE,ADRA2A
CANOCTAKIN,CXCR2
PAZOPANIB,KDR
DARIFENACIN,CHRM3
PENTOXIFYLLINE,ADORA2A
DACOMITINIB ANHYDROUS,ERBB4
PERIFOSINE,AKT1
PITAVASTATIN,HMGCR
ARCHEXIN,AKT1
SURINABANT,CNR1
TRAFERMIN,FGFR2
VALPROIC ACID,ABAT
VALPROIC ACID,HDAC9
VERAPAMIL,CACNA1S
DG031,ALOX5AP
VOLINANSERIN,HTR2A
VIDOFLUDIMUS,IL17C
DESONIDE,NR3C1
WX-554,MAP2K2
LEVODOPA,DRD2
CLOZAPINE,DRD2
CLOZAPINE,HTR2A
DESFLURANE,GRIA1
ELAFIN,ELANE
DEXMEDETOMIDINE HYDROCHLORIDE,ADRA2A
DESOXYCORTICOSTERONE PIVALATE,NR3C2
DESFLURANE,KCNA1
ESMOLOL,ADRB1
FOSINOPRIL,ACE
ENTINOSTAT,HDAC1
HEXAFLUORENIUM,BCHE
HEXOBARBITAL,CHRNA7
GUANABENZ,ADRA2A
INTERFERON ALFACON-1,IFNAR2
PEGINTERFERON ALFA-2A,IFNAR2
PEGINTERFERON ALFA-2A,IFNAR1
UROFOLLITROPIN,LHCGR
METHANTHELINE,CHRM1
MEPHENTERMINE,ADRA1A
METHSCOPOLAMINE,CHRM1
NEFAZODONE,SLC6A4
NEFAZODONE,HTR2A
GLIMEPIRIDE,KCNJ11
NADOLOL,ADRB2
NOREPINEPHRINE,ADRA2A
ORPHENADRINE,GRIN1
NITRAZEPAM,GABRA3
TOLMETIN,PTGS1
THIORIDAZINE,ADRA1A
DASATINIB ANHYDROUS,ABL1
BUTABARBITAL,GRIA2
DANAZOL,ESR1
DASATINIB ANHYDROUS,PDGFRB
DACLIZUMAB,IL2RA
DESLORATADINE,HRH1
DEXTROAMPHETAMINE SULFATE,SLC6A3
ZALUTUMUMAB,EGFR
DICYCLOMINE HYDROCHLORIDE,CHRM1
ECHOTHIOPHATE IODIDE,BCHE
ABCIXIMAB,ITGB3
EPTIFIBATIDE,ITGB3
IAP INHIBITOR HGS1029,BIRC3
FESOTERODINE,CHRM1
ILOPROST,PTGIR
FEXOFENADINE HYDROCHLORIDE,HRH1
FLUOXYMESTERONE,AR
GEFITINIB,EGFR
METHYLHOMATROPINE,CHRM3
ISOFLURANE,GABRA1
METHANTHELINE,CHRM1
METHYSERGIDE,HTR2A
PROMAZINE,HRH1
DUTASTERIDE,SRD5A2
SUNITINIB,PDGFRA
INSM-18,IGF1R
RUXOLITINIB,JAK2
INCB7839,ADAM17
ZICRONAPINE,DRD2
ENOTICUMAB,DLL4
RECOMBINANT INTERLEUKIN-1,IL1R2
SAR247799,S1PR1
BUDIODARONE,CALCA
BUDIODARONE,SLC25A20
ESTETROL,ESR1
INTERFERON ALFA,IFNAR2
ENTOLIMOD,TLR5
GSK1795091,TLR4
KETOROLAC TROMETHAMINE,PTGS2
NUCLEOLIN ANTAGONIST IPP-204106N,NCL
NISEVOKITUG,TGFB1
LIPID NANOPARTICLE ENCAPSULATED OX40L MRNA-2416,TNFRSF4
KD3010,PPARD
KETOROLAC TROMETHAMINE,PTGS1
REPOTRECTINIB,NTRK1
LURASIDONE HYDROCHLORIDE,HTR2A
IL-2/9/15 GAMMA CHAIN RECEPTOR INHIBITOR BNZ-1,IL9
OLOPATADINE,HRH1
OSTABOLIN-C,PTH1R
LX2931,SGPL1
R1295,ITGA4
RELAMORELIN,GHRL
PCO-371,PTH1R
THYMOSIN BETA-4,NFKB2
AZD1656,GCK
VALILTRAMIPROSATE,APP
AZD9056,P2RX7
ENSIFENTRINE,PDE4B
TALMAPIMOD,MAPK14
SOLIFENACIN,CHRM1
TAZAROTENE,RARA
BRADANICLINE,CHRNA7
TASOCITINIB,JAK3
LAPATINIB,ERBB2
TIVANTINIB,MET
TRIAMCINOLONE,NR3C1
BIMIRALISIB,PIK3CB
ZOLPIDEM TARTRATE,GABRG3
METFORMIN GLYCINATE,INSR
TAVILERMIDE,NTRK1
DECOGLURANT,GRM2
BIO1211,ITGA4
SARIPIDEM,GABRG3
LOMERIZINE,XK
ENALAPRILAT ANHYDROUS,ACE
IMATINIB,ABL1
INCOBOTULINUMTOXINA,SNAP25
ROMIPLOSTIM,KDR
EPINEPHRINE,ADRA2A
RECOMBINANT ADENOVIRUS 5 ENCODING TUMOR NECROSIS FACTOR-RELATED APOPTOSIS-INDUCING LIGAND,TNFSF10
MELAGATRAN,F2
CILASTATIN,DPEP1
"3,4-METHYLENEDIOXYMETHAMPHETAMINE",SLC18A2
PERHEXILINE,CPT1B
ILOPROST,PTGER2
CANERTINIB DIHYDROCHLORIDE,EGFR
NILUTAMIDE,AR
IODIPAMIDE,ALB
QUINAPRIL,ACE
APREPITANT,TACR1
COCAINE,SLC6A4
FLUNITRAZEPAM,TSPO
METHYLENE BLUE ANHYDROUS,GC
CLIDINIUM,CHRM1
TRELANSERIN,HTR2A
XL228,SRC
PODOFILOX,IGF1R
XL228,ABL1
GEVOKIZUMAB,IL1B
ZOLMITRIPTAN,HTR1F
BENZTROPINE,SLC6A3
BERZOSERTIB,MTOR
BENZQUINAMIDE,CHRM1
MIRABEGRON,ADRB3
BUCLIZINE,CHRM1
AZ-4217,BACE1
CABERGOLINE,DRD2
JNJ-37822681,DRD2
CHLORPROTHIXENE,HTR2C
CHLORPROTHIXENE,HRH1
DINOPROSTONE,PTGER1
INSULIN PEGLISPRO,INS
ANTI-EGFRVIII ANTIBODY DRUG CONJUGATE AMG 595,EGFR
VERDIPERSTAT,MPO
DYPHYLLINE,PDE4B
DIPHENHYDRAMINE,HRH1
MACITENTAN,EDNRB
CINOLAZEPAM,TSPO
INSULIN DEGLUDEC,INS
FENOPROFEN,PTGS1
PERHEXILINE,CPT1A
AVUTOMETINIB,SGSM3
PROCYCLIDINE,CHRM2
PROTRIPTYLINE,SLC6A4
APOMORPHINE,DRD1
TISAGENLECLEUCEL,CD19
ALLOGENEIC ANTI-CD19-CAR-CD28-IL-15-EXPRESSING NATURAL KILLER T-CELLS,CD19
CRIZOTINIB,ALK
AMILORIDE,ASIC1
METHYLDOPATE HYDROCHLORIDE,ADRA2A
PAN-PI3K INHIBITOR CLR457,PIK3CG
CEP-37440,PTK2
NIROGACESTAT,GLUL
PG-102,CD40LG
APOMORPHINE,DRD5
ASPIRIN,PTGS2
SAXAGLIPTIN ANHYDROUS,DPP4
PEMETREXED DISODIUM,DHFR
ALENDRONATE SODIUM,FDPS
COAGULATION FACTOR VIIA (RECOMBINANT)-JNCW,F7
BROMODIPHENHYDRAMINE,HRH1
BUTALBITAL,GRIK2
ADINAZOLAM,GABRA1
ADINAZOLAM,GABRA3
BUTOBARBITAL,CHRNA4
TISAGENLECLEUCEL,CD19
ACENOCOUMAROL,VKORC1
CABOZANTINIB S-MALATE,MET
DOXEPIN HYDROCHLORIDE,HRH1
GOLIMUMAB,TNF
MORNIFLUMATE,COX8A
PROCATEROL,ADRB2
SEBELIPASE ALFA,LIPA
SULODEXIDE,SERPINC1
VANDETANIB,EGFR
CHLOPHEDIANOL,HRH1
SNS-032,CDK7
BELNACASAN,CASP1
BQ-123,EDNRA
CARPHENAZINE,DRD1
CFZ533,CD40
CARPHENAZINE,DRD2
VOPRATELIMAB,ICOS
RETIFANLIMAB,PDCD1
"3,4-METHYLENEDIOXYMETHAMPHETAMINE",SLC6A4
S-15535,HTR1A
CINNARIZINE,HRH1
IPATASERTIB,AKT1
[3H]WAY100635,A1BG
ALNIDITAN,A2M
ZOLMITRIPTAN,A2M
PERGOLIDE,HTR2C
ERGOTAMINE,HTR2C
SB 224289,HTR2C
DARIFENACIN,CHRM3
CYCLOSPORINE,ABCG2
ML347,DNM2
CHLORPROTHIXENE,HTR2C
LABETALOL,ABCA4
CHLORPROMAZINE,AOC1
YOHIMBINE,AOC1
FK-453,ABAT
APNEA,ABCA1
CYCLOPENTYLADENOSINE,ABCA1
LEVODOPA,DRD2
LEVOCABASTINE,HRH1
20-HYDROXY-LTB4,AMFR
LISURIDE,DRD1
COMPOUND 13A [PMID: 23639540],DNMT1
GSK852,EFNA3
APABETALONE,BRD3
LISINOPRIL ANHYDROUS,ACE
GW841819X,EFNA3
LOVASTATIN,HMGCR
MEDRYSONE,PLA2G4A
"[DES-PHE9,DES-ARG10]KALLIDIN",ASIC1
JMV1431,ASIC1
NVP-SAA164,ASIC1
"[D-LYS1,DES-ARG10]KALLIDIN",ASIC1
MEMANTINE HYDROCHLORIDE,GRIN2B
[DES-ARG10]ICATIBANT,ASIC1
ANATIBANT,BDKRB2
NDT9513727,ACACB
LACTOMEDIN 1,ACACB
DICHLORPHENAMIDE,GAPDH
NI2+,ATP6V1G2
PETESICATIB,FOS
MECLOFENAMATE,PTGS2
FLUFENAMIC ACID,C1R
FLUFENAMIC ACID,GJB1
OCTANOL,GJB1
CA2+,C5AR1
FASCAPLYSIN,CDK4
ULECACICLIB,CDK4
PURVALANOL B,CDK4
BMS-387032,CDK4
MILCICLIB,EIF4E
TANUXICICLIB,EIF4EBP1
ULECACICLIB,EIF4EBP1
PURVALANOL B,EIF4E
BMS-387032,EIF4G1
CHRYSIN,CYP1B1
VOXELOTOR,MAP3K8
PHENINDIONE,VKORC1
PIMOZIDE,ALDH1A1
PEROSPIRONE,ALDH1A1
PHENTOLAMINE,ADRA2A
L-NNA,NOS3
TULMIMETOSTAT,EZH2
BI-4142,DXO
PAMIDRONATE,BLVRA
CATEQUENTINIB,DPYSL2
ROGARATINIB,DPYSL2
"COMPOUND 7 [NGUYEN ET AL., 2023]",DPYSL2
TOCERANIB,DPYSL2
"COMPOUND 7 [NGUYEN ET AL., 2023]",SLC26A3
ROGARATINIB,DR1
NINTEDANIB ESYLATE,DR1
FUTIBATINIB,SLC26A3
CATEQUENTINIB,DRD1
DOVITINIB,DRD1
ILORASERTIB,DRD3
NINTEDANIB ESYLATE,DRD3
UROFOLLITROPIN,ALS3
RO4938581,GABRA1
ZK93423,ARNT
PRIMIDONE,GRIK2
TP003,ARNT
GANAXOLONE,GABRA1
RO19-4603,GABRA1
[35S]TBPS,GABRA1
PSEUDOEPHEDRINE,ADRB2
BPH-742,CXCR5
SELFOTEL,GRIN2B
KETAMINE HYDROCHLORIDE,GRIN2B
ALBUTEROL SULFATE,ADRB2
TAMSULOSIN HYDROCHLORIDE,ADRA1D
THIETHYLPERAZINE,CHRM2
BALANOL,CST2
TETRABENAZINE,SLC18A2
GRP94 INHIBITOR 54,GRIN2B
NEXTURASTAT A,GART
BUMETANIDE,ADAM10
THEOPHYLLINE,ADORA2A
"COMPOUND 5 [NOBLE ET AL., 1992]",CSNK1D
TOLCAPONE,COMT
TOLTERODINE,CHRM3
FAMITINIB,DRD2
ILORASERTIB,DRD2
BX-795,DRD2
CATEQUENTINIB,DRD2
TRIDIHEXETHYL,CHRM3
KB-130015,BAD
CORREOLIDE,ATP7B
VORINOSTAT,HDAC6
3-HYDROXYBENZYLHYDRAZINE,CNTFR
VORINOSTAT,HDAC1
2-OLEOYL-LPA,BIN1
THIOUREIDOBUTYRONITRILE,TP53
MOCETINOSTAT,HDAC9
ASIP [90-132 (L89Y)],ANG
"(2R,3R)-APDC",SLC25A4
JNJ-40068782,ANPEP
SELUMETINIB,MAP2K1
MSC2032964A,MAP3K5
G100,TLR4
DYNORPHIN A,APOF
UFP-512,APOF
ABBV-257,IL17A
TETRODOTOXIN,BAX
RELUTRIGINE,BBS1
BATRACHOTOXIN,SCN9A
PYRROLOPYRIMIDINE 48 [PMID: 22318156],SCN9A
GSK-3179106,RET
PHA-543613,ATF4
SILDENAFIL,SLCO1B3
"[3H]CCK-8 (HUMAN, MOUSE, RAT)",SLCO1B3
BEPAFANT,APLP2
PACMILIMAB,CD274
ISOX-CHA-CHG-ALA-ARG-DPR(4FB)-NH2,APOE
[3H]GLYSAR,SLC15A2
"15-DEOXY-&DELTA;-12,14-PROSTAGLANDIN J2",CCND1
FMOC-L-LEUCINE,CCND1
COMPOUND 12B [PMID: 31465220],F5
DACTOLISIB,F5
ECF309,F5
COMPOUND 7 [PMID: 31955578],F5
INAVOLISIB,PIK3CB
RPI-MN,CHRNA4
FIMEPINOSTAT,PIK3CB
STX-478,F5
SAMOTOLISIB,PIK3CB
NEMIRALISIB,PIK3CB
ZSTK474,PIK3CB
BC11-38,COMP
[125I]PRRP-20 (HUMAN),APOA4
PRRP-31,APOA4
"[125I][NLE8,21,TYR34]PTH-(1-34)-NH2 (RAT)",XIAP
TERIPARATIDE,XIAP
H3 AC-B10-27(13-17 HC),APRT
COMPOUND 15 [PMID: 33738061],AMY2A
SIPONIMOD,AMY2A
RIVIPANSEL,SELP
AMOXAPINE,CD9
NC 8-12,FASLG
PASIREOTIDE,FASLG
[D-TYR8]CYN 154806,FAS
IN-NODAGATOC,FASLG
[D-TYR8]CYN 154806,AQP1
OM-1700,HLA-DMB
TOMARALIMAB,TLR2
DIPROVOCIM-1,TLR2
VILDAGLIPTIN,TRPV4
HIMB1636-MMAE,UTS2R
ANTI-PD-L1 MONOCLONAL ANTIBODY,CTNNB1
CRIZOTINIB,ALK
ASPIRIN,PIK3CA
ASCIMINIB,ABL1
L19IL2,FN1
CARBOPLATIN,NRG1
DERAZANTINIB,FGFR2
MIDOSTAURIN,FGFR3
PD1 INHIBITOR,MBD4
CRIZOTINIB,NTRK1
CARBOPLATIN,ERCC2
PICTILISIB,PTEN
CANERTINIB,EGFR
CAPIVASERTIB,PTEN
CARBOPLATIN,PTEN
DORDAVIPRONE,DRD5
AZD8329,HSD11B1
RUXOLITINIB,JAK1
BORTEZOMIB,FGFR3
CBP-501,MAPKAPK2
METHOTREXATE,ALK
FILGOTINIB,ALK
DEXAMETHASONE,ALK
MILADEMETAN,ALK
OSIMERTINIB,CTNNB1
LORLATINIB,FGFR1
FEXAGRATINIB,FGFR2
TELAGLENASTAT,KEAP1
PACLITAXEL,JAK2
ENCORAFENIB,MAP2K1
I-BET151,KMT2A
ULIXERTINIB,MAP2K1
AZD2423,CCR2
CYTARABINE,MSH2
TREMELIMUMAB,MSH2
PACLITAXEL,MSH2
OXALIPLATIN,MSH2
VERUCERFONT,CRHR1
COBIMETINIB,PIK3CA
PI-103,PIK3CA
OSIMERTINIB,PIK3CA
IPILIMUMAB,POLE
IPILIMUMAB,POLD1
TIRBANIBULIN,PTEN
IDELALISIB,PTEN
BINIMETINIB,PTEN
ENCORAFENIB,PTEN
VIXOTRIGINE,XK
BELZUTIFAN,VHL
COPANLISIB,PIK3CA
XL765,MTOR
SULFATINIB,FGFR1
VILANTEROL TRIFENATATE,ADRB2
ANTHRANILIC ACID,HSD17B10
MELPHALAN,ABCB1
MELPHALAN,CTLA4
MONTELUKAST SODIUM,ALOX5
PREDNISONE,BMP7
PROMAZINE,DRD2
EPRENETAPOPT,TP53
PLUMBAGIN,VDR
CHEMBL:CHEMBL1343568,ATXN2
RICOLINOSTAT,HDAC6
CHEMBL:CHEMBL601146,TSHR
HALOPROGIN,GMNN
COLCHICINE,PIK3CG
ADINAZOLAM,TSPO
SORAFENIB,RAF1
DIPHENHYDRAMINE,HNMT
SAPANISERTIB,NFE2L2
AZD-3759,EGFR
BUCINDOLOL HYDROCHLORIDE,ADRA1D
ACETYLCYSTEINE,ACO1
BIRABRESIB,BRD4
CARTEOLOL HYDROCHLORIDE,ADRB3
TAZAROTENE,RARG
TRIAZOLAM,GABRA1
CAULIBUGULONE B,TP53
6-BENZYLAMINOPURINE,CYP1A2
CI-1040,ROCK1
CHEMBL:CHEMBL586029,SMAD3
METHYLERGONOVINE,DRD1
BROMAZEPAM,GABRG3
OXYMETAZOLINE HYDROCHLORIDE,ADRA2A
OLEAMIDE,CYP1A2
POMIFERIN,HSP90AA1
METRIFUDIL,ABCA1
BIRABRESIB,BRD2
ENTRECTINIB,FRK
CHEMBL:CHEMBL599013,SUMO1
DEMECOLCINE,AR
DICHLON,AHR
DICHLOROPHEN,PPARD
PERMETHRIN,XK
ACIVICIN,MYC
NORETHINDRONE,PRL
ERLOTINIB,FGFR3
VALPROIC ACID,HDAC9
DEXTROAMPHETAMINE SULFATE,SLC6A3
BIMIRALISIB,PIK3CG
LAROPIPRANT,PTGER2
NERATINIB,EGFR
EMAPALUMAB-LZSG,IFNG
4-PHENYLBUTYRIC ACID,XK
LACTULOSE,CSF2
ROXITHROMYCIN,IL2
NS1643,BAD
RMC-5552,PTEN
FELODIPINE,SLC25A20
PROTOPORPHYRIN,WRN
POZIOTINIB,EGFR
PROLINE,PPIA
RG-1530,LRRK2
IMGATUZUMAB,EGFR
BI-836858,CD33
ETHINYL ESTRADIOL,ESR1
GNE-064,GLO1
DINITRO CRESOL,AR
KW-2449,ABL1
CHEMBL:CHEMBL549330,GRM4
DIDANOSINE,ERVW-4
ALVOCIDIB,CDK6
CHEMBL:CHEMBL524407,TARDBP
GEFITINIB,MET
DASATINIB ANHYDROUS,PDGFRB
RABEPRAZOLE,FLT4
SELUMETINIB,MAP2K1
MGS-0210,GRM2
AKT INHIBITOR LY2780301,RPS6KB1
CHEMBL:CHEMBL602127,RAD54L
LISURIDE,A2M
PD173074,FGFR2
CHEMBL:CHEMBL392068,PSENEN
PIDILIZUMAB,CD274
SOTIGALIMAB,CD40
CHEMBL:CHEMBL591834,HTT
PI3K INHIBITOR BGT226,PIK3CG
NONSTEROIDAL ANTIINFLAMMATORY DRUG,NFE2L2
R3/I5,APRT
CIXUTUMUMAB,IGF1R
PRALUZATAMAB RAVTANSINE,TUBA4A
CHEMBL:CHEMBL1317986,CYP1A2
NEMIRALISIB,AHSA1
DAUNORUBICIN LIPOSOMAL,GPX3
CHLOROTRIANISENE,ESR1
MINOXIDIL,CALCA
PD173074,FGFR3
CHEMBL:CHEMBL595227,NFKB1
METHIDATHION,AR
PALMITOYL-CARNITINE,RGS4
TASELISIB,F7
MAP855,MAP2K1
CHEMBL:CHEMBL528694,HSP90AA1
RG-1530,MST1R
KETOCONAZOLE,NR1H4
INDOLE-3-CARBINOL,EHMT2
SCUTELLARIN,ABCB1
ETIDRONIC ACID,COL1A1
GEDATOLISIB,PIK3CG
DOCETAXEL ANHYDROUS,SPG7
CHEMBL:CHEMBL482050,NFE2L2
(-)-STEPHOLIDINE,DRD1
CURCUMIN,CA2
CLOXYQUIN,GMNN
INCOBOTULINUMTOXINA,CALCA
ESOMEPRAZOLE SODIUM,STAT6
(R)-DOI,HTR2C
OCTANOL,C4A
DASATINIB ANHYDROUS,BCR
NATEGLINIDE,KCNJ11
NEFAZODONE,ADRA1A
NANDROLONE DECANOATE,AR
METHIXENE,CHRM3
LUSUTROMBOPAG,F2
CHRYSOPHANOL,VDR
CHEMBL:CHEMBL1601846,FEN1
CHEMBL:CHEMBL528181,PLA2G1B
WORTMANNIN,HSPA4
ETHER,MAPK1
INDOMETHACIN,TH
LAPACHOL,VDR
ENFLURANE,KCNK2
CHEMBL:CHEMBL578294,MAPT
TAMOXIFEN,TP53
ANHYDROUS DEXTROSE,COMT
ENMD-2076,ABL1
YOHIMBINE,SERPINA3
JNJ-47965567,P2RX7
NINTEDANIB ESYLATE,DRD1
NBTGR,CHI3L2
AZD1480,EPHB2
MITOXANTRONE,RPSA
DIFLUBENZURON,RXRA
4-APPES,ANPEP
CAMPTOTHECIN,PIK3CA
NICOTINE POLACRILEX,LEP
BEXAROTENE,RXRB
CHLORAMPHENICOL PALMITATE,RPSA
VORICONAZOLE,ABCG2
TRIAMCINOLONE HEXACETONIDE,NR3C1
BELINOSTAT,HDAC8
DASATINIB ANHYDROUS,BCR
RIMITEROL,ADRB2
TALAMPANEL,GRIA3
ANTISAUVAGINE,ALB
PGJ2,APOB
COMPOUND 36 [PMID: 21273063],ADH1C
VEGFE,DRD2
"COAGULATION FACTOR IX (RECOMBINANT), GLYCOPEGYLATED",F9
CARBARIL,NFE2L2
CHEMBL:CHEMBL42661,CALCA
PALIFERMIN,FGFR2
THIOLUTIN,MAPT
&ALPHA;-ERGOCRYPTINE,HSD17B10
QUERCETIN DIHYDRATE,POLB
CIFORADENANT,ADORA2A
RUCAPARIB,PARP2
DOXEPIN HYDROCHLORIDE,COMT
SELATINIB,EN1
ROBLITINIB,SLC26A3
PHLORIZIN,CD8A
METHYSERGIDE MALEATE,CASP6
CRIZOTINIB,ALK
GENTAMICIN,GDNF
PHENOTHIAZINE,ALOX15
CARLUMAB,CCL2
2-MERCAPTOBENZOTHIAZOLE,KAT2A
ATEZOLIZUMAB,CD274
OCTOTROPINE METHYLBROMIDE,CHRM3
IBUFENAC,PTGS2
PROTOPORPHYRIN,KMT2A
TALAZOPARIB,PARP1
IMATINIB,ABL1
MEDRYSONE,AR
DOXEPIN HYDROCHLORIDE,BDNF
EPOETIN ALFA,EPOR
BURIXAFOR,CXCR4
CGS 15943,ABAT
CHEMBL:CHEMBL609628,CYP1A2
ZURANOLONE,GABRG3
SAMOTOLISIB,ETFB
CHEMBL:CHEMBL591618,MTOR
SORAFENIB,HIF1A
BIRABRESIB,MYCN
BEPERMINOGENE PERPLASMID,MET
CHRYSIN,AR
PIDNARULEX,BRCA2
CHEMBL:CHEMBL260342,SMN1
METFORMIN HYDROCHLORIDE,NDUFA1
PF-05241328,SCN9A
GABAPENTIN,CACNG4
ZACOPRIDE,NAT1
TRIFLUOPERAZINE,RAD52
ALEXIDINE DIHYDROCHLORIDE,USP1
PEGINTERFERON ALFA-2A,IFNAR2
CAPIVASERTIB,PIK3CA
VALPROIC ACID,NR1I2
CABOZANTINIB S-MALATE,MET
XESTOSPONGIN C,ITPR1
SORAFENIB,RAF1
HEXAMETHYLENE BISACETAMIDE,RARA
CHEMBL:CHEMBL1362503,S1PR1
LADIRATUZUMAB VEDOTIN,TUBB4A
TANZISERTIB,MAPK8
SB 204741,HTR2C
BM213,ACACB
EPINEPHRINE,ADRB3
AMPRELOXETINE,SLC6A4
DINACICLIB,CDK1
YOHIMBINE,A2MP1
YOHIMBINE,ABL2
OLODATEROL,ADRB2
L-165461,CCND1
SINTILIMAB,PDCD1
APG-1387,XIAP
DESOXYCORTICOSTERONE,AR
FEXOFENADINE HYDROCHLORIDE,ALOX15
CETUXIMAB,EGFR
MOLIBRESIB,BRD4
LISURIDE,ABCD1
PHENIRAMINE,HRH1
CHEMBL:CHEMBL409102,KIF11
CARMOXIROLE,DRD2
ECRAPROST,PTGER1
PACTIMIBE,SOAT1
ASENAPINE,HTR2A
PERAMPANEL,GRIA4
HEPARIN,HPSE
S-222611,ERBB2
UROLININ,UTS2R
GW501516,PPARG
AC-RYYRWK-NH2,APBA1
FOSINOPRIL,ACE
CLONAZEPAM,GABRG3
JNJ-26483327,FLT4
EXALUREN,RPL23A
TALAZOPARIB,PARP1
TRETINOIN,PML
DESIRUDIN,F2
JQ1,KMT2A
GEMCITABINE,MTHFR
INDOPROFEN,TP53
CHEMBL:CHEMBL1333386,TP53
ETHER,NPY
DELCASERTIB,PRKCD
DEXCHLORPHENIRAMINE MALEATE,HRH1
PARATHYROID HORMONE,PTH1R
"L-156,602",ACACB
DIPHEMANIL METHYLSULFATE,CHRM1
FLUFENAMIC ACID,C2
CELECOXIB,STAT3
[3H]GABAZINE,CYP2D6
CHEMBL:CHEMBL6665,POLB
DOFETILIDE,CALCA
PROPOFOL,SCN2A
KI-20227,DRD2
PAPAVERINE HYDROCHLORIDE,CASP6
PROFENAMINE,HRH1
METRELEPTIN,LEP
CHEMBL:CHEMBL1547715,PLK1
AM404,TRPV4
INDOMETHACIN,PTGS2
ESUBERAPROST,PTGIR
CYCLOVALONE,VDR
METHIMAZOLE,TP53
NICERGOLINE,ADRA1A
CYCLOPHOSPHAMIDE ANHYDROUS,MYCN
SITAXENTAN,EDNRB
COMPOUND 2 [PMID: 21105727],SLC25A4
SELONSERTIB,MAP3K5
METOCLOPRAMIDE HYDROCHLORIDE,DRD2
CHEMBL:CHEMBL596631,EHMT2
CYCLOSPORINE,ABCG2
ONALESPIB,HSP90AA1
NADOLOL,ADRB1
PACLITAXEL POLIGLUMEX,TUBA4A
IZENCITINIB,JAK3
METHOTREXATE SODIUM,DHFR
GUANABENZ,ADRA2A
5-HYDROXYINDOLEACETIC ACID,EHMT2
METHYLPREDNISOLONE ACETATE,NR3C1
NONSTEROIDAL ANTIINFLAMMATORY DRUG,PIK3CA
MESORIDAZINE BESYLATE,DRD2
DEXTROAMPHETAMINE SULFATE,SLC6A3
COLLAGENASE CLOSTRIDIUM HISTOLYTICUM-AAES,COL11A2
TENELIGLIPTIN,DPP4
AZATADINE,HRH1
CHEMBL:CHEMBL2063052,DNMT1
VOLANESORSEN,APOC3
ABEMACICLIB,CDKN2A
"ESTROGENS, CONJUGATED SYNTHETIC A",ESR1
FLURBIPROFEN,PTGS2
COPANLISIB,PIK3CG
EPOETIN ALFA,EPOR
CHEMBL:CHEMBL483206,WRN
ERGOCORNINE,EHMT2
FLUTAMIDE,NFE2L2
CARVEDILOL,LEP
DOXERCALCIFEROL,VDR
1-HYDROXY-4-ETHOXYBENZENE,NFE2L2
DASATINIB ANHYDROUS,SRC
VITAMIN B12,TCN1
AZACITIDINE,DNMT3A
DARIFENACIN,CHRM3
L-NNA,NOS1
RUXOLITINIB,JAK1
AMIKACIN,IFNG
TAMATINIB,RET
ESTAZOLAM,TSPO
PHENOBARBITAL,GABRA3
MRS2905,BIRC3
TIOCARLIDE,SCD
MAFOSFAMIDE,FCGR3A
GRAVEOLINE,CYP2D6
7-NITROINDAZOLE,HSD17B10
PF-562271,PTK2
PITAVASTATIN,HLA-DRB1
PAPAVERINE HYDROCHLORIDE,USP1
CHEMBL:CHEMBL1797708,KAT2B
METHIMAZOLE,TNF
PSEUDOEPHEDRINE,ALOX15
FLUPENTHIXOL,ABCB1
HYDRASTININE HYDROCHLORIDE,HSD17B10
PHLORIZIN,CD7
CHEMBL:CHEMBL1333386,SMN1
MIRANSERTIB,AKT1
(S)-FLUOXETINE,KAT2A
SERABELISIB,ETFB
INDOMETHACIN,ACE
HARMALINE,CYP2D6
EPINEPHRINE,ADRB1
M-1095,IL17A
PRALATREXATE,RFC1
HARMINE,MAOA
IDARUBICIN,MAPT
RECOMBINANT CYTOKINE,JUNB
FLUFENAMIC ACID,C4B
DIGITOXIN,ATP1A3
ETHOPROPAZINE HYDROCHLORIDE,MAPT
SCRIPTAID,CFTR
LYSERGIDE,A1BG
AMILORIDE,EHMT2
CALCIMYCIN,MTOR
CEFSULODIN SODIUM,PLK1
CEFOTAXIME SODIUM,TNF
RITUXIMAB,ERBB2
DAUNORUBICIN LIPOSOMAL,DNMT3A
HSP90 INHIBITOR,ERBB2
RITUXIMAB,ERBB2
DAUNORUBICIN LIPOSOMAL,NPM1
RITUXIMAB,PTEN
COBOMARSEN,MIR155
CARBINOXAMINE MALEATE,HRH1
FLUPHENAZINE DECANOATE,DRD2
METOCLOPRAMIDE HYDROCHLORIDE,DRD2
SARALASIN ACETATE,AGTR1
CANDESARTAN CILEXETIL,AGTR1
LUTROPIN ALFA,LHCGR
SORAFENIB,RAF1
SORAFENIB,PDGFRB
DASATINIB ANHYDROUS,PDGFRB
TRAZODONE,HTR2A
TREPROSTINIL,PTGIR
AMPHETAMINE SULFATE,SLC6A3
DEXTROAMPHETAMINE SULFATE,SLC6A3
HEXAFLUORENIUM BROMIDE,ACHE
AMCINONIDE,NR3C1
PREDNICARBATE,NR3C1
LAMIVUDINE,ERVW-4
"ESTROGENS, CONJUGATED (USP)",ESR2
SUNITINIB,PDGFRA
ISOPROTERENOL SULFATE,ADRB3
DEXMEDETOMIDINE HYDROCHLORIDE,ADRA2A
"IBUPROFEN, SODIUM SALT",PTGS1
BALSALAZIDE DISODIUM,PTGS1
BALSALAZIDE DISODIUM,PTGS2
MINOXIDIL,ABCC9
PHENOXYBENZAMINE HYDROCHLORIDE,ADRA1A
SUNITINIB,KDR
LIOTHYRONINE,THRB
CRILVASTATIN,HMGCR
TROPLASMINOGEN ALFA,PLG
NEMONOXACIN,LINC00273
BORTEZOMIB,PSMD2
[3H]8-OH-DPAT,A1BG
ASENAPINE,A2M
[3H]8-OH-DPAT,A2M
TOFACITINIB,JAK1
SB236057,A2M
METFORMIN HYDROCHLORIDE,NDUFS4
ACITRETIN,RARA
[3H]8-OH-DPAT,A2MP1
BEXAROTENE,RXRG
ALITRETINOIN,RARA
ACITRETIN,RXRG
ALITRETINOIN,RXRG
ALNIDITAN,A2MP1
BRL-15572,A2MP1
ESTAZOLAM,GABRA1
ENFLURANE,GABRA1
OLANZAPINE,A2MP1
LORCASERIN,HTR2C
ORG-37684,HTR2C
SB 221284,HTR2C
MESULERGINE,HTR2C
OLANZAPINE,HTR2C
[3H]8-OH-DPAT,NAT2
BIRICODAR,CACNA1S
PEGINTERFERON ALFA-2B,IFNAR2
INTERFERON BETA-1A,IFNAR1
LACOSAMIDE,SCN8A
UROFOLLITROPIN,LHCGR
MACITENTAN,EDNRB
DROXIDOPA,ADRA2A
BELINOSTAT,HDAC3
TEDIZOLID PHOSPHATE,RPSA
DERAZANTINIB,FGFR2
AS-703988,MAP2K1
CAL-263,PIK3CD
NV-128,NDUFA1
PKI-179,MTOR
PLX-5622,CSF1R
SCIO-323,MAPK14
AZD3161,SCN9A
DELUCEMINE,GRIN3A
SR16234,ESR1
SODELGLITAZAR,PPARG
FARGLITAZAR,PPARG
TELATINIB,KDR
SAPITINIB,EGFR
FILGOTINIB,JAK1
SOLCITINIB,JAK1
MIRDAMETINIB,MAP2K2
GEDATOLISIB,PIK3CB
ABEMACICLIB,CDK4
APITOLISIB,PIK3R1
PICTILISIB,PIK3R1
GEDATOLISIB,PIK3CD
APITOLISIB,PIK3CB
TRICIRIBINE PHOSPHATE,AKT1
X-82,FLT4
DEFACTINIB,PTK2
ZSTK-474,PIK3CA
ZSTK-474,PIK3CD
CRINECERFONT,CRHR1
CP-601927,CHRNB2
ADIPIPLON,GABRG3
ALVOCIDIB,CDK1
ANACETRAPIB,CETP
PACLITAXEL POLIGLUMEX,TUBB4A
TOSEDOSTAT,XPNPEP1
TACEDINALINE,HDAC8
CARMEGLIPTIN,DPP4
TACEDINALINE,HDAC3
PLINABULIN,TUBB4B
ESKETAMINE,GRIN1
SAFINAMIDE,MAOB
DAPRODUSTAT,EGLN3
NERAMEXANE MESYLATE,GRIN3B
NERAMEXANE MESYLATE,GRIN3A
PARDOPRUNOX,HTR1A
NERAMEXANE MESYLATE,GRIN1
DEXIBUPROFEN,PTGS2
TAPLITUMOMAB PAPTOX,CD19
CONBERCEPT,VEGFA
INTETUMUMAB,ITGB3
MLNM-2201,ITGB2
IPH-2101,KIR2DL2
BICIROMAB BRALLOBARBITAL,FGB
GSK-1995057,TNFRSF1A
MOLIBRESIB,BRD2
BIRABRESIB,BRD4
CD24FC,HSPA1B
TOLOXATONE,MAOA
MOFEZOLAC,PTGS1
REMIMAZOLAM BESYLATE,GABRA1
EVOCALCET,CASR
PEMIGATINIB,FGFR3
SOFPIRONIUM BROMIDE,CHRM2
ENAPOTAMAB VEDOTIN,TUBB4A
ENAPOTAMAB VEDOTIN,TUBA4A
ENAPOTAMAB VEDOTIN,TUBB4B
POTASSIUM OXYBATE,GABBR1
SERPLULIMAB,PDCD1
BMS-813160,CCR2
MM-111,ERBB3
CJM-112,IL17A
PERZINFOTEL,GRIN3B
ABP-700,GABRG3
LAROTAXEL,TUBB4A
ZAGOTENEMAB,MAPT
RO-24-7429,TAT
ATN-161,ITGB3
ATN-161,ITGB1
ISTAROXIME,ATP1A3
TAS0612,RPS6KB1
TASURGRATINIB,FGFR2
RG-7636,TUBA4A
PINATUZUMAB VEDOTIN,TUBB4B
LUMINESPIB,HSP90AA1
EGAPTIVON PEGOL,VWF
PICOTAMIDE,TBXAS1
RO-0622,ERVW-4
BAZLITORAN,TLR7
ENPATORAN,TLR8
APRATASTAT,ADAM17
LACIDIPINE,CACNA1S
BEPRANEMAB,MAPT
MIBAVADEMAB,LEPR
CABOZANTINIB S-MALATE,MET
DINACICLIB,CDK1
ANAKINRA,IL1R2
RUCAPARIB,PARP2
IMATINIB,ABL1
DASATINIB ANHYDROUS,ABL1
RG-1530,GRK5
LOPERAMIDE,CYP2D6
QUERCETIN,FEN1
CLOFIBRATE,CYP1A2
PHENETHYLISOTHIOCYANATE,CYP2E1
DIMETHISOQUIN,CYP2D6
IODOPHTHALEIN,KAT2A
OXOPURPUREINE,GMNN
CERIVASTATIN SODIUM,AR
CHEMBL:CHEMBL578504,EHMT2
"FUCHSIN, BASIC",HTT
CHEMBL:CHEMBL584883,NFE2L2
METHOTREXATE,TARDBP
CHEMBL:CHEMBL486706,KMT2A
ENTRECTINIB,ABL1
THIORPHAN,NFE2L2
CHEMBL:CHEMBL590665,PLK1
KETOCONAZOLE,HSP90AA1
2'-HYDROXYCHALCONE,CRYZ
PHENSERINE,EHMT2
CHEMBL:CHEMBL118280,AR
RO3280,PPARD
2'-HYDROXYCHALCONE,VDR
"2,4-DINITROPHENOL",NFE2L2
CHEMBL:CHEMBL600554,SMN2
TRIFLUOPERAZINE,MAPK1
METHOTREXATE,NFE2L2
CHEMBL:CHEMBL580819,POLB
DAUNORUBICIN LIPOSOMAL,APEX1
CHEMBL:CHEMBL583351,NFE2L2
SB 204741,NPC1
TEPOTINIB,MET
IOPHENOXIC ACID,VDR
METHYLERGONOVINE,VDR
CHEMBL:CHEMBL1224312,IDO1
CHEMBL:CHEMBL591630,EHMT2
GW501516,PPARD
ANACARDIC ACID,KAT2A
FUMARPROTOCETRARIC ACID,KAT2A
THIRAM,RXRA
KENPAULLONE,FLT4
CHEMBL:CHEMBL528694,ATXN2
CHEMBL:CHEMBL590706,NFE2L2
CALCIFEDIOL ANHYDROUS,AR
TRICHOSTATIN A,CFTR
NICOXAMAT,HDAC6
URAPIDIL,TSHR
ENTRECTINIB,FYN
ALTRENOGEST,AR
MURUCOIDIN V,ABCB1
CHEMBL:CHEMBL595227,EHMT2
METHYL ISOBUTYL KETONE,ALDH1A1
PROTOPORPHYRIN,APEX1
S(+)-APOMORPHINE,TP53
SEMAXANIB,EHMT2
&ALPHA;-ERGOCRYPTINE,VDR
CHEMBL:CHEMBL548017,GMNN
ARACHIDONIC ACID,ALOX15
AZD9272,GRM5
IDEBENONE,PPARD
CHOLECALCIFEROL,MAPT
QUERCETIN,HSPB1
5-HYDROXYINDOLEACETIC ACID,VDR
ILORASERTIB,CAMK2G
BERKELEYACETAL C,CASP1
RG-1530,LYN
"1,10-PHENANTHROLINE",AR
CLADRIBINE,NFE2L2
RO 40-6055,VDR
CHEMBL:CHEMBL239439,HIF1A
CGS-27023A,ACE
OXYMETHOLONE,ESR1
EMODIN,ALDH1A1
CHEMBL:CHEMBL528451,ALDH1A1
LINTITRIPT,NFE2L2
THEONELLASTEROL G,NR1I2
CHEMBL:CHEMBL590900,NPC1
TANSHINONE IIA SULFONATE,BRCA1
PERVILLEINE D,ABCB1
ENOBOSARM,AR
IODOFORM,VDR
THIRAM,GMNN
PHENOBARBITAL,NR1I3
S(+)-APOMORPHINE,HSD17B10
ENTRECTINIB,PRKAA1
TRIFLUOPERAZINE,CYP2D6
ENTRECTINIB,JAK3
TESMILIFENE,GMNN
OXOPURPUREINE,MAPT
THIRAM,EHMT2
CHEMBL:CHEMBL139935,EHMT2
FLUOXASTROBIN,NFE2L2
SCLAREOL,AR
FURAZOLIDONE,NFE2L2
DIHYDROGAMBOGIC ACID,KAT2A
AZATHIOPRINE,CYP2D6
TREQUINSIN,EHMT2
QUINALDINE BLUE,USP1
OXYMETHOLONE,EHMT2
THIOCORALINE,HEXA
7-NITROINDAZOLE,CYP1A2
AKT INHIBITOR IV,ATXN2
CHEMBL:CHEMBL602466,MAOB
TOLYLFLUANID,AR
NIMUSTINE,EHMT2
CANERTINIB,EGFR
FLUOXASTROBIN,PPARG
CHEMBL:CHEMBL1797713,CREBBP
CLONIDINE HYDROCHLORIDE,CYP2D6
CHEMBL:CHEMBL1503729,SMAD3
TRICHOSTATIN A,HDAC9
ZUCLOPENTHIXOL,CYP1A2
CARUBICIN,APEX1
ILORASERTIB,NTRK1
CHEMBL:CHEMBL1588679,GMNN
IDARUBICIN,FEN1
CHEMBL:CHEMBL460508,SMN1
BIFONAZOLE,HSP90AA1
METOPRINE,NFE2L2
CHEMBL:CHEMBL580727,GMNN
CHEMBL:CHEMBL471694,GLI1
NIALAMIDE,EHMT2
CYCLOVALONE,ATXN2
PSORALEN,CYP2D6
CHEMBL:CHEMBL534244,GMNN
HEMATOXYLIN,VDR
LAPACHONE,USP1
SHINFLAVANONE,PPARG
BROMODIOLONE,NFE2L2
TAMATINIB,MAPK9
ERLOTINIB,BLK
CHEMBL:CHEMBL600554,NPC1
DRONEDARONE,AR
CHEMBL:CHEMBL1567041,NPC1
PYRITHIONE ZINC,HSD17B10
SENNOSIDE B,FEN1
TROPISETRON,JUN
QUESTIOMYCIN B,AHR
ANISOMYCIN,SMAD3
CHEMBL:CHEMBL599013,APEX1
NALOXONE HYDROCHLORIDE,EHMT2
DIMETHYLADENINE,MARK2
SN-38,HDAC1
SN-38,HDAC4
CHEMBL:CHEMBL463783,CYP1A2
IMIPRAMINE HYDROCHLORIDE,RXRA
TAMATINIB,JAK3
HEPTACHLOR,ATM
CHRYSIN,NFE2L2
HYDROCORTISONE PROBUTATE,AR
PYRITHIONE ZINC,ALDH1A1
NUTLIN-3,TP53
MIDAZOLAM HYDROCHLORIDE,BRD2
NPPB,HSPA5
CARBOQUONE,NFE2L2
LEVISOPRENALINE,VDR
NITROFURAZONE,AR
NITROBLUE TETRAZOLIUM CHLORIDE,AR
CHEMBL:CHEMBL1456848,TSHR
2-ACETYLAMINOFLUORENE,AR
DIBUCAINE HYDROCHLORIDE,NFE2L2
NICOTINE POLACRILEX,CHRNB2
CHEMBL:CHEMBL1465049,EHMT2
TYRPHOSTIN 25,ALDH1A1
CHEMBL:CHEMBL260560,SMN2
TRACAZOLATE,CYP1A2
DEOXYVASICINONE,TDP1
CHEMBL:CHEMBL578294,EHMT2
CHEMBL:CHEMBL260342,HSP90AA1
CHEMBL:CHEMBL576412,GMNN
E319,HSD17B10
OXOTREMORINE METHIODIDE,EHMT2
DAUNORUBICIN LIPOSOMAL,USP1
CHEMBL:CHEMBL412603,NPC1
DICHLOROPHEN,ESR1
METERGOLINE,EHMT2
"6,4'-DIMETHOXYFLAVONE",NFKB2
CHEMBL:CHEMBL297304,AR
EPINASTINE,DRD1
CHEMBL:CHEMBL595227,HPGD
CHEMBL:CHEMBL530733,CYP2D6
CHEMBL:CHEMBL1503729,EHMT2
OXYMETHOLONE,ALDH1A1
CHEMBL:CHEMBL260028,TP53
IMIPRAMINE HYDROCHLORIDE,APEX1
RG-1530,TYK2
RG-1530,CDK1
PESUDOGINSENOSIDE RP1 METHYL ESTER,MAPK3
CHEMBL:CHEMBL563919,SMN1
AZARIBINE,SMN2
CHEMBL:CHEMBL1576338,HSD17B10
FENITROTHION,VDR
CHEMBL:CHEMBL587259,HSD17B10
DIHYDROGAMBOGIC ACID,TP53
QUERCETIN,HIF1A
CHLORPYRIFOS,TDP1
AGROCLAVINE,VDR
CILOSTAZOL,TSHR
CHEMBL:CHEMBL2062868,STAT3
CHEMBL:CHEMBL581251,FEN1
DIHYDROGAMBOGIC ACID,MAPK1
CHLOROTRIPHENYLSTANNANE,NFE2L2
DICHLOROISOPROTERENOL,ADRB1
CHEMBL:CHEMBL68534,POLB
DASATINIB ANHYDROUS,JAK2
DICHLOROPHEN,AR
INDOCATE,EHMT2
RG-1530,ALK
CHEMBL:CHEMBL460508,NPC1
SUCCIMER,PTPN22
ILORASERTIB,INSR
CHEMBL:CHEMBL528712,MTOR
THIRAM,HSP90AA1
PD-98059,SMN2
KENPAULLONE,CYP2D6
FLUNISOLIDE ANHYDROUS,CYP1A2
KENPAULLONE,NPC1
DOLASTATIN 12,SMAD3
3-METHOXYCATECHOL,VDR
NITAZOXANIDE,MAPT
CHEMBL:CHEMBL601605,MAPT
CHEMBL:CHEMBL112060,SMN1
ENDOXIFEN,ESR1
CHEMBL:CHEMBL603952,MAPT
CHEMBL:CHEMBL589734,EHMT2
3-O-METHYLQUERCETIN,FEN1
PNU-99194A,CYP2D6
HYDRALAZINE,SMN1
DIACETYLRHEIN,NFE2L2
CHEMBL:CHEMBL372629,POLB
CHEMBL:CHEMBL602135,RAD54L
BUPRENORPHINE,AR
CHEMBL:CHEMBL362863,CYP1A2
NITROFURAZONE,NFE2L2
EMODIN,FEN1
SR-13668,GSK3B
ALBENDAZOLE,CYP1A2
CHEMBL:CHEMBL563919,NPC1
A77636,DRD1
2-MERCAPTOPYRIMIDINE,JUN
TRYPTOPHAN,EHMT2
OCHRATOXIN A,ESR1
CHEMBL:CHEMBL600701,EHMT2
CHEMBL:CHEMBL103583,TARDBP
IDARUBICIN,USP1
DICHLOROPHEN,GMNN
NAPHAZOLINE,CYP2D6
BANOXANTRONE,NOS2
ROLIPRAM,ADRB2
CITRONELLOL,ALOX15
FENOLDOPAM MESYLATE,CYP2D6
ENTINOSTAT,HDAC3
BIFONAZOLE,TARDBP
MITOMYCIN,CYP2D6
ACRIDONE,GMNN
CHEMBL:CHEMBL590691,MAPT
ALLITRIDIN,ALDH1A1
LEMILDIPINE,AR
CHEMBL:CHEMBL581910,POLB
THIOSALICYLIC ACID,EHMT2
CHEMBL:CHEMBL139935,CASP6
NORGESTREL,NFE2L2
BISLEUCONOTHINE A,MTOR
ILORASERTIB,FGFR3
CHEMBL:CHEMBL580918,SMAD3
CHEMBL:CHEMBL600747,ATXN2
LAPACHONE,RGS4
BENORILATE,AR
4-AMINOPHENOL,HSD17B10
VITAMIN A,RARA
SCOPOLETIN,HSD17B10
"5,7-DIHYDROXY-4-METHYLCOUMARIN",NFE2L2
NELFINAVIR MESYLATE,NFE2L2
S(+)-APOMORPHINE,MAPT
KENPAULLONE,ABL1
VITAMIN A,CXCL8
CHEMBL:CHEMBL528390,NFE2L2
HYMENOIC ACID,POLD1
CHEMBL:CHEMBL516616,HSD17B10
ILORASERTIB,PAK1
BELINOSTAT,HDAC3
OXYMORPHONE,NR1I3
BELINOSTAT,HDAC8
RALOXIFENE HYDROCHLORIDE,AR
OXYPHENISATIN ACETATE,AR
METHYLTESTOSTERONE,AR
AZD-4017,AGTR2
SALMETEROL XINAFOATE,TP53
ISOCARBOXAZID,CYP1A2
DIENOCHLOR,VDR
CHEMBL:CHEMBL1498652,USP1
TRIBROMSALAN,VDR
CHEMBL:CHEMBL140220,CYP1A2
PROTOPORPHYRIN,TDP1
BENZIODARONE,GMNN
KINETIN RIBOSIDE,NFE2L2
GLYBURIDE,PPARG
MONASTROL,ALDH1A1
AVOCADYNE ACETATE,ALDH1A1
ENTRECTINIB,ALK
ENTINOSTAT,CFTR
HALOPROGIN,VDR
PROCATEROL,RGS4
ENTRECTINIB,PRKCQ
DIENOCHLOR,APEX1
CHEMBL:CHEMBL597452,AHR
L701324,CYP2D6
CHEMBL:CHEMBL581872,MAPK1
LICOFLAVANONE A,PPARG
DASATINIB ANHYDROUS,SMAD3
TAMOXIFEN,CYP2B6
CHEMBL:CHEMBL528694,NFKB2
SCRIPTAID,HDAC1
ETOMIDATE,GABRA1
SORAFENIB,FGFR3
PROTOPORPHYRIN,SUMO1
PURPURIN,FEN1
CHEMBL:CHEMBL530733,CYP2B6
SNS-314,FRK
CHEMBL:CHEMBL1307453,SMAD3
"N-DOCOSATETRA-7,10,13,16-ENOYLETHANOLAMINE",TDP1
CLOXYQUIN,HSPB1
CHEMBL:CHEMBL597449,TARDBP
THEONELLASTEROL G,NR1H4
OXYTETRACYCLINE HYDROCHLORIDE,HSD17B10
CHEMBL:CHEMBL374632,GMNN
2-MERCAPTOBENZOTHIAZOLE,ALDH1A1
CHEMBL:CHEMBL590706,HTT
DEHYDROEPIANDROSTERONE ACETATE,NFE2L2
AURINTRICARBOXYLIC ACID,MAPT
CHEMBL:CHEMBL477841,APP
LAPACHOL,MAPT
CHEMBL:CHEMBL99408,TP53
ILORASERTIB,SRC
THIOLUTIN,VDR
LOVASTATIN,CYP1A2
"4,4'-DIMETHOXYDALBERGIONE",MAPT
GENTAMICIN,CYP1A2
QUESTIOMYCIN B,CXCL8
PHYLLODULCIN,TARDBP
NAPHTHOQUINONE,AHR
CARUBICIN,AR
ISRAPAFANT,AR
CHEMBL:CHEMBL1834096,HSP90AA1
CHEMBL:CHEMBL600747,EHMT2
CHEMBL:CHEMBL600956,ALPL
FRAXETIN,ALOX15
THIOPERAMIDE,CYP2D6
TETRAHYDROCURCUMIN,DNMT1
CHEMBL:CHEMBL138061,NFE2L2
THIDIAZURON,AR
DIFLUBENZURON,AHR
CHEMBL:CHEMBL201325,NPC1
CHEMBL:CHEMBL516616,FEN1
ADO-TRASTUZUMAB EMTANSINE,ERBB2
ALECTINIB,ALK
ALPELISIB,ESR1
ETHOPROPAZINE HYDROCHLORIDE,USP1
BLINATUMOMAB,BCR
ELTROMBOPAG,SERPINC1
OLAPARIB,ERBB2
OXCARBAZEPINE,HLA-B
RITUXIMAB,ESR1
VELPATASVIR,IFNL3
CANERTINIB,EGFR
SAPITINIB,EGFR
ALVOCIDIB,CDK6
SORAFENIB,RAF1
RITUXIMAB,ERBB2
RITUXIMAB,ERBB2
CRENOLANIB,ALK
SORAFENIB,PDGFRB
SORAFENIB,RAF1
ALPELISIB,PIK3R1
ANTIOXIDANT,ACO1
CHONDROITIN SULFATES,ADAMTS4
SPIRONOLACTONE,ADIPOQ
THERAPEUTIC CORTICOSTEROID,AFP
BLEOMYCIN,AFP
COLCHICINE,ANPEP
FUROSEMIDE,APOA1
PROGESTERONE,ATF3
DOCETAXEL ANHYDROUS,BAX
CAMPTOTHECIN,BAX
CARVEDILOL,BAX
CIPROFLOXACIN,BAX
TRETINOIN,BAX
TRIAMCINOLONE,BCHE
NALTREXONE,BAX
PAREGORIC,CCKBR
ANTISENSE OLIGONUCLEOTIDES,CCL1
CYCLOSPORINE,CCL17
CHLORPROMAZINE,CCK
LORATADINE,CCL17
INFLIXIMAB-DYYB,CCL17
ACETAMINOPHEN,CCND1
CHEMOPREVENTIVE AGENT,CCND1
ANTISENSE OLIGONUCLEOTIDES,CD4
CYCLOSPORINE,CD80
IMATINIB,CD40LG
ALDESLEUKIN,CD40
SULFASALAZINE,CD83
METHIMAZOLE,CRMP1
ANHYDROUS TACROLIMUS,CYP2D6
CIPROFLOXACIN,CYP2E1
RAS INHIBITOR,E2F1
EPIRUBICIN,ERBB2
FLOXURIDINE,ERBB2
RITUXIMAB,ERBB2
DIMETHYL SULFOXIDE,FCGR3A
CHONDROITIN SULFATES,FCGR3B
LACTULOSE,FCGR3B
MAFOSFAMIDE,FCGR3B
POLY IC,FCGR3B
CALCIUM CHANNEL BLOCKER,FGF2
INDOMETHACIN,FST
BICALUTAMIDE,FST
ANTIBIOTIC,FOS
SULFORAPHANE,GSTP1
KW-2449,ABL1
PIMONIDAZOLE,HIF1A
ROSIGLITAZONE,HNF4A
RECOMBINANT LYMPHOKINE,HLA-DQA1
UREA,HNF4A
ANTIBIOTIC,HMGB1
THERAPEUTIC AUTOLOGOUS DENDRITIC CELLS,HMGB1
CYCLOSPORINE,HSPB2
BUPIVACAINE,HSPA8
CAMPTOTHECIN,HUS1
LISOFYLLINE,IL10
PROTON PUMP INHIBITOR,IL10
ANTISENSE OLIGONUCLEOTIDES,IL11
DEXTRAN SULFATE SODIUM,IL18
THERAPEUTIC CORTICOSTEROID,IL18
METRONIDAZOLE,IL6
ACETAMINOPHEN,CXCL8
CANERTINIB DIHYDROCHLORIDE,CXCL8
NADOLOL,LPL
BEXAROTENE,MAPK8
CYCLOPHOSPHAMIDE ANHYDROUS,MAPK3
TOLMETIN,MPO
BMS-986260,DNM2
HISTONE DEACETYLASE INHIBITOR,MYC
INDOMETHACIN,MYC
BLEOMYCIN,NFE2L2
THERAPEUTIC CORTICOSTEROID,NOS1
GREEN TEA LEAF EXTRACT,NOS1
WORTMANNIN,NTRK1
CHLORPROMAZINE,NTS
NORETHINDRONE,NTS
RALOXIFENE HYDROCHLORIDE,PIK3CA
SELECTIVE ESTROGEN RECEPTOR MODULATOR,PIK3CA
PROGESTERONE,PIK3CB
CAMPTOTHECIN,PIK3CB
ANTISENSE OLIGONUCLEOTIDES,PLK1
BORTEZOMIB,PMAIP1
GUANIDINIUM CATION,PPA1
CHEMOPREVENTIVE AGENT,PRKAA1
CALCIUM CHANNEL BLOCKER,PRL
PROGESTERONE,SLC2A1
WORTMANNIN,SLC1A1
FUROSEMIDE,TBXA2R
RECOMBINANT INTERLEUKIN-8,TGM2
PROGESTERONE,TGM2
NTQ1062,FKBP2
BACILLUS CALMETTE-GUERIN ANTIGEN,TNF
PROTON PUMP INHIBITOR,TNF
BUPIVACAINE,TNF
"L-744,832",TP53
TRETINOIN,TP73
CISPLATIN,TP73
TRETINOIN,TPO
VITAMIN A,VDR
CAMPTOTHECIN,VDR
ROZANOLIXIZUMAB,CHRNA3
CAPECITABINE,ERBB2
AFURESERTIB,FKBP2
ELTROMBOPAG,SERPINC1
ALIROCUMAB,LDLR
PAZOPANIB,NR1I2
FLUVASTATIN,NR1I2
PHENYLBUTAZONE,NR1I2
MICONAZOLE NITRATE,NR1I2
MODAFINIL,NR1I2
LEDIPASVIR,IFNL3
VALPROIC ACID,COL1A1
DOXORUBICIN HYDROCHLORIDE,GPX3
BUCILLAMINE,HLA-DRB1
SIROLIMUS,TCF7L2
GEMCITABINE,NT5C1A
BCY15291,ACE2
CETUXIMAB,NRG3
DOXORUBICIN HYDROCHLORIDE,TP53
CAPECITABINE,TP53
DANIQUIDONE,NAT2
CHLORPROMAZINE,CYP1A2
ROFLUMILAST,CFTR
BLEOMYCIN,GSTM1
CPFPX,ABAT
2-CHLOROADENOSINE,ABAT
BINODENOSON,ABAT
MRS7469,ABAT
MONOAMINE OXIDASE INHIBITOR,RGS4
ADENOSINE,ABAT
CHOLIC ACID,DHCR7
L-97-1,ABAT
EPLONTERSEN,TTR
HALOTHANE,CACNA1S
MRS1066,ABCA1
GELDANAMYCIN,EGFR
ALBENDAZOLE,CYP1A2
"4-{2-[(7-AMINO-2-FURAN-2-YL[1,2,4]TRIAZOLO[1,5-A][1,3,5]TRIAZIN-5-YL)AMINO]ETHYL}PHENOL",ABCA1
2-CHLOROADENOSINE,ABCA2
AB-NECA,ABCA2
SORAFENIB,PDGFRB
ISONIAZID,HLA-B
MONOAMINE OXIDASE INHIBITOR,CYP2B6
EMTRICITABINE/TENOFOVIR/EFAVIRENZ,CYP2B6
CAPTOPRIL,AGTR1
REGADENOSON ANHYDROUS,ABCA2
BINODENOSON,ABCA2
CAPECITABINE,PTGS2
CAPECITABINE,SELE
METHAZOLAMIDE,HLA-C
ANASTROZOLE,CSMD1
HYDROCHLOROTHIAZIDE,CSMD1
HYDRALAZINE,HLA-DRB1
VERAPAMIL,GRK5
MSX-2,ABCA2
VUTRISIRAN,TTR
PEMBROLIZUMAB,ALK
PERINDOPRIL,TRIB3
DOXORUBICIN HYDROCHLORIDE,FCGR2A
FALDAPREVIR,IFNL3
CHLORTHALIDONE,MMP3
URIC ACID,PADI4
TELMISARTAN,SLCO1B3
OLANZAPINE,IL1A
OLANZAPINE,CHAT
GALANTAMINE,CHRNA7
DOXORUBICIN HYDROCHLORIDE,SLCO6A1
DOXORUBICIN HYDROCHLORIDE,MSH2
DOXORUBICIN HYDROCHLORIDE,ABCA1
ANIFROLUMAB,IFNAR1
NALOXONE HYDROCHLORIDE,COMT
EFAVIRENZ,HTR2A
BMS-690514,ERBB2
BRIVANIB,FGFR2
4-PHENYLBUTYRIC ACID,HDAC1
4-PHENYLBUTYRIC ACID,HDAC4
ENTINOSTAT,HDAC3
NEOVASTAT,MMP12
TIVANTINIB,MET
VATALANIB,PDGFRB
EFATUTAZONE,PPARG
OBATOCLAX,BCL2
ANTI-CD19 CAR T CELLS AT101,BCL2
BEXAROTENE,RXRG
BEXAROTENE,RXRB
IPILIMUMAB,CTLA4
CUSTIRSEN,CLU
DASATINIB ANHYDROUS,CSF1R
MK-5046,ACAT1
PACLITAXEL,BCL2
FLUTICASONE,NR3C1
LANICEMINE,GRIN1
LANICEMINE,GRIN2A
DUVOGLUSTAT,GAA
DERSALAZINE,PTGS1
DENUFOSOL,P2RY2
DEXANABINOL,GRIN3B
DEXANABINOL,GRIN3A
DEXANABINOL,GRIN2B
FLUTICASONE,NR3C1
PEGPLERANIB SODIUM,FLT4
PEGPLERANIB SODIUM,PDGFRB
CETUXIMAB,EGFR
ENMD-2076,FGFR2
ENMD-2076,CSF1R
EPTIFIBATIDE,ITGB3
ENMD-2076,SRC
GALANTAMINE,ACHE
GLUFOSFAMIDE,SLC2A4
GSI-136,NCSTN
GM-CSF,CSF2
GSI-136,PSENEN
RITUXIMAB,CD38
HUPERZINE A,ACHE
INIPARIB,PARP1
INTERFERON BETA,IFNAR2
GEFITINIB,EGFR
LISOFYLLINE,STAT4
RITUXIMAB,ERBB2
TOPSALYSIN,KLK3
RESMINOSTAT,HDAC6
RESMINOSTAT,HDAC4
SELEGILINE,MAOB
TARIQUIDAR,ABCB1
THALIDOMIDE,TNF
THALIDOMIDE,FGFR2
TROSPIUM,CHRM1
GIRENTUXIMAB,GYPA
CABOZANTINIB S-MALATE,MET
BELORANIB,METAP2
MIRABEGRON,ADRB3
SERTRALINE HYDROCHLORIDE,SLC6A4
ADAPALENE,RXRA
ACITRETIN,RARA
ADAPALENE,RXRG
BROMAZEPAM,GABRG3
BROMPHENIRAMINE,HRH1
CAFFEINE,ADORA2A
DIMENHYDRINATE,HRH1
FLUMAZENIL,GABRA1
PAPAVERINE,PDE4B
PENBUTOLOL,ADRB2
PHENIRAMINE,HRH1
PHENOBARBITAL,CHRNA7
PRAZEPAM,GABRA3
PROPIOMAZINE,HTR2A
SERMORELIN,GHRHR
TEMAZEPAM,GABRA3
ACEBUTOLOL,ADRB1
ALITRETINOIN,RXRG
VERAPAMIL,CACNA1S
ALITRETINOIN,RARA
AZATADINE,HRH1
BENZPHETAMINE,ADRA2A
BEPOTASTINE BESILATE,HRH1
PENTOSAN POLYSULFATE,FGF2
CHORIOGONADOTROPIN ALFA,FSHR
CLENBUTEROL,ADRB2
COCAINE,SLC6A4
BIC1,EFNA3
BUTABARBITAL,GRIK2
DESIPRAMINE,CHRM2
PEGINTERFERON ALFA-2A,IFNAR1
SERTINDOLE,HTR6
DOXEPIN HYDROCHLORIDE,SLC6A4
HEXAFLUORENIUM,BCHE
VITAMIN K3,NQO2
ISOFLURANE,KCNA1
HISTAMINE,UBE2K
VITAMIN K3,F7
NIFLUMIC ACID,PLA2G6
METHYSERGIDE,HTR1A
MIANSERIN,HTR2A
MIDODRINE,ADRA1A
MIRTAZAPINE,ADRA2A
MOMETASONE,ANXA1
BIMATOPROST,PTGFR
PAPAVERINE,PDE4B
PHENDIMETRAZINE,ADRA1A
PHENMETRAZINE,SLC6A3
PERPHENAZINE,DRD2
PITAVASTATIN,HMGCR
PIROXICAM-BETA-CYCLODEXTRIN,PTGS1
PRAMLINTIDE,CALCR
PRAVASTATIN SODIUM,HMGCR
QUINAPRIL,ACE
RAMIPRIL,ACE
RETEPLASE,FGA
RETEPLASE,PLG
COCAINE,SLC6A1
ROPINIROLE,DRD2
SUNITINIB,KDR
SUNITINIB,FLT4
SORAFENIB,PDGFRB
THALIDOMIDE,FGFR2
THALIDOMIDE,TNF
TOPIRAMATE,CA2
TIZANIDINE HYDROCHLORIDE,ADRA2A
TRIMETREXATE,DHFR
ZALEPLON,TSPO
ACENOCOUMAROL,VKORC1
ZOPICLONE,GABRA1
ZOPICLONE,TSPO
ZIPRASIDONE,HTR1A
ZIPRASIDONE,HTR2A
NI-0801,CXCL10
SARILUMAB,IL6R
SSR125543A,CRHR1
DECITABINE AND CEDAZURIDINE,DNMT1
PEMIGATINIB,FGFR3
UMBRALISIB,PIK3CG
M826,DBH
KARENITECIN,LINC00273
RIPRETINIB,PDGFRA
DAPIROLIZUMAB PEGOL,CD40LG
PONESIMOD,S1PR1
BNC375,CHRNA7
REMETINOSTAT,HDAC9
REVAMILAST,PDE4B
TIPRELESTAT,ELANE
ENOKIZUMAB,IL9
BL-1021,SLC6A4
JNJ-26483327,FLT4
EZATIOSTAT,GSTP1
TALETRECTINIB,NTRK1
AZD1940,CNR2
[125I]GASTRIN,CCKBR
GLAXO-11P,CCKAR
FLUTICASONE FUROATE,NR3C1
AX-024,GLRA2
ANTITHROMBIN ALFA,SERPINC1
LANDIPIRDINE,HTR6
NIVOLUMAB,LAG3
ELZOVANTINIB,DPYD
CERDULATINIB,DPYD
MELOXICAM,CPT1B
MECAMYLAMINE,CHRNA4
PHENYLTOLOXAMINE,DRD2
CLASCOTERONE,AR
CARBENOXOLONE,C1R
NANDROLONE DECANOATE,AR
MANAGLINAT DIALANETIL,FBP1
RANIBIZUMAB,VEGFA
BL-1020,DRD2
ORAL AZACITIDINE,DNMT1
CANERTINIB DIHYDROCHLORIDE,AKT1
BENZOCAINE,XK
ALACIZUMAB PEGOL,KDR
ISOTHIOUREA-1A,ACTG1
NILOTINIB,ABL1
T134,ACTG1
COMPOUND 10 [PMID: 31663733],CPT1A
TOLBUTAMIDE,ABCC8
COMPOUND 7P [PMID: 7861416],CP
CURCUMIN,MMP9
AZALANSTAT,CPT1A
SITAGLIPTIN,DAPK1
COMPOUND 1 [XIAO ET AL. 2014],DAPK1
PAZOPANIB HYDROCHLORIDE,PDGFRB
CURCUMIN,DNMT1
PAZOPANIB HYDROCHLORIDE,KDR
XMD8-92,ELN
BROMO-DEAZA-SAH,DNMT1
RKI-1447,DMPK
PGD2,APOB
BERZOSERTIB,PIK3CG
PGD2,APOB
DARBUFELONE,ALOX5
ILOPROST,APOB
ATX-101,PCNA
UNC9975,ABCD1
THIORIDAZINE,ALCAM
RAD-140,AR
OSIMERTINIB,EGFR
COMPOUND 17 [PMID: 23642479],EML1
HARMINE,EML1
"ETHYL 3-[(E)-2-AMINO-1-CYANOETHENYL]-6,7-DICHLORO-1-METHYL-1H-INDOLE-2-CARBOXYLATE",EML1
NINTEDANIB ESYLATE,PDGFRB
EZUTROMID,UTRN
NINTEDANIB ESYLATE,FGFR1
TEPOTINIB,MET
JNJ-40411813,GRM2
AMISELIMOD,S1PR1
AJMALICINE,ADRB1
EFLAPEGRASTIM,CSF3
FALNIDAMOL,DXO
SARILUMAB,IL6R
VANDETANIB,DXO
ANTI-MET/EGFR MONOCLONAL ANTIBODY LY3164530,MET
AFM-11,CD19
EPIREGULIN,DXO
ANRUKINZUMAB,IL13
OMIDENEPAG,APOC1
MISOPROSTOL,APOC1
CUDC-101,EN1
DACOMITINIB ANHYDROUS,EN1
PICROTOXIN,ARNT
PICROTOXIN,ARR3
ZN2+,ARR3
CLENBUTEROL,ADRB2
EPOPROSTENOL,PTGIR
FEXOFENADINE HYDROCHLORIDE,HRH1
LISURIDE,DRD2
METOCLOPRAMIDE HYDROCHLORIDE,DRD2
SERTRALINE HYDROCHLORIDE,SLC6A4
ALTIRATINIB,MET
DAPIROLIZUMAB PEGOL,CD40LG
AUTOLOGOUS ANTI-CD19 CAR T-CELLS IM19,CD19
RELACORILANT,NR3C1
ULOCUPLUMAB,CXCR4
ERTUMAXOMAB,ERBB2
PEGINESATIDE,EPOR
NERINETIDE,DLG4
INTEPIRDINE,HTR6
VARESPLADIB METHYL,PLA2G2A
(+)-BUTACLAMOL,A1BG
"GR 218,231",A1BG
MPDT,A1BG
S 16924,A1BG
PINDOLOL,A1BG
NAN 190,A1BG
HALOPERIDOL DECANOATE,A1BG
ZOLMITRIPTAN,A1BG
YOHIMBINE,A1BG
REC 15/3079,A1BG
PROPRANOLOL HYDROCHLORIDE,A1BG
SUMATRIPTAN,A2MP1
TFMPP,A2MP1
BUFOTENINE,A2MP1
HALOPERIDOL DECANOATE,A2MP1
5-MEOT,HTR2C
TFMPP,HTR2C
TRYPTAMINE,HTR2C
WAY-163909,HTR2C
CHLORPROMAZINE,SERPINA3
ECF506,ABL1
PD173955,ABL1
SARACATINIB,ABL1
RISVODETINIB,ABL1
PHENTOLAMINE,ABCB7
5-CL-5-DEOXY-(&PLUSMN;)-ENBA,ABAT
AS70,ABAT
WRC-0571,ABAT
LUF5981,ABCA1
SCH 58261,ABCA1
CHLORPROPAMIDE,ABCC8
MK-7725,ASIC2
BIIL 260,AMFR
COMPOUND 5A [PMID: 31287314],HIP1
COMPOUND C2 [PMID: 29990428],CNR2
JNJ-17156516,CCKAR
LINTITRIPT,CCKAR
SR144528,CNR2
ZWB67,GLRA2
ML315,ELANE
MW05,ELAVL2
EMACTUZUMAB,DPYD
ASPIRIN,CPT1B
"[125I]UROCORTIN 1 (MOUSE, RAT)",ALB
K31440,ALB
VILDAGLIPTIN,DAPK1
S-5751,APOB
FLUPHENAZINE HYDROCHLORIDE,ALCAM
LISURIDE,ALCAM
SB269652,ABCD1
SULPIRIDE,ABCD1
PEROSPIRONE,ABCD1
CHLORPROTHIXENE,ALDH1A1
[3H]PD128907,ALDH1A1
FLUPENTHIXOL,ALDH1A1
SULPIRIDE,ALDH2
GARCINOL,GLI1
GSK126,EZH2
EGFR/ERBB-2/ERBB-4 INHIBITOR,DXO
COMPOUND 6G [PMID: 30633509],DXO
DOVITINIB,DXO
ROCILETINIB,DXO
MB-28767,APOC1
CANERTINIB,EN1
SAPITINIB,EN1
WZ4002,ERBB4
EGFR/ERBB-2/ERBB-4 INHIBITOR,ERBB4
ESTRONE,ESR2
AFIMOXIFENE,ESR2
A-366,GCNT2
RO4938581,ARNT
BREXANOLONE,ARR3
CENOBAMATE,ARR3
ETAZOLATE HYDROCHLORIDE,STS
(S)-EF-1520,CD14
GERANYLGERANYL DIPHOSPHATE,CXCR5
[3H]CPP,GRIN2A
(RS)-(TETRAZOL-5-YL)GLYCINE,GRIN2A
(S)-3-PHENYLLACTIC ACID,AOAH
3-HYDROXYOCTANOIC ACID,AOAH
COMPOUND 36J [PMID: 21536438],ADH1C
AS1907417,ADH1C
AR231453,ADH1C
CAFFEINE,ITPR1
THEAFLAVIN,BRCA2
PROBENECID,BSG
PHLORETIN,BRCA2
DEUCRAVACITINIB,EPHB1
COMPOUND 13AC [PMID: 33256400],EPHB1
NEZULCITINIB,EPHB1
COMPOUND 18E [PMID: 31670517],EPHB2
COMPOUND 19A [PMID: 24359159],EPHB2
COMPOUND 30 [PMID: 37057760],EPHB2
ROPSACITINIB,EPHB1
BUMETANIDE,CD68
RAMUCIRUMAB,DRD2
BIBF-1202,DRD2
LUF7244,BAD
IBUTILIDE,BAD
DISOPYRAMIDE,BAD
NS1643,BAG1
BERZOSERTIB,ETFB
COMPOUND 12B [PMID: 31465220],ETFB
D6808,DRD4
DIMETHYLALLYL DIPHOSPHATE,BLK
GE-137,DRD4
DORAMAPIMOD,CTNNB1
DILMAPIMOD,CTNNB1
VX-702,CTNNB1
NIK SMI1,ERCC6
S20928,ANK3
[125I]DIV880,ANK3
6-CL-MLT,ANK3
RAMELTEON,ANK3
NALTREXONE,APOF
COMPOUND 22 [PMID: 30457869],HOXB4
PHA-709829,ATF4
SUBSTANCE P,AQP4
SCH486757,APBA1
AT-076,APBA1
[3H]EYF,ANXA1
JNJ-10397049,APBB1
LEMBOREXANT,APBB1
AMG28,PAK4
REACTIVE BLUE-2,BIRC2
COMPOUND 58L [PMID: 30843696],APEX1
2-CHLOROADENOSINE-5-TRIPHOSPHATE,APBB2
2-FUROYL-LIGRL[N[3H]PROPIONYL]-O-NH2,APOE
[3H]2-FUROYL-LIGRL-NH2,APOE
YD-3,APOH
FIMEPINOSTAT,F7
PIK-75,F7
DOVITINIB,DPP6
ILORASERTIB,DPP4
COMPOUND 8H [PMID: 21561767],DPP4
ORANTINIB,DPP6
ONX-0914,PSMB8
CCG-63808,GP1BA
COMPOUND 8H [PMID: 21561767],PTK2B
SELPERCATINIB,PTK2B
RESENCATINIB,PTK2B
CAFFEINE,RYR2
INSL5,KLK3
MINIMISED RELAXIN-3 ANALOGUE 3,KLK3
"DES-ALA1,2,5-[D-TRP8,IAMP9]SRIF",FAS
"[111IN,90Y]DOTA-OC",FASLG
MC2050,HLA-DMA
MRT67307,FEN1
MC2050,HLA-DMB
LPS,TLR4
SH045,ATP2B3
LA3+,TRPV6
COMPOUND 30 [PMID: 37057760],TYK2
"D(CH2)5[D-ILE2,ILE4,ALA-NH2]AVP",AR
COMPOUND 41 [PMID: 35436124],NPBWR1
ENTRECTINIB,ALK
VELIPARIB,BRCA2
NILUTAMIDE,AR
VELIPARIB,MYCN
CARBOPLATIN,XRCC1
TRICHOSTATIN A,HDAC9
ENTRECTINIB,ALK
ONALESPIB,ALK
PARP/TANKYRASE INHIBITOR 2X-121,ATM
BORTEZOMIB,B2M
JQ1,CD274
ATEZOLIZUMAB,CD274
ERIBULIN MESYLATE,CD274
"(10R)-10-METHYL-3-(6-METHYLPYRIDIN-3-YL)-9,10,11,12-TETRAHYDRO-8H-[1,4]DIAZEPINO[5',6':4,5]THIENO[3,2-F]QUINOLIN-8-ONE",CDKN2A
PF-00477736,CDKN2A
ANLOTINIB,CD274
HMN-214,CDKN2A
MEK INHIBITOR RO4987655,FGFR2
REGORAFENIB,FGFR2
FGFR3 INHIBITOR TYRA-300,FGFR3
PRN1371,FGFR3
SINTILIMAB,FGFR3
RUXOLITINIB,JAK1
BINIMETINIB,JAK2
METFORMIN,PIK3CA
STX-478,PIK3CA
VISTUSERTIB,PIK3CA
MULTI-AGC KINASE INHIBITOR AT13148,PIK3CA
REGORAFENIB,RET
TALAZOPARIB,STK11
BEVACIZUMAB-AWWB,TP53
IDELALISIB,TP53
PAZOPANIB,TP53
LUXEPTINIB,TP53
METHYLPREDNISOLONE,TP53
SIREMADLIN,TP53
ENCORAFENIB,TP53
PF-00477736,TP53
AXITINIB,TP53
DEPATUXIZUMAB MAFODOTIN,EGFR
BMS-275183,TUBB4B
RG-7636,TUBB4B
DBPR-108,DPP4
XEVINAPANT,BIRC2
CHEMBL:CHEMBL374632,HTT
CHEMBL:CHEMBL590706,EHMT2
METERGOLINE,DRD1
GUSPERIMUS TRIHYDROCHLORIDE,CD28
BETRIXABAN,F10
ZIPRASIDONE,HTR2C
TAMSULOSIN HYDROCHLORIDE,ABCA4
COMPOUND 21B [PMID: 12723954],ASIC2
HARMALINE,HSD17B10
BICALUTAMIDE,CYP2B6
METHIMAZOLE,CYP7B1
TELATINIB,FLT4
OXIDOPAMINE,SYP
LEVOBUNOLOL,ADRB2
ESTRADIOL VALERATE,NR3C1
LEVODOPA,EHMT2
OMIGAPIL,GAPDH
DIHYDREXIDINE,DRD1
CONCIZUMAB,TFPI
LY3202626,BACE1
BRIMONIDINE,ABL1
AMYLMETACRESOL,USP1
ALBENDAZOLE,HSPB1
CYCLOPHOSPHAMIDE ANHYDROUS,CYP2D6
BOCEPREVIR,VDR
NAPHTHOQUINONE,NFE2L2
CAMPTOTHECIN,COL18A1
KETOCONAZOLE,EHMT2
TAMATINIB,PAK1
MOLINATE,NFE2L2
TERUTROBAN,TBXA2R
METHOXY POLYETHYLENE GLYCOL-EPOETIN BETA,EPOR
MILNACIPRAN,ADRA2A
DOVITINIB,DPP4
ML277,AZF1
CAPADENOSON,ABAT
GSK3685032,DNMT1
ERLOTINIB,EGFR
PURPURIN,ALOX15
ETHINYL ESTRADIOL,NR1I3
TRETINOIN,EGR2
IRON CARBONYL,HFE
METHSCOPOLAMINE BROMIDE,CHRM3
TRIFLUPROMAZINE,DRD2
MOLIDUSTAT,EGLN3
RG-1530,ERBB4
ERLOTINIB,EGFR
AURINTRICARBOXYLIC ACID,USP1
MECHLORETHAMINE,MMP2
ZARDAVERINE,CYP1A2
CHEMBL:CHEMBL2204495,LRRK2
ETICLOPRIDE,ABCD1
BISPHENOL A,ESR2
CHEMBL:CHEMBL201325,NFKB1
E-6201,MAP2K1
IDRABIOTAPARINUX SODIUM,F10
ADAVOSERTIB,MAP4K4
ILORASERTIB,FLT4
CERTOLIZUMAB PEGOL,TNF
GLATIRAMER,CCR5
BMS-754807,AKT1
X-82,PDGFRB
EMAPALUMAB-LZSG,PRF1
IRX-4204,RXRG
4-AMINOPHENOL,NFE2L2
ROPEGINTERFERON ALFA-2B,IFNA2
"9,10-PHENANTHRENEQUINONE",PLCG1
DAIDZEIN,LIF
HYPERBARIC OXYGEN,BAX
OXYPHENONIUM,CHRM1
HSP90 INHIBITOR DEBIO 0932,HSP90AA1
BI-4142,EN1
POTASSIUM OXYBATE,GABBR2
GUANIDINE HYDROCHLORIDE,ADRA2A
RACEPINEPHRINE,MAPT
AMUVATINIB,PDGFRA
IPILIMUMAB,ATM
TYRPHOSTIN 25,HSD17B10
DOPAMINE,FEN1
TAMATINIB,CDK5
ABT-751,TUBA4A
2-OLEOYL GLYCEROL,ADH1C
E4031,BAD
DAMNACANTHAL,VDR
GMI-1359,SELE
DUTOGLIPTIN,DPP4
CARBINOXAMINE,HRH1
INTERFERON BETA-1A,IFNB1
OMBURTAMAB I-131,CD276
COMPOUND 8H [PMID: 21561767],ATN1
CBS-3595,CTNNB1
E319,AR
PANITUMUMAB,EGFR
CHEMBL:CHEMBL463783,RAD52
CHEMBL:CHEMBL523200,ATXN2
TAMATINIB,RPS6KB1
SAGE-718,GRIN2A
BELANTAMAB MAFODOTIN-BLMF,TUBB4A
COMPOUND 24 [PMID: 23441572],ABL1
HYDROXYUREA,JAK2
NEZULCITINIB,TYK2
CIRAZOLINE,THRB
CYPRODINIL,NFE2L2
DULOXETINE HYDROCHLORIDE,FCN2
AD5075,CCND1
SERTRALINE HYDROCHLORIDE,CD9
INDINAVIR SULFATE,ERVW-4
CCL8,ACTA1
2-IODOACETAMIDE,VDR
CHEMBL:CHEMBL606532,HTT
MOMETASONE,NR3C1
ZSTK474,F7
KENPAULLONE,CDC7
CITALOPRAM,SLC6A4
ALITRETINOIN,RARB
CYPRODINIL,AHR
5-FLUOROURIDINE,NFE2L2
CHEMBL:CHEMBL580324,NPC1
ETICLOPRIDE,ALDH2
PROGESTERONE,CR2
APROTININ,PLG
DILEVALOL HYDROCHLORIDE,ADRB2
DILEVALOL HYDROCHLORIDE,ADRB2
CHEMBL:CHEMBL1952259,OPN1LW
OLAPARIB,BRCA2
DOXORUBICIN HYDROCHLORIDE,TPMT
PHENETHYLISOTHIOCYANATE,FKBP1A
IL-5,CD9
CHEMBL:CHEMBL189724,CYP2D6
UREA,HSPB1
BERKELEYACETAL C,MMP3
CHEMBL:CHEMBL1307453,GMNN
HYDROXYSTILBAMIDINE ISETHIONATE,POLB
"2-METHYL-5,7,8-TRIMETHOXYISOFLAVONE",ALDH1A1
VITAMIN A,THBS1
RASAGILINE,ABCB1
BUSPIRONE,HTR1A
LOVASTATIN,SMN1
GLUTARAL,NFE2L2
CYCLOVALONE,EHMT2
HESPERADIN,PRKAA2
TOLIMIDONE,LYN
BENZYL ISOTHIOCYANATE,VDR
PENCYCURON,AR
CHEMOPREVENTIVE AGENT,NOS1
SIROLIMUS,FKBP1A
CDC2-LIKE KINASE INHIBITOR,DYRK1A
AFLIBERCEPT,VEGFA
LACUTAMAB,KIR2DL2
ETHINYL ESTRADIOL,NR3C1
METHIMAZOLE,IL2RA
MAGNESIUM SULFATE ANHYDROUS,NTS
TRICHOSTATIN A,HDAC6
TRANEXAMIC ACID,PLAT
MEXILETINE HYDROCHLORIDE,SCN8A
[3H]7-OH-DPAT,ALDH1A1
PERAMPANEL,GRIA1
AZACITIDINE,DNMT1
ISOSORBIDE DINITRATE,PRL
IVACAFTOR,CFTR
DICLOFENAC SODIUM,CYP1A2
CILENGITIDE,BCL2
COMPOUND 31 [PMID: 31259550],CCR4
CARBARIL,GAA
CHEMBL:CHEMBL2347632,CXCR4
GSK-2636771,PIK3C3
CARVEDILOL,ADRB2
TALAZOPARIB TOSYLATE,PARP1
TELISOTUZUMAB VEDOTIN,MET
TALETRECTINIB,NTRK1
ONARTUZUMAB,DRD4
NETOGLITAZONE,CCND1
VANDETANIB,ALK
CHEMBL:CHEMBL103583,PLK1
URIDINE,SLC2A4
CHEMBL:CHEMBL530291,HTT
CHEMBL:CHEMBL388823,SMN1
RALOXIFENE HYDROCHLORIDE,NR1H4
RG-1530,FYN
ICI-199441,TSHR
CHEMBL:CHEMBL171699,EHMT2
CHEMBL:CHEMBL87568,THRB
ISOPROTERENOL,PIK3CG
PROTOPORPHYRIN,CYP1A2
PERFLUNAFENE,USP1
TRIAZOLAM,GABRG3
ANASTROZOLE,CLDN11
ANTI-HIF-1ALPHA LNA ANTISENSE OLIGONUCLEOTIDE EZN-2968,HIF1A
NAVITOCLAX,BCL2L1
CYCLOSPORINE,PTGS2
CHEMBL:CHEMBL257748,KAT2B
ILORASERTIB,SYK
CHEMBL:CHEMBL601768,HSP90AA1
GANODERIC ACID TR,NR1H4
ANTI-EGFR MONOCLONAL ANTIBODY GT-MAB 5.2-GEX,EGFR
HYDROCHLOROTHIAZIDE,ACE
METHYLHOMATROPINE,CHRM2
INTETUMUMAB,ITGAV
EMAPTICAP PEGOL,CCL2
DOXORUBICIN HYDROCHLORIDE,XPC
E2012,GLUL
CETUXIMAB,GC
TERAZOSIN,HTT
COLLAGENASE CLOSTRIDIUM HISTOLYTICUM-AAES,COL1A1
LAROPIPRANT,PTGDR
NABILONE,CNR1
CHEMBL:CHEMBL1214274,ALDH1A1
UREA,HMGB1
GW0742X,VDR
DIOXYBENZONE,HPGD
DEXANABINOL,GRIN1
RIVAROXABAN,F10
MPDT,A2MP1
FUMARPROTOCETRARIC ACID,APEX1
NAPROXEN SODIUM,CXCL8
QUERCETIN,EHMT2
CIPROFIBRATE,JUN
ANTIDEPRESSANT AGENT,NOS1
KENPAULLONE,GMNN
SAMOTOLISIB,PIK3CA
CHEMBL:CHEMBL87568,NFE2L2
BETAXOLOL,ADRB1
CHOLIC ACID,PLA2G1B
CHLORDANE,CXCL8
ALVOCIDIB,CDK7
DROMOSTANOLONE,AR
HYALURONIC ACID,ICAM1
Z-PRO-PROLINAL,ALDH1A1
UROKINASE,PLG
ERLOTINIB,AR
TRIBROMSALAN,AR
CHRYSIN,CYP1B1
CEFSULODIN SODIUM,FEN1
BENZYL ISOTHIOCYANATE,NFE2L2
SULFINPYRAZONE,ABCC1
BPH-675,CXCR5
MEBANAZINE,MAOB
BUSPIRONE,PRL
RPSGL-IG,SELP
DESIPRAMINE,ADRB2
[35S]IBUTAMOREN,ALOX15
METHIMAZOLE,EHMT2
CHEMBL:CHEMBL536151,KDR
GSK-2018682,S1PR1
REPARIXIN,CXCR2
HUMAN GIP(1-30)NH2,ALPI
ACEMETACIN,PTGS2
IVACAFTOR,CFTR
THIORIDAZINE,DRD1
[125I]GLP-1-(7-36)-AMIDE,ALPL
LEVOTHYROXINE,THRA
CHEMBL:CHEMBL475908,SMN1
TRALOKINUMAB,IL13
PARAOXON,AR
MEPERIDINE HYDROCHLORIDE,APOF
CHLORPHENIRAMINE POLISTIREX,HRH1
LIFITEGRAST,ICAM1
HOMIDIUM,THRB
LORAZEPAM,GABRG3
C-1311,NQO2
CHEMBL:CHEMBL590691,EHMT2
CORTICOTROPIN,NTRK2
OLAPARIB,ESR1
CHEMBL:CHEMBL524376,HSPA5
GV196771A,GRIN2A
IDARUBICIN,ATXN2
ALITRETINOIN,VDR
DEOXYVASICINONE,ALOX15
"(R,S)-INDATRALINE",CYP2D6
STROPHANTHIDIN,NFE2L2
NV-128,NDUFS2
ASPARTIC ACID,GRIN2A
CGP37849,GRIN2A
OCTREOTIDE ACETATE,IGFBP1
SPIRAPRIL,ACE
PIPLARTINE,TARDBP
ANHYDROUS TACROLIMUS,HSD11B1
ELAPEGADEMASE-LVLR,ADA
CHEMBL:CHEMBL582276,GMNN
DICHLOROPHEN,PPARG
OLMESARTAN MEDOXOMIL,AGTR1
DIMETHYL SULFOXIDE,PTHLH
CHEMBL:CHEMBL609570,AR
PERGOLIDE,DRD1
MM-111,ERBB2
PROTEIN KINASE INHIBITOR,DDIT3
ML162,HOXD13
LANRAPLENIB,SYK
PI3K/MTOR KINASE INHIBITOR PF-04691502,PIK3CG
SB 207710,NAT1
RG-1530,MAP2K2
PAREGORIC,NR4A1
CHORIOGONADOTROPIN ALFA,LHCGR
COMPOUND 25 [PMID: 32105470],MNX1
ELAFIBRANOR,PPARD
TRACAZOLATE,KMT2A
FLUTAMIDE,AR
ABCIXIMAB,ITGA2B
ALDESLEUKIN,IL2RB
TULOBUTEROL,ADRB2
RESMINOSTAT,HDAC9
5-(NONYLOXY)-TRYPTAMINE,A2M
LDN-214117,DNMT3A
CHEMBL:CHEMBL548017,MAPT
RISPERIDONE,HTR2A
DORAVIRINE,ERVW-4
"L-817,818",FAS
ACIFRAN,AOAH
METRONIDAZOLE,TSPO
WARFARIN,ALB
ZM336372,EHMT2
S-222611,EGFR
RADOTINIB,ABL1
FIBOFLAPON,ALOX5AP
FORETINIB,KDR
AT-7519,CDK4
CHEMBL:CHEMBL234338,WRN
CHEMBL:CHEMBL535714,PDE4B
DIAZEPAM,GABRG3
PROGESTERONE,NRG1
BIFENAZATE,AR
DOXORUBICIN HYDROCHLORIDE,FCGR3A
FRAXETIN,FEN1
GALETERONE,AR
TRANYLCYPROMINE,GEM
DESMOPRESSIN,AR
LYSOPHOSPHATIDYLETHANOLAMINE,ADH1C
PRASUGREL HYDROCHLORIDE,P2RY12
CEP-2563,NTRK1
CHEMBL:CHEMBL259103,CYP1A2
COMPOUND 1 [PMID: 21273063],ADH1C
ZK93423,GABRA1
CHEMBL:CHEMBL606456,RAD52
PHYTOCHEMICAL,CYP1A1
GIVINOSTAT,HDAC1
BETAMETHASONE,AR
RONICICLIB,CDK4
ZAPRINAST,ADAM10
ORTERONEL,CYP17A1
PANITUMUMAB,EGFR
AR291903,ADRA2A
FLUTAMIDE,AR
AXITINIB,VHL
CERALASERTIB,TP53
PEGAPTANIB,VEGFA
ENALAPRIL MALEATE,ACE
TENECTEPLASE,PLG
METHSCOPOLAMINE BROMIDE,CHRM1
EVEROLIMUS,FKBP1A
CCP,NAAA
THYROTROPIN ALFA,TSHR
DROPERIDOL,HTR2A
INSULIN PURIFIED PORK,INSR
REGORAFENIB,FGFR1
CROFELEMER,CFTR
REGORAFENIB,FRK
IXABEPILONE,TUBA4A
CARVEDILOL,ADRB2
THEOPHYLLINE,ADORA3
PINACIDIL,KCNJ11
TRANYLCYPROMINE,MAOB
TRANYLCYPROMINE,MAOA
VANDETANIB,FLT4
TAKINIB,EPHA3
HYDROXYUREA,RRM2
COLLAGENASE CLOSTRIDIUM HISTOLYTICUM-AAES,COL3A1
RESERPINE,SLC18A2
VALDECOXIB,PTGS2
OXYBUTYNIN,CHRM2
OFATUMUMAB,MS4A1
VANDETANIB,EPHA3
DIAZEPAM,GABRG3
ENFLURANE,GABRA3
EP 157,APOC3
DIPHENIDOL,DST
ROPIVACAINE HYDROCHLORIDE,SCN9A
PHENACEMIDE,SCN8A
PHENACEMIDE,SCN7A
ROPIVACAINE HYDROCHLORIDE,SCN2A
MEXILETINE HYDROCHLORIDE,SCN9A
LACOSAMIDE,SCN2A
LABETALOL HYDROCHLORIDE,ADRB1
LABETALOL HYDROCHLORIDE,ADRA2A
LABETALOL HYDROCHLORIDE,ADRA1A
NOREPINEPHRINE BITARTRATE,ADRA1A
NOREPINEPHRINE BITARTRATE,ADRB1
NOREPINEPHRINE BITARTRATE,ADRA2A
DROPERIDOL,DRD2
JNJ-26483327,FYN
HMN-214,PLK1
JNJ-26483327,ERBB4
LY-2874455,FGFR1
LS-104,JAK2
PWT-33587,PIK3CG
PLX-7486,NTRK1
AVUTOMETINIB,MAP2K1
TRICETAMIDE,JAK3
PKI-179,PIK3CA
XL-418,AKT1
SERIDOPIDINE,DRD2
GSK159802,ADRB2
PUQUITINIB,PDGFRB
CEP-2563,RET
BMS-582949,MAPK14
GOLVATINIB,KDR
ROCILETINIB,EGFR
SELICICLIB,CDK5
FAMITINIB,FLT4
ETALOCIB,LTB4R
MINOPAFANT,PTAFR
ITACITINIB,JAK1
LANICEMINE,GRIN3A
LANICEMINE,GRIN2B
NAZARTINIB,EGFR
FARAMPATOR,GRIA3
BECAMPANEL,GRIA2
BECAMPANEL,GRIA1
BECAMPANEL,GRIA4
MIBAMPATOR,GRIA1
MIBAMPATOR,GRIA2
RESEQUINIL,GABRA3
APALUTAMIDE,AR
SEMAXANIB,FLT4
LECOZOTAN HYDROCHLORIDE,HTR1A
PICLIDENOSON,ADORA3
ASAPIPRANT,PTGDR
GANTENERUMAB,APP
ODANACATIB,CTSK
SAMALIZUMAB,CD200
IC14,CD14
MDX-447,FCGR1A
FENCLOFENAC,PTGS2
METHAPYRILENE FUMARATE,HRH1
NITREFAZOLE,ADH1C
SITAXENTAN,EDNRA
VERALIPRIDE,DRD2
LUCATUMUMAB,CD40
CLOTIAZEPAM,GABRG3
TERODILINE HYDROCHLORIDE,CACNG2
RG-7444,FGFR3
MIDAZOLAM HYDROCHLORIDE,GABRA1
AMIFAMPRIDINE PHOSPHATE,KCNC3
ROPEGINTERFERON ALFA-2B,IFNAR1
EXALUREN,RPS3A
EXALUREN,RPL14
ELAFIBRANOR,PPARA
BMS-275183,TUBB4A
BELAPECTIN,LGALS3
CONTUSUGENE LADENOVEC,TP53
ABEXINOSTAT,HDAC6
ZIMBERELIMAB,PDCD1
TASURGRATINIB,FGFR3
PF-00217830,DRD2
PRALUZATAMAB RAVTANSINE,TUBB4B
IOWH-032,CFTR
BAZLITORAN,TLR8
RO-7121661,PDCD1
AT-9283,EPHB2
LORPUCITINIB,EPHB2
AZD-9164,CHRM3
RUXOLITINIB,EPHB2
RUCAPARIB,BRCA1
ERLOTINIB,EGFR
TRAMETINIB DIMETHYL SULFOXIDE,NF1
EVEROLIMUS,PTEN
GRANISETRON,TP53
ANAKINRA,IL1R1
PICTILISIB,PIK3CG
LENALIDOMIDE,TNF
CHEMBL:CHEMBL476501,CYP2D6
QUINPIROLE,DRD2
ESTRADIOL VALERATE,ESR2
ETHACRIDINE LACTATE,VDR
CHEMBL:CHEMBL512649,EHMT2
ETHINYL ESTRADIOL,CYP1A2
VEGFA,DRD2
CHEMBL:CHEMBL365617,ROCK1
RALOXIFENE HYDROCHLORIDE,ESR2
THUNBERGINOL B,TP53
THIRAM,KAT2A
LENVATINIB,DRD2
FALNIDAMOL,GMNN
OXOPURPUREINE,FEN1
TOSUFLOXACIN TOSYLATE,PLK1
CYCLOFENIL,NFE2L2
PROCHLORPERAZINE,EHMT2
ENTRECTINIB,FGFR1
RALOXIFENE HYDROCHLORIDE,P4HB
CHEMBL:CHEMBL546344,NPC1
SB202190,MAPK14
METHYLPREDNISOLONE ACETATE,NFE2L2
ADAVOSERTIB,PRKCQ
CHEMBL:CHEMBL581910,BRCA1
SORAFENIB,LYN
CHEMBL:CHEMBL597449,ALDH1A1
CHEMBL:CHEMBL201325,SMN1
CHEMBL:CHEMBL316796,BRCA1
CHEMBL:CHEMBL201325,SMN2
CHEMBL:CHEMBL1334191,ATXN2
HALOPROGIN,KAT2A
CHEMBL:CHEMBL389390,CYP2D6
CHEMBL:CHEMBL523200,VDR
CHEMBL:CHEMBL2088301,MAOA
SEROTONIN,EHMT2
MELENGESTROL ACETATE,NFE2L2
"(R,S)-INDATRALINE",TP53
7-NITROINDAZOLE,HPGD
OXOTREMORINE,CYP2D6
ILORASERTIB,MAP2K1
PURPURIN,BRCA1
DYCLONINE HYDROCHLORIDE,AR
PHENYLSTIBONIC ACID,TDP1
IDEBENONE,VDR
NELFINAVIR MESYLATE,ATXN2
GINSENOSIDE RG3,BAD
CHEMBL:CHEMBL2022241,HSP90AA1
ENTRECTINIB,FGFR3
KASANOSIN B,POLG
FISETIN,ALOX12
ETHINYL ESTRADIOL,AR
SB202190,MAPK8
&ALPHA;-ERGOCRYPTINE,MAPT
QUERCETIN,F2
GW282974X,GMNN
ILORASERTIB,IGF1R
EMODIN,APEX1
SHU9119,ANK1
CHEMBL:CHEMBL516616,CASP7
ANAZOLENE,VDR
PHENAMIL,DRD1
"2,3-DIHYDROXY-6,7-DICHLOROQUINOXALINE",CYP1A2
CHEMBL:CHEMBL1320453,CYP1A2
MYCOPHENOLATE MOFETIL,AR
QUERCETIN,PON1
CHEMBL:CHEMBL249190,TSHR
OXOGLAUCINE,HPGD
CHEMBL:CHEMBL201325,TP53
DORAMAPIMOD,NTRK2
QUERCETIN,HSD17B10
QUESTIOMYCIN B,AR
RG-1530,CSF1R
HESPERADIN,FGFR1
ERLOTINIB,EGFR
CHEMBL:CHEMBL374632,PTK2B
CHEMBL:CHEMBL68534,HIF1A
PD-98059,MAPK1
QUERCETIN DIHYDRATE,APEX1
RT3,USP1
HYDROXYZINE PAMOATE,FEN1
CHEMBL:CHEMBL599088,MTOR
PD-98059,MAPK3
CHEMBL:CHEMBL538965,AHR
P-HYDROXYCINNAMALDEHYDE,ALDH1A1
DORAMAPIMOD,PDGFRB
5-HYDROXYINDOLEACETIC ACID,RGS4
HYDROXYZINE PAMOATE,MAPT
SORBINIL,NFKB1
CHEMBL:CHEMBL546576,MAPT
MECARBAM,VDR
TRIFLUPROMAZINE,DRD1
CHEMBL:CHEMBL444236,HSD17B10
PHENETHYLISOTHIOCYANATE,TRPA1
CHEMBL:CHEMBL561679,AR
PROTOPORPHYRIN,MAPT
"N,N'-DIPHENYL-P-PHENYLENEDIAMINE",ALOX12
(S)-FLUOXETINE,TP53
RG-1530,PDGFRA
SKF-38393,DRD1
ZAPA,ALDH1A1
"9,10-PHENANTHRENEQUINONE",ATXN2
AZD6538,GRM5
ISOFENPHOS,NFE2L2
ALLITRIDIN,KAT2A
2'-HYDROXYCHALCONE,NFE2L2
SPERMIDINE,EHMT2
DOPAMINE,NFE2L2
CHEMBL:CHEMBL522983,FEN1
BUDESONIDE,CYP1A2
NITAZOXANIDE,AHR
2-IODOACETAMIDE,HSD17B10
PANTOPRAZOLE SODIUM,VDR
CHEMBL:CHEMBL85194,CYP2D6
OBTUSAQUINONE,MAPT
ELLAGIC ACID,APEX1
FENBUCONAZOLE,AR
LOVASTATIN,VDR
CHEMBL:CHEMBL515252,POLB
"2,3-DIHYDROXY-6,7-DICHLOROQUINOXALINE",SMN2
SKF-82958,DRD1
CHEMBL:CHEMBL587849,ATXN2
AURINTRICARBOXYLIC ACID,KMT2A
CHEMBL:CHEMBL584635,NFE2L2
ESTRADIOL VALERATE,AR
CHEMBL:CHEMBL1983317,NQO1
CHEMBL:CHEMBL602807,HPGD
CHEMBL:CHEMBL462861,PLK1
"9,10-PHENANTHRENEQUINONE",VDR
ERLOTINIB,LYN
PIPLARTINE,ATXN2
GW0742X,PPARA
CHEMBL:CHEMBL1650245,HDAC9
SKF-38393,EHMT2
"3,4-DIMETHOXYDALBERGIONE",MAPT
TAMATINIB,MET
THUNBERGINOL B,WRN
ANETHOLE TRITHIONE,AR
CALCITRIOL,CYP24A1
GEDATOLISIB,ETFB
QUERCETIN,HPGD
CHEMBL:CHEMBL1465049,ATXN2
CHEMBL:CHEMBL563919,TP53
TRIDOLGOSIR,LAT
PAXALISIB,ETFB
LOPERAMIDE,AR
CHEMBL:CHEMBL42355,SMN2
METHYLENE BLUE ANHYDROUS,TDP1
HARMALOL HYDROCHLORIDE,HSD17B10
NOLATREXED,EHMT2
CHEMBL:CHEMBL580819,GMNN
CYSTAMINE,VDR
SEMAXANIB,DRD1
CHEMBL:CHEMBL260342,ALOX15
DIHYDROGAMBOGIC ACID,VDR
BERKELEYDIONE,MMP3
ZAPA,VDR
CHLORDANE,NFE2L2
CHEMBL:CHEMBL372629,SUMO1
CHEMBL:CHEMBL538104,EHMT2
BERBERINE,CYP1A2
OMIPALISIB,ETFB
FUMARPROTOCETRARIC ACID,ALDH1A1
PROPANTHELINE,CYP2D6
PHENOTHIAZINE,ALOX12
ELLAGIC ACID,HPGD
MELPHALAN,TP53
CRIZOTINIB,DRD4
SEMAXANIB,MAPT
IODOPHTHALEIN,VDR
CHEMBL:CHEMBL171699,S1PR1
DALMELITINIB,DRD4
CALCITRIOL,VDR
CHEMBL:CHEMBL412603,CASP3
ISOPENTENYL PYROPHOSPHATE,BLK
BW284C51,EHMT2
SB202190,HSD17B10
3-METHOXYCATECHOL,HSD17B10
CHEMBL:CHEMBL502774,NFKB1
CHEMBL:CHEMBL595227,HSD17B10
AZD8529,ANPEP
ILORASERTIB,ERBB4
PICEATANNOL,MAPT
KENPAULLONE,DYRK1A
BIOALLETHRIN S-CYCLOPENTENYL ISOMER,NFE2L2
"1,10-PHENANTHROLINE",MTOR
LOBARIC ACID,SMAD3
CHEMBL:CHEMBL528694,AGTR1
CHEMBL:CHEMBL421088,AGTR1
THIRAM,PLK1
BERGAPTOL,GMNN
CHEMBL:CHEMBL602807,PLK1
NANDROLONE DECANOATE,NFE2L2
ERLOTINIB,FLT4
CHEMBL:CHEMBL538965,HSD17B10
MK-912,ADRA2A
DIHYDRODAPHNODORIN B,ALPI
EPICATECHIN,ALPL
EBASTINE,GMNN
CHEMBL:CHEMBL1420370,CYP1A2
TRETINOIN,KAT2A
ARSANILIC ACID,ESR1
METHOTREXATE,TP53
CHEMBL:CHEMBL554475,CDC42
EDGEWORIN,POLB
ERLOTINIB,ABL1
CHEMBL:CHEMBL585444,GMNN
CHEMBL:CHEMBL578515,SMAD3
CHEMBL:CHEMBL85194,MAPT
DORAMAPIMOD,MAPK14
CHEMBL:CHEMBL602969,HTT
BENZODROCORTISONE,NR3C2
CHEMBL:CHEMBL602127,MTOR
ENTRECTINIB,NTRK2
FISETIN,MAPK1
THUNBERGINOL B,FEN1
DAUNORUBICIN LIPOSOMAL,MAPT
R-1487,MAPK1
CHEMBL:CHEMBL1498652,VDR
CHEMBL:CHEMBL546344,SMAD3
TRIFLUPROMAZINE HYDROCHLORIDE,JUN
SENNOSIDE B,WRN
PYRITHIONE ZINC,GMNN
OXYMETHOLONE,NFE2L2
DEXAMETHASONE,RELA
LY341495,GRM8
HYDROXYTYROSOL,GAA
PSB1115,CYP2D6
SB202190,PRKACA
RALOXIFENE HYDROCHLORIDE,HSD17B10
CHEMBL:CHEMBL77387,EHMT2
DIHYDREXIDINE HYDROCHLORIDE,HPGD
CYCLOFENIL,HSPB1
CHEMBL:CHEMBL578928,GMNN
CHEMBL:CHEMBL598263,NFE2L2
KENPAULLONE,GSK3B
LINTITRIPT,VDR
PIFEXOLE,CYP1A2
PROCYMIDONE,AR
RS-17053,ALOX15
TRIFLUOPERAZINE,EHMT2
CALCIMYCIN,RGS4
CHEMBL:CHEMBL374632,NPC1
ACLARUBICIN HYDROCHLORIDE,AR
CHEMBL:CHEMBL601528,ALOX15
PF-03715455,ESRRB
CHEMBL:CHEMBL1465049,THRB
NEFLAMAPIMOD,MAP2K6
CHEMBL:CHEMBL602763,EHMT2
PREDNISOLONE,NR3C2
CHEMBL:CHEMBL392068,PSEN2
ACEPROMAZINE,CYP1A2
MIRIPIRIUM,HTT
DEXAMETHASONE,NR3C2
TG100-115,MTOR
DAMNACANTHAL,MAPT
PROCHLORPERAZINE,EHMT2
ALDISIN,PTPN1
AZD6703,CTNNB1
CHEMBL:CHEMBL1574420,SMN2
DOPAMINE,TP53
PUTRESCINE DIHYDROCHLORIDE,EHMT2
CYAZOFAMID,AR
KINETIN RIBOSIDE,TP53
METHYLTESTOSTERONE,NR3C1
SB220025,CTNNB1
MECETRONIUM,USP1
CHEMBL:CHEMBL273103,HTT
DIHYDROGAMBOGIC ACID,HSD17B10
FUMARPROTOCETRARIC ACID,MAPT
METHYSERGIDE,DRD1
DASATINIB ANHYDROUS,MAP2K2
DAUNORUBICIN LIPOSOMAL,HDAC4
DAUNORUBICIN LIPOSOMAL,HDAC9
CALCIMYCIN,MAPK1
CHEMBL:CHEMBL600353,ATXN2
JNK INHIBITOR VIII,MAPK1
CHEMBL:CHEMBL64239,ARSA
AG1478,CYP1A2
COMPOUND 11 [PMID: 26431428],ERCC2
GENIPIN,EGR1
QUINPIROLE,THRB
DINITRO CRESOL,NFE2L2
MAHANIMBINE,MAPT
THIAMINE,NFE2L2
SAPPANONE A DIMETHYL ETHER,MAPT
TANGERETIN,ALDH1A1
MIDAZOLAM HYDROCHLORIDE,BRD3
GRAVEOLINE,HSD17B10
ANDROSTENEDIOL,AR
AMINOPURVALANOL A,CYP1A2
RALOXIFENE HYDROCHLORIDE,NR3C1
SERTRALINE HYDROCHLORIDE,TP53
PENTACHLOROPHENOL,ALDH1A1
SERTRALINE HYDROCHLORIDE,JUN
HESPERADIN,EPHB1
CHEMBL:CHEMBL548629,PLK1
OXOGLAUCINE,CREBBP
TRIPHENYL PHOSPHATE,NR1I3
DEXAMETHASONE DIPROPIONATE,AR
CROCIN,EHMT2
CHEMBL:CHEMBL505807,ALPL
GRAVEOLINE,CYP1A2
CHEMBL:CHEMBL399530,MET
HESPERADIN,MERTK
CHLORHEXIDINE DIACETATE,RXRA
NITAZOXANIDE,NPC1
RALOXIFENE HYDROCHLORIDE,ATXN2
GW0742X,NFE2L2
OLEIC ACID,KAT2A
3-METHYLCHOLANTHRENE,THRB
HEMATOXYLIN,APEX1
CHEMBL:CHEMBL201325,HSD17B10
CHEMBL:CHEMBL1465049,HPGD
CHEMBL:CHEMBL533388,GMNN
CHLORPYRIFOS,VDR
&ALPHA;-ERGOCRYPTINE,USP1
CHEMBL:CHEMBL598663,HPGD
CHEMBL:CHEMBL1498652,MAPT
CHEMBL:CHEMBL1343568,CYP1A2
PURPURIN,MAPT
QUINPIROLE,EHMT2
TRACHEAL CYTOTOXIN,NOD1
HYDRALAZINE,CYP2D6
SENNOSIDE B,APEX1
MESALAMINE,EHMT2
MIGALASTAT,GAA
CLODRONIC ACID,PIN1
PROGESTERONE,NR3C1
CARBOXYMETHYL-TRIMETHYL-ARSONIUM,JUN
ALDOSTERONE,AR
FOSPIRATE,NFE2L2
RG-1530,PAK4
CHEMBL:CHEMBL597857,RAD54L
RO31-8220,EHMT2
PIPLARTINE,GMNN
CCG-63802,FEN1
CHEMBL:CHEMBL591178,NFE2L2
FLUTAMIDE,CYP1A2
ZOLPIDEM TARTRATE,HSD17B10
PIRETANIDE,AR
"CHOLESTAN-3BETA,5ALPHA,6BETA-TRIOL",NPC1
LORECLEZOLE,HPGD
"N,N'-DIPHENYL-P-PHENYLENEDIAMINE",HSD17B10
LUSUTROMBOPAG,SERPINC1
IXABEPILONE,ESR1
LAPATINIB,ESR1
SAPITINIB,ERBB3
DOVITINIB,FGFR1
ENMD-2076,FGFR3
DACOMITINIB ANHYDROUS,ERBB2
FEDRATINIB,JAK2
SAPANISERTIB,MTOR
XL820,PDGFRB
ALPELISIB,PIK3CB
ALPELISIB,PIK3C3
GSK-2636771,PIK3CG
GSK-2636771,PIK3R1
APITOLISIB,PIK3R4
ENMD-2076,KDR
ENMD-2076,FLT4
CRENOLANIB,MET
POZIOTINIB,ERBB3
COPANLISIB,PIK3CB
COPANLISIB,PIK3CD
MASITINIB,FGFR3
CYCLOSPORINE,ABCA1
CAMPTOTHECIN,ABCB1
ANTHRACYCLINE ANTINEOPLASTIC ANTIBIOTIC,ABCB1
FOLATE ANTAGONIST,ABCB1
CHLORPROMAZINE,ABCB1
LONAFARNIB,ABCB1
GINKGO BILOBA EXTRACT,ABCB1
CARVEDILOL,ADRB2
INDOMETHACIN,AFP
TRETINOIN,ALDH1A2
WORTMANNIN,AKT1
CYCLOSPORINE,AGTR1
GENTAMICIN,ANPEP
TRETINOIN,AMH
DICLOFENAC SODIUM,ANPEP
ST 638,ANXA1
LAMIVUDINE,APOA1
LUTEIN,APOE
BORTEZOMIB,BDNF
ANTIOXIDANT,BDNF
TETRADECANOYLPHORBOL ACETATE,BDNF
BORTEZOMIB,BCL2L2
NICARDIPINE,BDNF
TOPOTECAN HYDROCHLORIDE,BDNF
PREDNISOLONE,BGLAP
METHIMAZOLE,BGLAP
ANTISENSE OLIGONUCLEOTIDES,BLK
BLEOMYCIN,BRCA1
VITAMIN A,CFTR
CARDIOPROTECTIVE AGENT,CP
MITOFLAXONE,CSF2
MITOFLAXONE,CSF2
ETANERCEPT-SZZS,CSF2
COMPOUND 8 [PMID: 24044867],ERCC3
METOCLOPRAMIDE HYDROCHLORIDE,CYP11B2
PROPYLENE GLYCOL,CYP1A2
THERAPEUTIC CORTICOSTEROID,CYP1A2
LUTEIN,CYP1A2
LETROZOLE,CYP1B1
GREEN TEA LEAF EXTRACT,CYP1A2
GINKGO BILOBA EXTRACT,CYP2D6
COLCHICINE,CYP2B6
ANTIOXIDANT,DDIT3
LYCOPENE,CYP7B1
PROTEIN SYNTHESIS INHIBITOR,DDIT3
BORTEZOMIB,DDIT3
NM-3,DIABLO
PAREGORIC,DRD2
PROGESTERONE,EPHB1
NONSTEROIDAL ANTIINFLAMMATORY DRUG,ERBB2
MACROLIDE ANTIBIOTIC,F2RL1
THALIDOMIDE,MECOM
COMPOUND 11 [PMID: 26431428],ERCC4
RECOMBINANT CYTOKINE,FAS
BACILLUS CALMETTE-GUERIN ANTIGEN,FAS
THALIDOMIDE,FCGR3B
BLEOMYCIN,GJA1
VITAMIN A,GJA1
INDOMETHACIN,GGT1
PAREGORIC,GRIN1
DECITABINE,GSTP1
RALOXIFENE HYDROCHLORIDE,IL1B
ILOMASTAT,DBP
DIDEMNIN B,IL2
MONOCLONAL ANTIBODY R24,IL2RA
"FARNESYLTRANSFERASE/GERANYLGERANYLTRANSFERASE INHIBITOR L-778,123",IL2RA
HEPATITIS B VACCINE,IL2RA
GLIMEPIRIDE,IRS1
ANTIBIOTIC,ITGB2
CYCLOSPORINE,ITGB2
INDOMETHACIN,ITGB2
RECOMBINANT C5A,ITGB2
RECOMBINANT TRANSFORMING GROWTH FACTOR,LDLR
BUPIVACAINE,LIF
DOXYCYCLINE ANHYDROUS,MAPK14
BUTHIONINE SULFOXIMINE,MT1G
ILOMASTAT,ACE
AFIMOXIFENE,MYC
LYCOPENE,NME1
PRAZOSIN,NOS1
CALCITONIN,PCSK1
FULVESTRANT,PIK3CG
DAIDZEIN,PIK3CG
IMATINIB,PIK3CG
CYCLOSPORINE,PPIA
NORETHINDRONE,PZP
LYCOPENE,RARA
TETRADECANOYLPHORBOL ACETATE,RET
HYPERBARIC OXYGEN,RTN4
RECOMBINANT INTERLEUKIN,SERPINE1
URIDINE,SERPINE1
GREEN TEA LEAF EXTRACT,SLC2A4
RECOMBINANT CYTOKINE,SLPI
TETRADECANOYLPHORBOL ACETATE,SPP1
ANHYDROUS TACROLIMUS,SPP1
TRETINOIN,SPP1
URIDINE,TAT
ANTIOXIDANT,TGFB1
TRETINOIN,THBS1
BLEOMYCIN,WRN
DIETHYLNORSPERMINE,XIAP
MECHLORETHAMINE,XRCC1
INAVOLISIB,PIK3CA
ALBUTEROL SULFATE,COL22A1
MONOAMINE OXIDASE INHIBITOR,CACNG2
ALBUTEROL SULFATE,VEGFA
DOXEPIN HYDROCHLORIDE,DRD3
DOXEPIN HYDROCHLORIDE,HLA-A
FLUDARABINE,CXCL12
PAZOPANIB,HFE
PAZOPANIB,HIF1A
SELPERCATINIB,RET
COMPOUND 30 [PMID: 15953724],PTGES
TELMISARTAN,ABCG2
DOLUTEGRAVIR SODIUM,ABCG2
DAUNORUBICIN LIPOSOMAL,ABCG2
SORAFENIB,ABCG2
LEVOFLOXACIN ANHYDROUS,ABCG2
AFATINIB,NUP62
SUMATRIPTAN,DRD2
AFATINIB,ARF1
PHENOBARBITAL,SCN2A
BOCEPREVIR,ABCB1
ALISKIREN,ABCB1
CHLORTHALIDONE,NPPA
PRIMIDONE,CYP2D6
NITRENDIPINE,AGTR1
ELETRIPTAN,CYP2D6
OFATUMUMAB,MS4A1
PREDNISONE,EDNRA
PHENOBARBITAL,MTHFR
VALPROIC ACID,CYP1A1
SEROTONIN,MAOB
DOCETAXEL ANHYDROUS,PIK3CA
DOXORUBICIN HYDROCHLORIDE,BMP7
SEVOFLURANE,CACNA1S
DOXORUBICIN HYDROCHLORIDE,CYP1B1
MONOAMINE OXIDASE INHIBITOR,HTR2A
FLECAINIDE ACETATE,CYP1A2
MONOAMINE OXIDASE INHIBITOR,HLA-A
DOXORUBICIN HYDROCHLORIDE,FASLG
ERIBULIN MESYLATE,ESR2
GEMCITABINE,ESR2
METHAMPHETAMINE,ESR1
PERINDOPRIL,ACE
DASABUVIR,IFNL3
PREDNISONE,TPMT
FLUVASTATIN,LIPC
GEMCITABINE,PSORS1C1
GEMCITABINE,RAF1
DOCETAXEL ANHYDROUS,NR1I3
ANTI-IGF-1R RECOMBINANT MONOCLONAL ANTIBODY BIIB022,IGF1R
TIVOZANIB,KDR
BRIVANIB,KDR
SB-743921,KIF11
[125I]SD6,ANK3
BOTULINUM TOXIN TYPE B,VAMP2
BLARCAMESINE,SIGMAR1
NELOTANSERIN,HTR2A
ASENAPINE,HTR1A
AFLIBERCEPT,VEGFA
TIVOZANIB,KDR
PROCHLORPERAZINE,DRD2
BAZEDOXIFENE,ESR2
DOCETAXEL ANHYDROUS,BCL2
BVT.115959,ADORA2A
OLMESARTAN MEDOXOMIL,AGTR1
AGOMELATINE,ANK3
DIFLUNISAL,PTGS2
RALOXIFEN,ESR2
ETILEVODOPA,DRD2
NALORPHINE,APOF
FP-1039,FGFR3
FLIBANSERIN,HTR1A
SIROLIMUS,FKBP1A
[LEU]ENKEPHALIN,APOF
LASMIDITAN,HTR1F
ETORPHINE,APOF
MB07811,THRB
PEGAPTANIB,VEGFA
MC-1,P2RY2
ENZALUTAMIDE,AR
MOCETINOSTAT,HDAC8
MOTESANIB,PDGFRA
MOTESANIB,FLT4
MOTEXAFIN GADOLINIUM,RRM2
MODIFIED VACCINIA ANKARA-BAVARIAN NORDIC,KLK3
NARATRIPTAN,HTR1F
NERAMEXANE,GRIN2B
ZZL-7,NOS1
DACOMITINIB ANHYDROUS,ERBB2
AGATOLIMOD SODIUM,TLR9
PF-00610355,ADRB2
PLASMIN,PLG
3-BROMO-7NI,NOS1
ARCHEXIN,AKT3
SAPROPTERIN,TH
STX107,GRM5
TAFA-93,MTOR
TM38837,CNR1
OBINEPITIDE,NPY2R
TRAFERMIN,FGFR3
VIDOFLUDIMUS,IL17B
BUTALBITAL,GRIA2
CARBINOXAMINE,CHRM1
CLOZAPINE,HTR1A
COLLAGENASE CLOSTRIDIUM HISTOLYTICUM-AAES,COL3A1
COLLAGENASE CLOSTRIDIUM HISTOLYTICUM-AAES,COL1A1
&ALPHA;-CONOTOXIN TXIA,CHRNA3
DAPIPRAZOLE,ADRA1D
DIETHYLSTILBESTROL,ESR1
DESFLURANE,GABRA1
GALLAMINE TRIETHIODIDE,SERPINC1
ISOPROTERENOL,ADRB2
RACEMENTHOL,TRPA1
MARIMASTAT,MMP9
METIPRANOLOL,ADRB2
NEPAFENAC,PTGS1
NISOLDIPINE,CACNA1A
PNU-282987,ATF4
NOREPINEPHRINE,ADRA1D
ORPHENADRINE,GRIN3B
TAMOXIFEN,ESR2
&ALPHA;-CONOTOXIN MII,ATF3
TENOXICAM,PTGS2
THYROTROPIN ALFA,TSHR
THIORIDAZINE,HTR2A
USTEKINUMAB,IL23A
MITOXANTRONE,ABCG2
TRIMEPRAZINE,HRH1
MECAMYLAMINE,ATF4
CLOCORTOLONE,ANXA1
ENOXAPARIN SODIUM,SERPINC1
EFALIZUMAB,ITGAL
CHORIOGONADOTROPIN ALFA,LHCGR
[3H]LEU-N/OFQ,APBA1
FLUDROCORTISONE,NR3C2
ISOCARBOXAZID,MAOA
FLUTAMIDE,AR
LORAZEPAM,TSPO
LORATADINE,HRH1
LORAZEPAM,GABRA1
METIPRANOLOL,ADRB2
MIANSERIN,HRH1
NABILONE,CNR1
[3H]N/OFQ,APBA1
MIRTAZAPINE,HTR2C
NORGESTIMATE,ESR1
PREGABALIN,CACNA1A
PROMAZINE,CHRM2
PROMAZINE,HTR2C
PROMAZINE,DRD4
PROMAZINE,ADRA1A
[125I]NPFF,ANXA1
SERTINDOLE,HTR2A
DENOSUMAB,TNFSF11
KB-004,EPHA3
EMERFETAMAB,CD33
FLX475,CCR4
TEMUTERKIB,MAPK1
ONVANSERTIB,PLK1
SIMUROSERTIB,CDC7
HTL6641,APBB1
BGP-15,MAPK8
PEGBELFERMIN,FGF21
JH112,APBB1
EMPESERTIB,RPS27
ALTIRATINIB,KDR
ERDAFITINIB,FGFR1
DPOC-4088,F2
1.ALPHA.-HYDROXYVITAMIN D5,REN
DANAVOREXTON,APBB1
BICIFADINE,SLC6A4
GSK933776,APP
NABUMETONE,PTGS2
CLODRONIC ACID,SLC25A4
FLUOROURACIL,DPYD
DROPERIDOL,DRD2
DANAPAROID,F10
LETROZOLE,CYP19A1
GLISOXEPIDE,KCNJ10
ALDOSTERONE,NR3C2
CURCUMIN,APP
PINDOLOL,ADRB1
RALFINAMIDE,XK
DOVITINIB LACTATE,FGFR3
RAMATROBAN,TBXA2R
DEHYDRATED ALCOHOL,GABRA1
PEGSUNERCEPT,TNF
PRATOSARTAN,AGTR1
VALZIFLOCEPT,FCGR2A
DENILEUKIN DIFTITOX,IL2RA
LEVAMISOLE,ALPL
SOLIFENACIN,CHRM3
CLORGILINE,MAOA
EFALIZUMAB,ITGAL
CTCE-9908,CXCR4
PHENTOLAMINE,DRD2
ERLOTINIB,EGFR
CX157,MAOA
IMGN-388,ITGAV
REMIMAZOLAM,GABRG3
VADASTUXIMAB TALIRINE,CD33
LUMRETUZUMAB,ERBB3
SOLANEZUMAB,APP
BELAPECTIN,LGALS3
GSK2245035,TLR7
DASOTRALINE,SLC6A3
DASOTRALINE,SLC6A4
LORLATINIB,ALK
PATISIRAN,TTR
MOXONIDINE,ADRA2A
TALIPEXOLE,DRD2
BRL35135,ADRB1
4SC-202,HDAC1
DALCETRAPIB,CETP
AUTOLOGOUS CCR4-CD30CAR-CD28-CD3ZETA-EXPRESSING T-LYMPHOCYTES,CCR4
CIPATINIB,EGFR
PF-04691502,MTOR
CLOTRIMAZOLE,CXCR2
ASPIRIN,COX8A
ARGATROBAN,F2
BICALUTAMIDE,AR
CERIVASTATIN,HMGCR
EDROPHONIUM CATION,ACHE
GUGGULSTERONE,NR1H4
REPAGLINIDE,ABCC8
ROMIPLOSTIM,AHR
RAMELTEON,MTNR1A
TOCOTRIENOLS,HMGCR
THYROTROPIN ALFA,TSHR
OSI-930,KDR
PEG-CONJUGATED TLR7/8 AGONIST NKTR-262,TLR7
TAK-593,KDR
VIXOTRIGINE,SCN9A
BGP-15,PARP1
AMUVATINIB,PDGFRA
PELITREXOL,GART
TAMIBAROTENE,RARA
ELENBECESTAT,BACE1
SUMATRIPTAN,A2M
DONITRIPTAN,A2M
SB 224289,A2MP1
TRIFLUOPERAZINE,HTR2C
RS 39604,NAT1
TIOSPIRONE,HTR2C
[3H]GR 113808,NAT1
[3H]5-CT,SERPINA3
5-MEOT,SERPINA3
COMPOUND 8H [PMID: 21561767],ABL1
PHENTOLAMINE,ABL1
PHENTOLAMINE,ABL1
RX821002,ABL1
YOHIMBINE,ABL1
RX821002,AOC1
DERENOFYLLINE,ABAT
[LEU8]-PHYLLOLITORIN,ACAT1
APRIL,ECE1
BAFF,ECE1
ETALOCIB,AMFR
GW841819X,BRD3
XD14,EFNA3
XD14,BRD3
LY-294002,EFNA3
MRS2211,BIRC2
R-954,ASIC1
NG29,ASIC1
&ALPHA;.&BETA;-METHYLENE-2-THIO-UDP,BIRC3
B-9430,BDKRB2
PETCM,CASP3
CV-3988,APLP2
CA2+,C4A
CA2+,C2
CXCL12H25R (MONOMER),ACTG1
PI-3065,F7
AT-7519,EIF4EBP1
6-BROMOINDIRUBIN-3'-OXIME,EIF4E
CDK12 INHIBITOR 2,EIF4G1
OMIPALISIB,F7
RGB-286638,EIF4G1
PICTILISIB,F7
"COMPOUND 51 [CROSIGNANI ET AL., 2011]",MAP3K8
PERGOLIDE,ALDH1A1
TRIFLUOPERAZINE,ALDH2
COMPOUND 41 [PMID: 31855425],F7
CPI-1205,EZH2
COMPOUND 8H [PMID: 21561767],RCAN1
AMIVANTAMAB,DXO
PELITINIB,DXO
ALENDRONATE SODIUM,BLVRA
COMPOUND 25B [PMID: 22564207],ENG
EFGARTIGIMOD ALFA,FCGRT
COMPOUND 25B [PMID: 22564207],ENO1
URB597,CRMP1
DOVITINIB,DPYSL2
ORANTINIB,DPYSL2
FUTIBATINIB,DPYSL2
FGF-19,SLC26A3
FRUQUINTINIB,DRD1
VEGFE,DRD3
ONATASERTIB,DRD3
DINOPROSTONE,APOC2
"[1-HYDROXY-2-(1,1':3',1''-TERPHENYL-3-YLOXY)ETHANE-1,1-DIYL]BIS(PHOSPHONIC ACID)",CXCR5
L701324,GRIN2B
SILMITASERTIB,F9
FIMEPINOSTAT,GART
RICOLINOSTAT,GART
COMPOUND 25AP [PMID: 37796543],GART
BML-281,GART
MRE-269,APOC3
DOVITINIB,DRD2
TELATINIB,DRD2
DOFETILIDE,BAD
ICA-105574,BAD
PF-04885614,BAD
"(3R,4S)-293B",AZF1
IKS124,AZF1
HCG,LHCGR
GSK-LSD1,GEM
GARCINOL,GLI3
TEPOTINIB,DRD4
SU-11652,DPP6
CEBRANOPADOL,APOF
PDGF RECEPTOR TYROSINE KINASE INHIBITOR IV,DPP6
DIHYDROMORPHINE,APOF
ZYKLOPHIN,APOF
ACONITINE,BBS1
DS-1971A,SCN9A
YM44778,AQP4
NEUROKININ B,AQP4
CEBRANOPADOL,APBA1
BMS-986141,APOH
CYCLOSPORINE,PPID
[18F]FEPPG,SLC15A2
SB-219994,CCND1
AD5075,CCND1
AD-5061,CCND1
COMPOUND 15A [PMID: 32069401],F5
AMG319,F5
PI 3-KG INHIBITOR II,F5
LY-294002,F5
ALPELISIB,PIK3CB
AMG319,PIK3CB
COMPOUND 20F [PMID: 28520415],PIK3CB
AZD8154,F7
COMPOUND 20F [PMID: 28520415],F7
PIK-75,PIK3CB
SERABELISIB,F7
7-HYDROXYSTAUROSPORINE,CTAA1
ORG2058,BDNF
PROMEGESTONE,BDNF
S 17092,FXN
INDOLE-3-PROPIONIC ACID,ERCC8
"[D-TRP12,TYR34]PTH-(7-34) (BOVINE)",XIAP
[TRP23]PTHRP-(1-36) (HUMAN),XIAP
ENZASTAURIN,CTAA1
RELAXIN,APP
PF-4708671,CXADR
PONESIMOD,AMY2A
ETRASIMOD,AMY2A
CITALOPRAM,CD9
DESVENLAFAXINE SUCCINATE,CD9
LOFEPRAMINE,CD9
"L-363,377",FASLG
GSK8612,FEN1
COMPOUND II [PMID: 21329883],FEN1
BAY-985,FEN1
BX-795,FEN1
POLY(I:C),TLR3
ML-SA5,ALDH7A1
BREPOCITINIB,TYK2
GDC-0214,TYK2
UROTENSIN-II,UTS2R
ERLOTINIB,EGFR
CRIZOTINIB,EGFR
ANTI-CTLA-4 MONOCLONAL ANTIBODY,CTNNB1
LEUCOVORIN CALCIUM,DPYD
CYTARABINE,WT1
PEXIDARTINIB,CSF1R
DACOMITINIB ANHYDROUS,ERBB2
RUXOLITINIB,VHL
CRIZOTINIB,NTRK2
CARBOPLATIN,ERCC1
KU-0060648,ATM
NAQUOTINIB,EGFR
EPZ011989,EZH2
PANITUMUMAB,EGFR
LORLATINIB,ALK
IXAZOMIB,ALK
BAY1217389,CTNNB1
VANTICTUMAB,CTNNB1
FGFR/CSF-1R INHIBITOR 3D185,FGFR1
VISTUSERTIB,FGFR1
RUXOLITINIB,JAK3
COBIMETINIB,MAP2K1
BLINATUMOMAB,KMT2A
CYTARABINE,KMT2A
DEL-22379,MAP2K1
IPILIMUMAB,MSH2
VENETOCLAX,PIK3CA
CC-115,PIK3CA
ATEZOLIZUMAB,PIK3CA
PARP/TANKYRASE INHIBITOR 2X-121,POLD1
PP-242,PTEN
GEMCITABINE,PTEN
PAXALISIB,PTEN
SONOLISIB,PTEN
UPROSERTIB,PTEN
VORINOSTAT,PTEN
AXITINIB,VHL
REFAMETINIB,MAP2K1
COBIMETINIB,MAP2K1
MESORIDAZINE BESYLATE,HTR2A
"GONADOTROPIN, CHORIONIC",LHCGR
DEXTRAN SULFATE SODIUM,NOS1
MUPARFOSTAT,TFPI
VALPROIC ACID,SOD2
RIBOCICLIB SUCCINATE,CDK4
FOSFOSAL,COX8A
COMPOUND T.14,DRD2
OXYTETRACYCLINE HYDROCHLORIDE,ESR1
CHEMBL:CHEMBL2063687,MAPK3
EPINEPHRINE,HSD17B10
AFLOQUALONE,AR
VU0364770,GRM4
ZANOTERONE,AR
LATANOPROST,PTGFR
REGORAFENIB,PDGFRA
SABATOLIMAB,HAVCR2
DISULFIRAM,ALDH2
COMPOUND 12B [PMID: 31465220],PIK3CB
COPANLISIB,PIK3R1
ISRADIPINE,NR1I2
RET INHIBITOR FHND5071,RET
GANETESPIB,MYC
ENTINOSTAT,HDAC4
CHEMBL:CHEMBL1503729,HTT
CHEMBL:CHEMBL580727,SMAD3
GSK-2636771,PIK3CB
ENMD-2076,PDGFRA
SCY-635,PPIA
OLESOXIME,TSPO
PROPIOMAZINE,DRD2
MRS2500,APBB2
BMS-986202,TYK2
ERLOTINIB,NF1
BISOPROLOL,ADRB1
LINEZOLID,CYP2D6
JQ1,RB1
DOXORUBICIN HYDROCHLORIDE,MTHFD1
G&OUML; 6976,CTF1
VARLITINIB,EGFR
OLOKIZUMAB,IL6
FLUPIRTINE MALEATE,PLK1
CHEMBL:CHEMBL1797707,CREBBP
DICYCLOHEXYLCARBODIIMIDE,AR
PIRETANIDE,EHMT2
SL-176,HLA-F
OBOVATAL,MMP2
CHEMBL:CHEMBL269881,NFE2L2
OLANZAPINE,FAAH
VORTIOXETINE HYDROBROMIDE,SLC6A4
BARICITINIB,AAK1
LENVATINIB,PDGFRB
ARBACLOFEN PLACARBIL,GABRG3
DYNORPHIN-(1-11),APOF
UDP-GLUCOSE,BIRC3
OCTREOTIDE ACETATE,MPO
OSPEMIFENE,ESR1
IRBESARTAN,AGTR1
TG6-129,APOC1
RINDOPEPIMUT,EGFR
ALPELISIB,PIK3CG
ITOPRIDE,ACHE
"COMPOUND 29 [MOSLIN ET AL., 2017]",TYK2
GALETERONE,AR
"1,10-PHENANTHROLINE",ATXN2
VATALANIB,KDR
DASATINIB ANHYDROUS,PPARD
AMPRENAVIR,ABCB1
DIMETACRINE,CYP2D6
SULFINPYRAZONE,ABCC1
CA2+,C4B
TAPENTADOL,APOF
DYCLONINE HYDROCHLORIDE,VDR
CHOLESTYRAMINE RESIN,CYP27A1
PRELADENANT,ABCA1
ACETAMINOPHEN,PTGS2
AG-24322,CDK4
PHENOXYBENZAMINE HYDROCHLORIDE,HIF1A
NONSTEROIDAL ANTIINFLAMMATORY DRUG,BGLAP
CAY10583,AMH
FARAMPATOR,GRIA2
RIVOCERANIB,PTK2B
TICLOPIDINE,CYP2B6
IODOPHTHALEIN,HPGD
DOPAMINE,EHMT2
HYDROCHLOROTHIAZIDE,GNB3
RISEDRONIC ACID,FDPS
TELOTRISTAT,TPH1
ACADESINE,PRKAG3
2-MERCAPTOBENZOTHIAZOLE,HPGD
CHEMBL:CHEMBL532160,ATXN2
VANDETANIB,PTK2B
CARBOPLATIN,ERBB2
DOXEPIN HYDROCHLORIDE,CD9
WORTMANNIN,F2R
BUSPIRONE,HTR1A
DOPAMINE,APEX1
BUDESONIDE,CYP2D6
HG-9-91-01,FBLN2
CRIZOTINIB,ABCB1
PERGOLIDE,A2MP1
SODELGLITAZAR,PPARD
RIVOGLITAZONE,PPARG
ADOPRAZINE,DRD2
AKT INHIBITOR LY2780301,AKT3
IFABOTUZUMAB,EPHA3
ABT-299,APLP2
2-CL-ADP(&ALPHA;-BH3),APBB2
CHEMBL:CHEMBL260560,SMN1
IMMUNOTHERAPEUTIC AGENT,FCGR3A
OBLIMERSEN,BCL2
I-BET151,BRD3
SRIF-28,FAS
PROMAZINE,HTR2A
PRELADENANT,ABAT
SERTRALINE HYDROCHLORIDE,DRD1
TINZAPARIN SODIUM,F2R
COMPOUND 13 [PMID: 15925511],FCER2
BROMODIPHENHYDRAMINE HYDROCHLORIDE,HRH1
NAVITOCLAX,BCL2L1
FELBAMATE,CYP2D6
E319,PPARG
TRICHOSTATIN A,SIRT2
DESOXIMETASONE,HIF1A
THONZONIUM,CYP2D6
ALBUTEROL SULFATE,THRB
AMIFAMPRIDINE PHOSPHATE,NAT2
CARBINOXAMINE,CHRM1
8-AZAGUANINE,ACHE
OSPEMIFENE,ESR1
COMPOUND 38 [PMID: 24915291],DXO
PACLITAXEL,FGFR1
[125I]TYR10-CST14,FASLG
ADAPALENE,RARA
[125I]CCL17 (HUMAN),CCR4
ANALOG 31 [PMID:18543899],FASLG
CCK-58,CCKAR
IL-5,MYC
METITEPINE,A2M
COMPOUND 14K [PMID: 21982499],ELF5
INTERLEUKIN-11,SRC
DICHLOROACETIC ACID,GSTZ1
CYT007-TNFQB,TNF
PROPRANOLOL HYDROCHLORIDE,ADRB1
TAMATINIB,ALK
2-IODOACETAMIDE,TP53
AUY922,HSP90AA1
DNMT1 MIXED-BACKBONE ANTISENSE OLIGONUCLEOTIDE MG 98,DNMT1
DENDRITIC CELL VACCINE,TP53
TAMATINIB,FGFR1
CALCIUM GLUCONATE,PTH
COLLAGENASE CLOSTRIDIUM HISTOLYTICUM-AAES,COL1A1
RECOMBINANT OX40 LIGAND,CSF2
ASCORBIC ACID,AGTR1
ANDECALIXIMAB,MMP9
TERODILINE HYDROCHLORIDE,CACNA1A
SELICRELUMAB,CD40
ATRACTYLENOLIDE I,TP53
CHEMBL:CHEMBL421215,VDR
SAR405,F3
KI-20227,DPYD
SIBEPRENLIMAB,TNFSF13
INFIGRATINIB,FGFR3
TAMATINIB,BLK
CHEMBL:CHEMBL584635,EHMT2
SANGIVAMYCIN,BCL2L1
CHEMBL:CHEMBL1491455,CYP1A2
DENILEUKIN DIFTITOX,IL2RA
PLERIXAFOR,CXCR4
TIK-301,MTNR1A
INFLIXIMAB-DYYB,CCL3
ANTINEOPLASTIC AGENT,ERBB2
DOXEPIN HYDROCHLORIDE,DDIT4
APOMORPHINE,DRD2
THIRAM,JAK2
PERGOLIDE,ABL2
SOLABEGRON,ADRB3
SOBLIDOTIN,TUBB4A
MUPARFOSTAT,HPSE
PREDNISOLONE,NR3C1
PSB603,ABAT
"2,4-DINITROPHENOL",AR
CHEMBL:CHEMBL460508,SMN2
ALDOSTERONE,NR3C1
TAMSULOSIN HYDROCHLORIDE,ABCB7
IMMUNOTHERAPEUTIC AGENT,FCGR3B
PONATINIB,ABL1
FRUQUINTINIB,DRD2
CHEMBL:CHEMBL277148,HPGD
MEPROBAMATE,GABRG3
OLAPARIB,BRCA2
BASILIXIMAB,IL2RA
REPAGLINIDE,ABCC8
SAPPANONE A TRIMETHYL ETHER,MAPK1
VORICONAZOLE,SLCO1B3
NITAZOXANIDE,NFE2L2
BENZTHIAZIDE,CA2
PF-562271,PTK2B
CARVEDILOL,ADRB1
CAPIVASERTIB,AKT3
MASITINIB,LYN
CHLORZOXAZONE,KCNMA1
IDEBENONE,AR
EPIBATIDINE,CHRNA3
LORATADINE,TAC1
COBIMETINIB,CDKN2A
ACITRETIN,RXRA
RISPERIDONE,DRD2
COMPOUND 5A [PMID: 31287314],GAPDH
OBTUSAQUINONE,HSD17B10
NPPB,MAPT
PROPRANOLOL HYDROCHLORIDE,EHMT2
CHEMBL:CHEMBL530049,GMNN
GGTI-2418,PGGT1B
AFLIBERCEPT,VEGFA
CYAMEMAZINE,A1BG
ILORASERTIB,KDR
MITIGLINIDE,KCNJ11
NITAZOXANIDE,SMN2
ROTENONE,PPARD
BUPIVACAINE,BCHE
TRIMEPRAZINE,HRH1
L659989,APLP2
CHEMBL:CHEMBL602127,RAD52
CHEMBL:CHEMBL527620,MAPT
TRAXOPRODIL,GRIN2B
COMPOUND 40 [PMID: 33470814],GRIN1
ENTRECTINIB,CDK7
DIABZI-4,GRIN1
FUROSEMIDE,CYP11B2
AMIFAMPRIDINE PHOSPHATE,KCNC4
SOFPIRONIUM BROMIDE,CHRM3
ABP-700,GABRA3
TAMIBAROTENE,RARA
PYRIDINE,TBXAS1
RS 67333,NAT1
ZILURGISERTIB,DNMT3A
ZWB67,GRIN2A
SRC KINASE INHIBITOR I,RIPK2
AV-412,EGFR
SB-269970,EHMT2
CHLORDANE,TSHR
PROTEIN SYNTHESIS INHIBITOR,IFNA1
ALITRETINOIN,CD34
BOTULINUM TOXIN TYPE B,VAMP2
PROMAZINE HYDROCHLORIDE,DRD3
SORAFENIB,TNF
MENERBA,ESR2
CHEMBL:CHEMBL297304,NR1H4
CIMIFUGIN,TRPV4
BUCLIZINE,HRH1
DELUCEMINE,GRIN2B
TETRAHYDROCANNABIVARIN,TRPV6
THERAPEUTIC CORTICOSTEROID,APOE
CLOMIPRAMINE,CD9
PF-03758309,PAK4
SOR-C13,TRPV6
CYCLOPENTYLADENOSINE,ABAT
BAZEDOXIFENE,ESR2
AKT INHIBITOR LY2780301,PTEN
LORLATINIB,RB1
TAMOXIFEN,GMNN
SCOPOLETIN,ERAP1
DASATINIB ANHYDROUS,GMNN
LORPUCITINIB,TYK2
DASATINIB ANHYDROUS,FYN
LOREDIPLON,GABRA3
GW0072,CCND1
EPLERENONE,NR3C2
KBP5209,ERBB4
SAMOTOLISIB,F5
CARBARIL,HSD17B10
SOTICLESTAT,CYP46A1
CAMBINOL,SIRT1
ETHACRIDINE LACTATE,MAPT
ERLOTINIB,EGFR
KETOTIFEN FUMARATE,HRH1
GSK-249320,MAG
ANTI-THYMOCYTE GLOBULIN,ITGB1
PHENPROCOUMON,GCK
TETRODOTOXIN,SCN9A
SELPERCATINIB,RET
TORSEMIDE,ADD1
NAMILUMAB,CSF2
CHEMBL:CHEMBL548540,HSP90AA1
BORTEZOMIB,F2
OCTANOL,C2
PHENYTOIN SODIUM,SCN9A
I-BET151,EFNA3
DIMDAZENIL,GABRG3
"D(CH2)5[TYR(ME)2,THR4]OVT",AR
ZSTK-474,PIK3CG
COPANLISIB,PIK3R1
CERTOLIZUMAB PEGOL,TNF
FLUMAZENIL,GABRA3
ILORASERTIB,EEF2
MILCICLIB,CDK4
"[125I][TYR3,THR8]OCTREOTIDE",FASLG
ETARACIZUMAB,ITGB1
DICHLOFLUANID,AR
PERGOLIDE,DRD2
MELPHALAN,NR1H4
MELENGESTROL ACETATE,AR
TRETINOIN,RARB
MITOXANTRONE,BAX
BELINOSTAT,HDAC9
ADAVOSERTIB,SYK
DEUCRAVACITINIB,DOCK2
OCLACITINIB,EPHB2
"[PHAA1,D-TYR2,VAL4,ARG6,ARG-NH29]AVP",AR
ISOPROTERENOL,HSPA4
"[PHAA1,D-TYR(ET)2,VAL4,LYS6,TYR-NH28,DES-GLY9]AVP",AR
DEFOSLIMOD,TLR2
YM 471,AR
CERLAPIRDINE,HTR6
AVACOPAN,C5AR1
CA2+,C4BPA
CHONDROITIN SULFATES,TFPI
ISOPROTERENOL,EHMT2
5-CT,CYP1A2
CHEMBL:CHEMBL51697,NFKB1
DOPAMINE,APEX1
GRANISETRON,CYP2D6
TOLAZAMIDE,KCNJ10
VANDETANIB,ERBB2
ARTICAINE HYDROCHLORIDE,SCN7A
PURPURIN,HPGD
CYCLOSPORINE,MBP
SORAFENIB,MAPK1
OLANZAPINE,PRKAA2
ISOPROTERENOL,ADRB2
CHEMBL:CHEMBL601918,TARDBP
BIFENAZATE,PPARD
ARACHIDONIC ACID,ALDH1A1
FORETINIB,KDR
BIM 23127,UTS2R
VALPROIC ACID,GRIN2B
LEFLUNOMIDE,ESR1
TAFAMIDIS,TTR
SUVODIRSEN,DMD
RISPERIDONE,DRD2
RECOMBINANT CYTOKINE,NFE2L2
NV-128,NDUFV2
FLUPIRTINE,HLA-DQB1
COMBRETASTATIN A4,TUBA4A
ARGIOTOXIN,GRIA3
CHEMBL:CHEMBL482050,ATXN2
VANDETANIB,KDR
CHEMBL:CHEMBL528694,GMNN
PKI166,EGFR
BETAMETHASONE,NR3C1
AT-7519,EIF4E
CICLOPIROX OLAMINE,HSP90AA1
GELDANAMYCIN,HIF1A
ILORASERTIB,ALK
ISONIAZID / PYRAZINAMIDE / RIFAMPIN,NAT2
CARBETAPENTANE,CYP2D6
DIPHENYLENEIODONIUM,CYP1A2
NAVAFENTEROL,ADRB2
RIDOGREL,TBXA2R
NBQX,GRIN1
ANASTROZOLE,CYP19A1
EPLIVANSERIN,HTR2C
ROCILETINIB,EGFR
CHLORPROMAZINE,CYP2E1
INFIGRATINIB,FGFR3
CAPIVASERTIB,AKT3
CAPECITABINE,DPYD
PANITUMUMAB,PTEN
RO4929097,NOTCH1
RITUXIMAB,PIK3CA
REGORAFENIB,PDGFRA
ZILEUTON,ALOX5
ATROPINE SULFATE,CHRM1
BALSALAZIDE DISODIUM,PPARG
TINZAPARIN SODIUM,SERPINC1
DEXTROMETHORPHAN POLISTIREX,GRIN2A
INSULIN ZINC SUSP PURIFIED PORK,INSR
INSULIN SUSP ISOPHANE SEMISYNTHETIC PURIFIED HUMAN,INSR
PROMAZINE HYDROCHLORIDE,HTR2A
LATANOPROST,PTGFR
ADAPALENE,RARA
ADAPALENE,RARG
BUPROPION HYDROCHLORIDE,SLC6A3
VANDETANIB,SRC
SERMORELIN ACETATE,GHRHR
DIFLORASONE DIACETATE,NR3C1
ALCLOMETASONE,NR3C1
BETAMETHASONE ACETATE,NR3C1
ESTRADIOL CYPIONATE,ESR1
THEOPHYLLINE,PDE4B
"ESTROGENS, CONJUGATED SYNTHETIC A",ESR2
BECAPLERMIN,PDGFRB
REGORAFENIB,PDGFRB
MECLOFENAMATE SODIUM,PTGS2
FLURBIPROFEN SODIUM,PTGS1
SULINDAC,PTGS2
MECLOFENAMATE SODIUM,PTGS1
TOLBUTAMIDE,KCNJ11
CLEVIDIPINE,CACNA1S
VANDETANIB,KDR
DEXTROTHYROXINE SODIUM,THRA
LEVOTHYROXINE,THRA
PROTOKYLOL HYDROCHLORIDE,ADRB2
SOTALOL HYDROCHLORIDE,ADRB2
LEVOBUNOLOL,ADRB2
DOCOSANOL,GH1
SUNITINIB,RET
METFORMIN HYDROCHLORIDE,NDUFA2
ALITRETINOIN,RXRA
ACITRETIN,RARB
TRETINOIN,RARB
ALITRETINOIN,RXRB
DROXIDOPA,ADRA1A
DROXIDOPA,ADRB2
DROXIDOPA,ADRA1D
BELINOSTAT,HDAC9
ROLAPITANT HYDROCHLORIDE,TACR1
PX-102,NR1H4
ALLITINIB,EGFR
AZD-6918,NTRK1
AZD-6918,NTRK2
DORAMAPIMOD,MAPK14
NV-128,NDUFA2
RO-3201195,MAPK14
ZOTIRACICLIB,CDK1
NKTR-171,SCN8A
DELUCEMINE,GRIN1
CB-189625,TRPA1
IRX-4204,RXRB
GALETERONE,CYP17A1
MK-0773,AR
MB07811,THRB
AT-9283,ABL1
SAPITINIB,ERBB3
INSM-18,ERBB2
TIRBANIBULIN,SRC
TANDUTINIB,PDGFRB
PICTILISIB,PIK3CG
PICTILISIB,PIK3CA
PICTILISIB,PIK3CD
TASELISIB,PIK3CG
TRICIRIBINE PHOSPHATE,AKT3
CP-601927,CHRNA4
ALTINICLINE,CHRNA4
BARICITINIB,JAK1
TIVOZANIB,KDR
ALVOCIDIB,CDK7
INDIBULIN,TUBA4A
INDIBULIN,TUBB4A
NAPROXCINOD,PTGS2
TOSEDOSTAT,METAP2
OPROZOMIB,PSMD4
OPROZOMIB,PSMB8
RILAPLADIB,PLA2G7
AMIFAMPRIDINE PHOSPHATE,KCNS3
CISPLATIN,TP53
SIPONIMOD FUMARATE,S1PR1
MOLIBRESIB,BRD3
ADOPRAZINE,HTR1A
TAMIBAROTENE,RARA
MINODRONIC ACID,FDPS
MERCAPTOPURINE,PRPS1
SELPERCATINIB,RET
INOTERSEN,TTR
FAM-TRASTUZUMAB DERUXTECAN-NXKI,ERBB2
MAGNESIUM OXYBATE,GABBR1
NAQUOTINIB,EGFR
MIRIKIZUMAB,IL23A
LAPATINIB,ERBB2
B-RAF/VEGFR-2 INHIBITOR RAF265,RAF1
PERZINFOTEL,GRIN3A
OLAPTESED PEGOL,CXCL12
SENAPARIB,PARP2
IMATINIB,PDGFB
CABOZANTINIB S-MALATE,CFLAR
PRALATREXATE,DHFR
OSUGACESTAT,APH1B
VELIPARIB,PARP2
PI3K/MTOR KINASE INHIBITOR PF-04691502,PIK3CD
TALAZOPARIB,PARP2
NIRAPARIB,PARP2
PICTILISIB,PIK3CD
DENOSUMAB,TNFSF11
CRENOLANIB,PDGFRA
5-METHOXYTRYPTAMINE,CYP1A2
PROCHLORPERAZINE,NFE2L2
CHEMBL:CHEMBL1308346,EHMT2
CISPLATIN,DNMT1
3-HYDROXYANTHRANILIC ACID,CD28
NILE RED,NPC1
3-METHYLCHOLANTHRENE,NFE2L2
CHEMBL:CHEMBL598663,ALPL
CHRYSIN,HIF1A
BENZYL ISOTHIOCYANATE,TRPA1
DIMETHYLADENINE,PRKACA
RUXOLITINIB,JAK3
ILEPCIMIDE,BRCA1
PALBOCICLIB,RB1
AKT INHIBITOR IV,FEN1
OCTYL_GALLATE,PPARD
CYTIDINE 3'-MONOPHOSPHATE,RNASE1
"9,10-PHENANTHRENEQUINONE",PPARG
CHEMBL:CHEMBL1601846,APEX1
NITAZOXANIDE,TP53
ETHACRIDINE LACTATE,USP1
TOFACITINIB,JAK3
ELACRIDAR,ABCG2
OCHRATOXIN A,PPARD
PURPURIN,PIN1
LADUVIGLUSIB,GSK3B
S(+)-APOMORPHINE,HIF1A
PIRINIXIC ACID,PPARA
VERAPAMIL,ABCB1
BECLOMETHASONE,NFE2L2
MELITRACEN,USP1
REDIOCIDE A,PRKCA
AMSACRINE,EHMT2
CHEMBL:CHEMBL482050,SMAD3
DICARBONODITHIOIMIDIC DIAMIDE,HSPB1
DIOXYBENZONE,HIF1A
TRIFLUPROMAZINE,CYP1A2
CHLOROGENIC ACID,EHMT2
CHEMBL:CHEMBL547101,CYP2D6
RG-1530,FGFR3
CHEMBL:CHEMBL586937,SMAD3
2-IODOACETAMIDE,ALDH1A1
ROTENONE,GMNN
PROTOPORPHYRIN,VDR
KETANSERIN TARTRATE,HPGD
RG-1530,SRC
CHEMBL:CHEMBL1333386,SMN2
CHEMBL:CHEMBL596839,NFE2L2
CEFSULODIN SODIUM,USP1
Z-PRO-PROLINAL,EHMT2
CHEMBL:CHEMBL1269845,HSD17B10
CHEMBL:CHEMBL522983,P4HB
CLINAFLOXACIN,FEN1
CHEMBL:CHEMBL595227,ALDH1A1
CHEMBL:CHEMBL463783,WRN
BENZETHONIUM,USP1
DIHYDROXIDINE,HSD17B10
MECLIZINE,CYP1A2
IODOFORM,EHMT2
TAMATINIB,SRC
CALCIMYCIN,GMNN
METHOTREXATE,CYP1A2
CHEMBL:CHEMBL523200,EHMT2
CYNAROPICRIN,RELA
CILENGITIDE,ITGAV
CHEMBL:CHEMBL606532,GMNN
PERSEITOL,APEX1
TCDD,AHR
TYRPHOSTIN 25,EHMT2
ENTRECTINIB,MAP4K4
OLVANIL,TP53
HESPERADIN,ALK
NIACINAMIDE,SIRT3
EOSIN,PRMT1
GETIACAULEIN,MAPT
CHEMBL:CHEMBL587389,NFE2L2
SNS-314,NTRK2
RG-1530,SYK
CILOSTAZOL,ALDH1A1
CARBIDOPA ANHYDROUS,HSD17B10
FORMESTANE,TARDBP
ESTAZOLAM,BRD4
AMLODIPINE BESYLATE,AR
TRIPARANOL,GMNN
EICOSAPENTAENOIC ACID,VDR
OCTRIZOLE,GMNN
PSEUDOEPHEDRINE,HSD17B10
"6,4'-DIMETHOXYFLAVONE",NFKB1
Z-PRO-PROLINAL,VDR
SPERMIDINE,CYP1A2
TETRACONAZOLE,AR
PALMITOYL-CARNITINE,DRD1
OCHRATOXIN A,PPARG
CHEMBL:CHEMBL260560,NFKB1
CHEMBL:CHEMBL260560,RELA
CHEMBL:CHEMBL260560,NFKB2
AKT INHIBITOR IV,EHMT2
IODOPHTHALEIN,MAPT
CHEMBL:CHEMBL421215,EHMT2
R-1487,CSNK1D
CHEMBL:CHEMBL585827,GMNN
SORAFENIB,EGFR
NELFINAVIR MESYLATE,AR
BROMEBRIC ACID,AR
DEXTROMETHORPHAN POLISTIREX,CYP2D6
CHEMBL:CHEMBL1232076,EHMT2
METHYLPREDNISOLONE ACETATE,AR
AZARIBINE,SMN1
LIDOFLAZINE,CYP2D6
EPICATECHIN,GAA
KARANJIN,TSHR
IODOPHTHALEIN,EHMT2
CIMETIDINE,CYP1A2
COUMAPHOS,AR
PHENSERINE,MAPT
MORUSINOL,RELA
PYROGALLOL,APEX1
ACETOPHENAZINE,AR
CHEMBL:CHEMBL578504,STAT3
DAZOMET,AR
CHEMBL:CHEMBL582507,NPC1
DIACETYLRHEIN,HSP90AA1
RALOXIFENE HYDROCHLORIDE,IL6R
CHEMBL:CHEMBL547483,EHMT2
CYCLOVALONE,GMNN
CHEMBL:CHEMBL580727,ALOX12
AZARIBINE,AR
CHEMBL:CHEMBL530291,NFE2L2
TAMATINIB,FRK
CHEMBL:CHEMBL412603,SMN2
GW305074X,FEN1
CHEMBL:CHEMBL581872,SMAD3
CHOLECALCIFEROL,EHMT2
DEGUELIN,TSHR
CHOLECALCIFEROL,NFE2L2
ILORASERTIB,MAP2K2
DICHLOROPHEN,NFE2L2
CHEMBL:CHEMBL333177,HSPB1
PICEATANNOL,RGS4
ENTINOSTAT,HDAC9
CHLORMETHIAZOLE,CYP2D6
CHEMBL:CHEMBL592600,HSP90AA1
PENTABROMOPHENOL,FASN
ADAVOSERTIB,LRRK2
CHEMBL:CHEMBL576412,ALDH1A1
PIPERIDOLATE,CYP2D6
CHEMBL:CHEMBL1606,PPARD
LINOLENIC ACID,HSD17B10
CHEMBL:CHEMBL1574420,BRCA1
QUINACRINE,RGS4
DAMNACANTHAL,EHMT2
"5-(N,N-HEXAMETHYLENE)-AMILORIDE",EHMT2
ELLAGIC ACID,POLB
CILOSTAZOL,CYP1A2
BENZO[B]FLUORANTHENE,HIF1A
CHEMBL:CHEMBL590665,GMNN
CHEMBL:CHEMBL586937,ATXN2
CHEMBL:CHEMBL210411,NR3C1
OXIDOPAMINE,THRB
PROGESTERONE,TARDBP
2MESATP,DRD1
PROSULTIAMINE,VDR
TRIFLUOPERAZINE,TP53
RALOXIFENE HYDROCHLORIDE,HSD17B10
CHEMBL:CHEMBL528694,NFKB1
CHEMBL:CHEMBL1390650,NPC1
SCRIPTAID,HDAC6
TRICHOSTATIN A,EHMT2
SCRIPTAID,HDAC3
ERLOTINIB,FRK
CINOBUFOTALIN,SMAD3
BROMOCICLEN,GMNN
CHEMBL:CHEMBL1420181,BRCA1
CHEMBL:CHEMBL103583,USP1
CHEMBL:CHEMBL1255944,VDR
CHEMBL:CHEMBL297304,EHMT2
IPCONAZOLE,PPARD
CLOMIPRAMINE,DRD1
PICEATANNOL,ARSA
PROTOPORPHYRIN,HSD17B10
MUNDULONE ACETATE,MAPK1
CHEMBL:CHEMBL581677,SMAD3
STROPHANTHIDIN,GMNN
METHOTREXATE,APEX1
AROMATICIN,GMNN
LINOLENIC ACID,TDP1
TAMATINIB,PDGFRA
CHEMBL:CHEMBL601146,GMNN
SEMAXANIB,USP1
CEPHALOTHIN,EHMT2
DIHYDROXIDINE,EHMT2
CHEMBL:CHEMBL583578,SMN1
KENPAULLONE,CSF1R
KENPAULLONE,HTT
PROTOPORPHYRIN,THRB
2'-HYDROXYCHALCONE,ABCB1
CILOSTAZOL,CYP2D6
QUETIAPINE FUMARATE,DRD2
POMIFERIN,SMAD3
SB 222200,ALDH1A1
CHEMBL:CHEMBL73380,NFE2L2
DEQUALINIUM,MTOR
COPPER CHLORIDE,JUN
ZARDAVERINE,HPGD
AURINTRICARBOXYLIC ACID,EHMT2
2-MERCAPTOBENZOTHIAZOLE,VDR
SKF-82958,EHMT2
MG-132,ALDH1A1
AMOXAPINE,CYP2D6
1-NITROPYRENE,NFE2L2
DORAMAPIMOD,MAPK9
AZATHIOPRINE,TPMT
DARIFENACIN,CYP2D6
ERIBULIN MESYLATE,ERBB2
GELDANAMYCIN,FCGR3A
PREDNISOLONE,FCGR3A
TEGAFUR-URACIL,FGF2
FULVESTRANT,FGF2
INDOMETHACIN,FGF2
CYCLOSPORINE,GABPA
PROTEIN SYNTHESIS INHIBITOR,GAPDH
COLCHICINE,GFAP
DICLOFENAC SODIUM,GGT1
METHIMAZOLE,GFAP
THALIDOMIDE,HGF
PREDNISOLONE,HMGB1
BORTEZOMIB,HSPA4
DIAZOOXONORLEUCINE,HSPA4
VINCRISTINE,HSPB2
ANTIBIOTIC,HSPA8
ACETAMINOPHEN,HSPA8
RHODACYANINE ANALOG MKT-077,HSPA9
EDRECOLOMAB,IFNG
PROTEIN SYNTHESIS INHIBITOR,IGFBP1
RABEPRAZOLE,IL10
BACILLUS CALMETTE-GUERIN ANTIGEN,IL15
METHIMAZOLE,CXCL8
HYDROQUINONE,CXCL8
MIFEPRISTONE,LIF
ANTISENSE OLIGONUCLEOTIDES,LIF
RECOMBINANT CYTOKINE,LTB4R
TRIAMCINOLONE,LPL
RECOMBINANT INTERLEUKIN,LPL
ASCORBIC ACID,LPO
DOXYCYCLINE ANHYDROUS,MAPK8
TRETINOIN,MDK
INTERFERON BETA,MMP1
INCOMPLETE FREUND'S ADJUVANT,MLANA
TRIAMCINOLONE,MMP1
INTERLEUKIN-11,MPO
TRETINOIN,NOS1
HISTONE DEACETYLASE INHIBITOR,NR4A1
COLCHICINE,NTF3
RECOMBINANT CYTOKINE,NTRK1
ANTINEOPLASTIC AGENT,NTRK1
APAZIQUONE,NTRK1
TRETINOIN,OCLN
IRINOTECAN HYDROCHLORIDE,PIK3CA
OCTREOTIDE ACETATE,PIK3CB
RALOXIFENE HYDROCHLORIDE,PLAT
DICLOFENAC SODIUM,PRL
TRETINOIN,PRL
BETAMETHASONE,PTGER4
ANHYDROUS TACROLIMUS,LEP
HYDROCHLOROTHIAZIDE,HMGCS2
OLANZAPINE,AHR
PREDNISONE,NR3C1
AMODIAQUINE,CYP1B1
TIOTROPIUM,CYP2D6
CALCIUM,VDR
SIBUTRAMINE,GNB3
TROGLITAZONE,GSTT1
FULVESTRANT,ESR2
SORAFENIB,MAPK14
RASAGILINE,COMT
SORAFENIB,MAPK9
SORAFENIB,MAPK3
HYDROMORPHONE HYDROCHLORIDE,CYP2B6
ISONIAZID,CYP2B6
MONTELUKAST SODIUM,ABCC1
HYDROCHLOROTHIAZIDE,AGTR1
CAPECITABINE,CDX2
GOLODIRSEN,DMD
CASIMERSEN,DMD
GEMCITABINE,BRCA1
EFAVIRENZ,HLA-DRB1
PROPYLTHIOURACIL,HLA-DRB1
FLUPIRTINE,HLA-DRB1
GEMCITABINE,CDC5L
VORTIOXETINE HYDROBROMIDE,SLC6A4
GEMCITABINE,ETS2
ERIBULIN MESYLATE,ESR1
INFIGRATINIB,FGFR3
LENVATINIB,FLT4
GIVINOSTAT,HDAC4
VORINOSTAT,HDAC8
VORINOSTAT,HDAC9
PF-04217903,MET
ILOPROST,PPARA
PANITUMUMAB,EGFR
ERLOTINIB,EGFR
OBINUTUZUMAB,MS4A1
LANICEMINE,GRIN2B
LANICEMINE,GRIN3A
BARDOXOLONE,NFKB1
BROMOCRIPTINE,DRD3
BROMOCRIPTINE,DRD2
OCINAPLON,GABRA3
HEPARIN,F2
OSI-930,KDR
PHENYLEPHRINE,ADRA1A
GLYCOPYRRONIUM,ADRB2
RESMINOSTAT,HDAC3
SOLANEZUMAB,APP
TAS-108,ESR2
TALAMPANEL,GRIA2
TALAMPANEL,GRIA4
FEDRATINIB,JAK2
TINZAPARIN SODIUM,F10
TINZAPARIN SODIUM,SERPINC1
HE3286,NR3C1
WX-554,MAP2K6
RPSGL-IG,SELP
ZILEUTON,ALOX5
ADAPALENE,RXRB
ADAPALENE,RARG
ANTI-THYMOCYTE GLOBULIN,CD86
ANTI-THYMOCYTE GLOBULIN,ITGB3
ANTI-THYMOCYTE GLOBULIN,CD4
BROMAZEPAM,GABRA1
BROMAZEPAM,GABRA3
BUSPIRONE,DRD2
DASATINIB ANHYDROUS,FYN
CARVEDILOL,ADRB1
CARBINOXAMINE,HRH1
COLLAGENASE CLOSTRIDIUM HISTOLYTICUM-AAES,COL3A1
COCAINE,DRD3
CLOTIAZEPAM,GABRG3
DESIPRAMINE,HRH1
CEDIRANIB,BRCA2
USTEKINUMAB,IL23A
DIPIVEFRIN,ADRA2A
GUANFACINE HYDROCHLORIDE,ADRA2A
RIBOCICLIB,CCND1
CLOPIDOGREL,P2RY12
VITAMIN K3,NQO1
VITAMIN K3,VKORC1
LEVOLEUCOVORIN,DKK1
METFORMIN,PRKAB1
VITAMIN K3,F2
METHIXENE,CHRM1
MIANSERIN,ADRA2A
RIBOCICLIB,CDK6
NEOSTIGMINE,ACHE
OXYPHENONIUM,CHRM1
PERGOLIDE,DRD1
PRACTOLOL,ADRB1
MITOMYCIN,TP53
RICOLINOSTAT,HDAC9
MRS3558,ADORA3
MET TYROSINE KINASE INHIBITOR SGX523,MET
AFURESERTIB,AKT1
RIBOCICLIB,CDK4
INTERFERON ALFA-N3,IFNA2
HUMAN INTERLEUKIN-2,IL2
DASATINIB ANHYDROUS,PDGFRA
AAV1-FS344,MSTN
MOMETASONE,NR3C1
SUVN-502,HTR6
ELENBECESTAT,BACE1
FLUDROCORTISONE,AR
CALCITRIOL,VDR
NBQX,GRIN2A
IC14,CD14
HESPERETIN,DGAT1
CURCUMIN,PTGS2
ALK INHIBITOR TAE684,ALK
RAXOFELAST,LPO
MESORIDAZINE,DRD2
ALK/C-MET INHIBITOR TQ-B3139,ALK
VIPADENANT,ADORA2A
RAUWOLFIA SERPENTINA (USP),SLC18A2
BENDAMUSTINE,ATM
MM-093,AFP
CHLORPROTHIXENE,DRD2
ORG-34517,NR3C1
OLAPARIB,ATM
LACOSAMIDE,DPYSL2
CHLORDIAZEPOXIDE,TSPO
ETELCALCETIDE,CASR
FLUOCINOLONE ACETONIDE,NR3C1
DIAZOXIDE,CALCA
"GONADOTROPIN, CHORIONIC",LHCGR
RIBOCICLIB SUCCINATE,CDK6
ARC FUSION PROTEIN SL-279252,CD274
ANTI-PD-L1/CD137 BISPECIFIC ANTIBODY MCLA-145,CD274
TRANSFERRIN RECEPTOR-TARGETED ANTI-RRM2 SIRNA CALAA-01,TF
MAZAPERTINE SUCCINATE,DRD2
MAZAPERTINE SUCCINATE,HTR1A
LEUCOVORIN CALCIUM,DHFR
APL-501,CD274
MM-111,ERBB2
BROMOCRIPTINE,DRD2
FLUDROCORTISONE,NR3C2
GEMTUZUMAB OZOGAMICIN,CD33
EVEROLIMUS,CDKN2A
OFATUMUMAB,MS4A1
PENTOBARBITAL SODIUM,GABRA1
SUCRALFATE,FGF2
PINOMETOSTAT,DNMT3A
DIAPLASININ,SERPINE1
IRX-5183,RARA
BALSTILIMAB,PDCD1
PYRIDOXAMINE,AGER
TANDOSPIRONE,A1BG
COMPOUND 4G [PMID: 22220592],ABCA1
DU172,ABAT
ISTRADEFYLLINE,ABAT
SAKURANETIN,ABCA1
ALLOXAZINE,ABCA2
ISTRADEFYLLINE,ABCA2
OSIP339391,ABCA2
PD 165929,ACAT1
"[D-PHE6, LEU13, CPA14,&PSI;13-14]BOMBESIN-(6-14)",ACAT1
CP105696,AMFR
COMPOUND 13A [PMID: 23639540],DOCK2
12S-HETE,AMH
FUTIBATINIB,FGFR2
LENVATINIB,FGFR2
AM2201,CNR2
SCH.336,CNR2
PEMIGATINIB,FGFR2
NABILONE,CNR2
BMS-202,CNR2
GASTRIN-14,CCKBR
LISURIDE,ALDH1A1
ETICLOPRIDE,ALDH1A1
CHLORPROMAZINE,ALDH1A1
SELUMETINIB,FGFR2
SULPIRIDE,ALDH1A1
LISURIDE,ALDH2
HALOPERIDOL DECANOATE,ALDH2
GNF2133,EML1
ABIVERTINIB,DXO
CANERTINIB,DXO
SUNITINIB,FGFR2
DINOPROSTONE,APOC1
COMPOUND 38 [PMID: 24915291],ERBB4
IPATASERTIB,FGFR3
CIBINETIDE,DHCR24
L-&BETA;-BA,SLC1A1
AVUTOMETINIB,FGFR3
WFW-ISN-NH2,ALOX15
TIRZEPATIDE,ALPL
PF-05190457,ALOX15
LIRAGLUTIDE,ALPL
CX546,GRIA3
[3H]L689560,GRIN2A
S-ALLYLGLYCINE,GAD2
COMPOUND 3 [PMID: 21310611],ADH1C
(S)-N-OLEOYLTYROSINOL,ADH1C
AS1535907,ADH1C
1-OLEOYL GLYCEROL,ADH1C
CID2745687,ADAM10
AR305352,ADRA2A
L-NNA,NOS2
CTOP,APOF
PENTAZOCINE,APOF
COMPOUND 111 [PMID: 37918435],CFB
[125I]&ALPHA;-BUNGAROTOXIN,SERPINC1
[125I]&ALPHA;-BUNGAROTOXIN,ATF4
YM49598,AQP4
GR100679,AQP4
[3H]T-516,APBB1
IP5I,ATP1A3
MRS2603,BIRC2
PLATELET ACTIVATING FACTOR,APLP2
ENANTIO PAF C-16,APLP2
TRANS-CINNAMOYL-LIGRLO [N-[3H]PROPIONYL]-NH2,APOE
INSL5 AMIDE (HUMAN),KLK3
EST73502,SIGMAR1
PROPRANOLOL HYDROCHLORIDE,CD40LG
PHLORETIN,CDSN
CGP 23996,FAS
NC 4-28B,FAS
GA-KE88,FASLG
SNX281,GRIN1
BASROPARIB,HLA-DMA
LARIXYL ACETATE,ATP2B3
GSK-BZ DERIVATIVE 2B,TRPV4
ROPSACITINIB,TYK2
COMPOUND 1A [PMID: 18573659],UTS2R
D[CHA4]AVP,AR
ARGIPRESSIN,AR
OICR-9429,NPBWR1
KC-130,FKBP5
ENTRECTINIB,NTRK2
PICTILISIB,PIK3CA
CARBOPLATIN,GSTP1
CARBOPLATIN,BRCA2
CARBOPLATIN,BRCA1
ERLOTINIB,PIK3CA
CELECOXIB,PIK3CA
REGORAFENIB,PDGFRA
PEXIDARTINIB,CSF1
ROGARATINIB,FGFR2
ENSARTINIB,ALK
CAPECITABINE,ATM
VANDETANIB,ATM
IPILIMUMAB,B2M
ETHOPROPAZINE HYDROCHLORIDE,ALOX12
MAPROTILINE HYDROCHLORIDE,AR
PYROGALLOL,ALOX15
PICEATANNOL,THRB
BUPIVACAINE,KCNA1
PROTEIN SYNTHESIS INHIBITOR,PRL
LISINOPRIL ANHYDROUS,MMP3
EMACTUZUMAB,CSF1
BREXPIPRAZOLE,DRD2
SAGE-718,GRIN2B
TALIPEXOLE HYDROCHLORIDE,EHMT2
SAPPANONE A TRIMETHYL ETHER,VDR
OLANZAPINE,CCKBR
DOVITINIB,FGFR2
RITONAVIR,KAT2A
MADOLIN T,MAPK1
XL281,RAF1
DAPIPRAZOLE,ADRA1A
REMOXIPRIDE,DRD2
AC-98170,APOE
LINPERLISIB,F7
BAY-985,FCGR3A
RS-17053,TP53
ALDESLEUKIN,IL2RA
PENTACHLOROPHENOL,USP1
BMS-820132,GCK
NSC212069,TRPV4
BEVACIZUMAB-AWWB,VHL
ACETYLSALICYLIC ACID/DIPYRIDAMOLE,COX8A
ILORASERTIB,DRD1
AMODIAQUINE,CYP1A1
PROPRANOLOL HYDROCHLORIDE,CYP2D6
BMS753,BCHE
AZD8835,PIK3CA
PRAZOSIN,MAPK8
APC-100,AR
ZANDELISIB,PIK3CD
CENICRIVIROC MESYLATE,CCR5
TOPIRAMATE,GRIK1
COCAINE,SLC6A3
COMPOUND 18 [PMID: 34212719],ERCC6
BELINOSTAT,HDAC4
SEMAPIMOD,GRIN2B
INAVOLISIB,F5
DARIFENACIN,CHRM2
ERLOTINIB,ERBB2
SOBLIDOTIN,TNF
PAZOPANIB,FGFR2
COMPOUND 38 [PMID: 24915291],EN1
IPILIMUMAB,CD274
CONTELTINIB,PTK2B
CHEMBL:CHEMBL122355,VDR
ISRAPAFANT,APLP2
ABEXINOSTAT,HDAC4
ICLAPRIM,DHFR
ANTISENSE OLIGONUCLEOTIDES,E2F1
TOCILIZUMAB,IL6R
CHEMBL:CHEMBL1401091,ALDH1A1
DESERPIDINE,ACE
DOCETAXEL ANHYDROUS,CYP1A1
PROMAZINE,ADRA1D
TASELISIB,PIK3R1
DIHYDROERGOCRISTINE MESYLATE,GMNN
DECERNOTINIB,JAK1
WYE-354,ETFB
VIOMYCIN SULFATE,RPSA
CALCITRIOL,GMNN
DEXFENFLURAMINE HYDROCHLORIDE,HTR1F
MDX-1342,CD19
BINIMETINIB,MAP2K2
FUMARPROTOCETRARIC ACID,TDP1
PX-12,TXN
MANGIFERIN HEPTASULFATE,F10
VAPREOTIDE,TACR1
PHENCYCLIDINE,GRIN2A
DEXAMETHASONE,CYP2D6
PIPLARTINE,MAPT
MONOAMINE OXIDASE INHIBITOR,DRD3
COMPOUND 17D [PMID: 23099093],FEN1
MODIMELANOTIDE,MC1R
PENTABROMOPHENOL,KAT2A
FISETIN,MAPT
MIRDAMETINIB,PIK3CA
B-9430,ASIC1
ANTIOXIDANT,PLAU
DOXEPIN HYDROCHLORIDE,CRHR1
GSK2334470,PIK3CA
OLANZAPINE,RGS4
BREXANOLONE,ARNT
BELANTAMAB MAFODOTIN-BLMF,ECE1
ILORASERTIB,DPYD
LENVATINIB,RET
ILORASERTIB,DPP6
AZD-8186,PTEN
ZOPICLONE,GABRA3
ARN-3236,FBLN2
CHEMBL:CHEMBL68534,CYP1A2
ALPELISIB,ERBB2
4F-MT-45,APOF
CABOZANTINIB S-MALATE,RET
THIRAM,ALDH1A1
HISTONE DEACETYLASE INHIBITOR,CXCL8
AGERAFENIB,RET
PX-478,HIF1A
EVEROLIMUS,RET
CORTICOTROPIN-RELEASING FACTOR,ALB
BINIMETINIB,MAP2K1
EMACTUZUMAB,CSF1
MIRDAMETINIB,STK11
TRAZODONE,SLC6A4
MRS1093,ABCA1
NITRENDIPINE,ABCB1
HESPERADIN,NTRK2
CYTARABINE,EHMT2
CI-1040,STK11
OLESOXIME,VDAC1
ANLOTINIB,FGFR3
EPICATECHIN,EHMT2
DASATINIB ANHYDROUS,FES
CYCLOPHOSPHAMIDE ANHYDROUS,ITGAL
SELICICLIB,TP53
GLUFOSFAMIDE,SLC2A1
CHLORPROMAZINE,ABL1
CHEMBL:CHEMBL471005,HPGD
PYRIMETHAMINE,DHFR
SELINEXOR,TP53
FLUOROURACIL,TP53
TRETINOIN,IL1R1
EVEROLIMUS,STK11
SANGUINARIUM,PPARD
DOXYCYCLINE ANHYDROUS,MMP1
CHEMBL:CHEMBL1493528,MAPK1
VCE-004.3,CNR2
CRIDANIMOD,GMNN
DOCOSANOL,PAEP
PLAZOMICIN SULFATE,RPSA
LERSIVIRINE,ERVW-4
FENPYROXYMATE,NFE2L2
SF1126,MTOR
PERINDOPRIL,AGTR1
DIGOXIN,STAT3
PD-98059,SMN1
PREDNISOLONE,FCGR3B
ADAPALENE,RARB
JCAR014,CD19
NONACOG ALFA,F9
CEP-11981,DRD2
6-HYDROXYMELATONIN,APEX1
PHENAZINE,EHMT2
MEPERIDINE HYDROCHLORIDE,CYP2B6
GLATIRAMER,CLEC16A
GF109203X,CYP1A2
PIM KINASE INHIBITOR LGH447,JAK2
ETONOGESTREL,ESR1
ETHOPROPAZINE HYDROCHLORIDE,ALOX15
MITOGEN-ACTIVATED PROTEIN KINASE INHIBITOR,FOS
TQB3804,DXO
[3H]LYS-[DES-ARG9]BK,ASIC1
MEPREDNISONE,NR3C1
ENCAINIDE HYDROCHLORIDE,SCN2A
SERIBANTUMAB,EGFR
BINIMETINIB,MAP2K1
TRAIL,EBF1
DIETHYLSTILBESTROL,BDKRB2
RO19-4603,ARNT
LY2140023,GRM2
FLAVOXATE,CHRM1
SLC-0111,GAPDH
CDK INHIBITOR 4.35,CDK4
VANDETANIB,RET
MESORIDAZINE,HTR2C
LIDOCAINE,SLC1A1
BRUCINE,AR
CHEMBL:CHEMBL260342,NPC1
CHEMBL:CHEMBL8483,RELA
METHIXENE,CHRM2
DELAVIRDINE,ABCG2
PREGNENOLONE-16&ALPHA;-CARBONITRILE,NFE2L2
RECOMBINANT FIBROBLAST GROWTH FACTOR 2,GRIA1
DIACETYLRHEIN,EHMT2
PENTACHLOROPHENOL,VDR
A-1331852,PIK3CA
ZIDOVUDINE,CXCL10
BRADYKININ,ASIC1
UROFOLLITROPIN,FSHR
M826,BRINP1
ELOCALCITOL,VDR
FLUTICASONE,CD14
GALINPEPIMUT-S,WT1
SEVOFLURANE,MTRR
BI-847325,MAP2K1
MIANSERIN,HTR2C
N-OLEOYLETHANOLAMIDE,ADH1C
ILORASERTIB,MARK2
PENTABROMOPHENOL,NR1H4
JNJ-26483327,EGFR
NKTR-171,SCN2A
FULRANUMAB,NGFR
3-METHOXYCATECHOL,TP53
AG1478,EGFR
PD173074,SRC
LOBARIC ACID,PLK1
BUTHIONINE SULFOXIMINE,NOS1
CHEMBL:CHEMBL339587,MAPT
GLUTAMINE,IGF2
DIAZIQUONE,CSF2
LENVATINIB,ABCG2
DEHYDRATED ALCOHOL,FUT2
CHEMBL:CHEMBL1601846,TNNT2
PROTOPORPHYRIN DISODIUM,ATM
ETHCHLORVYNOL,GABRA1
TAMATINIB,CAMK2G
OPROZOMIB,PSMD7
[3H]RAUWOLSCINE,ABL2
RCI-0879,UTS2R
AG1478,NFKB1
TRAMETINIB DIMETHYL SULFOXIDE,MAP2K2
"3,5-DICAFFEOYLQUINIC ACID",APP
TOLMETIN,PTGS2
SGI-1027,DNMT1
ISOQUINOLINE 17 [PMID: 30122040],KEAP1
TAXOL C,ABCB1
NERATINIB,ERBB2
TAK-960,PLK1
XL228,FGFR1
OXAZEPAM,GABRG3
BECLOMETHASONE,AR
LINRODOSTAT,IDO1
CHEMBL:CHEMBL1317986,HIF1A
BROMOXYNIL,RXRA
ARTICAINE HYDROCHLORIDE,SCN8A
CHEMBL:CHEMBL324053,HDAC4
DOMPERIDONE,ABCB1
SIMAZINE,KAT2A
MIVAVOTINIB CITRATE,SYK
GEMTUZUMAB,CD33
RO31-8220,MAPT
SC-41930,AMFR
THALIDOMIDE,NFKB1
AL-37350A,HTR2C
DEQUALINIUM,CYP2D6
TOFACITINIB,EPHB2
ANACARDIC ACID,KAT5
FIBRIN SEALANT,NRG1
CCX-354,CCR1
NVP-CLR457,F7
TYRPHOSTIN 25,VDR
LEVOPROPOXYPHENE NAPSYLATE ANHYDROUS,CYP2D6
VERAPAMIL,ABCC1
VALPROIC ACID,HLA-C
RECOMBINANT RANTES,PLAU
CHEMBL:CHEMBL1465049,MAPT
MISOPROSTOL,APOC1
PAREGORIC,GRM1
TRETINOIN,NR4A1
SULFINPYRAZONE,ALDH1A1
CILENGITIDE,ITGB3
CARBAMAZEPINE,TNFRSF1B
IMATINIB,ABCB1
ERLOTINIB,ARF1
VILAZODONE HYDROCHLORIDE,HTR2A
CHEMBL:CHEMBL602807,EHMT2
ABEDITEROL,ADRB2
COMPOUND 18E [PMID: 31670517],EPHB1
COMPOUND 10 [PMID: 18759424],BICD1
TRAZODONE,HTR1A
PALMITOYL-CARNITINE,EHMT2
SATRALIZUMAB,AQP4
HESPERADIN,INSR
RITUXIMAB,MET
MIGLITOL,GAA
SYK INHIBITOR III,VDR
TIMOLOL,ADRB1
IMATINIB,PDGFRB
DOXYLAMINE SUCCINATE,HRH1
HALOPERIDOL LACTATE,DRD4
EVEROLIMUS,PIK3CA
REGORAFENIB,PTEN
CHEMBL:CHEMBL1232076,PLK1
DIENESTROL,ESR1
ADAPALENE,RARB
DIAZEPAM,GABRA1
TALAZOPARIB,DNMT3A
PD173074,FGFR1
GEMCITABINE,PIK3CA
ZAPA,HSD17B10
MIRTAZAPINE,HTR2A
BIRABRESIB,BRD3
FLUMETHASONE PIVALATE,NFE2L2
DAUNORUBICIN LIPOSOMAL,ABCA1
ESTRADIOL VALERATE,ESR1
ARTEMETHER,CYP2B6
CHEMBL:CHEMBL74852,ATM
AZD7687,GPI
ENSARTINIB,DRD4
OCHRATOXIN A,NFKB1
METFORMIN,PTEN
RECOMBINANT INTERLEUKIN-8,GYPA
RADOTINIB,BCR
SENAPARIB,PARP1
NERIDRONIC ACID,FDPS
SEROTONIN,KAT2A
PROGESTERONE,ABL1
IXABEPILONE,TUBB4B
NIFEDIPINE,CACNA1S
SERABELISIB,F5
BREXANOLONE,GABRA1
SCANDENIN,USP1
MITOGLITAZONE,PPARG
METHOTREXATE,EHMT2
PHENINDAMINE,HRH1
CLOZAPINE,DRD1
BAY-545,ABCA2
CHEMBL:CHEMBL423081,AR
FORMESTANE,CYP1B1
IBANDRONATE SODIUM,FDPS
METFORMIN,STK11
ALECTINIB HYDROCHLORIDE,RET
PALBOCICLIB,CDKN2A
(S)-FLUOXETINE,TSHR
LAPATINIB,HLA-DRB1
AG-13958,KDR
LAMOTRIGINE,PPT1
CIRAZOLINE,CYP2D6
TEZACAFTOR,CFTR
SALMETEROL XINAFOATE,ADRB2
TERFENADINE,HRH1
PROGESTERONE,MAPK1
CAPTOPRIL,ACE
CURCUMIN,NOS2
HYDROCHLOROTHIAZIDE,PRKAG2
BORTEZOMIB,PRSS3
SAVOLITINIB,MET
EMETINE HYDROCHLORIDE,AR
AMIKACIN,B2M
TASOSARTAN,AGTR1
ELINOGREL,P2RY12
CHEMBL:CHEMBL1420181,SMN1
CHEMBL:CHEMBL533388,NFE2L2
LIOTHYRONINE,THRA
EPINEPHRINE,NFE2L2
CHOLECALCIFEROL,AR
ALPROSTADIL,PTGER2
CHEMBL:CHEMBL1397270,KAT2A
AVX-470,TNF
DIDS,TSPO
INCB-9471,CCR5
ALITRETINOIN,CCR2
AZILSARTAN MEDOXOMIL,AGTR1
KETAMINE HYDROCHLORIDE,GRIN3B
SAQUINAVIR,ERVW-4
LOREDIPLON,GABRG3
(+)-UH232,ALDH1A1
TREPROSTINIL,APOC1
CHEMBL:CHEMBL462861,MAPT
RALOXIFENE HYDROCHLORIDE,PTGS2
BALICATIB,CTSK
ILORASERTIB,PDGFRB
TYRPHOSTIN 25,MAPT
DAZOMET,NFE2L2
FELBAMATE,CYP1A2
PEMIGATINIB,FGFR1
TRYPTAMINE,A2M
LAS38096,ABCA1
ONO-AE3-237,APOB
ILORASERTIB,LYN
CHEMBL:CHEMBL277148,GMNN
SUMATRIPTAN,GNB3
VENETOCLAX,PTEN
VASOACTIVE INTESTINAL PEPTIDE,VIPR1
METHIMAZOLE,JUN
PHENOBARBITAL,GABRA1
RONICICLIB,CDK1
X-396,ALK
AXITINIB,ABL1
LETROZOLE,ESR1
TAMOXIFEN,NF1
RITUXIMAB,HGF
LEVOCABASTINE HYDROCHLORIDE,HRH1
ACRIVASTINE,HRH1
MOLINDONE,DRD2
ACETOPHENAZINE MALEATE,DRD2
TRIFLUPROMAZINE HYDROCHLORIDE,DRD2
SILODOSIN,ADRA1A
HUMAN CALCITONIN,CALCR
MECLOFENAMATE SODIUM,ALOX5
BENZTROPINE MESYLATE,CHRM1
CYCRIMINE HYDROCHLORIDE,CHRM1
ARSENIC TRIOXIDE,TXNRD1
TRAZODONE,SLC6A4
PARICALCITOL,VDR
MOLINDONE,HTR2A
TRAZODONE,HTR2C
HALOPERIDOL LACTATE,HTR2A
TRAVOPROST,PTGFR
DONEPEZIL HYDROCHLORIDE,ACHE
TESAMORELIN ACETATE,GHRHR
PREDNISOLONE ACETATE,NR3C1
URSODIOL,NR1H4
ESTRADIOL VALERATE,ESR1
SELEGILINE HYDROCHLORIDE,MAOB
BECAPLERMIN,PDGFRA
KETAMINE HYDROCHLORIDE,GRIN1
CARVEDILOL,ADRA1D
MINOXIDIL,KCNJ11
PHENOXYBENZAMINE HYDROCHLORIDE,ADRA1D
SORAFENIB,FLT4
REGORAFENIB,FLT4
AMLODIPINE MALEATE,CACNA1S
DEXTROTHYROXINE SODIUM,THRB
LEVOTHYROXINE,THRB
RILONACEPT,IL1B
INDACATEROL MALEATE,ADRB2
FOSAPREPITANT,TACR1
COLLAGENASE CLOSTRIDIUM HISTOLYTICUM-AAES,COL6A2
COLLAGENASE CLOSTRIDIUM HISTOLYTICUM-AAES,COL18A1
BORTEZOMIB,PSMD4
IMIQUIMOD,TLR7
PROPARGITE,NFE2L2
BEXAROTENE,RXRA
ALITRETINOIN,RARG
ACITRETIN,RXRB
ACETYLDIGITOXIN,ATP1A3
METHYLBENZETHONIUM CHLORIDE,USP1
ESTAZOLAM,GABRA3
BUPARLISIB HYDROCHLORIDE,PIK3R1
TIGECYCLINE,RPSA
PEGINTERFERON ALFA-2B,IFNAR1
ARTICAINE HYDROCHLORIDE,SCN9A
UROFOLLITROPIN,FSHR
ACETAMINOPHEN,FAAH
ACARBOSE,LPL
BELINOSTAT,HDAC1
BELINOSTAT,HDAC4
BMS-779788,NR1H2
ILX23-7553,VDR
CER-002,PPARD
ANTIESTROGEN,NOS1
DB959,PPARD
DERAZANTINIB,FGFR3
DERAZANTINIB,FGFR1
CEP-11981,KDR
UTOMILUMAB,TNFRSF9
BI-853520,PTK2
PF-04217903,MET
PF-03715455,MAPK14
LY-2811376,BACE1
TA-5493,MAPK14
SDX-101,RXRA
LY-518674,PPARA
BRIGATINIB,EGFR
AG-13958,FLT4
TELATINIB,PDGFRB
SAVOLITINIB,MET
ENTOSPLETINIB,SYK
MIRDAMETINIB,MAP2K1
RIVICICLIB,CDK4
GEDATOLISIB,PIK3CA
DELGOCITINIB,EPHB2
GEDATOLISIB,PIK3R1
ABEMACICLIB,CDK6
INFIGRATINIB,FGFR2
"3,4-DICHLOROISOCOUMARIN",EHMT2
PRUVANSERIN,HTR2A
GSK163090,SLC6A4
GSK163090,HTR1A
DANIRIXIN,CXCR2
RISOVALISIB,PTEN
APLINDORE FUMARATE,DRD2
ADIPIPLON,GABRA1
ADIPIPLON,GABRA3
TIVOZANIB,FLT4
CHEMBL:CHEMBL590186,GMNN
INDIBULIN,TUBB4B
SELENIUM,KLK3
TOSEDOSTAT,LNPEP
ETANERCEPT-SZZS,HLA-DRB1
OPROZOMIB,PSMB9
BUROSUMAB-TWZA,FGF23
OPROZOMIB,PSMC6
VINFLUNINE,TUBB4A
VINFLUNINE,TUBA4A
TACEDINALINE,HDAC1
ARBACLOFEN PLACARBIL,GABBR1
VERUBULIN,TUBB4B
BEGACESTAT,PSEN2
NAVITOCLAX,BCL2L2
VOGLIBOSE,GAA
CAPLACIZUMAB-YHDP,VWF
CAPIVASERTIB,AKT1
AVELUMAB,CD274
EMICIZUMAB,F10
HEXYLRESORCINOL,AR
CAL,PTHLH
AZ9773,TNF
CILAZAPRIL,ACE
CORIFOLLITROPIN ALFA,FSHR
CELIPROLOL,ADRB1
DUTETRABENAZINE,SLC18A2
ENOBLITUZUMAB,CD276
BMS-986158,BRD2
CD24FC,HMGB1
ONASEMNOGENE ABEPARVOVEC-XIOI,SMN2
TAZEMETOSTAT HYDROBROMIDE,EZH2
AXICABTAGENE CILOLEUCEL,CD19
CD24FC,HSPA1A
PIRENZEPINE,CHRM1
TRAMETINIB DIMETHYL SULFOXIDE,MAP2K1
TRAMETINIB DIMETHYL SULFOXIDE,MAP2K2
TORCETRAPIB,CETP
REMIMAZOLAM BESYLATE,GABRA3
PEMIGATINIB,FGFR1
MEPIRODIPINE,CACNA1S
LADIRATUZUMAB VEDOTIN,TUBA4A
AMEDIPLASE,PLG
DEPATUXIZUMAB,EGFR
SASANLIMAB,PDCD1
RETIFANLIMAB,PDCD1
ROZANOLIXIZUMAB,FCGRT
PEGDINETANIB,KDR
PX-12,TXN
TAS-117,AKT1
BIMEKIZUMAB,IL17A
PERZINFOTEL,GRIN2B
PERZINFOTEL,GRIN1
EXALUREN,RPS8
LANIFIBRANOR,PPARA
SUTEZOLID,RPSA
LAROTAXEL,TUBA4A
APL-501,PDCD1
LAROTAXEL,TUBB4B
ISLATRAVIR,ERVW-4
ATN-161,ITGAV
PETESICATIB,CTSS
TUSAMITAMAB RAVTANSINE,TUBB4A
TASURGRATINIB,FGFR1
ANG1005,LRP1
CONTELTINIB,IGF1R
KBP5209,ERBB2
PINATUZUMAB VEDOTIN,TUBB4A
EDASALONEXENT,RELA
REGORAFENIB,NTRK1
AMCENESTRANT,ESR1
TANEXABAN,F10
EPCORITAMAB,MS4A1
VB-201,CD14
THERAPEUTIC ANDROGEN,NTRK1
BRIVOLIGIDE,EGR1
CLOMIPRAMINE,CYP2B6
BATIRAXCEPT,GAS6
SOBLIDOTIN,TUBA4A
SOBLIDOTIN,TUBB4B
OSUGACESTAT,APH1A
SELUMETINIB,MAP2K2
VELIPARIB,PARP1
CALCIMYCIN,DRD1
GUNAGRATINIB,FGFR3
CARBIDOPA ANHYDROUS,MAPT
2-[(FORMYL-HYDROXY-AMINO)-METHYL]-HEPTANOIC ACID [1-(2-HYDROXYMETHYL-PYRROLIDINE-1-CARBONYL)-2-METHYL-PROPYL]-AMIDE,NFE2L2
CHEMBL:CHEMBL1270169,MAPK1
CHEMBL:CHEMBL600313,NFE2L2
IDARUBICIN,POLB
CHEMBL:CHEMBL339587,GAA
ALTISSIMACOUMARIN F,SIRT1
CHEMBL:CHEMBL604321,ATXN2
COCHINCHINENIN C,ALB
ESTRADIOL VALERATE,ESR1
OXYMETHOLONE,AR
RIGOSERTIB,PIK3CG
MEDRYSONE,NFE2L2
CHEMBL:CHEMBL2332783,HSPB1
"L-750,667",EHMT2
PROCHLORPERAZINE,TP53
CHEMBL:CHEMBL596839,NPC1
LANSOPRAZOLE,IL1B
CHOLECALCIFEROL,ALOX15
PROPANIL,AR
CHEMBL:CHEMBL12658,BRCA1
TAMOXIFEN,ESR1
CHEMBL:CHEMBL584635,SMAD3
AZD9567,BDNF
CHEMBL:CHEMBL482050,GMNN
CHEMBL:CHEMBL486706,POLB
"N-DOCOSATETRA-7,10,13,16-ENOYLETHANOLAMINE",VDR
CHEMBL:CHEMBL1601846,CASP7
CAULIBUGULONE D,TP53
CHLOROACETIC ACID,NFE2L2
RG-1530,INSR
SNC80,CYP2D6
CHEMBL:CHEMBL601774,POLB
CHEMBL:CHEMBL273103,GMNN
CHEMBL:CHEMBL151797,ALDH1A1
N-ARACHIDONOYLGLYCINE,POLB
CHEMBL:CHEMBL1269845,ALDH1A1
CHEMBL:CHEMBL502774,SMN1
PROMAZINE,DRD1
QUERCETIN,HSF1
FISETIN,HSD17B10
LOVASTATIN,AKT1
CHEMBL:CHEMBL1797712,CREBBP
TRACAZOLATE,CYP2D6
CHALCONE,VDR
CHEMBL:CHEMBL584905,TSHR
DASATINIB ANHYDROUS,ERBB2
CHEMBL:CHEMBL1593717,CYP2D6
IDARUBICIN,THRB
CHEMBL:CHEMBL530733,CYP1A2
CHEMBL:CHEMBL1606,ATXN2
CANTHARIDIC_ACID,ATXN2
STANOZOLOL,NFE2L2
PLUMBAGIN,MAPK1
SULFADOXINE,CYP2D6
CHEMBL:CHEMBL279556,EHMT2
DEQUALINIUM,FEN1
SERTINDOLE,AR
TANGERETIN,ABCB1
RESACTIN A,NFE2L2
ILORASERTIB,FRK
DICHLOROPHEN,HPGD
BAY 61-3606,CDC7
2-APB,CYP1A2
CHEMBL:CHEMBL463783,SMAD3
PD-98059,HPGD
NAFTOPIDIL,ADRA1A
HARMALOL,MAPT
DIPHENYLAMINE-2-CARBOXYLIC ACID,EHMT2
(-)-STEPHOLIDINE,DRD2
TRIM,CYP1A2
CHEMBL:CHEMBL515252,FEN1
LAMOTRIGINE,CYP2D6
FEBUXOSTAT,AR
EPINEPHRINE,VDR
CHEMBL:CHEMBL546649,APBA1
QUINPIROLE,TDP1
CHEMBL:CHEMBL164449,PLK1
4-METHYLBENZOIC ACID METHYL ESTER,ESR1
DEXAMETHASONE,CYP1A2
CHEMBL:CHEMBL582715,MAPT
METHYLTESTOSTERONE,ESR1
SCOPOLETIN,GMNN
LOBARIC ACID,PIN1
PROCHLORPERAZINE,CYP2D6
OXIDOPAMINE,VDR
DIQUAFOSOL TETRASODIUM,P2RY2
CHEMBL:CHEMBL476501,CYP1A2
CHEMBL:CHEMBL530049,RAD54L
CHEMBL:CHEMBL495852,PLK1
CHEMBL:CHEMBL1408276,ALPL
4-METHYLTHIOAMPHETAMINE,SLC6A4
ACEQUINOCYL,TP53
MIFEPRISTONE,NR3C1
LOVASTATIN,CYP2D6
CHEMBL:CHEMBL269881,MAPK3
RG-1530,PTK2
DIMETHYL FUMARATE,NFE2L2
CHEMBL:CHEMBL590706,NOD2
CHEMBL:CHEMBL1255647,FASN
(S)-PINACIDIL,CYP1A2
FRAXETIN,HSD17B10
ACRIDONE,GAA
DAMNACANTHAL,ALDH1A1
LORECLEZOLE,CYP1A2
CLOBENPROPIT,CYP1A2
DASATINIB ANHYDROUS,SYK
ILORASERTIB,ROCK1
CONICASTEROL B,NR1I2
M-2698,AKT1
CHEMBL:CHEMBL316796,EHMT2
RITONAVIR,VDR
ALBENDAZOLE,GMNN
CHEMBL:CHEMBL68534,ALOX15
13-CIS-RETINAL,ESR1
CLOXYQUIN,SMAD3
DOXEPIN HYDROCHLORIDE,CYP1A2
TETRANDRINE,ATXN2
CHEMBL:CHEMBL576781,EHMT2
CHEMBL:CHEMBL401565,NFKBIA
ROMIDEPSIN,HDAC6
CHEMBL:CHEMBL408422,ABCB1
TERAZOSIN,CYP2D6
CHEMBL:CHEMBL1939691,MAPT
ILORASERTIB,PKN2
CALCIMYCIN,ATXN2
CHEMBL:CHEMBL139935,MAPT
CHEMBL:CHEMBL604321,GMNN
CLOMIPRAMINE,TP53
SB202190,FRK
SULFURIC ACID,HMGB1
CHEMBL:CHEMBL1707907,PLK1
CLOXYQUIN,PPARD
GARLIC,NAT2
METHANDROSTENOLONE,AR
CHEMBL:CHEMBL599013,DNMT1
CHEMBL:CHEMBL234338,ALPI
TORMENTIC ACID METHYL ESTER,HSD11B1
LOBARIC ACID,PTPN1
3-HYDROXYANTHRANILIC ACID,CASP6
NORGESTREL,AR
ZM336372,TP53
HESPERADIN,MAPK8
MECETRONIUM,HTT
BENZYLACETONE,ALDH1A1
CHEMBL:CHEMBL581872,EHMT2
RETINYLRETINOATE,JUN
A77636,TP53
RG-1530,PAK1
INDOXACARB,AR
ROXINDOLE,CYP1A2
DALAZATIDE,KCNA3
ILORASERTIB,FGFR1
CHLORDIAZEPOXIDE,AR
CHEMBL:CHEMBL1479114,TARDBP
BMS-564929,AR
MAPROTILINE HYDROCHLORIDE,EHMT2
METHYLEUGENOL,NFE2L2
RALOXIFENE HYDROCHLORIDE,CYP1A2
SARPOGRELATE,GMNN
EPINEPHRINE,FEN1
XANTHOHUMOL,MAPK14
VESTIPITANT,TACR1
CHEMBL:CHEMBL1456848,NOD2
ILORASERTIB,PRKAA1
RT3,VDR
SN-38,HDAC9
3-METHYLCHOLANTHRENE,AHR
EFBEMALENOGRASTIM ALFA,CSF3
CHEMBL:CHEMBL580340,EHMT2
ELLAGIC ACID,PLK1
CHEMBL:CHEMBL1255656,EHMT2
CHEMBL:CHEMBL602127,FEN1
CHEMBL:CHEMBL1588679,HTT
LINOLENIC ACID,MAPT
"5,7-DIHYDROXY-4-METHYLCOUMARIN",TNF
CHEMBL:CHEMBL1873045,SMAD3
ROBUSTIC ACID,TP53
PENTABROMOPHENOL,FEN1
ALMOTRIPTAN,A2MP1
ROBOTNIKININ,SHH
IODOFORM,NFE2L2
PROCHLORPERAZINE,ATXN2
CHEMBL:CHEMBL471005,ALDH1A1
LAPACHONE,NFKB1
NICOTINE POLACRILEX,CHRNA4
CHEMBL:CHEMBL602135,RAD52
DIDECYLDIMETHYLAMMONIUM CHLORIDE,AR
FTI 276,VDR
CHEMBL:CHEMBL453818,TUBB4A
FRAXIDIN METHYL ETHER,HSD17B10
ZM336372,CYP1A2
NAPHTHOQUINONE,MAOB
SCUTELLARIN,ABCC1
M-CHLOROPHENYLPIPERAZINE,CYP1A2
CHEMBL:CHEMBL601768,GMNN
ISOFENPHOS,AR
DICHLOROPHEN,ALOX15
STIROFOS,AR
PLUMBAGIN,ALDH1A1
GLYBURIDE,SLC2A4
DIHYDROGAMBOGIC ACID,ALOX15
CHEMBL:CHEMBL1320453,NPC1
CHEMBL:CHEMBL476025,EHMT2
CIMETIDINE,CYP2D6
SERTRALINE HYDROCHLORIDE,CDK1
CHEMBL:CHEMBL581251,EHMT2
ARACHIDONYL TRIFLUOROMETHYL KETONE,VDR
VOLOCIXIMAB,FRK
THIRAM,GAPDH
DIENOCHLOR,THRB
CHEMBL:CHEMBL1329326,CYP2D6
CHEMBL:CHEMBL297304,THRB
AFIMOXIFENE,ATXN2
CHEMBL:CHEMBL539954,AR
CHEMBL:CHEMBL122355,EHMT2
APRAMIDE A,F2
PESUDOGINSENOSIDE RP1 METHYL ESTER,MAPK1
SORAFENIB,PDGFRA
"3,4-DIMETHOXYDALBERGIONE",HPGD
ELLAGIC ACID,VDR
[3H]GBR12935,TP53
ENTRECTINIB,BLK
CHEMBL:CHEMBL530049,HTT
QUETIAPINE FUMARATE,DRD3
ILORASERTIB,PTK2
DICHLOROPHEN,TSHR
ROTENONE,PPARG
MEPINDOLOL,ADRB2
CHEMBL:CHEMBL578504,NFE2L2
OBTUSAQUINONE,VDR
R-1487,MAP4K4
CHEMBL:CHEMBL591618,TP53
AG1478,MAPK1
FISETIN,ALOX15
INDIGO,EHMT2
CHEMBL:CHEMBL598663,ALOX15
TRETINOIN,VDR
LAPACHOL,SMN2
LAPACHOL,SMN1
AMILORIDE,HSD17B10
AMCINONIDE,HIF1A
ANACARDIC ACID,KAT2B
SORAFENIB,FLT4
BENANSERIN HYDROCHLORIDE,EHMT2
ILORASERTIB,EGFR
CLOXYQUIN,PTPN22
TAMATINIB,NTRK2
PROCHLORPERAZINE,TP53
CHLORMETHIAZOLE,CYP1A2
CHEMBL:CHEMBL528316,AR
SPIRADOLINE,AR
CHEMBL:CHEMBL576781,FEN1
PROPRANOLOL HYDROCHLORIDE,CYP2D6
PHENOTHIAZINE,NFE2L2
RG-1530,MAPK14
SAPPANONE A DIMETHYL ETHER,ALDH1A1
CHEMBL:CHEMBL1915783,FAAH
OXYQUINOLINE SULFATE,NFE2L2
DEOXYVASICINONE,CYP1A2
CHEMBL:CHEMBL602969,THRB
TAMATINIB,PRKCG
DIHYDRODAPHNODORIN B,ALPL
RO31-8220,MAPT
CHEMBL:CHEMBL316796,ALDH1A1
GW282974X,HPGD
INDOPROFEN,NFKB1
CYCLANDELATE,AR
CHEMBL:CHEMBL578504,MAPT
DIZOCILPINE,GRIN2A
CHEMBL:CHEMBL239439,CYP1A2
AURINTRICARBOXYLIC ACID,ALOX15
PIRINIXIC ACID,CYP2D6
CHEMBL:CHEMBL598263,TARDBP
ALAZANINE,USP1
SB 204741,CYP1A2
METHYSERGIDE MALEATE,MAPT
ELLAGIC ACID,MAPT
CHEMBL:CHEMBL239439,ALDH1A1
OXOPURPUREINE,HTT
CHEMBL:CHEMBL1092508,RAD52
SULFINPYRAZONE,HPGD
CHEMBL:CHEMBL528712,ATXN2
BERKELEYACETAL B,MMP3
CHEMBL:CHEMBL399530,MAPT
NEPAPRAZOLE,NFE2L2
13-CIS-RETINAL,NFE2L2
CARBOQUONE,AR
CHEMBL:CHEMBL580340,MAPK1
"6,4'-DIMETHOXYFLAVONE",SMN2
"6,4'-DIMETHOXYFLAVONE",SMN1
RG-1530,KDR
TRIFLUPROMAZINE HYDROCHLORIDE,GMNN
VITAMIN A,ESR1
ZK159222,VDR
LINEZOLID,CYP1A2
CYCLIC CRYPEVEIC,PIN1
PYRITHIONE ZINC,AR
NITRALIN,AR
[3H]GBR12935,EHMT2
RG-1530,BLK
MIDAZOLAM HYDROCHLORIDE,CREBBP
CLOPIDOGREL,CYP2D6
CHEMBL:CHEMBL601774,RAD54L
BENSULIDE,PPARG
SNS-314,MET
CHEMBL:CHEMBL515252,MAPT
CHEMBL:CHEMBL392068,NCSTN
CHEMBL:CHEMBL392068,APH1A
ILORASERTIB,FYN
CHEMBL:CHEMBL587849,GMNN
CHEMBL:CHEMBL41680,EHMT2
TRIBROMSALAN,PPARD
CHEMBL:CHEMBL1320453,TARDBP
CHEMBL:CHEMBL475908,SMN2
CHEMBL:CHEMBL536599,NFE2L2
QUERCETIN,ALOX15
CHEMBL:CHEMBL591618,SMAD3
DESOXIMETASONE,AR
HESPERADIN,TYK2
CHEMBL:CHEMBL1574420,SMN1
PENTABROMOPHENOL,HPGD
CHEMBL:CHEMBL580819,ATXN2
ALAZANINE,VDR
CHEMBL:CHEMBL41680,CYP1A2
TRIBROMSALAN,MAPT
GAMBOGENIC ACID,TXN
DIBENZOYLMETHANE,AR
DIHYDREXIDINE HYDROCHLORIDE,EHMT2
DORAMAPIMOD,MAP4K4
SB 222200,TSHR
CHEMBL:CHEMBL1496351,GMNN
PROGESTERONE,CYP2D6
CLOFLUCARBAN,PPARD
CHEMBL:CHEMBL239439,HPGD
N- (9-FLUORENYLMETHOXYCARBONYL)-L-LEUCINE,ALDH1A1
CIPROFIBRATE,PPARA
AMCINONIDE,AR
BELINOSTAT,HDAC1
BELINOSTAT,HDAC6
HALOFANTRINE HYDROCHLORIDE,CYP2D6
ANETHOLE TRITHIONE,PTPN1
AZD-8055,MTOR
METHYSERGIDE MALEATE,EHMT2
VOLVALERENAL D,MAPK1
DEFEROXAMINE,MMP12
CHEMBL:CHEMBL596631,GMNN
TRIFLUOPERAZINE,RGS4
NAFTOPIDIL,EHMT2
THIORPHAN,KAT2A
ETHACRIDINE LACTATE,HSD17B10
CHEMBL:CHEMBL171699,SMAD3
CHEMBL:CHEMBL1255944,SMAD3
CINOBUFOTALIN,NFE2L2
CHEMBL:CHEMBL1946449,AR
ADAVOSERTIB,JAK2
CHEMBL:CHEMBL599013,EHMT2
CARBETAPENTANE,EHMT2
2-IODOACETAMIDE,ALOX15
PIFEXOLE,NPC1
KETAMINE HYDROCHLORIDE,GRIN1
JP1302,APEX1
CHEMBL:CHEMBL548540,ALDH1A1
(R)-IBUPROPHEN,PTGS2
PYRITHIONE ZINC,VDR
CHEMBL:CHEMBL85194,CYP1A2
CONICASTEROL B,NR1H4
SENNOSIDE B,PLK1
2-PHENYL-1H-INDOLE,TARDBP
5-FLUOROURIDINE,GMNN
CHEMBL:CHEMBL42355,NFE2L2
IRINOTECAN HYDROCHLORIDE,HSD17B10
CHEMBL:CHEMBL486706,GMNN
CHEMBL:CHEMBL1498652,ALDH1A1
3-O-METHYLQUERCETIN,POLB
HARMALOL,BRCA1
CHEMBL:CHEMBL122355,PLK1
LAPACHONE,EHMT2
HESPERADIN,FGFR3
ILORASERTIB,CSF1R
PURPURIN,KAT2A
SULFINPYRAZONE,VDR
CHEMBL:CHEMBL1630084,ENPP2
PROTOPORPHYRIN DISODIUM,WRN
VER-3323,CYP2D6
RALOXIFENE HYDROCHLORIDE,PPARG
DICLOFENAC SODIUM,CYP2D6
MONOBENZONE,CYP1A2
TRETINOIN,USP1
SNS-314,PRKCD
PYROGALLOL,HSD17B10
DASATINIB ANHYDROUS,AR
THUNBERGINOL B,ALPI
CHEMBL:CHEMBL583578,SMN2
ISOFLUPREDONE ACETATE,AR
OXYTETRACYCLINE HYDROCHLORIDE,HPGD
CHEMBL:CHEMBL548017,RGS4
2-NITROANISOLE,ALDH1A1
QUERCETIN,CYP1A2
BENZO[DEF]CHRYSENE,AHR
DOXEPIN HYDROCHLORIDE,ALDH1A1
LEVODOPA,APEX1
TRICLOFENOL,HPGD
CELIPROLOL,ADRB1
[18F]FLUORORASAGILINE,MAOB
DEXTROAMPHETAMINE SULFATE,CYP2D6
CERITINIB,ALK
DONEPEZIL,CYP2D6
ELTROMBOPAG,F5
FLUVOXAMINE,CYP2D6
PEGINTERFERON ALFA-2B,IFNL3
PROPRANOLOL HYDROCHLORIDE,CYP2D6
TRAMADOL,CYP2D6
ALK/TRK INHIBITOR TSR-011,ALK
BMS-599626,ERBB2
DULIGOTUZUMAB,EGFR
XL820,KDR
TREMELIMUMAB,CTLA4
TREMELIMUMAB,CTLA4
SORAFENIB,KDR
RITUXIMAB,MS4A1
FICLATUZUMAB,HGF
TANESPIMYCIN,HSP90AA1
CERITINIB,ALK
SORAFENIB,KDR
SORAFENIB,FLT4
SORAFENIB,PDGFRA
ALPELISIB,PIK3CD
EVEROLIMUS,MTOR
BUTHIONINE SULFOXIMINE,ABCC1
IRINOTECAN HYDROCHLORIDE,ABCC1
IMATINIB,ABCG2
TRETINOIN,ALPL
GENERIC DRUG,APOA1
PROTEIN SYNTHESIS INHIBITOR,APOA1
CHOLESTYRAMINE RESIN,APOB
RECOMBINANT FLT3 LIGAND,BAX
PROCARBAZINE,BAX
ROFECOXIB,BAX
SULFORAPHANE,BAX
HYPERBARIC OXYGEN,BCL2
MUC-1 ANTIGEN,BCL2
BLEOMYCIN,CCL17
DICLOFENAC SODIUM,CCL17
PROTEIN SYNTHESIS INHIBITOR,CCND1
THERAPEUTIC CORTICOSTEROID,CCL7
GELDANAMYCIN,CD28
HYDROQUINONE,CD40
GENTAMICIN,CD44
MONOCLONAL ANTIBODY SGN-14,CD40
TERFENADINE,CD86
RECOMBINANT TRANSFORMING GROWTH FACTOR,CDK4
ISOPROTERENOL,CSF2
SODIUM SALICYLATE,CSF2
VINORELBINE,CSF2
METHIMAZOLE,CTLA4
ANTIBIOTIC,CXCL10
ERLOTINIB,CYP2D6
EFAVIRENZ,CYP2B6
BORTEZOMIB,E2F1
BACILLUS CALMETTE-GUERIN ANTIGEN,EIF2AK2
COUMARIN,F9
CHONDROITIN SULFATES,FCGR3A
INDOMETHACIN,FCGR3B
FINASTERIDE,FGFR1
NONSTEROIDAL ANTIINFLAMMATORY DRUG,FGF2
RECOMBINANT LYMPHOKINE,FGF2
THERAPEUTIC CORTICOSTEROID,FGF2
DAIDZEIN,FOS
DICLOFENAC SODIUM,GDF15
IPOMEANOL,GGT1
ISOPROTERENOL,GFAP
PROGESTERONE,GFAP
ANTHRACYCLINE ANTINEOPLASTIC ANTIBIOTIC,GYPA
ETHER,GYPA
HYPERBARIC OXYGEN,HIF1A
WORTMANNIN,HGF
BACILLUS CALMETTE-GUERIN ANTIGEN,HLA-B
ANTIOXIDANT,HMOX2
HEPATITIS B VACCINE,HP
SODIUM SALICYLATE,HSPA4
CYCLOPHOSPHAMIDE ANHYDROUS,IFNG
DOXIFLURIDINE,IFNG
RALOXIFENE HYDROCHLORIDE,IGF1R
CYCLOSPORINE,IL15
MESALAMINE,IL10
NIMUSTINE,IL1B
PROGESTERONE,IL2RA
ANTIDEPRESSANT AGENT,CXCL8
RECOMBINANT CYTOKINE,CXCL8
DEXTRAN SULFATE SODIUM,LPO
BACILLUS CALMETTE-GUERIN ANTIGEN,MAPK8
ARGIPRESSIN,MAPK8
ANTINEOPLASTIC VACCINE,MLANA
TRETINOIN,MST1
LORATADINE,MPO
PYRAZINAMIDE,MPO
WORTMANNIN,MYO9B
ASCORBIC ACID,NFE2L2
PROGESTERONE,NME2
CARVEDILOL,NOS1
BACILLUS CALMETTE-GUERIN ANTIGEN,NOS1
GINKGO BILOBA EXTRACT,NOS1
"ESTROGENS, CONJUGATED (USP)",NOS2
PROGESTERONE,NPPC
CYCLOPHOSPHAMIDE ANHYDROUS,NTF3
PAREGORIC,PDYN
SOMATROPIN (RECOMBINANT DNA ORIGIN),PHEX
CHEMOPREVENTIVE AGENT,PIK3CB
NONSTEROIDAL ANTIINFLAMMATORY DRUG,PIK3CB
OCTREOTIDE ACETATE,PIK3CG
COUMARIN,PLG
BETAMETHASONE,PRL
NICARDIPINE,PRL
SELECTIVE ESTROGEN RECEPTOR MODULATOR,PRL
TRETINOIN,PTPRZ1
TRETINOIN,SLC2A1
NALTREXONE,TAC1
FUROSEMIDE,TAC1
RECOMBINANT CYTOKINE,TACR1
TRETINOIN,TBP
FULVESTRANT,TFPI
ISOTRETINOIN,TGFB1
ANTISENSE OLIGONUCLEOTIDES,TGFB1
KEYHOLE LIMPET HEMOCYANIN,TGFB1
LACTULOSE,TNF
CYCLOPHOSPHAMIDE ANHYDROUS,TNFRSF1A
ANTIOXIDANT,VDR
VALSPODAR,VDR
RECOMBINANT CYTOKINE,VHL
SELECTIVE CYTOKINE INHIBITORY DRUG CC-1088,VEGFA
BENZENE,NQO1
DULOXETINE HYDROCHLORIDE,NCAM1
HYDROCHLOROTHIAZIDE,REN
NERATINIB,ERBB2
ERLOTINIB,ERBB2
SPARTEINE,CYP2D6
OLANZAPINE,ADRB3
ELTROMBOPAG,F5
CYPROTERONE,NR1I2
VALPROIC ACID,LEPR
DOCETAXEL ANHYDROUS,NR1I2
GLYBURIDE,NR1I2
DOXORUBICIN HYDROCHLORIDE,NR1I2
ARTEMISININ,NR1I2
ETONOGESTREL,NR1I2
TROGLITAZONE,NR1I2
ARSENIC TRIOXIDE,MT1A
MITOMYCIN,ABCB1
FLUVASTATIN,ABCG2
CERIVASTATIN,RYR2
MORICIZINE HYDROCHLORIDE,SCN2A
CETUXIMAB,NRG1
CANNABIDIOL,AOC1
RASAGILINE,DRD2
MONOAMINE OXIDASE INHIBITOR,AKT1
HYDROCHLOROTHIAZIDE,CSK
RUCAPARIB,BRCA2
MARAVIROC,CCR5
OXALIPLATIN,TP53
SORAFENIB,KDR
ERLOTINIB,ERBB4
ERLOTINIB,MET
ERLOTINIB,CYP1A2
ERLOTINIB,NUP62
TORSEMIDE,ACE
CYSTEAMINE HYDROCHLORIDE,CFTR
GEMCITABINE,SLC29A2
SONEDENOSON,ADORA2A
VALPROIC ACID,XBP1
HYDRALAZINE / ISOSORBIDE DINITRATE,GNB3
FULVESTRANT,ESR1
SORAFENIB,FLT4
CHEMBL:CHEMBL459729,FGFR1
SORAFENIB,MAPK8
PENICILLIN G POTASSIUM,HLA-B
SORAFENIB,VEGFA
MONTELUKAST SODIUM,LTC4S
MIRANSERTIB,AKT1
CAPECITABINE,ZMIZ1
CAPECITABINE,PPARD
GEMCITABINE,CDSN
FLUVASTATIN,HLA-DRB1
TREMELIMUMAB,CD274
RANIBIZUMAB,CXCL8
ANHYDROUS TACROLIMUS,IL2
ANTIHYPERTENSIVE AGENT,NOS3
OLANZAPINE,SLC1A1
MONOAMINE OXIDASE INHIBITOR,COMT
DAUNORUBICIN LIPOSOMAL,SOD2
MONOAMINE OXIDASE INHIBITOR,SLC6A4
DOXORUBICIN HYDROCHLORIDE,IGHMBP2
INTERFERON ALFA-2B,FTO
CANGRELOR,P2RY12
DOCETAXEL ANHYDROUS,ERBB3
CERITINIB,ALK
INFIGRATINIB,FGFR2
TIVOZANIB,FLT4
TOSEDOSTAT,ANPEP
GANETESPIB,HSP90AA1
C-MET INHIBITOR MK2461,MET
S-3304,MMP9
PI3K INHIBITOR BGT226,MTOR
BELAGENPUMATUCEL-L,TGFB2
BEXAROTENE,RXRA
HALETHAZOLE,GMNN
TSP-1 MIMETIC FUSION PROTEIN CVX-045,THBS1
BINIMETINIB,MAP2K1
BAZEDOXIFENE,ESR1
AUTOLOGOUS PROSTATE CANCER ANTIGEN-EXPRESSING DENDRITIC CELL VACCINE BPX-101,CD40
CANGRELOR,P2RY12
CHF 4227,ESR1
CHF 4227,ESR2
DENENICOKIN,IL21R
METHYLPHENIDATE HYDROCHLORIDE,SLC6A3
DEXANABINOL,GRIN2A
DEXLOXIGLUMIDE,CCKAR
DERSALAZINE,TNF
LENVATINIB,FGFR1
ETAZOLATE,GABRA3
LENVATINIB,KDR
ETAZOLATE,PDE4B
EPINASTINE,HRH1
EPTIFIBATIDE,ITGA2B
HEPARIN,F10
GSI-136,APH1A
GSI-136,PSEN2
HUMANIZED SMART ANTI-IL-12 ANTIBODY,IL12B
SPIRONOLACTONE,NR3C2
INCB3284,CCR2
BISEGLIPTIN,DPP4
ENOXAPARIN SODIUM,F2
ZICRONAPINE,DRD4
LUMIRACOXIB,PTGS2
OCINAPLON,GABRA1
OCINAPLON,GABRG3
OSPEMIFENE,ESR2
OTAMIXABAN,F10
RIVASTIGMINE,ACHE
SAPROPTERIN,TPH1
TAMIBAROTENE,RARB
PILOCARPINE HYDROCHLORIDE,CHRM1
THALIDOMIDE,PTGS2
TST10088,MMP9
WX-UK1,PLAU
TESEVATINIB,KDR
FORETINIB,MET
CAFFEINE,PDE4B
BUTALBITAL,CHRNA7
CILAZAPRIL,ACE
DRONEDARONE,ADRA1A
DRONEDARONE,ADRB1
PHENOBARBITAL,GRIK2
PHENOBARBITAL,GRIA1
PHENOBARBITAL,GRIA2
PRAZEPAM,GABRA1
PRAZEPAM,GABRG3
PROPIOMAZINE,HRH1
TAMOXIFEN,ESR1
SULINDAC,PTGS1
ALITRETINOIN,RARG
MARAVIROC,CCR5
NABILONE,CNR2
DROTRECOGIN ALFA,F5
ASTEMIZOLE,GMNN
PENTOSAN POLYSULFATE,FGF1
EVEROLIMUS,MTOR
SORAFENIB,FLT4
BUTABARBITAL,GABRA3
CHLORDIAZEPOXIDE,GABRG3
CLOTIAZEPAM,GABRA3
DESIPRAMINE,SLC6A4
DEXFENFLURAMINE,SLC6A4
DECITABINE,DNMT1
DESIPRAMINE,CHRM1
ALDESLEUKIN,IL2RA
GLYCOPYRRONIUM,CHRM1
GEMFIBROZIL,PPARA
METHYLHOMATROPINE,CHRM1
LAPATINIB,EGFR
MELOXICAM,PTGS2
PHENYLBUTAZONE,PTGIS
ELACESTRANT,ERBB2
PERPHENAZINE,DRD1
PHYSOSTIGMINE,ACHE
PRASUGREL,P2RY12
ROSUVASTATIN,HMGCR
ROPINIROLE,DRD3
SERTINDOLE,ADRA1D
TERBUTALINE,ADRB2
UROFOLLITROPIN,FSHR
ZALEPLON,GABRA1
TOPICAL POTASSIUM DOBESILATE,FGFR1
ASP7991,CASR
IZENCITINIB,PTK2B
OTILIMAB,CSF2
UPADACITINIB,PTK2B
TISLELIZUMAB,PDCD1
PEFICITINIB,PTK2B
LENZILUMAB,CSF2
FOSTAMATINIB DISODIUM,SYK
XL-820,PDGFRB
JNJ-26483327,EGFR
XL-820,KDR
JNJ-26483327,LYN
GOLOTIMOD,STAT3
IL-21,IL21
RONICICLIB,CDK1
INOSINE 5'-MONOPHOSPHATE DEHYDROGENASE INHIBITOR FF-10501-01,CTLA4
TIAGABINE HYDROCHLORIDE,SLC6A1
DISITERTIDE,TGFB1
BRIMONIDINE,ADRA2A
NBQX,GRIK1
INCADRONIC ACID,FDPS
INCYCLINIDE,MMP2
ISOFLUROPHATE,ACHE
PICLAMILAST,PDE4B
GALLOPAMIL,ACE
ACITRETIN,STAT3
NBQX,GRIA1
PROPIOMAZINE,HRH1
ANTI-THYMOCYTE GLOBULIN,CD1A
CANERTINIB DIHYDROCHLORIDE,ERBB2
METHYPRYLON,GABRA1
GLIMEPIRIDE,ABCC8
GUAIACOL,CA2
TRAVOPROST,PTGFR
GABEXATE,TFF2
ACETAMINOPHEN,SLC6A4
TOCILIZUMAB,IL6R
KW-2478,HSP90AA1
BI-505,ICAM1
EMACTUZUMAB,CSF1R
FRUQUINTINIB,FLT4
AV-203,ERBB3
RAMUCIRUMAB,KDR
CLOTIAZEPAM,TSPO
GUADECITABINE,DNMT1
LUTIKIZUMAB,IL1B
RISLENEMDAZ,GRIN2B
DOSTARLIMAB,PDCD1
AUNP-12,PDCD1
DIMDAZENIL,GABRA1
CLOBETASOL,PLA2G1B
TAREXTUMAB,NOTCH3
CETIRIZINE HYDROCHLORIDE,HRH1
ABT-126,CHRNA7
ASG-5ME,SLC44A4
IBUTILIDE,CALCA
TIFENAZOXIDE,ABCC8
BAY-1082439,PIK3CB
ANTI-MET/EGFR MONOCLONAL ANTIBODY LY3164530,EGFR
DINOPROST TROMETHAMINE,PTGIR
MISOPROSTOL,PTGIR
RITUXIMAB,MS4A1
ALVESPIMYCIN HYDROCHLORIDE,HSP90AA1
DALFAMPRIDINE,KCNA1
SELICRELUMAB,CD40LG
VIDUTOLIMOD,TLR9
DAZODALIBEP,CD40LG
GR79236,ABCA1
GANITUMAB,IGF1R
NAVITOCLAX,BCL2L2
TAMIBAROTENE,RARB
HIRUDIN,F2
DONITRIPTAN,A1BG
"GR 125,743",A1BG
RS-30199,A1BG
CHLORPROMAZINE,A1BG
HARMINE HYDROCHLORIDE,NFE2L2
PERGOLIDE,A1BG
PIPAMPERONE,A1BG
METITEPINE,A1BG
[3H]N-METHYL-AZ10419369,A2M
PERGOLIDE,A2M
DIMETHYLTRYPTAMINE,A2MP1
[3H]5-CT,A2MP1
DONITRIPTAN,A2MP1
ERGOTAMINE,A2MP1
ASTEMIZOLE,CYP2D6
YM348,HTR2C
S 16924,HTR2C
LISURIDE,HTR2C
ERGOTAMINE,NAT2
CYAMEMAZINE,SERPINA3
FLUMBATINIB,ABL1
ABT702,CCR2
COMPOUND 12C [PMID: 16516466],DES
NOTCH SIGNALING PATHWAY INHIBITOR MK0752,NOTCH1
A-119637,ABCB7
5-METHYLURAPIDIL,ABCB7
PILAVAPADIN,AAK1
XANTHINE AMINE CONGENER,ABCA1
PSB-10,ABCA1
FK-453,ABCA2
CYCLOPENTYLADENOSINE,ABCA2
PSB603,ABCA2
TRODUSQUEMINE,PTPN1
TOZASERTIB,EEF2
ZALOSPIRONE,HTR1A
ONTERNABEZ,CNR2
HU-210,CNR2
GV150013,CCKBR
[3H]SUMATRIPTAN,A2M
AM-630,CNR2
FLU-CCL3,ACTA1
AZD1678,CCR4
EPCORITAMAB,GLRA2
MW05,ELANE
ROXINDOLE,ALDH1A1
NPPB,TSPO
ZOLBETUXIMAB,GRIN2A
ONATASERTIB,DPYD
GW406381,CPT1B
PEPTIDE 30 [PMID: 27019010],CPT1B
CORTICOTROPIN-RELEASING FACTOR,ALAS2
&ALPHA;-HELICAL CRF,ALAS2
NBI27914,ALAS2
ADRENOMEDULLIN 2/INTERMEDIN,ACHE
CT-(8-32) (SALMON),ACHE
FLUFENAMIC ACID,C3
FLUFENAMIC ACID,C3AR1
ABX-1431,MAPK14
CA2+,GJB1
FLUFENAMIC ACID,C5AR1
OCTANOL,C5AR1
TCDD,TDO2
TRANYLCYPROMINE,CP
P'-GERANYL 2-FLUOROMEVALONATE 5-DIPHOSPHATE,BLMH
C-MET INHIBITOR AMG 337,MET
ZK118182,APOB
ECOPIPAM HYDROCHLORIDE,ALCAM
FLUPENTHIXOL,ALCAM
PERGOLIDE,ALCAM
HALOPERIDOL DECANOATE,ALCAM
MESORIDAZINE,ALCAM
CHLORPROMAZINE,ABCD1
[3H]7-OH-DPAT,ABCD1
MESORIDAZINE,ABCD1
CHLORPROTHIXENE,ABCD1
HALOPERIDOL DECANOATE,ABCD1
A412997,ALDH2
PERGOLIDE,ALDH2
PANITUMUMAB,DXO
COMPOUND 1 [PMID: 20080612],APOC1
MRE-269,APOC1
[3H]NITROBENZYLMERCAPTOPURINE RIBONUCLEOSIDE,CHI3L2
DRAFLAZINE,CHI3L2
NITROBENZYLMERCAPTOPURINE RIBONUCLEOSIDE,CHI3L2
KF24345,CHI3L2
COMPOUND 9 [PMID: 26006010],ERBB4
DAIDZEIN,BDKRB2
AFIMOXIFENE,BDKRB2
OSPEMIFENE,ESR2
DIETHYLSTILBESTROL,BDKRB1
JNJ1661010,CRMP1
NE58027,BLVRA
[35S]TBPS,ARNT
FASUDIL,LRRK2
[2-(3-DIBENZOFURAN-4-YL-PHENYL)-1-HYDROXY-1-PHOSPHONO-ETHYL]-PHOSPHONIC ACID,CXCR5
HM01,ALOX15
TIRZEPATIDE,ALPI
GLUCAGON-LIKE PEPTIDE 1-(7-37),ALPL
BETP,ALPL
LONIDAMINE,NFE2L2
CISPLATIN,ANPEP
L701324,GRIN2A
SELFOTEL,GRIN2A
CX1739,GRIA1
BMS-863233,CDC7
LEI-401,CRK
COMPOUND 15 [PMID: 24900237],DPEP1
CA2+,ITPR1
THEAFLAVIN-3′-O-GALLATE,BRCA2
JAK3 INHIBITOR 32,EPHB1
COMPOUND 19A [PMID: 24359159],EPHB1
GDC-0214,EPHB1
BMS-911543,EPHB1
OCLACITINIB,EPHB1
BIIB068,EPHB2
COMPOUND 13AC [PMID: 33256400],EPHB2
ORANTINIB,DRD2
RESENCATINIB,DRD2
MINOXIDIL,KCNJ8
SWE101,CPT1B
VPC32183,BIN1
COMPOUND 15A [PMID: 32069401],ETFB
ONATASERTIB,ETFB
XL388,ETFB
AMIVANTAMAB,DRD4
AMG-337,DRD4
GUMARONTINIB,DRD4
PHA-665752,DRD4
"COMPOUND 16D [TAO ET AL., 2009]",ERCC4
D-AP4,GRM8
DEXFOSFOSERINE,GRM8
CRIZOTINIB,MET
RS 39066,MMP7
(R)-ND-336,DBT
LUZINDOLE,ANK3
ALVIMOPAN ANHYDROUS,APOF
AT-076,APOF
OREXIN-A,APBB1
OREXIN-B,APBB1
NAG 26,APBB1
TICAGRELOR,APEX1
ARL66096,APEX1
MRS2950,APBB2
UDP N-ACETYL-GLUCOSAMINE,BIRC3
COMPOUND 2Q [PMID: 30986068],F7
ECF309,F7
LEUCETTINE L41,F9
UZANSERTIB,F9
TOCERANIB,DPP4
MT47-100,CYP1A2
BALANOL,CTAA1
NIK SMI1,CTF1
RIPK2 INHIBITOR 8,RIPK2
CCG-4986,GP1BA
RO 40-6055,BCHE
MINIMISED RELAXIN-3 ANALOGUE 3,APRT
R3/I5- SMBIT,APRT
BD-1063,SIGMAR1
IRBESARTAN,CD40LG
"L-362,855",FAS
[D-TYR8]CYN 154806,FASLG
ANALOG 30 [PMID:18543899],FASLG
VELDOREOTIDE,AQP1
"L-362,855",AQP1
CRX-555,TLR4
RN1734,TRPV4
COMPOUND 13AC [PMID: 33256400],TYK2
ATOSIBAN,AR
[3H]NELIVAPTAN,AR
SARACATINIB,FKBP1AP3
CARBOPLATIN,TP53
PICTILISIB,ERBB2
CAPMATINIB,MET
MULTIKINASE INHIBITOR AEE788,EGFR
URACIL,DPYD
TAREXTUMAB,NOTCH3
CLK INHIBITOR CTX-712,SRSF2
OSIMERTINIB,ALK
BEVACIZUMAB-AWWB,ALK
TALAZOPARIB,ATM
BINIMETINIB,ATM
AXITINIB,CD274
BEVACIZUMAB-AWWB,CD274
TREMELIMUMAB,CD274
I-BET151,DNMT3A
PAZOPANIB,FGFR1
MEK INHIBITOR RO4987655,FGFR1
VOFATAMAB,FGFR3
REGORAFENIB,FGFR3
FGFR/CSF-1R INHIBITOR 3D185,FGFR3
PALBOCICLIB,PIK3CA
PACLITAXEL,PIK3CA
UPROSERTIB,PIK3CA
GSK126,PIK3CA
BORTEZOMIB,PIK3CA
PACLITAXEL,RB1
IPILIMUMAB,TP53
JQ1,TP53
DACTINOMYCIN,EHMT2
PD166285,TP53
ACALABRUTINIB,TP53
NAPABUCASIN,TP53
PALBOCICLIB,TP53
COMBRETASTATIN A4,TUBB4A
ADENOSINE,SLC28A1
CHEMBL:CHEMBL26886,ALDH1A1
CHEMBL:CHEMBL1256916,CYP2D6
KUSHENOL A,BACE1
MITOMYCIN,IL1A
PAZOPANIB,VHL
CAMPTOTHECIN,CDK4
CHEMBL:CHEMBL1503190,SMAD3
PUQUITINIB,PIK3CG
SANGUINARIUM,ATXN2
TAK-715,FLT4
[3H]RAUWOLSCINE,AOC1
VALPROIC ACID,OTC
CHEMBL:CHEMBL77387,HPGD
DEXAMETHASONE,JUNB
NITROVIN,HTT
DAUNORUBICIN LIPOSOMAL,MTHFR
[3H]AZIETOMIDATE,GABRG3
CALCDPWW,SNCA
DENINTUZUMAB,CD19
OMIPALISIB,PTEN
JNK INHIBITOR VIII,RPS6KB1
BUCILLAMINE,HLA-DQB1
INTERFERON BETA-1A,IFNAR2
TESTOSTERONE PROPIONATE,CALCA
CAMOTESKIMAB,IL18
DIMETHYL SULFOXIDE,FCGR3B
WJYK50,SMPD1
CHEMBL:CHEMBL598663,EHMT2
HIV-TAT,ACTG1
2-ACETYLAMINOFLUORENE,NFE2L2
CLOMIPRAMINE,PPARD
PYRITHIONE ZINC,HTT
BINIMETINIB,MAP2K2
CHEMBL:CHEMBL1334191,MAPT
REGORAFENIB,MAP2K1
MILNACIPRAN HYDROCHLORIDE,SLC6A4
KENPAULLONE,LYN
CHEMBL:CHEMBL198759,SMN1
MAVORIXAFOR,CXCR4
BORTEZOMIB,HSPB2
L-21649,KDR
NE10575,BLVRA
ALLYLESTRENOL,ESR1
FERROUS SULFATE,CYP2D6
"HER2 INHIBITOR CP-724,714",ERBB3
ACETAMINOPHEN,FAAH
MIRIKIZUMAB,IL12B
ASTRAGALIN,P4HB
PROPARGITE,RXRA
2-ARACHIDONOYLGLYCEROL,CNR2
LEVOBUNOLOL,ADRB1
THERAPEUTIC AUTOLOGOUS LYMPHOCYTES,IFNG
TNF-ALPHA,IFI27
AMI-1,PRMT1
CHEMBL:CHEMBL582715,TP53
"9,10-PHENANTHRENEQUINONE",SMAD3
BMS-777607,MET
TRICHOSTATIN A,HDAC4
PEGPLERANIB SODIUM,KDR
THIOGUANINE,GDA
LEVOTHYROXINE,THRB
HESPERADIN,CSF1R
OLAPARIB,PARP1
LARGAZOLE,RB1
DEFERIPRONE,EHMT2
METHYLTHIONINIUM CHLORIDE,AR
MK-2206,FKBP2
PROGESTERONE,PTEN
IC261,NCSTN
MELAGATRAN,F10
ETHINYL ESTRADIOL,CYP2D6
GLYBURIDE,ESR1
LABETALOL,CYP2D6
BENZPHETAMINE,ADRA1A
TROPISETRON,CYP2D6
COMPSTATIN,C3
EPINEPHRINE,MAPT
TREPROSTINIL,APOC3
EMODIN,MAPT
DAUNORUBICIN LIPOSOMAL,EHMT2
AURINTRICARBOXYLIC ACID,FEN1
CALCIMYCIN,SMAD3
BROXURIDINE,SERPINE1
GEMCITABINE,ALOX5AP
NUSINERSEN,SMN2
TIOSPIRONE,A1BG
CHEMBL:CHEMBL1077603,CYP19A1
CEP-2563,PRKCQ
COMBRETASTATIN A4,MAPK1
FRAXINE,KAT2A
LY-2874455,FGFR3
CHONDROITIN SULFATES,SPP1
"TRIS(2,3-DIBROMOPROPYL)PHOSPHATE",NFE2L2
CORTICOTROPIN,TGM2
HYDROCHLOROTHIAZIDE,ALDH1A2
VORICONAZOLE,FMO3
DMCM,GABRA1
CORYNEBACTERIUM GRANULOSUM P40,IFNA1
DEXMETHYLPHENIDATE,SLC6A3
CARBAMAZEPINE,SCN2A
CHEMBL:CHEMBL388979,EHMT2
CORYNANTHINE,EHMT2
OXALIPLATIN,CD274
ATX08-001,PPARG
POMIFERIN,MAPT
METITEPINE,A2MP1
PASIREOTIDE,FAS
SB 204741,BRCA1
VINPOCETINE,EHMT2
VER-3323,ATXN2
AZD-1480,STAT5A
TST10088,MMP2
LANIFIBRANOR,PPARG
BUTONATE,AR
RG-1530,JAK2
GONADOTROPIN-RELEASING HORMONE ANALOG,PRL
[3H]5-CT,NAT2
DICLOFENAC SODIUM,CPT1B
CHEMBL:CHEMBL528712,TP53
ABEMACICLIB,CDK6
PIPAMPERONE,A2M
DOVITINIB,FGFR2
MELAGATRAN,PLG
ERGOCORNINE,USP1
PD-360324,CSF1R
CLOMIPRAMINE,CYP1A2
INTERFERON GAMMA-1B,IFNGR2
VIGABATRIN,ABAT
AMSACRINE,DRD1
ANTI-THYMOCYTE GLOBULIN,CD1A
BUPIVACAINE,FGF6
RALTITREXED,DHFR
BIAFINE CREAM,IL6
LOPERAMIDE,TP53
DEXPROPRANOLOL,CYP2D6
TERFENADINE,CXCL8
PIRARUBICIN,MYCN
TRIMETHOPRIM/SULFADOXINE,APBB1
FERRITARG P,FTH1
ANAZOLENE,USP1
CHEMBL:CHEMBL582983,SMAD3
CEDIRANIB,FLT4
BRORPHINE,APOF
ALK/TRK INHIBITOR TSR-011,ALK
PF-562271,KDR
CALCIUM CHANNEL BLOCKER,SLC2A4
CLOTIAZEPAM,GABRA1
MEFLOQUINE,ABCA1
MMP13 TRACER  [18F]5J,DCN
NILUTAMIDE,KLK3
RADRETUMAB,FN1
SF1126,PIK3R1
RABEPRAZOLE,TNF
DIFLORASONE DIACETATE,ANXA1
MECHLORETHAMINE,NOS1
SORAFENIB,NTRK1
REMIFENTANIL HYDROCHLORIDE,COMT
OXCARBAZEPINE,SCN2A
RANOLAZINE,ABCB1
ISOFLUROPHATE,ACHE
CHEMBL:CHEMBL443949,NFE2L2
MUSCLE RELAXANT,AGTR1
NEBENTAN,EDNRA
TECALCET HYDROCHLORIDE,CASR
AMPEROZIDE HYDROCHLORIDE,AR
CHEMBL:CHEMBL1310701,EHMT2
PSORALEN,HSD17B10
OXAPROZIN,PTGS2
2-METHOXYESTRADIOL,HIF1A
PATRITUMAB,EGFR
FLUDARABINE,ATM
AZOCYCLOTIN,VDR
DECAVANADATE,ITPR1
IMATINIB,SLC2A4
COCAINE,DRD1
BARICITINIB,EPHB2
ALLYL ISOTHIOCYANATE,PTPN1
LY503430,GRIA3
CHEMBL:CHEMBL1255944,KAT2A
IMIQUIMOD,TLR7
SUNITINIB,PDGFRB
MECLIZINE,CYP2D6
PTC299,VEGFA
BECLOMETHASONE,CYP2D6
[125I]EYF,ANXA1
METFORMIN,MAP2K1
CAMPTOTHECIN,TGM2
PETESICATIB,CTSS
FLAVOXATE,CHRM1
DEXFENFLURAMINE,LTB4R
PROPYLTHIOURACIL,CYP1A2
DROXIDOPA,ADRB3
PIOGLITAZONE HYDROCHLORIDE,PPARG
[3H]GASTRIN,CCKBR
VEGFD,DRD3
MIRTAZAPINE,HTR1A
CHEMBL:CHEMBL376616,CASP3
CYCLIC ADENOSINE MONOPHOSPHATE,DRD1
GESTRINONE,ESR1
CA2+,C3
CERITINIB,ALK
DS69910557,XIAP
PETROSIOL A,PDGFRB
BASS ANTAGONIST,FASLG
ERUCIN,TRPA1
ACEPROMAZINE,CYP2D6
2-BROMOETHANOL,NFE2L2
ATROPINE SULFATE,CHRM3
XL-418,AKT3
TRYPTAMINE,A2MP1
TILARGININE,PTH
GLYCYRRHETINIC ACID,SERPINE1
GW1929,HIF1A
ANTISENSE OLIGONUCLEOTIDES,LRP1
METRAZOLINE OXALATE,EHMT2
BATEFENTEROL,ADRB2
CLOTIAZEPAM,GABRA3
VRC-01LS,CD4
DAUNORUBICIN LIPOSOMAL,HDAC3
ALTEPLASE,ITGA2B
TOMUZOTUXIMAB,EGFR
IRINOTECAN HYDROCHLORIDE,GSTP1
[125I]EXENDIN-(9-39),ALPL
STIROFOS,NFE2L2
ISOPROPAMIDE IODIDE,CHRM1
ENFLURANE,KCNMA1
[3H]CPP,GRIN2B
ZAPA,HPGD
CLOPIDOGREL,CYP1A2
CHEMBL:CHEMBL297304,PLK1
DEQUALINIUM,HIF1A
SIB-1757,NPC1
DOXEPIN HYDROCHLORIDE,CYP1A2
RUCAPARIB,CYP1A2
NINTEDANIB ESYLATE,SLC26A3
NIVOCASAN,CASP1
ABIRATERONE ACETATE,SRD5A2
HEXOBARBITAL,GABRA1
VEGF RECEPTOR TYROSINE KINASE INHIBITOR III,DRD2
SERABELISIB,PIK3CB
ILORASERTIB,JAK2
CHEMBL:CHEMBL139935,GAPDH
PIRMENOL,XK
ACETYLCYSTEINE,VWF
CAPLACIZUMAB-YHDP,VWF
NIACINAMIDE,SIRT1
APIXABAN,F10
MIRIPIRIUM,USP1
METERGOLINE,GMNN
PHENOBARBITAL,CYP2B6
CHEMBL:CHEMBL1374370,STAT6
COLCHICINE,IL18
MINNELIDE,HSPA1A
TRICHOSTATIN A,HDAC8
TALIBEGRON HYDROCHLORIDE,ADRB3
CANERTINIB,ERBB2
CHLORPROMAZINE,MTHFR
ISOPROPYL ISOTHIOCYANATE,TRPA1
CHEMBL:CHEMBL458855,PTPN1
ONC201,DRD2
MONTELUKAST SODIUM,ABCC9
INCLACUMAB,SELPLG
CHEMBL:CHEMBL31020,PPARD
BELINOSTAT,HDAC6
ROFECOXIB,PTGS2
TALAMPANEL,GRIA1
CHELIDAMIC ACID,EHMT2
CHEMBL:CHEMBL1513392,CYP2D6
TOPIRAMATE,GABRA1
TAK-632,DPP6
PRN1371,FGFR1
CHEMBL:CHEMBL546257,POLB
CHEMBL:CHEMBL448753,LHCGR
CHEMBL:CHEMBL381625,GABRA3
CHEMBL:CHEMBL1436543,SIRT1
HEPTACHLOR,CXCL8
[3H]AMPA,GRIA3
MAVORIXAFOR,CXCR4
NOREPINEPHRINE BITARTRATE,ADRB2
BI-505,ICAM1
OCEDURENONE,NR3C2
TASELISIB,F5
OCLACITINIB,TYK2
CHEMBL:CHEMBL1310701,GMNN
PROGESTERONE,ATP7A
MBX-8025,PPARD
LONDAMOCITINIB,EPHB2
[67GA]NODAGA-[TYR3]OCTREOTIDE,FASLG
PREDNISONE,ABCB1
SN-38,HDAC3
OLVANIL,CYP2D6
CLOFIBRATE,CYP2D6
BOPINDOLOL,ADRB3
PERFOSFAMIDE,TGM2
JNJ-26483327,ERBB2
ROTENONE,RXRA
CONTEZOLID ACEFOSAMIL (PARENT),PLA2G1B
SIROLIMUS,PTEN
INFIGRATINIB,FGFR2
CHEMBL:CHEMBL609030,ALDH1A1
CERALASERTIB,ATM
TAMOXIFEN,ESR1
ANASTROZOLE,ESR1
ANASTROZOLE,ERBB2
DESIPRAMINE,NEFM
PANITUMUMAB,MET
MERCAPTOPURINE,TPMT
SCOPOLAMINE,CHRM1
BIPERIDEN LACTATE,CHRM1
LEVOBUNOLOL,ADRB1
VANDETANIB,RET
CINACALCET HYDROCHLORIDE,CASR
IMIPRAMINE PAMOATE,SLC6A4
VILAZODONE HYDROCHLORIDE,HTR1A
SAXAGLIPTIN HYDROCHLORIDE,DPP4
INSULIN ZINC SUSP PROMPT PURIFIED PORK,INSR
INSULIN GLARGINE-YFGN,INSR
S6716,UTS2R
DOXYCYCLINE ANHYDROUS,MMP1
DOXYCYCLINE ANHYDROUS,MMP8
DOXYCYCLINE ANHYDROUS,MMP8
ISOPROTERENOL SULFATE,ADRB2
CARVEDILOL,ADRB3
SULINDAC,PTGS1
OXAPROZIN,PTGS1
PHENTOLAMINE MESYLATE,ADRA1A
PINACIDIL,ABCC9
SORAFENIB,KDR
COLLAGENASE CLOSTRIDIUM HISTOLYTICUM-AAES,COL6A1
COLLAGENASE CLOSTRIDIUM HISTOLYTICUM-AAES,COL2A1
BORTEZOMIB,PSMB9
VANDETANIB,ERBB4
OXAZEPAM,GABRG3
ENFLURANE,GABRG3
DASATINIB ANHYDROUS,BLK
GABAPENTIN,CACNG2
GABAPENTIN,CACNA1S
ROPIVACAINE HYDROCHLORIDE,SCN8A
ARTICAINE HYDROCHLORIDE,SCN2A
LACOSAMIDE,SCN7A
LABETALOL HYDROCHLORIDE,ADRB2
EPINEPHRINE,ADRB2
LABETALOL HYDROCHLORIDE,ADRB3
MEPHENTERMINE SULFATE,ADRB1
MEPHENTERMINE SULFATE,ADRB3
MEPHENTERMINE SULFATE,ADRB2
APOMORPHINE,DRD3
PROMAZINE HYDROCHLORIDE,DRD2
CERITINIB,ALK
LUMACAFTOR,CFTR
BAY-1082439,PIK3CB
JNJ-26483327,ERBB2
GSK-610677,MAPK14
JNJ-26483327,LYN
ME-344,NDUFV2
TUCATINIB,ERBB2
TAK-285,ERBB2
TEMANOGREL,HTR2A
PUQUITINIB,PIK3CB
CEP-2563,PRKCA
PUQUITINIB,EGFR
CEP-2563,PRKCG
BAY1217389,TTK
DIACETYLRHEIN,IL1B
SELICICLIB,CDK1
APITOLISIB,PIK3CD
TASELISIB,PIK3CA
LADARIXIN,CXCR2
CISPLATIN,KRT20
RISLENEMDAZ,GRIN2B
ABT-126,CHRNA7
VIXOTRIGINE,SCN9A
TEZACAFTOR,CFTR
PSEUDOEPHEDRINE,ADRA1A
AMA0076,ROCK1
MIBAMPATOR,GRIA4
ALVOCIDIB,CDK4
SEMAXANIB,KDR
CUDRAFLAVONE B,RELA
TOSEDOSTAT,ANPEP
ATEZOLIZUMAB,STK11
PASCOLIZUMAB,IL4
ABBV-257,TNF
PATECLIZUMAB,LTA
LMB-2,IL2RA
ROVELIZUMAB,ITGAL
L19SIP 131I,FN1
NAVEGLITAZAR,PPARA
SCH-708980,IL10
DEXFENFLURAMINE HYDROCHLORIDE,HTR1A
DILEVALOL HYDROCHLORIDE,ADRB1
ENCAINIDE HYDROCHLORIDE,SCN9A
FENCLOFENAC,PTGS1
LUMIRACOXIB,PTGS2
NITREFAZOLE,ADH7
NITREFAZOLE,ADH4
VANUCIZUMAB,VEGFA
EMACTUZUMAB,CSF1R
CLOTIAZEPAM,GABRA1
TERODILINE HYDROCHLORIDE,CACNG4
CDP-484,IL1B
MIDAZOLAM HYDROCHLORIDE,GABRG3
AMIFAMPRIDINE PHOSPHATE,KCNA1
TAMIBAROTENE,RARB
BELANTAMAB MAFODOTIN-BLMF,TUBB4B
BELANTAMAB MAFODOTIN-BLMF,TUBA4A
CHEMBL:CHEMBL338314,EHMT2
ODRONEXTAMAB,MS4A1
ABT-751,TUBB4B
MARSTACIMAB,TFPI
OGLEMILAST,PDE4B
NAVTEMADLIN,TP53
EXALUREN,RPS27
EXALUREN,RPL5
EXALUREN,RPL6
DESIPRAMINE,HTR1A
SGS-742,GABBR1
BIIB021,HSP90AA1
AMITIFADINE,SLC6A3
AMITIFADINE,SLC6A4
"4-{2-[(7-AMINO-2-FURAN-2-YL[1,2,4]TRIAZOLO[1,5-A][1,3,5]TRIAZIN-5-YL)AMINO]ETHYL}PHENOL",ABCA2
FILANESIB,KIF11
TELAZORLIMAB,TNFRSF4
ABEXINOSTAT,HDAC9
MK-4280,LAG3
LACUTAMAB,KIR3DL2
PABINAFUSP ALFA,TFRC
ZIPALERTINIB,EGFR
N-ARACHIDONOYLGLYCINE,APEX1
SARPOGRELATE,HTR2A
COFORMYCIN,ADA
AEE788,KDR
TIRZEPATIDE,GIPR
BUCINDOLOL HYDROCHLORIDE,ADRA1A
MOBOCERTINIB,EGFR
PRALUZATAMAB RAVTANSINE,ALCAM
DOVITINIB,CFLAR
ACADESINE,PRKAG2
OMAVELOXOLONE,NFE2L2
BAZLITORAN,TLR9
SATAVAPTAN,AR
"INSULIN ZINC, EXTENDED",INSR
ENPATORAN,TLR7
TALETRECTINIB,NTRK2
RUCAPARIB,BRCA2
IMMUNOSUPPRESSANT,FCGR3A
OLAPARIB,BRCA1
MIRDAMETINIB,NF1
BINIMETINIB,NF1
ERLOTINIB,PTEN
MIANSERIN,HSPA5
DIMETHYLCURCUMIN,ERBB3
DACTOLISIB,PIK3CG
RG-1530,PRKAA1
2-MERCAPTOBENZOTHIAZOLE,NFE2L2
GAMMA-INTERFERON,BCL2
CHEMBL:CHEMBL1362503,VDR
MESALAMINE,HSD17B10
SNS-314,CAMK2G
TIROFIBAN,ITGB3
PYRIMETHAMINE,AR
NEFLAMAPIMOD,MAPK14
BENZYL ISOTHIOCYANATE,ALDH1A1
LEVODOPA,DRD1
CHEMBL:CHEMBL421215,MAPK1
PHYSODIC ACID,PLK1
APIOL,ALOX15
CHLOROTRIANISENE,AR
CHEMBL:CHEMBL602126,GMNN
PENTOSALEN,PLK1
METHOTREXATE,POLB
"9,10-PHENANTHRENEQUINONE",MAPT
CHEMBL:CHEMBL164449,VDR
CHLORPYRIFOS,PLK1
(S)-FTY720P,S1PR1
CHRYSOPHANOL,NFE2L2
PYRIMETHAMINE,HEXA
CHEMBL:CHEMBL1256984,EHMT2
MEMANTINE HYDROCHLORIDE,GRIN2A
MEMANTINE HYDROCHLORIDE,GRIN1
BIFONAZOLE,AR
"AMMONIA SOLUTION, STRONG",THRB
HESPERADIN,IGF1R
AURINTRICARBOXYLIC ACID,APEX1
CHEMBL:CHEMBL598663,GAA
OXYQUINOLINE SULFATE,AR
CHEMBL:CHEMBL99408,MAPT
COMBRETASTATIN A4,TUBB4B
HISTIDINE,EHMT2
ENCLOMIPHENE,PPARD
4-AMINOPHENOL,AR
THUNBERGINOL B,ALPL
DIPHENYLENEIODONIUM,MTOR
CHEMBL:CHEMBL523200,ALDH1A1
CAPTOPRIL,EHMT2
CHEMBL:CHEMBL1329349,GMNN
MUNDULONE ACETATE,APEX1
CHEMBL:CHEMBL591630,NFE2L2
CHEMBL:CHEMBL235891,GMNN
PROGESTERONE,NFE2L2
SORAFENIB,PTPN6
ERLOTINIB,MET
SORBINIL,RELA
ELLAGIC ACID,EHMT2
DAUNORUBICIN LIPOSOMAL,HDAC6
2-[(FORMYL-HYDROXY-AMINO)-METHYL]-HEPTANOIC ACID [1-(2-HYDROXYMETHYL-PYRROLIDINE-1-CARBONYL)-2-METHYL-PROPYL]-AMIDE,EHMT2
CHEMBL:CHEMBL583555,POLB
SCH-23390,RGS4
CHEMBL:CHEMBL535714,NR1I2
CHEMBL:CHEMBL601605,EHMT2
QUERCETIN,APEX1
PHENYLSTIBONIC ACID,FEN1
SORAFENIB,BLK
CHRYSIN,SMN2
DICHLOROPHEN,RXRA
SB202190,MAPK9
SORAFENIB,KDR
BETANAPHTHOL,NFE2L2
OCHRATOXIN A,TP53
KENPAULLONE,SRC
ERLOTINIB,ERBB4
WB 4101,DRD1
CHEMBL:CHEMBL581910,SMN1
PIOGLITAZONE HYDROCHLORIDE,NFE2L2
PURPURIN,HSD17B10
BENZOTHIAZYL DISULFIDE,ALDH1A1
TRIFLUOPERAZINE,CYP1A2
NARINGIN,EHMT2
INDOPROFEN,HTT
BROMPHENIRAMINE,EHMT2
EPINEPHRINE,APEX1
KANZONOL W,PPARG
PYROGALLOL,CXCL8
GLUTARAL,TP53
MELPHALAN,NFE2L2
CHEMBL:CHEMBL578504,HTT
"2,3-DIHYDROXY-6,7-DICHLOROQUINOXALINE",SMN1
CHEMBL:CHEMBL297304,RXRA
2-IODOACETAMIDE,KAT2A
LAPACHONE,VDR
CHLOROETHYLCLONIDINE,HIF1A
HOMIDIUM,VDR
ERLOTINIB,PKN2
S(+)-APOMORPHINE,VDR
ROTENONE,TP53
SALSOLINOL HYDROBROMIDE,EHMT2
PHYSODIC ACID,WRN
CHEMBL:CHEMBL135561,VDR
DOPAMINE,GAA
BENZO[B]FLUORANTHENE,TP53
TANSHINONE IIA SULFONATE,HSD17B10
CHEMBL:CHEMBL1172228,EHMT2
PIPOXOLAN HYDROCHLORIDE,NFE2L2
HISTAMINE,USP1
CHEMBL:CHEMBL1650245,HDAC6
CHEMBL:CHEMBL1650245,HDAC8
CHEMBL:CHEMBL1521156,AR
MELPHALAN,AR
APOCIDEINE,DRD1
HOMOVANILLIC ACID,ALDH1A1
CORYNANTHINE,CYP2D6
CHEMBL:CHEMBL1521156,SNCA
"5,7-DIMETHOXYISOFLAVONE",SMN2
BORTEZOMIB,PLAT
CHEMBL:CHEMBL602763,VDR
CHEMBL:CHEMBL388979,VDR
NORGESTREL,HSPA5
BORTEZOMIB,PSMB9
BORTEZOMIB,PSMD4
CEFOPERAZONE,CYP2D6
ILORASERTIB,NTRK2
JNK INHIBITOR VIII,MAPK9
PARGYLINE,MAOB
PIRETANIDE,HIF1A
TAMOXIFEN,CYP1A2
CHLORPYRIFOS,NFE2L2
TOPOTECAN HYDROCHLORIDE,AKT1
RO3280,AR
OCHRATOXIN A,NR3C1
E319,EHMT2
SORAFENIB,GMNN
PURPURIN,VDR
PIPLARTINE,ALDH1A1
PANTOPRAZOLE SODIUM,MAPT
AMITRIPTYLINE HYDROCHLORIDE,ALDH1A1
SB-334867,CYP2D6
MANASSANTIN B,HIF1A
HESPERADIN,PRKAA1
KAEMPFERIDE,RELA
SB-334867,CYP1A2
ESOXYBUTYNIN,CYP1A2
CHEMBL:CHEMBL1232076,VDR
PROCHLORPERAZINE,RAD52
CHEMBL:CHEMBL609570,NFE2L2
LAPACHONE,TP53
CHEMBL:CHEMBL1214274,HSD17B10
CHEMBL:CHEMBL602923,EHMT2
CHEMBL:CHEMBL239439,HSD17B10
CHEMBL:CHEMBL1408276,POLB
ENTRECTINIB,JAK2
CHEMBL:CHEMBL1408276,ALPI
ABT-751,TUBB4B
CHEMBL:CHEMBL1493528,CASP3
CHEMBL:CHEMBL502774,NFKB2
LORGLUMIDE SODIUM,FASN
LOBARIC ACID,VDR
CEFACLOR ANHYDROUS,EHMT2
CHEMBL:CHEMBL609438,NFE2L2
PROTOPORPHYRIN,POLB
CHEMBL:CHEMBL530281,SMAD3
PROGESTERONE,TDP1
DIHYDRODAPHNODORIN B,P4HB
BERKELEYACETAL A,CASP1
NOVOBIOCIN,HSP90AA1
MAPROTILINE HYDROCHLORIDE,CYP2D6
TRETINOIN,EHMT2
R-1487,MAPK9
IPCONAZOLE,AR
CALANOLIDE A,GMNN
OXYPHENISATIN,AR
DEMETON S,RXRA
CHEMBL:CHEMBL1333386,GMNN
IDARUBICIN,HTT
PROGESTERONE,ALDH1A1
CHEMBL:CHEMBL449063,GSK3B
ARACHIDONIC ACID,HSD17B10
"PYRROLIDINE DITHIOCARBAMIC ACID, AMMONIUM SALT",HPGD
RALOXIFENE HYDROCHLORIDE,GMNN
CHEMBL:CHEMBL270688,ABCB1
PHENYLSTIBONIC ACID,VDR
TRETINOIN,HIF1A
XANTHOHUMOL,MAPK1
QUININE,AR
CHEMBL:CHEMBL601952,ALDH1A1
DIBENZOYLMETHANE,SMN2
ALPHA-TOCOPHEROL ACETATE,AR
NITROGEN MUSTARD HN-3,NFE2L2
NILE RED,BRCA1
RG-1530,EGFR
VON WILLEBRAND FACTOR,F10
CUMENE HYDROPEROXIDE,ALOX15
DORAMAPIMOD,FLT4
HESPERADIN,PDGFRB
ETHOPROPAZINE HYDROCHLORIDE,TP53
DICHLON,AR
PHENYLHYDRAZINE,IDO1
METHYSERGIDE,EHMT2
TANSHINONE IIA SULFONATE,VDR
AZD-1480,STAT3
MELENGESTROL ACETATE,VDR
SALMETEROL XINAFOATE,EHMT2
PYRITHIONE ZINC,EHMT2
IL-6,NTF3
LADUVIGLUSIB,RPS6KB1
ANDROSTERONE,TARDBP
AMSACRINE,CYP1A2
2'-HYDROXYCHALCONE,EHMT2
CHEMBL:CHEMBL591361,NFE2L2
MESALAMINE,CASP1
PENTABROMOPHENOL,HSD17B10
PIRINIXIC ACID,ALDH1A1
CHEMBL:CHEMBL1479195,CYP1A2
KARANJIN,HSD17B10
FELODIPINE,CACNA1S
TAMOXIFEN,ATXN2
CHEMBL:CHEMBL523200,HPGD
BORTEZOMIB,CTSB
"N-DOCOSATETRA-7,10,13,16-ENOYLETHANOLAMINE",ALDH1A1
RO31-8220,MAPK1
FLUNARIZINE DIHYDROCHLORIDE,GMNN
PHENETHYLISOTHIOCYANATE,MAPK1
PHENETHYLISOTHIOCYANATE,MAPK3
METHYSERGIDE MALEATE,HTR1A
PLUMBAGIN,TP53
SAPPANONE A TRIMETHYL ETHER,MAPT
ARISTOYUNNOLIN A,MAPK1
GW0742X,HPGD
SOY PROTEIN ISOLATE,LDLR
PENTACHLOROPHENOL,GMNN
CHEMBL:CHEMBL598263,SMAD3
L701324,HSD17B10
SB202190,GMNN
DORAMAPIMOD,LYN
CEFACLOR ANHYDROUS,VDR
SB 218795,CYP1A2
CHEMBL:CHEMBL1574420,MAPT
CHEMBL:CHEMBL515252,WRN
3-METHOXYCATECHOL,APEX1
ESOXYBUTYNIN,CYP2D6
CHEMBL:CHEMBL604321,HTT
CHEMBL:CHEMBL523200,FASN
ILORASERTIB,RPS6KB1
PF-04217903,MET
ENTRECTINIB,GRK5
VER-3323,CYP1A2
PLUMBAGIN,RELA
LOBARIC ACID,SAE1
TELENZEPINE,EHMT2
ALEXIDINE DIHYDROCHLORIDE,TP53
RG-1530,MAPK9
CHEMBL:CHEMBL586937,GMNN
CHEMBL:CHEMBL260342,SMN2
PYRENE,HSD17B10
PIPENZOLATE,CYP2D6
RG-1530,PRKCD
CHEMBL:CHEMBL52884,NPC1
METHOTREXATE,HSD17B10
CHEMBL:CHEMBL172988,NFE2L2
QUINALDINE BLUE,THRB
CHEMBL:CHEMBL372629,NPC1
BENZOPHENONE-THIOSEMICARBAZONE,TARDBP
CARUBICIN,THRB
CLOXYQUIN,AR
CHEMBL:CHEMBL581677,ALDH1A1
LEUCINE,RGS4
FLUTAMIDE,EHMT2
CHEMBL:CHEMBL478754,RAD52
"0-HEXYL-1,3-DIAMINE-PLATINUM 2,2-DICHLORIDE",VDR
CHEMBL:CHEMBL2063687,MAPK1
ILORASERTIB,ABL1
ALLOXAZINE,CYP1A2
ENCLOMIPHENE,ATXN2
LAPACHONE,CYP1A2
CHEMBL:CHEMBL1731432,ALPL
AURINTRICARBOXYLIC ACID,KAT2A
RO 40-6055,AR
NAFTIFINE,ATM
SULFADOXINE,CYP1A2
"1,10-PHENANTHROLINE",NFE2L2
DEOXYVASICINONE,WRN
CHEMBL:CHEMBL1362503,KMT2A
CHEMBL:CHEMBL1370674,CASP6
DIOSMIN,POLB
CHEMBL:CHEMBL1707907,WRN
BENZOPHENONE-THIOSEMICARBAZONE,EHMT2
ELLAGIC ACID,MAPK1
CHEMBL:CHEMBL333177,AR
CHEMBL:CHEMBL1588679,MAPT
HESPERADIN,BLK
PHENOTHIAZINE,EHMT2
CAULIBUGULONE C,TP53
CHEMBL:CHEMBL584883,HTT
DIBENZOYLMETHANE,NFE2L2
FLUNISOLIDE ANHYDROUS,CYP2D6
PSB1115,HSD17B10
CHEMBL:CHEMBL421215,CYP1A2
IODOFORM,ALDH1A1
KENPAULLONE,SMAD3
PERVILLEINE F,ABCB1
BIFONAZOLE,ALDH1A1
"9,10-PHENANTHRENEQUINONE",USP1
PROTOPORPHYRIN,FEN1
ENTRECTINIB,PTK2
ENTRECTINIB,PRKCG
PROSULTIAMINE,GMNN
KETOCONAZOLE,CYP2D6
TAMATINIB,PAK4
RALOXIFENE HYDROCHLORIDE,TP53
SNS-314,RPS6KB1
FLUOXETINE HYDROCHLORIDE,CYP2D6
LETROZOLE,ESR1
LAPATINIB,HLA-DQA1
BMS-599626,ERBB4
ALVOCIDIB,CDK4
CI-1040,MAP2K1
CANERTINIB,ERBB2
SELUMETINIB,MAP2K2
TRAMETINIB DIMETHYL SULFOXIDE,MAP2K1
BMS-777607,MET
FORETINIB,MET
ALPELISIB,PIK3CD
ALPELISIB,PIK3R4
APITOLISIB,PIK3CD
GSK-2636771,PIK3R4
SONOLISIB,PIK3CA
SF1126,PIK3CB
ALPELISIB,PIK3R4
BINIMETINIB,MAP2K6
METFORMIN,MTOR
EVEROLIMUS,AKT3
OMIPALISIB,AKT3
OMIPALISIB,PIK3CB
POZIOTINIB,ERBB2
POZIOTINIB,ERBB4
OMIPALISIB,PIK3CD
OMIPALISIB,PIK3CG
LUCITANIB,FLT4
COPANLISIB,PIK3R4
REFAMETINIB,MAP2K6
REFAMETINIB,MAP2K2
DAUNORUBICIN LIPOSOMAL,ABCB1
MARIJUANA,ABCB1
ANTISENSE OLIGONUCLEOTIDES,AGTR1
INDOMETHACIN,AGTR1
NAPROXEN SODIUM,ALB
TRETINOIN,APOA1
THERAPEUTIC CORTICOSTEROID,ANXA1
GINKGO BILOBA EXTRACT,APOE
IMMUNOSUPPRESSANT,APOE
HYDROQUINONE,BCL2
ADAPALENE,BDNF
GENTAMICIN,BDNF
RECOMBINANT CYTOKINE,BDNF
PROTEIN KINASE INHIBITOR,BDNF
POLYSIALIC ACID,BDNF
HYPERBARIC OXYGEN,BDNF
DOCETAXEL ANHYDROUS,BRD4
TETRADECANOYLPHORBOL ACETATE,CAST
ANTIDEPRESSANT AGENT,CAMK2G
DIHYDROTESTOSTERONE,CHAT
INTERFERON BETA,CP
ASCORBIC ACID,CYP19A1
HYDROQUINONE,CYP19A1
THALIDOMIDE,CYP1A2
RECOMBINANT CYTOKINE,CYP1A2
CYCLOPHOSPHAMIDE ANHYDROUS,CYP2B6
SPIRONOLACTONE,CYP7B1
ASCORBIC ACID,DCN
DICLOFENAC SODIUM,DDIT3
MITOMYCIN,DHFR
MITOXANTRONE,DNMT1
ZEBULARINE,DNMT1
TEGAFUR-URACIL,DPYD
ANESTHETIC AGENT,EDN1
ASCORBIC ACID,GFAP
CANNABINOL,GGT1
ETANERCEPT-SZZS,GHRL
CYCLOPHOSPHAMIDE ANHYDROUS,GSTP1
HYDROQUINONE,GSTP1
IRINOTECAN HYDROCHLORIDE,GSTM1
DOCETAXEL ANHYDROUS,GSTM1
GENTAMICIN,IL17A
NICARDIPINE,IL1B
TILARGININE,IL2
MERCAPTOPURINE,IL2RA
RECOMBINANT MACROPHAGE INFLAMMATORY PROTEIN-1 ALPHA,ITGAL
INTERFERON BETA-1A,ITGAL
TRETINOIN,ITGB2
OCTREOTIDE ACETATE,KLK3
BICALUTAMIDE,KLK3
DIMETHYL SULFOXIDE,LAMP1
METHIMAZOLE,LEP
TESTOSTERONE PROPIONATE,LCAT
CALCIUM CHANNEL BLOCKER,LEP
IROFULVEN,MAPK1
KEYHOLE LIMPET HEMOCYANIN,MAPK8
DEXTRAN SULFATE SODIUM,MAPK8
CAMPTOTHECIN,MAPK9
CYCLOSPORINE,MMP2
XANTHINE OXIDASE INHIBITOR,MPO
IMATINIB,MYC
INTERLEUKIN-11,NOS2
COLCHICINE,NRG1
WORTMANNIN,NRG1
SULFORAPHANE,PIK3CG
AROMATASE INHIBITOR,PLA2G1B
NAPROXEN SODIUM,PLAT
ANTIDEPRESSANT AGENT,PLG
PREDNISOLONE,PLG
PROGESTERONE,PRKAB1
ROSIGLITAZONE,RBP4
IMATINIB,RET
DAUNORUBICIN LIPOSOMAL,RPSA
ANTISENSE OLIGONUCLEOTIDES,RTN4
LISINOPRIL ANHYDROUS,SHBG
TRETINOIN,SHH
PROGESTERONE,SLC2A4
ACETYLCYSTEINE,SLC6A3
ACLARUBICIN,SMN1
OXIDOPAMINE,SOAT1
4-PHENYLBUTYRIC ACID,SMN1
AMIKACIN,SMN1
ANTIOXIDANT,SOD2
DIMETHYL SULFOXIDE,SYP
PROGESTERONE,TAT
PREDNISOLONE,TAT
GENTAMICIN,TGM2
TRIAMCINOLONE,TGFB1
INFLIXIMAB-DYYB,TLR4
UREA,WRN
NIRAPARIB,BRCA2
OLAPARIB,BRCA1
NIRAPARIB,BRCA1
HYDROCHLOROTHIAZIDE,ANKFN1
AZD-8186,PTEN
FUROSEMIDE,ADD1
DOXEPIN HYDROCHLORIDE,CACNG2
ALBUTEROL SULFATE,IGF2R
DOXEPIN HYDROCHLORIDE,HTR1A
DOXEPIN HYDROCHLORIDE,RGS4
FLUDARABINE,ADH1A
FLUDARABINE,CYP2E1
DOXEPIN HYDROCHLORIDE,HTR2A
DOXEPIN HYDROCHLORIDE,NEFM
DOXEPIN HYDROCHLORIDE,AKT1
DOXEPIN HYDROCHLORIDE,EPHX1
PAZOPANIB,FLT4
PAZOPANIB,VEGFA
PAZOPANIB,HLA-B
VALPROIC ACID,HDAC1
ERLOTINIB,ABCG2
EFAVIRENZ,ABCG2
ASPARAGINASE,MTHFR
ASPARAGINASE,GRIA1
CHLORPROMAZINE,DRD2
GEMCITABINE,WWOX
ADEFOVIR DIPIVOXIL,NME1
MAPROTILINE,ABCB1
ERYTHROMYCIN,ABCB1
MONOAMINE OXIDASE INHIBITOR,HTR1A
METHAMPHETAMINE,HTR1A
ANASTROZOLE,MAP4K4
DAUNORUBICIN LIPOSOMAL,GSTM3
PRASUGREL,P2RY12
PRASUGREL,NTRK1
EPINEPHRINE,ADRB2
FLUPENTHIXOL,CYP2D6
CIPROFLOXACIN,CYP2D6
BREXPIPRAZOLE,CYP2D6
MECLIZINE,CYP2D6
HYDROMORPHONE HYDROCHLORIDE,CYP2D6
THIOGUANINE,CPT1A
OXALIPLATIN,PIN1
THIOGUANINE,NAT1
GLATIRAMER,EOMES
VALPROIC ACID,MTHFR
HYDROCHLOROTHIAZIDE,GRK5
VALPROIC ACID,COMT
ISATUXIMAB,CD38
GEMCITABINE,ALG10
SEVOFLURANE,KCNK2
PYRIMETHAMINE,GSTP1
SEVOFLURANE,GSTP1
SEVOFLURANE,GRIN2B
HYDROMORPHONE HYDROCHLORIDE,CYP1A2
GEMCITABINE,HLA-C
EFAVIRENZ,IL10
MONOAMINE OXIDASE INHIBITOR,NEFM
DOXORUBICIN HYDROCHLORIDE,CASP3
MONOAMINE OXIDASE INHIBITOR,EPHX1
THIOGUANINE,IGHMBP2
METHAMPHETAMINE,GAD2
HYDRALAZINE / ISOSORBIDE DINITRATE,NAT2
ZUCLOPENTHIXOL,DRD5
PROCAINAMIDE,NAT2
ELBASVIR/GRAZOPREVIR,IFNL3
VULOLISIB,PIK3CB
HYDROCHLOROTHIAZIDE,PLCE1
ARSENIC TRIOXIDE,PML
GEMCITABINE,SERPINC1
VANDORTUZUMAB VEDOTIN,TUBB4A
BITHIONOL,USP1
ZIPRASIDONE,CNTN4
HYDROCHLOROTHIAZIDE,NOS3
CAPTOPRIL,ACE
REGORAFENIB,VEGFA
CHEMBL:CHEMBL1873684,AR
GIVINOSTAT,HDAC6
DIMETHYLCURCUMIN,ERBB2
GIVINOSTAT,HDAC8
LENVATINIB,KDR
ALTROPANE,SLC6A3
AMG-108,IL1A
SELURAMPANEL,GRIK1
TUCATINIB,ERBB2
ASENAPINE,DRD2
ASENAPINE,ADRA2A
ASENAPINE,DRD4
ANTI-NUCLEOLIN APTAMER AS1411,NCL
TIVOZANIB,FLT4
BAPINEUZUMAB,APP
SEVITERONEL,AR
ROSUVASTATIN,HMGCR
ETILEVODOPA,DRD5
UROFOLLITROPIN,FSHR
FLIBANSERIN,HTR2A
AMBRISENTAN,EDNRB
SIROLIMUS,FGF2
BITHIONOL,PPARD
ALDESLEUKIN,IL2RB
MOCETINOSTAT,HDAC6
MIRTAZAPINE,HTR2A
PROCAINE,RYR2
IXAZOMIB CITRATE,PSMD2
OTILIMAB,CSF2
MOTESANIB,PDGFRB
MITOQUINONE MESYLATE,RET
NERATINIB,ERBB2
NATALIZUMAB,ITGA4
NEBIVOLOL HYDROCHLORIDE,ADRB1
NABILONE,CNR2
OMIPALISIB,F5
PEGVISOMANT,GHR
PAZOPANIB,FLT4
PERIFOSINE,AKT3
PIMAVANSERIN,HTR2A
POZANICLINE,CHRNB2
PRASUGREL,P2RY12
PMI-001,NR3C1
PAMOIC ACID,FEN1
SCY-635,PPID
DAIDZEIN,TP53
VIGABATRIN,GABBR1
CYCLOPENTOLATE,CHRM1
COLLAGENASE CLOSTRIDIUM HISTOLYTICUM-AAES,COL2A1
CYCLOBENZAPRINE,HTR2A
CLOZAPINE,HTR2C
EPROSARTAN,AGTR1
ERGOCALCIFEROL,VDR
HEXOBARBITAL,GABRA3
HEXOBARBITAL,CHRNA4
ISOPROTERENOL,ADRB1
HYDROXYZINE,HRH1
METARAMINOL,ADRA1A
MELATONIN,MTNR1A
METIPRANOLOL,ADRB1
MOEXIPRIL,ACE
NITRAZEPAM,GABRA1
ORPHENADRINE,GRIN3A
ORPHENADRINE,HRH1
SODIUM OXYBATE,GABBR2
TEMAZEPAM,GABRG3
TENOXICAM,PTGS1
TRIAMTERENE,SCNN1A
UROFOLLITROPIN,FSHR
MODOTUXIMAB,EGFR
COLLAGENASE CLOSTRIDIUM HISTOLYTICUM-AAES,COL2A1
COCAINE,SLC6A3
CYCLOBENZAPRINE,HTR2A
DIAZEPAM,TSPO
DIAZEPAM,GABRA1
EPROSARTAN,AGTR1
FESOTERODINE,CHRM3
SORAFENIB,KDR
FENOPROFEN,PTGS2
ISOCARBOXAZID,MAOB
FLUOCINONIDE,PLA2G4A
THALIDOMIDE,NFKB1
METIPRANOLOL,ADRB1
METHYSERGIDE,HTR2C
DINOPROST TROMETHAMINE,PTGIR
NORTRIPTYLINE,SLC6A4
PROCYCLIDINE,CHRM1
PROMAZINE,CHRM3
SERTINDOLE,ADRA1A
ZIPRASIDONE,ADRA1A
ZICRONAPINE,HTR2A
LASOFOXIFENE,ESR1
PAN-AKT INHIBITOR ARQ751,AKT1
AZD1390,ATM
MOBOCERTINIB,EGFR
PEG-CONJUGATED TLR7/8 AGONIST NKTR-262,TLR8
CSF1R INHIBITOR PLX73086,CSF1
NAVITOCLAX,CCND1
RIMEGEPANT,S100A12
IL-2/9/15 GAMMA CHAIN RECEPTOR INHIBITOR BNZ-1,IL2RA
CERITINIB,ALK
ELUBRIXIN,CXCR2
DERAZANTINIB,FGFR1
PTI-110,APP
GSK-2239633,CCR4
LEUVECTIN,IL2
ROSUVASTATIN,HMGCR
TRIMETHOPRIM/SULFADOXINE,F10
NETAZEPIDE,CCKBR
"3,4-METHYLENEDIOXYMETHAMPHETAMINE",HTR2A
IMATINIB,PDGFRB
DOVITINIB LACTATE,PDGFRB
CILAZAPRIL,ACE
GADOBENATE DIMEGLUMINE,ALB
FUMARIC ACID,IFNG
LUMIRACOXIB,PTGS2
BENOXINATE,XK
EPINASTINE,HRH1
ESTRADIOL VALERATE,ESR1
NIMODIPINE,SLC25A20
FULVESTRANT,ESR1
BAPINEUZUMAB,APP
IMATINIB,SYK
TSP-1 MIMETIC FUSION PROTEIN CVX-045,THBS1
PONEZUMAB,APP
PALOVAROTENE,RARG
ANTI-ANDROGEN,AR
VENETOCLAX,BCL2
ELDELUMAB,CXCL10
CDX-1135,CR1
AZD3514,AR
K-877,PPARA
ZSTK474,PIK3CG
AVELUMAB,CD274
PAQUINIMOD,S100A9
CENEGERMIN-BKBJ,NGFR
BAMINERCEPT ALFA,LTBR
IOFLUPANE I-123,SLC6A3
TRANSFERRIN RECEPTOR-TARGETED ANTI-RRM2 SIRNA CALAA-01,RRM2
MK-2206,AKT3
BRIMAPITIDE,MAPK8
ALTIRATINIB,NTRK1
ACETAMINOPHEN,COX8A
AMISULPRIDE,DRD2
ERGOCALCIFEROL,VDR
ERYTHRITYL TETRANITRATE,GC
MECLOFENAMATE,COX8A
MOLINDONE,DRD2
OCRELIZUMAB,MS4A1
NITROGLYCERIN,UGCG
OXATOMIDE,HRH1
PERAZINE,DRD2
LOXORIBINE,TLR7
DULIGOTUZUMAB,EGFR
DIAPEP-277,HSPD1
SB 714786,A1BG
CHLORPROMAZINE,HTR2C
VELUSETRAG,NAT1
SUMATRIPTAN,NAT2
PROPRANOLOL HYDROCHLORIDE,NAT2
SUMATRIPTAN,SERPINA3
[3H]LSD,SERPINA3
TRYPTAMINE,SERPINA3
(+)-LSD,SERPINA3
FLUPHENAZINE HYDROCHLORIDE,SERPINA3
COMPOUND 13A [PMID: 23639540],DNM2
LDN-214117,DNM2
A61603,ABCB7
NAN 190,ABCA4
5-METHYLURAPIDIL,ABCA4
PERGOLIDE,AOC1
LISURIDE,AOC1
PHENTOLAMINE,ABL2
CHLORPROMAZINE,ABL2
RX821002,ABL2
LUF5981,ABAT
FK-453,ABCA1
MRS5151,ABCA1
ISTRADEFYLLINE,ABCA1
BAFF,TNFRSF13C
COMPOUND A [PMID: 28324017],ASIC2
LAMOTRIGINE,SCN7A
TEZAMPANEL,GRIK2
"AC-LYS-[MEALA6,LEU8,DES-ARG9]BRADYKININ",ASIC1
[3H]LYS-[LEU8][DES-ARG9]BK,ASIC1
JPE1375,ACACB
YSFKPMPLAR,ACACB
COMPOUND 8IC [PMID: 19081254],CCR4
MOGAMULIZUMAB,CCR4
APIGENIN,CFTR
OCTANOL,C4BPA
OCTANOL,C1R
[125I]CXCL12&ALPHA; (HUMAN),ACTG1
T22,ACTG1
COMPOUND 46C [PMID: 29350534],ACTG1
EBVACICLIB,CDK4
TANUXICICLIB,CDK4
ALVOCIDIB,CDK4
RO-0505124,CDK4
TRILACICLIB,EIF4EBP1
RGB-286638,EIF4EBP1
RGB-286638,EIF4E
DALPICICLIB,EIF4EBP1
GKT136901,GZMB
SOBETIROME,THRB
COMPOUND 23N [PMID: 24900877],GPI
HALOPERIDOL DECANOATE,ALDH1A1
SB269652,ALDH1A1
CHLORPROMAZINE,ALDH2
LEUCETTINE L41,MARK2
ML315,EML1
I-CBP112,GLI1
PK 11195,NR1I3
WZ4002,DXO
TARLOXOTINIB,DXO
URB597,CRP
LINOLENIC ACID,ADH4
CEP-11981,DPYSL2
DOVITINIB,DR1
FUTIBATINIB,DR1
TAK-632,DR1
THIETHYLPERAZINE,DRD2
CEP-11981,DRD1
CHEMBL:CHEMBL585591,MAPT
VATALANIB,DRD1
LATANOPROST,APOC2
TP003,GABRA1
COMPOUND 2 [PMID: 15546730],ENO2
DMCM,ARNT
COMPOUND 51 [PMID: 18800762],CXCR5
[3H]L689560,GRIN2B
COMPOUND 30 [PMID: 37057760],GART
ENASIDENIB,GRB2
HENATINIB,DRD2
VATALANIB,DRD2
NEMIRALISIB,BAD
CHARYBDOTOXIN,ATP7B
JNJ303,AZF1
NSC61610,HGF
H2L5186303,BIN1
ALKYL OMPT,BIN1
FARNESYL THIODIPHOSPHATE,BLK
EGLUMEGAD,SLC25A4
TAK-733,MAP2K1
MIRDAMETINIB,MAP2K1
VITAMIN A,ALDH1A2
BI-847325,MAP2K1
MK-8353,MAPK1
PHENETHYL ISOTHIOCYANATE,MAPK8
CHEMBL:CHEMBL1256863,EHMT2
&ALPHA;-CONOTOXIN ARIB,ATF4
CHEMBL:CHEMBL1328677,EHMT2
OXYMETAZOLINE HYDROCHLORIDE,ADRA2A
CEPHALOTHIN,CDKN1B
COAGULATION FACTOR VIIA (RECOMBINANT)-JNCW,F10
REV-5901,HPGD
MRS2496,APBB2
GYPGKF-NH2,APOH
METHOXYARACHIDONOYL FLUOROPHOSPHONATE,VDR
LANIFIBRANOR,CCND1
PIOGLITAZONE HYDROCHLORIDE,CCND1
GW1929,CCND1
MK-0767,CCND1
THERAPEUTIC ANDROGEN,AQP1
MRL24,CCND1
VCE-004.3,CCND1
AZD8154,F5
COMPOUND 22 [PMID: 24754609],F5
DICLOFENAC SODIUM,CCND1
PF-06843195,F5
NEMIRALISIB,F5
PILARALISIB,PIK3CB
COMPOUND 15A [PMID: 32069401],F7
LY-294002,PIK3CB
ALPELISIB,F7
INAVOLISIB,F7
UZANSERTIB,F10
ZK112993,BDNF
"[ALA1,12,AIB3,GLN10,HARG11,TRP14,ARG19]PTH-(1-28)-NH2 (HUMAN)",XIAP
"[ILE5,TRP23,TYR36]PTHRP-(1-36)-NH2 (HUMAN)",XIAP
ESI-09,COL6A2
[125I]RELAXIN (HUMAN),APP
CARVEDILOL,RYR2
GSK-2018682,AMY2A
BIM 23059,FASLG
CGP 23996,FASLG
BASROPARIB,HLA-DMB
AMG28,GPC5
RT3,THRB
CARBOPLATIN,EGFR
PILARALISIB,ERBB2
ERLOTINIB,MAPK1
ERLOTINIB,PTEN
ANTI-PD1 MONOCLONAL ANTIBODY,EGFR
ANTI-PD-L1 MONOCLONAL ANTIBODY,EGFR
ERLOTINIB,NRG1
PIDNARULEX,BRCA1
ANTI-PD-1 MONOCLONAL ANTIBODY MEDI0680,MSH2
SAPANISERTIB,RET
DOVITINIB,FGFR2
AST-487,RET
PI3KBETA INHIBITOR AZD8186,PTEN
MIDOSTAURIN,FGFR1
EVEROLIMUS,MTOR
NERATINIB,ERBB2
CYTARABINE,ALK
HJC0152,ALK
PAZOPANIB,FGFR2
NINTEDANIB ESYLATE,FGFR3
ALOFANIB,FGFR2
DEXAMETHASONE,JAK3
BINIMETINIB,MAP2K1
DACINOSTAT,KMT2A
VENETOCLAX,KMT2A
BAICALEIN,MSH2
SONOLISIB,PIK3CA
TGX-221,PIK3CA
OXALIPLATIN,PIK3CA
PALBOCICLIB,PTEN
ATEZOLIZUMAB,PTEN
OXALIPLATIN,PTEN
VISTUSERTIB,PTEN
OSIMERTINIB,PTEN
TELAGLENASTAT,VHL
APITOLISIB,VHL
BEVACIZUMAB-AWWB,VHL
SONOLISIB,PIK3CA
AKT INHIBITOR MK2206,AKT1
PERHEXILINE,CYP2D6
DOXEPIN HYDROCHLORIDE,GRIK2
JAK3 INHIBITOR 32,EPHB2
PFIZER COMPOUND 67 [PMID:18445527],APBB2
MTOR INHIBITOR,MTOR
CHRYSOPHANOL,ALDH1A1
SULFISOXAZOLE,NR1I2
ALBUTEROL SULFATE,COL2A1
CHEMBL:CHEMBL586078,MAPT
RELCOVAPTAN,AR
CHEMBL:CHEMBL595227,MAPT
KENPAULLONE,MARK2
GSI-136,PSEN1
GW843682X,MAP4K4
ROZANOLIXIZUMAB,FCGRT
RISLENEMDAZ,GRIN1
CHEMBL:CHEMBL522983,GAA
CICLOPIROX OLAMINE,AR
CHEMBL:CHEMBL123349,DRD1
SB202190,EHMT2
CGS 15943,ABCA2
TOLUDESVENLAFAXINE,CD9
PEGINESATIDE ACETATE,EPOR
"2-TERT-BUTYL-9-FLUORO-1,6-DIHYDROBENZO[H]IMIDAZO[4,5-F]ISOQUINOLIN-7-ONE",TYK2
(-)-U-50488,CYP2D6
MESALAMINE,HPGD
CLOMIPRAMINE,CYP2D6
2'-EPI-TUBERATOLIDE B,NR1H4
RASAGILINE,MAOB
TELOTRISTAT ETHYL,TPH1
ISOTRETINOIN,STAT2
SELATINIB,DXO
4-PHENYLENEDIAMINE,MIF
VAMOTINIB,ABL1
MTOR INHIBITOR,EIF4E
RECOMBINANT CYTOKINE,SLC2A3
THIORIDAZINE,DRD2
PERZINFOTEL,GRIN2A
PHANTASMIDINE,CHRNA3
4-AMINOPHENOL,VDR
SN-38,HDAC6
AG 1295,SMN2
CHEMBL:CHEMBL416038,KAT5
SARACATINIB,ALK
CYTARABINE,TP53
THIOPENTAL,GABRA3
RUCAPARIB,PARP1
ML297,ASIP
POLO-LIKE KINASE 1 INHIBITOR GSK461364,PLK1
MARIMASTAT,MMP3
BECAPLERMIN,PDGFB
UMBRALISIB,PIK3CD
INSL5-A13NR,KLK3
BROMPERIDOL,DRD2
ETILEVODOPA,DRD4
PPI-2458,METAP2
LEVALBUTEROL,ADRB2
INSULIN ZINC SUSP RECOMBINANT HUMAN,INS
AZD1480,EPHB1
CLORGILINE,MAOA
AT-13148,ROCK1
BUMETANIDE,MAPK1
ME-344,NDUFS4
BALAGLITAZONE,PPARG
OPROZOMIB,PSMD2
NINTEDANIB ESYLATE,PIK3CA
THIOPENTAL,GRIK2
CHEMBL:CHEMBL583578,NPC1
TESTOSTERONE,AR
XL228,FGFR3
TRETINOIN,RARA
CHEMBL:CHEMBL580727,NFE2L2
USTEKINUMAB,IL12B
METHOTRIMEPRAZINE,CYP2D6
PD-146176,VDR
CGP37849,GRIN2B
ANTIPSYCHOTIC AGENT,CYP1A2
"H-C[DCYS-PHE-LAGL(N&BETA;ME,BENZOYL)-DTRP-LYS-THR-PHE-CYS]-OH",AQP1
PENTACHLOROPHENOL,PLK1
CHEMBL:CHEMBL609628,CYP2D6
"[ALA11, D-LEU15]OREXIN-B",APBB1
MEK INHIBITOR RO4987655,FGFR3
THEONELLASTEROL D,NR1I2
NADOLOL,ADRB1
FRAMYCETIN,RPSA
DIHYDROTESTOSTERONE,AR
OLANZAPINE,CYP1A1
CHEMBL:CHEMBL528181,NFE2L2
TUBERATOLIDE B,NR1H4
PONATINIB,FGFR3
PENTAZOCINE,SIGMAR1
NOMIFENSINE MALEATE,SLC6A3
DINOPROST TROMETHAMINE,PTGFR
ARASERTACONAZOLE,CYP1A2
COUMARIN,CTSB
[3H]PGF2&ALPHA;,APOC2
CHLOROXYLENOL,NFE2L2
ALPROSTADIL,PTGER1
BORTEZOMIB,PSMC4
PHENOXYBENZAMINE HYDROCHLORIDE,ADRA2A
OXAZEPAM,GABRA3
BUDESONIDE,NR3C1
INIXACICLIB,CDK4
PEROSPIRONE,ALDH2
VMIP-II,ACTA1
RALOXIFENE HYDROCHLORIDE,GHRL
SODIUM SALICYLATE,NGB
SORAFENIB,ABCB1
SEVOFLURANE,KCNA1
LISOCABTAGENE MARALEUCEL,CD19
RALOXIFENE HYDROCHLORIDE,IL6ST
TETRADECANOYLPHORBOL ACETATE,E2F1
VITAMIN A,TAT
METFORMIN HYDROCHLORIDE,NDUFS2
PICROTOXIN,STS
ANTIPSYCHOTIC AGENT,PRL
DYCLONINE HYDROCHLORIDE,THRB
WORTMANNIN,SLC2A4
ARIPIPRAZOLE LAUROXIL,CYP2D6
CERDULATINIB,EPHB2
ENMD-2076,FGFR1
DOXORUBICIN HYDROCHLORIDE,ATM
VINCRISTINE,TP73
ANTI-CD7 CAR T CELLS PREPARATION,CD7
DORSOMORPHIN,DRD2
CHEMBL:CHEMBL333177,PPARD
CHEMBL:CHEMBL80155,EHMT2
CRENOLANIB,PDGFRA
NOREPINEPHRINE BITARTRATE,ADRA1D
MODAFINIL,CYP2D6
AMPICILLIN (ANHYDROUS),APEX1
GDC-0623,MAP2K1
ELIGLUSTAT,CYP2D6
ACETAMINOPHEN,PTGS1
REFAMETINIB,MAP2K2
ATEZOLIZUMAB,FGFR3
TELRATOLIMOD,TLR8
A68930,DRD1
AVUTOMETINIB,MAP2K2
DOXORUBICIN HYDROCHLORIDE,GSTM3
LORCASERIN,HTR2C
GOSERELIN ACETATE,LHCGR
COMPOUND 111 [PMID: 37918435],NR4A2
LOBARIC ACID,POLB
CHEMBL:CHEMBL591404,ATXN2
LISURIDE,A1BG
FUTUXIMAB/MODOTUXIMAB MIXTURE,EGFR
HEXAMETHONIUM,CHRNA3
PRX-321,IL4R
TRETINOIN,RB1
ASENAPINE,HTR2C
LUF5831,ABAT
"L-741,626",CYP2D6
CP-1,APBB1
VITAMIN E,ABCB1
METHOTREXATE SODIUM,DHFR
DAUNORUBICIN LIPOSOMAL,ABCC1
LG100754,CCND1
CABOZANTINIB S-MALATE,RET
LITENIMOD,TLR9
CXCL12-(1-9),ACTG1
NE58062,BLVRA
MM-121,ERBB3
CA2+,RYR2
CA2+,RYR2
FLUNARIZINE,GMNN
CHOLIC ACID,CYP27A1
PHENOXYBENZAMINE HYDROCHLORIDE,ALDH1A1
ISO-1,MIF
GEFITINIB,CYP2D6
PLUMBAGIN,HSD17B10
OXYMETAZOLINE HYDROCHLORIDE,ADRA2A
PYROGALLOL,EHMT2
CHEMBL:CHEMBL172988,PPARD
CHEMBL:CHEMBL259805,TP53
CHEMBL:CHEMBL2374078,EHMT2
COMPOUND 12B [PMID: 31465220],F3
DOVITINIB,FGFR3
BRASOFENSINE,SLC6A4
CELIPROLOL,ADRB2
VANDETANIB,RET
KETAMINE HYDROCHLORIDE,GRIN2A
CHEMBL:CHEMBL118417,PPARD
CHEMOPREVENTIVE AGENT,NFE2L2
CHEMBL:CHEMBL593211,GMNN
BIOALLETHRIN S-CYCLOPENTENYL ISOMER,AR
MIVACURIUM,BCHE
TERODILINE HYDROCHLORIDE,CACNA1S
ABEXINOSTAT,HDAC1
5-MEOT,A2M
ERLOTINIB,IGF1R
APIGENIN,NFKB2
INDOXIMOD,MTOR
EGFR/ERBB-2/ERBB-4 INHIBITOR,EN1
LSN2424100,APBB1
LAPATINIB,ERBB2
PYRIDOSTIGMINE,ACHE
CHEMBL:CHEMBL602127,WRN
TRIPARANOL,PPARD
TEMOZOLOMIDE,GSTP1
CELECOXIB,PTGS2
ZURANOLONE,GABRA3
PROPIOMAZINE,DRD1
CHEMBL:CHEMBL599102,NFE2L2
DECITABINE,GMNN
APITOLISIB,MTOR
FLUVOXAMINE,SLC6A4
COMPOUND 7 [PMID: 31955578],F7
ANTIOXIDANT,PRKAB1
PIRINIXIC ACID,HPGD
DIACETYLRHEIN,CASP3
CHEMBL:CHEMBL1363033,NFE2L2
NAPROXCINOD,COX8A
ERGOTAMINE,ADRA1D
DESIRUDIN,F2
PD-98059,TP53
5-HYDROXYINDOLE,GAA
MEPHENTERMINE SULFATE,ADRA1D
NINTEDANIB ESYLATE,DPYSL2
VPC12249,BIN1
ANHYDROUS TACROLIMUS,NOD2
ZK112993,NR3C2
WORTMANNIN,PRKAB1
TACEDINALINE,HDAC4
CHEMBL:CHEMBL1601846,POLB
FLUOXETINE HYDROCHLORIDE,SLC6A4
FENOPROFEN,PTGS1
CHEMBL:CHEMBL1467200,NPC1
ISTIRATUMAB,IGF1R
AZACITIDINE,LIF
Z-PRO-PROLINAL,MAPT
LORATADINE,CD28
TARANABANT,CNR2
CA2+,C7
ILOMASTAT,MMP16
FONDAPARINUX,SERPINC1
CGP-71683A,EHMT2
BEZAFIBRATE,PPARA
BENZIMIDAZOLE,DYRK1A
CHEMBL:CHEMBL408563,SMN2
NEOVASTAT,MMP2
CHEMBL:CHEMBL68534,EHMT2
7-O-METHYLCRYPTOCHINONE A,NR1H4
ISOLIQUIRITIGENIN,USP1
SALVIANOLIC ACID B,ACE
MARGETUXIMAB-CMKB,ERBB2
COMPOUND 2Q [PMID: 30986068],F5
METHYSERGIDE,VDR
CHEMBL:CHEMBL113897,ALDH1A1
(-)-U-50488,EHMT2
CIPEMASTAT,MMP8
BENZIODARONE,VDR
LANICEMINE,GRIN3B
LISURIDE,ABL2
"5-(N,N-HEXAMETHYLENE)-AMILORIDE",CYP1A2
CYTARABINE,CYP1A2
ABT-737,BCL2L1
CHEMBL:CHEMBL601952,EHMT2
ENDO-ATROPINE,CHRM2
AKT INHIBITOR IV,SMAD3
CHEMBL:CHEMBL1269845,CYP1A2
ROGARATINIB,FGFR1
SORAFENIB,RET
TYRPHOSTIN B48,MAPT
MOEXIPRIL HYDROCHLORIDE,ACE
CDK INHIBITOR 4.35,EIF4E
BOSUTINIB,ABL1
BIFONAZOLE,GMNN
CHEMBL:CHEMBL416038,ALOX5
COMPOUND 11 [PMID: 15261275],APBB1
RESEQUINIL,GABRA1
DASATINIB ANHYDROUS,MAP2K1
CALCIMYCIN,VDR
CAPESEROD,NAT1
RAXIBACUMAB,PRDX1
PHENTOLAMINE,ADRA2A
RESMINOSTAT,HDAC8
OPIORPHIN,ANPEP
SULFANITRAN,HPGD
PALIPERIDONE,CYP2D6
VIBEGRON,ADRB3
ENMD-1198,HIF1A
BENZO[B]FLUORANTHENE,HSD17B10
CHEMBL:CHEMBL14145,IDO1
PQR620,F5
DELUCEMINE,GRIN2A
HYDROXYZINE PAMOATE,HSD17B10
LY2109761,DNMT3A
AFAMELANOTIDE,MC1R
TAMATINIB,EGFR
BAY-1082439,PIK3CA
JNJ-26483327,SRC
M195,CD33
PRADEMAGENE ZAMIKERACEL,APP
"9,10-PHENANTHRENEQUINONE",NFE2L2
PROPANTHELINE,CYP1A2
DOXORUBICIN HYDROCHLORIDE,CCND1
OLARATUMAB,PDGFRA
GW843682X,SRC
PAPAVERINE,ADRA1D
2-METHOXYESTRADIOL,EHMT2
FASINUMAB,NGF
AXITIROME,THRB
MB-28767,APOC2
CENDAKIMAB,IL13
DACINOSTAT,HDAC9
BUTHIONINE SULFOXIMINE,MYCN
MISONIDAZOLE,GSTP1
SULFASALAZINE,NT5E
MULTI-NEO-EPITOPE VACCINE OSE 2101,TP53
RS-17053,CYP2D6
SERATRODAST,TBXA2R
TOMARALIMAB,TLR2
METHOTREXATE,S100A12
RISVODETINIB,ABL2
RUXOLITINIB,JAK2
CHEMBL:CHEMBL224318,NFE2L2
ANTI-EGFRVIII IMMUNOTOXIN MR1-1,EGFR
STREPTOKINASE,PLG
DESIPRAMINE,RGS4
LINIFANIB,PDGFRB
BI-2536,PLK2
CHEMBL:CHEMBL421215,ALDH1A1
AMIVANTAMAB-VMJW,EGFR
ORANTINIB,FGFR1
IZENCITINIB,JAK2
CRIZOTINIB,MET
OMIPALISIB,PIK3R4
DONITRIPTAN,NAT2
BACITRACIN,IDE
AZM-475271,SRC
RONACALERET,CASR
TRICIRIBINE,AKT3
TICAGRELOR,CHI3L2
BAY 11-7082,ATXN2
VANDETANIB,RET
DROSPIRENONE,NR3C2
CARBARIL,AR
THALIDOMIDE,CTLA4
BERZOSERTIB,ATM
FLUPIRTINE,RGS4
HYDROQUINONE,NQO1
GIVINOSTAT,HDAC3
"INSULIN, REGULAR, HUMAN",SOCS1
METHYL YELLOW,AR
CHEMBL:CHEMBL1534035,SNCA
CAPTOPRIL,PIK3CG
EDOXABAN,F10
ABEXINOSTAT,HDAC3
ANTIBIOTIC,MYC
PRACINOSTAT,HDAC1
SEVOFLURANE,CYP2E1
AS-19,SERPINA3
CLOMIPRAMINE,CYP2D6
DASATINIB ANHYDROUS,SRC
LETROZOLE,ERBB2
LETROZOLE,CTNNB1
TAMOXIFEN,ERBB2
PEXIDARTINIB,NF1
CRENOLANIB,PDGFRA
CLEMASTINE FUMARATE,HRH1
DEXCHLORPHENIRAMINE MALEATE,HRH1
BENZQUINAMIDE HYDROCHLORIDE,DRD2
PHENYLPROPANOLAMINE HYDROCHLORIDE,ADRA1A
SUNITINIB,CSF1R
DIPHEMANIL METHYLSULFATE,CHRM1
FENOFIBRIC ACID,PPARA
ILOPROST,PTGIR
MODAFINIL,SLC6A3
GEFITINIB,PTEN
BETAMETHASONE BENZOATE,NR3C1
DEXAMETHASONE,NR3C1
RASAGILINE,MAOB
MIFEPRISTONE,NR3C1
ZALCITABINE,ERVW-4
METHYLERGONOVINE MALEATE,DRD1
ZIDOVUDINE,ERVW-4
CHEMBL:CHEMBL531322,ADRB2
IXABEPILONE,TUBB4A
SUNITINIB,PDGFRB
KETAMINE HYDROCHLORIDE,GRIN3A
"IBUPROFEN, SODIUM SALT",PTGS2
THEOPHYLLINE,ADORA2A
GENISTEIN,HPGD
ISRADIPINE,CACNA1S
ILOPROST,PTGIR
PENTOLINIUM TARTRATE,CHRNA3
DOCOSANOL,GC
MITOMYCIN,FANCC
DOCOSANOL,PPP1R3A
CUDC-101,HDAC1
BORTEZOMIB,PSMB8
DROSPIRENONE,NR3C2
TETRABENAZINE,SLC18A2
DEXTROAMPHETAMINE SULFATE,SLC18A2
VANDETANIB,RET
TOFACITINIB,TYK2
TOFACITINIB,JAK3
TOFACITINIB,JAK2
TRETINOIN,RARG
ACITRETIN,RARG
TRIAZOLAM,GABRA3
CLONAZEPAM,GABRA3
DASATINIB ANHYDROUS,FRK
DIETHYLCARBAMAZINE,ALOX5
PHENYTOIN SODIUM,SCN2A
MACITENTAN,EDNRA
VORTIOXETINE HYDROBROMIDE,HTR1A
DROXIDOPA,ADRB1
ASTEMIZOLE,HRH1
ALECTINIB HYDROCHLORIDE,ALK
KD3010,PPARD
DB959,PPARG
CHEMBL:CHEMBL244707,APEX1
AG-24322,CDK1
ALLITINIB,ERBB2
ASP-3026,ALK
AS-703988,MAP2K2
CAL-263,PIK3CG
CEP-11981,FLT4
BENZENETHIOL,HSPB1
FALNIDAMOL,EGFR
PWT-33587,PIK3CA
PLX-7486,NTRK2
PWT-33587,PIK3CB
PWT-33587,MTOR
PLX-7486,CSF1R
TAK-285,EGFR
DELUCEMINE,GRIN3B
ELPETRIGINE,CACNA1S
ELPETRIGINE,CACNA1A
SODELGLITAZAR,PPARA
IRX-4204,RXRA
MK-0533,PPARG
BRIGATINIB,ALK
VARLITINIB,ERBB2
AT-9283,JAK2
AT-9283,JAK3
AZM-475271,ABL1
SAPITINIB,ERBB2
RIVICICLIB,CDK1
GEDATOLISIB,MTOR
NS-018,JAK2
VORUCICLIB,CDK4
PICTILISIB,PIK3CB
APITOLISIB,PIK3CG
FAMITINIB,KDR
X-82,PDGFRA
ZSTK-474,PIK3R1
X-82,KDR
ZSTK-474,PIK3CB
VIBEGRON,ADRB3
ILACIRNON,CCR2
AZD3199,ADRB2
ALTINICLINE,CHRNB2
RESEQUINIL,GABRG3
PACLITAXEL POLIGLUMEX,TUBB4B
TOSEDOSTAT,ERAP1
PARDOPRUNOX,DRD3
RIDAFOROLIMUS,MTOR
OPROZOMIB,PSMC4
TACEDINALINE,HDAC6
VINFLUNINE,TUBB4B
VERUBULIN,TUBA4A
NAVITOCLAX,BCL2
BEGACESTAT,NCSTN
ESKETAMINE,GRIN2B
VILDAGLIPTIN,DPP4
BEGACESTAT,APH1A
BEGACESTAT,PSENEN
DARAPLADIB,PLA2G7
ESKETAMINE,GRIN3A
NERAMEXANE MESYLATE,GRIN2A
NERAMEXANE MESYLATE,GRIN2B
SURAMIN HEXASODIUM,FGF1
MARGETUXIMAB-CMKB,ERBB2
DURVALUMAB,CD274
ETARACIZUMAB,ITGAV
CEDELIZUMAB,CD4
EMICIZUMAB,F9
OLARATUMAB,PDGFRA
ROVELIZUMAB,ITGAM
IPH-2101,KIR2DL1
RUCAPARIB CAMSYLATE,PARP2
UTOMILUMAB,TNFRSF9
BROMPERIDOL,DRD2
ABIRATERONE ACETATE,CYP17A1
CYPROTERONE ACETATE,NR3C1
CINNARIZINE,HRH1
RG-7636,EDNRB
REVEFENACIN,CHRM3
BMS-986158,BRD3
BMS-986158,BRD4
CD24FC,HSP90AA1
ONASEMNOGENE ABEPARVOVEC-XIOI,SMN1
ADOPRAZINE,DRD3
PEMIGATINIB,FGFR2
BEPERMINOGENE PERPLASMID,MET
LEVAMLODIPINE MALEATE,CACNA1S
SOFPIRONIUM BROMIDE,CHRM1
TELISOTUZUMAB VEDOTIN,TUBA4A
LADIRATUZUMAB VEDOTIN,TUBB4B
TELISOTUZUMAB VEDOTIN,TUBB4A
TELISOTUZUMAB VEDOTIN,TUBB4B
MAGNESIUM OXYBATE,GABBR2
SPARTALIZUMAB,PDCD1
BMS-813160,CCR5
CABOTEGRAVIR,ERVW-4
CAMRELIZUMAB,PDCD1
MAGROLIMAB,CD47
IERAMILIMAB,LAG3
ABP-700,GABRA1
TAS-117,AKT3
LANIFIBRANOR,PPARD
CONTEZOLID,RPSA
BMS-275183,TUBA4A
CETRELIMAB,PDCD1
TILSOTOLIMOD SODIUM,TLR9
SGS-742,GABBR2
RICOLINOSTAT,HDAC6
ILEPATRIL,MME
CONTELTINIB,ALK
PINATUZUMAB VEDOTIN,TUBA4A
TEMSIROLIMUS,MTOR
VANUTIDE CRIDIFICAR,APP
AXATILIMAB,CSF1R
OLACAFTOR,CFTR
PLITIDEPSIN,EEF1A2
PEGENZILEUKIN,IL2RB
ZURANOLONE,GABRA1
OSTABOLIN-C,PTH1R
VILANTEROL .ALPHA.-PHENYL CINNAMATE,ADRB2
CGS8216,GABRA1
MITAPIVAT,PKLR
ETAVOPIVAT,PKLR
DINACICLIB,CDK5
RUCAPARIB,PARP1
L689560,GRIN2B
CABOZANTINIB S-MALATE,KDR
ALECTINIB,DRD4
BUPARLISIB,PIK3CA
ALPELISIB,PIK3CA
LENALIDOMIDE,VEGFA
BRIGATINIB,ALK
LEVISOPRENALINE,EHMT2
HISTAMINE,LMNA
CHEMBL:CHEMBL1333386,NPC1
THIRAM,NFE2L2
DIPHENYLENEIODONIUM,CYP2D6
CELASTROL,HSP90AA1
PYROGALLOL,ESR1
HEMATOXYLIN,MAPT
ERLOTINIB,SYK
CHEMBL:CHEMBL1420370,GMNN
RO 40-6055,NFE2L2
METHYLMALONIC ACID,EHMT2
HARMALINE,HTT
FLUCYTOSINE,AR
CLADRIBINE,TP53
DIMETHYLADENINE,PRKCD
ESTRADIOL CYPIONATE,AR
CHEMBL:CHEMBL1601846,GAA
CHOLECALCIFEROL,ESR1
GLIOTOXIN,VDR
5-HYDROXYFLAVONE,RGS4
ANTINEOPLASTIC AGENT,HSPA4
CISPLATIN,TP53
13-CIS-RETINAL,CXCL8
GLYBURIDE,CYP2D6
DEXTROAMPHETAMINE ADIPATE,SLC18A2
TAMATINIB,IGF1R
ARRY-371797,MAPK14
OLEIC ACID,USP1
CHEMBL:CHEMBL602127,POLB
ENTRECTINIB,PKN2
CHEMBL:CHEMBL234338,APEX1
CALCIMYCIN,HSP90AA1
METHABENZTHIAZURON,NFE2L2
IBCASERTIB,DPYD
RECOMBINANT VASCULAR ENDOTHELIAL GROWTH FACTOR,NOS2
KENPAULLONE,SMN2
CARBAMOYLCHOLINE,CHRM2
KENPAULLONE,SMN1
TAMATINIB,LYN
IRINOTECAN HYDROCHLORIDE,AR
LOSARTAN POTASSIUM,AGTR1
OLEIC ACID,PPARA
ADJUVANT,DPYD
RACEPINEPHRINE,DRD1
CHEMBL:CHEMBL388979,NFE2L2
PIFEXOLE,BRCA1
CHEMBL:CHEMBL532160,EHMT2
CYPRODINIL,AR
PENTACHLOROPHENOL,NR1H4
RS-17053,MAPK1
PYROGALLOL,VDR
MODAFINIL,CYP2D6
CHEMBL:CHEMBL580918,NFE2L2
CHEMBL:CHEMBL1408276,EHMT2
TRETINOIN,RARA
CHEMBL:CHEMBL1797707,KAT2B
ALPHAPRODINE HYDROCHLORIDE,PLK1
OBTUSAQUINONE,ALDH1A1
ZM336372,HSD17B10
LOBARIC ACID,TSHR
FLUNARIZINE DIHYDROCHLORIDE,ATM
CHEMBL:CHEMBL2088301,MAOB
CHEMBL:CHEMBL527620,MTOR
CHEMBL:CHEMBL1813518,MAOB
FLUOXASTROBIN,AR
CHEMBL:CHEMBL591834,ATXN2
7-NITROINDAZOLE,APEX1
DASATINIB ANHYDROUS,FGFR3
DASATINIB ANHYDROUS,SRC
MIDAZOLAM HYDROCHLORIDE,AR
QUERCETIN,DRD1
SORBINIL,NFKB2
CARFENTRAZONE-ETHYL,NFE2L2
PTAEROXYLIN,ALOX15
AURINTRICARBOXYLIC ACID,BRCA1
LOVASTATIN,SMN2
CHEMBL:CHEMBL1256177,CYP1A2
CHEMBL:CHEMBL388823,NFE2L2
CHEMBL:CHEMBL1939691,GMNN
CHEMBL:CHEMBL1436543,AR
PHENAZINE,NFE2L2
ENTINOSTAT,HDAC6
CHEMBL:CHEMBL2164761,AR
TAMATINIB,SYK
LULICONAZOLE,AR
METHYLENE BLUE ANHYDROUS,KMT2A
CHLOROTRIANISENE,ESR1
CHEMBL:CHEMBL120580,TRPV4
AMSACRINE,CYP2D6
CHEMBL:CHEMBL592305,NFE2L2
GW501516,PPARA
MG-132,EHMT2
DICHLOROPHEN,MAPT
METHYLENE BLUE ANHYDROUS,FEN1
CHEMBL:CHEMBL515495,EHMT2
DICLOFENAC SODIUM,ALB
MARIMASTAT,MMP2
FENBENDAZOLE,CYP1A2
CHEMBL:CHEMBL200762,SIRT1
SYK INHIBITOR III,EHMT2
BEMESETRON,RGS4
"6,4'-DIMETHOXYFLAVONE",NPC1
TRIFLUOPERAZINE,AKT1
RETINYLRETINOATE,RARA
CHEMBL:CHEMBL516616,STAT6
ERIBULIN MESYLATE,TUBA4A
CHEMBL:CHEMBL1465049,GMNN
SERTACONAZOLE NITRATE,ATXN2
AROMATICIN,MAPT
CHEMBL:CHEMBL516616,HPGD
CHEMBL:CHEMBL525106,EHMT2
ERLOTINIB,ALK
DIOXYBENZONE,CYP1A2
BENSULIDE,AR
ALEXIDINE DIHYDROCHLORIDE,GMNN
TAMATINIB,KDR
CHEMBL:CHEMBL68534,HPGD
[3H]AZIETOMIDATE,GABRA3
[(PF)PHE4]N/OFQ-(1-13)-NH2,APBA1
ADAVOSERTIB,PTK2
TRIPHENYL PHOSPHATE,AR
ABIRATERONE ACETATE,CYP17A1
E927A,ALDH1A1
ETHYLESTRENOL,AR
E319,PPARD
DIHYDROXIDINE,CYP1A2
CHEMBL:CHEMBL484662,MAPK1
M-CHLOROPHENYLPIPERAZINE,THRB
CYTARABINE,CYP2D6
IDARUBICIN,EHMT2
BENZO[B]FLUORANTHENE,THRB
PRALSETINIB,RET
ANISOMYCIN,NFE2L2
DOXEPIN HYDROCHLORIDE,DRD1
CHEMBL:CHEMBL522983,EHMT2
RALOXIFENE HYDROCHLORIDE,ALDH1A1
CHEMBL:CHEMBL581677,GMNN
BERGAPTOL,HPGD
CHEMBL:CHEMBL604100,GAA
CHEMBL:CHEMBL530291,NR2F2
CHEMBL:CHEMBL1574420,IDE
IDARUBICIN,DRD1
OXOGLAUCINE,MAPT
FUMARPROTOCETRARIC ACID,VDR
CHEMBL:CHEMBL599013,POLB
ENTRECTINIB,LYN
MESALAMINE,APEX1
CARUBICIN,EHMT2
AURINTRICARBOXYLIC ACID,HSD17B10
CHEMBL:CHEMBL1221944,CXCR4
TRIM,CYP2D6
RIFAMYCIN SODIUM,AR
PYRIMETHAMINE,ACP1
PICEATANNOL,SMN1
BISDEMETHOXYCURCUMIN,SMAD3
ARACHIDONIC ACID,EHMT2
LINOLENIC ACID,ALOX15
SUCCIMER,PLK1
CHEMBL:CHEMBL1081326,GSK3B
ILORASERTIB,PDGFRA
CHEMBL:CHEMBL224032,ALDH1A1
TAMATINIB,INSR
ESTRADIOL VALERATE,CYP1A2
SANTIN,GMNN
DESACETYL SALANNIN,HSP90AA1
"N,N'-DIPHENYL-P-PHENYLENEDIAMINE",ALOX15
CEFACLOR ANHYDROUS,MAPT
RADICICOL,HSP90AA1
CHEMBL:CHEMBL498746,CNR1
CELECOXIB,PTGES
TRIFLUPROMAZINE,TP53
E319,ALDH1A1
GALLAMINE,KAT2A
LINOLENIC ACID,NFE2L2
CHEMBL:CHEMBL1362503,PLK1
CLORGILINE,TSHR
CHEMBL:CHEMBL235891,SMAD3
(S)-PROMETHAZINE,CYP1A2
HESPERADIN,EPHA3
BIFONAZOLE,PPARD
KETOCONAZOLE,VDR
APOCIDEINE,EHMT2
PERHEXILINE,CYP1A2
CHEMBL:CHEMBL602969,SMAD3
"1,10-PHENANTHROLINE",HSP90AA1
(4-CHLOROPHENYL)(MORPHOLINO)METHANETHIONE,EHMT2
[3H]D-ASPARTIC ACID,TSHR
HYDROXYZINE PAMOATE,PLK1
CARBARIL,AHR
CHEMBL:CHEMBL151797,ALOX15
GW0742X,PPARD
"9,10-PHENANTHRENEQUINONE",GAPDH
ARACHIDONIC ACID,KAT2A
PICEATANNOL,POLB
ILORASERTIB,BLK
PHENOXYBENZAMINE HYDROCHLORIDE,NFE2L2
"4,4'-DIMETHOXYDALBERGIONE",ALOX15
DAUNORUBICIN LIPOSOMAL,AR
DIAMIDE,VDR
CHEMBL:CHEMBL1601846,MAPT
CHEMBL:CHEMBL412603,SMN1
AZATHIOPRINE,CYP1A2
XANTHOHUMOL,MAPK3
DEQUALINIUM,RGS4
CHEMBL:CHEMBL1343568,TP53
"(R,S)-INDATRALINE",DRD1
ENTRECTINIB,SRC
HYDRALAZINE,SMN2
BISDEMETHOXYCURCUMIN,DNMT1
METHABENZTHIAZURON,AHR
2-MERCAPTOBENZOTHIAZOLE,EHMT2
DICHLOROPHEN,NR1H4
SR59230A,TP53
BENPERIDOL,CYP2D6
DEXPROPRANOLOL,CYP1A2
CHEMBL:CHEMBL68534,HSD17B10
CHEMBL:CHEMBL523200,MAPT
INDOPROFEN,NFKB2
CSC,AHR
THIOPERAMIDE,CYP1A2
CIMIRACEMATE A,MAPK1
NITAZOXANIDE,VDR
CHEMBL:CHEMBL410907,ABCB1
DIHYDROXIDINE,CYP2D6
CHEMBL:CHEMBL423081,ALDH1A1
SERTRALINE HYDROCHLORIDE,ATXN2
CHEMBL:CHEMBL297304,MAPT
ILORASERTIB,RET
CHEMBL:CHEMBL1362503,SMAD3
ALAZANINE,HTT
PHENYLETHENYLSEMICARBAZONE,TARDBP
NAPROPAMIDE,AR
TAMATINIB,MAPK8
LUMINESPIB,HSP90AA1
CHEMBL:CHEMBL273891,BRCA1
ENTINOSTAT,HDAC8
ESTRADIOL VALERATE,CYP2D6
3-O-METHYLQUERCETIN,GAA
LAPACHONE,ATXN2
HARMALOL,HSD17B10
QUINACRINE,EHMT2
2-PICOLINIC ACID,EHMT2
BERKELEYACETAL B,CASP1
FANETIZOLE,AR
CEFACLOR ANHYDROUS,PLK1
CHEMBL:CHEMBL538965,NFE2L2
CHEMBL:CHEMBL576412,HTT
PEVONEDISTAT,SAE1
DOPAMINE,HIF1A
CHRYSIN,NR3C1
CHEMBL:CHEMBL444075,ABCG2
CLOPIDOGREL,CYP2B6
SPARFLOXACIN,AR
TRIFLUOPERAZINE,ATXN2
CHEMBL:CHEMBL591178,TARDBP
CAPTOPRIL,MMP12
PYRIMETHAMINE,STAT3
CARBIDOPA ANHYDROUS,ALDH1A1
FLAVOKAWAIN B,VDR
NAPHTHOQUINONE,MAOA
LOPERAMIDE,TSHR
CHEMBL:CHEMBL260342,HSD17B10
SU9516,MAPT
DIAMIDE,EHMT2
CHEMBL:CHEMBL139935,TARDBP
LINOLENIC ACID,WRN
PHENYLHYDRAZINE,VDR
SYK INHIBITOR III,MTOR
PLUMBAGIN,MAPT
FLUOROURACIL,TP53
DASATINIB ANHYDROUS,PKN2
PAPAVERINE HYDROCHLORIDE,NFE2L2
DASATINIB ANHYDROUS,ERBB4
SENNOSIDE B,PIN1
PHENOXYCARB,AR
TAMATINIB,MARK4
CHEMBL:CHEMBL297304,KAT2A
LACTACYSTIN,PSMB8
KENPAULLONE,ROCK1
PENTACHLOROPHENOL,HPGD
HESPERADIN,PTK2B
7-METHYLXANTHINE,GDA
"1,10-PHENANTHROLINE",HTT
TAMATINIB,CDC7
AZD-4017,CCKBR
BECLOMETHASONE,CYP1A2
PROGESTERONE,AR
VITAMIN A,AR
LOVASTATIN,HMGCR
CHEMBL:CHEMBL1465049,SMAD3
GW282974X,MAPK1
CLINAFLOXACIN,EHMT2
THIRAM,ATXN2
DIHYDROERGOCRISTINE MESYLATE,MAPT
CHEMBL:CHEMBL2203706,TACR1
AG 1296,JAK2
BI-2536,PLK1
(4-CHLOROPHENYL)(MORPHOLINO)METHANETHIONE,HSD17B10
DIHYDROXIDINE,HPGD
SALMETEROL XINAFOATE,HSD17B10
CHEMBL:CHEMBL528694,RELA
INDIGO,NFE2L2
GUANFACINE HYDROCHLORIDE,CYP2D6
TRIFLUOPERAZINE,DRD1
SCRIPTAID,HDAC4
SCRIPTAID,HDAC8
GW305074X,SNCA
GW282974X,MAPT
ENTRECTINIB,NTRK1
SU9516,ATXN2
CHEMBL:CHEMBL374632,ATM
E319,NFE2L2
CHEMBL:CHEMBL85194,TP53
RG-1530,FGFR1
METHYLENE BLUE ANHYDROUS,THRB
CHEMBL:CHEMBL541230,AHR
PROPYLTHIOURACIL,MPO
SAPPANONE A DIMETHYL ETHER,HPGD
KARANJIN,CYP2D6
CHEMBL:CHEMBL68534,MAPT
BENZO[DEF]CHRYSENE,GMNN
SORAFENIB,NTRK2
7-HYDROXY ISOFLAVONE,SMN2
7-HYDROXY ISOFLAVONE,SMN1
CHEMBL:CHEMBL1256735,RAD52
CHEMBL:CHEMBL1420181,NPC1
LINOLENIC ACID,KAT2A
RALOXIFENE HYDROCHLORIDE,MAPT
ETOMIDATE,GABRG3
BERBERINE,CYP2D6
&ALPHA;-ERGOCRYPTINE,EHMT2
AURINTRICARBOXYLIC ACID,POLB
METHYLERGONOVINE,ALDH1A1
CHEMBL:CHEMBL1813518,MAOA
SULFINPYRAZONE,EHMT2
7-HYDROXY ISOFLAVONE,NPC1
MONTELUKAST SODIUM,CYP2D6
INDOMETHACIN MORPHOLINYLAMIDE,TSHR
MESALAMINE,VDR
METHYLERGONOVINE,RGS4
CHEMBL:CHEMBL577660,TSHR
"1,10-PHENANTHROLINE",TP53
SENNOSIDE B,KAT2A
PROGESTERONE,RXRA
DIMETHYLSPINGOSINE,PRKCA
ALPELISIB,PIK3CA
SNS-314,KDR
BRIGATINIB,ALK
BLINATUMOMAB,ABL1
BUSULFAN,BCR
EMAPALUMAB-LZSG,XIAP
DULOXETINE HYDROCHLORIDE,CYP2D6
TRIFLURIDINE,ERBB2
TRETINOIN,RARA
XL228,ABL1
SAPITINIB,ERBB2
BI-2536,PLK1
XL228,SRC
CYCLOSPORINE,ABCC1
ANHYDROUS TACROLIMUS,ABCG2
TILARGININE,ADA
DIDEOXYADENOSINE,ADA
TRETINOIN,ADH1C
IMATINIB,ALK
FLOXURIDINE,BCL2
APRINOCARSEN,BCL2
SAPONIN,BCL2
MITOXANTRONE,BCL2
VIRGINIAMYCIN M1,CCK
RECOMBINANT OX40 LIGAND,CCL5
RECOMBINANT CYTOKINE,CCL8
RECOMBINANT HUMAN MACROPHAGE INFLAMMATORY PROTEIN-1 BETA,CCL21
TRIAMCINOLONE,CD1A
PREDNISOLONE,CD34
ROXITHROMYCIN,CD86
INDOMETHACIN,CD86
PROGESTERONE,CP
BUTHIONINE SULFOXIMINE,CP
ACLARUBICIN,CSF2
BCG VACCINE,CSF2
METHIMAZOLE,CSF2
MECHLORETHAMINE,CSF2
PROCARBAZINE,CSF2
BLEOMYCIN,CTLA4
BISPECIFIC ANTIBODY,CTLA4
WORTMANNIN,CTLA4
VALERIAN ROOT EXTRACT,CYP2E1
THERAPEUTIC AUTOLOGOUS DENDRITIC CELLS,ERBB2
CYCLOPHOSPHAMIDE ANHYDROUS,FAS
LACTULOSE,FCGR3A
GELDANAMYCIN,FCGR3B
TRIAMCINOLONE,FGF2
MAGNESIUM SULFATE ANHYDROUS,FOS
TETRADECANOYLPHORBOL ACETATE,FOS
ANTISENSE OLIGONUCLEOTIDES,GFRA1
IMATINIB,HGF
THALIDOMIDE,HLA-B
BETAMETHASONE,HMOX2
LAMIVUDINE,HPRT1
NITROSOUREA COMPOUND,HPRT1
UREA,HSPA4
CHLORPROMAZINE,HSPA4
PROTEIN SYNTHESIS INHIBITOR,HSPA4
BETAMETHASONE,IGF2
AZACITIDINE,IL11
THALIDOMIDE,IL6R
ACETYLCYSTEINE,CXCR2
ALPHA-TOCOPHEROL ACETATE,CXCL8
TRETINOIN,LIF
RECOMBINANT LYMPHOKINE,LPL
COLCHICINE,MAP2
BLEOMYCIN,MAPK8
PAREGORIC,MAPK14
2-METHOXYESTRADIOL,MAPK8
DIMETHYL SULFOXIDE,MPO
IMMUNOTHERAPEUTIC AGENT,MPO
ELSAMITRUCIN,MYC
COBALT CO-60,MYC
PROTOPORPHYRIN,MYC
FULVESTRANT,NOS1
ROSIGLITAZONE,NOS1
TINIDAZOLE,NT5E
CYCLOPHOSPHAMIDE ANHYDROUS,NTRK1
RECOMBINANT CYTOKINE,NTF3
BACILLUS CALMETTE-GUERIN ANTIGEN,PIK3CA
SELECTIVE ESTROGEN RECEPTOR MODULATOR,PIK3CB
AZACITIDINE,PLAU
ANTIBIOTIC,PLAU
DESIRUDIN,PLG
ASCORBIC ACID,PRL
CISPLATIN,PRL
HYPOXIS HEMEROCALLIDEA ROOT EXTRACT,PRL
CALCIUM GLUCONATE,PRL
RALOXIFENE HYDROCHLORIDE,PRL
TESTOLACTONE,PRL
"ESTROGENS, CONJUGATED (USP)",PTH
LYCOPENE,PTH
PROTEIN SYNTHESIS INHIBITOR,PTH
MAGNESIUM SULFATE ANHYDROUS,PTHLH
TRILOSTANE,PTH
PROTEIN KINASE INHIBITOR,PTH
VITAMIN A,SCD
EPIRUBICIN,SERPINE1
NAPROXEN SODIUM,SAA1
ETHER,TAC1
SPIRONOLACTONE,TNF
TIMOLOL MALEATE,TNF
MAGNESIUM SULFATE ANHYDROUS,TNF
SAPONIN,TP53
SAR260301,F7
CYCLOSPORINE,VDR
THALIDOMIDE,VWF
FAM-TRASTUZUMAB DERUXTECAN-NXKI,ERBB2
CARBIDOPA ANHYDROUS,MTHFR
ERYTHROMYCIN,NR1I2
SIROLIMUS,NR1I2
PHENOBARBITAL,NR1I2
TNP-470,BAX
VALPROIC ACID,OGDH
DULOXETINE HYDROCHLORIDE,DRD3
HYDROCHLOROTHIAZIDE,TCF7L2
CAPECITABINE,PTEN
SORAFENIB,WWOX
ETIDRONIC ACID,VDR
ADEFOVIR DIPIVOXIL,AK4
PIRTOBRUTINIB,TP53
VENETOCLAX,TP53
LISINOPRIL ANHYDROUS,AGT
CHLORTHALIDONE,AGT
HYDROCHLOROTHIAZIDE,AGT
ERLOTINIB,UHRF1
TETRODOTOXIN,SCN8A
VINDESINE,ABCB1
OLANZAPINE,GSTM3
METHIONINE,CBS
TELMISARTAN,GNB3
OLANZAPINE,GNB3
TOFACITINIB,CTSS
ANASTROZOLE,DLG2
SORAFENIB,MAP2K6
SORAFENIB,FGFR1
SORAFENIB,CYP2B6
METHAZOLAMIDE,HLA-B
SORAFENIB,SLC15A2
SORAFENIB,RET
MONTELUKAST SODIUM,MLLT3
CAPECITABINE,ANK3
CAPECITABINE,EXO1
SUMATRIPTAN,HTR2A
SUMATRIPTAN,BDNF
OLANZAPINE,CSMD1
SUMATRIPTAN,COMT
GLATIRAMER,HLA-DRB1
EPINEPHRINE,ADRA1D
VANDETANIB,RET
PEMBROLIZUMAB,CD274
ANHYDROUS TACROLIMUS,FMO3
HYDROCHLOROTHIAZIDE,DIAPH3
PONATINIB,BCR
ASK-8007,SPP1
DAUNORUBICIN LIPOSOMAL,AKR1C4
MONOAMINE OXIDASE INHIBITOR,CYP1A2
MONOAMINE OXIDASE INHIBITOR,BDNF
METRELEPTIN,BSCL2
TREMELIMUMAB,ALK
ENTACAPONE,COMT
DOCETAXEL ANHYDROUS,ESR1
DOCETAXEL ANHYDROUS,RAF1
AV-412,ERBB2
LENVATINIB,FGFR2
ENTINOSTAT,HDAC1
VORINOSTAT,HDAC1
VORINOSTAT,HDAC4
ENTINOSTAT,HDAC8
GIVINOSTAT,HDAC9
NEOVASTAT,KDR
S-3304,MMP2
NAVITOCLAX,BCL2
LENVATINIB,RET
POLO-LIKE KINASE 1 INHIBITOR GSK461364,PLK1
DASATINIB ANHYDROUS,SRC
BEVACIZUMAB-AWWB,VEGFA
NERATINIB,EGFR
BMS-690514,EGFR
TESTOSTERONE,AR
VANUTIDE CRIDIFICAR,APP
DIACETYLRHEIN,IL1B
DIACETYLRHEIN,IL1RN
SALMETEROL,ADRB2
AZELASTINE,HRH1
DRONABINOL,CNR1
COLLOIDAL GOLD-BOUND TUMOR NECROSIS FACTOR,TNFRSF1A
DARAPLADIB,PLA2G7
CX-717,GRIA1
CX-717,GRIA3
CX-717,GRIA2
EDOXABAN,F10
PEGPLERANIB SODIUM,PDGFRA
ENMD-1198,HIF1A
ENMD-2076,RET
EPLIVANSERIN,HTR2A
ISS-1018,TLR9
HYALURONIC ACID,CD44
HUMANIZED SMART ANTI-IL-12 ANTIBODY,IL12A
OLARATUMAB,PDGFRA
INCB13739,HSD11B1
INTERFERON GAMMA-1B,IFNGR1
INTERFERON BETA,IFNAR1
SIROLIMUS,MTOR
LOVASTATIN,HMGCR
TELOTRISTAT ETHYL,TPH1
OXYMETAZOLINE HYDROCHLORIDE,ADRA2A
ALDAFERMIN,FGF1
OXYMETAZOLINE HYDROCHLORIDE,ADRA1A
VONAPANITASE,ELN
PHENYLEPHRINE,ADRA1D
RASAGILINE,MAOB
RESMINOSTAT,HDAC1
RONACALERET,CASR
RIVASTIGMINE,BCHE
SAN-300,ITGA1
GIMERACIL,DPYD
SAPROPTERIN,NOS3
SIFALIMUMAB,IFNAR1
SOMATROPIN (RECOMBINANT DNA ORIGIN),PRLR
TAS-108,ESR1
PILOCARPINE HYDROCHLORIDE,CHRM3
PILOCARPINE HYDROCHLORIDE,CHRM2
TRIAPINE,RRM2
WX-554,MAP2K1
TESEVATINIB,ERBB2
AMINOGLYCOSIDE ANTIBIOTIC,PTH
CABOZANTINIB S-MALATE,KDR
TESEVATINIB,FLT4
SOLRIAMFETOL,SLC6A4
SERTRALINE HYDROCHLORIDE,SLC6A3
ZYC300,CYP1B1
ANTI-THYMOCYTE GLOBULIN,ITGAL
TRETINOIN,IL10
BUTALBITAL,CHRNA4
DOFETILIDE,KCNK2
DIVALPROEX SODIUM,ABAT
FLAVOXATE,CHRM2
PHENINDIONE,VKORC1
PROPIOMAZINE,ADRA1A
PROPIOMAZINE,CHRM1
PROPIOMAZINE,CHRM2
PYRIDOSTIGMINE,ACHE
TACRINE,ACHE
STREPTOKINASE,PLG
DASATINIB ANHYDROUS,ABL2
APRINDINE,CALM1
AXITINIB,KDR
DRONABINOL,CNR1
BUTABARBITAL,CHRNA4
PERHEXILINE,CPT1A
ENTACAPONE,COMT
AZELASTINE,HRH1
BENZTROPINE,SLC6A3
CISPLATIN,ATM
LAPATINIB,ERBB2
CISPLATIN,ERCC1
BUCLIZINE,CHRM1
CARVEDILOL,ADRA1A
CHLORDIAZEPOXIDE,GABRA3
CHLORDIAZEPOXIDE,GABRA1
CLONIDINE HYDROCHLORIDE,ADRA2A
ABIRATERONE ACETATE,AR
DESIPRAMINE,ADRB1
DENILEUKIN DIFTITOX,IL2RB
CISPLATIN,ERCC2
USTEKINUMAB,IL12B
LOSARTAN POTASSIUM,AGTR1
LORAZEPAM,GABRA3
VITAMIN K3,F10
VITAMIN K3,F9
PHENYLBUTAZONE,PTGS2
PRAZOSIN,ADRA1D
SIROLIMUS,MTOR
DASATINIB ANHYDROUS,SRC
SUNITINIB,CSF1R
SUNITINIB,PDGFRB
THIOPENTAL,GABRA1
TOSITUMOMAB,MS4A1
TRIFLUOPERAZINE,ADRA1A
TRIFLUOPERAZINE,DRD2
ZIPRASIDONE,DRD4
ZOLMITRIPTAN,HTR1F
NIROGACESTAT,APP
PEMIGATINIB,FGFR2
RAVAGALIMAB,CD40
CRENOLANIB,SRC
GEMCITABINE,TP53
ENZASTAURIN,AKT1
GSK3050002,CCL20
BETHANECHOL CHLORIDE,CHRM3
SERIBANTUMAB,ERBB3
GLPG0492,AR
RIPRETINIB,PDGFRB
MITOMYCIN,TP53
DIPRAGLURANT,GRM5
APRUTUMAB,FGFR2
PILOCARPINE HYDROCHLORIDE,CHRM3
MORAB-066,F3
SAMOTOLISIB,MTOR
TEDALINAB,CNR2
TRADIPITANT,TACR1
TERIPARATIDE,PTH1R
AG-858,HSPA1A
TROSPIUM,CHRM3
NBQX,GRIN2B
ROMIPLOSTIM,PDGFRB
ROMIPLOSTIM,PDGFRA
DESMOTEPLASE,PLG
AMLEXANOX,HSP90AA1
LEVOBETAXOLOL,ADRB1
PHENYLTOLOXAMINE,DRD1
CAREBASTINE,HRH1
A-71378,CCKAR
GALLOPAMIL,MME
ALPROSTADIL,PTGER1
NITROGLYCERIN,EGFR
NAVEGLITAZAR,PPARA
XL999,KDR
ZIPRASIDONE,CHRNA7
LISINOPRIL ANHYDROUS,ACE
LISINOPRIL ANHYDROUS,ACE
ROMIPLOSTIM,RET
GEVOKIZUMAB,IL1B
ENCALERET SULFATE,CASR
CYCLIZINE LACTATE,HRH1
RIVOCERANIB MESYLATE,KDR
ASFOTASE ALFA,ALPL
SOR-C13,TRPV6
EMICIZUMAB,F9
ABICIPAR PEGOL,VEGFA
PEMBROLIZUMAB,PDCD1
TIMOLOL,ADRB1
ASM-024,CHRNA4
MK-2206,UBE2T
EZABENLIMAB,PDCD1
THIOTHIXENE,DRD2
CLOMIPHENE CITRATE,ESR1
CHLOROQUINE,ACKR1
"PAROXETINE HYDROCHLORIDE, HEMIHYDRATE",SLC6A4
MODAFINIL,SLC6A3
TELOTRISTAT ETHYL,TPH1
LENZILUMAB,CSF2
CHOLECALCIFEROL,VDR
PALIRODEN,GRIA2
LY2886721,BACE1
LOXAPINE,HTR2A
CABOZANTINIB S-MALATE,KDR
CELECOXIB,PTGS2
CABERGOLINE,DRD2
ETORICOXIB,PTGS2
LEVOCABASTINE,HRH1
INDACATEROL,ADRB2
NADROPARIN CALCIUM,F10
BREXPIPRAZOLE,HTR1A
PROMESTRIENE,ESR1
TRIPELENNAMINE,HRH1
VORINOSTAT,HDAC1
JWH015,CNR2
NAVITOCLAX,BCL2
FORODESINE,PNP
ATOPAXAR,F2R
SOVATELTIDE,EDNRB
MESTRANOL,ESR1
[3H]8-OH-DPAT,A1BG
LY293284,A1BG
U92016A,A1BG
S-14506,A1BG
PIMOZIDE,A1BG
SDZ-216525,A1BG
5-MEOT,A2MP1
ZOLMITRIPTAN,A2MP1
LISURIDE,A2MP1
ALNIDITAN,A2MP1
[3H]8-OH-DPAT,A2MP1
DROTRECOGIN ALFA (ACTIVATED),F5
5-MEO-DMT,HTR2C
(+)-LSD,HTR2C
METITEPINE,NAT2
MPDT,NAT2
METITEPINE,SERPINA3
MPDT,SERPINA3
E55888,SERPINA3
ZILEUTON,CREB1
ENCEQUIDAR,CA9
A134974,CCR2
NAN 190,ABCB7
LISURIDE,ABCB7
MRS5151,ABAT
PSB-10,ABAT
MEFLOQUINE,ABAT
MRS1088,ABCA1
MRS1065,ABCA1
MRE 3008F20,ABCA1
MRS928,ABCA1
CAFFEINE,ABCA2
DERENOFYLLINE,ABCA2
AS70,ABCA2
LAS38096,ABCA2
LUF5981,ABCA2
PRELADENANT,ABCA2
DYPHYLLINE,PDE4B
BI-847325,EEF2
U75302,AMFR
ONO-4057,AMFR
ML347,DNMT1
VRT-043198,BRINP1
GW405833,CNR2
CCL4,ACTA1
[125I]CCL2 (HUMAN),ACTA1
ATIBUCLIMAB,HLA-DRB4
ML315,ELAVL2
MONZOSERTIB,EGR3
ANACETRAPIB,HPGD
LITHIUM CARBONATE,GSK3B
EDICOTINIB,DPYD
DOVITINIB,DPYD
PONATINIB,BCR
"[125I]UROCORTIN 1 (MOUSE, RAT)",ALAS2
ADRENOMEDULLIN,ACHE
OCTANOL,C4B
FLUFENAMIC ACID,C4BPA
PERGOLIDE MESYLATE,DRD2
CA2+,C3AR1
FLUFENAMIC ACID,C7
OCTANOL,C7
PIMOZIDE,DRD1
VMIP-II,ACTG1
PERGOLIDE MESYLATE,DRD3
COMPOUND 1 [PMID: 31477924],DUSP1
TENELIGLIPTIN,DAPK1
TREPROSTINIL,APOB
PHENYLBUTAZONE,PTGS2
DINOPROSTONE,APOB
[3H]BWA868C,APOB
IBUPROFEN LYSINE,PTGS1
[125I]SCH23982,ALCAM
FLUPENTHIXOL,ABCD1
A-381393,ALDH2
[3H]WAY100635,ALDH2
FIRMONERTINIB,DXO
COMPOUND 17B [PMID: 35286086],DXO
BEFOTERTINIB,DXO
ESTRIOL,ESR2
DIETHYLSTILBESTROL,ESR2
HPTE,ESR2
IBUPROFEN LYSINE,PTGS2
PEGINESATIDE,DHCR24
[35S]TBPS,ARR3
INDOMETHACIN SODIUM,PTGS2
(R)-EF-1520,CD14
JORO SPIDER TOXIN,GRIA3
LY404187,GRIA3
KETAMINE HYDROCHLORIDE,GRIN2A
COMPOUND 20F [PMID: 21536438],ADH1C
SEA,ADH1C
COMPOUND 3J [PMID: 21444206],ADH1C
COMPOUND 1 [PMID: 24900608],ADARB2
OSTN (115-133),ADCY8
CGEN-857,ADRA2A
BMS-911543,EPHB2
BREPOCITINIB,EPHB2
NEZULCITINIB,EPHB2
ROPSACITINIB,EPHB2
RGB-286638,EPHB2
GDC-0214,EPHB2
COMPOUND 23A [PMID: 33417443],LTB4R
HS024,ANK1
DACTOLISIB,ETFB
COMPOUND 7 [PMID: 31955578],ETFB
ECF309,ETFB
EGLUMEGAD,GRM8
NIMODIPINE,NR3C2
ARRY-371797,CTNNB1
BIX02189,ERBB4
GDC-0134,ERCC4
COMPOUND 31 [PMID: 23374866],ERCC6
AMG28,ERCC6
BELIZATINIB,ERV3-1
MELATONIN,ANK3
ISOAMYL-AGOMELATINE,ANK3
(-)-CYCLAZOCINE,APOF
QUADAZOCINE,APOF
7NI,NOS1
WAGLERIN-1,SERPINC1
PANCURONIUM,SERPINC1
&ALPHA;-CONOTOXIN AUIB,CHRNA3
[3H]A-585539,ATF4
AC263093,ANXA1
(R)-YNT-3708,APBB1
COMPOUND 1 [PMID: 33547286],APBB1
SUVOREXANT,APBB1
[3H]EMPA,APBB1
FRAX597,PAK4
COMPOUND 4 [PMID: 22984835],APEX1
SCH 40338,APLP2
SAMOTOLISIB,F7
GSK2292767,F7
PARSACLISIB,F7
LY-294002,F7
PROKINETICIN-2&BETA;,APOA1
TRIAZINE COMPOUND PC10,APOA1
VATALANIB,DPP6
WNN0109-C011,APRT
WNN0109-C011,KLK3
EUROPIUM-LABELLED MOUSE INSL5,KLK3
R3/I5,KLK3
COMPOUND 17 [PMID: 23570514],SIRT2
(+)-SKF 10.047,SIGMAR1
TILPISERTIB,FBLN2
CYCLOSPORINE,CD40LG
264W94,CD44
"DES-AA1,2,5,12,13-[D-TRP8]SRIF",FAS
DES-AA5-[D-TRP8]SRIF,FAS
"[111IN,90Y]DOTA-NOC",FASLG
CGP 23996,AQP1
DES-AA5-[D-TRP8]SRIF,AQP1
STING AGONIST 2,GRIN1
AMLEXANOX,FEN1
RESMETIROM,THRB
COMPOUND 13 [PMID: 23098072],TLR2
OXAPROZIN POTASSIUM,PTGS2
BIX02189,DNMT3A
OXYMETAZOLINE HYDROCHLORIDE,ADRA2A
LA3+,TRPV4
COMPOUND 25AP [PMID: 37796543],TYK2
BMS-911543,TYK2
OXYMETAZOLINE HYDROCHLORIDE,ADRA1A
WARFARIN,GCK
D[LEU4]AVP,AR
"D(CH2)5[TYR(ET)2,VAL4,DES-GLY9]AVP",AR
"ERGOLOID MESYLATES, USP",ADRA1A
"[PHAA1,D-TYR(ET)2,LYS6,DES-GLY9]AVP",AR
ECF506,FKBP1AP3
CRIZOTINIB,MET
VELIPARIB,BRCA1
PEMETREXED DISODIUM,EGFR
LINSITINIB,IGF2
C-MET INHIBITOR,MET
PD1 INHIBITOR,HAVCR2
BEVACIZUMAB-AWWB,EGFR
ASPIRIN,PTGS2
RITODRINE HYDROCHLORIDE,ADRB2
BEVACIZUMAB-AWWB,VEGFA
IDELALISIB,PIK3CA
ATAZANAVIR,ERVW-4
LINSITINIB,IGF1R
ATEZOLIZUMAB,ALK
FOMEPIZOLE,ADH1C
VENETOCLAX,ATM
PACLITAXEL,ATM
OXALIPLATIN,ATM
TIRAGOLUMAB,CD274
CAPECITABINE,CD274
SINTILIMAB,CD274
GEMCITABINE,CDKN2A
ULIXERTINIB,CDKN2A
EMPESERTIB,CTNNB1
FGFR/CSF-1R INHIBITOR 3D185,FGFR2
PAZOPANIB,FGFR3
UZANSERTIB,JAK2
APITOLISIB,PIK3CA
IDELALISIB,PIK3CA
LORLATINIB,PIK3CA
AKT INHIBITOR LY2780301,PIK3CA
FLOXURIDINE,PIK3CA
CC-115,PTEN
RET INHIBITOR APS03118,RET
BAY 61-3606,RB1
VISTUSERTIB,STK11
OBINUTUZUMAB,TP53
VENETOCLAX,TP53
PACLITAXEL,TP53
GSK2830371,TP53
GEMCITABINE,TP53
MILADEMETAN,TP53
TANESPIMYCIN,TP53
IXAZOMIB,TP53
EPIRUBICIN,TP53
RUXOLITINIB,TP53
SYK INHIBITOR III,RGS4
ZOLPIDEM TARTRATE,AR
RECOMBINANT LYMPHOKINE,ITGAL
SAN-300,ITGB1
DAIDZEIN,BDKRB1
CAPECITABINE,MSH2
CHEMBL:CHEMBL1479195,HSD17B10
KENPAULLONE,KDR
GR-389988,DPYD
FUROSEMIDE,GNB3
ANTIHYPERTENSIVE AGENT,CLNK
RUXOLITINIB,JAK2
DIBUCAINE HYDROCHLORIDE,GMNN
RALOXIFENE HYDROCHLORIDE,MAPT
OLANZAPINE,GIPR
PROPOFOL,GABRA3
CEP-2563,PDGFRB
ROSIGLITAZONE,NFE2L2
ETHER,NPPC
PENTOBARBITAL SODIUM,GABRG3
PROPOFOL,GABRA1
TOVETUMAB,PDGFRA
PF-04236921,TNF
DURVALUMAB,CD274
DICHLOROXYLENOL,AR
SONOLISIB,PIK3CB
RUCAPARIB,PARP1
CLINAFLOXACIN,RAD54L
BACILLUS CALMETTE-GUERIN ANTIGEN,AFP
FLURBIPROFEN SODIUM,PTGS2
SB202190,EGFR
ETOMIDATE,GABRG3
GABAPENTIN,CACNA1A
INSM-18,IGF1R
LAPACHONE,SMAD3
HYDRALAZINE,NPC1
LAVENDUSTIN C,EHMT2
LOBARIC ACID,ATXN2
(4-CHLOROPHENYL)(MORPHOLINO)METHANETHIONE,PLK1
COMPOUND 24 [PMID: 16451050],APBA1
ZOLPIDEM TARTRATE,GABRA1
CALCIMYCIN,XBP1
PICEATANNOL,EHMT2
CHEMBL:CHEMBL587849,SMAD3
OXYTETRACYCLINE ANHYDROUS,RPSA
GEMCITABINE,ATAT1
ALLITRIDIN,VDR
CHEMBL:CHEMBL577660,ALDH1A1
SAPONIN,FOS
ERYTHROMYCIN ESTOLATE,RPSA
GLIMEPIRIDE,ABCC9
MACITENTAN,EDNRA
[125I]CT (SALMON),ACHE
NITREFAZOLE,ADH1A
SF1126,PIK3CA
QUINACRINE,FEN1
ANTISENSE OLIGONUCLEOTIDES,DUSP1
4-PHENYLBUTYRIC ACID,HDAC3
TOLMETIN,PTGS2
BETHANIDINE,ADRB1
GYKI53655,GRIA3
CABOZANTINIB S-MALATE,KDR
LFB-R603,MS4A1
CI-988,CCKBR
APITOLISIB,PIK3CA
OLVANIL,GMNN
TAMOXIFEN,EHMT2
CHEMBL:CHEMBL597874,MTOR
CHEMBL:CHEMBL599890,NOD2
TAMATINIB,CDK1
BUSULFAN,ABL1
PROPRANOLOL HYDROCHLORIDE,ADRB2
BORTEZOMIB,PSMD7
IPILIMUMAB,ALK
NV-128,NDUFS4
CHEMBL:CHEMBL112060,SMN2
CHEMBL:CHEMBL577660,NOD2
AMUVATINIB,MET
DORAMAPIMOD,KDR
KETAMINE HYDROCHLORIDE,GRIN2A
LOVASTATIN,HMGCR
DESMOTEPLASE,PLG
CHEMBL:CHEMBL528181,XBP1
DOCETAXEL ANHYDROUS,SOD2
AZD3463,ALK
GW0742X,KAT2A
ILORASERTIB,LRRK2
CHEMBL:CHEMBL235891,HTT
PWT-33587,PIK3CD
SCH-23390,TSHR
NITAZOXANIDE,AR
PQR620,ETFB
CHEMBL:CHEMBL578294,SMAD3
CYCLOSPORINE,HSPG2
DEXTROAMPHETAMINE SULFATE,SLC18A2
PARDOPRUNOX,DRD2
RO-7121661,HAVCR2
CHEMBL:CHEMBL602807,HSD17B10
HOMIDIUM,EHMT2
ARRY-300,MET
REMIMAZOLAM BESYLATE,GABRG3
SIROLIMUS,MTOR
1-HYDROXY-6-(4-HYDROXY-PHENYL)-1-PHENYL-HEXAN-3-ONE (ENANTIOMERIC MIX),ESR1
MEPROBAMATE,GABRA3
MEPHENTERMINE SULFATE,ADRA2A
COMPOUND 2 [PMID: 21939274],ADH1C
PEMBROLIZUMAB,ERBB2
FENOLDOPAM MESYLATE,HSD17B10
PF-06843195,F7
CHEMBL:CHEMBL376616,CASP7
BLEOMYCIN,BLMH
FLUMBATINIB,DPP6
VPC03090-P,AMY2A
DEUCRAVACITINIB,TYK2
FP-1039,FGFR2
CHEMBL:CHEMBL471226,CYP1A2
METHAMPHETAMINE,DRD3
CHEMBL:CHEMBL600554,SMN1
PYRAFLUFEN-ETHYL,NFE2L2
PLUMBAGIN,USP1
MAFOSFAMIDE,IL1B
PIMASERTIB,NF1
MATUZUMAB,EGFR
"3,4-METHYLENEDIOXYMETHAMPHETAMINE",HTR2C
ISOGINKGETIN,MAPT
PEMBROLIZUMAB,PDCD1
EGANELISIB,PIK3CG
DEFEROXAMINE,MMP2
CHEMBL:CHEMBL580340,NR2F2
MN-305,HTR1A
ESTRADIOL VALERATE,PPARG
ZAPA,MAPT
BORTEZOMIB,PSMC6
[3H]D[CHA4]AVP,AR
GS39783,CYP1A2
DEFOSLIMOD,TLR4
CARBAMAZEPINE,SCN8A
ACASUNLIMAB,CD274
CYCLIC ADENOSINE MONOPHOSPHATE,EHMT2
XIMELAGATRAN,F2
VALSPODAR,ABCB1
"(S,R)-MEFLOQUINE",SMAD3
ZOLPIDEM TARTRATE,GABRA1
DEXAMETHASONE,NFE2L2
ELSILIMOMAB,IL6
INIXACICLIB,EIF4EBP1
INDOMETHACIN,FCGR3A
DULOXETINE HYDROCHLORIDE,IL6
RALOXIFEN,ESR1
GLYBURIDE,KCNJ11
PWT-33587,PIK3R1
PYRVINIUM PAMOATE,AR
METERGOLINE,HPSE
SNS-314,CDK1
HYDROXYSTILBAMIDINE ISETHIONATE,RAD52
POLYESTRADIOL PHOSPHATE,NOS1
THEAFLAVIN,SLC2A4
SEVOFLURANE,GABRA1
PIRARUBICIN,TP53
ELLAGIC ACID,HSPA8
BACILLUS CALMETTE-GUERIN ANTIGEN,BAX
(HYDROXYMETHYLPHENYL)AGOMELATINE,ANK3
OLANZAPINE,PPARG
BARICITINIB,TYK2
HINSL5: A8-21 (T9R),KLK3
DIPIVEFRIN HYDROCHLORIDE,ADRA1D
DIPIVEFRIN HYDROCHLORIDE,ADRA1A
OLANZAPINE,MTHFR
HYDROXYAMPHETAMINE HYDROBROMIDE,ADRA1D
IMATINIB,PDGFRA
SONOLISIB,PIK3CG
MODAFINIL,SLC6A3
ROTIGOTINE,DRD2
ROPINIROLE HYDROCHLORIDE,DRD3
METHYLLYCACONITINE,ATF4
SB 612111,APBA1
2MESATP,RGS4
THIORIDAZINE,DRD2
CARBARIL,VDR
THIORIDAZINE,DRD3
ALVELESTAT,ELANE
OMIPALISIB,PIK3CA
ANTI-THYMOCYTE GLOBULIN,ITGAV
TOBRAMYCIN,RPSA
PARATHYROID HORMONE,PTH1R
QUINACRINE,MTOR
N-[3H]METHYLHISTAMINE,EHMT2
ROPIVACAINE HYDROCHLORIDE,SCN7A
RG-1530,GSK3B
CP-724714,ERBB2
DEZAPELISIB,PIK3CD
3-METHOXYCATECHOL,ALOX15
CP-459632,FGFR1
CAPECITABINE,CYP19A1
CP-459632,KDR
CORTISONE,KCNA1
TELEOCIDIN B,CASP3
AZERCABTAGENE ZAPRELEUCEL,CD19
CYC-116,KDR
VAPITADINE DIHYDROCHLORIDE,HRH1
ALPELISIB,PIK3CA
(RS)-PPCC,SIGMAR1
SULFATINIB,FGFR1
MIFEPRISTONE,ABCB1
ZIPRASIDONE,DRD2
AG 490,PAX2
CHEMBL:CHEMBL1797708,CREBBP
RUCAPARIB,ATM
"D[PEN1,TYR(ME)2]AVP",AR
CHEMBL:CHEMBL1257092,MAPT
BOCEPREVIR,IFNL3
SORAFENIB,RET
LY-2874455,FGFR2
IZORLISIB,PIK3CG
BAG-1,ASIC2
RECOMBINANT TRANSFORMING GROWTH FACTOR,PTH1R
GALUNISERTIB,TGFB1
TENOFOVIR ALAFENAMIDE FUMARATE,ERVW-4
PHA-793887,CDK20
TUSAMITAMAB RAVTANSINE,TUBB4B
GLUFOSFAMIDE,SLC2A3
R-348,JAK3
LYSERGIDE,HTR2C
THIRAM,HTT
THIOPENTAL,GRIK2
CHEMBL:CHEMBL602969,PLK1
PENTACHLOROPHENOL,NFE2L2
AKT INHIBITOR IV,GMNN
TAK-593,PDGFRB
WX-554,MAP2K1
SUCCINYLCHOLINE,BCHE
INDOMETHACIN,DDIT3
ANTIOXIDANT,PTPRC
BPI-9016,MET
OLEANOLIC ACID,GSK3B
XL-019,JAK2
RITUXIMAB,ANXA1
DACOMITINIB ANHYDROUS,EGFR
CAPECITABINE,FAT1
[3H]AZIETOMIDATE,GABRA1
ZIPRASIDONE,DRD2
"D(CH2)5[TYR(ME)2,THR4,PHE(3I,4N3)-NH29]OVT",AR
CI-988,CCKBR
TEMSIROLIMUS,FKBP1A
ETILEVODOPA,DRD3
RESCINNAMINE,ACE
COMPOUND 17D [PMID: 23099093],ESR1
URIDINE-5'-DIPHOSPHATE,BIRC3
HESPERADIN,FES
ETOMIDATE,GABRA3
SB 207710,SERPINA3
TRILACICLIB,CDK6
ETARACIZUMAB,ITGB3
BMS-189532,BCHE
XEN403,SCN9A
AZATHIOPRINE,NFE2L2
CLAZOSENTAN,EDNRA
CAFFEINE,ABCA1
RGB-286638,CDK4
DIPHEMANIL METHYLSULFATE,CHRM3
OXAZEPAM,GABRA1
ANTI-ANDROGEN,PIK3CG
SANGIVAMYCIN,JUN
KAEMPFERIDE,NFKB2
SALMETEROL,ADRB2
GLYCYRRHETINIC ACID,TAC1
PALOSURAN,UTS2R
AURINTRICARBOXYLIC ACID,VDR
DAUNORUBICIN LIPOSOMAL,TPMT
3-HYDROXYBENZYLHYDRAZINE,CYP1A2
TIOTROPIUM,ADRB2
PHA-543613,CHRNA7
REGORAFENIB,EGFR
BMS-690514,KDR
PATIDEGIB,ALOX12
SAR7334,ATP2B3
"0-HEXYL-1,3-DIAMINE-PLATINUM 2,2-DICHLORIDE",EHMT2
BMS-690514,FLT4
BMS-690514,EGFR
DOVITINIB,DPEP1
MESALAMINE,USP1
BEDORADRINE SULFATE,ADRB2
BGT-226,PIK3CD
ANAZOLENE,THRB
2-METHOXYESTRADIOL,MAPK14
PSB603,ABCA1
LEVODOPA,FEN1
ROTENONE,JUN
RECOMBINANT LYMPHOKINE,ITGB2
SB 714786,A2M
FLAVOXATE,CHRM2
LOSMAPIMOD,MAPK14
BUTALBITAL,GRIK2
INSL5,APRT
SF-22,ALDH7A1
SEPETAPROST,PTGER3
NIMODIPINE,CFTR
TANZISERTIB,MAPK8
LISDEXAMFETAMINE DIMESYLATE,SLC6A3
ANTIPYRINE,PTGS1
LANABECESTAT,BACE1
CHEMBL:CHEMBL1271059,PLK1
RALOXIFENE HYDROCHLORIDE,ALDH1A1
CHEMBL:CHEMBL609628,HTT
RECOMBINANT CYTOKINE,ABCC1
REBASTINIB,ABL1
DULIGOTUZUMAB,ERBB3
PROTOPORPHYRIN,USP1
HESPERADIN,NTRK1
ENTRECTINIB,CSF1R
COMPOUND 30 [PMID: 37057760],EPHB1
PF-06843195,PIK3CB
OXYTETRACYCLINE HYDROCHLORIDE,VDR
NB-ACETYLTRYPTAMINE,CYP1A2
INDATUXIMAB RAVTANSINE,SDC1
2-OLEOYL-LPA,ADAM10
AR234958,ADRA2A
GAMMA-INTERFERON,B2M
CYCLOPHOSPHAMIDE ANHYDROUS,CYP1A2
ESTRADIOL DIPROPIONATE,AR
CHEMBL:CHEMBL77387,MAPT
ALEXIDINE DIHYDROCHLORIDE,AR
CARVEDILOL,ADRA1A
MIBAMPATOR,GRIA3
[3H]NEMONAPRIDE,ABCD1
TRETINOIN,RARA
ILORASERTIB,ERBB2
ANHYDROUS TACROLIMUS,IL18
DOVITINIB,FGFR3
ABIRATERONE ACETATE,CYP17A1
LINSITINIB,IGF1R
ONATASERTIB,MTOR
BRILANESTRANT,ESR1
RITUXIMAB,ERBB3
RITUXIMAB,ERBB3
PANITUMUMAB,MAP2K1
DIPHEMANIL METHYLSULFATE,CHRM3
DARIFENACIN,CHRM3
DESIRUDIN,F2
OXYBUTYNIN,CHRM3
BIVALIRUDIN,F2
ATOPAXAR,F2R
BEVACIZUMAB-AWWB,VEGFA
ALMOTRIPTAN MALATE,HTR1F
FOSINOPRIL SODIUM,ACE
DESIRUDIN,F2
ANTAZOLINE PHOSPHATE,HRH1
BALSALAZIDE DISODIUM,ALOX5
OCTOTROPINE METHYLBROMIDE,CHRM1
REGORAFENIB,ABL1
METOPROLOL FUMARATE,ADRB1
ACUMAPIMOD,MAPK14
METOPROLOL SUCCINATE,ADRB1
DANAPAROID SODIUM,SERPINC1
LINAGLIPTIN,DPP4
BUSPIRONE HYDROCHLORIDE,HTR1A
RAPASTINEL,GRIN1
INSULIN ASPART PROTAMINE RECOMBINANT,INSR
NEBOGLAMINE,GRIN2A
INSULIN LISPRO-AABC,INSR
ALENDRONATE SODIUM,FDPS
AFLIBERCEPT,PGF
ZOLEDRONIC ACID ANHYDROUS,FDPS
RAPASTINEL,GRIN3A
ISOPROTERENOL SULFATE,ADRB1
GUANABENZ ACETATE,ADRA2A
OXAPROZIN,PTGS2
APIMOSTINEL,GRIN2A
PHENTOLAMINE MESYLATE,ADRA1D
AXITINIB,KDR
REGORAFENIB,KDR
NICARDIPINE HYDROCHLORIDE,CACNA1S
NISOLDIPINE,CACNA1S
BORTEZOMIB,PSMC4
TIPRANAVIR,ERVW-4
ATROPINE SULFATE,CHRM2
TC-6987,CHRNA7
VANDETANIB,ERBB3
RG3487,CHRNA7
VANDETANIB,EPHB2
NEBOGLAMINE,GRIN3B
VANDETANIB,EPHA4
DIAZEPAM,GABRA3
BRADANICLINE,CHRNA7
OXAZEPAM,GABRA1
MEPROBAMATE,GABRA1
METHARBITAL,GABRA1
METHARBITAL,GABRG3
METHARBITAL,GABRA3
DASATINIB ANHYDROUS,SRC
GENTAMICIN SULFATE,RPSA
AZITHROMYCIN,RPSA
SELURAMPANEL,GRIA2
PHENACEMIDE,SCN9A
QUINIDINE POLYGALACTURONATE,SCN2A
SELURAMPANEL,GRIA4
PHENYTOIN SODIUM,SCN7A
CARBAMAZEPINE,SCN7A
CARBAMAZEPINE,SCN9A
AZD1446,CHRNB2
LABETALOL HYDROCHLORIDE,ADRA1D
MEPHENTERMINE SULFATE,ADRA1A
EPINEPHRINE,ADRA2A
EPINEPHRINE,ADRA1D
DROPERIDOL,DRD3
HALOPERIDOL LACTATE,DRD2
HALOPERIDOL LACTATE,DRD3
MASITINIB,PDGFRA
JNJ-38877605,MET
LY-3009120,RAF1
MERESTINIB,MET
LY-3007113,MAPK14
LINIFANIB,PDGFRB
MK-1496,PLK1
ME-344,NDUFA2
DOVITINIB,FGFR3
R547,CDK1
R-1487,MAPK14
VICRIVIROC MALEATE,CCR5
TRICETAMIDE,JAK1
S-222611,ERBB2
ZOTIRACICLIB,JAK2
ZIBOTENTAN,EDNRA
ZOTIRACICLIB,CDK7
HEMAY-022,ERBB2
BI113823,BDKRB1
PBF-999,ADORA2A
CEP-2563,NTRK2
PUQUITINIB,PIK3R1
TEZOSENTAN,EDNRA
PUQUITINIB,PIK3CD
PUQUITINIB,KDR
NKTR-171,SCN7A
NKTR-171,SCN9A
ELPETRIGINE,SCN2A
BI-2536,PLK1
SELICICLIB,CDK7
TAK-715,MAPK14
FAMITINIB,PDGFRB
TASELISIB,PIK3CB
FADOLMIDINE HYDROCHLORIDE,ADRA2A
BALIXAFORTIDE,CXCR4
LANICEMINE,GRIN3B
FARAMPATOR,GRIA1
BECAMPANEL,GRIA3
BARICITINIB,JAK2
DINACICLIB,CDK5
CLAZOSENTAN,EDNRA
NERELIMOMAB,TNF
ZANOLIMUMAB,CD4
CG250 177LU,CA9
RINTATOLIMOD,TLR3
FIBOFLAPON,ALOX5AP
MARIZOMIB,PSMB9
RETASPIMYCIN HYDROCHLORIDE,HSP90AA1
DACETUZUMAB,CD40
IPH-2101,KIR2DL3
DILEVALOL HYDROCHLORIDE,ADRB3
MEBANAZINE,MAOA
MEPAZINE ACETATE,MALT1
IBUFENAC,PTGS1
TERODILINE HYDROCHLORIDE,CHRM3
ABRILUMAB,ITGA4
ACEMETACIN,PTGS1
CYPROTERONE ACETATE,AR
CORTIVAZOL,NR3C1
CINNARIZINE,CACNA1S
CELIPROLOL,ADRA2A
ABIRATERONE ACETATE,AR
ABALOPARATIDE,PTH1R
MDX-1303,PRDX1
ITOLIZUMAB,CD6
RHIGM12B7,PDCD1LG2
DOXYCYCLINE ANHYDROUS,RPSA
DOXYCYCLINE ANHYDROUS,RPSA
AMIFAMPRIDINE PHOSPHATE,KCND3
AMIFAMPRIDINE PHOSPHATE,KCNA3
ROPEGINTERFERON ALFA-2B,IFNAR2
SCY 635,PPIA
ISCALIMAB,CD40
NAVAFENTEROL,CHRM3
BISEGLIPTIN,DPP4
MK-0873,PDE4B
BUNAZOSIN,ADRA1A
CONCIZUMAB,TFPI
ABIVERTINIB MALEATE,EGFR
APROCITENTAN,EDNRB
NIMACIMAB,CNR1
ABEXINOSTAT,HDAC3
XAMOTEROL,ADRB1
SX-682,CXCR2
ANG1005,TUBA4A
KBP5209,EGFR
GIMERACIL,DPYD
PICOTAMIDE,TBXA2R
"FIBRINOGEN, HUMAN",FGB
"FIBRINOGEN, HUMAN",FGG
CENSAVUDINE,ERVW-4
DIANICLINE,CHRNB2
ROLIPRAM,PDE4B
ACADESINE,PRKAA1
ACADESINE,PRKAB1
ACADESINE,PRKAA2
FLUSPIRILENE,DRD2
VALSPODAR,ABCB1
OLAPARIB,ATM
OMIPALISIB,PIK3CA
CETUXIMAB,PTEN
TRICIRIBINE,AKT1
CAPIVASERTIB,AKT1
CEDIRANIB,KDR
CABOZANTINIB S-MALATE,KDR
OXIDOPAMINE,APEX1
AFIMOXIFENE,ESR1
DOPAMINE,DRD1
FLUNISOLIDE ANHYDROUS,AR
TRIMETAZIDINE,CYP1A2
DIAMIDE,RGS4
CHEMBL:CHEMBL585439,NFE2L2
ICI-199441,CYP2D6
PROGESTERONE,CYP1A2
FERROUS SULFATE,CYP1A2
CHEMBL:CHEMBL1503729,GMNN
URAPIDIL,EHMT2
IDARUBICIN,APEX1
"(R,S)-INDATRALINE",ATXN2
CALCITRIOL,AR
CARUBICIN,MAPT
EMODIN,CXCL8
ENTINOSTAT,HDAC1
RALOXIFENE HYDROCHLORIDE,CYP2D6
INDOPROFEN,NPC1
IPCONAZOLE,NFE2L2
ARACHIDONYL TRIFLUOROMETHYL KETONE,ALDH1A1
CYCLOPHOSPHAMIDE ANHYDROUS,EHMT2
DESONIDE,AR
CHEMBL:CHEMBL577660,NFE2L2
EPICATECHIN,F2
ELLAGIC ACID,SMAD3
PROFLAVINE,HTT
DICHLOROISOPROTERENOL,ADRB2
ELLAGIC ACID,TDP1
CHEMBL:CHEMBL388979,PLK1
DICHLOROPHEN,TP53
ROCAGLAMIDE,NFE2L2
DEXAMETHASONE,NR3C1
CHEMBL:CHEMBL587229,NFE2L2
CHEMBL:CHEMBL587259,CYP1A2
PAPAVERINE HYDROCHLORIDE,AR
CHEMBL:CHEMBL29878,NFE2L2
BENZETHONIUM,CYP2D6
CHEMBL:CHEMBL68534,ALOX12
EFUNGUMAB,HSP90AA1
LUMATEPERONE,DRD2
TANEZUMAB,NGF
"(R,S)-INDATRALINE",NFKB1
AG1478,HSD17B10
PROTOPORPHYRIN DISODIUM,VDR
3-HYDROXYANTHRANILIC ACID,CASP7
"2,3-DIHYDROXY-6,7-DICHLOROQUINOXALINE",HSD17B10
SB 222200,NFKB1
CHEMBL:CHEMBL578928,SMAD3
NAFTOPIDIL,MAPK1
7-HYDROXY ISOFLAVONE,BRCA1
MOCETINOSTAT,HDAC1
RUCAPARIB,PARP1
CHEMBL:CHEMBL1493528,THRB
OBTUSAQUINONE,HPGD
CHEMBL:CHEMBL530049,ATXN2
HYDRALAZINE,EHMT2
AVE-1642,IGF1R
TARANABANT,CNR2
TRICHOSTATIN A,HDAC1
DIHYDROGAMBOGIC ACID,USP1
LIRILUMAB,KIR2DL1
CLOXYQUIN,HSP90AA1
CHEMBL:CHEMBL1983317,NQO2
GALANGIN,CYP2D6
EPINEPHRINE,HIF1A
CHEMBL:CHEMBL523200,PLK1
ALPIDEM,TSPO
QUESTIOMYCIN B,NFE2L2
BROMOPYROGALLOL RED,RELA
SENNOSIDE B,SMAD3
CHEMBL:CHEMBL1255944,PLK1
EMETINE HYDROCHLORIDE,PPARD
BUTAMBEN,TRPV4
ESTRADIOL VALERATE,GPER1
"N-DOCOSATETRA-7,10,13,16-ENOYLETHANOLAMINE",EHMT2
CHRYSIN,CYBB
CHEMBL:CHEMBL140220,TSHR
METAMIZOLE SODIUM,PTGS2
RG-1530,CDK7
METHAQUALONE,GABRA1
ENTRECTINIB,KDR
CHRYSIN,SMN1
LAVENDUSTIN C,FEN1
INDOPROFEN,PTGS2
ESTAZOLAM,CREBBP
LEVODOPA,WRN
ISOXICAM,PTGS2
CHEMBL:CHEMBL581910,SMN2
KETOCONAZOLE,SNCA
HEXAHYDROCURCUMIN,DNMT1
PERBROMOBENZENE,AR
2'-HYDROXYCHALCONE,GMNN
CHLORMETHIAZOLE,EHMT2
CUMENE HYDROPEROXIDE,ESR1
METHAQUALONE,GABRG3
TRIFLUOPERAZINE,USP1
HYDRALAZINE,CYP1A2
(R)-SARGACHROMENOL,NR1H4
(S)-FELODIPINE,HSD17B10
HESPERADIN,MARK4
SERTINDOLE,DRD2
NOMIFENSINE MALEATE,SLC6A4
CLOFIBRATE,JUN
PAPAVERINE HYDROCHLORIDE,HPGD
DOPAMINE,HSD17B10
HOMIDIUM,MAPT
CHEMBL:CHEMBL260028,SMN2
LINOLENIC ACID,VDR
PRONETALOL,ADRB1
KOJIC ACID,TYR
INDOPROFEN,SMN1
FOMEPIZOLE,EHMT2
BENZOTHIAZYL DISULFIDE,NFE2L2
PROPRANOLOL HYDROCHLORIDE,ADRB2
FUTUXIMAB,EGFR
CHEMBL:CHEMBL523200,GMNN
KETANSERIN TARTRATE,CYP2D6
LOPERAMIDE,MTOR
RALOXIFENE HYDROCHLORIDE,RXRA
CEPHALOTHIN,DNMT1
RT3,KAT2A
PHENSERINE,ALDH1A1
MACLURAXANTHONE,MAPT
CHEMBL:CHEMBL1650245,HDAC3
HESPERADIN,ACVRL1
CHEMBL:CHEMBL11458,CYP1A2
TAMOXIFEN,PLD2
MIRVETUXIMAB SORAVTANSINE,TUBB4A
CASEARINOL B,ITGAL
ETHYLESTRENOL,GMNN
PHENAMIL,SMN2
METHYLENE BLUE ANHYDROUS,MAPT
"5,7-DIMETHOXYISOFLAVONE",SMN1
PD-98059,MAPT
MIRVETUXIMAB SORAVTANSINE,TUBB4B
MIRVETUXIMAB SORAVTANSINE,TUBA4A
MARIMASTAT,MMP3
CHEMBL:CHEMBL201325,RELA
BUTAMBEN,TRPA1
MARIMASTAT,MMP2
ENLIMOMAB,ICAM1
BORTEZOMIB,PSMB8
BORTEZOMIB,PSMC6
CILNIDIPINE,CACNA1S
BORTEZOMIB,PSMD7
BORTEZOMIB,PSMC4
CPG-52852,TLR7
"1,10-PHENANTHROLINE",MAPT
RG-1530,PKN2
OLTIPRAZ,PTPN1
PROTOPORPHYRIN DISODIUM,APEX1
(S)-MIDODRINE,CYP1A2
CHEMBL:CHEMBL42355,SMN1
RG-1530,MAPK1
CHEMBL:CHEMBL1310701,VDR
BENZIODARONE,KAT2A
TAMATINIB,PTK2
ILORASERTIB,TYK2
KETOCONAZOLE,CYP1A2
PIRETANIDE,HSD17B10
RS-17053,CYP1A2
CHEMBL:CHEMBL388823,SMN2
CHEMBL:CHEMBL1315166,EHMT2
DELAVIRDINE,ABCC1
PHENELZINE SULFATE,AR
3-O-METHYLQUERCETIN,WRN
PROTOPORPHYRIN DISODIUM,PIN1
TRICHOSTATIN A,ALDH1A1
DARBUFELONE MESYLATE,AR
ISOPROTERENOL,MTOR
SANDARACOPIMARIC ACID,GABRA1
CHEMBL:CHEMBL1257092,POLB
SAPPANONE A DIMETHYL ETHER,VDR
"6,4'-DIMETHOXYFLAVONE",RELA
BORTEZOMIB,CTSL
NAPHTHOQUINONE,CASP3
EMODIN,EHMT2
OLEAMIDE,TP53
CHEMBL:CHEMBL234338,ALPL
MELITRACEN,GMNN
DICHLOROPHEN,HSP90AA1
FUMARPROTOCETRARIC ACID,HPGD
AMSACRINE,MTOR
OLEIC ACID,PLK1
NITRAZEPAM,HPGD
AURINTRICARBOXYLIC ACID,CYP1A2
CHEMBL:CHEMBL515252,SUMO1
DIMETHYL FUMARATE,KEAP1
CHEMBL:CHEMBL502774,RELA
ROTENONE,AR
"5,7-DIMETHOXYISOFLAVONE",HSD17B10
SORAFENIB,RET
ESTRADIOL VALERATE,EHMT2
CHEMBL:CHEMBL1307453,EHMT2
RO31-8220,SMAD3
EMODIN,AHR
VITAMIN A,NFE2L2
SENNOSIDE A,APEX1
CHEMBL:CHEMBL599088,TP53
TRACAZOLATE,TP53
CHEMBL:CHEMBL579420,GMNN
PROFLAVINE,EHMT2
TAMATINIB,ERBB4
ALLOPURINOL,CYP2D6
PIPLARTINE,TP53
CYCLOVALONE,NOD2
LAMOTRIGINE,CYP1A2
(-)-U-50488,TSHR
METHYSERGIDE,ALDH1A1
DASATINIB ANHYDROUS,PDGFRA
CHEMBL:CHEMBL602969,EHMT2
LAMOTRIGINE,AQP4
QUINACRINE,DRD1
AG 1296,SMN1
AG 1296,SMN2
INDOLE-3-CARBINOL,NFE2L2
CLONIDINE HYDROCHLORIDE,ADRA2A
"1,10-PHENANTHROLINE",EHMT2
GW282974X,CYP1A2
CHEMBL:CHEMBL601146,NFE2L2
KERACYANIN,MAPK14
HESPERADIN,KDR
CHEMBL:CHEMBL260560,TP53
DAUNORUBICIN LIPOSOMAL,THRB
OCHRATOXIN A,NR1H4
EMODIN,CYP2D6
SYK INHIBITOR III,ATXN2
CHEMBL:CHEMBL168075,AR
DIBENZOYLMETHANE,SMN1
SALIRASIB,GMNN
CHEMBL:CHEMBL588250,RAD54L
CHEMBL:CHEMBL1465049,ALDH1A1
CHEMBL:CHEMBL605077,MTOR
BORTEZOMIB,PLG
CHEMBL:CHEMBL1317506,SMAD3
QUERCETIN,PIK3CA
CHEMBL:CHEMBL581872,ALDH1A1
"1,10-PHENANTHROLINE",TARDBP
NAFAMOSTAT,ALDH1A1
CHEMBL:CHEMBL1214274,HPGD
MECLIZINE DIHCL,GMNN
INDOPROFEN,RELA
HARMOL HYDROCHLORIDE,HSD17B10
CARBIDOPA ANHYDROUS,HPGD
STROPHANTHIDIN,SMAD3
SB202190,RIPK2
"5,7-DIHYDROXY-4-METHYLCOUMARIN",HSD17B10
ARACHIDONIC ACID,VDR
ALLYL ISOTHIOCYANATE,TRPA1
AMCINONIDE,GMNN
CHEMBL:CHEMBL259805,NPC1
EPICATECHIN,ALB
LERCANIDIPINE,GMNN
FLUPENTHIXOL,TP53
CHEMBL:CHEMBL234338,USP1
PHENTHOATE,VDR
AFIMOXIFENE,RXRA
CHEMBL:CHEMBL599469,NPC1
ARUNCIN B,CDK1
PYRITHIONE ZINC,TP53
CHEMBL:CHEMBL1317986,HSD17B10
DEGUELIN,CYP2D6
5-HYDROXYINDOLEACETIC ACID,HPGD
CHEMBL:CHEMBL548540,SNCA
CHEMBL:CHEMBL587801,GMNN
TRACAZOLATE,CREBBP
QUERCETIN,ALDH1A1
PALMITOYL-CARNITINE,USP1
SB202190,IGF1R
S(+)-APOMORPHINE,CYP1A2
ALDICARB,AHR
CHEMBL:CHEMBL297304,WRN
M-CHLOROPHENYLPIPERAZINE,CYP2D6
CHEMBL:CHEMBL1606,AR
LAMIVUDINE,ABCC1
CHEMBL:CHEMBL392068,APH1B
FENBENDAZOLE,GMNN
BORTEZOMIB,CAPN1
ANETHOLE TRITHIONE,VDR
EMODIN,AR
PYROGALLOL,ALDH1A1
YESSOTOXIN,GYPA
METHOCTRAMINE,EHMT2
HESPERADIN,FYN
EUFLAVINE,APEX1
"3,4-DIMETHOXYDALBERGIONE",VDR
CHEMBL:CHEMBL241813,ALOX15
ILORASERTIB,MET
TAMATINIB,PDGFRB
DAUNORUBICIN LIPOSOMAL,HDAC8
BUTOCONAZOLE,HSP90AA1
CHEMBL:CHEMBL1362503,NFE2L2
DOPAMINE,DRD3
PYROGALLOL,HPGD
GUANFACINE HYDROCHLORIDE,EHMT2
CHEMBL:CHEMBL1601846,CASP6
MELPHALAN,EHMT2
EPINEPHRINE,DRD1
CHEMBL:CHEMBL587728,GMNN
25-HYDROXYCHOLESTEROL,NPC1
RETUSIN,ABCG2
POMIFERIN,ALOX15
ROTENONE,CDK1
RG-1530,NTRK1
MT-3724,RPS3A
JP1302,FEN1
CHEMBL:CHEMBL1688556,HSP90AA1
RESACTIN A,NR2F2
LAPACHONE,MAPT
CHEMBL:CHEMBL602408,EHMT2
HOMIDIUM,FEN1
CHEMBL:CHEMBL297304,NFE2L2
[3H]GBR12935,ALOX15
CHEMBL:CHEMBL421215,TP53
ERLOTINIB,JAK2
HERNIARIN,HSD17B10
CHEMBL:CHEMBL416038,KAT2B
PD-98059,CYP1A2
VINPOCETINE,DRD1
DEQUALINIUM,HSD17B10
CHEMBL:CHEMBL260028,NPC1
CHEMBL:CHEMBL2181040,MAPT
SB 204741,MAPT
MT-3724,RPS8
CHOLECALCIFEROL,VDR
PHENOTHIAZINE,MAPT
BECLOMETHASONE,NR3C1
CHEMBL:CHEMBL456559,PTK2
CLORGILINE,CYP1A2
DYCLONINE HYDROCHLORIDE,ALDH1A1
MITOMYCIN,CYP1A2
SUPROFEN METHYL ESTER,HPGD
PURPURIN,MAPK1
HYDROXYZINE PAMOATE,EHMT2
STAUROSPORINE AGLYCON,MAPT
CHEMBL:CHEMBL1317506,GMNN
CHEMBL:CHEMBL1465049,VDR
XENTUZUMAB,IGF1
INDIGO,APEX1
MORONIC ACID,PTPN1
CHEMBL:CHEMBL77387,ALDH1A1
CHEMBL:CHEMBL1422873,GAA
SR59230A,CYP1A2
SEROTONIN,CYP1A2
AURINTRICARBOXYLIC ACID,TDP1
(S)-SARGACHROMENOL,NR1H4
ILORASERTIB,MAPK14
2-IODOACETAMIDE,EHMT2
PICEID,POLB
INDOCATE,AR
FLUPIRTINE MALEATE,USP1
CHEMBL:CHEMBL151797,PLK1
CHEMBL:CHEMBL592123,TP53
CHEMBL:CHEMBL73380,AR
EFONIDIPINE,AR
ATRACURIUM BESYLATE,AR
DENDROAMIDE A,ABCB1
ROTENONE,NFE2L2
CHEMBL:CHEMBL1588679,HIF1A
PLUMBAGIN,EGFR
CHEMBL:CHEMBL53738,NFE2L2
EPOTHILONE D,TUBB4B
IXABEPILONE,ERBB2
INOTUZUMAB OZOGAMICIN,BCR
LUSUTROMBOPAG,F5
MIVACURIUM,BCHE
DACOMITINIB ANHYDROUS,EGFR
DOVITINIB,FGFR3
RUXOLITINIB,JAK2
MIRDAMETINIB,MAP2K1
APITOLISIB,MTOR
TEMSIROLIMUS,MTOR
SIROLIMUS,MTOR
CRENOLANIB,PDGFRA
ALPELISIB,PIK3CA
FELZARTAMAB,CD38
APITOLISIB,PIK3CA
GSK-2636771,PIK3CD
APITOLISIB,PIK3CG
SF1126,PIK3R4
SONOLISIB,PIK3R1
EVEROLIMUS,AKT1
CABOZANTINIB S-MALATE,RET
COPANLISIB,PIK3CG
MASITINIB,PDGFRA
TERFENADINE,ABCB1
VALSPODAR,ABCB1
DOXYCYCLINE ANHYDROUS,ABCB1
VITAMIN A,ALDH1A2
ATABECESTAT,BACE1
ROSIGLITAZONE,AGTR2
CARBONIC ANHYDRASE INHIBITOR,AQP1
DIMETHYL SULFOXIDE,AQP1
ABIVERTINIB,EGFR
2-METHOXYESTRADIOL,ATF2
EPIRUBICIN,BCL2
OXIDOPAMINE,BDNF
CHLORPROMAZINE,BDNF
DIHYDROTESTOSTERONE,BGLAP
GLYCYRRHETINIC ACID,BGLAP
MITOXANTRONE,BRCA1
PROTOPORPHYRIN,CP
ISOPROTERENOL,CYP19A1
DAUNORUBICIN LIPOSOMAL,CYP1A1
ANABOLIC STEROID,CYP19A1
FULVESTRANT,CYP1A2
SPIRONOLACTONE,CYP1A1
SPIRONOLACTONE,CYP1B1
ACETAMINOPHEN,CYP7B1
OXIDOPAMINE,DDIT3
SAPONIN,CYP7B1
MITOMYCIN,CYP7B1
DOCETAXEL ANHYDROUS,DDIT3
FOLATE ANTAGONIST,DHFR
SULFASALAZINE,DHFR
OLINVACIMAB,KDR
RECOMBINANT INTERLEUKIN-1-ALPHA,EPO
RITUXIMAB,FCGR3A
METHIMAZOLE,FCGR3B
ANTISENSE OLIGONUCLEOTIDES,GFAP
CHEMOPREVENTIVE AGENT,GGT1
PHYTOSTEROL,GHRL
GENTAMICIN,GGT1
MISONIDAZOLE,GSR
CARVEDILOL,GSR
CAMPTOTHECIN,GSTP1
SULFORAPHANE,GSTM1
HYDROQUINONE,IL1B
THERAPEUTIC CORTICOSTEROID,IL1R1
GENTAMICIN,IL2
EDRECOLOMAB,IL2
RECOMBINANT SOLUBLE HUMAN CD4 PROTEIN,IL2
METOCLOPRAMIDE HYDROCHLORIDE,IL2
TROPISETRON,IL2
MARIJUANA,IL2
CYCLOSPORINE,ITGAL
CLOBETASOL PROPIONATE,ITGAL
PAREGORIC,ITGAM
GLIMEPIRIDE,KCNJ11
TRETINOIN,KLK3
DOCETAXEL ANHYDROUS,KLK3
CHOLESTYRAMINE RESIN,LDLR
"PAROXETINE HYDROCHLORIDE, HEMIHYDRATE",SLC6A4
FAT EMULSION,LDLR
METHOXSALEN,MAPK14
LETROZOLE,MMP2
DICLOFENAC SODIUM,MPO
CYCLOPHOSPHAMIDE ANHYDROUS,NAT2
LYCOPENE,NFE2L2
WORTMANNIN,NFE2L2
NONSTEROIDAL ANTIINFLAMMATORY DRUG,NOS1
COMPOUND 32,NRG1
ISOPROTERENOL,NRG1
THEAFLAVIN,PIK3CA
MTOR INHIBITOR,PIK3CG
ROSIGLITAZONE,PIK3CG
GENTAMICIN,PLA2G2A
THEAFLAVIN,PIK3CG
ETIDRONATE DISODIUM,PLA2G2A
BUPROPION HYDROCHLORIDE,PRL
ROQUINIMEX,REG1A
ANTISENSE OLIGONUCLEOTIDES,RELA
ANTISENSE OLIGONUCLEOTIDES,RUNX2
COLCHICINE,SLC2A4
PROTEIN SYNTHESIS INHIBITOR,SLC2A4
FGFR INHIBITOR DEBIO 1347,FGFR1
WORTMANNIN,SPP1
IMMUNOSUPPRESSANT,SPP1
DNA METHYLTRANSFERASE INHIBITOR,STAT4
RECOMBINANT INTERLEUKIN,STAT3
PROGESTERONE,STS
PAREGORIC,TBXA2R
ACIVICIN,TGM2
TRIAMTERENE,TH
CAMPTOTHECIN,THBS1
TRETINOIN,WT1
CAMPTOTHECIN,WRN
BORTEZOMIB,XIAP
DACOMITINIB ANHYDROUS,EGFR
OLAPARIB,ATM
IMATINIB,PDGFRA
IMATINIB,PDGFB
CISPLATIN,ERCC2
PRUXELUTAMIDE,AR
ROZANOLIXIZUMAB,CHRNA4
GALANTAMINE,APOE
VINORELBINE,STMN1
DOXORUBICIN HYDROCHLORIDE,ERCC1
TEBOTELIMAB,LAG3
BUDIGALIMAB,PDCD1
LEVILIMAB,IL6R
VORICONAZOLE,NR1I2
DOXEPIN HYDROCHLORIDE,ABCB1
PAZOPANIB,CXCL8
CAPECITABINE,ABCG2
DOTHIEPIN,SLC6A4
ASPARAGINASE,HLA-DRB1
RUCAPARIB,CYP2D6
ADEFOVIR DIPIVOXIL,NME2
ZIPRASIDONE,LYN
ZANDATRIGINE,SCN8A
HYDRALAZINE,MMP9
HYDROCHLOROTHIAZIDE,LRRC15
CANDESARTAN CILEXETIL,SH2B3
BROMPERIDOL,ABCB1
TRABECTEDIN,ABCB1
ROMIDEPSIN,ABCB1
VALSPODAR,ABCB1
FLUVASTATIN,ABCB1
IGURATIMOD,ABCB1
AZITHROMYCIN,ABCB1
TERFENADINE,ABCB1
PREDNISONE,CTLA4
IMSIDOLIMAB,IL1RL2
TOSITUMOMAB,MS4A1
PEMBROLIZUMAB,EGFR
NERATINIB,EGFR
TREMELIMUMAB,EGFR
OLANZAPINE,PRKAB2
AFLATOXIN B1,CYP2B6
SOFOSBUVIR,IFNL3
GALANTAMINE,CYP2D6
UMECLIDINIUM BROMIDE/VILANTEROL,CYP2D6
MIRABEGRON,CYP2D6
RANOLAZINE,CYP2D6
HYDROCHLOROTHIAZIDE,PRKCA
EPINEPHRINE,ADRA2A
DAUNORUBICIN LIPOSOMAL,CPT1A
OXALIPLATIN,ABCC1
DOXORUBICIN HYDROCHLORIDE,CPT1A
GLYBURIDE,BDKRB2
GLYBURIDE,MAPK1
VALPROIC ACID,PRKAA2
LUSUTROMBOPAG,F5
GLATIRAMER,IFNAR1
THIOGUANINE,BMP7
DAUNORUBICIN LIPOSOMAL,SLCO6A1
DOXORUBICIN HYDROCHLORIDE,SOD2
FLUVASTATIN,CETP
ENTRECTINIB,NTRK1
TENELIGLIPTIN,FMO3
DOCETAXEL ANHYDROUS,NAT2
GOSERELIN ACETATE,ESR1
GEMCITABINE,FKBP5
VORTIOXETINE HYDROBROMIDE,HTR2A
ARSENIC TRIOXIDE,RARA
DOCETAXEL ANHYDROUS,XRCC4
LEVOKETOCONAZOLE,CYP11B2
HYDROCHLOROTHIAZIDE,NELL1
METHIONINE,CBS
NERATINIB,ESR1
DOCETAXEL ANHYDROUS,ABCC1
COAGULATION FACTOR VIIA (RECOMBINANT)-JNCW,F7
DOCETAXEL ANHYDROUS,EPHX1
VORINOSTAT,HDAC6
VORINOSTAT,HDAC3
ROBATUMUMAB,IGF1R
BMS-690514,KDR
CLONIDINE HYDROCHLORIDE,ADRA2A
ASENAPINE,HTR6
ASENAPINE,DRD1
ASENAPINE,ADRA1A
ASENAPINE,DRD3
OLODATEROL,ADRB2
DEXTROAMPHETAMINE SULFATE,SLC18A2
DRONABINOL,CNR2
POLMACOXIB,PTGS2
BEZAFIBRATE,PPARA
AMBRISENTAN,EDNRA
MEBENDAZOLE,TUBB4B
MC-1,P2RY12
MOCETINOSTAT,HDAC9
VORINOSTAT,HDAC6
VORINOSTAT,HDAC3
VORINOSTAT,HDAC1
PLOZALIZUMAB,CCR2
NERATINIB,EGFR
NERAMEXANE,GRIN3A
METHYLINOSITOL,PSENEN
METHYLINOSITOL,APH1A
ZOLPIDEM TARTRATE,GABRA3
ZOLPIDEM TARTRATE,GABRA1
BMN-044,DMD
POZANICLINE,CHRNA4
PSN357,PYGB
TC-6987,CHRNA7
TRAFERMIN,FGFR1
TNX-650,IL13
VIDOFLUDIMUS,IL17A
CLOZAPINE,HRH1
CLOZAPINE,DRD4
CYCLIZINE,HRH1
HEXOBARBITAL,GRIK2
HEXOBARBITAL,GRIA2
IMIPRAMINE HYDROCHLORIDE,SLC6A4
INTERFERON ALFACON-1,IFNAR1
LOSARTAN POTASSIUM,AGTR1
MARIMASTAT,MMP2
NEPAFENAC,PTGS2
OXAZEPAM,GABRA3
NITRAZEPAM,GABRG3
NOREPINEPHRINE,ADRA1A
PENBUTOLOL,ADRB1
TOLCAPONE,COMT
TILUDRONIC ACID,PTPN1
DIVALPROEX SODIUM,ABAT
DIAZEPAM,GABRA3
DALFAMPRIDINE,KCNA1
ESTRIOL,ESR1
FESOTERODINE,CHRM2
FORMOTEROL FUMARATE,ADRB2
ISOFLURANE,GRIA1
MIVACURIUM,CHRM2
OLOPATADINE,HRH1
OXANDROLONE,AR
PROGESTERONE,ESR1
PROCYCLIDINE,CHRM2
PRAZOSIN,ADRA1A
PROMAZINE,CHRM1
PROMAZINE,DRD1
SEVOFLURANE,GRIA1
SERTINDOLE,DRD2
TACRINE,ACHE
ZIPRASIDONE,HRH1
LYM-1,HLA-DRB1
ZICRONAPINE,DRD1
CARBOXYAMIDOTRIAZOLE OROTATE,IL2
VK-2809,THRB
BUDIODARONE,XK
GMI-1359,CXCR4
QUAVONLIMAB,CTLA4
LODAPOLIMAB,CD274
BRD4 INHIBITOR PLX2853,BRD4
IL-2/9/15 GAMMA CHAIN RECEPTOR INHIBITOR BNZ-1,IL2
REPOTRECTINIB,ALK
EPTINEZUMAB,S100A12
OMAVELOXOLONE,GABPA
MIRIKIZUMAB,IL12A
AZD7687,DGAT1
ASTEGOLIMAB,IL33
AVACOPAN,C5AR1
BIMIRALISIB,MTOR
MIRANSERTIB,AKT1
PEFICITINIB,JAK3
APROTININ,TFF2
RESCINNAMINE,ACE
RIBOCICLIB,CDK4
ASPIRIN,HMGCR
DARUSENTAN,EDNRA
CRA1000,CRHR1
SPERMIDINE,TXNRD1
DOPEXAMINE,DRD2
RIBOCICLIB,CCND1
OXAPROZIN,COX8A
IERAMILIMAB,LAG3
PHENPROCOUMON,VKORC1
MEPTAZINOL,BCHE
VANDETANIB,PTEN
DOVITINIB,CSF1R
SOTRASTAURIN ACETATE,PRKCQ
SOTRASTAURIN ACETATE,PRKCA
SIROLIMUS,MTOR
TAMATINIB,SYK
TEMSIROLIMUS,MTOR
NIACINAMIDE,PARP1
MAPRACORAT,NR3C1
TOSITUMOMAB,MS4A1
ABATACEPT,CD80
VORUCICLIB,CDK4
EMEDASTINE,HRH1
OXEGLITAZAR,PPARA
PF-4708671,RPS6KB1
KGP94,CTSL
CCX354,CCR1
STAT3 INHIBITOR OPB-31121,STAT3
ISTIRATUMAB,ERBB3
RESVERATROL,PRKCA
BRIGATINIB,ALK
CI-966,SLC6A1
AZD-4017,HSD11B1
AUTOLOGOUS ANTI-CD19 CAR-T CELLS TBI-1501,CD19
CRIZOTINIB,MET
TOFACITINIB,JAK3
BETAMETHASONE BENZOATE,NR3C1
GSI-136,GLUL
CIPATINIB,ERBB2
CHF-5074,GLUL
ALTENUSIN,SNCA
PF-04691502,PIK3CG
ETHYLESTRENOL,AR
ABIRATERONE ACETATE,CYP17A1
ALACEPRIL,ACE
FENOFIBRIC ACID,PPARA
AZELASTINE,HRH1
DEXAMETHASONE,NR3C1
PENTAGASTRIN,CCKBR
PANOBINOSTAT,HDAC1
REPAGLINIDE,ABCC9
TESTOLACTONE,CYP19A1
VANDETANIB,RET
SR-13668,AKT3
TAK-593,PDGFRB
CL-329167,AGTR1
LTB4,LTB4R
"3,4-METHYLENEDIOXYMETHAMPHETAMINE",SLC6A3
LY-517717,F10
DULIGOTUZUMAB,ERBB3
PBT-1033,MAPT
CHEMBL:CHEMBL450802,SNCA
[3H]8-OH-DPAT,A2M
TFMPP,A2M
YOHIMBINE,NAT2
BO1,ABL1
CENISERTIB,MAP2K2
COMPOUND 24 [PMID: 23441572],ABL2
"COMPOUND 7 [NGUYEN ET AL., 2023]",DNM2
A-119637,ABCA4
PHENTOLAMINE,ABCA4
FIPEXIDE,CYP1A2
[3H]RAUWOLSCINE,ABL1
PHENTOLAMINE,AOC1
PERVILLEINE C,ABCB1
MRE 3008F20,ABAT
LAS38096,ABAT
DERENOFYLLINE,ABCA1
FLAVONE,ABCA1
PD-169316,MAPT
CGS 24012,ABCA1
OSAJIN,ALDH1A1
GASTRIN RELEASING PEPTIDE(14-27) (HUMAN),ACAT1
MEPLAZUMAB,HLA-DRB5
RANATENSIN,ACAT1
COMPOUND 2 [PMID: 11934595],BMP1
LDN-214117,DNMT1
TYRPHOSTIN AG 555,CYP1A2
APABETALONE,EFNA3
LY-294002,BRD3
ET BROMODOMAIN INHIBITOR,EFNA3
JMV1116,BDKRB2
KALLIDIN,BDKRB2
KALLIDIN,ASIC1
FASUDIL,ROCK1
JMV1431,BDKRB2
"[PHE8,&PSI;(CH2-NH)ARG9]BK",BDKRB2
CALPEPTIN,CAPN1
SODIUM DIMETHYLCARBAMODITHIOATE,AR
UAWJ9-36-3,CAPN1
BMS-817399,ACTA1
FELODIPINE,CFTR
OCTANOL,C3
FLUFENAMIC ACID,C4A
ISOTHIOUREA-1T,ACTG1
DALPICICLIB,CDK4
TRILACICLIB,CDK4
CDK1/5 INHIBITOR,EIF4E
EBVACICLIB,EIF4EBP1
TANUXICICLIB,EIF4E
AT-7519,EIF4G1
MILCICLIB,EIF4G1
TRILACICLIB,EIF4G1
SAMURACICLIB,EIF4G1
FLUPHENAZINE HYDROCHLORIDE,ABCD1
PIMOZIDE,ABCD1
"L-741,626",ABCD1
PROMAZINE,ABCD1
MESORIDAZINE,ALDH1A1
(+)-BUTACLAMOL,ALDH1A1
(+)-BUTACLAMOL,ALDH2
EI1,EZH2
SAPITINIB,DXO
ORANTINIB,DXO
PF750,CRMP1
JNJ1661010,CRP
COMPOUND 7R [PMID: 26080733],DPYSL2
"COMPOUND 7 [NGUYEN ET AL., 2023]",DR1
CATEQUENTINIB,DRD3
FRUQUINTINIB,DRD3
VATALANIB,DRD3
BAY-6672,APOC2
COMPOUND 25 [PMID: 31260299],ENO2
ECF506,ENO2
"(1-HYDROXY-1-PHOSPHONO-2-[1,1';4',1'']TERPHENYL-3-YL-ETHYL)-PHOSPHONIC ACID",CXCR5
TIAGABINE HYDROCHLORIDE,CD14
PHENCYCLIDINE,GRIN2B
BALANOL,CST3
CITARINOSTAT,GART
COMPOUND 35M [PMID: 36073117],GART
KA2507,GART
THIOGUANINE,GATA2
ROTTLERIN,BAD
PYRITHIONE ZINC,AZF1
BENSERAZIDE,CNTFR
OMPT,BIN1
&ALPHA;-FLUOROMETHYLENEPHOSPHONATE,BIN1
GERANYLGERANYL DIPHOSPHATE,BLK
EGLUMEGAD,ANPEP
"(2R,3R)-APDC",ANPEP
REFAMETINIB,MAP2K1
UCM1341,ANK3
BILORPHIN,APOF
ETHYLKETOCYCLAZOCINE,APOF
COMPOUND 16 [PMID: 31498617],APOF
LIDOCAINE,BBS1
A-582941,ATF4
HEXAMETHONIUM,ATF3
OSANETANT,AQP4
IBODUTANT,AQP4
Y-RFRP-3,ANXA1
CYCLOSPORINE,SLCO1B3
CARFILZOMIB,PSMB9
GEMFIBROZIL,SLCO1B3
DISPROCYNIUM24,CDK6
MRS2365,APBB2
DATP&ALPHA;S,APBB2
REGLITAZAR,CCND1
NTZDPA,CCND1
LY-465608,CCND1
L-783483,CCND1
ALPELISIB,F5
PQR620,F3
PILARALISIB,F5
PIK-75,F5
FIMEPINOSTAT,F5
GSK1059615,F5
COMPOUND 15A [PMID: 32069401],PIK3CB
ZSTK474,F5
AZD8154,PIK3CB
TASELISIB,PIK3CB
COMPOUND 14K [PMID: 21982499],F10
APR19,BDNF
[HIS5]PTH-(1-34) (HUMAN),XIAP
PTHRP-(1-36),XIAP
"[ILE5,TRP23]PTHRP-(1-36) (HUMAN)",XIAP
ABALOPARATIDE,XIAP
FLUFENAMIC ACID,C9
SANGUINARIUM,VDR
VER-246608,GRM5
CHOLESTEROL SULPHATE,BCL2L1
NANOLUCIFERASE-LABELLED RELAXIN,APP
PF-562271,PRKAA1
GLXC-26326,CXADR
DESMETHOXYYANGONIN,SMN1
AUY954,AMY2A
TODRALAZINE,CYP1A2
COMPOUND 26 [PMID: 16190743],AMY2A
DOCONEXENT,USP1
PEPINEMAB,SEMA4D
CRIZANLIZUMAB,SELP
ASCORBIC ACID,CDSN
COMPOUND 21B [PMID: 31944697],SMPD1
VELDOREOTIDE,FASLG
"L-362,855",FASLG
BIM 23030,FASLG
RJW100,BGLAP
PRU-12,ALDH7A1
RN1747,TRPV4
CHENODEOXYCHOLIC ACID,NR1H4
JAK3 INHIBITOR 32,TYK2
TOFACITINIB,JAK3
SBP-7455,FH
IZORLISIB,PIK3CA
CAPIVASERTIB,AKT1
ENTRECTINIB,NTRK1
DACOMITINIB ANHYDROUS,EGFR
ANTI-HER3 MONOCLONAL ANTIBODY GSK2849330,NRG1
PEMETREXED DISODIUM,ALK
DOVITINIB,CSF1R
RUXOLITINIB,JAK2
CAPIVASERTIB,MTOR
LENVATINIB,RET
ANTI-VEGF MONOCLONAL ANTIBODY,VHL
MTOR INHIBITOR,TSC2
CRIZOTINIB,IGF1R
MTOR INHIBITOR,PTEN
BEVACIZUMAB-AWWB,MMP2
BEVACIZUMAB-AWWB,MMP9
RUXOLITINIB,JAK2
BOSUTINIB,ABL1
VENETOCLAX,ALK
PAZOPANIB,ALK
THZ1,ALK
MPS1-IN-1,CTNNB1
LIRAFUGRATINIB,FGFR2
OXALIPLATIN,FGFR2
FEXAGRATINIB,FGFR3
BARICITINIB,JAK3
SGC0946,KMT2A
ATEZOLIZUMAB,MSH2
DOSTARLIMAB,MSH2
TAS-117,PIK3CA
PI3K/MTOR KINASE INHIBITOR WXFL10030390,PIK3CA
REGORAFENIB,PIK3CA
DOSTARLIMAB,POLD1
DOSTARLIMAB,POLE
PACLITAXEL,PTEN
MULTI-AGC KINASE INHIBITOR AT13148,PTEN
APITOLISIB,PTEN
AZD8835,PTEN
VANDETANIB,PTEN
TGX-221,PTEN
TAS-117,PTEN
IPILIMUMAB,PTEN
PALBOCICLIB,RB1
R547,RB1
VORINOSTAT,RB1
SARACATINIB,VHL
REGORAFENIB,VHL
PIMASERTIB,MAP2K1
XL765,PIK3CA
CLONAZEPAM,GABRA1
ESTAZOLAM,GABRG3
MALATHION,ACE
LACOSAMIDE,SCN9A
TACEDINALINE,HDAC9
PLINABULIN,TUBB4A
VERUBULIN,TUBB4A
ARBACLOFEN PLACARBIL,GABBR2
ESKETAMINE,GRIN3B
BEGACESTAT,APH1B
ESKETAMINE,GRIN2A
VONAPANITASE,ELN
TALAZOPARIB TOSYLATE,PARP2
MUPARFOSTAT,VEGFA
MUPARFOSTAT,FGF2
MUPARFOSTAT,FGF1
PARECOXIB SODIUM,PTGS2
DEXIBUPROFEN,PTGS1
XALIPRODEN,HTR1A
CONBERCEPT,PGF
ROVELIZUMAB,ITGB2
PF-04236921,IL6
DEXFENFLURAMINE HYDROCHLORIDE,HTR2C
CHLORPHENOXAMINE,HRH1
CADAZOLID,RPSA
TUSAMITAMAB RAVTANSINE,TUBA4A
TAS0612,AKT3
TAS0612,AKT1
ZAMICASTAT,DBH
ANG1005,TUBB4A
CONTELTINIB,PTK2
KBP5209,ERBB3
RG-7636,TUBB4A
CERITINIB,NPM1
EDASALONEXENT,NFKB1
SELETALISIB,PIK3CD
BELUMOSUDIL MESYLATE,ROCK1
FIPAMEZOLE,ADRA2A
DEXELVUCITABINE,ERVW-4
IZENCITINIB,TYK2
BUCINDOLOL HYDROCHLORIDE,ADRB2
VB-201,TLR2
GELDANAMYCIN,HSP90AA1
SCOPOLETIN,KAT2A
BENZIODARONE,USP1
ENTRECTINIB,FLT4
RG-1530,JAK3
DASATINIB ANHYDROUS,FGFR1
CHEMBL:CHEMBL1255656,DRD3
CHEMBL:CHEMBL68534,FEN1
AMSACRINE,HSD17B10
NS1619,CYP1A2
CHEMBL:CHEMBL592600,GMNN
CHEMBL:CHEMBL512649,HSD17B10
ARACHIDONIC ACID,MAPT
5-HYDROXYINDOLE,GMNN
GAMMA-AMINOBUTYRIC ACID,EHMT2
CHEMBL:CHEMBL1078000,EGFR
SULBENTINE,GMNN
CHEMBL:CHEMBL590665,TP53
CHELIDAMIC ACID,NFKB1
LINOLENIC ACID,ALDH1A1
NITROBLUE TETRAZOLIUM,KMT2A
ENTRECTINIB,SYK
CHEMBL:CHEMBL189724,CYP1A2
CLOXYQUIN,NFE2L2
ISOPROTERENOL,ADRB2
PYRITHIONE ZINC,HPGD
EMODIN,POLB
ALLITRIDIN,HPGD
RISPERIDONE,DRD2
CHEMBL:CHEMBL536008,GMNN
HESPERADIN,CSK
METHYLERGONOVINE,EHMT2
RG-1530,MAP2K1
CHEMBL:CHEMBL374632,PLK1
CHEMBL:CHEMBL1092508,RAD54L
OXYTETRACYCLINE HYDROCHLORIDE,ALDH1A1
CHEMBL:CHEMBL592305,PPARD
CHEMBL:CHEMBL546580,EHMT2
CHEMBL:CHEMBL421215,HPGD
PICEATANNOL,DRD1
MONTELUKAST SODIUM,CYP1A2
UMECLIDINIUM BROMIDE,CHRM3
LEVODOPA,HSD17B10
BENZOHYDROXAMATE,HDAC6
3-METHOXYCATECHOL,HPGD
RG-1530,NTRK2
COMBRETASTATIN A4,MAPK3
3-AMINOBENZAMIDE,HSD17B10
PHENELZINE SULFATE,EHMT2
BENZO[B]FLUORANTHENE,NFE2L2
ENTRECTINIB,LRRK2
FUMARPROTOCETRARIC ACID,THRB
ESTAZOLAM,BRD3
RO31-8220,ALOX15
BENOXINATE HYDROCHLORIDE,RAD52
CHEMBL:CHEMBL1320453,MAPT
DOPAMINE,NFE2L2
SN-38,HDAC8
PHENOBARBITAL,CYP2D6
GANODERMANONTRIOL,NR1H4
EUPATORIN,KDR
CHEMBL:CHEMBL603031,ALDH1A1
(R)-BICALUTAMIDE,AR
TG100-115,RPS6KB1
BENZOTHIAZYL DISULFIDE,HSD17B10
CHEMBL:CHEMBL1242210,CXCR4
SNS-314,PTK2
PHENETHYLISOTHIOCYANATE,TP53
CHEMBL:CHEMBL486706,GAA
CHEMBL:CHEMBL453818,TUBB4B
ETHOXZOLAMIDE,AQP4
TRIPARANOL,AR
TRETINOIN,RXRA
EPICATECHIN,NOS3
TAMATINIB,FYN
PICEATANNOL,SMN2
AMSACRINE,ATXN2
ZIMELDINE,DRD1
SNS-314,RET
TAMOXIFEN,ESR2
LINOLENIC ACID,EHMT2
DYCLONINE HYDROCHLORIDE,GMNN
E319,CXCL8
DOPAMINE,EHMT2
MOXONIDINE,ADRA2A
KASANOSIN A,POLG
PHYSODIC ACID,POLB
CHEMBL:CHEMBL1320798,BRCA1
DEXAMETHASONE,AR
HALOPROGIN,AR
ADAVOSERTIB,PAK4
CHEMBL:CHEMBL601952,ALOX15
PYROGALLOL,ALB
SORAFENIB,RPS6KB1
CYSTAMINE,EHMT2
SORAFENIB,ABL1
CHEMBL:CHEMBL523200,XBP1
CHEMBL:CHEMBL585827,HSP90AA1
CHEMBL:CHEMBL502774,NPC1
TRETINOIN,NFE2L2
CHEMBL:CHEMBL462861,VDR
IOPHENOXIC ACID,KAT2A
JNK INHIBITOR VIII,MAPK8
DIZOCILPINE,GRIN1
CIMIRACEMATE A,MAPK3
CHRYSOPHANOL,APEX1
7-BENZYLOXYCOUMARIN,NFE2L2
OLEANOLIC ACID,PTPN1
DINITRO CRESOL,CXCL8
PYRITHIONE ZINC,ESR1
HISTAMINE,EHMT2
TAMATINIB,FGFR3
RG-1530,PLK1
(S)-FLUOXETINE,CYP2D6
(S)-FLUOXETINE,ATXN2
(S)-PROMETHAZINE,CYP2D6
CHEMBL:CHEMBL530049,TP53
E319,GMNN
PENTABROMOPHENOL,ESR1
ROTENONE,MTOR
CHEMBL:CHEMBL599890,NOD1
PHENETHYLISOTHIOCYANATE,MTOR
DALFAMPRIDINE,CYP2D6
CHEMBL:CHEMBL603952,ATXN2
MORUSINOL,TARDBP
TYROSOL SINAPATE,MET
GESTRINONE,AR
PROPYLTHIOURACIL,CYP2D6
TELENZEPINE,CYP2D6
3-ACETYLCOUMARIN,CYP1A2
AMINOOXYACETIC ACID,EHMT2
RG-1530,FRK
SNS-314,PDGFRB
GARDENIN,SNCA
SORAFENIB,MAPK14
GENTAMICIN,CYP2D6
ENTRECTINIB,MST1R
DAUNORUBICIN LIPOSOMAL,HDAC1
CHEMBL:CHEMBL1465049,ADRB2
DORAMAPIMOD,EGFR
"N,N'-DIPHENYL-P-PHENYLENEDIAMINE",AR
RG-1530,PRKCG
"(R,S)-INDATRALINE",MTOR
FLUNARIZINE DIHYDROCHLORIDE,HIF1A
PROPRANOLOL HYDROCHLORIDE,ADRB1
CHEMBL:CHEMBL234338,MAPT
CHEMBL:CHEMBL590691,GMNN
ZAPA,EHMT2
AZD-8055,FKBP1A
4-AMINOPHENOL,SMAD3
4-HYDROXYNONENAL,TRPA1
KETOCONAZOLE,NFE2L2
CHEMBL:CHEMBL1214274,CYP1A2
CHEMBL:CHEMBL317869,HSD17B10
ALRESTATIN,HSD17B10
3-METHOXYCATECHOL,MAPT
EPOXYCYTOCHALASIN H,GMNN
CITROPTEN,HSD17B10
CHEMBL:CHEMBL387632,EHMT2
ARACHIDONIC ACID,HPGD
RG-1530,RET
PYRAFLUFEN-ETHYL,AHR
LAPACHOL,USP1
ERIBULIN MESYLATE,ESR1
OBINUTUZUMAB,MS4A1
PARATHYROID HORMONE,CASR
THIOGUANINE,TPMT
PONATINIB,ABL1
ALVOCIDIB,CDK5
AMUVATINIB,RET
FORETINIB,FLT4
PONATINIB,KDR
ALPELISIB,PIK3CB
AUY922,HSP90AA1
PALBOCICLIB,CDK4
ALPELISIB,PIK3CG
SPIRONOLACTONE,ABCB1
CISPLATIN,ABCC1
VINCRISTINE,ABCB1
CHLORPROMAZINE,ABCG2
VALSPODAR,ABCC1
"NITROFURANTOIN, MACROCRYSTALS",ABCG2
BETAMETHASONE,ACHE
RECOMBINANT INTERLEUKIN,ADA
BICALUTAMIDE,BAX
CYCLOPHOSPHAMIDE ANHYDROUS,BAX
ISOTRETINOIN,BCL2
PREDNISOLONE,BAX
ARGIPRESSIN,BAX
TENIPOSIDE,BCL2
ANHYDROUS TACROLIMUS,CCL17
ROXITHROMYCIN,CCL11
PAREGORIC,CCR2
ROSIGLITAZONE,CD40LG
ROXITHROMYCIN,CD80
ROSIGLITAZONE,CRH
ANTIBIOTIC,CTLA4
UREA,CTSB
ANTISENSE OLIGONUCLEOTIDES,CTSK
PROTEIN SYNTHESIS INHIBITOR,EDN1
GREEN TEA EXTRACT,ERBB2
CYCLOSPORINE,ERCC6
THALIDOMIDE,F2R
DESIRUDIN,F2R
FLOXURIDINE,FAS
TENIPOSIDE,FAS
DAUNORUBICIN LIPOSOMAL,FAS
ADENOVIRUS 5-CD40 LIGAND,FAS
POLY IC,FCGR3A
PROGESTERONE,PZP
COLCHICINE,RARA
TINZAPARIN SODIUM,SERPINE1
COLCHICINE,SCD
URIDINE,SLC28A1
ROSIGLITAZONE,SLC2A1
GENTAMICIN,SLC2A1
PROTOPORPHYRIN,TAC1
FINASTERIDE,TGM2
SAPONIN,TH
DOXYCYCLINE ANHYDROUS,TH
VITAMIN A,TGM2
GLIMEPIRIDE,TNF
PRAZOSIN HYDROCHLORIDE,TNF
GENTAMICIN,TNF
ANTIOXIDANT,TP73
GENTAMICIN,VEGFA
LISINOPRIL ANHYDROUS,VIP
GELDANAMYCIN,VIM
DOXORUBICIN HYDROCHLORIDE,NQO1
ERIBULIN MESYLATE,ERBB2
FULVESTRANT,ERBB2
TEMOZOLOMIDE,HDAC4
ROZANOLIXIZUMAB,CHRNA7
DOLUTEGRAVIR SODIUM,NR1I2
ISONIAZID,NR1I2
CHLORPROMAZINE,NR1I2
DIETHYLSTILBESTROL,NR1I2
SORAFENIB,NR1I2
IVERMECTIN,ABCB1
OXALIPLATIN,MT1A
CERIVASTATIN,HMGCR
CLARITHROMYCIN,ABCB1
ASPARAGINASE,SOD2
ANHYDROUS TACROLIMUS,KCNJ11
RUCAPARIB,BRCA1
ETIDRONIC ACID,IL1B
METHAMPHETAMINE,DAOA
HYDROXOCOBALAMIN,ABCB1
INTERFERON ALFA-2B,IL18
ANTIHYPERTENSIVE AGENT,MMP9
VANDETANIB,KDR
TORSEMIDE,GNB3
ERLOTINIB,ABCB1
ERLOTINIB,ERBB3
CHLORPROMAZINE,CYP2D6
VORICONAZOLE,ABCB1
CHLORPROMAZINE,ABCB1
CANDESARTAN CILEXETIL,CYP11B2
NPPB,CFTR
DOXORUBICIN HYDROCHLORIDE,GSTM1
PERINDOPRIL,BDKRB1
DOXORUBICIN HYDROCHLORIDE,MTR
CIPROFLOXACIN,CYP1A2
GEMCITABINE,TNF
GEMCITABINE,MTHFD1
MONOAMINE OXIDASE INHIBITOR,GRIK2
LUSUTROMBOPAG,SERPINC1
ANHYDROUS TACROLIMUS,CAPN10
DELEOBUVIR,IFNL3
PEGAPTANIB,VEGFA
IGURATIMOD,NAT2
OLANZAPINE,BDNF
OLANZAPINE,TPMT
OLANZAPINE,GSTP1
OLANZAPINE,FMO1
MONOAMINE OXIDASE INHIBITOR,DDIT4
MONOAMINE OXIDASE INHIBITOR,CRHR1
DOXORUBICIN HYDROCHLORIDE,ERCC2
ENTRECTINIB,NTRK2
NERATINIB,ESR2
DIFLUNISAL,PTGS1
AMOXAPINE,SLC6A4
DULOXETINE HYDROCHLORIDE,SLC6A4
COLLOIDAL GOLD-BOUND TUMOR NECROSIS FACTOR,TNFRSF1B
CX-717,GRIA4
DIFLUPREDNATE,NR3C1
DERSALAZINE,PTGS2
LENVATINIB,FLT4
LENVATINIB,PDGFRA
PERAMPANEL,GRIA3
PERAMPANEL,GRIA2
ELDECALCITOL,VDR
ENALAPRIL MALEATE,ACE
ENMD-2076,JAK2
ENMD-2076,FYN
ENMD-2076,FLT4
ENMD-2076,NTRK1
ENMD-2076,PTK2
ENMD-2076,KDR
COBIMETINIB,MAP2K1
HEPARIN,SERPINC1
552-02,SCNN1A
GUANFACINE HYDROCHLORIDE,ADRA2A
GSI-136,APH1B
IC14,CD14
IBUDILAST,PDE4B
ITOPRIDE,DRD2
LORATADINE,HRH1
BUSPIRONE,DRD2
BUTALBITAL,GABRA3
CICLESONIDE,NR3C1
DOXYLAMINE,HRH1
FLUDROCORTISONE,NR3C2
PHENOBARBITAL,CHRNA4
PROPIOMAZINE,HTR2C
PROPYLTHIOURACIL,TPO
PROPIOMAZINE,DRD4
PROPIOMAZINE,ADRA1D
PROPIOMAZINE,CHRM3
TEMAZEPAM,GABRA1
TEMAZEPAM,TSPO
SULINDAC,PTGS2
AMBENONIUM,ACHE
BICALUTAMIDE,AR
ALITRETINOIN,RXRA
ALITRETINOIN,RARB
ALITRETINOIN,RXRB
BUTABARBITAL,CHRNA7
BASILIXIMAB,IL2RA
BENZTROPINE,CHRM1
ESTRADIOL VALERATE,ESR2
BETHANECHOL,CHRM1
BETAMETHASONE,NR3C1
BISOPROLOL,ADRB1
BETAXOLOL,ADRB1
BETAMETHASONE,ANXA1
BROMAZEPAM,GABRA1
PALIFERMIN,FGFR3
BROMAZEPAM,GABRA3
BUTABARBITAL,GABRA1
PROPYLTHIOURACIL,TPO
RAUWOLFIA SERPENTINA (USP),SLC18A2
SUNITINIB,RET
TESAMORELIN,GHRHR
THIOPENTAL,CHRNA4
TOLAZOLINE,ADRA1A
THIOPENTAL,CHRNA7
TRIAMCINOLONE,ANXA1
ZIPRASIDONE,ADRB1
OREMEPERMIN ALFA,SLC25A3
ZIPRASIDONE,DRD3
SOTICLESTAT,CYP46A1
ISTIRATUMAB,MTOR
ENSARTINIB,ALK
ENZASTAURIN,PIK3CG
ALICAFORSEN,ICAM1
CABIRALIZUMAB,CSF1R
CABIRALIZUMAB,CSF2
AGONISTIC ANTI-OX40 MONOCLONAL ANTIBODY INCAGN01949,TNFRSF4
XL-820,PDGFRA
JNJ-26483327,FYN
SERABELISIB,PIK3CA
AZACITIDINE,DNMT1
ORE-1001,ACE2
OLMESARTAN MEDOXOMIL,AGTR1
PANITUMUMAB,EGFR
MELARSOPROL,PPIG
PERUVOSIDE,NFE2L2
CHEMBL:CHEMBL111201,ADRB2
CHEMBL:CHEMBL111201,ADRB1
RONICICLIB,CDK4
ALCAFTADINE,HRH1
ORTERONEL,CYP17A1
GDC-0152,XIAP
ASUNERCEPT,FAS
EG5 KINESIN-RELATED MOTOR PROTEIN INHIBITOR ARQ 621,KIF11
AVAGACESTAT,GLUL
DARBUFELONE,PTGS2
TRANSFERRIN RECEPTOR-TARGETED LIPOSOMAL P53 CDNA,TP53
MK-1029,PTGDR
DEXAMETHASONE SODIUM PHOSPHATE,NR3C1
NAZARTINIB,EGFR
NETUPITANT,TACR1
ABITUZUMAB,ITGAV
LY-2624803,HRH1
NINTEDANIB ESYLATE,KDR
METRELEPTIN,LEPR
SEPETAPROST,PTGFR
LUTIKIZUMAB,IL1A
TYRPHOSTIN B48,HIF1A
LY-2623091,NR3C2
TOZULERISTIDE,MMP9
SUMATRIPTAN,A1BG
MESORIDAZINE,A1BG
BUSPIRONE,A1BG
ZALOSPIRONE,A1BG
[11C]AZ10419369,A2M
YOHIMBINE,A2M
SB 224289,A2M
PIPAMPERONE,A2MP1
SB 714786,A2MP1
QUIPAZINE,HTR2C
BW723C86,HTR2C
[3H]LSD,HTR2C
CYAMEMAZINE,HTR2C
5-MEOT,NAT1
METITEPINE,HTR2C
RENZAPRIDE,NAT1
MS15,FKBP2
CLOMIPRAMINE,ABCB7
LABETALOL,ABCB7
CARVEDILOL,ABCB7
CAFFEINE,ABAT
L-740093,CCKBR
[125I]CCL8 (HUMAN),ACTA1
CCL17,CCR4
CCL22,CCR4
OTELIXIZUMAB,GLRA2
EVACETRAPIB,HPGD
DRL-17822,HPGD
IL-34,DPYD
COMPOUND 12A [PMID: 29031075],CPT1B
AMLINTIDE,ACHE
CA2+,C1R
CDK12 INHIBITOR 2,EIF2S1
ASAPIPRANT,APOB
CHLORPROMAZINE,ALCAM
(+)-BUTACLAMOL,ALCAM
SCH-23390,ALCAM
(+)-BUTACLAMOL,ABCD1
PERGOLIDE,ABCD1
(+)-UH232,ABCD1
1400W,NOS2
RIBAVIRIN,GATA2
BITHIONOL,CRK
BASILIXIMAB,IL2RA
RO3244794,APOC3
FK-788,APOC3
TG6-129,APOC3
EPICATECHIN,BRCA2
COMPOUND 25AP [PMID: 37796543],EPHB1
PIRENZEPINE,BNIP3L
BARICITINIB,EPHB1
BREPOCITINIB,EPHB1
COMPOUND 11 [PMID: 35653642],EPHB2
COMPOUND 25AP [PMID: 37796543],EPHB2
COMPOUND 13A [PMID: 23639540],DRD2
TOCERANIB,DRD2
NINTEDANIB ESYLATE,DRD2
VEGF RECEPTOR 2 KINASE INHIBITOR II,DRD2
DALFAMPRIDINE,ASPA
AT-56,CR2
TEMSIROLIMUS,ETFB
ZANZALINTINIB,DRD4
"(R,S)-4-PPG",GRM8
L-AP4,GRM8
L-AP4,GRM8
FLUDROCORTISONE,NR3C2
EPLERENONE,NR3C2
DORAMAPIMOD,CTNND2
BMS-582949,CTNNB1
MK-8353,MAPK3
COMPOUND 5  [PMID: 24900526],ACE
AZD1236,ACE
FRILUGLANSTAT,PTGES
AMG319,F7
DACTOLISIB,F7
PILARALISIB,F7
NEMIRALISIB,F7
COMPOUND 14K [PMID: 21982499],F9
RILAPLADIB,MAPK14
AGL 2043,DPP6
KI-20227,DPP6
FAMITINIB,DPP6
NINTEDANIB ESYLATE,DPP6
MT47-100,CYP1A1
CEP-11981,PTK2B
TAMATINIB,PTK2B
GEMCITABINE,CD274
PACLITAXEL,CD274
LMB-100,CD274
ANTI-CD47/ANTI-PD-L1 BISPECIFIC ANTIBODY PF-07257876,CD274
SASANLIMAB,CD274
FEXAGRATINIB,FGFR1
REGORAFENIB,FGFR1
PRN1371,FGFR2
BARICITINIB,JAK1
TGX-221,JAK2
PP-242,PIK3CA
BEVACIZUMAB-AWWB,PIK3CA
BINIMETINIB,PIK3CA
ENTINOSTAT,RB1
OSIMERTINIB,TP53
VORINOSTAT,TP53
R547,TP53
LORLATINIB,TP53
CHEMBL:CHEMBL56542,EHMT2
JNJ-7706621,GRK5
PF-562271,MAP2K2
CEP-11981,AKT1
CETYLPYRIDINIUM BROMIDE,PLA2G1B
CHEMBL:CHEMBL591876,TARDBP
CHLOROBENZILATE,AR
SANGUINARIUM CHLORIDE,FEN1
CHEMBL:CHEMBL80155,ALDH1A1
BAY 11-7082,DRD1
BOS-589,RET
CHEMBL:CHEMBL1406948,NPC1
CHEMBL:CHEMBL1341830,HSD17B10
BELUMOSUDIL,ROCK1
CHEMBL:CHEMBL1545737,TARDBP
PF-562271,PKN2
CHEMBL:CHEMBL1462710,NPC1
ADJUVANT,IL1R1
AMITRIPTYLINE HYDROCHLORIDE,ABCB7
CHEMBL:CHEMBL533226,NFE2L2
BI-4020,DXO
PF-562271,CAMK2G
PF-562271,FYN
FRUQUINTINIB,KDR
PSB-KD107,ACTN3
PROMETHAZINE HYDROCHLORIDE,HRH1
VINORELBINE TARTRATE,JUN
HEPARIN,TGM2
ELETRIPTAN,A1BG
BAFETINIB,ABL1
BAMOCAFTOR,CFTR
CRUFOMATE,AR
JNJ-7706621,ABL1
PL37,MME
NICOTINE POLACRILEX,APOE
CLIDINIUM,CHRM1
CANFOSFAMIDE HYDROCHLORIDE,GSTP1
UROKINASE,SERPINE1
GOLVATINIB,MET
RESIQUIMOD,TLR8
LIAROZOLE,CYP26A1
ICOTINIB HYDROCHLORIDE,EGFR
"ERGOLOID MESYLATES, USP",DRD3
RESVERATROL,AKT1
OSI-027,PTEN
PHA-680632,TP53
CHEMBL:CHEMBL578890,SMAD3
PF-05175157,ACACB
DROMETRIZOLE,NFE2L2
CHEMBL:CHEMBL480626,VDR
EPITESTOSTERONE,AR
VALINOMYCIN,ABCB1
BIRINAPANT,PTEN
TIAPRIDE,DRD2
EMRICASAN,CASP8
GSK2830371,HLA-F
TOLFENAMIC ACID,VDR
ILOPERIDONE,DRD2
CHEMBL:CHEMBL578915,ATXN2
CHEMBL:CHEMBL312487,ALDH1A1
CHEMBL:CHEMBL603739,EHMT2
SANGUINARIUM,AR
SR2640,CYP2D6
ISOVELLERAL,MAPT
PEXASTIMOGENE DEVACIREPVEC,CSF2
IBRITUMOMAB TIUXETAN,MS4A1
CHEMBL:CHEMBL1310138,WRN
RP-6530,PIK3CG
PRACINOSTAT,HDAC9
RITUXIMAB,ERBB2
FURFURAL,AR
ATEZOLIZUMAB,CD274
ABT-925,DRD3
"COAGULATION FACTOR IX (RECOMBINANT), GLYCOPEGYLATED",F9
ENOKIZUMAB,IL9
PROMAZINE,HRH1
VISTUSERTIB,MTOR
CHEMBL:CHEMBL259327,PPARA
CHEMBL:CHEMBL580155,GAA
[125I]NDP-MSH,ANK1
DUVOGLUSTAT,GAA
RAUWOLSCINE,ABL1
FTORMETAZINE,PPARD
MULTIDRUG RESISTANCE MODULATOR,BCL2
DESIPRAMINE,CRHR1
BISACODYL,TSHR
DORZOLAMIDE,CA2
CHEMBL:CHEMBL1927684,MAOA
DECERNOTINIB,JAK3
CHEMBL:CHEMBL2036124,TUBB4A
CYC-116,PKN2
SIROLIMUS,NF1
REPAGLINIDE,KCNJ11
GALCANEZUMAB,CALCA
TRAPIDIL,CYP1A2
CHEMBL:CHEMBL1997335,MST1R
VENETOCLAX,NPM1
LINIFANIB,CAMK2G
PHENOBARBITAL,GABRA3
EMRICASAN,CASP4
CLENBUTEROL,ADRB2
LANATOSIDE C,NFE2L2
BUNAZOSIN,ADRA1D
DEMETHYLWEDELOLACTONE,MAPK3
NAPROXEN ETEMESIL,PTGS2
[125I]EPIBATIDINE,CHRNA3
PERMETHRIN,GMNN
ATRASENTAN HYDROCHLORIDE,EDNRA
CLEBOPRIDE,DRD2
CHEMBL:CHEMBL602561,SMN1
PENTOSTATIN,CCR1
ZK-158252,AMH
SUNITINIB,TP53
TIAPRIDE,DRD3
QUISINOSTAT,HDAC4
ETOPOSIDE,TP53
CEDIRANIB,ERBB4
GSK126,EZH2
ETOPOSIDE,ATM
N-ARACHIDONOYLGLYCINE,USP1
PAZOPANIB,KDR
"1,4-DIMETHOXYANTHRAQUINONE",ALDH1A1
TOFACITINIB,PTPN6
LUZINDOLE,RGS4
KO 143,ABCG2
A77636,ALCAM
COMPOUND 21B [PMID: 31430136],HIVEP2
DESVENLAFAXINE SUCCINATE,SLC6A4
APIMOSTINEL,GRIN3B
C5A,ACACB
CEP-5214,KDR
ANATIBANT,BDKRB2
CUDC-101,ERBB2
WP1066,ATP7B
PI3K/BET INHIBITOR LY294002,PTEN
PATULIN,USP1
RETINOIC ACID AGENT,IFI27
HALOPERIDOL DECANOATE,SLC1A1
SARACATINIB,SRC
XL228,IGF1R
VK-II-86,RYR2
PREGNANT MARE SERUM GONADOTROPIN,BCL2
PINAFIDE,SMAD3
CHENODEOXYCHOLIC ACID,AR
PROMETHAZINE HYDROCHLORIDE,HRH1
SALVIANOLIC ACID B,NOS3
COMPOUND 3 [PMID: 18255300],MAP3K8
CARBOPLATIN,ETS2
BHQ-880,DKK1
SU-014813,PDGFRA
ZIRAM,VDR
CENISERTIB,MAP2K1
TOLTERODINE,CHRM2
NISOLDIPINE,NFE2L2
ADJUVANT,CYP2E1
RIFAMPIN,TNF
SAR260301,PIK3CB
CHEMBL:CHEMBL461193,FEN1
IC261,APH1A
CHEMBL:CHEMBL580076,RAD52
"INSULIN ZINC, PROMPT",INSR
ASTEMIZOLE,PPARD
METHYLENE BLUE ANHYDROUS,MPO
DECITABINE,TP53
CETUXIMAB,EGFR
ALPRAZOLAM,GABRA1
PHENYTOIN SODIUM,AQP4
CHEMBL:CHEMBL259615,TP53
CHEMBL:CHEMBL1224755,PLK1
(+)-EPITAXIFOLIN,ALOX15
IBRITUMOMAB TIUXETAN,MS4A1
PF-562271,NTRK2
CHEMBL:CHEMBL578502,NFE2L2
CTP-37-DT VACCINE,LHCGR
CHEMBL:CHEMBL222556,HPGD
BOMBESIN ANTAGONIST,SST
EXEMESTANE,ESR2
CHEMBL:CHEMBL598608,PPARD
CENISERTIB,CAMK2A
CLODRONIC ACID,PLAU
UBENIMEX,ANPEP
PERPHENAZINE,DRD2
NICERGOLINE,ADRA1A
RG7342,GRM5
ALFIMEPRASE,FGA
TIRATRICOL,HIF1A
CHEMBL:CHEMBL294878,HSD17B10
EMRICASAN,CASP10
BMS-387032,GSK3B
METHYLTHIONINIUM CHLORIDE,FGB
4-METHOXYDALBERGIONE,ALDH1A1
BELATACEPT,CD28
PREGNANT MARE SERUM GONADOTROPIN,CLU
NISOLDIPINE,AR
TOZASERTIB,FYN
CHEMBL:CHEMBL222556,ALOX15
GW5074,SIRT2
SERTINDOLE,HTR2C
SIALYL LEWIS X,SELE
HYDRALAZINE,HSPA4
CISPLATIN,GABPA
MACITENTAN,EDNRB
CHEMBL:CHEMBL1255936,ALDH1A1
FLAVONE,HPGD
NIROGACESTAT,NOTCH3
EUROPIUM-LABELLED RELAXIN,APP
GEFITINIB,ERBB2
TANSHINONE I,MAPT
TYRPHOSTIN AG 879,HSD17B10
SARACATINIB,SRC
PAMOIC ACID,ADAM10
NF449,ATP1A3
GLAUCINE METHIODIDE,POLB
TESEVATINIB,EGFR
ELETRIPTAN,A2MP1
CHEMBL:CHEMBL80155,HPGD
SANGUINARIUM,HSD17B10
"PD168,077",CYP1A2
RITANSERIN,MTOR
(S)-PIA,ABAT
OMO-1,DRD4
CAFFEIC ACID PHENETHYL ESTER,MTOR
RETIFANLIMAB,CD274
GLYCYRRHIZIC ACID,HSD11B1
FLUTAMIDE,TH
FASUDIL,PRKCD
PHA-793887,CDK7
PUQUITINIB,PIK3CB
5'-GUANIDINONALTRINDOLE,USP1
PHOSMET,EHMT2
CHEMBL:CHEMBL1459280,VDR
FASUDIL,CDK5
CEDIRANIB,MST1R
GEFITINIB,MET
SEMAGACESTAT,APH1A
CHEMBL:CHEMBL1481509,NFE2L2
SELICICLIB,TP53
METHOTREXATE,DHFR
MEDI-578,NGF
"6-PHENYL[5H]PYRROLO[2,3-B]PYRAZINE",EIF4E
TEREVALEFIM,DRD4
ZETOMIPZOMIB,FRA6E
CHEMBL:CHEMBL531322,MAPT
CHEMBL:CHEMBL1997335,MAPK9
DAVUNETIDE,TUBA4A
PIRITREXIM,DHFR
PEGINESATIDE,EPOR
CEPHALOCHROMIN,TARDBP
IFOSFAMIDE,CYP2B6
EXEMESTANE,IGF1R
PACLITAXEL,TUBA4A
NITRILOTRIACETIC ACID,NFE2L2
BUFLOMEDIL,CYP2D6
HERBIMYCIN A,CD9
EHNA,CCR1
BEPOTASTINE BESILATE,HRH1
CHEMBL:CHEMBL2036124,TUBB4B
CLADRIBINE,RRM2
INTERFERON ALFA-2B,IFNAR2
GARLIC,TGM2
PYRROLIDINE DITHIOCARBAMATE,RELA
AMCINONIDE,NR3C1
HISPIDIN,APEX1
TRETINOIN,FUS
MURAGLITAZAR,ADRB1
WIN55212-2,GLRA2
APLAVIROC HYDROCHLORIDE,AR
MIANSERIN,DRD1
COMPOUND 30 [PMID: 15953724],CR1
FINASTERIDE,NFE2L2
GEFITINIB,ERBB2
TERAZOSIN,ADRA1A
TICLOPIDINE,P2RY12
DAPH,EHMT2
MITOXANTRONE HYDROCHLORIDE,MAPK1
PROMAZINE,CYP2D6
URSODIOL,NR3C1
E324,EHMT2
HISPIDIN,POLB
GP100 ANTIGEN,CSF2
AZITHROMYCIN,TFPI
IZORLISIB,F7
PENTOBARBITAL SODIUM,GABRA3
OLAPARIB,VHL
NIGULDIPINE,CYP2D6
LEVODOPA,SLC6A3
CHEMBL:CHEMBL222556,SMN1
CV-3988,EHMT2
CHEMBL:CHEMBL260311,ALPL
NORETHINDRONE,BDNF
VINORELBINE,XRCC1
STREPTONIGRIN,PADI2
CANAKINUMAB,IL1B
CHEMBL:CHEMBL1520837,CYP1A2
CETUXIMAB,EGFR
DIPHENIDOL,CHRM1
GENISTEIN,SMN1
TILARGININE,NOS1
PONATINIB,FGFR2
QUINIDINE,ABCB1
RELCOVAPTAN,ALOX15
BISPECIFIC ANTIBODY,CD28
APRATASTAT,ADAM17
CYC-116,MAPK8
CENISERTIB,PKN2
DUTEPLASE,PLG
CHEMBL:CHEMBL2088303,MAOB
CHLORANIL,TP53
APATORSEN,HSPB1
FRESOLIMUMAB,TGFB1
THYROXINE,ALDH1A1
"L-759,633",CNR2
ODM-203,FGFR2
CHEMBL:CHEMBL295337,NFE2L2
CHEMBL:CHEMBL584458,XBP1
GLUTETHIMIDE,GABRG3
NEFAZODONE,CD9
CHEMBL:CHEMBL252151,SMN2
CHEMBL:CHEMBL259327,AR
"ERGOLOID MESYLATES, USP",ADRA1D
RAUWOLSCINE,A2MP1
ANDROGRAPHOLIDE,ZFP36L1
NS1738,CHRNA3
CHEMBL:CHEMBL1997335,ALK
CHEMBL:CHEMBL484663,CASP3
OPTOBI-1,ATP2B3
AZD-4877,KIF11
ETHINYL ESTRADIOL,ESR1
CITALOPRAM,IL11
N-PROPYL BROMIDE,ESR1
CYC-116,ROCK1
METHENOLONE ENANTHATE,AR
RETINOIC ACID AGENT,PIK3CG
TETRADECANOYLPHORBOL ACETATE,ITGAL
ORANTINIB,KDR
SUNITINIB,DRD2
ASPIRIN,PTGS1
7-HYDROXYCHLORPROMAZINE,CYP2D6
DIHYDROERGOTOXINE,DRD2
TRETINOIN,PML
DRONABINOL,ABCB1
CISPLATIN,HSPA8
RECOMBINANT CHEMOKINE,CHI3L1
CELL SURFACE ANTIGEN,CP
SNS-032,CDK7
PALBOCICLIB,CDK6
ONALESPIB,HSP90AA1
DS-3078A,MTOR
AFATINIB,EGFR
GEFITINIB,EGFR
MEPENZOLATE BROMIDE,CHRM3
OXYPHENONIUM BROMIDE,CHRM3
CYCLOPENTOLATE HYDROCHLORIDE,CHRM3
IPRATROPIUM CATION,CHRM3
ENALAPRILAT ANHYDROUS,ACE
RAMIPRIL,ACE
METHAZOLAMIDE,CA2
FEXOFENADINE HYDROCHLORIDE,HRH1
EPOETIN ALFA,EPOR
RITUXIMAB,ERBB2
MEPENZOLATE BROMIDE,CHRM1
DICYCLOMINE HYDROCHLORIDE,CHRM1
BISOPROLOL FUMARATE,ADRB1
ANHYDROUS TACROLIMUS,FKBP1A
CITALOPRAM HYDROBROMIDE,SLC6A4
DOXERCALCIFEROL,VDR
SOMATROPIN (RECOMBINANT DNA ORIGIN),GHR
INSULIN SUSP PROTAMINE ZINC PURIFIED BEEF,INSR
CABOZANTINIB S-MALATE,MET
BOSUTINIB,LYN
PALIFERMIN,FGFR2
CRIZOTINIB,ALK
MIRABEGRON,ADRB3
NICOTINE POLACRILEX,CHRNB2
PERAMPANEL,GRIA4
PACLITAXEL,TUBB4B
PACLITAXEL,TUBA4A
LITHIUM CITRATE,GSK3B
ISOPROTERENOL,ADRB3
AMOXAPINE,DRD3
PIMOZIDE,DRD3
METHYLDOPATE HYDROCHLORIDE,ADRA2A
PHENYLBUTAZONE,PTGS1
"ERGOLOID MESYLATES, USP",ADRA2A
GEMCITABINE,RRM2
METHYLTESTOSTERONE,AR
PENTOXIFYLLINE,PDE4B
ETOMIDATE,GABRA1
FLURAZEPAM HYDROCHLORIDE,GABRG3
THIOPENTAL SODIUM,GABRA3
FLURAZEPAM HYDROCHLORIDE,GABRA1
CHEMBL:CHEMBL1915270,NR3C1
TRIMETREXATE,MAPT
BETAMETHASONE,NFE2L2
TOZASERTIB,PDGFRB
CHEMBL:CHEMBL316589,EHMT2
ML 10302,FEN1
WIN55212-2,MTOR
CHEMBL:CHEMBL338115,CYP2D6
DACTINOMYCIN,APEX1
FENTICLOR,PLA2G1B
CHEMBL:CHEMBL1459149,EHMT2
CYC-116,ABL1
PROPACHLOR,ALDH1A1
CHEMBL:CHEMBL222556,ALDH1A1
CAFFEIC ACID PHENETHYL ESTER,SNCA
CENISERTIB,MARK2
CHEMBL:CHEMBL522887,RAD52
PROPACHLOR,AR
GEMCITABINE,POLD1
PREGABALIN,CACNA1S
PREGABALIN,CACNG4
BENOXINATE HYDROCHLORIDE,SCN8A
BENOXINATE HYDROCHLORIDE,SCN7A
BENOXINATE HYDROCHLORIDE,SCN2A
HEXYLCAINE HYDROCHLORIDE,SCN2A
HEXYLCAINE HYDROCHLORIDE,SCN8A
DIPIVEFRIN HYDROCHLORIDE,ADRA2A
DIPIVEFRIN HYDROCHLORIDE,ADRB1
CHLORPROMAZINE HYDROCHLORIDE,DRD4
LOXAPINE,DRD3
HYDROXYAMPHETAMINE HYDROBROMIDE,ADRA2A
CP-459632,FGFR2
SAR-125844,MET
QAF805,ADORA3
TC-2216,CHRNA4
PYROTINIB,EGFR
BGT-226,PIK3R1
BMS-690514,ERBB2
BMS-690514,ERBB4
ENMD-2076,CSF1R
CI-1040,MAP2K2
CARMOTEROL,ADRB2
BEDORADRINE SULFATE,ADRB2
METHYLHOMATROPINE,CYP1A2
ITRIGLUMIDE,CCKBR
APIMOSTINEL,GRIN1
AV-101,GRIN1
NEBOGLAMINE,GRIN3A
SIMPINICLINE,CHRNA4
TEZAMPANEL,GRIK1
BMS-223131,KCNMA1
SELURAMPANEL,GRIK2
TEZAMPANEL,GRIA4
OXIDOPAMINE HYDROCHLORIDE,MAPT
CNS-5161,GRIN2A
TEZAMPANEL,GRIA1
DARIGABAT,GABRA1
MASITINIB,PDGFRB
CHEMBL:CHEMBL22062,FEN1
LINIFANIB,FLT4
ORANTINIB,PDGFRB
IDALOPIRDINE,HTR6
DOVITINIB,KDR
DOVITINIB,FLT4
CEDIRANIB,FRK
TEZOSENTAN,EDNRB
ENCENICLINE,CHRNA7
TABALUMAB,TNFSF13B
ONARTUZUMAB,MET
CHEMBL:CHEMBL591631,NFE2L2
LEXIBULIN,TUBA4A
CRENEZUMAB,APP
SAFINAMIDE MESYLATE,MAOB
ISOXICAM,PTGS1
GARCINONE E,MAPT
PROXIBARBAL,AOC1
CHEMBL:CHEMBL126804,ALDH1A1
FBT-A05,MS4A1
NIMODIPINE,NR1H4
FREMANEZUMAB,CALCA
EMAPALUMAB-LZSG,IFNG
TENALISIB,PIK3CD
MT-3724,MS4A1
AZELIRAGON,AGER
QUETMOLIMAB,CX3CL1
KOS-1584,TUBB4B
TIAPRIDE,DRD2
SELATOGREL,P2RY12
EPRENETAPOPT,TP53
RAGIFILIMAB,TNFRSF18
PEGCETACOPLAN,C3
ONALESPIB,HSP90AA1
CENTANAFADINE,SLC6A4
PLB1003,ALK
CABOTEGRAVIR SODIUM,ERVW-4
DAPANSUTRILE,NLRP3
SEVITERONEL,CYP17A1
FINOTONLIMAB,PDCD1
BQ-123,EDNRA
VELSECORAT,NR3C1
IMATINIB,PDGFRA
COSIBELIMAB,CD274
ZANIDATAMAB,ERBB2
PEXASTIMOGENE DEVACIREPVEC,CSF2
LEVOKETOCONAZOLE,CYP17A1
GW1929,KAT2A
PONATINIB,PDGFRB
PYRAZINOIC ACID,EHMT2
TRV-120027,AGTR1
REBIMASTAT,MMP2
TALAZOPARIB,BRCA1
VANDETANIB,EGFR
GEFITINIB,EGFR
DOVITINIB,KDR
GEMCITABINE,RRM2
CRIZOTINIB,ALK
PF-562271,INSR
CHEMBL:CHEMBL578061,BLK
DANTHRON,EHMT2
CHEMBL:CHEMBL591613,RAD54L
CHLORPROPAMIDE,NFKB1
HELENALIN,EHMT2
CHEMBL:CHEMBL525103,FEN1
CALPHOSTIN C,VDR
THIORIDAZINE,ATXN2
MOMETASONE,HSPB1
CHEMBL:CHEMBL1310138,KAT2A
CHEMBL:CHEMBL2059711,NR3C1
PHENAZOPYRIDINE HYDROCHLORIDE,ESR1
DIHYDROERGOTAMINE MESYLATE,MAPT
MRS 2219,CYP2D6
SULFAPYRIDINE,EHMT2
DIHYDREXIDINE,DRD2
CARFILZOMIB,PSMD7
NOVIFLUMURON,NFE2L2
ISOVELLERAL,S1PR1
BMS-387032,CDK7
CHEMBL:CHEMBL586135,S1PR1
MITOXANTRONE HYDROCHLORIDE,VDR
ALPHA-TERTHIENYL,NFE2L2
CHEMBL:CHEMBL1997335,PTK2
2-HYDROXYESTRADIOL,GMNN
CHEMBL:CHEMBL1504679,CASP3
ARUNDINE,MAPT
CHEMBL:CHEMBL546475,GMNN
CHEMBL:CHEMBL585591,NLRP3
CL-976,USP1
FENOFIBRATE MICRONIZED,TP53
VALNEMULIN,AR
CHEMBL:CHEMBL601385,TARDBP
BERKELEYACETAL A,MMP3
PSAMMAPLIN A,HDAC1
DEOXIEPINEPHRINE,HSD17B10
IMAZODAN,CYP2D6
SORBIC ACID,AR
HINOKININ,SLC6A1
ENCLOMIPHENE CITRATE,AR
CHRYSENE,NFE2L2
CONICASTEROL D,NR1H4
CHEMBL:CHEMBL22062,RAD52
APIGENIN,ALDH1A1
ALPHA-PHELLANDRENE,NFE2L2
ANDROSTENEDIONE,NR3C1
(+)-EPITAXIFOLIN,HSD17B10
PROPACHLOR,PPARD
DAPH,MAPK1
CHEMBL:CHEMBL398363,HSD17B10
CHEMBL:CHEMBL599957,EHMT2
GW559768X,SRC
CLEMASTINE,CYP1A2
CHEMBL:CHEMBL601364,ATXN2
VITAMIN K3,MAPT
CHEMBL:CHEMBL261123,TDP1
MEDROXYPROGESTERONE ACETATE,ERG
URACIL MUSTARD,VDR
HYDROXYFLUTAMIDE,AR
BUTYLATED HYDROXYTOLUENE,RXRA
CHEMBL:CHEMBL253989,NFE2L2
TRIAMCINOLONE DIACETATE,AR
N-ACETYLSEROTONIN,HPGD
CHEMBL:CHEMBL428789,RELA
CHEMBL:CHEMBL472656,CYP1A2
IBUDILAST,CYP1A2
CHEMBL:CHEMBL580816,ALDH1A1
8-PHENYL THEOPHYLLINE,CYP1A2
GEFITINIB,EGFR
RITANSERIN,NFKB1
APREPITANT,TACR1
ZIRAM,TP53
STREPTONIGRIN,NFE2L2
SULINDAC SULFOXIDE,EHMT2
TRIFORINE,AR
DIHYDREXIDINE,NFKB1
TRIAZOLAM,BRD4
DEXTROMEPROMAZINE,EHMT2
CHEMBL:CHEMBL156959,GMNN
TRITON X,NFE2L2
ISOEUGENITOL,MAPT
N-OLEOYLDOPAMINE,DRD3
CHEMBL:CHEMBL601110,CYP1A2
CHEMBL:CHEMBL546797,PRKCQ
CHEMBL:CHEMBL338115,FEN1
SANGUINARIUM,RGS4
DEXIBUPROFEN,PTGS2
CHEMBL:CHEMBL1481509,ATXN2
BAY 11-7082,KAT2A
ZAFIRLUKAST,POLB
MIFEPRISTONE,AR
PATULIN,PPARG
N-ARACHIDONOYLGLYCINE,VDR
NONIVAMIDE,AR
BUFLOMEDIL,EHMT2
SHIKONIN,THRB
JUGLONE,HSD17B10
CHEMBL:CHEMBL584458,FEN1
CHEMBL:CHEMBL546797,FYN
PF-562271,ROCK1
MUNDULONE,MAPK1
EUPAFOLIN,FEN1
DEMETHYLWEDELOLACTONE,MMP2
ISOLIQUIRITIGENIN,GMNN
CHEMBL:CHEMBL1330352,SMN2
CHEMBL:CHEMBL598477,PTPN22
CHEMBL:CHEMBL1997335,PRKAA1
CHEMBL:CHEMBL579318,TARDBP
KETOROLAC TROMETHAMINE,HTT
OXYTETRACYCLINE ANHYDROUS,HIF1A
ERBSTATIN,TDP1
VU0001171,MAPT
CENISERTIB,PAK4
TAK-715,CSNK1D
PF-562271,PTK2
CHEMBL:CHEMBL601364,VDR
CHEMBL:CHEMBL493863,EHMT2
SORAFENIB,AR
MK-8245,SLCO1B3
PENTACHLORONITROBENZENE,AR
CHEMBL:CHEMBL146710,ALPL
FLUOROSALAN,GMNN
SITOGLUSIDE,GSK3B
CHEMBL:CHEMBL83159,AR
GMQ,RAD52
TOZASERTIB,SRC
CHEMBL:CHEMBL324053,HDAC9
TROLOX,EHMT2
CHEMBL:CHEMBL324053,HDAC8
KRN-7000,CD1D
BUTANAL,ALDH1A1
CHEMBL:CHEMBL2178586,PPARG
FURAFYLLINE,NFKB1
CHEMBL:CHEMBL578276,TSHR
N-ARACHIDONOYLGLYCINE,HSD17B10
CHEMBL:CHEMBL502257,HPGD
TYRPHOSTIN 23,RGS4
MOLINDONE,DRD1
SEMAGACESTAT,NCSTN
4-METHOXYDALBERGIONE,USP1
CHEMBL:CHEMBL198759,SMN2
ISOLIQUIRITIGENIN,RELA
DOFETILIDE,CYP2D6
INAMRINONE,MAPT
PF-562271,MST1R
GEDUNIN,ATXN2
CHEMBL:CHEMBL530698,EHMT2
CHEMBL:CHEMBL1342336,SMAD3
CHEMBL:CHEMBL1956073,MAP2K2
POTASSIUM DICHROMATE,TP53
RESVERATROL,TP53
R-(+)-METHANANDAMIDE,TDP1
CHEMBL:CHEMBL578890,TP53
ZAFIRLUKAST,GMNN
BUFEXAMAC,CYP1A2
CHEMBL:CHEMBL1412489,GAA
DEXIBUPROFEN,TARDBP
CLENBUTEROL HYDROCHLORIDE,ADRB2
CHEMBL:CHEMBL578905,MAPT
RAFOXANIDE,TSHR
ABAMECTIN,AR
ALCLOMETASONE,AR
DESMETHOXYYANGONIN,AHR
ARTEMISININ,AR
"5,7-DIHYDROXYISOFLAVONE",HPGD
7-HYDROXYFLAVONE,BRCA1
DACTINOMYCIN,PPARD
SULFAPHENAZOLE,CYP1A2
RAFOXANIDE,HTT
PROCARBAZINE,ALOX15
CHEMBL:CHEMBL2094789,NFKB2
LINIFANIB,INSR
GMQ,SMAD3
CHEMBL:CHEMBL259615,HSD17B10
PYRROLIDINE DITHIOCARBAMATE,ALDH1A1
BENZAMIL,GAA
SCLEROTIORIN,USP1
BITHIONOL,POLB
PROPARGITE,TP53
CGS 15943,HIF1A
ENDOSULFAN,NFE2L2
CHEMBL:CHEMBL1504679,WRN
DEXTROMEPROMAZINE,CYP2D6
CYC-116,MAP4K4
METHYLTHIONINIUM CHLORIDE,TSHR
CENISERTIB,MET
CEPHALOTHIN SODIUM,EHMT2
PAREGORIC,ABCB1
CHEMBL:CHEMBL600841,RAD52
CHEMBL:CHEMBL1448140,ALDH1A1
THIOSEMICARBAZIDE,AR
CHEMBL:CHEMBL577419,HTT
RETINYL ACETATE,AR
CHEMBL:CHEMBL582278,MTOR
CHRYSOERIOL,RELA
DITHIAZANINE,HTT
DIPIVEFRIN HYDROCHLORIDE,ADRB2
CHEMBL:CHEMBL1546228,ATXN2
SB 204070,CYP2D6
CHEMBL:CHEMBL590686,ATXN2
HYDROXYTOLUIC ACID,HSD17B10
DEOXIEPINEPHRINE,DRD1
BETAMETHASONE BUTYRATE PROPIONATE,AR
CHEMBL:CHEMBL477936,SIRT5
LARGAZOLE,TUBA4A
CHEMBL:CHEMBL398363,NFE2L2
TAK-715,MAP4K4
TAK-715,ERBB4
GEFITINIB,ERBB4
FEBANTEL,GMNN
TRIMETREXATE,EHMT2
PONATINIB,PDGFRA
AMLEXANOX,NPC1
CHEMBL:CHEMBL592068,HTT
CHEMBL:CHEMBL546797,CDK7
FLUPIRTINE,VDR
GANCAONIN L,PPARG
CHEMBL:CHEMBL253989,HIF1A
DESMOSTEROL,NR1H2
LARGAZOLE,HDAC3
BAY 61-3606,CSF1R
2-ARACHIDONOYLGLYCEROL,VDR
HONOKIOL,ATXN2
GF109203X,EHMT2
CYC-116,MET
2-PHENYLQUINOLINE,BRCA1
TYRPHOSTIN A9,RGS4
CHELERYTHRINE,EHMT2
OXIDOPAMINE HYDROCHLORIDE,RAD52
LINURON,AR
CHEMBL:CHEMBL1923521,HRH1
CHEMBL:CHEMBL585828,GMNN
DERRUBONE,HSP90AA1
JUGLONE,HPGD
CHEMBL:CHEMBL261123,NPC1
TOZASERTIB,PRKAA1
TEMEFOS,AR
TENATOPRAZOLE,NFE2L2
ETRAVIRINE,ABCB1
7-O-METHYLCRYPTOCHINONE B,NR1H4
CHEMBL:CHEMBL1609016,MAPT
CHEMBL:CHEMBL2094789,SMN1
CHEMBL:CHEMBL1531222,NFE2L2
PHENAZOPYRIDINE HYDROCHLORIDE,NFE2L2
PELUBIPROFEN,NFE2L2
JNJ-7706621,CDK7
CHEMBL:CHEMBL1306556,PLK1
CHEMBL:CHEMBL601385,EHMT2
JNJ-7706621,PAK4
RIBAVIRIN,TP53
CHEMBL:CHEMBL259327,ESR1
TETRAZOLIUM RED,NFE2L2
CHEMBL:CHEMBL184074,HSD17B10
GW843682X,NTRK1
CHEMBL:CHEMBL244707,HPGD
EPICATECHIN GALLATE,MET
INDOCYANINE GREEN ACID FORM,USP1
CARMUSTINE,CYP2D6
CHEMBL:CHEMBL601110,MAPT
CENISERTIB,NTRK2
CHEMBL:CHEMBL546797,ALK
CHEMBL:CHEMBL428789,MAPK1
GW843682X,DYRK1A
TEMEFOS,VDR
SDX-101,KAT2A
VIOLASTYRENE,VDR
S-METOLACHLOR,NFE2L2
CHEMBL:CHEMBL2203709,TACR1
COSMOMYCIN C,STAT3
TYRPHOSTIN AG 879,RGS4
PF-562271,PDGFRB
4-NITROANILINE,AR
RESVERATROL,HTT
SPINASAPONIN A METHYL ESTER,MAPK3
PRECLAMOL,DRD1
CHEMBL:CHEMBL2332279,CHRNA3
MASOPROCOL,HSP90AA1
LINIFANIB,MAP2K2
CENISERTIB,RET
CRIZOTINIB,ALK
KU-0060648,PRKDC
CEDIRANIB,FYN
CHEMBL:CHEMBL584458,WRN
MITOXANTRONE HYDROCHLORIDE,PPARD
CHEMBL:CHEMBL1410004,CYP2D6
N-OLEOYLDOPAMINE,TP53
CHEMBL:CHEMBL1459280,ALDH1A1
SB-242235,PRKACA
HYDROQUINONE,NFE2L2
GATIFLOXACIN ANHYDROUS,VDR
BAY 11-7082,CDK1
CEP-11981,EGFR
AMSACRINE HYDROCHLORIDE,RAD54L
CHEMBL:CHEMBL354663,ESR1
MEDROXYPROGESTERONE ACETATE,ALDH1A1
BELUMOSUDIL,BLK
CEP-11981,GSK3B
TYRPHOSTIN 23,HSD17B10
CHEMBL:CHEMBL600313,CASP3
DACTINOMYCIN,HTT
EMETINE,ATXN2
ELATOSIDE D,PPARG
SDZ 205557,CYP2D6
CLEMASTINE,TP53
2-APB,VDR
FERBAM,AR
CHEMBL:CHEMBL579318,S1PR1
DACTINOMYCIN,THRB
FLAVANONE,ALOX15
ASTEMIZOLE,TP53
CHEMBL:CHEMBL1485809,MAPK1
ESTRAMUSTINE PHOSPHATE,AR
CENISERTIB,TYK2
"2,4,6-TRIBROMOPHENOL",PPARA
CHEMBL:CHEMBL179611,EHMT2
ZIRAM,AR
RITANSERIN,CYP2D6
CHEMBL:CHEMBL1520837,CYP2D6
CHEMBL:CHEMBL1256813,EHMT2
ZAFIRLUKAST,VDR
TYRPHOSTIN AG 879,CYP1A2
DESOXYCORTICOSTERONE ACETATE,AR
CHEMBL:CHEMBL410484,CTNNB1
LINIFANIB,MAPK9
HYDROCORTISONE SODIUM SUCCINATE,AR
BAY 61-3606,CAMK2G
OLMESARTAN MEDOXOMIL,ALB
SAQUINAVIR MESYLATE,NFE2L2
FENOFIBRIC ACID,PPARD
FUROSPONGOLIDE,HIF1A
SRT-1720,SIRT1
MONENSIN SODIUM,AR
BENZODODECINIUM CHLORIDE,AR
DITHIAZANINE,FEN1
PF-562271,BLK
CLOBETASOL PROPIONATE,AR
CHEMBL:CHEMBL274921,APBA1
AJMALICINE,CYP1A2
TAK-715,MAPK9
CEPHALOCHROMIN,ALPL
CYC-116,GSK3B
PF-562271,MAP4K4
ISOPROPYL PALMITATE,NFE2L2
TOZASERTIB,INSR
SR2640,EHMT2
TANSHINONE I,POLB
CEPHALOCHROMIN,PLK1
CHEMBL:CHEMBL312487,MAPT
CHEMBL:CHEMBL1432305,ESR1
DACOMITINIB ANHYDROUS,EGFR
CHEMBL:CHEMBL1990783,GMNN
CHEMBL:CHEMBL582099,SMAD3
JNJ-7706621,MAP2K1
ENOXIMONE,EHMT2
ZAMIFENACIN,CHRM2
CHEMBL:CHEMBL84685,AHR
CYCLOSTREPTIN,TUBA4A
LEVOTHYROXINE,PPARG
ZIRAM,MAPK1
ETOPOSIDE,CYP2D6
CHEMBL:CHEMBL1545737,EHMT2
CEPHALOCHROMIN,USP1
"3,4-DICHLOROISOCOUMARIN",GMNN
METHYLTHIONINIUM CHLORIDE,POLB
PF-562271,TYK2
HYDROQUINONE,HSD17B10
GEDUNIN,GMNN
FAGARONINE,RAD52
SANGUINARIUM CHLORIDE,MAPT
OMEPRAZOLE,PLK1
CHEMBL:CHEMBL2059711,AR
VITAMIN K3,MAOB
GEFITINIB,CAMK2G
CHEMBL:CHEMBL529138,NFE2L2
HESPERETIN,CYP1A2
CHEMBL:CHEMBL525103,MAPT
IMATINIB,ABL1
NINTEDANIB ESYLATE,FGFR2
FEXAGRATINIB,FGFR2
NINTEDANIB ESYLATE,FGFR1
INFIGRATINIB,FGFR1
NINTEDANIB ESYLATE,PDGFRB
PAZOPANIB,KDR
VANDETANIB,EGFR
COBIMETINIB,MAP2K6
ZIDOVUDINE,ABCB1
METHADONE HYDROCHLORIDE,ABCB1
MICONAZOLE NITRATE,ABCB1
PHENOTHIAZINE,ABCB1
GARLIC,ABCB1
IL-6,ABCB1
FOLIC ACID,AFP
MITOGEN-ACTIVATED PROTEIN KINASE INHIBITOR,AGER
RECOMBINANT FIBROBLAST GROWTH FACTOR 2,AGTR2
ZINC SULFATE ANHYDROUS,ANPEP
EPOETIN ALFA,ANPEP
RETINOIC ACID AGENT,APOD
REVERSE TRANSCRIPTASE INHIBITOR,APOB
CLADRIBINE,BCL2L2
DIDANOSINE,BDNF
NORMAL SALINE,BDNF
SIMVASTATIN,BDNF
LIDOCAINE,BDNF
RECOMBINANT COLONY STIMULATING FACTOR,BGLAP
THERAPEUTIC ANDROSTANOLONE,BGLAP
CARBAMAZEPINE,BGLAP
MELATONIN,BGLAP
AMINOGLYCOSIDE ANTIBIOTIC,CASR
AMINOGLYCOSIDE ANTIBIOTIC,CDKN1B
DIETHYLSTILBESTROL,CP
MULTIDRUG RESISTANCE MODULATOR,CSF2
HEPARAN SULFATE,CTSK
"IBUPROFEN, SODIUM SALT",CYP19A1
LIOTHYRONINE,CYP1A1
AZTREONAM,CYP19A1
POLY IC,CYP2B6
BETA-ADRENERGIC ANTAGONIST,CYP2D6
PLATINUM,DDIT3
CISPLATIN,DDIT3
TETRADECANOYLPHORBOL ACETATE,DIABLO
FOLIC ACID,DHFR
METHOTREXATE,DHFR
CLADRIBINE,DIABLO
SELENIUM,DNMT1
ENALAPRIL MALEATE,DSP
HOECHST 33258,E2F1
"INSULIN, REGULAR, HUMAN",ENO2
GABAPENTIN,ENO2
HEPARIN,FCGR3A
FENTANYL CITRATE,FCGR3A
LIF,FCGR3B
DEFEROXAMINE,GAPDH
SELENIUM,GJA1
LABETALOL,GJA1
TNF-ALPHA,GHRL
TCDD,GRB2
ANTINEOPLASTIC AGENT,GRB2
RECOMBINANT FIBROBLAST GROWTH FACTOR 2,GRIA3
ONDANSETRON HYDROCHLORIDE,GSR
FLUTICASONE,IL1B
POLYVALENT VACCINE,IL1B
PERFOSFAMIDE,IL2
HUMAN CHORIONIC GONADOTROPIN,IL2
PROTEIN KINASE C INHIBITOR,IL2
CLADRIBINE,IL2RA
SIGNAL TRANSDUCTION INHIBITOR,IL2
ISOTRETINOIN,IL2RA
ANHYDROUS TACROLIMUS,ITGAL
RECOMBINANT CHEMOKINE,ITGAL
PROTEIN KINASE C INHIBITOR,ITGAM
TETRADECANOYLPHORBOL ACETATE,ITGAX
HYDROCORTISONE BUTYRATE,ITGAM
LYMPHOKINE-ACTIVATED KILLER CELLS,ITGB2
LYMPHOKINE-ACTIVATED KILLER CELLS,ITGB2
RECOMBINANT HUMAN THROMBOPOIETIN,ITGB2
ABARELIX,KLK3
FOLIC ACID,LEP
LOVASTATIN,LEP
RISPERIDONE,LEP
REBIMASTAT,MMP2
FLUDARABINE,MPO
SIMVASTATIN,MMP2
MERCAPTOPURINE,MTHFR
SELENIUM,MT1H
HYPOXANTHINE,MYC
FOLIC ACID,MYC
BUTYLATED HYDROXYTOLUENE,NAT2
GENE TRANSDUCTION AGENT,NFE2L2
HALOPERIDOL DECANOATE,NPY
ETHACRYNIC ACID,NQO1
DIAZOXIDE,NT5E
MEK INHIBITOR PD-98059,NRG1
THERAPEUTIC ANDROSTANOLONE,PEBP1
"INSULIN, REGULAR, HUMAN",PCSK1
HERBIMYCIN A,PIK3CA
FLUDARABINE,PIK3CG
RETINOIC ACID AGENT,PLA2G1B
SELENIUM,PIK3CG
CHEMBL:CHEMBL59532,CYP1A2
RECOMBINANT VASCULAR ENDOTHELIAL GROWTH FACTOR,PIK3CG
SIMVASTATIN,PIK3CG
TETRADECANOYLPHORBOL ACETATE,PLA2G2A
ZIDOVUDINE,PRL
ANTINEOPLASTIC AGENT,PRL
MELATONIN,RARA
DEXAMETHASONE,RET
"INSULIN, REGULAR, HUMAN",RARA
IMIDAZOLE ACETIC ACID,EHMT2
"INSULIN, REGULAR, HUMAN",SHBG
"INSULIN, REGULAR, HUMAN",SLC2A3
HEPARIN,SLC2A4
STREPTOZOCIN,SLC2A4
HEPARIN,SLPI
VALPROIC ACID,SMN1
IL-6,SOS1
ESTRADIOL 3-BENZOATE,SST
ATROPINE,AR
SAQUINAVIR MESYLATE,NR1H4
THERAPEUTIC ANDROGEN,TAC1
DEXAMETHASONE,TEAD1
STAUROSPORINE,CASP3
TETRADECANOYLPHORBOL ACETATE,TBXAS1
LOVASTATIN,TFPI
MELATONIN,TGFB1
SIMVASTATIN,THBD
DIMETHYL SULFOXIDE,WT1
TANESPIMYCIN,XIAP
NILOTINIB,ABL1
FLUDARABINE,XIAP
SEMAGACESTAT,APH1B
DASATINIB ANHYDROUS,ABL1
ZOLIGRATINIB,FGFR1
TAZEMETOSTAT,EZH2
LECANEMAB,APOE
HALOPERIDOL DECANOATE,MTHFR
HALOPERIDOL DECANOATE,NTS
HALOPERIDOL DECANOATE,CYP1A2
HALOPERIDOL DECANOATE,TOR1A
HALOPERIDOL DECANOATE,DPP6
HALOPERIDOL DECANOATE,RGS2
CARBOPLATIN,ATAT1
DESIPRAMINE,CACNG2
SN-38,ABCG2
TYRPHOSTIN B48,VDR
CLOMIPRAMINE,AKT1
ECULIZUMAB,CHRNA4
CHEMBL:CHEMBL2094789,HTT
CISPLATIN,CCND1
CUCURBITACIN E,STAT3
ERGOT ALKALOIDS,DBH
INTERFERON BETA-1A,HLA-DQA1
MIANSERIN,CYP2D6
ZOSUQUIDAR,ABCB1
LANIQUIDAR,ABCB1
SILIBININ,ABCB1
FOLIC ACID,ABCB1
FLUPHENAZINE HYDROCHLORIDE,ABCB1
AMIODARONE HYDROCHLORIDE,ABCB1
CHEMBL:CHEMBL586135,NFE2L2
ETANERCEPT-SZZS,NFKB1
QUETIAPINE FUMARATE,HTR1A
OSIMERTINIB,EGFR
RISPERIDONE,RGS4
IBRITUMOMAB TIUXETAN,MS4A1
ETANERCEPT-SZZS,HLA-E
ETANERCEPT-SZZS,PSORS1C1
ETANERCEPT-SZZS,HLA-B
CHEMBL:CHEMBL408653,SMN2
JNJ-7706621,PRKAA1
FOLIC ACID,TLR4
NETUPITANT,CYP2D6
CLONIDINE HYDROCHLORIDE,CYP2D6
DEHYDRATED ALCOHOL,CYP2D6
NICOTINE POLACRILEX,DBH
CLONAZEPAM,NAT2
XANTHYLETIN,SMN2
CHEMBL:CHEMBL591613,CYP1A2
ALBUTEROL SULFATE,ADRB2
CODEINE ANHYDROUS,CYP1B1
PEGASPARGASE,APOA5
GEMTUZUMAB OZOGAMICIN,ADH1A
HARMINE,CYP1A2
FASUDIL,CDK7
FLUOXETINE HYDROCHLORIDE,GSK3B
QUETIAPINE FUMARATE,MIR582
RITUXIMAB,ESR2
CHEMBL:CHEMBL252417,MAPT
CHEMBL:CHEMBL1373255,GMNN
ATENOLOL,ZMAT4
CYTARABINE,NQO2
SILDENAFIL,NOS3
CHEMBL:CHEMBL1945130,SIRT1
TETRAIDOFLUORESCEIN,KAT2A
DESIPRAMINE,HLA-A
DESIPRAMINE,EPHX1
RESVERATROL,HIF1A
"ESTROGENS, CONJUGATED (USP)",ABCC1
PROPRANOLOL HYDROCHLORIDE,CYP1A2
RITUXIMAB,ESR1
"ESTROGENS, CONJUGATED (USP)",ESR1
VANDETANIB,EGFR
TESEVATINIB,EGFR
SARACATINIB,ABL1
CIXUTUMUMAB,IGF1R
TEPROTUMUMAB,IGF1R
ISPINESIB,KIF11
DOVITINIB,KDR
TELATINIB,KDR
ALOGLIPTIN,DPP4
AMIODARONE HYDROCHLORIDE,ADRB1
BRIMAPITIDE,MAPK9
AMIBEGRON,ADRB3
MASOPROCOL,MAPT
APD791,HTR2A
P-AMINOHIPPURATE,MAPT
EPOETIN ALFA,EPOR
PEXMETINIB,KDR
TRIFLOXYSTROBIN,NFE2L2
ANTITHROMBIN ALFA,F7
PIRENZEPINE,EHMT2
BALSALAZIDE,PTGS2
INTERFERON BETA-1A,IFNAR1
NINTEDANIB ESYLATE,FGFR1
NINTEDANIB ESYLATE,PDGFRB
CHLORALIN,AR
BIMOSIAMOSE,SELL
NINTEDANIB ESYLATE,FGFR2
BUCINDOLOL HYDROCHLORIDE,ADRB1
CALCIPOTRIENE,VDR
NARINGENIN,CYP1A2
HISPIDIN,FEN1
"TRIS(2,3-DIBROMOPROPYL)PHOSPHATE",AR
CHEMBL:CHEMBL2094789,NFKB1
CRIZOTINIB,ALK
CHEMBL:CHEMBL2094789,RELA
SEMAPIMOD,MAPK14
PSEUDOEPHEDRINE,ADRA2A
FISPEMIFENE,ESR2
ALVOCIDIB,CDK1
CHEMBL:CHEMBL480626,AR
ALVOCIDIB,CDK6
TOFACITINIB,TYK2
CHEMBL:CHEMBL1255936,HPGD
AMLEXANOX,GAA
CHEMBL:CHEMBL256967,NFKBIA
MESALAMINE,PPARG
CHEMBL:CHEMBL1923999,AR
CYC-116,KDR
MESALAMINE,PPARG
QUINOXALINE,SMAD3
MILVETEROL,ADRB2
NIRAPARIB,PARP1
CHEMBL:CHEMBL531322,GAA
ADIPIPLON,GABRA1
SORAFENIB,RAF1
GINGKOLIC ACID,ALOX15
SORAFENIB,PDGFRB
NILOTINIB,ABL1
HELENALIN,HTT
PALOMID 529,MTOR
PARDOPRUNOX,ADRA2A
PARDOPRUNOX,HTR1A
INGENOL MEBUTATE,PRKCD
"2-O, 3-O DESULFATED HEPARIN",HPSE
THROMBIN,F5
PRACINOSTAT,HDAC6
PRACINOSTAT,HDAC3
PRACINOSTAT,HDAC9
PRACINOSTAT,HDAC4
RESATORVID,TLR4
SULODEXIDE,SERPINC1
SULFASALAZINE,PTGS1
TRAMIPROSATE,APP
EPINEPHRINE,ADRA1A
UROKINASE,PLAU
VADIMEZAN,KDR
MELEVODOPA,DRD3
UROKINASE,SERPINB2
NIMOTUZUMAB,EGF
VATALANIB,PDGFRB
VICRIVIROC,CCR5
CARBAMOYLCHOLINE,CHRM1
CHLORMEZANONE,TSPO
"ESTROGENS, CONJUGATED (USP)",ESR1
CROMOGLYCATE,KCNMA1
DESOXIMETASONE,NR3C1
DESIPRAMINE,CHRM2
EPOPROSTENOL,PTGIR
ENFLURANE,GABRA1
FLUOROMETHOLONE,NR3C1
INTERFERON ALFA-2B,IFNAR2
LUTROPIN ALFA,LHCGR
METHDILAZINE,HRH1
METHOXAMINE,ADRA1A
NILUTAMIDE,AR
PENTOBARBITAL SODIUM,GRIA2
SULPIRIDE,DRD2
THIOPENTAL,GRIA2
TRIFLUPROMAZINE,CHRM1
CROMOGLYCATE,KCNMA1
DIPHENIDOL,CHRM2
EPINEPHRINE,ADRB1
ENFLURANE,GRIA1
ENFLURANE,GABRA1
EPINEPHRINE,ADRA1A
"ERGOLOID MESYLATES, USP",ADRA2A
ETOMIDATE,GABRA1
FLUNISOLIDE ANHYDROUS,NR3C1
CHEMBL:CHEMBL578944,NOD2
FLUMAZENIL,GABRA1
FOSINOPRIL,ACE
LABETALOL,ADRB1
LISURIDE,HTR1A
LISURIDE,DRD2
MIDAZOLAM HYDROCHLORIDE,GABRA3
NANDROLONE DECANOATE,AR
NEFAZODONE,ADRA1A
NEFAZODONE,SLC6A4
PROGABIDE,GABRA1
INCOBOTULINUMTOXINA,SNAP25
SERTRALINE HYDROCHLORIDE,SLC6A4
CYC-116,SRC
SITAGLIPTIN,DPP4
SELEGILINE,MAOB
GW3965,KAT2A
FENCHLORAZOL-ETHYL,AR
RALINEPAG,PTGIR
KA2507,HDAC6
M-2698,AKT3
OLORINAB,CNR2
DIACETYLRHEIN,CASP1
EFMARODOCOKIN ALFA,IL22
CHEMBL:CHEMBL528045,ALOX12
ALTISSIMACOUMARIN E,SIRT1
METHYLTHIONINIUM CHLORIDE,MAPT
TAK-715,KDR
CHRYSOERIOL,NFKB1
APADENOSON,ADORA2A
BITHIONOL,VDR
PRACINOSTAT,HDAC9
PIPERINE,BRCA1
LISTERIA MONOCYTOGENES-LLO-PSA VACCINE ADXS31-142,KLK3
CHEMBL:CHEMBL1373255,TARDBP
AM251,CNR2
RALOXIFENE HYDROCHLORIDE,ESR1
CHEMBL:CHEMBL591126,HSP90AA1
BITHIONOL,TP53
CENISERTIB,FGFR3
DERRUBONE,MAPT
CEPHALOCHROMIN,FEN1
LINIFANIB,PTK2
SODIUM CHLORIDE,ADRA2A
APOMINE,NR1H4
TOZASERTIB,FLT4
TRYPTAMINE,CYP1A2
MICONAZOLE NITRATE,VDR
PRAVASTATIN SODIUM,HMGCR
TRANILAST,STS
ANTI-EGFR MONOCLONAL ANTIBODY EMD 55900,EGFR
FLUPHENAZINE HYDROCHLORIDE,GMNN
QUINAGOLIDE,DRD2
DOXAZOSIN MESYLATE,GMNN
GLYMIDINE,KCNJ10
BACLOFEN,NFKB1
GUAIFENESIN,CYP1A2
RADIOSUMIN B,PLG
TARENFLURBIL,GLUL
CHEMBL:CHEMBL582699,ATXN2
CHEMBL:CHEMBL586870,PTH1R
DERRUBONE,MAPK1
MASOPROCOL,NFKB1
CHEMBL:CHEMBL219557,ABL1
CHEMBL:CHEMBL1415851,GMNN
CHEMBL:CHEMBL602718,NFKB2
ETHYL VANILLIN,ALDH1A1
DESMOSDUMOTIN C,VDR
BUTALBITAL,GABRA1
MAPROTILINE,MTOR
LARGAZOLE,HDAC8
PEXACERFONT,CRHR1
TYRPHOSTIN 23,FEN1
ETAZOLATE,GABRG3
CHEMBL:CHEMBL597035,TARDBP
CP55940,CNR2
TRAPIDIL,PDGFRB
SANGUINARIUM CHLORIDE,EHMT2
HMG-COA REDUCTASE INHIBITOR,HMGCR
ILOMASTAT,MMP9
FLUNISOLIDE ANHYDROUS,NR3C1
INTERFERON BETA-1B,IFNAR2
AZATADINE,HRH1
IDALOPIRDINE,HTR6
PHENOL,CA2
ALT-801,TP53
NADOFARAGENE FIRADENOVEC,IFNA2
INFIGRATINIB,FGFR1
UPAMOSTAT,PLAU
MEDI-570,ICOS
TAZEMETOSTAT,EZH2
ENCENICLINE,CHRNA7
COPANLISIB,PIK3CA
LIPUSTOBART,PDCD1
IBALIZUMAB,CD4
BROMPHENIRAMINE,HRH1
ILOMASTAT,MMP8
P70S6K/AKT INHIBITOR M-2698,RPS6KB1
CHEMBL:CHEMBL533226,HTT
REGORAFENIB,RET
REGADENOSON ANHYDROUS,ADORA2A
BOSENTAN ANHYDROUS,EDNRA
BEPRIDIL,SLC25A20
CHLORPHENTERMINE HYDROCHLORIDE,SLC6A4
WITHAFERIN A,AKT1
PIRITREXIM,DHFR
NIRAPARIB,PARP1
IDRONOXIL,XIAP
SHIKONIN,EHMT2
ACETOHEXAMIDE,ABCC8
TALAZOPARIB,PARP1
TRICETIN,MAPT
CHEMBL:CHEMBL2094789,SMN2
FINASTERIDE,CYP2D6
SARACATINIB,ABL1
CGS 15943,CYP1A2
EUPAFOLIN,HSPA5
TRYPTAMINE,NFKB1
PERPHENAZINE,GMNN
METHYLTHIONINIUM CHLORIDE,FEN1
DOCONEXENT,MAPT
TICLOPIDINE,CYP2D6
IC261,PSEN1
IC261,PSEN2
CHEMBL:CHEMBL221721,HSD17B10
ABILIFY MAINTENA,HTR2A
ACEBUTOLOL,ADRB1
CAFFEINE,ADORA2A
DICYCLOMINE HYDROCHLORIDE,CHRM1
ETANERCEPT-SZZS,TNF
"ESTROGENS, ESTERIFIED (USP)",ESR1
MEPERIDINE HYDROCHLORIDE,ADRA2A
TYROSINE,TH
NEFAZODONE,HTR2C
SUNITINIB,KDR
TIOTROPIUM,CHRM3
SONEPCIZUMAB,S1PR1
BIRINAPANT,XIAP
BMS-813160,CCR2
BIRINAPANT,BIRC2
OLEOYL-ESTRONE,GRM2
MOCETINOSTAT,HDAC1
TEPROTUMUMAB,IGF1R
REMETINOSTAT,HDAC9
VOXTALISIB,PIK3CG
DECERNOTINIB,JAK3
LINIFANIB,FLT4
OXYMETAZOLINE HYDROCHLORIDE,A2M
TERGURIDE,A2M
BRL-15572,HTR2C
AGOMELATINE,HTR2C
SB269970,SERPINA3
SB656104,SERPINA3
WS-898,CA9
PROBUCOL,ABCA1
OLVEREMBATINIB,ABL1
PIFUSERTIB,FKBP2
TERGURIDE,ABCB7
CIRAZOLINE,ABCA4
MK-912,ABL1
TERGURIDE,ABL1
WB 4101,ABL1
RAUWOLSCINE,ABL2
CPS4,ACE2
"4-{2-[(7-AMINO-2-FURAN-2-YL[1,2,4]TRIAZOLO[1,5-A][1,3,5]TRIAZIN-5-YL)AMINO]ETHYL}PHENOL",ABAT
CHEMBL:CHEMBL338115,EHMT2
CPFPX,ABCA1
GS9667,ABCA1
CHEMBL:CHEMBL80155,HIF1A
ML-18,ASIC2
NMU (104-114),ASIC2
AC-PHE-TRP-ALA-HIS(&TAU;BZL)-NIP-GLY-ARG-NH2,ASIC2
ZILURGISERTIB,DNMT1
ME BROMODOMAIN INHIBITOR,EFNA3
R-715,ASIC1
FR167344,BDKRB2
N-METHYL-PHE-LYS-PRO-D-CHA-TRP-D-ARG-CO2H,ACACB
ESTRADIOL 3-BENZOATE,GMNN
W54011,ACACB
PMX53,ACACB
CHEMBL:CHEMBL22062,WRN
COMPOUND 5B  [PMID: 31287314],GAPDH
PRAZEPAM,AR
K777,FOS
[125I]CCL5 (HUMAN),ACTA1
CYSTEAMINE HYDROCHLORIDE,MAPT
CHEMBL:CHEMBL1389794,NPC1
XL413,EGR3
CARBENOXOLONE,GJB1
CXCL13,ACTG2
8-AZAGUANINE,HIF1A
ALX40-4C,ACTG1
CXCR4 ANTAGONIST 22,ACTG1
CIMPUCICLIB,CDK4
BSJ-04-132,EIF4EBP1
CGP74514A,EIF4E
ZAFIRLUKAST,CYP1A2
SY-5609,EIF4G1
SELICICLIB,EIF4G1
COMPOUND 7C [PMID: 22041175],GZMB
CHEMBL:CHEMBL275260,HSD17B10
HONOKIOL,CNR2
SILMITASERTIB,ELK3
METHOTREXATE,DHFR
TOLFENAMIC ACID,CYP1A2
EPIGALLOCATECHIN-3-GALLATE,EML1
GNF4877,EML1
CHEMBL:CHEMBL599098,EHMT2
GW274150,NOS3
JUGLONE,CASP1
PF-06821497,EZH2
DORSOMORPHIN,ATN1
NAQUOTINIB,DXO
REZIVERTINIB,DXO
MS154,DXO
NE21650,BLVRA
DIMETHYL GAMBOGATE,TP53
GRIFOLIC ACID,ADH4
PROPRANOLOL HYDROCHLORIDE,PPARD
NCG21,ADH4
SU-14813,DPYSL2
ALDAFERMIN,SLC26A3
DM-CHX,SLC29A2
LY2874455,SLC26A3
PAZOPANIB,DRD1
PRN1371,SLC26A3
RG-1530,DRD1
SUNITINIB,DRD3
ILOPROST,APOC2
PP2,ENO2
ISONIPECOTIC ACID,GABRA1
ZN2+,ARNT
S-DESCHLOROKETAMINE,GRIN2B
D-CCPENE,GRIN2B
D-TRYPTOPHAN,AOAH
COMPOUND 5B [PMID: 17358052],AOAH
ROMIDEPSIN,HDAC4
BUFEXAMAC,GART
VORINOSTAT,GART
ROMIDEPSIN,GART
ROMIDEPSIN,MSTN
COMPOUND 3 [PMID: 21650226],CRAT
GALEGENIMAB,HTRA1
COMPOUND 83 [PMID: 23888932],ADAM10
[3H]ILOPROST,APOC3
GNF362,CSN3
TESEVATINIB,DRD2
L735821,AZF1
NIFLUMIC ACID,AZF1
MNI-135,ANPEP
JNJ-40411813,ANPEP
GS-458967,BBS1
GNE-616,BAX
ROPIVACAINE,BBS1
MEXILETINE,BAX
FUNAPIDE,BBS1
FUNAPIDE,SCN9A
BRADANICLINE,ATF4
HEMOKININ 1,AQP4
(R)-RO65-6570,APBA1
RIFAMPIN,SLCO1B3
CM4620,GTF2H1
MRS4458,BIRC3
PIPERINE,SMN2
2-O-METHYL-PAF C-18,APLP2
RP-52770,APLP2
MINOXIDIL,CYP2D6
FENTICLOR,AR
CHIGLITAZAR,CCND1
FARGLITAZAR,CCND1
RESVERATROL,CCND1
BUPARLISIB,F5
LINIFANIB,BLK
PAXALISIB,F5
PRASTERONE,TARDBP
NVP-CLR457,F5
PROROXAN,VDR
COPANLISIB,F5
SAR260301,F5
APITOLISIB,PIK3CB
IZORLISIB,PIK3CB
ROGINOLISIB,F7
CX-5279,F9
ONVANSERTIB,FABP3
DYDROGESTERONE,BDNF
PHENYLACETYL-ARG-VAL-ARG-4-AMIDINOBENZYLAMIDE,PCSK5
ONAPRISTONE,BDNF
NEUROPEPTIDE Y,APOA4
"[ALA1,12,AIB3,GLN10,HARG11,TRP14,ARG19]PTH-(1-34)-NH2",XIAP
CHEMBL:CHEMBL595682,AR
AZD7545,GRM5
(B7-33)H2,APP
[33P]RELAXIN (HUMAN),APP
PHENELZINE,CD9
"L-779,976",FASLG
BIM 23034,FASLG
BIM 23454,AQP1
4'-METHOXYCHALCONE,VDR
MPI-0485520,FEN1
BMS-986260,DNMT3A
MK6-83,ALDH7A1
MAPROTILINE,DRD1
PHORBOL 12-MYRISTATE 13-ACETATE,TRPV4
GOLIDOCITINIB,TYK2
MASOPROCOL,GMNN
IBRUTINIB,FKBP1AP3
TYRPHOSTIN B48,SMN1
DASATINIB ANHYDROUS,PDGFRB
FACT COMPLEX-TARGETING CURAXIN CBL0137,MYCN
PAZOPANIB,KDR
IMATINIB,ABL1
DASATINIB ANHYDROUS,ABL1
DASATINIB ANHYDROUS,ESR1
TRETINOIN,NPM1
GEMCITABINE,NRG1
DACTINOMYCIN,RXRA
PALBOCICLIB,CCND3
DASATINIB ANHYDROUS,BRCA2
ANTI-EGFR MONOCLONAL ANTIBODY,PIK3CA
RIBOCICLIB,RB1
TOLFENAMIC ACID,HIF1A
GEMCITABINE,FGFR3
CISPLATIN,FGFR3
DASATINIB ANHYDROUS,LYN
MEK INHIBITOR CI-1040,PTEN
BUTYL 2-AMINOBENZOATE,HSD17B10
CRIZOTINIB,ALK
AFATINIB,EGFR
NILOTINIB,ABL1
CHEMBL:CHEMBL1412489,MAPT
CHEMBL:CHEMBL476302,NR1H4
NMS-P715,CTNNB1
TEMSIROLIMUS,CTNNB1
OLAPARIB,DNMT3A
SANGUINARIUM CHLORIDE,POLB
SELUMETINIB,FGFR1
AVUTOMETINIB,FGFR2
TRABECTEDIN,FGFR2
FGF RECEPTOR ANTAGONIST HGS1036,FGFR2
PEMIGATINIB,FGFR3
TEMUTERKIB,FGFR2
DAUNORUBICIN LIPOSOMAL,KMT2A
SELUMETINIB,MAP2K1
PINOMETOSTAT,KMT2A
FLUOROURACIL,MAP2K1
LEUCOVORIN CALCIUM,MAP2K1
ABT-737,PIK3CA
GSK690693,PIK3CA
(2S)-1-(1H-INDOL-3-YL)-3-{[5-(3-METHYL-1H-INDAZOL-5-YL)PYRIDIN-3-YL]OXY}PROPAN-2-AMINE,PIK3CA
PF-04691502,PTEN
CX-5461,PTEN
SIROLIMUS,RB1
TRICHOSTATIN A,RB1
CABOZANTINIB S-MALATE,VHL
AMINOPHYLLINE,PDE4B
TIMOLOL,ADRB2
WIN55212-2,ALDH1A1
PROTEIN KINASE C INHIBITOR,VDR
HALOPERIDOL DECANOATE,GRIA1
ASENAPINE,A1BG
TOZASERTIB,ABL2
CHEMBL:CHEMBL531322,EHMT2
CHEMBL:CHEMBL493863,FEN1
PARDOPRUNOX,DRD4
ONALESPIB,HSP90AA1
HYDROCHLOROTHIAZIDE,SERPINE1
RUCAPARIB,PARP2
PROPARGITE,AR
ISOLIQUIRITIGENIN,VDR
CEP-11981,JAK2
GEFITINIB,MAPK9
CHEMBL:CHEMBL600313,HTT
CHEMBL:CHEMBL80155,CYP1A2
AM404,MAPT
CHEMBL:CHEMBL429335,NPC1
LINIFANIB,RET
INTETUMUMAB,ITGB3
SELICICLIB,SMN2
DOMPERIDONE,DRD2
CXCL12&BETA;,ACTG1
4-(N-PROPYL)AMINO-3-NITROBENZOIC ACID,AOAH
MIFEPRISTONE,BDNF
MIFEPRISTONE,BDNF
ARX201,GHR
DIBROMOTYROSINE,EHMT2
RESVERATROL,NFKB2
BENZQUINAMIDE,CHRM2
CHEMBL:CHEMBL118417,RXRA
ISOPROTERENOL,IL12B
SUPROFEN,PTGS2
AZAMETHIPHOS,NFE2L2
BGT-226,PIK3CG
MIDAZOLAM HYDROCHLORIDE,GABRA3
ISOFLURANE,MC1R
RESVERATROL,RELA
ADALIMUMAB-ADBM,PTGER4
DAPH,NFKB1
CARPHENAZINE,DRD5
PRIMIDONE,CHRNA7
[125I]EPIBATIDINE,CHRNA3
JNJ-7706621,LRRK2
IMMUNOSUPPRESSANT,PTPRC
LANSOPRAZOLE,ABCB1
IMATINIB,ABL1
THROMBIN,F10
TIPELUKAST,ALOX5
CHLORANIL,PPARD
ARRY-382,CSF1R
CHEMBL:CHEMBL353764,RAD54L
REFANEZUMAB,MAG
N-(4-CHLOROPHENYL)-2-[(PYRIDIN-4-YLMETHYL)AMINO]BENZAMIDE,DRD2
CHEMBL:CHEMBL1503190,ATXN2
WITHAFERIN A,MAPK3
BRL50481,ALDH1A1
"1,4-DIMETHOXYANTHRAQUINONE",USP1
LY-2300559,GRM2
TESMILIFENE,FCGR3A
CISPLATIN,MSH2
CUDC-101,HDAC4
CENISERTIB,LYN
CX1739,GRIA4
ALMOTRIPTAN,A2M
METHOTREXATE,CCND1
OLANZAPINE,A1BG
PIROXICAM-BETA-CYCLODEXTRIN,PTGS2
ENFLURANE,GRIA1
THIABENDAZOLE,HSPA4
RABEPRAZOLE,PDGFRB
GW559768X,KDR
SEVOFLURANE,GABRG3
PREGNENOLONE,NFE2L2
PACLITAXEL,ABCB1
THERAPEUTIC ANDROSTANOLONE,VIP
SUNITINIB,DPP6
HALAZEPAM,GABRA1
PROMETHAZINE HYDROCHLORIDE,NFKB1
COMPOUND 13 [PMID: 17502136],FYN
DIPIVEFRIN HYDROCHLORIDE,ADRB2
DEHYDRATED ALCOHOL,PDE4B
COMPOUND 18C [PMID: 25901531],GRIN2B
AFATINIB,EGFR
GARCINOLIC ACID,VDR
CHEMBL:CHEMBL22062,GMNN
LY3009120,MAP2K1
FIMEPINOSTAT,PIK3CA
LONDAMOCITINIB,EPHB1
BUTYLATED HYDROXYTOLUENE,CYP2D6
SOFALCONE,NFE2L2
DIAZOXIDE,CYP7B1
PEMIROLAST,HRH1
SOTATERCEPT,TGFB1
AMG-208,MET
NINGETINIB,MET
PEPTIDE 5 [PMID: 28562585],ALPL
TESAGLITAZAR,PPARA
5-HT-MODULINE,A2M
PROTEIN KINASE C INHIBITOR,BDNF
DACARBAZINE,CYP2D6
PHOSALONE,VDR
CHEMBL:CHEMBL1306556,HSP90AA1
IPATASERTIB,AKT1
PF-562271,ALK
BMS-599626,EGFR
PIOGLITAZONE HYDROCHLORIDE,NR1I2
RESVERATROL,MAPT
ALVOCIDIB,PIK3CB
TCDD,NFE2L2
NELFINAVIR,IL6
CANDOXATRIL,MME
TLR AGONIST CADI-05,TLR4
ASPIRIN,PTGS1
FP-1039,FGFR1
HALAZEPAM,GABRA1
TEBUFENPYRAD,AR
MELEVODOPA,DRD5
DIMETHINDENE,HRH1
CHLORISONDAMINE,KAT2A
VEGF RECEPTOR TYROSINE KINASE INHIBITOR III,DRD1
RECOMBINANT INTERLEUKIN-17,CCL17
RUXOLITINIB,JAK1
COMPOUND 31 [PMID: 20936789],ETS2
SEMAPIMOD,MAPK14
BIM 23023,FASLG
PACLITAXEL,BCL2
CHEMBL:CHEMBL601137,POLB
GENISTEIN,NFE2L2
ORANTINIB,KDR
ETOPOSIDE,FGFR1
CHEMBL:CHEMBL578061,LYN
PROMETHAZINE HYDROCHLORIDE,AR
D-SERINE,GRIN1
CENISERTIB,PRKAA1
PHENOLPHTHALEIN,ESR1
TREPROSTINIL,PPARG
SELUMETINIB,TP53
GERONTOXANTHONE B,RARA
SBP-3264,STK4
CEDIRANIB,FGFR2
PENTOXIFYLLINE,ADORA2A
"PYRROLIDINE DITHIOCARBAMIC ACID, AMMONIUM SALT",ALDH1A1
MPI-0479605,TP53
AMINOGLUTETHIMIDE,CYP19A1
LIPIDYL PSEUDOPTERANE D,PTPN1
STREPTONIGRIN,USP1
CHEMBL:CHEMBL2313445,ESR1
ASENAPINE,A2MP1
PIRENZEPINE,CYP2D6
SULISOBENZONE,AR
VON WILLEBRAND FACTOR,F9
L 755507,ALOX15
ALRT 1550,BCL2L2
FLAZALONE,GMNN
"ERGOLOID MESYLATES, USP",HTR1A
CLOZAPINE,DRD2
INTERFERON ALFA-2B,IFNAR2
FR194921,ABAT
ASENAPINE,ABCD1
METHADONE HYDROCHLORIDE,APOF
FLUTAMIDE,NFE2L2
SORAFENIB,PDGFRB
TTP889,F9
RS-39604,CYP2D6
CHEMBL:CHEMBL1339015,CYP2D6
CLOCORTOLONE,AR
RETINYL ACETATE,VDR
L 755507,MAPT
ENTRECTINIB,ALK
CONANTOKIN-G,GRIN2B
XL413,F9
CENISERTIB,CSNK1D
"INSULIN, REGULAR, HUMAN",SREBF1
METHOTREXATE,HSPB2
DIETHYLSTILBESTROL,AMH
LEUPROLIDE ACETATE,CYP1A2
"1,2-NAPHTHOQUINONE",KAT2A
CHEMBL:CHEMBL259615,SMN1
IL-6,MT3
BUMETANIDE,HSD17B10
TAK-593,PDGFRA
GANAXOLONE,GABRA1
CHEMBL:CHEMBL259615,SMN2
SELENIUM,GSR
CHEMBL:CHEMBL590666,EHMT2
MIBEFRADIL,MAPK1
TETRAIDOFLUORESCEIN,FEN1
CENISERTIB,ROCK1
ASPIRIN,CYP2D6
HUMAN CHORIONIC GONADOTROPIN,ABCG2
PROMETHAZINE HYDROCHLORIDE,HRH1
TRIFLUOPERAZINE HYDROCHLORIDE,DRD2
CHEMBL:CHEMBL493863,WRN
BAY-11-7085,EHMT2
INTERMEDINE,POMC
CHEMBL:CHEMBL12019,GAA
CHEMBL:CHEMBL605747,GMNN
CHELERYTHRINE,MAPT
RAMATERCEPT,MSTN
HALAZEPAM,GABRG3
NETOGLITAZONE,PPARG
CHEMBL:CHEMBL578915,NFE2L2
PIRITREXIM ISETHIONATE,NFE2L2
PROPANTHELINE BROMIDE,CHRM3
CORTICOTROPIN-RELEASING FACTOR,CRHR1
5-METHOXYPSORALEN,CYP2D6
AMIODARONE HYDROCHLORIDE,CYP1A2
CHEMBL:CHEMBL1520837,XBP1
CENISERTIB,PRKCQ
FUNAPIDE,XK
MIBEFRADIL,ATXN2
AXT914,CASR
CHEMBL:CHEMBL602561,POLB
DOVITINIB,RET
CUDC-101,HDAC6
VISNAGIN,ABCA1
ZIRAM,PPARD
DESULFATED GASTRIN-14,CCKBR
RISPERIDONE,CYP2E1
CANAKINUMAB,IL1B
EVINACUMAB,LDLR
NISOLDIPINE,GMNN
CHEMBL:CHEMBL585591,ERG
APRATOXIN F,MET
CHEMBL:CHEMBL531322,MAPK1
BENDAMUSTINE,TP53
INOSITOL,APP
ASN007,MAPK1
CCL15,ACTA1
PEXACERFONT,ALAS2
PSN375963,ADH1C
METHADONE HYDROCHLORIDE,TH
METITEPINE,ATXN2
CHEMBL:CHEMBL591126,ATXN2
THIOCYCLAM HYDROGEN OXALATE,NFE2L2
PF-562271,PTK2
SORAFENIB,NFE2L2
CYROMAZINE,HSPB1
APIGENIN,APEX1
ORANTINIB,PDGFRB
RUBOXISTAURIN,F10
PALIFERMIN,FGFR2
CAFFEINE,AR
CHEMBL:CHEMBL1567571,VDR
PHENFORMIN HYDROCHLORIDE,PPARA
CHEMBL:CHEMBL584458,EHMT2
CHEMBL:CHEMBL482792,HNF4A
CISPLATIN,EGFR
GINGKOLIC ACID,USP1
OLORINAB,CNR2
COMPOUND 6J [PMID: 27219676],DUSP1
CHEMBL:CHEMBL146710,POLB
PROSTAGLANDIN D2,PPARA
ARCHEXIN,AKT1
HEXYLCAINE HYDROCHLORIDE,SCN7A
FISPEMIFENE,ESR2
FORIGERIMOD ACETATE,HSPA8
DEXBUDESONIDE,AR
(2S)-1-(1H-INDOL-3-YL)-3-{[5-(3-METHYL-1H-INDAZOL-5-YL)PYRIDIN-3-YL]OXY}PROPAN-2-AMINE,NFE2L2
RG-4733,APH1A
COLCHICINE,GMNN
OXIDOPAMINE HYDROCHLORIDE,APEX1
BELINOSTAT,HDAC8
DARIGABAT,GABRA3
ETRUMADENANT,ADORA2A
MITOXANTRONE HYDROCHLORIDE,RAD52
PAZOPANIB,DPP6
ALPHA-TOCOPHEROL,APOB
LUSPATERCEPT-AAMT,TGFB2
DESULFATED GASTRIN-17,CCKBR
AZD-6482,PIK3CG
DACOMITINIB ANHYDROUS,ERBB4
ETOPOSIDE,ATM
ADO-TRASTUZUMAB EMTANSINE,ERBB2
ISOVELLERAL,GMNN
FLUTICASONE,IL10
(-)-ROLIPRAM,CREBBP
ATOVAQUONE,NFE2L2
HALOPERIDOL DECANOATE,GRIA1
AMIODARONE HYDROCHLORIDE,SMPD1
LOXAPINE,DRD2
WX-554,MAP2K2
QUETIAPINE FUMARATE,A1BG
MITOXANTRONE HYDROCHLORIDE,FEN1
TAVOLIMAB,TNFRSF4
NQN-1,GART
COMPOUND 1 [WO2012007375],EPHA3
CHEMBL:CHEMBL410484,SMN1
CHEMBL:CHEMBL1255647,APEX1
ROCILETINIB,EGFR
DASOLAMPANEL,GRIK1
PSEUDOEPHEDRINE,ADRA2A
CHEMBL:CHEMBL605747,HSD17B10
PIPERTRAMINE,CHRM2
CHLORPHENTERMINE HYDROCHLORIDE,SLC6A4
AZD9567,NR3C2
CAFFEIC ACID PHENETHYL ESTER,ALOX15
CAPESEROD,A1BG
LEUPROLIDE ACETATE,CYP1A2
CHEMBL:CHEMBL125044,AGTR1
INSULIN ZINC SUSP RECOMBINANT HUMAN,INSR
RIVIPANSEL,SELE
CLOZAPINE,HTR2A
SAQUINAVIR MESYLATE,RXRA
PEFLOXACIN,IL2
IMMUNOSUPPRESSANT,MMP1
AZD2066,GRM5
ETANERCEPT-SZZS,NFKBIA
NERVE GROWTH FACTOR,TGM2
CEDIRANIB,PDGFRA
ACARBOSE,SLC2A4
DEXAMETHASONE,VCAM1
DAIDZEIN,NFE2L2
ORANTINIB,FGFR2
BEVASIRANIB SODIUM,TLR3
[125I][HIS9]GHRELIN (HUMAN),ALOX15
TEI-9063,APOC3
COMPOUND 12 [PMID: 22521646],CTNNB1
PROPIOMAZINE,HTR2A
LINIFANIB,FLT4
ENPIROLINE,SMAD3
LOXAPINE SUCCINATE,HTR2A
PF-562271,PTK2
SELURAMPANEL,GRIA3
LOVASTATIN,SOAT1
E324,HIF1A
SAPANISERTIB,TP53
GW3965,EHMT2
DIOSCIN,SLCO1B3
CHEMBL:CHEMBL1997335,GRK5
CHEMBL:CHEMBL1412710,TDP1
UCM 724,ANK3
LY2940094,APBA1
PD-169316,NFE2L2
CYC-116,CSF1R
DACTINOMYCIN,CYP2D6
CHEMBL:CHEMBL548615,GMNN
PACLITAXEL,TUBB4B
CLONAZEPAM,CYP1A2
SARACATINIB,BCR
NILOTINIB,ABL1
AXITINIB,FLT4
CIXUTUMUMAB,IGF1R
SIROLIMUS,EGFR
OSIMERTINIB,EGFR
OSIMERTINIB,MET
BRONTICTUZUMAB,NOTCH1
IRINOTECAN HYDROCHLORIDE,ATM
TRETINOIN,PML
PHENFORMIN,STK11
RITUXIMAB,ERBB2
ETANERCEPT-SZZS,TNF
ORPHENADRINE HYDROCHLORIDE,HRH1
TOLAZOLINE HYDROCHLORIDE,HRH1
THIETHYLPERAZINE MALEATE,DRD2
THIOTHIXENE HYDROCHLORIDE,DRD2
BEPOTASTINE BESILATE,HRH1
DIPHENYLPYRALINE HYDROCHLORIDE,HRH1
VALSARTAN,AGTR1
HEXOCYCLIUM METHYLSULFATE,CHRM1
IMATINIB,ABL1
PROTRIPTYLINE HYDROCHLORIDE,SLC6A4
INSULIN ZINC SUSP BEEF,INSR
INSULIN SUSP ISOPHANE PURIFIED PORK,INSR
INSULIN ZINC SUSP EXTENDED RECOMBINANT HUMAN,INSR
INSULIN SUSP ISOPHANE BEEF,INSR
LOXAPINE,HTR2C
THIOTHIXENE,HTR2A
METHYSERGIDE MALEATE,HTR2C
REGADENOSON ANHYDROUS,ADORA2A
DEXTROAMPHETAMINE SULFATE,SLC6A3
PYRIDOSTIGMINE BROMIDE,ACHE
HYDROCORTISONE CYPIONATE,NR3C1
CLOBETASOL PROPIONATE,NR3C1
FLUMETHASONE PIVALATE,NR3C1
EMTRICITABINE,ERVW-4
SELEGILINE,MAOB
ETHINYL ESTRADIOL,ESR1
FLURANDRENOLIDE,NR3C1
EPTIFIBATIDE,ITGB3
ORPHENADRINE HYDROCHLORIDE,GRIN1
ORPHENADRINE HYDROCHLORIDE,GRIN2A
ALFUZOSIN HYDROCHLORIDE,ADRA1D
PHENYLEPHRINE HYDROCHLORIDE,ADRA1A
"IBUPROFEN, SODIUM SALT",PTGS1
BISMUTH SUBSALICYLATE,PTGS1
REPAGLINIDE,KCNJ11
CHLORPROPAMIDE,ABCC8
DOBUTAMINE HYDROCHLORIDE,ADRB2
APREPITANT,TACR1
DEXTROAMPHETAMINE SACCHARATE,SLC18A2
SAQUINAVIR MESYLATE,ERVW-4
MAZINDOL,SLC6A3
SIBUTRAMINE HYDROCHLORIDE,SLC6A4
DINOPROSTONE,PTGER2
GEFITINIB,LYN
"1,2-NAPHTHOQUINONE",ALDH1A1
PRAZEPAM,GABRA3
PENTOBARBITAL SODIUM,GABRA3
SECOBARBITAL SODIUM,GABRA3
SECOBARBITAL SODIUM,GABRA1
CADMIUM DICHLORIDE,ALOX15
DUTASTERIDE,SRD5A2
CHEMBL:CHEMBL1412710,ALDH1A1
BITHIONOLATE SODIUM,USP1
CYCLOSTREPTIN,TUBB4B
LINIFANIB,PDGFRB
PROBUCOL,ABCA1
FENTICLOR,FASN
MINOCYCLINE HYDROCHLORIDE,RPSA
ORPHENADRINE HYDROCHLORIDE,SCN2A
FOSPHENYTOIN,SCN7A
PRILOCAINE HYDROCHLORIDE,SCN8A
PHENYTOIN SODIUM,SCN8A
LAMOTRIGINE,SCN2A
TRIFLUOPERAZINE HYDROCHLORIDE,DRD3
SU-014813,PDGFRB
ASCIMINIB,ABL1
AZD-0424,SRC
AZD-6482,PIK3CA
CEP-37440,PTK2
PD-0166285,EGFR
PL-225B,IGF1R
SARAKALIM,ABCC8
CR 1447,ESR2
BENTAMAPIMOD,MAPK8
AT-7519,CDK6
ANLOTINIB,FLT4
RONICICLIB,CDK17
SELUMETINIB,MAP2K1
KC-706,MAPK14
POZIOTINIB,EGFR
ASCRINVACUMAB,ACVRL1
PAMAPIMOD,MAPK14
XL-999,FGFR2
XL-999,FGFR1
SAMOTOLISIB,PIK3CG
SAMOTOLISIB,PIK3CB
MILVETEROL,ADRB2
RALINEPAG,PTGIR
BATEFENTEROL,CHRM3
PONESIMOD,S1PR1
TEZAMPANEL,GRIA3
DASOLAMPANEL,GRIA1
ENOBOSARM,AR
AGATOLIMOD SODIUM,TLR9
BIMOSIAMOSE,SELL
RIVIPANSEL,SELP
MOCETINOSTAT,HDAC8
MOCETINOSTAT,HDAC3
TROXACITABINE,POLD1
TROXACITABINE,POLE
BROLUCIZUMAB,VEGFA
ABITUZUMAB,ITGB1
URELUMAB,TNFRSF9
BERTILIMUMAB,CCL11
CDP-860,PDGFRB
BENFLUOREX,SOAT1
CYCLOFENIL,ESR2
ANISTREPLASE,PLG
MARIMASTAT,MMP1
MARIMASTAT,MMP7
TELOTRISTAT ETIPRATE,TPH1
HUMIK-BETA-1,IL2RB
CCR5MAB004,CCR5
ULOCUPLUMAB,CXCR4
MLN-01,ITGB2
GIMSILUMAB,CSF2
EPOETIN ALFA,EPOR
ETIFOXINE,GABRA1
MONOMETHYL FUMARATE,KEAP1
OZAGREL,TBXAS1
CETUXIMAB SAROTALOCAN,EGFR
LIFASTUZUMAB VEDOTIN,TUBB4A
IXAZOMIB,PSMD2
MT-3724,RPL14
MT-3724,RPL23A
XENTUZUMAB,IGF2
APRICITABINE,ERVW-4
GSK-364735,ERVW-4
GSK-1004723,HRH1
GSK126,EZH2
ASG-5ME,TUBB4A
NILOTINIB HYDROCHLORIDE MONOHYDRATE,BCR
VANDORTUZUMAB VEDOTIN,TUBB4B
NEVANIMIBE,SOAT1
TAS-106,POLR1A
AMIVANTAMAB-VMJW,MET
TIVOZANIB HYDROCHLORIDE,PDGFRB
MK-0941,GCK
QUISINOSTAT,HDAC6
REVAMILAST,PDE4B
ANCROD,FGG
SERALUTINIB,CSF1R
PLASMINOGEN,FGB
ANCROD,FGA
DANBURSTOTUG,CD274
EX-527,SIRT1
PALBOCICLIB,CDK6
BIRINAPANT,BIRC2
MK-0752,APH1B
DOVITINIB,FLT4
RITUXIMAB,ERBB2
BORTEZOMIB,NFKB1
SORAFENIB,PDGFRB
OSIMERTINIB,EGFR
GRAMINE,TSHR
DONEPEZIL,ACHE
PHENYTOIN SODIUM,NFE2L2
CHEMBL:CHEMBL526034,HTT
MASOPROCOL,FEN1
CHEMBL:CHEMBL27768,PRKCA
DAIDZEIN,NPC1
CLEMIZOLE,HIF1A
MITOXANTRONE HYDROCHLORIDE,TP53
CHEMBL:CHEMBL1342336,CYP1A2
"CHAULMOOGRIC ACID, ETHYL ESTER",ALOX15
TRIAZOLAM,BRD3
TRIMETHIDINIUM,KAT2A
FLAVANONE,TARDBP
ENOXIMONE,DRD1
CHEMBL:CHEMBL585591,POLB
CEDIRANIB,FGFR1
GW1929,CYP2D6
TYRPHOSTIN AG 879,VDR
GW843682X,ERBB2
CHEMBL:CHEMBL584442,HTT
GARCINOLIC ACID,KAT2A
KAEMPHEROL,NFE2L2
CONGO RED,EHMT2
CHEMBL:CHEMBL578061,ERBB4
PROMAZINE,CYP1A2
GENISTEIN,CYP1A2
TOMATINE,AR
FLOXURIDINE,CYP1A2
CHEMBL:CHEMBL590186,EHMT2
ARISTOLOCHIC ACID,NFE2L2
DIGOXIGENIN,SMAD3
DIGOXIN,GMNN
ZILEUTON,MMP2
E324,ALOX15
CHEMBL:CHEMBL1605629,EHMT2
PROMETHAZINE HYDROCHLORIDE,HTT
TUBERCIDIN,NFE2L2
JNJ-7706621,CSF1R
NADOLOL,ADRB2
GANODERIOL F,NR1H4
CHEMBL:CHEMBL1415258,RAD54L
TINORIDINE,VDR
TYRPHOSTIN A9,EHMT2
CHEMBL:CHEMBL444928,EHMT2
LONIDAMINE,TSHR
NANDROLONE DECANOATE,AR
METHYLTHIONINIUM CHLORIDE,NFE2L2
DEVAZEPIDE,AR
R-(+)-METHANANDAMIDE,ALDH1A1
LEAD DIACETATE TRIHYDRATE,ALDH1A1
CHEMBL:CHEMBL578061,PRKCG
SHIKONIN,VDR
BAY-11-7085,CFLAR
RUFLOXACIN,EHMT2
APIGENIN,CYP1A2
"3,4-DICHLOROISOCOUMARIN",ALDH1A1
PHOSMET,VDR
CHEMBL:CHEMBL261123,HPGD
CHEMBL:CHEMBL410484,GMNN
CHEMBL:CHEMBL592314,PLK1
CARBAMOYLCHOLINE,CHRM1
CHEMBL:CHEMBL600572,NPC1
MICONAZOLE NITRATE,CYP2D6
CHEMBL:CHEMBL546797,MAP2K1
BMS-754807,NTRK1
4-(3-PYRIDIN-2-YL-1H-PYRAZOL-4-YL)QUINOLINE,GAK
IPRIFLAVONE,HTT
CHEMBL:CHEMBL1997335,PRKCQ
SALINAZID,PPARD
CHEMBL:CHEMBL1546223,VDR
GEFITINIB,FLT4
PSAMMAPLIN A,SIRT1
CINALUKAST,HSD17B10
LINURON,AHR
OXYTETRACYCLINE ANHYDROUS,MAPT
CENISERTIB,FYN
TOZASERTIB,NTRK1
MINOCYCLINE,CYP1A2
CEDIRANIB,MAP2K2
CHEMBL:CHEMBL472656,HPGD
METITEPINE,DRD1
CHEMBL:CHEMBL1369632,EHMT2
AM404,ALOX15
LINIFANIB,PRKG1
PF-562271,MAPK1
2-METHOXYESTRADIOL,GMNN
OXIDOPAMINE HYDROCHLORIDE,VDR
"1,2-NAPHTHOQUINONE",MAPT
DAPH,MAPT
CEFDITORIN PIVOXIL,ALDH1A1
FLUNARIZINE,EHMT2
CHEMBL:CHEMBL1500740,HSD17B10
FASUDIL,MAP4K4
TYRPHOSTIN B48,EHMT2
MIFEPRISTONE,DRD1
LINIFANIB,MET
BETA-NAPHTHOFLAVONE,CYP1B1
CHEMBL:CHEMBL1567571,XBP1
JUGLONE,ALOX15
BAY 61-3606,CDK5
CHEMBL:CHEMBL578061,FGFR3
MENTHOFURAN,CYP2D6
DIPHENHYDRAMINE,CYP2D6
MITOXANTRONE HYDROCHLORIDE,MAPT
CHEMBL:CHEMBL1310138,PLK1
CHEMBL:CHEMBL252151,SMN1
IMATINIB,ABL1
ARTEMISININ,HTT
CLEMASTINE,CYP2D6
STREPTONIGRIN,ATXN2
BITHIONOL,PPARA
CHEMBL:CHEMBL1459280,HPGD
CHEMBL:CHEMBL599165,PPARG
CHEMBL:CHEMBL118417,NFE2L2
AMSACRINE HYDROCHLORIDE,MAPT
CHEMBL:CHEMBL338314,HSD17B10
VITAMIN K3,VDR
CHEMBL:CHEMBL2181046,MAPT
CARFILZOMIB,NFE2L2
CETYLPYRIDINIUM BROMIDE,NFE2L2
FIPEXIDE,CYP2D6
PNU-37883,CYP2D6
METHYL ALCOHOL,NFE2L2
CHEMBL:CHEMBL196814,MAPT
OXYTETRACYCLINE ANHYDROUS,THRB
GEDATOLISIB,AKT1
4-BENZYLOXYANILINE,SMN1
CHEMBL:CHEMBL602260,MAOB
GARCINOLIC ACID,HSD17B10
TETRAIDOFLUORESCEIN,APEX1
CHEMBL:CHEMBL1459280,HSD17B10
FENTICLOR,TP53
BAY-11-7085,ALDH1A1
CHEMBL:CHEMBL578502,GMNN
CHEMBL:CHEMBL548615,HTT
DANTHRON,HPGD
MEZLOCILLIN,AR
PF-562271,MARK4
GEFITINIB,BLK
PARAMETHASONE ACETATE,AR
COLCHICINE,CYP1A2
IPRIFLAVONE,CASP3
CHEMBL:CHEMBL578944,SMAD3
MUNDULONE,TP53
PATULIN,CDK1
EMETINE,AR
CHEMBL:CHEMBL586135,SMAD3
CHEMBL:CHEMBL125044,SMN2
CHEMBL:CHEMBL410484,SMN2
TECNAZENE,PPARG
GEFITINIB,CSNK1D
(-)-ROLIPRAM,CYP1A2
CHEMBL:CHEMBL259615,NPC1
METHYL ABIETATE,NFE2L2
ZIRAM,THRB
GUAIFENESIN,CYP2D6
VITAMIN K3,AR
CHEMBL:CHEMBL1576310,FEN1
APRINDINE HYDROCHLORIDE,AR
WIN55212-2,EHMT2
ZAFIRLUKAST,NFE2L2
[3H]AMPA,EHMT2
CENISERTIB,JAK3
CHEMBL:CHEMBL22062,POLB
JNJ-7706621,JAK2
CHEMBL:CHEMBL1256813,PIN1
CGS 15943,MTOR
CHEMBL:CHEMBL589670,EHMT2
AZELNIDIPINE,GMNN
ECADOTRIL,CYP2D6
CHEMBL:CHEMBL601364,KAT2A
CHEMBL:CHEMBL22062,NFE2L2
KOPARIN,ALDH1A1
DIGOXIN,TNF
CHEMBL:CHEMBL585591,WRN
PINAFIDE,POLB
HINOKININ,SLC6A3
CENISERTIB,ABL1
DEXVERAPAMIL,ABCC1
CHLORFENAPYR,RXRA
HYDROCORTISONE HEMISUCCINATE,NFE2L2
CHEMBL:CHEMBL577862,FASN
FENOFIBRATE MICRONIZED,AR
CADMIUM DICHLORIDE,TP53
CHEMBL:CHEMBL1224755,MAPK1
NITROFEN,NFE2L2
RESVERATROL,SLC2A3
CHELERYTHRINE,VDR
OPIPRAMOL,DRD1
N-OLEOYLDOPAMINE,IDE
PIPERINE,NPC1
CHEMBL:CHEMBL586628,F2
CHEMBL:CHEMBL146710,ALPI
RIMCAZOLE,TP53
METARAMINOL,CYP2D6
CHEMBL:CHEMBL528791,SMAD3
BRIMONIDINE,ALDH1A1
HYDRAMETHYLNON,AR
5-DEMETHYLNOBILETIN,ALDH1A1
GW843682X,JAK2
OSAJIN,ATXN2
CHEMBL:CHEMBL261692,CDK5R1
BIPHENYL,NFE2L2
CARBAMOYLCHOLINE,P2RY2
ZAFIRLUKAST,KAT2A
CHEMBL:CHEMBL605753,GMNN
THIOTHIXENE HYDROCHLORIDE,EHMT2
CONGO RED,USP1
TRIBUTYLTIN-OXIDE,AR
AMBUNOL,ALDH1A1
2-HYDROXYESTRADIOL,GAA
CHEMBL:CHEMBL221300,CYP1A2
METHYLPREDNISOLONE SODIUM SUCCINATE,AR
BENZO[E]PYRENE,HSD17B10
(-)-CAMPHOR,JUN
RESVERATROL,FOXO3
KAEMPHEROL,RELA
KAEMPHEROL,NFKB2
LINIFANIB,FES
CHEMBL:CHEMBL585417,ALDH1A1
WITHAFERIN A,GLI1
CARMUSTINE,ALDH1A1
GW843682X,PTK2B
CHEMBL:CHEMBL1997335,JAK3
CEPHALOTHIN SODIUM,POLB
CHLORFENAPYR,AR
RESVERATROL,APP
DIHYDREXIDINE,HSD17B10
SULFAPHENAZOLE,NFKB1
ISOSILYBIN A,PPARG
RELCOVAPTAN,MAPK1
CHEMBL:CHEMBL599098,ATXN2
ATOMOXETINE HYDROCHLORIDE,TSHR
FPL-55712,VDR
FENOLDOPAM MESYLATE,RAD52
SANGUINARIUM,SMAD3
FENTANYL CITRATE,AR
4'-HYDROXYCHALCONE,VDR
TAMARIXETIN,NFKB1
DEMETHYLWEDELOLACTONE,NFKBIA
FAGARONINE,TARDBP
CHEMBL:CHEMBL594772,AR
CHEMBL:CHEMBL126804,MAPK1
TAURODEOXYCHOLIC ACID,PLA2G1B
INAMRINONE,PLK1
GARCINOLIC ACID,USP1
IMAZODAN,CYP1A2
INAMRINONE,VDR
GF109203X,MAPT
PHENOLPHTHALEIN,NR3C1
DEXBUDESONIDE,NFE2L2
WITHAFERIN A,CDK1
2-APB,ALOX15
CHEMBL:CHEMBL1224755,HSP90AA1
CHEMBL:CHEMBL57394,HSD17B10
IOPANOIC ACID,NFE2L2
CHEMBL:CHEMBL587856,SMN2
RESOKAEMPFEROL,HSD17B10
CHEMBL:CHEMBL428789,SMN2
GARDENIN B,ALDH1A1
BUFEXAMAC,EHMT2
TRIACETYLRESVERATROL,TP53
PF-562271,LRRK2
CHEMBL:CHEMBL1997335,JAK2
EPITIOSTANOL,AR
SAFINAMIDE,MAOB
GW843682X,CSF1R
ZUCAPSAICIN,ALDH1A1
CHEMBL:CHEMBL602260,MAOA
AMINOCARB,NFE2L2
CHEMBL:CHEMBL1389794,SMN2
CITICOLINE SODIUM,EHMT2
JNJ1661010,TARDBP
CHEMBL:CHEMBL585591,ALPI
CALCIPOTRIENE,NFE2L2
CHEMBL:CHEMBL259633,RNASEL
CHEMBL:CHEMBL1303948,SMN2
CHEMBL:CHEMBL1224755,SMAD3
TYRPHOSTIN A9,GMNN
CYC-116,MAPK9
CHEMBL:CHEMBL260311,SMN1
SOFALCONE,HPGD
FLUPIRTINE,HSD17B10
CHEMBL:CHEMBL597035,MAPT
"3,4-DICHLOROISOCOUMARIN",MAPT
JNJ-7706621,RET
CHEMBL:CHEMBL547977,NFE2L2
MIFEPRISTONE,NFE2L2
MUNDULONE,HPGD
CADMIUM DICHLORIDE,ALDH1A1
DIHYDRO-OBLIQUIN,HSD17B10
FUROSPONGOLIDE,ARNT
CHEMBL:CHEMBL303958,MTOR
DEMETHYLWEDELOLACTONE,MMP9
CADMIUM DICHLORIDE,ESR1
CHEMBL:CHEMBL546797,IGF1R
GALLAMINE TRIETHIODIDE,EHMT2
CHEMBL:CHEMBL259615,KMT2A
CHEMBL:CHEMBL480626,CYP1A2
CHEMBL:CHEMBL107518,PPARA
MYCOPHENOLATE,AR
COLCHICINE,AR
CYC-116,RPS6KB1
PROPENTOFYLLINE,CYP1A2
2-(PHENOXYMETHYL)BENZOTHIAZOLE,SMN1
E324,CYP2D6
ISOVELLERAL,ATM
CHEMBL:CHEMBL410484,TP53
BENZOXATHIAN,ARSA
STREPTONIGRIN,SMAD3
CHEMBL:CHEMBL1576310,WRN
CHEMBL:CHEMBL601364,USP1
VITAMIN B2,CYP1A2
CHEMBL:CHEMBL1997335,MAP4K4
JNJ1661010,NFE2L2
HELENALIN,NFE2L2
CGS 15943,DRD1
STAUROSPORINE,EGFR
DAPH,RGS4
ROEMERINE,POLB
CYC-116,JAK3
FLOXURIDINE,CYP2D6
CRIDANIMOD,JUN
(R)-EDELFOSINE,GMNN
CHEMBL:CHEMBL546475,HSD17B10
4-(3-PYRIDIN-2-YL-1H-PYRAZOL-4-YL)QUINOLINE,CSNK1D
CHEMBL:CHEMBL599896,ADRB2
4-METHOXYCINNAMIC ACID,THRB
CHEMBL:CHEMBL84010,SMN1
MIFEPRISTONE,MTOR
ETODOLAC,NFE2L2
5-METHOXYPSORALEN,ALDH1A1
STAUROSPORINE,MAP2K1
"3,4-DICHLOROISOCOUMARIN",PLK1
CHEMBL:CHEMBL1915271,NR3C1
CHEMBL:CHEMBL578896,EHMT2
LYCOPENE,EHMT2
GW-2580,NTRK1
LIOTHYRONINE SODIUM,NFE2L2
RS-39604,TP53
"3,4-DICHLOROISOCOUMARIN",VDR
DUP-697,CYP1A2
ISOLIQUIRITIGENIN,MAPT
CHEMBL:CHEMBL1303948,TP53
CHEMBL:CHEMBL125044,VDR
THYROXINE,HSD17B10
FENTICLOR,ALOX15
MADOLIN U,MAPK1
CHEMBL:CHEMBL496451,BACE1
NORETHYNODREL,AR
CHEMBL:CHEMBL602718,SMAD3
CHEMBL:CHEMBL589421,EHMT2
EPICATECHIN GALLATE,ALB
CHEMBL:CHEMBL1546228,EHMT2
PK 11195,AR
CHEMBL:CHEMBL84010,NFKB2
IPRIFLAVONE,SMN2
DEOXIEPINEPHRINE,HIF1A
ENDO-ATROPINE,CYP2D6
PROMETHAZINE HYDROCHLORIDE,PPARD
PROROXAN,GMNN
OMBITASVIR,IFNL3
PROGESTERONE,SERPINC1
CITALOPRAM,CYP2D6
NEFAZODONE,CYP2D6
VOXILAPREVIR,IFNL3
UMECLIDINIUM BROMIDE,CYP2D6
UPADACITINIB,CYP2D6
IPATASERTIB,AKT1
ALECTINIB,ALK
VANDETANIB,EGFR
BMS-690514,ERBB4
BMS-690514,ERBB2
QUERCETIN,PIK3R4
VOXTALISIB,PIK3CG
QUERCETIN,PIK3CB
VOXTALISIB,PIK3CD
SUNITINIB,KDR
TELATINIB,KDR
ATEZOLIZUMAB,CD274
ATEZOLIZUMAB,CD274
NOTCH SIGNALING PATHWAY INHIBITOR MK0752,PSEN1
RILOTUMUMAB,HGF
RAMUCIRUMAB,PDGFRA
NOTCH SIGNALING PATHWAY INHIBITOR MK0752,NOTCH3
NOTCH SIGNALING PATHWAY INHIBITOR MK0752,NOTCH4
BORTEZOMIB,PSMD2
PERIFOSINE,AKT1
SELUMETINIB,MAP2K1
ANNAMYCIN,ABCC1
ERLOTINIB HYDROCHLORIDE,ABCG2
AMITRIPTYLINE HYDROCHLORIDE,AOC1
SELENIUM,ADA
CEFADROXIL ANHYDROUS,ANPEP
HUMAN CHORIONIC GONADOTROPIN,APEX1
PLATINUM,ATP7A
FLUDARABINE,BAX
INTERFERON ALFA-2B,BAX
IMMUNOTOXIN,BCHE
CISPLATIN,BCL2
DIAZOXIDE,CCK
ADJUVANT,CCL3
RECOMBINANT BETA CHEMOKINE,CCL22
QUERCETIN,CD34
FLUORODEOXYGLUCOSE F18,CD34
TETRADECANOYLPHORBOL ACETATE,CD28
FLUTICASONE,CD163
VACCINE,CSF2
RECOMBINANT INTERLEUKIN-1,CSF2
RECOMBINANT CHEMOKINE,CXCR4
HYPERICIN,CYP2D6
RITONAVIR,CYP2E1
PRIMAQUINE,E2F1
CANDESARTAN CILEXETIL,EDN1
CISPLATIN,E2F1
RECOMBINANT FIBROBLAST GROWTH FACTOR 2,EPHB1
ADJUVANT,ERBB2
HYDROCORTISONE BUTYRATE,ERBB2
VALPROIC ACID,FAS
ANGIOGENESIS INHIBITOR,FCGR3A
MATRIX METALLOPROTEINASE INHIBITOR,FCGR3A
CAFFEINE,FGF2
IMATINIB,FGF2
IMMUNOSUPPRESSANT,FKBP4
BROXURIDINE,FST
IMMUNOTHERAPEUTIC AGENT,FOS
CISPLATIN,FXN
ESTRADIOL 3-BENZOATE,GAL
CARBAMAZEPINE,GGT1
"INSULIN, REGULAR, HUMAN",HNF4A
DNA INTERCALATING AGENT,HMGB1
HEPARIN,HSPA4
GDNF,HSPA4
MIDOSTAURIN,HSPA4
PHOTOSENSITIZING AGENT,HSPA4
ENALAPRIL MALEATE,HSPA4
PHOTOFRIN,HSPA4
DEXAMETHASONE,HSPA8
CISPLATIN,IFNG
MITOGEN-ACTIVATED PROTEIN KINASE INHIBITOR,IL1B
CHINESE HERBS,IL6
SELENIUM,IL6
LINEZOLID,IL6
CLARITHROMYCIN,CXCL8
METHYLENE BLUE ANHYDROUS,CXCL8
LOVASTATIN,LIPA
OXIDOPAMINE,LPL
SELENIUM,MAPK3
ENALAPRIL MALEATE,MAPK8
QUERCETIN,MAPK3
TRETINOIN,MAPK8
HEPARAN SULFATE,MMP2
FLUTAMIDE,MPO
ZINC SULFATE ANHYDROUS,MTHFR
AN-9,MYC
DIETHYLSTILBESTROL,MYC
PERILLYL ALCOHOL,MYC
ASPIRIN,NAT1
AZITHROMYCIN,NOS1
CLARITHROMYCIN,NOS1
SOY PROTEIN ISOLATE,NOS1
IMMUNOTOXIN,NPY
RECOMBINANT INTERLEUKIN-1,NR4A1
HEPARAN SULFATE,NTF3
SELENIUM,OGG1
RISPERIDONE,NTS
CAFFEINE,OGG1
ZINC SULFATE ANHYDROUS,PIK3CA
TANESPIMYCIN,PIK3CA
ZINC SULFATE ANHYDROUS,PIK3CB
QUERCETIN,PIK3CB
VERAPAMIL,PLAU
HERBIMYCIN A,PLAU
PAPAVERINE,PLAU
VITAMIN E,PLTP
BETA-ADRENERGIC ANTAGONIST,PRL
TETRADECANOYLPHORBOL ACETATE,PRKAA1
PREGNANT MARE SERUM GONADOTROPIN,PRL
GOSSYPOL,PRL
PHOSPHODIESTERASE INHIBITOR,PRL
TETRADECANOYLPHORBOL ACETATE,PSEN1
RECOMBINANT VASCULAR ENDOTHELIAL GROWTH FACTOR,PRL
MISOPROSTOL,PTGER3
SB 218795,TSHR
ANTHRACYCLINE ANTINEOPLASTIC ANTIBIOTIC,PTH
CLOMIPHENE,PTH
DEXAMETHASONE,PZP
4-PHENYLENEDIAMINE,PZP
ALITRETINOIN,SERPINE1
MERCAPTOPURINE,SLC29A2
KAEMPHEROL,HIF1A
HALOPERIDOL DECANOATE,TAC1
TINZAPARIN SODIUM,TFPI
RAMIPRIL,TGFB1
HEPARAN SULFATE,TGM2
TNF-ALPHA,TGM2
RISEDRONIC ACID,TNFRSF11B
RECOMBINANT VASCULAR ENDOTHELIAL GROWTH FACTOR,TP53
RECOMBINANT VASCULAR ENDOTHELIAL GROWTH FACTOR,TP73
GARLIC,TP53
N-ACETYLASPARTIC ACID,ERG
DICHLORVOS,GMNN
IMATINIB,PDGFRA
PHENETHYL ISOTHIOCYANATE,VEGFA
HEPARIN,VWF
IL-7,VIP
FLUTAMIDE,VIP
OLAPARIB,ERBB2
MEPHEDRONE,CYP2D6
BEXAROTENE,NR1I2
CEPHALEXIN ANHYDROUS,NR1I2
DACLATASVIR,IFNL3
IFOSFAMIDE,ERCC2
TRIHEXYPHENIDYL,COMT
CLADRIBINE,NT5C1A
CARBOPLATIN,PTEN
ABEMACICLIB,ESR2
ERGOT ALKALOIDS,COMT
NORTRIPTYLINE,CYP2D6
RIBOCICLIB,CDK4
FEXAGRATINIB,FGFR3
ATENOLOL,LRRC15
ESTRADIOL VALERATE,NFE2L2
AMLODIPINE BESYLATE,AGT
ORANTINIB,FGFR1
SULFAMETHOXAZOLE / TRIMETHOPRIM,GSTM1
FOLIC ACID,MTR
CHLOROTHIAZIDE,HMGCS2
QUETIAPINE FUMARATE,FAAH
EPTIFIBATIDE,FGB
EPTIFIBATIDE,FGA
EPTIFIBATIDE,ITGB3
PIMASERTIB,MAP2K1
ISOFLURANE,CYP2E1
CYTARABINE,CYP2E1
AZD8330,MAP2K2
MK-2461,MET
VOXTALISIB,MTOR
RIDAFOROLIMUS,MTOR
DEHYDRATED ALCOHOL,DRD4
ATENOLOL,PPARA
INFIGRATINIB,PIK3CB
RISPERIDONE,ADRB2
ADALIMUMAB-ADBM,IL27
CARBOPLATIN,XRCC1
CARBOPLATIN,TNF
RIFAMPIN,NOS2
CARBOPLATIN,NRG3
CARBOPLATIN,GSR
CARBOPLATIN,LIG3
CARBOPLATIN,PSORS1C1
TOCILIZUMAB,HLA-DRB1
VOXTALISIB,PIK3CA
CYCLOPHOSPHAMIDE ANHYDROUS,GSTT1
DESIPRAMINE,GRIK2
SULFAMETHOXAZOLE / TRIMETHOPRIM,HLA-C
DAPSONE,HLA-A
ATEZOLIZUMAB,CD274
NICOTINE POLACRILEX,MAOA
FUTUXIMAB/MODOTUXIMAB MIXTURE,EGFR
BUPARLISIB HYDROCHLORIDE,PIK3CD
RISPERIDONE,TNFRSF11A
AKT INHIBITOR MK2206,AKT3
GANETESPIB,ALK
VANDETANIB,RET
CYCLOPHOSPHAMIDE ANHYDROUS,INSR
CYCLOPHOSPHAMIDE ANHYDROUS,TPMT
CYCLOPHOSPHAMIDE ANHYDROUS,CXCL12
GEMTUZUMAB OZOGAMICIN,ABCB1
"IBUPROFEN, SODIUM SALT",ABCB1
BELZUTIFAN,VHL
AXITINIB,HIF1A
IL-6,AGTR1
DEXAMETHASONE,AGTR1
ZONISAMIDE,HLA-A
TETRADECANOYLPHORBOL ACETATE,ANXA1
EPIGALLOCATECHIN GALLATE,APOB
GLYBURIDE,AQP1
SELENIUM,BCL2
ISOFLURANE,CACNA1S
METHADONE HYDROCHLORIDE,NTRK2
METHADONE HYDROCHLORIDE,CDH2
METHADONE HYDROCHLORIDE,BDNF-AS
QUETIAPINE FUMARATE,GRIN2B
CISPLATIN,RAF1
ASCIMINIB,ABL1
CITALOPRAM,GRIA3
CODEINE ANHYDROUS,COMT
CLOMIPRAMINE,CRHR1
CLOMIPRAMINE,DDIT4
CRIZOTINIB,ALK
SERIBANTUMAB,ERBB3
REGORAFENIB,FGFR2
NELFINAVIR,AKT1
CNGRC PEPTIDE-TNF ALPHA CONJUGATE,ANPEP
FEXAGRATINIB,FGFR2
ABEXINOSTAT,HDAC8
PF-04605412,ITGB1
SELUMETINIB,MAP2K1
ONARTUZUMAB,MET
AT9283,MERTK
INIPARIB,PARP1
BIRINAPANT,NAIP
AT9283,RET
REGORAFENIB,RET
BIRINAPANT,BIRC2
BIRINAPANT,XIAP
NECITUMUMAB,EGFR
POSIPHEN,BACE1
ABCIXIMAB,ITGB3
ETHINYL ESTRADIOL,ESR1
AGOMELATINE,HTR2C
DEXTROMETHORPHAN POLISTIREX,SIGMAR1
AVAGACESTAT,APH1A
TIMOLOL,ADRB2
CANAKINUMAB,IL1B
ESTRADIOL 3-BENZOATE,BDNF
HALOPERIDOL DECANOATE,BDNF
"INSULIN, REGULAR, HUMAN",BDNF
BDNF,BGLAP
BIOCHANIN A,BGLAP
ZINC SULFATE ANHYDROUS,BDNF
CANDESARTAN CILEXETIL,AGTR1
DICLOFENAC SODIUM,PTGS2
ASPIRIN,PTGS1
TYROSINE HYDROXYLASE INHIBITOR,BDNF
IMMUNOSUPPRESSANT,CDKN1B
TRETINOIN,CDKN1B
DESLORATADINE,HRH1
E2012,PSEN1
DOXERCALCIFEROL,VDR
ETANERCEPT-SZZS,TNF
ENTINOSTAT,HDAC3
HORSE ANTI-MOUSE ANTI-LYMPHOCYTE SERUM,CSF2
LEVODOPA,DRD4
GALIXIMAB,CD80
IPATASERTIB,AKT3
HUMAN CHORIONIC GONADOTROPIN,CXCL10
BIOCHANIN A,CYP1A1
FORMESTANE,CYP19A1
"IBUPROFEN, SODIUM SALT",CYP1A2
RITUXIMAB,ERBB2
IAP INHIBITOR HGS1029,XIAP
TROFOSFAMIDE,CYP2B6
IAP INHIBITOR HGS1029,BIRC2
URSODIOL,CYP27A1
IFERANSERIN,HTR2A
ILOPERIDONE,HTR2A
INTERFERON ALFA-N3,IFNAR2
INTERFERON ALFA-N3,IFNAR1
ROPINIROLE,DRD2
JNJ-37822681,DRD2
LINTUZUMAB,CD33
RANIBIZUMAB,VEGFA
PERFLUBRON,CYP2E1
ORLISTAT,LPL
PEPTIDE YY (3-36),NPY5R
BELINOSTAT,HDAC3
RETEPLASE,PLG
THYMOSIN BETA-4,ACTG1
RETEPLASE,FGA
RIMONABANT,CNR1
INOSITOL,APP
SITAGLIPTIN,DPP4
SIMPINICLINE,CHRNA4
6-DIAZO-5-OXO-L-NORLEUCINE,DDIT3
EPINEPHRINE,ADRB1
ADO-TRASTUZUMAB EMTANSINE,ERBB2
TRX1,CD4
TTP889,F9
DECERNOTINIB,JAK3
FUNAPIDE,SCN9A
NEBENTAN,EDNRA
VANDETANIB,EGFR
ACENOCOUMAROL,VKORC1
ARFORMOTEROL,ADRB2
BENZQUINAMIDE,CHRM3
ANISTREPLASE,PLG
CEVIMELINE,CHRM1
CARTEOLOL,ADRB2
CHLORPROTHIXENE,HTR2A
CHLORPROTHIXENE,DRD3
DINOPROSTONE,PTGER2
FLURANDRENOLIDE,NR3C1
PEMIROLAST,HRH1
PHENOXYBENZAMINE,ADRA1A
PROCATEROL,ADRB2
PREDNICARBATE,NR3C1
PERICIAZINE,ADRA1A
PROMAZINE,DRD2
CANDESARTAN CILEXETIL,AGTR1
AMINOGLUTETHIMIDE,CYP19A1
BECLOMETHASONE,ANXA1
CARBIDOPA ANHYDROUS,DDC
APOMORPHINE,DRD4
ALPHA 1-ANTITRYPSIN,ELANE
BETHANIDINE,ADRA1D
BUTALBITAL,GABRA1
BUTOBARBITAL,GRIA2
SAQUINAVIR,CYP7B1
BUTOBARBITAL,GABRA1
BUTOBARBITAL,CHRNA7
CARTEOLOL,ADRB2
CARBAMOYLCHOLINE,CHRM1
CHLORPROTHIXENE,HTR2A
CHLORPROTHIXENE,DRD3
SERMORELIN,GHRHR
BROMPHENIRAMINE,HRH1
GINKGO,CYP7B1
ANAKINRA,IL1R2
DONEPEZIL,ACHE
MITOGEN-ACTIVATED PROTEIN KINASE INHIBITOR,DDIT3
GOLIMUMAB,TNF
HALAZEPAM,GABRG3
"IBUPROFEN, SODIUM SALT",PTGS1
INTERFERON BETA-1B,IFNAR2
DESOXYCORTICOSTERONE PIVALATE,NR3C2
IPRATROPIUM CATION,CHRM1
LABETALOL,ADRA1A
LIOTHYRONINE,THRB
LOXAPINE,DRD2
RECOMBINANT INTERLEUKIN-1,DDIT3
UROFOLLITROPIN,LHCGR
METHDILAZINE,HRH1
MEQUITAZINE,HRH1
NEFAZODONE,HTR2A
PHENOBARBITAL,CHRNA7
PHENTERMINE RESIN,SLC6A3
PHENIRAMINE,HRH1
ROSIGLITAZONE,PPARG
DEXTROAMPHETAMINE SULFATE,SLC6A3
SOMATROPIN (RECOMBINANT DNA ORIGIN),GHR
SUPROFEN,PTGS2
SULODEXIDE,SERPINC1
THIETHYLPERAZINE,DRD4
TOLMETIN,PTGS1
TIROFIBAN,ITGA2B
TRIDIHEXETHYL,CHRM1
VALPROIC ACID,ABAT
"IBUPROFEN, SODIUM SALT",DDIT3
CASPASE INHIBITOR,DIABLO
VIMNERIXIN,CXCR2
PERFOSFAMIDE,DHFR
SELUMETINIB,MAP2K1
PARSACLISIB,PIK3CD
DEXAMETHASONE,DPEP1
THERAPEUTIC ANDROSTANOLONE,ELAVL1
ARRY-382,CSF1R
ACALISIB,PIK3CD
IANALUMAB,TNFRSF13C
PF-05175157,ACACB
JD5037,CNR1
AEM-28,APOE
ARGATROBAN,F2R
ANGIOGENESIS INHIBITOR,FCGR3B
LOVASTATIN,FDFT1
DEXAMETHASONE,GGT1
MELATONIN,GHRH
BASIMGLURANT,GRM5
ATEZOLIZUMAB,CD274
OXIDOPAMINE,GRIA4
EPOETIN ALFA,EPOR
FLUORODEOXYGLUCOSE F18,GPI
CI-1040,MAPK8
CI-1040,RPS6KB1
RECOMBINANT FIBROBLAST GROWTH FACTOR 2,GRIA4
CAFFEINE,GRM1
FGF-1,FGFR1
AZACITIDINE,GSTP1
GLIQUIDONE,KCNJ10
OMBURTAMAB,TNC
BCG VACCINE,IL2
STANNSOPORFIN,HMOX1
OFLOXACIN,IL1B
PENTAMIDINE,IL1B
VERAPAMIL,IL1B
METHOTREXATE,IL1RN
CELL DIFFERENTIATING AGENT,IL2
OFLOXACIN,IL2
GEMCITABINE ELAIDATE,RRM2
METHOTREXATE,IL2
VERAPAMIL,IL2RA
CHINESE HERBS,IL2RA
HUMAN CHORIONIC GONADOTROPIN,IL2RA
LAROPIPRANT,PTGFR
ANTI-THYMOCYTE GLOBULIN,ITGAL
ENOXAPARIN SODIUM,ITGA2B
CELASTROL,TNF
CELASTROL,IL1B
4-PHENYLBUTYRIC ACID,HDAC1
CHEMBL:CHEMBL322862,ADRB3
A-841720,GRM1
DEXAMETHASONE,IRS2
METHOTREXATE,KCNA1
TETRANDRINE,SLC25A20
HC-TOXIN,HDAC1
CERTOLIZUMAB,TNF
FLECAINIDE ACETATE,KCNJ11
4-HYDROXYBENZALDEHYDE,ABAT
RECOMBINANT RANTES,ITGB2
S-777469,CNR2
TETRADECANOYLPHORBOL ACETATE,ITGB2
NAFAMOSTAT,TFF2
"INSULIN, REGULAR, HUMAN",JUNB
LYSOSOMAL ALPHA-GLUCOSIDASE,M6PR
VITAMIN E,KLK3
AEW-541,INSR
IMMUNOCONJUGATE,KLK3
DIMETHYLMYLERAN,LCT
TONAPOFYLLINE,ADORA3
TONAPOFYLLINE,ADORA2A
VERAPAMIL,LDLR
HALOPERIDOL DECANOATE,LDLR
RABEPRAZOLE,FGFR1
NECITUMUMAB,EGFR
VITAMIN A,LDLR
FELODIPINE,LEP
GDNF,MAPK1
ALECTINIB,ALK
MELATONIN,MAP2
DAGLUTRIL,ECE1
DANAZOL,ESR1
TABALUMAB,TNFSF13B
TEPOTINIB,MET
GLPG-0492,AR
DEVIMISTAT,OGDH
TAFASITAMAB,CD19
PRX-07034,HTR6
MENINGOCOCCAL GROUP B VACCINE,CFH
ATEZOLIZUMAB,CD274
DESOXYCORTICOSTERONE PIVALATE,NR3C2
URSODIOL,MAPK1
CLOCORTOLONE,PLA2G1B
TEPOXALIN,IL4
QUERCETIN,MBP
VITAMIN E,MMP1
PIROMELATINE,HTR1A
VACCINE,MLANA
OLODANRIGAN,AGTR2
CISPLATIN,MT1F
DEXAMETHASONE,NFE2L2
ANAKINRA,NLRP3
TISAGENLECLEUCEL,CD19
RESINIFERATOXIN,NOS1
DEXTROMETHORPHAN POLISTIREX,SIGMAR1
HEPARIN CALCIUM,SERPINC1
ESTRADIOL 3-BENZOATE,NPY
INULIN,INS
GEMCITABINE,RRM2
ISRADIPINE,SLC25A20
DIETHYLSTILBESTROL,NPPC
TETRADECANOYLPHORBOL ACETATE,NPPC
NERVE GROWTH FACTOR,NRG1
TCDD,PAX5
SIBUTRAMINE,SLC6A4
ROPINIROLE,DRD2
FLUTAMIDE,PEBP1
FLUORODEOXYGLUCOSE F18,PIK3CG
CORTISONE,PLA2G2A
CISPLATIN,PLAU
MIRANSERTIB,AKT3
FLUVOXAMINE MALEATE,SLC6A4
BRETYLIUM,ADRB1
DASATINIB ANHYDROUS,ABL1
EPOETIN ALFA,EPOR
PIRBUTEROL,ADRB2
BIOMED 101,LTB4R
MOLIBRESIB,BRD4
PELABRESIB,BRD4
ABT-510,THBS1
MARIMASTAT,MMP7
IMIGLITAZAR,PPARA
DAVAMOTECAN PEGADEXAMER,HIF1A
LAROPIPRANT,HMGCR
ADO-TRASTUZUMAB EMTANSINE,ERBB2
ALNIDITAN,A2M
ROXINDOLE,A2M
FROVATRIPTAN,A2MP1
RAUWOLSCINE,A2M
OCAPERIDONE,A2MP1
[3H]SUMATRIPTAN,A2MP1
[125I]DOI,HTR2C
ROXINDOLE,HTR2C
&ALPHA;-METHYL-5-HT,NAT1
BIMU 1,NAT1
[125I]LSD,NAT2
[3H]8-OH-DPAT,SERPINA3
COMPOUND 33A [PMID: 35944901],ABL1
NILOTINIB,ABL1
IMATINIB,ABL1
BMY-7378,ABCB7
OXYMETAZOLINE HYDROCHLORIDE,ABCB7
PENECA,ABAT
LUF5962,ABAT
TCPA,ABCA1
VIPADENANT,ABCA1
GS9667,ABCA2
3-ISOBUTYL-8-PYRROLIDINOXANTHINE,ABCA2
MRS3558,ABCA2
AS100,ABCA2
PSB36,ABCA2
BAG-2,ASIC2
"[125I][D-TYR6,&BETA;-ALA11,PHE13,NLE14]BOMBESIN-(6-14)",ASIC2
CP-195543,AMFR
COMPOUND 4 [PMID: 19954973],CYP27A1
MDMB-FUBINACA,CNR2
[3H]HU-243,CNR2
AM7499,CNR2
OLORINAB,CNR2
JNJ-26070109,CCKBR
AG-041R,CCKBR
CE-326597,CCKAR
PF-07062119,GLRA2
CATUMAXOMAB,GLRA2
TEPLIZUMAB,GLRA2
COMPOUND 74 [PMID: 24793884],EGR3
PHENYLGLYCINE-01,CFTR
ICENTICAFTOR,CFTR
OBICETRAPIB,HPGD
ZOTIRACICLIB,DPYD
LY3022855,DPYD
PAZOPANIB,DPYD
ADRIXETINIB,DPYD
VIMSELTINIB,DPYD
GTP-14564,DPYD
FLURBIPROFEN,CPT1B
M-CSF,DPYD
BROMFENAC,CPT1B
ONO-2333MS,ALAS2
UROCORTIN 1,ALAS2
[125I]ANTISAUVAGINE,ALB
KBP-088,ACHE
CARBENOXOLONE,C7
SDF1 P2G,ACTG1
CX549,ACTG1
DIPHOSPHOGLYCOLYL PROLINE,BLMH
"15-DEOXY-&DELTA;12,14-PGJ2",APOB
NILOTINIB,DUSP1
DINOPROST,APOB
UNC9994,ABCD1
ROPINIROLE,ABCD1
(-)-STEPHOLIDINE,ABCD1
EPIGALLOCATECHIN-3-GALLATE,GLI1
C646,GLI1
MM-151,DXO
AFATINIB,DXO
ZIPALERTINIB,DXO
DINOPROST,APOC1
DILAZEP,CHI3L2
NEUREGULIN-1,ERBB4
DACOMITINIB ANHYDROUS,ERBB4
DIARYLPROPIONITRILE,ESR2
PIRIDRONIC ACID,BLVRA
OCINAPLON,ARNT
ISOGUVACINE,ARR3
[3H]MUSCIMOL,ARR3
COMPOUND 12  [PMID: 12014956],CXCR5
"L-692,429",ALOX15
"L-692,429",ALOX15
[125I]GLP-1-(7-37) (HUMAN),ALPL
ORFORGLIPRON,ALPL
CX516,GRIA3
[3H]CGP61594,GRIN2A
CONANTOKIN-G,GRIN2A
COMPOUND 8G [PMID: 21444206],ADH1C
COMPOUND 23 [PMID: 21444206],ADH1C
APD668,ADH1C
MBX-2982,ADH1C
CANNABIDIOL,ACTN3
NEUROPEPTIDE HEAD ACTIVATOR,ADAR
R-SPONDIN-1,ADRA1A
PIBTU,NOS2
COMPOUND 7 [WO2012007375],EPHA3
BRODALUMAB,DLD
ALPROSTADIL,APOC3
BUTAPROST (FREE ACID FORM),APOC3
BMY 45778,APOC3
GOITRIN,BSG
SCUTELLAREIN,BRCA2
RUXOLITINIB,EPHB1
GANDOTINIB,EPHB2
"2-TERT-BUTYL-9-FLUORO-1,6-DIHYDROBENZO[H]IMIDAZO[4,5-F]ISOQUINOLIN-7-ONE",EPHB2
ZOTIRACICLIB,EPHB2
WXFL10203614,EPHB2
GOLIDOCITINIB,EPHB2
PAZOPANIB,DRD2
VANDETANIB,DRD2
RIVOCERANIB,DRD2
FENCLONINE,LTB4R
COPANLISIB,ETFB
APITOLISIB,ETFB
FARNESYL DIPHOSPHATE,BLK
GSK1331268,ANPEP
GLUTAMIC ACID,GRM8
ESAXERENONE,NR3C2
FINERENONE,NR3C2
7-HYDROXYSTAUROSPORINE,CTNNB1
STAUROSPORINE,ERCC1
"COMPOUND 3A [PIPIONNE ET AL, 2018]",ERCC6
IACS-52825,ERCC4
ILOMASTAT,MMP7
DOXYCYCLINE ANHYDROUS,MMP7
MECAMYLAMINE,SERPINC1
JTC-801,APBA1
NIK-21273,APBA1
J-113397,APBA1
COMPOUND 1 [PMID: 24930776],TNFRSF4
YNT-185,APBB1
MK-3697,APBB1
TCS 1102,APBB1
2-THIO-UDP,BIRC3
UDP-GALACTOSE,BIRC3
AY77,APOE
RENCOFILSTAT,PPID
NVP-CLR457,PIK3CB
KU-0060648,F7
IS20,APOA1
STAUROSPORINE,F2
PROKINETICIN-2,APOA1
MIT1,APOA1
ELENESTINIB,DPP4
KBP-7018,DPP6
ENMD-2076,DPP4
SU-14813,DPP6
ZETOMIPZOMIB,PSMB8
PKCBETA INHIBITOR,CTAA1
NC1,NRG1
RKI-1447,CTSS
STAUROSPORINE,CTSS
RO 41-5253,BCHE
KBP-7018,PTK2B
BEXAROTENE,RXRG
SUNITINIB,PTK2B
H3 14S18 STAPLED B-CHAIN,APRT
COMPOUND 10D [PMID: 34855388],KLK3
VILAZODONE HYDROCHLORIDE,CD9
DEXTROMETHORPHAN POLISTIREX,SIGMAR1
FLUVOXAMINE,SIGMAR1
"IBUPROFEN, SODIUM SALT",CD5L
ELOBIXIBAT,CD44
SRIF-28,FASLG
SIFA-ASN(ACNH-&BETA;-GLC)-TYR3-OCTREOTATE,FASLG
[111IN]DOTA-BOC-ATE,FASLG
DANUSERTIB,FBN1
GSK329,FGF2
RESATORVID,TLR4
"INHIBITOR 1 [COLOMBO ET AL., 2012]",FRDA2
BI 749327,ATP2B3
PROPOFOL,TRPV4
CERDULATINIB,TYK2
SB-706375,UTS2R
4-CL-CINNAMOYL-C[DCYS-4PAL-DTRP-ORN-VAL-CYS]-HIS-AMIDE,UTS2R
DVDAVP,AR
"[TBAA1,D-TYR(ET)2,VAL4,LYS6,ARG-NH28,DES-GLY9]AVP",AR
ANTI-EGFR MONOCLONAL ANTIBODY,MET
FEXAGRATINIB,FGFR2
REBEMADLIN,TP53
TEPOTINIB,MET
ATEZOLIZUMAB,HLA-DRA
PAZOPANIB,TP53
CEDIRANIB,BRCA1
DOXORUBICIN HYDROCHLORIDE,TP53
GANITUMAB,IGF2
PICOPLATIN,STAT1
CISPLATIN,IL6
OLAPARIB,MYC
DASATINIB ANHYDROUS,ABCB1
CISPLATIN,STAT1
CISPLATIN,MYC
NIRAPARIB,MYCN
ALK INHIBITOR NVL-655,ALK
EVEROLIMUS,ATM
FLUOROURACIL,CD274
MILCICLIB,CDKN2A
SIROLIMUS,CDKN2A
CABOZANTINIB S-MALATE,CTNNB1
SUNITINIB,FGFR1
FGF RECEPTOR ANTAGONIST HGS1036,FGFR1
CEDIRANIB,FGFR1
PHA-665752,FGFR1
SIROLIMUS,FGFR1
SELUMETINIB,FGFR3
PI3K/BET INHIBITOR LY294002,FGFR3
PEFICITINIB,JAK1
TEMSIROLIMUS,PIK3CA
RISOVALISIB,PIK3CA
CARBOXYAMIDOTRIAZOLE OROTATE,PIK3CA
LEUCOVORIN CALCIUM,PIK3CA
PI3K/BET INHIBITOR LY294002,PIK3CA
DALPICICLIB,RB1
ENBEZOTINIB,RET
CAMRELIZUMAB,STK11
REBEMADLIN,TP53
ETOPOSIDE,TP53
EZABENLIMAB,TP53
ALK INHIBITOR TAE684,TP53
PF-04217903,TP53
TARENFLURBIL,APH1B
TIVOZANIB HYDROCHLORIDE,FLT4
HESPERETIN,PPARG
FUMAGILLIN,NFE2L2
CHEMBL:CHEMBL1797711,CREBBP
MAPROTILINE,ATXN2
VANDETANIB,KDR
PERILLYL ALCOHOL,HSPA4
ROLOFYLLINE,ABCA2
LYS-COA,GLI1
ENTRECTINIB,NTRK2
NITROGLYCERIN,MAPK3
OLAPARIB,ESR1
CHLORPROMAZINE HYDROCHLORIDE,HTR2A
THERAPEUTIC ESTROGEN,HSPB1
PATULIN,MAPK1
VENLAFAXINE,BDNF
GLAFENINE,PTGS2
DIMETHYLAMINOETHANOL,AR
CISPLATIN,MLLT3
PLAZINEMDOR,GRIN2A
CLOMIPHENE,ESR1
T0070907,CCND1
E-52862,SIGMAR1
VACCINE,NPY
ROLAPITANT,TACR1
HELENALIN,XBP1
DNAL-CYC(CYS-TYR-DTRP-ORN-VAL)-NAL-NH2,ACAT1
RITANSERIN,AR
CHEMBL:CHEMBL2094789,ATXN2
AVE0847,PPARG
PHENYL SALICYLATE,AR
APIGENIN,HSD17B10
EDELFOSINE,FAS
CN-105,APOE
RELENOPRIDE,NAT1
"[ILE5,TRP23]PTHRP-(2-36) (HUMAN)",XIAP
MONOETHANOLAMINE,ESR1
ZUCAPSAICIN,CYP1A2
CHORIOGONADOTROPIN ALFA,LHCGR
SB 203186,NAT1
PERINDOPRIL,ACE
ALVERINE CITRATE,CYP1A2
SULTHIAME,CA9
TONAPOFYLLINE,ABAT
AM251,ACTN3
TRIFLUOPERAZINE HYDROCHLORIDE,DRD4
REBIMASTAT,MMP8
RECOMBINANT CHEMOKINE,CXCR5
COMPOUND 54,APP
&ALPHA;-CGRP,ACHE
AMITRIPTYLINE HYDROCHLORIDE,PLA2G1B
CD19-TARGETED CAR T2 CELLS,CD19
LEVALBUTEROL,TSHR
"INSULIN, REGULAR, HUMAN",INSR
TYRPHOSTIN B48,ALOX15
COPANLISIB HYDROCHLORIDE,PIK3CD
TAK-733,PIK3CA
SELUMETINIB,STK11
SORAFENIB,ATXN2
DORZAGLIATIN,GCK
RIBOCICLIB,CCND3
METOCHALCONE,GMNN
IMMUNOTHERAPEUTIC AGENT,CCL21
METHOTREXATE,S100A8
SOLIFENACIN,CHRM3
DACTOLISIB,PIK3CA
TUBERCIDIN,SMAD3
MINAPRINE,HTR2C
VANDETANIB,KDR
MECLOFENAMATE,PTGS1
ENTRECTINIB,NTRK2
ESTRADIOL 3-BENZOATE,PRL
CANTHARIDIC_ACID,MTOR
DEOXIEPINEPHRINE,TP53
LARGAZOLE,HDAC1
RECOMBINANT CHEMOKINE,RET
BIMOSIAMOSE,SELE
ANTITHROMBIN ALFA,F9
PALBOCICLIB,CDK4
PSORALEN,MPO
CARVEDILOL,ADRB2
ZIRAM,ALDH1A1
VARENICLINE,CHRNA4
INEBILIZUMAB-CDON,CD19
DOVITINIB,FGFR1
CHEMBL:CHEMBL555242,NFE2L2
BIPHENYL,RXRA
TYRPHOSTIN 23,ALPL
PD-169316,EHMT2
CHEMBL:CHEMBL261123,TP53
ZOLIGRATINIB,FGFR2
CHEMBL:CHEMBL1546223,SMAD3
IMIDAFENACIN,CHRM3
VITAMIN K3,ATXN2
TANSHINONE I,GMNN
ILOPROST,PTGER1
CEDIRANIB,ALK
CARBETAPENTANE CITRATE,CYP2D6
RONICICLIB,CDK4
DIHYDREXIDINE,DRD1
IFABOTUZUMAB,EPHA3
PIPERINE,AHR
CYTARABINE,IGHMBP2
FINASTERIDE,SRD5A2
JNJ-7706621,FGFR1
CHEMBL:CHEMBL221300,HSD17B10
MUSCARINE,EHMT2
BACLOFEN,GABBR1
THIETHYLPERAZINE,HTR2A
SELPERCATINIB,RET
MUPADOLIMAB,NT5E
CHEMBL:CHEMBL254077,NFE2L2
QUERCETIN,GSR
FAGARONINE,FEN1
GENISTEIN,RXRA
CHEMBL:CHEMBL1236602,EHMT2
MORICIZINE HYDROCHLORIDE,SCN7A
NFP,APOF
COMPOUND 20O [PMID: 22984835],APEX1
PF-562271,MARK2
RG-4733,PSEN1
ENPIROLINE,GMNN
AMBUNOL,PLK1
CHEMBL:CHEMBL530682,SMAD3
APIGENIN,BRCA1
PROROXAN,AR
4'-METHOXYCHALCONE,ALDH1A1
GRISEOFULVIN,NR1I2
ALCURONIUM,CHRNA7
OXCARBAZEPINE,SCN9A
COBIMETINIB,MAP2K1
ANAKINRA,IL1R1
CHEMBL:CHEMBL2333445,PTK2
FLUPENTHIXOL,USP1
ATACICEPT,TNFSF13B
MEVIDALEN,ALCAM
FLUMAZENIL,GABRA3
ATENOLOL,PTGS2
GM-CSF-ENCODING ONCOLYTIC ADENOVIRUS CGTG-102,CSF2
MELATONIN,GFAP
OXYMORPHONE,CYP1A2
SUMATRIPTAN,HTR1F
ZOLIGRATINIB,FGFR3
METARAMINOL,CYP1A2
CARBOPLATIN,HLA-C
MITOXANTRONE,ABCB1
MASOPROCOL,RGS4
AM251,RGS4
OLAPARIB,TP53
MELATONIN,MAOB
GARCINOL,STAT1
TENATOPRAZOLE,VDR
CHLORPHENIRAMINE POLISTIREX,HRH1
PROTEIN KINASE C INHIBITOR,HSPB1
RIGOSERTIB,PLK1
PALBOCICLIB,ESR2
PF-562271,GRK5
HYDROCORTISONE BUTYRATE,CCL17
BROMOXYNIL,AR
PEMETREXED DISODIUM,GART
(S)-WILLARDIINE,EHMT2
TYRPHOSTIN A9,NFE2L2
CARBOPLATIN,ATP7B
[3H]CGP61594,GRIN2B
CEP-1347,ERCC3
DESIPRAMINE,COMT
GSK-2256098,PTK2
OLSALAZINE SODIUM,PTGS1
OLAPARIB,BRCA2
COBIMETINIB,MAP2K1
DEMECARIUM BROMIDE,ACHE
MERCAPTOPURINE,VCAM1
CHEMBL:CHEMBL578944,MAPK1
QUERCETIN,CYP1A1
MURAGLITAZAR,PPARG
TAZAROTENE,RARB
LAROTRECTINIB,NTRK1
CHEMBL:CHEMBL587856,EHMT2
GARLIC,ADA
FLUNARIZINE,CACNA1A
PD-169316,RIPK2
PHENOBARBITAL,CHRNA4
DICHLORVOS,AR
PROMAZINE HYDROCHLORIDE,AR
STREPTONIGRIN,PADI4
VX-702,ROCK1
LYMPHOKINE-ACTIVATED KILLER CELLS,IL2
DRONABINOL,GFAP
LIQUIRITIN,P4HB
PROMAZINE,ADRA1A
CHEMBL:CHEMBL1256186,VDR
RIVOCERANIB,STK11
NAPROXEN SODIUM,PTGS1
PREGNANT MARE SERUM GONADOTROPIN,PLAU
TAS-102,ERBB2
SULFINPYRAZONE,ABCC1
RALTITREXED,ALB
ADIPHENINE,CYP1A2
ERBSTATIN,FEN1
LY255283,AMH
ISOPROTERENOL,ADRB2
MARGATOXIN,ATP7B
JNJ-7706621,KDR
FEXAGRATINIB,FGFR1
NISOLDIPINE,CYP2D6
SPARSENTAN,AGTR1
THIOPHENE,AR
METHOTRIMEPRAZINE,HRH1
DEHYDROXYMETHYLEPOXYQUINOMICIN,NFKB1
LATANOPROSTENE BUNOD,PTGFR
ACETANILIDE,HSD17B10
TRIBUTYLTIN-OXIDE,RXRA
CHELERYTHRINE,RGS4
DEXAMETHASONE,NPPC
FLUNISOLIDE ANHYDROUS,PLA2G4A
CHEMBL:CHEMBL580816,EHMT2
S-ETOMIDATE,CYP1A2
OXAZEPAM,AR
APIGENIN,NFE2L2
SULFATINIB,KDR
IBRUTINIB,ERBB4
TYRPHOSTIN AG 555,CYP2D6
DIMETHYL GAMBOGATE,VDR
TANSHINONE I,ATXN2
[3H]8-OH-DPAT,HTR2C
SERABELISIB,PIK3CA
(S)-ROSCOVITINE,NFE2L2
CETYLPYRIDINIUM BROMIDE,RAD52
XL-999,FLT4
VANDORTUZUMAB VEDOTIN,TUBA4A
AZD-8165,F2
CHEMBL:CHEMBL1412002,EHMT2
GW-274150,NOS2
&ALPHA;-PROPYLDOPACETAMIDE,LTB4R
IMATINIB,CSF1R
PAZOPANIB,PDGFRB
AS94,ABCA2
COMPOUND 41 [PMID: 31855425],F5
PHENINDIONE,GCK
RIVOCERANIB,CD274
VENGLUSTAT,UGCG
BREXANOLONE,GABRG3
KX2-361,SRC
CARBOPLATIN,GSTP1
BAY 61-3606,PKN2
CARVEDILOL,ADRB1
[125I]&ALPHA;-CONOTOXIN MII,ATF3
OMEPRAZOLE,NR1I2
UBENIMEX,PRL
DIMETHYLCURCUMIN,EGFR
CHEMBL:CHEMBL1940084,NFKBIA
CHEMBL:CHEMBL1997335,ROCK1
HEXACHLOROPHENE,CRK
PLERIXAFOR,CXCR4
GINGKOLIC ACID,SAE1
MOTIXAFORTIDE,ACTG1
INGENOL MEBUTATE,PKN2
SIGNAL TRANSDUCTION INHIBITOR,MAPK8
ENPIROLINE,ATM
OXIDOPAMINE,PIK3CG
OSIMERTINIB,ABCG2
DAROLUTAMIDE,AR
CISPLATIN,FANCC
CISPLATIN,ERCC6
APALUTAMIDE,AR
TANESPIMYCIN,RET
ALPELISIB,PTEN
LAROTRECTINIB,NTRK1
THIOGUANINE,TPMT
METHACHOLINE CHLORIDE,CHRM3
UROKINASE,PLG
PERINDOPRIL,ACE
DEXBROMPHENIRAMINE MALEATE,HRH1
NILOTINIB HYDROCHLORIDE MONOHYDRATE,ABL1
ACEBUTOLOL HYDROCHLORIDE,ADRB1
PINDOLOL,ADRB1
DOBUTAMINE HYDROCHLORIDE,ADRB1
DULOXETINE HYDROCHLORIDE,SLC6A4
CYCLOSPORINE,PPIA
THYROTROPIN,TSHR
ENOXAPARIN SODIUM,SERPINC1
MONOBENZONE,TYR
"INSULIN, REGULAR, PORK",INSR
DIAZOXIDE,KCNJ8
VARENICLINE,CHRNB2
PERAMPANEL,GRIA1
PERAMPANEL,GRIA3
VARENICLINE,CHRNA4
PERAMPANEL,GRIA2
FLAVOXATE HYDROCHLORIDE,PDE4B
PONATINIB,ABL1
ORPHENADRINE HYDROCHLORIDE,GRIN3A
"ERGOLOID MESYLATES, USP",DRD2
AMOXAPINE,DRD2
AMOXAPINE,DRD5
"ERGOLOID MESYLATES, USP",DRD4
PIMOZIDE,DRD4
PERGOLIDE MESYLATE,DRD1
SUPROFEN,PTGS1
CAFFEINE CITRATE,ADORA3
DENILEUKIN DIFTITOX,EEF2
TROSPIUM,CHRM2
BETHANECHOL CHLORIDE,CHRM2
DARUNAVIR ETHANOLATE,ERVW-4
PENTOBARBITAL SODIUM,GABRA1
FLURAZEPAM HYDROCHLORIDE,GABRA3
PREGABALIN,CACNA1A
BENOXINATE HYDROCHLORIDE,SCN9A
HYDROXYAMPHETAMINE HYDROBROMIDE,ADRB2
CHLORPROMAZINE HYDROCHLORIDE,DRD3
CHLORPROMAZINE HYDROCHLORIDE,DRD2
HYDROXYAMPHETAMINE HYDROBROMIDE,ADRB3
LOXAPINE SUCCINATE,DRD3
LOXAPINE SUCCINATE,DRD2
ROPINIROLE HYDROCHLORIDE,DRD4
ARIPIPRAZOLE LAUROXIL,HTR1A
ROGARATINIB,FGFR2
CP-459632,FGFR3
SULFATINIB,KDR
SOVLEPLENIB,SYK
INK-1117,PIK3CA
GSK-2256098,PTK2
MK-8353,MAPK3
PHA-793887,CDK1
IZORLISIB,PIK3CD
TAK-593,FLT4
REFAMETINIB,MAP2K1
ENMD-2076,KDR
TANZISERTIB,MAPK9
ENMD-2076,FGFR3
FORETINIB,KDR
MOTIXAFORTIDE,CXCR4
RAPASTINEL,GRIN2A
AV-101,GRIN2A
AV-101,GRIN3B
BRIVANIB ALANINATE,FGFR1
BRIVANIB ALANINATE,FGFR3
BRIVANIB ALANINATE,FLT4
DACOMITINIB ANHYDROUS,ERBB2
ORANTINIB,FGFR3
DOVITINIB,PDGFRB
TOZADENANT,ADORA2A
LUMATEPERONE,SLC6A4
GIRENTUXIMAB,CA9
SOLANEZUMAB,APP
VOLOCIXIMAB,ITGB1
DAVUNETIDE,TUBB4A
LEXIBULIN,TUBB4B
METELIMUMAB,TGFB1
DUSIGITUMAB,IGF1
DUSIGITUMAB,IGF2
LY-2382770,TGFB1
F16SIP 131I,TNC
TRX-1,CD4
INDALPINE,SLC6A4
INDOPROFEN,PTGS1
METHAQUALONE,GABRA3
SERTINDOLE,HTR2A
KB-004,EPHA3
AS-1409,FN1
CAPIVASERTIB,AKT3
DAPIVIRINE,ERVW-4
SELUMETINIB SULFATE,MAP2K1
IXAZOMIB,PSMC4
MK-0736,HSD11B1
MT-3724,RPS27
CETHROMYCIN,RPSA
.ALPHA.1-PROTEINASE INHIBITOR HUMAN,ELANE
INAVOLISIB,PIK3CA
GRAPIPRANT,PTGER4
TAK-071,CHRM1
TILARGININE,NOS3
OLUMACOSTAT GLASARETIL,ACACB
FARICIMAB,VEGFA
PRACTOLOL,ADRB1
NINGETINIB,KDR
AZD4205,JAK1
"INSULIN, REGULAR, HUMAN",SLC2A4
FGFR INHIBITOR DEBIO 1347,FGFR3
ARBUTIN,TYR
ALFIMEPRASE,FGG
VERAPAMIL,SLC2A4
SIMLUKAFUSP ALFA,IL2RB
DIAZOXIDE,SNAP25
ULODESINE,PNP
DEXAMETHASONE,SOAT1
PLOCABULIN,TUBB4A
CAMLIPIXANT,P2RX3
RIBOCICLIB,CDKN2A
PILARALISIB,PIK3CA
PILARALISIB,PIK3R1
PILARALISIB,PTEN
TNF-ALPHA,SLPI
NAB-PACLITAXEL,SPARC
VORINOSTAT,HDAC9
AR-AO-14418,RPS6KB1
AUSTOCYSTIN D,ABCB1
APIGENIN,SMN2
FULVESTRANT,ESR2
CHEMBL:CHEMBL451722,EHMT2
CRYPTOCHINONE A,NR1H4
CHEMBL:CHEMBL1287983,USP1
METIPRANOLOL,AR
URSODIOL,SOAT1
ASPIRIN,SST
LY-255283,ALOX15
DIBROMOTYROSINE,GMNN
KAEMPHEROL,CYP2D6
BETAMETHASONE,AR
DAIDZEIN,SMN2
CARFILZOMIB,PSMC6
CARFILZOMIB,PSMD2
CARFILZOMIB,PSMB8
CHEMBL:CHEMBL1341830,THRB
CHEMBL:CHEMBL353764,RAD52
HEPARIN,TFPI2
(S)-ROSCOVITINE,ATXN2
PF-562271,SRC
CHEMBL:CHEMBL1092743,ENPP2
DIETHYLSTILBESTROL DIPROPIONATE,HIF1A
"PAROXETINE HYDROCHLORIDE, HEMIHYDRATE",ATXN2
THIOINOSINE,NFE2L2
BUMETANIDE,NFE2L2
PF-562271,FLT4
AMINEPTIN,JUN
SCLEROTIORIN,WRN
CENISERTIB,SRC
PSAMMAPLIN A,HDAC4
TCDD,TGFB1
RESIQUIMOD,TLR7
CHEMBL:CHEMBL587433,GMNN
CHEMBL:CHEMBL1394328,CYP2D6
VERAPAMIL,TGFB1
ROEMERINE,CASP6
CHEMBL:CHEMBL591126,TP53
RETINOIC ACID AGENT,TGM2
SCARLET RED,EHMT2
11-CIS-RETINAL,OPN1LW
DEMETHYLWEDELOLACTONE,MAPK1
WIN55212-2,CNR2
MOROLIC ACID,PTPN1
DIPHENOXYLATE HYDROCHLORIDE,AR
CHEMBL:CHEMBL2094484,SMAD3
RITONAVIR,TLR4
CENISERTIB,MAPK9
BROMOXYNIL,NFE2L2
RESVERATROL,HSD17B10
CHLORZOXAZONE,CYP1A2
CHEMBL:CHEMBL599098,SMAD3
PHENFORMIN HYDROCHLORIDE,AR
OXYTETRACYCLINE ANHYDROUS,POLB
ZALCITABINE,TK2
OXIBENDAZOLE,GMNN
MICONAZOLE NITRATE,HSP90AA1
PUERARIN,ESR1
TOZASERTIB,JAK2
CHEMBL:CHEMBL600971,NFE2L2
CETRIMONIUM BROMIDE,KMT2A
VITAMIN K3,CYP1A2
"PYRROLIDINE DITHIOCARBAMIC ACID, AMMONIUM SALT",EHMT2
BETAXOLOL HYDROCHLORIDE,EHMT2
HERACLENOL,EHMT2
CHEMBL:CHEMBL1814509,MAPT
SIMVASTATIN,THBS1
CHEMBL:CHEMBL57394,AHR
CHLORPROPAMIDE,CYP2D6
AP-7,EHMT2
CENISERTIB,SYK
"1,4-DIMETHOXYANTHRAQUINONE",PLK1
MYCOPHENOLATE,HSD17B10
CONGO RED,MAPT
LINIFANIB,MARK2
SHIKONIN,APEX1
CHEMBL:CHEMBL1814509,EHMT2
CHEMBL:CHEMBL1392894,ATXN2
CHEMBL:CHEMBL222556,MAPT
IMATINIB,NQO2
IOBENGUANE,CYP2D6
"TRIS(2,3-DIBROMOPROPYL)PHOSPHATE",ESR1
APIGENIN,NR3C1
MRS2179,EHMT2
CHEMBL:CHEMBL1997335,CDK5
TOZASERTIB,KDR
VISMODEGIB,SHH
BAZEDOXIFENE ACETATE,PPARD
GEFITINIB,MAP4K4
PINAFIDE,S1PR1
CALCIPOTRIENE,AR
AMORFRUTIN A,PPARG
VITAMIN K3,ALDH1A1
SILVER SULFADIAZINE,HSD17B10
CISPLATIN,XRCC5
IMATINIB,SMAD3
TAK-715,EGFR
CHEMBL:CHEMBL275260,JUN
CISPLATIN,XIAP
3-HYDROXYCOUMARIN,HPGD
BRYOSTATIN,PRKCA
CYSTEAMINE HYDROCHLORIDE,VDR
ALVOCIDIB,XIAP
OPHIOBOLIN O,MAPK14
HYDROQUINONE,HPGD
DIGOXIN,NFE2L2
BITHIONOLATE SODIUM,MAPT
PIRACETAM,GRIA1
ERDAFITINIB,FGFR2
CP-339818,TSHR
OSAJIN,SMAD3
DAIDZEIN,CYP2D6
AMIODARONE HYDROCHLORIDE,GMNN
ARBACLOFEN,CYP2D6
CHEMBL:CHEMBL259819,RNASEL
RESVERATROL,SMN1
CHEMBL:CHEMBL1376851,GMNN
IMMUNOSUPPRESSANT,XPA
CHEMBL:CHEMBL598477,ACP1
ISOPIMARIC ACID,GABRA1
MASOPROCOL,ALDH1A1
CHEMBL:CHEMBL1368535,HPGD
METIZOLINE,HSD17B10
PLATINUM,XRCC1
CHEMBL:CHEMBL604538,HSD11B1
HARMINE,APEX1
CHEMBL:CHEMBL1611308,TSHR
CHLORANIL,APEX1
PICTILISIB,PIK3CA
PYRIPROXYFEN,NFE2L2
LANATOSIDE C,GMNN
GRAMINE,CYP2D6
MITOXANTRONE HYDROCHLORIDE,EHMT2
MYCOPHENOLATE,SNCA
DITHIAZANINE,SMAD3
ERDAFITINIB,FGFR3
ALTENUSIN,APEX1
OXIDOPAMINE HYDROCHLORIDE,USP1
CHEMBL:CHEMBL324053,HDAC3
ALPELISIB,PIK3CA
VALACYCLOVIR,DPP4
PF-562271,IGF1R
CHEMBL:CHEMBL590168,RAD54L
RESVERATROL,AHR
CHEMBL:CHEMBL546597,MAPT
CHEMBL:CHEMBL578719,FEN1
HYDROCORTISONE ACETATE,NFE2L2
CHEMBL:CHEMBL581869,ALDH1A1
CHEMBL:CHEMBL22148,HEXA
CHEMBL:CHEMBL546797,PDGFRB
GW-2580,NTRK2
6-HYDROXYMELATONIN,EHMT2
CONGO RED,HPGD
SIVELESTAT,ELANE
DIGOXIN,CYP1A2
TYRPHOSTIN AG 879,TSHR
APIGENIN,NR1H4
CHEMBL:CHEMBL408653,SMN1
PYRROLIDINE DITHIOCARBAMATE,HPGD
CHEMBL:CHEMBL530361,NFE2L2
GEFITINIB,GMNN
CHEMBL:CHEMBL1438389,HIF1A
CHEMBL:CHEMBL578719,RAD52
(1R)-TRANS-TETRAMETHRIN,NFE2L2
XANTHYLETIN,SMN1
GEFITINIB,FRK
CHEMBL:CHEMBL1956073,MAP2K1
CHEMBL:CHEMBL530361,HTT
BMS-387032,CDK5
LINIFANIB,FRK
ESTRADIOL 3-BENZOATE,AR
FENTICLOR,SMAD3
SOLOMONSTEROL B,NR1I2
ANDROSTENEDIONE,HSD17B10
SANGUINARIUM,ALOX12
IMATINIB,RAD52
CHEMBL:CHEMBL408653,NPC1
CHEMBL:CHEMBL169335,SMAD3
PITTSBURGH COMPOUND B,MAPT
BENZAMIL,HSD17B10
TYRPHOSTIN 23,NFKB1
AVOBENZONE,APEX1
STROBOPININ,HSPA5
EXEMESTANE,AR
CHEMBL:CHEMBL1873684,NFE2L2
BRIMONIDINE,HPGD
GW1929,HSD17B10
CHEMBL:CHEMBL56542,WRN
TOZASERTIB,STK11
FLUOXETINE HYDROCHLORIDE,ATXN2
PREDNISOLONE SODIUM SUCCINATE,NFE2L2
ISOVELLERAL,HTT
ENDOSULFAN,AR
FINASTERIDE,CYP1A2
CHEMBL:CHEMBL221721,SMN2
IMATINIB,CSF1R
CHEMBL:CHEMBL586135,AGTR1
TETRAIDOFLUORESCEIN,VDR
BENZO[E]PYRENE,TNF
CHEMBL:CHEMBL2333548,MAPK3
CHEMBL:CHEMBL585591,ALPL
ZAFIRLUKAST,CYP2D6
CHEMBL:CHEMBL1162414,PTPN1
CHEMBL:CHEMBL1287866,NQO2
"PAROXETINE HYDROCHLORIDE, HEMIHYDRATE",EHMT2
ENCLOMIPHENE CITRATE,GMNN
(R)-PROCYCLIDINE,CYP2D6
CHEMBL:CHEMBL580076,DNMT1
CHEMBL:CHEMBL1346468,TP53
INDINAVIR SULFATE,AR
AMIODARONE HYDROCHLORIDE,AR
BAY 61-3606,MAPK1
AMSACRINE HYDROCHLORIDE,EHMT2
DOCONEXENT,RXRA
PRIMAQUINE,USP1
PHENOLPHTHALEIN,PPARG
MENATETRENONE,NR1I2
CARFILZOMIB,AR
LARGAZOLE,TUBB4B
CHEMBL:CHEMBL1287983,HSP90AA1
CENISERTIB,KDR
"1,4-DIMETHOXYANTHRAQUINONE",TARDBP
CHEMBL:CHEMBL1483413,EHMT2
FLUPHENAZINE HYDROCHLORIDE,EHMT2
CHEMBL:CHEMBL146710,MAPT
CHEMBL:CHEMBL582503,GMNN
ERGOSTEROL PEROXIDE,NR1H4
AMIODARONE HYDROCHLORIDE,MTOR
CHEMBL:CHEMBL602718,NFKB1
LINIFANIB,KDR
CHELERYTHRINE,HSD17B10
CYC-116,CDK5
ECHINOMYCIN,HEXA
FASUDIL,CYP2D6
BROMUCONAZOLE,AR
"5,7-DIHYDROXYISOFLAVONE",ALDH1A1
CHEMBL:CHEMBL279556,CYP2D6
OXYTETRACYCLINE ANHYDROUS,WRN
HELENALIN,GMNN
CIPROFLOXACIN,CYP1A2
STREPTONIGRIN,MAPT
PINAFIDE,RAD52
CHEMBL:CHEMBL1738936,AR
4-METHYLDAPHNETIN,HSPA5
EPICATECHIN GALLATE,ARNT
CEDIRANIB,ERBB2
CHLORAMPHENICOL PALMITATE,AR
PIPERTRAMINE,CHRM3
CHEMBL:CHEMBL1546223,ATXN2
TRIAZOLAM,BRD2
CHEMBL:CHEMBL1873684,AHR
CHEMBL:CHEMBL1257022,PPARD
SCLEROTIORIN,PLK1
CHEMBL:CHEMBL84685,SMN1
CHEMBL:CHEMBL1642672,MAOB
BAY 61-3606,MAP4K4
IC261,PSENEN
IC261,APH1B
ALLO-OCIMENE,NFE2L2
CHEMBL:CHEMBL126804,ALOX15
FASUDIL,AKT3
CHEMBL:CHEMBL84010,HTT
CHEMBL:CHEMBL198759,TP53
ZIRAM,TDP1
PICTILISIB,LRRK2
JNJ-7706621,JAK3
CHEMBL:CHEMBL586135,ALPL
CHEMBL:CHEMBL578502,SMAD3
CHLORMIDAZOLE,NFE2L2
MAPROTILINE,TSHR
PROPACHLOR,TP53
CENISERTIB,LRRK2
SPINASAPONIN A METHYL ESTER,MAPK1
LEAD DIACETATE TRIHYDRATE,NFE2L2
"DALBERGIONE, 4-METHOXY-4'-HYDROXY-",ALOX15
SELECTIVE ESTROGEN RECEPTOR DEGRADER AZD9496,ESR1
N6-PHENYLADENOSINE,NPY2R
(+/-)-ERIODICTYOL,ALOX15
PIPERINE,SMN1
CHEMBL:CHEMBL27768,PRKCD
PD123319,AGTR2
PROFENAMINE,EHMT2
CHEMBL:CHEMBL125044,PLK1
ENZALUTAMIDE,AR
ETRAVIRINE,ABCG2
PF-562271,PRKCQ
FLUORESCEIN SODIUM,CTNNB1
METHYLBENZETHONIUM CHLORIDE,HSP90AA1
MITOTANE,NFE2L2
DACTINOMYCIN,AR
RETINYL ACETATE,ALDH1A1
CHEMBL:CHEMBL211670,POLB
2-(PHENOXYMETHYL)BENZOTHIAZOLE,NPC1
IMATINIB,LYN
TYRPHOSTIN A9,TSHR
CHEMBL:CHEMBL2062862,STAT3
BOSUTINIB,ABL1
CHEMBL:CHEMBL477052,JUN
PHOSALONE,NFE2L2
N-ACETYLSEROTONIN,EHMT2
GEDATOLISIB,NOS3
ESTRIOL,AR
CHEMBL:CHEMBL1256660,RAD52
SERTRALINE HYDROCHLORIDE,AR
DEOXIEPINEPHRINE,EHMT2
CAPIVASERTIB,AKT1
NITROFEN,AR
COLCHICINE,CXCL8
BAY 11-7082,ALDH1A1
PICTILISIB,CDK7
CENISERTIB,MAPK8
(+/-)-ERIODICTYOL,ALPI
PODOFILOX,AR
ETHAMSYLATE,HIF1A
ZAFIRLUKAST,MAPK1
2-ETHOXYCARBONYL-2-ETHOXYOXALOYLOXYDIHYDROCHRYSIN DIMETHYL ETHER,ALDH1A1
OMEPRAZOLE,VDR
LANATOSIDE C,AR
MICONAZOLE NITRATE,CYP1A2
HARMINE,NFE2L2
OXYTETRACYCLINE ANHYDROUS,KAT2A
DASATINIB ANHYDROUS,PDGFRA
TOZASERTIB,TNK1
TYRPHOSTIN 23,EHMT2
DIMETHYL GAMBOGATE,USP1
PYRROLIDINE DITHIOCARBAMATE,VDR
OXYQUINOLINE,NFE2L2
TRIAZOLAM,CREBBP
ENCLOMIPHENE CITRATE,NLRP3
RESVERATROL,BRCA1
PANCURONIUM BROMIDE,RAD52
METHYL YELLOW,NFE2L2
CYC-116,PAK4
MOMETASONE,AR
CHEMBL:CHEMBL578905,USP1
BENZAMIL,DRD1
SERATRODAST,PPARD
"PAROXETINE HYDROCHLORIDE, HEMIHYDRATE",EHMT2
PATULIN,MAPT
CHEMBL:CHEMBL510966,PTPN6
APIGENIN,HIF1A
NORSTICTIC ACID,MAPT
FENHEXAMID,AR
N-OLEOYLDOPAMINE,MTOR
SULMAZOLE,CYP1A2
LINIFANIB,MST1R
OXYTETRACYCLINE ANHYDROUS,FEN1
"3,6-DIMETHOXYFLAVONE",HSD17B10
CHEMBL:CHEMBL503990,ESR1
CHEMBL:CHEMBL1797711,KAT2B
PHOSMET,HPGD
CHEMBL:CHEMBL591126,CYP2D6
MADOLIN U,MAPK3
CYCLOSTREPTIN,TUBB4A
APIGENIN,CYBB
BUPIVACAINE,CYP2D6
RESVERATROL,NFE2L2
BESTATIN METHYL ESTER,BIRC3
2-ARACHIDONOYLGLYCEROL,CNR1
THIOGUANINE,EHMT2
NOMIFENSINE,EHMT2
PIRENZEPINE,DRD1
NAN 190,HSD17B10
HPTE,NFE2L2
CHEMBL:CHEMBL177126,APP
PYRAZOPHOS,EHMT2
HELENALIN,ATXN2
PERUVOSIDE,SMAD3
VITAMIN K3,TP53
CHEMBL:CHEMBL59532,VDR
FOSPHENYTOIN,HLA-B
INFIGRATINIB,FGFR3
AEE788,ERBB2
REFAMETINIB,MAP2K1
BMS-754807,IGF1R
INFIGRATINIB,MTOR
TANDUTINIB,PDGFRB
INFIGRATINIB,PIK3R4
INFIGRATINIB,PIK3CA
NINTEDANIB ESYLATE,KDR
NINTEDANIB ESYLATE,FLT4
TIVOZANIB,KDR
LENVATINIB,FLT4
BUPARLISIB HYDROCHLORIDE,PIK3CA
VANDETANIB,FLT4
COBIMETINIB,MAP2K1
CLARITHROMYCIN,ABCB1
BIOCHANIN A,ABCB1
FENOFIBRATE MICRONIZED,ABCB1
LOVASTATIN,ABCB1
ENALAPRIL MALEATE,AGT
HYDROCORTISONE BUTYRATE,ANXA1
4-PHENYLENEDIAMINE,ANXA1
HUMAN CHORIONIC GONADOTROPIN,APOE
TRIAZINATE,APP
LOVASTATIN,APOB
ESTRADIOL 3-BENZOATE,AR
DIETHYLSTILBESTROL,BDNF
VALPROIC ACID,BCL2
METHADONE HYDROCHLORIDE,BDNF
TRAMADOL,BDNF
TCDD,BDNF
RECOMBINANT COLONY STIMULATING FACTOR,COL18A1
PERFOSFAMIDE,CSF2
RITONAVIR,CXCL10
CAPTOPRIL,CYP19A1
HYPERICIN,CYP1A1
DIETHYLSTILBESTROL,CYP1A2
ADJUVANT,CYP1B1
RISPERIDONE,CYP1A1
SOY PROTEIN ISOLATE,CYP27B1
GARLIC,CYP2D6
ALPHA-TOCOPHEROL,DDIT3
AZACITIDINE,DNMT1
IMMUNOTHERAPEUTIC AGENT,DPYD
TCDD,DNMT1
LEUCOVORIN CALCIUM,DPYD
HUMAN CHORIONIC GONADOTROPIN,EPO
"INSULIN, REGULAR, HUMAN",EIF4G1
TYRPHOSTIN AG 879,ERBB2
HERBIMYCIN A,ERCC1
DEXAMETHASONE,F9
CISPLATIN,FAS
MDX-447,FCGR1A
CA19-9 ANTIGEN,FCGR3A
HEPARIN,FCGR3B
FENTANYL CITRATE,FCGR3B
VALPROIC ACID,GGT1
METHYLNITROSOUREA,GGT1
LEVOFLOXACIN ANHYDROUS,GSR
LANSOPRAZOLE,GSR
VITAMIN E,GSR
NITROGLYCERIN,GSTM1
ETHACRYNIC ACID,GSTP1
DICUMAROL,GSTM1
VITAMIN E,GSTP1
RECOMBINANT INTERLEUKIN-17,IL17RC
VACCINE,IL27
MIDOSTAURIN,IL6
DHA-PACLITAXEL,IL2RA
MANNOSE-BINDING LECTIN,CXCL8
LANSOPRAZOLE,CXCL8
"INSULIN, REGULAR, HUMAN",IRS2
FENTANYL CITRATE,ITGAM
RECOMBINANT INTERLEUKIN-1,ITGAX
RECOMBINANT FAS LIGAND,ITGB2
RESINIFERATOXIN,ITGAL
DIMETHYL SULFOXIDE,ITGAM
LIAROZOLE,ITGAM
GEMFIBROZIL,LEP
TRIBUTYRIN,LDLR
GEMFIBROZIL,LDLR
RECOMBINANT FIBROBLAST GROWTH FACTOR 2,MAPK14
BUTYLATED HYDROXYTOLUENE,MAPK8
PLATINUM,MAPK8
MELANOMA VACCINE,MLANA
PERFOSFAMIDE,MMP2
ASULACRINE ISETHIONATE,MPO
LIF,MYC
AZACITIDINE,MYC
HALOPERIDOL DECANOATE,GRIN1
TRETINOIN,NFE2L2
HYPERICIN,NFE2L2
DICUMAROL,NFE2L2
DEFEROXAMINE,NFE2L2
IMMUNOTHERAPEUTIC AGENT,NPPC
INTERLEUKIN-8,NRG1
RECOMBINANT VASCULAR ENDOTHELIAL GROWTH FACTOR,NRG1
TRETINOIN,P2RY2
PHOSPHODIESTERASE INHIBITOR,PCSK1
ALVOCIDIB,PIK3CA
IL-6,PLA2G2A
EFLORNITHINE,PLA2G2A
TNF-ALPHA,PLA2G1B
ZINC SULFATE ANHYDROUS,PIK3CG
GEFITINIB,PLAU
IMMUNOSUPPRESSANT,PPIA
ALPHA-TOCOPHEROL,PLTP
PROGESTERONE ANTAGONIST,PRL
BUPROPION HYDROCHLORIDE,PRL
HEPARAN SULFATE,PTPRC
RETINOIC ACID AGENT,RARA
DIMETHYL SULFOXIDE,RARA
ADJUVANT,SHBG
FLUORODEOXYGLUCOSE F18,SLC2A4
LIF,SLC2A4
HALOPERIDOL DECANOATE,SLC6A3
SELENIUM,SLC2A1
TCDD,SLC2A4
TNF-ALPHA,SLC2A4
BDNF,STAR
THERAPEUTIC ANDROGEN,TGFB1
BROXURIDINE,TGFB1
BOVINE CARTILAGE,TGFB1
RECOMBINANT INTERLEUKIN-1,TGM2
TRETINOIN,THBS1
RECOMBINANT VASCULAR ENDOTHELIAL GROWTH FACTOR,TGM2
MIDAZOLAM HYDROCHLORIDE,TGM2
HALOPERIDOL DECANOATE,COMT
ALPHA-TOCOPHEROL,XRCC1
RIBOCICLIB,CDKN2A
ERDAFITINIB,FGFR1
HALOPERIDOL DECANOATE,HSPG2
HALOPERIDOL DECANOATE,GRIN2A
MURAGLITAZAR,EDN1
HALOPERIDOL DECANOATE,GRIN2B
PEGASPARGASE,APOC3
ACETAMINOPHEN / CAFFEINE / DIHYDROCODEINE,CYP2D6
ASPIRIN,ABCB1
HALOPERIDOL DECANOATE,HOMER1
ACETALDEHYDE,ADH1A
CYCLOPHOSPHAMIDE ANHYDROUS,ABCG2
ERGOT ALKALOIDS,DRD2
OLAPARIB,BRCA2
ADALIMUMAB-ADBM,IL13
CRIZOTINIB,ABCB1
NICARDIPINE,ABCB1
AMLODIPINE BESYLATE,ABCB1
CYCLOPHOSPHAMIDE ANHYDROUS,IRS1
RITUXIMAB,ABCB1
RIFAMPIN,ABCB1
PROPRANOLOL HYDROCHLORIDE,ABCB1
QUININE,ABCB1
AMLODIPINE BESYLATE,NPPA
CLOMIPRAMINE,HTR1A
ETANERCEPT-SZZS,TLR9
ATEZOLIZUMAB,EGFR
PHENYLEPHRINE,ADRA1A
VILTOLARSEN,DMD
DESIPRAMINE,CYP2D6
FLUPHENAZINE HYDROCHLORIDE,CYP2D6
LEVODOPA,DBH
NICOTINE POLACRILEX,CYP2D6
ATENOLOL,ADRA2A
INTERFERON BETA-1B,CD58
INTERFERON BETA-1A,CD58
CYCLOPHOSPHAMIDE ANHYDROUS,CPT1A
BELIMUMAB,TNFSF13B
LEVODOPA,MTHFR
HALOPERIDOL DECANOATE,IL1RN
DEXTROAMPHETAMINE SULFATE,DRD1
ANAKINRA,HLA-DRB1
DEHYDRATED ALCOHOL,ALDH1A1
RITUXIMAB,PIK3CA
MARALIXIBAT,JAG1
CISPLATIN,MUTYH
RIFAMPIN,CYP27B1
BRENTUXIMAB VEDOTIN,ALK
PEGASPARGASE,BMP7
CISPLATIN,BLMH
EVEROLIMUS,ESR2
QUETIAPINE FUMARATE,COMT
QUETIAPINE FUMARATE,KCNMA1
DESIPRAMINE,HTR2A
LORLATINIB,ALK
TERBINAFINE,HLA-A
SACITUZUMAB GOVITECAN,ESR1
ABEXINOSTAT,HDAC6
CHR-3996,HDAC8
VOLOCIXIMAB,ITGB1
VELIGROTUG,IGF1R
ALFUZOSIN,ADRA1D
PEMETREXED DISODIUM,GART
ALPRAZOLAM,GABRG3
ALPRAZOLAM,GABRA3
AMIODARONE HYDROCHLORIDE,ADRA1A
AMISULPRIDE,DRD3
ARBACLOFEN,GABBR1
AS1409,IL12RB2
ANTITHROMBIN ALFA,PLG
METHADONE HYDROCHLORIDE,NPY5R
BECAPLERMIN,PDGFRB
LECANEMAB,APP
BMS-582949,MAPK14
PRS-211375,CNR2
OLOKIZUMAB,IL6
INTETUMUMAB,ITGAV
CUDC-101,HDAC8
CTS-21166,BACE1
DROSPIRENONE,AR
ACETALDEHYDE,ALDH2
DIENOGEST,ESR1
ALVOCIDIB,CDK5
ALVOCIDIB,CDK7
NINTEDANIB ESYLATE,DSP
FLOVAGATRAN,F2
RITOBEGRON,ADRB3
LEVOTHYROXINE,THRA
NAVEGLITAZAR,PPARG
LEFITOLIMOD,TLR9
METHOXY POLYETHYLENE GLYCOL-EPOETIN BETA,EPOR
VON WILLEBRAND FACTOR,VWF
NAPROXEN SODIUM,PTGS1
NAMILUMAB,CSF2
NEPICASTAT,DBH
DEXTROMETHORPHAN/QUINIDINE,CYP2D6
SELEXIPAG,PTGIR
NPS-2143,CASR
ABEXINOSTAT,HDAC6
PARDOPRUNOX,ADRA1A
CREMOPHOR EL,ABCB1
INGENOL MEBUTATE,PRKCG
"2-O, 3-O DESULFATED HEPARIN",F10
INGENOL MEBUTATE,PKN1
NABIXIMOLS,ABCB1
VECURONIUM BROMIDE,ABCB1
ALDESLEUKIN,IL2RB
TARAFENACIN,CHRM3
CLOMIPRAMINE,ABCB1
SIMPINICLINE,CHRNB2
TETRODOTOXIN,SCN2A
VITAMIN K3,VKORC1
METHYLPREDNISOLONE,ABCB1
GALETERONE,CYP17A1
ANAKINRA,NLRP3
RUSALATIDE,F2RL3
GALETERONE,AR
MELEVODOPA,DRD4
UROKINASE,PLG
MELEVODOPA,DRD2
PANITUMUMAB,EGFR
CHEMBL:CHEMBL1085282,CTSK
VORAPAXAR,F2R
CANDOXATRIL,ACE
CEVIMELINE,CHRM3
CHLORPROTHIXENE,DRD1
CLOTIAZEPAM,GABRG3
DESIPRAMINE,ADRB2
DESIPRAMINE,HRH1
ENFLURANE,KCNA1
IFOSFAMIDE,DNMT1
MEDRYSONE,NR3C1
METHOHEXITAL,GABRA1
METHOTRIMEPRAZINE,ADRA1D
MIDAZOLAM HYDROCHLORIDE,GABRA1
NEOSTIGMINE,ACHE
PENTOBARBITAL SODIUM,CHRNA7
PENTOBARBITAL SODIUM,GABRA1
PEMIGATINIB,FGFR2
TENECTEPLASE,PLG
THIOPENTAL,CHRNA4
THIOPENTAL,CHRNA7
TERAZOSIN,ADRA1D
TRIFLUPROMAZINE,DRD1
TRIFLUPROMAZINE,CHRM2
TOLAZOLINE,ADRA1A
TRIFLUPROMAZINE,DRD2
CHLORPROTHIXENE,DRD1
CLOMIPHENE,ESR1
DIETHYLSTILBESTROL,ESR1
ENALAPRIL MALEATE,ACE
EDROPHONIUM CATION,ACHE
MITAPIVAT,PKLR
FLUPHENAZINE HYDROCHLORIDE,DRD1
FLUPENTHIXOL,DRD2
FLUPENTHIXOL,DRD1
FLUPHENAZINE HYDROCHLORIDE,DRD2
MARIMASTAT,MMP9
FLURBIPROFEN,PTGS1
HEPARIN,F2
ILOPROST,PTGER1
KETOTIFEN FUMARATE,HRH1
LEVONORGESTREL,ESR1
LOXAPINE,DRD1
LOTEPREDNOL,ANXA1
METHYLDOPA ANHYDROUS,ADRA2A
DESIPRAMINE,CYP2B6
NABUMETONE,PTGS2
PRIMIDONE,GABRA1
PRIMIDONE,GRIA2
PROPIOMAZINE,HTR2C
CRIZOTINIB,MET
PROPIOMAZINE,DRD2
PROPIOMAZINE,CHRM3
PROPIOMAZINE,DRD4
PROPIOMAZINE,ADRA1D
PROPRANOLOL HYDROCHLORIDE,ADRB2
ZUCLOPENTHIXOL,DRD2
CPP-115,ABAT
NAQUOTINIB,EGFR
PEMZIVIPTADIL,VIPR2
ETHYLMORPHINE,CYP2D6
PELCITOCLAX,BCL2L1
OLICERIDINE,CYP2D6
SULFATINIB,CSF1R
ONO-7579,NTRK1
VEGF/HGF-TARGETING DARPIN MP0250,VEGFA
TAMIBAROTENE,RARA
ATOGEPANT,S100A12
CISPLATIN,XRCC3
BRANAPLAM,SMN1
ROPSACITINIB,TYK2
PROMETHAZINE HYDROCHLORIDE,CYP2D6
CONATUMUMAB,CNR1
HSP90 INHIBITOR DEBIO 0932,HSP90AA1
PEGASPARGASE,CPT1A
GALETERONE,AR
TASQUINIMOD,S100A9
ENALAPRIL MALEATE,BDKRB2
ELIPRODIL,GRIN1
ALPROSTADIL,TBXA2R
CARBOPLATIN,MTHFR
MOMETASONE,NR3C1
NCX 1022,COX8A
TOLAZOLINE,DRD2
QUETIAPINE FUMARATE,MTHFR
ILOMASTAT,MMP12
TARENFLURBIL,PSEN2
TARENFLURBIL,PSEN1
DEXTOFISOPAM,TSPO
FIPAMEZOLE,ADRA2A
LAROPIPRANT,PTGIR
DENOPAMINE,DRD2
RG3487,CHRNA7
PICROTOXIN,GABRA1
METHOHEXITAL,GABRA1
CEVIMELINE,CHRM3
GMA-161,FCGR3A
ILOMASTAT,MMP2
ILOMASTAT,MMP14
CABOZANTINIB S-MALATE,RET
TALAROZOLE,CYP26A1
PIMECROLIMUS,PPP3CA
CDK1/2/4 INHIBITOR AG-024322,CDK4
GOLVATINIB,KDR
NEBRACETAM,CHRM1
TESOFENSINE,INSR
TECARFARIN,VKORC1
RABEPRAZOLE,PDGFRA
PF-04217903,MET
JNJ-39393406,CHRNA7
MYCOPHENOLATE MOFETIL,HUS1
VS-5584,PIK3CG
OCRIPLASMIN,FN1
OT-551,GABPA
JNJ-40411813,GRM2
SAFOTIBANT,BDKRB1
ANGIOTENSIN II,AGTR2
SOMAVARATAN,GH1
P70S6K/AKT INHIBITOR M-2698,AKT3
AFLIBERCEPT,VEGFA
BRIVANIB,KDR
FORETINIB,KDR
TRICIRIBINE PHOSPHATE,AKT3
METHIXENE,CHRM1
DIAZEPINOMICIN,TSPO
MDR MODULATOR CBT-1,ABCB1
ADENOSINE TRIPHOSPHATE,ABL1
ATENOLOL,ADRB1
BENAZEPRIL,ACE
CROFELEMER,CFTR
CLEVIDIPINE,SLC25A20
DASATINIB ANHYDROUS,FYN
NEOSTIGMINE,ACHE
RECOMBINANT HUMAN ENDOSTATIN,CTNNB1
VITAMIN D3 ANALOGUE ILX23-7553,VDR
RG7893,SCN9A
RIMIDUCID,FKBP1A
ULODESINE,PNP
ETRASIMOD,S1PR1
MOCRAVIMOD HYDROCHLORIDE,S1PR1
CITALOPRAM,REEP5
GANTENERUMAB,APP
DIPROTEVERINE,SLC25A20
EPACADOSTAT,IDO1
THIORIDAZINE,A1BG
"L-772,405",A2M
CAPESEROD,A2M
FLUOXETINE HYDROCHLORIDE,REEP5
GR-55562,A2M
EVEROLIMUS,PIK3R1
TERGURIDE,HTR2C
TROPISETRON,NAT1
COMPOUND 14 [PMID: 30925062],CACNA1S
COMPOUND 14 [PMID: 30925062],CA9
[125I]HEAT (BE2254),ABCB7
WB 4101,ABCB7
[125I]HEAT (BE2254),ABCA4
WB 4101,ABCA4
MIANSERIN,ABCA4
CYCLOPHOSPHAMIDE ANHYDROUS,RAC2
OMEPRAZOLE,CYP1A2
CYTARABINE,BMP7
SNAP5089,ABCA4
RX821002,ABL1
MUSCARINIC TOXIN 3,ABL1
OXYMETAZOLINE HYDROCHLORIDE,ABL1
RX821002,AOC1
TERGURIDE,AOC1
WB 4101,AOC1
OXYMETAZOLINE HYDROCHLORIDE,AOC1
TERGURIDE,ABL2
VIPADENANT,ABAT
GALANGIN,ABCA1
REGADENOSON ANHYDROUS,ABCA1
CVT-6883,ABCA1
MK-5046,ASIC2
PEGASPARGASE,IGHMBP2
[DES-ARG11]T-KININ,ASIC1
"[DES-PRO8,DES-PHE9,DES-ARG10]KALLIDIN",ASIC1
"[LEU8,DES-ARG9]BRADYKININ",ASIC1
"[THI5,8,D-PHE7]BRADYKININ",BDKRB2
AVACOPAN,ACACB
NDT9520492,ACACB
COMPOUND 4 [PMID: 19954973],CYP27B1
CCL14,ACTA1
GLYBURIDE,CFTR
CROFELEMER,CFTR
CARBENOXOLONE,C4A
CARBENOXOLONE,C3AR1
BSJ-04-132,CDK4
CGP74514A,EIF4G1
ENITOCICLIB,EIF4G1
5H3'FPE,CORD1
ZOTIRACICLIB,EIF4G1
DECITABINE,HLA-E
QUETIAPINE FUMARATE,ABCD1
RACLOPRIDE,ABCD1
ENARODUSTAT,CXCR3
CUDC-101,DXO
SUNVOZERTINIB,DXO
ISOPENTENYL PYROPHOSPHATE,BLVRA
COMPOUND 8E [PMID: 24432909],ENG
COMPOUND 8E [PMID: 24432909],ENO1
LY2874455,DPYSL2
SU-11652,DPYSL2
DERAZANTINIB,DPYSL2
FORETINIB,DRD1
VEGFA,DRD1
IBCASERTIB,DRD3
DINOPROST,APOC2
LATANOPROST (FREE ACID FORM),APOC2
BRETAZENIL,GABRA1
[3H]MUSCIMOL,ARNT
FLUNITRAZEPAM,ARNT
ISOGUVACINE,ARNT
BRETAZENIL,ARNT
BPH-715,CXCR5
SKF89976A,CD14
ONFASPRODIL,GRIN2B
GLYCINE,GRIN2B
COMPOUND 58 [PMID: 21273063],ADH1C
LODOXAMIDE TROMETHAMINE,ADAM10
ILOPROST,APOC3
ESUBERAPROST,APOC3
CISPLATIN,CASP3
ENMD-2076,DRD2
IBCASERTIB,DRD2
FLUOXETINE HYDROCHLORIDE,ACE
VENLAFAXINE,GRIA3
MARGATOXIN,ATP7A
CRIZANLIZUMAB,SELP
TCLPA5,ADH1A
MG149,GDI1
HEPATOCYTE GROWTH FACTOR,DRD4
RIPK3 INHIBITOR 18,DRD4
FARNESOL,BLK
RO4491533,ANPEP
LY395756,ANPEP
GLUTAMIC ACID,ANPEP
(+)-MCPG,SLC25A4
(+)-MCPG,ANPEP
COMPOUND 3 [PMID: 31804822],MAP2K1
E6201,MAP2K1
CISPLATIN,FASLG
UCSF4226,ANK3
ECULIZUMAB,AQP4
DYNORPHIN A-(1-13),APOF
TRAMADOL,APOF
AR-M1000390,APOF
BMS-986121,APOF
&MU;-CONOTOXIN GIIIA,BAX
N-ME-AMINOPYRIMIDINONE 9,SCN9A
VERATRIDINE,SCN9A
GNE-616,SCN9A
IVERMECTIN,ATF4
CYTARABINE,P2RY12
GLAXOSMITHKLINE COMPOUND 5H [PMID:20542694],APBB2
EDAGLITAZONE,CCND1
[125I]SB-236636,CCND1
TZD18,CCND1
GW7845,CCND1
SB-219993,CCND1
2-CHLORO-5-NITRO-N-PHENYLBENZAMIDE,CCND1
HS-173,F5
RISOVALISIB,F5
COMPOUND 41 [PMID: 31855425],PIK3CB
COPANLISIB,PIK3CB
PI-3065,PIK3CB
UMBRALISIB,F7
COMPOUND 20 [PMID: 22136433],F9
MEDROXYPROGESTERONE ACETATE,BDNF
LEVODOPA,ADORA2A
ORG2058,BDNF
ASOPRISNIL,BDNF
[125I]PRRP31,APOA4
"NPY-(18-36) (HUMAN, PIG)",APOA4
TIP39-(9-39) (HUMAN/BOVINE),XIAP
[TYR36]-PTHRP-(1-36) AMIDE (HUMAN),XIAP
TO-901317,BCL2L1
SILDENAFIL,ACE
LY2584702,CXADR
OZANIMOD,AMY2A
PRALSETINIB,RET
CITALOPRAM,CD9
SACITUZUMAB GOVITECAN,BRCA2
DESIPRAMINE,DRD3
DESIPRAMINE,DDIT4
COMPOUND 16 [PMID: 19097778],CHI3L1
[125I]TYR10-CST14,FAS
"MALTOTRIOSE-[125I][TYR3,THR8]OCTREOTIDE",FASLG
NNC269100,AQP1
KB-141,THRB
COMPOUND 5 [PMID: 23232060],FGB
COMPOUND 13R [PMID: 23639540],DNMT3A
ESTRADIOL 3-METHYL ETHER,ALDH7A1
ESTRADIOL 3-METHYL ETHER,ALDH7A1
GSK1016790A,TRPV4
PUERARIN,TRPV4
NIK INHIBITOR 12F,FGF1
U-II-(4-11) (HUMAN),UTS2R
ROCILETINIB,EGFR
LAPATINIB,ESR1
BICALUTAMIDE,CFLAR
FEXAGRATINIB,FGFR1
ANTI-ERBB3 MONOCLONAL ANTIBODY AV-203,NRG1
LORLATINIB,ALK
LAPATINIB,PTEN
GEMCITABINE,FANCC
CISPLATIN,FANCC
BICALUTAMIDE,AR
OLAPARIB,MYCN
VORINOSTAT,HDAC9
GEMCITABINE,TNC
RINDOPEPIMUT,EGFR
PONATINIB,ABL1
FICONALKIB,ALK
ROGARATINIB,FGFR2
GUNAGRATINIB,FGFR2
LEUCOVORIN CALCIUM,FGFR2
PHA-665752,FGFR2
BEMARITUZUMAB,FGFR2
CAMRELIZUMAB,KEAP1
TEMUTERKIB,MAP2K1
E6201,MAP2K1
PF-04691502,PIK3CA
SF1126,PTEN
EVEROLIMUS,PTEN
SAR260301,PTEN
2-METHOXYESTRADIOL,PTEN
SELUMETINIB,PTEN
FLUOROURACIL,PTEN
SUNITINIB,PTEN
DACTOLISIB,PIK3CA
CEDIRANIB,VHL
ROPINIROLE HYDROCHLORIDE,DRD2
AZD-6482,PIK3CD
FASUDIL,PRKCG
GEMFIBROZIL,IL6
HALOPERIDOL DECANOATE,SLC2A4
RICOLINOSTAT,HDAC9
METHACHOLINE CHLORIDE,CHRM3
MITOMYCIN,PALB2
ETOPOSIDE,CYP1A2
AZD-8186,PIK3CB
CHEMBL:CHEMBL529918,NFE2L2
CHEMBL:CHEMBL1389794,SMN1
OMEPRAZOLE,HPGD
RISPERIDONE,CCL2
DARIFENACIN,CYP2D6
PEGASPARGASE,HLA-DRB1
VADACABTAGENE LERALEUCEL,CD19
WAY-100135,ALDH1A1
S24773,ANK3
[125I]EPIBATIDINE,ATF4
GSK126,MYCN
ALVOCIDIB,ABCG2
IMATINIB,CSF1R
ERBSTATIN,EHMT2
TOFERSEN,SOD1
DIMERCAPROL,EHMT2
LY392098,GRIA3
DIBROMOTYROSINE,POLB
BIRINAPANT,BIRC3
THIETHYLPERAZINE,HTR2C
PHENYLEPHRINE,DRD2
HALOPERIDOL DECANOATE,DRD2
DEHYDRATED ALCOHOL,DPP6
CLOMIPRAMINE,COMT
BMY-7378,A1BG
DELGOCITINIB,EPHB1
CITALOPRAM,CREB1
PHENFORMIN HYDROCHLORIDE,NFE2L2
BOSENTAN ANHYDROUS,EDNRB
METOPROLOL,ACE
LY3023703,PTGES
IH636 GRAPE SEED PROANTHOCYANIDIN EXTRACT,NOS1
AXITINIB,ABCG2
PHENYLEPHRINE,ADRA1D
PEGASPARGASE,HLA-DQA1
QUERCETIN,CYP19A1
PEGASPARGASE,TPMT
EVEROLIMUS,ESR1
PRACINOSTAT,HDAC8
LENVATINIB MESYLATE,FLT4
ARBACLOFEN,GABBR2
LENVATINIB,DRD3
SULPROSTONE,APOC2
ABEXINOSTAT,HDAC3
RECOMBINANT VASCULAR ENDOTHELIAL GROWTH FACTOR,FYN
GANTENERUMAB,APP
BENZQUINAMIDE,HRH1
PENTOSTATIN,ADA
IMATINIB,BCR
BITHIONOL,AR
DACINOSTAT,HDAC4
OLSALAZINE SODIUM,PPARG
TEMUTERKIB,MAPK1
AT9283,JAK2
SHO-SAIKO-TO,IL2RA
PRALIDOXIME CHLORIDE,ACHE
ALBUTEROL SULFATE,ADRB2
ALFUZOSIN,ADRA1A
AZD-6482,PIK3R1
DACTINOMYCIN,MTR
EPOTHILONE D,TUBB4A
PEMETREXED DISODIUM,DHFR
FURAFYLLINE,KMT2A
VATALANIB,PDGFRA
CI-1040,SGK1
INCB13739,SLC25A3
PIRARUBICIN,ABCC1
BMS-754807,IGF1R
TAKINIB,ELANE
ALVESPIMYCIN,HSP90AA1
CILENGITIDE,ITGAV
CHEMBL:CHEMBL1997335,RET
ALPROSTADIL,PTGER1
TRITON X,AR
DAPOXETINE,CD9
KETAMINE HYDROCHLORIDE,GRIN3A
ZALUTUMUMAB,EGFR
AM-461,PTGDR
TETRADECANOYLPHORBOL ACETATE,PTK2
VATALANIB,KDR
LEVODOPA,DRD3
LUCATUMUMAB,CD40
ADJUVANT,HMGB1
GEMTUZUMAB OZOGAMICIN,CD33
AR-9281,EPHX1
THIAMYLAL,KCNJ8
ENALAPRIL MALEATE,ACE
PF-06823859,IFNB1
ARRY-371797,MAPK14
RECOMBINANT 70-KD HEAT-SHOCK PROTEIN,TLR4
CHLORANIL,AR
IL-6,NTRK1
ADALIMUMAB-ADBM,ATG16L1
NIRAPARIB,PARP2
DOXACURIUM,CHRM2
DUVELISIB,TP53
RISPERIDONE,NFIB
CHEMBL:CHEMBL605959,EHMT2
N-OLEOYLDOPAMINE,PLK1
URSODIOL,FOS
REFAMETINIB,MAP2K1
CHEMBL:CHEMBL599098,HSP90AA1
JNJ-7706621,MST1R
MILODISTIM,MYC
AS1409,FN1
SCLEROTIORIN,HSP90AA1
LIOTHYRONINE SODIUM,GMNN
CHEMBL:CHEMBL1437888,GMNN
PROSTAGLANDIN D2,PPARG
MECHLORETHAMINE,GSTP1
PEFLOXACIN,IFNG
CYTARABINE,CPT1A
LATANOPROSTENE BUNOD,APOC2
CHEMBL:CHEMBL1437888,RAD52
SANGUINARIUM,TP53
ANTITHROMBIN ALFA,F2
AMOXAPINE,DRD1
NIALAMIDE,MAOA
CHLORANIL,NFE2L2
ADJUVANT,MLANA
DIHYDREXIDINE,CYP2D6
BAY 61-3606,CDK1
NABILONE,CNR1
REGORAFENIB,PDGFRB
VANDETANIB,KDR
CHEMBL:CHEMBL589479,EHMT2
7-CHLOROKYNURENIC ACID,HPGD
CAFFEIC ACID PHENETHYL ESTER,MAPT
CHELERYTHRINE,TP53
QUERCETIN,PRKCA
CLODRONIC ACID,BGLAP
CYCLOFENIL,ESR1
CHEMBL:CHEMBL546797,PRKACA
SARAKALIM,KCNJ8
GGSTOP,CRH
RALTITREXED,CDKN1B
DAIDZEIN,SMN1
CYC-116,LYN
NORTRIPTYLINE HYDROCHLORIDE,SLC6A4
TETRADECANOYLPHORBOL ACETATE,VCAM1
ENFLURANE,KCNA1
HERBIMYCIN,CD4
GANTOFIBAN,ITGB3
PROLACTIN G129R,PRLR
OXYBUTYNIN,CHRM1
DROMETRIZOLE,NPC1
ANTITHROMBIN ALFA,F10
PSEUDOEPHEDRINE,SLC6A3
BIVALIRUDIN,F2
CEDIRANIB,KDR
ILACIRNON,CCR2
GUANABENZ,ABL2
CHEMBL:CHEMBL118378,PLK1
ELEXACAFTOR,CFTR
AMIBEGRON HYDROCHLORIDE,ADRB3
THYROXINE,ALOX15
MORICIZINE HYDROCHLORIDE,NFE2L2
TASELISIB,PTEN
AZ7188,APOE
LAPATINIB,PIK3CA
BUTHIONINE SULFOXIMINE,EHMT2
CHEMBL:CHEMBL601364,RGS4
[3H]D-ASPARTIC ACID,GRIN2B
AMSACRINE HYDROCHLORIDE,RAD52
ENAVATUZUMAB,TNFRSF12A
LINIFANIB,KDR
PROMAZINE,HTR2A
TETRADECANOYLPHORBOL ACETATE,CTLA4
TOZASERTIB,NTRK2
TARENFLURBIL,PSEN1
COLLAGENASE CLOSTRIDIUM HISTOLYTICUM-AAES,MMP8
VULOLISIB,F5
NVP-TAE 226,ALK
(S)-NIMODIPINE,CYP1A2
CHEMBL:CHEMBL582764,PLK1
AMITRIPTYLINE HYDROCHLORIDE,ADA
BMS-754807,IGF1R
BCG VACCINE,PIK3CB
JNJ-39393406,CHRNA7
IVACAFTOR,CFTR
PROPRANOLOL HYDROCHLORIDE,COMT
COLLAGENASE CLOSTRIDIUM HISTOLYTICUM-AAES,MMP1
AXITINIB,PDGFB
OSPEMIFENE,ESR1
SIMPINICLINE,CHRNB2
METHYLTHIONINIUM CHLORIDE,PPARG
PODOCARIC ACID,RGS4
FEXAGRATINIB,FGFR1
DIURETIC,NOS3
TRETINOIN,GLI1
BRIVANIB ALANINATE,FGFR2
A27.15,TFRC
RUBOXISTAURIN,CTAA1
PSEUDOEPHEDRINE,ADRA1A
GEMTUZUMAB OZOGAMICIN,CD33
CLARITHROMYCIN,ITGAM
METRELEPTIN,LEPR
PHENYTOIN SODIUM,CYP2D6
CHEMBL:CHEMBL601364,EHMT2
BIFEPRUNOX,DRD2
PROPRANOLOL HYDROCHLORIDE,ADRB1
CHEMBL:CHEMBL601192,ALDH1A1
FULVESTRANT,ESR2
PF-05089771,SCN9A
PLOCABULIN,TUBB4B
NICOTINE POLACRILEX,GRIN3A
RIBOCICLIB,CDK4
PALBOCICLIB,CDK4
BENAZEPRIL,ACE
VU0001171,GAA
LURASIDONE HYDROCHLORIDE,DRD2
CANRENONE,NR3C2
[3H]LTB4,AMFR
GF109203X,MAPK1
CRUFOMATE,NFE2L2
AT-7519,CDK5
OXCARBAZEPINE,SCN8A
NS1738,ATF4
PROTRIPTYLINE,CYP2D6
HYDROCORTISONE BUTYRATE,ADA
VITAMIN A PALMITATE,IL6
HALOPERIDOL DECANOATE,DRD2
TG100-115,PIK3CD
BREMELANOTIDE,MC1R
BMS-911172,AAK1
FULVESTRANT,ERBB2
LORATADINE,HRH1
COMPOUND III [PMID: 24045148],PTGES
[3H]GR100679,AQP4
RIBOCICLIB,CDK6
PRAZEPAM,TSPO
ISOCARBOXAZID,MAOA
R-(+)-METHANANDAMIDE,VDR
SEMAGACESTAT,PSEN2
DIMETHYL GAMBOGATE,MAPT
VEGF RECEPTOR TYROSINE KINASE INHIBITOR III,KDR
BIFEPRUNOX,HTR2A
RU28318,NR3C2
CIFEA,ANK3
CETYLPYRIDINIUM BROMIDE,FEN1
CIMICOXIB,PTGS2
METHYLENE BLUE ANHYDROUS,VWF
DINOPROSTONE,PTGER3
NAVEGLITAZAR,PPARA
[3-IODO-TYR6]U-II-(4-11) (HUMAN),UTS2R
ASPIRIN,CYP1A2
METHOTREXATE,E2F1
MELANOMA VACCINE,CSF2
SUVN-502,HTR6
THIORIDAZINE,HTR2A
SULISOBENZONE,ALDH1A1
ACETAMINOPHEN,CYP1A2
CHEMBL:CHEMBL1950650,ADORA2A
CHEMBL:CHEMBL1256698,DRD3
CHEMBL:CHEMBL578502,ATXN2
ENALAPRIL MALEATE,PNPT1
ABT-670,ALDH2
VADADUSTAT,CXCR3
INOTERSEN,TTR
CHEMBL:CHEMBL1287866,NQO1
LEVOTHYROXINE,NFE2L2
VALDECOXIB,PTGS2
COLCHICINE,CREBBP
VELIPARIB,PARP2
MACITENTAN,EDNRA
"[PHAA1,D-TYR(ME)2,ARG6,TYR-NH29]AVP",AR
FELBINAC,COX8A
FASUDIL,AKT1
PALBOCICLIB,CDK4
OLSALAZINE SODIUM,PTGS2
MESALAMINE,PTGS2
YTTRIUM Y 90 TACATUZUMAB TETRAXETAN,AFP
PROMAZINE,DRD4
N-METHYL-PHE-LYS-PRO-D-CHA-CHA-D-ARG-CO2H,ACACB
APOMORPHINE,DRD2
UMECLIDINIUM BROMIDE,CHRM3
OT-730,ADRB1
BRETAZENIL,ARR3
MASOPROCOL,POLB
GEMFIBROZIL,JUN
SANGUINARIUM,MAPK1
CHEMBL:CHEMBL1415851,ALDH1A1
CHEMBL:CHEMBL1256813,APEX1
CHEMBL:CHEMBL184074,MAPT
PKI166,EGFR
QUERCETIN,PIK3CG
TCDD,GFAP
METAGLIDASEN,PPARG
CLOMIPRAMINE,HLA-A
FONTOLIZUMAB,IFNG
INTERFERON BETA-1B,IFNAR1
RACEMENTHOL,TRPA1
GD3+,TRPV4
TELATINIB,FLT4
BITHIONOLATE SODIUM,AR
CACA,EHMT2
BUTACLAMOL,DRD1
BIMOCLOMOL,HSF1
CASOPITANT,TACR1
MF101,ESR2
COMPOUND 13 [PMID: 35653642],EPHB2
ENZALUTAMIDE,AR
AMOXAPINE,SLC6A4
BENZYDAMINE,PTGS2
CHEMBL:CHEMBL559271,GRM4
FISPEMIFENE,ESR1
RENZAPRIDE,HTR2C
HEPARIN,CCL21
LIDOCAINE,MPO
OLAPARIB,BRCA2
RINDOPEPIMUT,EGFR
MESALAMINE,PTGS2
PALBOCICLIB,CDK4
NIROGACESTAT,NOTCH1
TRAMETINIB DIMETHYL SULFOXIDE,NF1
PALBOCICLIB,CCND1
OSIMERTINIB,ERBB2
TRAMETINIB DIMETHYL SULFOXIDE,ABL1
MODAFINIL,SLC6A3
CISPLATIN,TPMT
LORATADINE,HRH1
HISTAMINE PHOSPHATE,HRH1
ABICIPAR PEGOL,KDR
CERTOLIZUMAB PEGOL,TNF
PROCHLORPERAZINE,DRD2
SALMON CALCITONIN,CALCR
OLSALAZINE SODIUM,ALOX5
CITALOPRAM,SLC6A4
MN-305,HTR1A
MECASERMIN,IGF1R
LETROZOLE,CYP19A1
"INSULIN, REGULAR, HUMAN",INSR
SOMATREM,GHR
PALIPERIDONE,HTR2A
BLINATUMOMAB,CD19
CILASTATIN SODIUM,DPEP1
DESOXYCORTICOSTERONE ACETATE,NR3C2
RALOXIFENE HYDROCHLORIDE,ESR2
DEXTROAMPHETAMINE SACCHARATE,SLC6A3
LOTEPREDNOL,NR3C1
MOMETASONE,NR3C1
SUMATRIPTAN,HTR1A
FLUOCINOLONE ACETONIDE,NR3C1
PRALATREXATE,DHFR
CERIVASTATIN SODIUM,HMGCR
COLCHICINE,TUBA4A
COLCHICINE,TUBB4A
ORPHENADRINE HYDROCHLORIDE,GRIN3B
ORPHENADRINE HYDROCHLORIDE,GRIN2B
NAPROXEN SODIUM,PTGS2
PHENYLEPHRINE BITARTRATE,ADRA1D
METARAMINOL BITARTRATE,ADRA1A
METARAMINOL BITARTRATE,ADRA1D
BISMUTH SUBSALICYLATE,PTGS2
DIFLUNISAL,PTGS2
DIFLUNISAL,PTGS1
TOLMETIN SODIUM,PTGS2
REPAGLINIDE,ABCC8
TOLAZOLINE HYDROCHLORIDE,ADRA1D
TOLAZOLINE HYDROCHLORIDE,ADRA2A
VALBENAZINE,SLC18A2
PIRBUTEROL ACETATE,ADRB2
BICALUTAMIDE,AR
RIVAROXABAN,F10
PROPANTHELINE BROMIDE,CHRM2
MAZINDOL,SLC6A4
DINOPROSTONE,PTGER4
EFALIZUMAB,ITGB2
PROCHLORPERAZINE,DRD2
LXR-623,NR1H2
CLX-0921,PPARG
NAPROXEN ETEMESIL,PTGS1
AVE0847,PPARD
LY2452473,AR
CEP-37440,ALK
OSI-930,KDR
PD-0166285,SRC
PHA-793887,CDK5
SD-0006,MAPK14
RP-6530,PIK3CD
VS-4718,PTK2
TAK-593,KDR
NMS-1116354,CDC7
ABT-560,CHRNA4
SARAKALIM,KCNJ11
CX1739,GRIA2
FISPEMIFENE,ESR1
NAVEGLITAZAR,PPARG
OXANDROLONE,AR
GW590735,PPARA
VEROSUDIL,ROCK1
RONICICLIB,CDK20
RONICICLIB,CDK7
RONICICLIB,CDK6
LY-2090314,GSK3B
POZIOTINIB,ERBB3
PARDOPRUNOX,DRD3
FORETINIB,FLT4
SAMOTOLISIB,PIK3CA
LASMIDITAN,HTR1F
ORVEPITANT,TACR1
SAFOTIBANT,BDKRB1
STX107,GRM5
ND0801,CHRNA7
DASOLAMPANEL,GRIA2
MURAGLITAZAR,PPARG
MASITINIB,FGFR3
LINSITINIB,INSR
SIMOTINIB,EGFR
ECHOTHIOPHATE,ACHE
OLMESARTAN MEDOXOMIL,AGTR1
DAVUNETIDE,TUBB4B
IDRAPARINUX SODIUM,F10
LUSPATERCEPT-AAMT,TGFB1
IPRONIAZID,MAOA
RAMATROBAN,TBXA2R
SELUMETINIB SULFATE,MAP2K2
IXAZOMIB,PSMB9
QUISINOSTAT,HDAC9
SERALUTINIB,PDGFRA
DOVITINIB,NTRK1
DOVITINIB,PDGFRB
PI3K/MTOR KINASE INHIBITOR PF-04691502,PIK3CD
PICTILISIB,PIK3CA
PI3K/MTOR KINASE INHIBITOR PF-04691502,PIK3CG
LORLATINIB,ALK
CYC-116,CAMK2G
APIGENIN,SMN1
ISOVELLERAL,POLB
HYDROQUINONE,HIF1A
CARBAMAZEPINE,CYP1A2
LEAD DIACETATE TRIHYDRATE,TDP1
CHEMBL:CHEMBL599255,PLK1
PF-562271,CDK7
TRIBUTYLTIN-OXIDE,NFE2L2
BICALUTAMIDE,AR
CHEMBL:CHEMBL546797,ABL1
ISOVELLERAL,MAPK1
JNJ-7706621,GSK3B
HYDROQUINONE,CXCL8
PIRIBEDIL,CYP1A2
PROCARBAZINE,CYP1A2
"L-741,626",CYP1A2
CHEMBL:CHEMBL1341830,EHMT2
BUPIVACAINE,CYP1A2
ATOMOXETINE HYDROCHLORIDE,CYP2D6
CENISERTIB,CSNK1G3
COLCHICINE,TUBA4A
ZOMEPIRAC SODIUM,VDR
CYC-116,PRKACA
COLCHICINE,TUBB4A
DACARBAZINE,CXCL8
PF-562271,LYN
TYRPHOSTIN AG 555,HIF1A
CHEMBL:CHEMBL1504679,EHMT2
CHEMBL:CHEMBL591126,GMNN
MYCOPHENOLATE,PPARG
CONGO RED,ALDH1A1
PACHYRRIZINE,USP1
TAZOBACTAM SODIUM,AR
CHEMBL:CHEMBL84685,NFE2L2
N-ARACHIDONOYLGLYCINE,HPGD
SAQUINAVIR MESYLATE,AR
GW3965,NR1H2
ONONIN,TP53
APTIGANEL,CYP2D6
KAEMPHEROL,MAPT
CHEMBL:CHEMBL493863,MAPT
ALOXISTATIN,ATXN2
EUPAFOLIN,POLB
CHEMBL:CHEMBL428789,EHMT2
CETRIMONIUM BROMIDE,ESR1
TICLOPIDINE,CYP1A2
CHLORANIL,MAPK1
FLUPENTHIXOL,DRD1
BMS-345541,CDK1
RATANIAPHENOL II,MAPT
MASOPROCOL,ALOX15
SANGUINARIUM,ALOX15
CHEMBL:CHEMBL582764,EHMT2
PLERIXAFOR,CCR2
WIN55212-2,CNR1
THEONELLASTEROL E,NR1I2
MK-2206,AR
THIOSEMICARBAZIDE,PPARD
CHRYSENE,AHR
CLEMIZOLE,CYP2D6
MASOPROCOL,HSD17B10
DIOSCIN,NFKBIA
SANGUINARIUM,MAPT
FLUDROCORTISONE,AR
PF-562271,FRK
GARCINONE E,XBP1
ONONIN,NPC1
FINASTERIDE,AR
CEPHALOCHROMIN,POLB
N-ARACHIDONOYLGLYCINE,KAT2A
GW1929,PPARG
PLERIXAFOR,KMT2A
5-OXO-ETE,ALOX5
ENALAPRIL MALEATE,APEX1
BITHIONOL,ESR1
ABEXINOSTAT,HDAC1
CHEMBL:CHEMBL601137,GMNN
CHEMBL:CHEMBL222556,HSD17B10
GW459057A,LYN
GATIFLOXACIN ANHYDROUS,TDP1
INDIUM CHLORIDE,NFE2L2
CHEMBL:CHEMBL1224755,VDR
CHEMBL:CHEMBL582030,NFE2L2
FENTICLOR,HPGD
CHEMBL:CHEMBL581044,VDR
OXYTETRACYCLINE ANHYDROUS,SOD1
ROPINIROLE,CYP2D6
INGENOL MEBUTATE,PRKCQ
PERPHENAZINE,ATXN2
CHLORANIL,HSD17B10
CHEMBL:CHEMBL578061,NPC1
TEMEFOS,NFE2L2
RETINYL ACETATE,NFE2L2
GW843682X,JAK3
NAPHTHYLAMINE,HSD17B10
MASOPROCOL,CYP2D6
TILNOPROFEN ARBAMEL,AR
YEZOQUINOLIDE,NR1H4
2-ARACHIDONOYLGLYCEROL,ALDH1A1
L-CCG-I,APEX1
VITAMIN K3,MAOA
TOZASERTIB,LRRK2
PRELADENANT,ADORA2A
STREPTONIGRIN,FEN1
NISOLDIPINE,VDR
METHYLBENZETHONIUM CHLORIDE,RAD52
SANGUINARIUM,KAT2A
FLUOXETINE HYDROCHLORIDE,PPARD
RESVERATROL,EHMT2
CHEMBL:CHEMBL601110,GAA
CHEMBL:CHEMBL534047,GMNN
ATACICEPT,TNFSF13
CHEMBL:CHEMBL585591,NFE2L2
CHEMBL:CHEMBL1397308,HSD17B10
CHEMBL:CHEMBL599098,PLK1
CHEMBL:CHEMBL1288253,NQO2
E324,VDR
METITEPINE,GMNN
CHEMBL:CHEMBL578944,HSP90AA1
CHEMBL:CHEMBL1098875,HSP90AA1
CHEMBL:CHEMBL1093490,ENPP2
LY-2183240,ALDH1A1
LIOTHYRONINE SODIUM,HPGD
HISPIDIN,EHMT2
TALABOSTAT,CSF3
CEFPODOXIME PROXETIL,AR
DITHIANON,AR
CHEMBL:CHEMBL179611,CASP6
TOLFENAMIC ACID,NFE2L2
CHEMBL:CHEMBL1303948,NPC1
FANGCHINOLINE,SMAD3
CHEMBL:CHEMBL590186,SMAD3
TOZASERTIB,MAP2K2
CHEMBL:CHEMBL429335,TP53
FURAFYLLINE,CYP1A2
ISPRONICLINE,CHRNA4
CEDIRANIB,MAP4K4
AZOXYSTROBIN,NFE2L2
CHEMBL:CHEMBL261692,NFE2L2
CHEMBL:CHEMBL126804,VDR
METACRESOL,NFE2L2
CHEMBL:CHEMBL404954,VDR
GLIQUIDONE,ABCC8
APIGENIN,PPARD
TETRABENAZINE,SLC18A2
WITHAFERIN A,CASP3
PHENYLBUTYRYLHYDROXAMIC ACID,HDAC1
PHENYLBUTYRYLHYDROXAMIC ACID,HDAC8
MAPROTILINE,TP53
OXYMETAZOLINE HYDROCHLORIDE,CYP2D6
CHEMBL:CHEMBL1567571,HTT
BAY 61-3606,DYRK1A
FPL-55712,HPGD
CHEMBL:CHEMBL579318,SMAD3
CHEMBL:CHEMBL587856,SMN1
BRYOSTATIN,PRKCD
CHEMBL:CHEMBL128729,NFE2L2
CHEMBL:CHEMBL1224755,XBP1
FASUDIL,PRKCQ
CHEMBL:CHEMBL592819,SMAD3
U73122,CYP2D6
CHLORANIL,VDR
NAN 190,DRD1
HYDRAZOBENZENE,ALDH1A1
CENISERTIB,CDK1
SUVANINE'S SODIUM SALT,NR1H4
"3,5-DIPHENYLISOXAZOLE",PLK1
TERGURIDE,HTR2A
MYRISTIC ACID,PPARA
CHEMBL:CHEMBL601140,MAPT
CHEMBL:CHEMBL546597,CYP2D6
BAY-11-7085,DRD1
EPINEPHRINE,ADRA1D
CAMBENDAZOLE,AR
CHEMBL:CHEMBL91638,CTNNB1
EUPAFOLIN,APEX1
LY-255283,HPGD
ACETAMINOPHEN,CYP2D6
TRIMETHYL-OCTADECYL-AMMONIUM CHLORIDE,AR
MYCOPHENOLATE,SMN2
APIGENIN,ESR1
CADMIUM DICHLORIDE,NFE2L2
AIDA,EHMT2
CHEMBL:CHEMBL602561,SMN2
AMIODARONE HYDROCHLORIDE,GMNN
PF-562271,PTK2B
CHEMBL:CHEMBL1256813,RGS4
DIMETHYLCURCUMIN,ERBB4
IBRUTINIB,LYN
JUGLONE,MAPT
CHEMBL:CHEMBL421431,PLK1
"PYRROLIDINE DITHIOCARBAMIC ACID, AMMONIUM SALT",MAPT
HELENALIN,RGS4
CYC-116,TYK2
CYC-116,CYP2D6
FANGCHINOLINE,GMNN
TRIMETREXATE,KMT2A
GF109203X,USP1
CENISERTIB,PDGFRA
CHEMBL:CHEMBL605084,PLA2G1B
CHEMBL:CHEMBL606460,ATM
CYC-116,AKT1
CHEMBL:CHEMBL528373,PLK1
ATOMOXETINE HYDROCHLORIDE,CYP2D6
CARIPRAZINE,CYP2D6
DASABUVIR,IFNL3
RUSALATIDE,F2R
ERLOTINIB,EGFR
LYMPHOKINE-ACTIVATED KILLER CELLS,FGF2
VACCINE,FGFR1
VERAPAMIL,GSTP1
AMPICILLIN (ANHYDROUS),HMGB1
POLYVALENT MELANOMA VACCINE,HLA-A
CYTARABINE,HSPA4
FLUTICASONE,HSPA4
KETANSERIN,HSPA4
CISPLATIN,HSPA4
UROKINASE,PLAT
URSODIOL,IFNG
LYMPHOKINE-ACTIVATED KILLER CELLS,IL15
SHO-SAIKO-TO,IL10
LYMPHOKINE-ACTIVATED KILLER CELLS,IL15
THERAPEUTIC ANDROSTANOLONE,IGFBP5
SIMVASTATIN,IL17A
CHINESE HERBS,IL1B
GARLIC,IL2RA
FENTANYL CITRATE,IL6
TRETINOIN,CXCL8
HIV VACCINE,IL7
VATALANIB,FLT4
SAQUINAVIR,IL6
SIGNAL TRANSDUCTION INHIBITOR,IL6
CEFTRIAXONE,CXCL8
TALC,CXCL8
MIDAZOLAM HYDROCHLORIDE,CXCL8
ALPHA-TOCOPHEROL,CXCR2
VIT-100,PCNA
RECOMBINANT INTERLEUKIN-1,CXCL8
VALPROIC ACID,LEP
CISPLATIN,LIF
DIAZOXIDE,LPL
LYMPHOKINE-ACTIVATED KILLER CELLS,LPL
HALOPERIDOL DECANOATE,MAOB
IMMUNOTOXIN,MAPK8
TETRADECANOYLPHORBOL ACETATE,MIF
UBENIMEX,MYC
DEFEROXAMINE,NEUROD1
PYRAZOLE,NFE2L2
SIMVASTATIN,NFE2L2
DITIOCARB,NOS1
PHENYLEPHRINE,NOS1
METHOTREXATE,NR3C1
VANILLOID,NTF3
DESIPRAMINE,ADRB1
ENPROFYLLINE,PDE4B
BDNF,NTF4
GAMMA-INTERFERON,NTRK1
PHENYLEPHRINE,NTRK1
NERVE GROWTH FACTOR,NTRK1
BDNF,PIK3CG
RECOMBINANT CHEMOKINE,PIK3CG
VITAMIN A,PLAU
CARMUSTINE,PLAU
CORTISONE,PPY
LOVASTATIN,PRL
DEXAMETHASONE ACETATE,PRL
CLONIDINE HYDROCHLORIDE,PRL
FORASARTAN,AGTR1
PHENOTHIAZINE,PRL
HYDROCHLOROTHIAZIDE,PTGS1
MIDAZOLAM HYDROCHLORIDE,PTH
AZATHIOPRINE,PTH
POTASSIUM CITRATE ANHYDROUS,PTH
FONDAPARINUX,SERPINC1
LAMIVUDINE,PTH
DEXAMETHASONE,PTH1R
CYCLOPHOSPHAMIDE ANHYDROUS,MTR
LANSOPRAZOLE,CYP1A2
OMEPRAZOLE,AHR
EPTIFIBATIDE,FGG
RALOXIFENE HYDROCHLORIDE,VDR
RALOXIFENE HYDROCHLORIDE,ESR2
ISOETHARINE,ADRB1
CERTOLIZUMAB PEGOL,HLA-E
CALCITRIOL,VDR
ZILEUTON,ALOX5
SILDENAFIL,GNB3
NICOTINE POLACRILEX,DRD4
ACETAZOLAMIDE,HLA-B
IMIDAPRIL,BDKRB2
OXYMORPHONE,CYP2B6
MECLOFENAMATE,PTGS2
PYRAZINAMIDE,CYP2B6
MIDAZOLAM HYDROCHLORIDE,CYP2B6
RIFAMPIN,CYP2B6
NICOTINE POLACRILEX,DRD1
METHYLPREDNISOLONE,NR3C1
ADALIMUMAB-ADBM,TNFRSF1B
ADALIMUMAB-ADBM,TLR2
METHOTRIMEPRAZINE,ADRA1A
ADALIMUMAB-ADBM,TF
ADALIMUMAB-ADBM,CCNY
CARBOPLATIN,CDSN
CARBOPLATIN,SERPINC1
CARBOPLATIN,ERBB3
INTERFERON BETA-1A,HLA-DRB1
ATENOLOL,FTO
ASCIMINIB,BCR
DACOMITINIB ANHYDROUS,ERBB2
DOVITINIB,FGFR1
MULTIKINASE INHIBITOR AEE788,ERBB2
MULTI-NEO-EPITOPE VACCINE OSE 2101,ERBB2
VANDETANIB,FLT4
TELATINIB,FLT4
DACINOSTAT,HDAC1
AT9283,JAK3
LINIFANIB,KDR
FORETINIB,KDR
MULTIKINASE INHIBITOR AEE788,KDR
FORETINIB,MST1R
DOVITINIB,PDGFRB
VELIPARIB,PARP2
XL820,PDGFRB
IMATINIB,BCR
AGATOLIMOD SODIUM,TLR9
TIRBANIBULIN,SRC
THALIDOMIDE,VEGFA
FP-1039,FGFR3
ARIPIPRAZOLE LAUROXIL,HTR1A
EG5 KINESIN-RELATED MOTOR PROTEIN INHIBITOR 4SC-205,KIF11
OXYBUTYNIN,CHRM2
ABCIXIMAB,ITGA2B
ACARBOSE,GAA
ACLIDINIUM,CHRM2
AGOMELATINE,MTNR1A
NINTEDANIB ESYLATE,KDR
BIFEPRUNOX,DRD3
ESTRADIOL VALERATE,ESR2
BIFEPRUNOX,HTR1A
NINTEDANIB ESYLATE,FLT4
BICALUTAMIDE,AR
AVAGACESTAT,PSEN2
AVAGACESTAT,PSEN1
LURASIDONE HYDROCHLORIDE,HTR1A
ERYTHROPOIESIS-STIMULATING AGENT,EPOR
ORLISTAT,FASN
ORTATAXEL,BCL2
BELINOSTAT,HDAC9
RAMELTEON,MTNR1A
RENZAPRIDE,HTR2A
RINDOPEPIMUT,EGFR
COLTUXIMAB RAVTANSINE,CD19
SIVELESTAT,ELANE
SOLABEGRON,ADRB3
ISPRONICLINE,CHRNB2
TALOTREXIN,DHFR
ERLOTINIB,EGFR
SITAXENTAN,EDNRA
GANTOFIBAN,ITGA2B
VANDETANIB,FLT4
MOTIXAFORTIDE,CXCR4
RAUWOLFIA SERPENTINA (USP),SLC18A2
ANISTREPLASE,FGA
BENZTROPINE,CHRM1
BUCLIZINE,HRH1
BEPRIDIL,CACNA1A
BUTOBARBITAL,GABRA3
BUTALBITAL,GRIA2
ADINAZOLAM,GABRG3
CHLORPHENIRAMINE POLISTIREX,HRH1
CHLORPROTHIXENE,DRD2
CITALOPRAM,SLC6A4
ATORVASTATIN CALCIUM TRIHYDRATE,HMGCR
NARATRIPTAN,HTR1F
RILONACEPT,IL1A
DIPHENIDOL,CHRM3
DOXACURIUM,CHRM2
HEPARIN,SERPINC1
HALAZEPAM,GABRA3
ISOPROTERENOL,ADRB2
LETROZOLE,CYP19A1
LOTEPREDNOL,NR3C1
PHENFORMIN,PRKAA1
LURASIDONE HYDROCHLORIDE,DRD2
MECLOFENAMATE,PTGS1
MIDAZOLAM HYDROCHLORIDE,GABRA1
MINAPRINE,DRD1
PHENTERMINE RESIN,SLC6A4
PERINDOPRIL,ACE
MELANOMA VACCINE,TYR
SULFATINIB,KDR
IRX-2,CRH
DEPATUXIZUMAB MAFODOTIN,EGFR
OLOKIZUMAB,IL6
ALUNACEDASE ALFA,ACE2
ANTI-ERBB3 MONOCLONAL ANTIBODY CDX-3379,ERBB3
ELIPRODIL,GRIN2B
SULTHIAME,CA2
SILYMARIN,ALOX5
CI-1040,AKT1
ENILURACIL,DPYD
GUANINE,GCH1
ABX-IL8,CXCL8
MSX-122,CXCR4
CHLORPROPAMIDE,KCNJ10
AUS-131,ESR2
TRANILAST,HRH1
MECLIZINE,NR1I3
LAROPIPRANT,PTGDR
QUINESTROL,ESR1
PORPHOBILINOGEN,ALAD
CLOFIBRATE,LPL
EDARAVONE,BCL2
AMBENONIUM,ACHE
ZONISAMIDE,XK
ANTI-CD38 CAR T CELLS PREPARATION,CD38
CALCIFEDIOL ANHYDROUS,VDR
HYDROXYUREA,RRM2
METHOTRIMEPRAZINE,DRD2
PRALIDOXIME CHLORIDE,ACHE
BETAXOLOL,ADRB1
CLOPIDOGREL,P2RY12
LIFITEGRAST,ITGAL
ISOPROTERENOL,ADRB2
LENALIDOMIDE,TNF
IRBESARTAN,AGTR1
LORNOXICAM,COX8A
RIMITEROL,ADRB3
TERAZOSIN,ADRA1D
ZUCLOPENTHIXOL,DRD2
AMELUBANT,LTB4R
GW-813893,F10
T-817 MALEATE,APP
PICLIDENOSON,ADORA3
TESEVATINIB,PTK2B
OZANIMOD,S1PR1
ILOMASTAT,MMP3
"L-772,405",A1BG
"LY 165,163",A1BG
GS9667,ABAT
REGADENOSON ANHYDROUS,ABAT
BINODENOSON,ABCA1
ADENOSINE,ABCA1
(S)-PIA,ABCA1
ADENOSINE,ABCA2
MSX-2,ABCA1
TOZADENANT,ABCA1
PBF-509,ABCA1
ROLOFYLLINE,ABCA1
METYROSINE,TH
TONAPOFYLLINE,ABCA1
TCPA,ABCA2
AS96,ABCA2
(S)-PIA,ABCA2
CVT-6883,ABCA2
PENTOXIFYLLINE,ABCA2
REPAGLINIDE,ABCC8
MIVACURIUM,CHRM2
M826,CASP3
URACIL 20,DBH
VICASINABIN,CNR2
ANANDAMIDE,CNR2
LY2828360,CNR2
JMV180,CCKAR
IBIPINABANT,CNR2
ML398,ALDH2
PENTOBARBITAL SODIUM,CHRNA4
DBPR112,DXO
DACOMITINIB ANHYDROUS,DXO
AMPHIREGULIN,DXO
ALPROSTADIL,APOC1
OXYPHENCYCLIMINE,CHRM3
PGD2,APOC1
ILOPROST,APOC1
19(R)-OH-PGE2,APOC1
RITUXIMAB,EN1
CP-724714,EN1
EPIREGULIN,ERBB4
TESEVATINIB,EN1
THIOPENTAL,GABRA1
NORENDOXIFEN,ESR2
TAMOXIFEN,ESR2
TAMOXIFEN,ESR2
THIAMYLAL,GABRA1
ISONIPECOTIC ACID,ARR3
RO15-4513,ARR3
THIOPENTAL,GABRA3
PICROTOXIN,ARSA
MGIPANT-1,ALPI
GLYCINE,GRIN2B
TRIFLUOPERAZINE,DRD2
NYX-2925,GRIN2A
[3H]D-ASPARTIC ACID,GRIN2A
N1-DANSYL-SPERMINE,GRIN2A
IPN60090,GRIA2
TRIFLUOPERAZINE,ADRA1A
LUMINESPIB,GRINA
TRIPROLIDINE,HRH1
ANANDAMIDE,ACTN3
GW274150,NOS1
&ALPHA;-CONOTOXIN MII,CHRNA3
MECAMYLAMINE,CHRNA3
VARENICLINE,CHRNA3
AQW051,ATF4
MECAMYLAMINE,ATF3
YM44781,AQP4
NEUROKININ A,AQP4
UFP-102,APBA1
RF9,ANXA1
NEUROPEPTIDE FF,ANXA1
OX-40 LIGAND,TNFRSF4
ACT-335827,APBB1
[3H]SB-674042,APBB1
INS49266,APEX1
[3H]PSB-0413,APEX1
REGRELOR,APEX1
PPADS,BIRC2
COMPOUND 10D [PMID: 34855388],APRT
R3(B&DELTA;23-27)R/I5 CHIMERIC PEPTIDE,KLK3
BIM 23052,FAS
ANALOG 3 [PMID:18543899],FASLG
CHLORPROTHIXENE,HRH1
SIFA-ASN(ACNH-&BETA;-GLC)-PEG-TYR3-OCTREOTATE,FASLG
BIM 23052,AQP1
COMPOUND 53 [PMID: 33038794],GRIN1
AZ1366,HLA-DMA
H. POLYGYRUS TGF-&BETA; MIMIC,DNMT3A
COMPOUND 5 [PMID: 21741839],FRDA2
TAFAMIDIS,TTR
TRPV6 INHIBITOR CIS-22 A,TRPV6
NSC600684,TRPV4
CLOMIPRAMINE,SLC6A4
ARGIPRESSIN,AR
CYCLIZINE,HRH1
PALBOCICLIB,CDK4
CISPLATIN,CD44
DEXAMETHASONE,NR3C1
SORAFENIB,HMOX1
EPIRUBICIN,FOXP3
VORINOSTAT,TP53
MTOR KINASE INHIBITOR PP242,PIK3CA
GEMCITABINE,IGF2
EMEDASTINE,HRH1
LEUCOVORIN CALCIUM,ATM
ENFLURANE,KCNMA1
DYPHYLLINE,PDE4B
DOFETILIDE,KCNK2
FENOLDOPAM MESYLATE,DRD1
FENOLDOPAM MESYLATE,DRD5
FENOLDOPAM MESYLATE,ADRA2A
MARIMASTAT,MMP3
FLUSPIRILENE,DRD2
FLUVOXAMINE,SLC6A4
FLURBIPROFEN,PTGS2
MARIMASTAT,MMP2
INDOMETHACIN,PTGS2
MICROPARTICLE MDP/BACTERIAL DNA-CONTAINING MIS416,NOD2
EMD-1204831,MET
EFIZONERIMOD,TNFRSF4
LABETALOL,ADRB2
MK-1496,PLK1
PELCITOCLAX,BCL2
BCL-2 INHIBITOR BCL201,BCL2
SELECTIVE ESTROGEN RECEPTOR DEGRADER AZD9496,ESR1
VEBRELTINIB,MET
PLX7486,CSF1R
ONO-7475,MERTK
GSK2646264,SYK
AVORALSTAT,KNG1
XL550,NR3C2
RALIMETINIB MESYLATE,AHSA1
EDOXABAN,F10
IOPOFOSINE,PIK3CG
LY2928057,SLC40A1
DENIFANSTAT,FASN
NAPROXEN SODIUM,PTGS2
ETHOXZOLAMIDE,CA2
FENOFIBRATE MICRONIZED,PPARA
FLUSPIRILENE,DRD2
PRALNACASAN,CASP1
AMOCARZINE,ACHE
METAPROTERENOL,ADRB2
NCX-1000,CRTAP
GLATIRAMER,HLA-DRB1
DIQUAFOSOL,P2RY2
UMESPIRONE,DRD2
CHEMBL:CHEMBL219557,SRC
LENABASUM,TNF
LAROPIPRANT,TBXA2R
CHLAMYDOCIN,HDAC1
MATUZUMAB,EGFR
MESTRANOL,ESR1
PYRIDOSTIGMINE,ACHE
IMRECOXIB,PTGS2
CXD-101,HDAC9
ATACICEPT,TNFSF13
LIAROZOLE,CYP19A1
AZD-3839,BACE1
C-MET INHIBITOR AMG 208,MET
EMICIZUMAB,F9
PRIMIDONE,CHRNA4
AUTOLOGOUS ANTI-CD19 CHIMERIC ANTIGEN RECEPTOR T-CELLS SJCAR19,CD19
AFLIBERCEPT,PGF
REGORAFENIB,KDR
ALDESLEUKIN,IL2
OPC-14523,HTR1A
OPC-14523,SIGMAR1
DIHYDROTESTOSTERONE,AR
BRIGATINIB,ALK
MB-07803,FBP1
OSTABOLIN-C,PTH
BIVALIRUDIN,F2
CHOLECALCIFEROL,VDR
DICLOFENAC SODIUM,COX8A
DIPHENHYDRAMINE,HRH1
ENTACAPONE,COMT
THIORIDAZINE,DRD2
TESTOSTERONE,AR
URSODIOL,BLVRA
TOLTERODINE,CHRM3
PLX7486,NTRK1
VS-5584,MTOR
SAPITINIB,ERBB2
BI 2536,PLK1
PF-04991532,GCK
VOXTALISIB,MTOR
CANFOSFAMIDE,GSTP1
CEDIRANIB,KDR
CHIGLITAZAR,PPARA
FROVATRIPTAN,A2M
OLANZAPINE,A2M
ELETRIPTAN,A2M
EGIS-7625,HTR2C
SB 243213,HTR2C
2-BROMO-LSD,SERPINA3
PIRENPERONE,SERPINA3
THIORIDAZINE,SERPINA3
KT-109,CXCL1
PRAZOSIN,ABCA4
BMY-7378,ABCA4
GUANABENZ,ABL1
MK-912,AOC1
ROXINDOLE,ABL2
OXYMETAZOLINE HYDROCHLORIDE,ABL2
ALL-TRANS-4-OXO-RETINOIC ACID,ABL2
CVT-6883,ABAT
MSX-2,ABAT
2-CHLOROADENOSINE,ABCA1
COMPOUND 9F [PMID: 24412111],ASIC2
12R-HETE,AMFR
LY255283,AMFR
CCT244747,EFNA5
PRIMIDONE,GABRA3
BRADYKININ,BDKRB2
NPC-349,BDKRB2
SNX482,ATP6V1G2
TETRONOTHIODIN,CCKBR
CBIQ,CFTR
GLYH-101,CFTR
PROPIOMAZINE,CHRM1
SULINDAC,CPT1B
CARBENOXOLONE,C5AR1
PROPIOMAZINE,ADRA1A
PROPIOMAZINE,CHRM2
CGP74514A,CDK4
RIBOCICLIB,CDK4
ZOTIRACICLIB,EIF4E
CIMPUCICLIB,EIF4EBP1
ASNUCICLIB,EIF4G1
CDK INHIBITOR 4.35,EIF4G1
SULFAPHENAZOLE,MAP3K8
PROPIOMAZINE,DRD1
5H3'FPE,CYP1B1
PROTRIPTYLINE,SLC6A4
T863,GPI
ZY15557,DAPK1
6-FLUOROMEVALONATE 5-DIPHOSPHATE,BLMH
OLANZAPINE,ABCD1
RACLOPRIDE,ALDH1A1
BENPERIDOL,ALDH2
TERGURIDE,ALDH2
SGC-CBP30,GLI1
UNC1999,EZH2
BPIQ-I,DXO
JND3229,DXO
ICOTINIB,DXO
CYC116,KDR
BINDARIT,FYN
LY2928057,SLC40A1
TUG-1197,ADH4
COMPOUND 29 [PMID: 36356320],DR1
DERAZANTINIB,DR1
PRN1371,DR1
IBCASERTIB,DRD1
SU-14813,DRD1
TIVOZANIB,DRD1
"13,14-DIHYDRO-16-M-CHLOROPHENOXY-W-TETRANOR-PGF1&ALPHA;",APOC2
PGD2,APOC2
INDIPLON,GABRA1
ISOGUVACINE,GABRA1
[3H]MUSCIMOL,GABRA1
IBRUTINIB,ENO2
PICROTOXIN,GABRA1
FLUNITRAZEPAM,GABRA1
NMDA,GRIN2B
N1-DANSYL-SPERMINE,GRIN2B
D-AP5,GRIN2B
CUDC-101,MSTN
CUDC-101,HDAC4
PANOBINOSTAT,GART
VORINOSTAT,MSTN
COMPOUND 24 [PMID: 15955699],CUX1
A(4-24)(F23A)H2,APP
AS1269574,ADH1C
TOMIVOSERTIB,FCGR3A
AMITRIPTYLINE HYDROCHLORIDE,CD9
COMPOUND 14N [PMID: 25589934],CYBB
TRIMIPRAMINE,CD9
NOC-ATE,FASLG
SRIF-28,AQP1
NVP‐TNKS656,HLA-DMB
COMPOUND 16G [PMID: 35507418],THRB
STAUROSPORINE,FGB
CURCUMIN,TRPV4
GSK2193874,TRPV4
IMATINIB,PDGFRA
DAROMUN,FN1
CISPLATIN,ERCC1
BRIGATINIB,ALK
CISPLATIN,NRG1
LAPATINIB,NRG1
NVP-AEW541,DDIT3
DASATINIB ANHYDROUS,ABL2
FUTUXIMAB/MODOTUXIMAB MIXTURE,EGFR
CISPLATIN,ERCC2
TRK INHIBITOR,NTRK1
SORAFENIB,RET
RIBOCICLIB,PIK3CA
GEMCITABINE,XRCC1
PAZOPANIB,FGFR3
UNC1999,EZH2
IMATINIB,PDGFRA
SIROLIMUS,MTOR
CRIZOTINIB,MET
CRENOLANIB,PDGFRA
RITUXIMAB,ERBB3
OCTREOTIDE ACETATE,ALK
PEMETREXED DISODIUM,ALK
SIROLIMUS,ALK
FUTIBATINIB,FGFR1
ROGARATINIB,FGFR1
ROGARATINIB,FGFR3
S-49076,FGFR3
PEFICITINIB,JAK3
RLY-2608,PIK3CA
FUTIBATINIB,PIK3CA
TEMSIROLIMUS,PTEN
GSK-2636771,PTEN
OLAPARIB,PTEN
M-2698,PTEN
IZORLISIB,PTEN
EVEROLIMUS,VHL
GLUTETHIMIDE,GABRA1
SECOBARBITAL SODIUM,GABRG3
HALAZEPAM,GABRA3
TETRACYCLINE PHOSPHATE COMPLEX,RPSA
DENILEUKIN DIFTITOX,IL2RA
MORICIZINE HYDROCHLORIDE,SCN8A
ORPHENADRINE HYDROCHLORIDE,SCN8A
PHENYTOIN SODIUM,SCN9A
FOSPHENYTOIN,SCN9A
LAMOTRIGINE,SCN9A
EFALIZUMAB,ITGAL
ARBACLOFEN,GABBR1
ARBACLOFEN,GABBR2
EMRICASAN,CASP6
EMRICASAN,CASP9
TARENFLURBIL,PSEN2
BIMOSIAMOSE,SELE
LIFITEGRAST,ITGAL
DASOTRALINE,SLC6A3
DASOTRALINE,SLC6A4
LIAFENSINE,SLC6A3
POLMACOXIB,CA2
GANAXOLONE,GABRA3
MARIMASTAT,MMP9
ABITUZUMAB,ITGAV
GANCOTAMAB,ERBB2
BEGELOMAB,DPP4
LIRILUMAB,KIR2DL2
TERBOGREL,TBXAS1
RIBOCICLIB SUCCINATE,CDK4
RIBOCICLIB SUCCINATE,CDK6
BEZAFIBRATE,PPARG
ISOXSUPRINE HYDROCHLORIDE,ADRA1A
ALVERINE,HNF4A
IMC-CS4,CSF1R
IMC-1C11,KDR
FARALIMOMAB,IFNA13
ELVUCITABINE,ERVW-4
ASPACYTARABINE,POLD1
ZENOCUTUZUMAB,ERBB3
EFGARTIGIMOD ALFA,FCGRT
APRUTUMAB IXADOTIN,TUBB4B
APRUTUMAB IXADOTIN,FGFR2
ASG-5ME,TUBB4B
CRIZOTINIB,NPM1
IMATINIB,BCR
INFIGRATINIB PHOSPHATE,FGFR1
SULTHIAME,CA2
PADSEVONIL,GABRG3
PADSEVONIL,GABRA3
XANOMELINE,CHRM1
GSK-2586881,AGT
GALICAFTOR,CFTR
PATRITUMAB DERUXTECAN,ERBB3
VARENICLINE,CHRNB2
TERN-101,NR1H4
SIMUROSERTIB,CDC7
CHEMBL:CHEMBL1397308,THRB
DECANOIC ACID,TSHR
INAMRINONE,CYP1A2
HARMAN,HSD17B10
INDIUM CHLORIDE,TDP1
CHEMBL:CHEMBL1990783,NFE2L2
SOFALCONE,VDR
CHEMBL:CHEMBL602526,NLRP3
PEUCENIN,HPGD
"1,2-NAPHTHOQUINONE",HPGD
TYRPHOSTIN B48,FEN1
MINOCYCLINE,F2RL1
DOFETILIDE,CYP1A2
BROMETHALIN,RXRA
"PAROXETINE HYDROCHLORIDE, HEMIHYDRATE",AR
GRACILIN A,EGFR
CHEMBL:CHEMBL59532,USP1
NORSTICTIC ACID,TDP1
N-ARACHIDONOYLGLYCINE,EHMT2
PF-562271,PRKCD
KAEMPHEROL,HPGD
ZAFIRLUKAST,AR
BAY-11-7085,RGS4
FLUPENTHIXOL,DRD2
NS3623,BAD
N-[2-(2-IODO-5-METHOXY-1H-INDOL-3-YL)ETHYL]ACETAMIDE,CYP1A2
CHEMBL:CHEMBL585828,GAA
CENISERTIB,PRKCD
MASOPROCOL,AR
RILUZOLE,BAD
METITEPINE,AR
APIGENIN,HPGD
PF-562271,NTRK1
TK05,LTC4S
CHEMBL:CHEMBL1567571,ATXN2
DIHYDROGUAIARETIC ACID,TTR
THEONELLASTEROL C,NR1H4
CHEMBL:CHEMBL1333798,BRCA1
CHEMBL:CHEMBL560296,NPC1
CHEMBL:CHEMBL1567571,GMNN
CHEMBL:CHEMBL1256660,ATXN2
CONGO RED,SNCA
CHEMBL:CHEMBL275260,NFE2L2
DACTINOMYCIN,ESR1
METITEPINE,EHMT2
EXIFONE,AR
CAFFEIC ACID PHENETHYL ESTER,SMN1
CHEMBL:CHEMBL534047,RAD54L
4-METHOXYDALBERGIONE,MAPT
CALYCULIN A,HTT
IBRUTINIB,EGFR
ENDOSULFAN,ESR1
CHEMBL:CHEMBL591613,CYP2D6
METIZOLINE,CYP1A2
IMATINIB,BCR
TYRPHOSTIN A9,HIF1A
SUFENTANIL CITRATE,NFE2L2
CEFPIROME,VDR
CHEMBL:CHEMBL1934585,GLI1
CHEMBL:CHEMBL16751,KMT2A
INAMRINONE,THRB
DIMERCAPROL,GMNN
ZILEUTON,ALOX5
NORSTICTIC ACID,KAT2A
N-OLEOYLDOPAMINE,ALOX15
BAY 61-3606,MET
LYS-COA,GLI3
EPIGALLOCATECHIN-3-GALLATE,GLI3
CHEMBL:CHEMBL590168,RAD52
FENPYROXYMATE,AR
REV-5901,TARDBP
CHEMBL:CHEMBL601364,DRD1
MASOPROCOL,EHMT2
HELENALIN,AGTR1
JNJ-7706621,MET
TOZASERTIB,FGFR3
VOACAMINE,ABCB1
BETAMETHASONE,NR3C1
SUVANINE'S SODIUM SALT,NR1I2
DEMETHYLENCECALIN,TDP1
KOPARIN,HPGD
HONOKIOL,GAA
CHEMBL:CHEMBL580155,MAPT
CAMBENDAZOLE,GMNN
(+)-NORFENFLURAMINE,EHMT2
SAQUINAVIR MESYLATE,ATXN2
N-OLEOYLDOPAMINE,MAPT
CHEMBL:CHEMBL1576310,PTK2B
CYANIN,F2
SANGUINARIUM CHLORIDE,MAPK1
PROMETHAZINE HYDROCHLORIDE,DRD1
GLYCYROL,GMNN
PONATINIB,ABL1
CENISERTIB,CDK5
HYDROXYFLUTAMIDE,NFE2L2
METHACYCLINE HYDROCHLORIDE,POLB
CHEMBL:CHEMBL260311,NPC1
CYC-116,FGFR1
GLAUCINE METHIODIDE,EHMT2
CHEMBL:CHEMBL602424,NFE2L2
CHEMBL:CHEMBL1415851,SMAD3
MITOTANE,ATM
CHEMBL:CHEMBL597035,NFE2L2
CHEMBL:CHEMBL17784,NPC1
FENOFIBRATE MICRONIZED,JUN
AZEPEXOLE,EHMT2
CHEMBL:CHEMBL601180,GMNN
GEFITINIB,MAPK14
PHENYLETHYL ALCOHOL,AR
CAFFEINE,CYP1A2
TAMARIXETIN,NFKB2
LETROZOLE,CYP19A1
OXIGLUTATIONE,AR
TAMARIXETIN,RELA
BAY 11-7082,EHMT2
ROSIGLITAZONE MALEATE,NFE2L2
VESAMICOL,CYP2D6
DIPHENOXYLATE HYDROCHLORIDE,GMNN
HARMINE HYDROCHLORIDE,EHMT2
CHEMBL:CHEMBL1605629,PLK1
PHATHALIMIDE,CASP3
AR-AO-14418,CDK5
NIGULDIPINE,TP53
CONGO RED,KMT2A
SERTRALINE HYDROCHLORIDE,TP53
CONGO RED,KAT2A
CHEMBL:CHEMBL1326758,ALDH1A1
CHEMBL:CHEMBL2347633,CXCR4
CHEMBL:CHEMBL461193,ATXN2
SELICICLIB,SMN1
ACETAMINOPHEN,BRD2
CHEMBL:CHEMBL2178596,PPARG
SU11274,DRD4
PF-562271,FGFR1
SULFACARBAMIDE,AR
CHEMBL:CHEMBL1341830,GMNN
CYC-116,FGFR3
SILVER SULFADIAZINE,CYP1A2
TERAZOSIN HYDROCHLORIDE,HSD17B10
COLFORSIN,AHR
CHEMBL:CHEMBL429335,SMN1
CAFFEIC ACID PHENETHYL ESTER,EHMT2
"PAROXETINE HYDROCHLORIDE, HEMIHYDRATE",ATXN2
CYC-116,CSNK1D
FLUMETHASONE PIVALATE,AR
METIZOLINE,EHMT2
GLUTAMIC ACID,SLC25A4
DIAZOXIDE,CYP1A2
VU0650786,SLC25A4
MITOXANTRONE HYDROCHLORIDE,KAT2A
JNJ-7706621,NTRK2
DALBERGIONE,VDR
TOLAZAMIDE,EHMT2
TANSHINONE I,USP1
5'-GUANIDINONALTRINDOLE,VDR
INOTERSEN,TTR
PANITUMUMAB,EGFR
4-PHENYLBUTYRIC ACID,OTC
TALAZOPARIB,ERBB2
PEXIDARTINIB,CSF1R
QUERCETIN,PIK3R1
QUERCETIN,PKN2
QUERCETIN,PIK3CD
SUNITINIB,RET
ORANTINIB,FLT4
VANDETANIB,KDR
B-RAF/VEGFR-2 INHIBITOR RAF265,KDR
PIDILIZUMAB,PDCD1
PIDILIZUMAB,PDCD1
NIROGACESTAT,NOTCH1
NOTCH SIGNALING PATHWAY INHIBITOR MK0752,PSENEN
AUY922,HSP90AA1
NIROGACESTAT,NOTCH4
BORTEZOMIB,PSMD9
SELUMETINIB,MAP2K6
BUPARLISIB HYDROCHLORIDE,PIK3CB
VERAPAMIL,ABCB1
TENIPOSIDE,ABCC1
QUERCETIN,ABL1
6-AMINONICOTINAMIDE,ACHE
"INSULIN, REGULAR, HUMAN",ADIPOQ
AZACITIDINE,AFP
MELATONIN,ALOX5
HALOPERIDOL DECANOATE,ANPEP
HYDROCORTISONE BUTYRATE,ARNT
VITAMIN E,ATF4
THERAPEUTIC ANDROSTANOLONE,BAX
ALPHA-TOCOPHEROL,BCL2
TOPOISOMERASE-II-BETA INHIBITOR RACEMIC XK469,BAX
AMINOLEVULINIC ACID,BCL2
MICELLAR PACLITAXEL,BCL2
POLY IC,CCL17
RECOMBINANT CHEMOKINE,CCL21
RECOMBINANT CHEMOKINE,CCL14
DIAZEPAM,CCKBR
GOSSYPOL,CCND1
SIMVASTATIN,CCR2
BOVINE PITUITARY EXTRACT,CD34
FLUDARABINE,CD40
MANNOSE-BINDING LECTIN,CD40
TANESPIMYCIN,CDK4
RO4491533,SLC25A4
DEXAMETHASONE,CDK4
TRIVALENT INFLUENZA VACCINE,CSF2
STREPTOZOCIN,CSF2
IMMUNOTOXIN,CSF2
GM-CSF,CXCL10
QUERCETIN,E2F1
ANTIPLATELET AGENT,EDN1
NERVE GROWTH FACTOR,ENO2
DIETHYLSTILBESTROL,ERBB2
ROMIDEPSIN,ERBB2
BISPECIFIC ANTIBODY,FAS
ANTINEOPLASTIC AGENT,FASN
SOY PROTEIN ISOLATE,PTH
DEXAMETHASONE,RARA
TETRADECANOYLPHORBOL ACETATE,PTPRZ1
LYSOZYME,PTPN6
GM-CSF,SERPINE1
NEDOMETINIB,MAP2K1
CAPTOPRIL,SERPINE1
DEFIBROTIDE,SERPINE1
CAFFEINE,SHH
DIAZEPAM,SLC2A1
METHOXSALEN,TAC1
FENOFIBRATE MICRONIZED,TFPI
ALPHA-TOCOPHEROL,TGFB1
HEPARAN SULFATE,TGFB1
ISOTRETINOIN,TGM2
DEFEROXAMINE,TGM2
PNEUMOCOCCAL POLYVALENT VACCINE,TNF
HUANG LIAN,TNF
"INSULIN, REGULAR, HUMAN",TNF
MIDOSTAURIN,TNF
PYRAZOLE,TSPO
THERAPEUTIC ANDROGEN,VDR
ALITRETINOIN,VDR
"IBUPROFEN, SODIUM SALT",VHL
STREPTOZOCIN,VWF
TYROSINE KINASE INHIBITOR,VWF
CARBOPLATIN,ERBB2
ATENOLOL,LDLR
MIPOMERSEN,LDLR
LANSOPRAZOLE,NR1I2
VITAMIN B12,ABCB1
DESIPRAMINE,AKT1
ADALIMUMAB-ADBM,IL6
ABEMACICLIB,ABCB1
ABEMACICLIB,ESR1
ETANERCEPT-SZZS,IL6
ERGOT ALKALOIDS,BDNF
CYCLOPHOSPHAMIDE ANHYDROUS,GSTM1
OSIMERTINIB,STAT3
SACITUZUMAB GOVITECAN,BRCA1
AFLIBERCEPT,VEGFA
DESIPRAMINE,MC1R
NICOTINE POLACRILEX,CHAT
NICOTINE POLACRILEX,FMO1
CYCLOPHOSPHAMIDE ANHYDROUS,CXCL8
RISPERIDONE,CYP1B1
RISPERIDONE,SLC1A1
RISPERIDONE,HTT
CYCLOPHOSPHAMIDE ANHYDROUS,FCGR3A
CYCLOPHOSPHAMIDE ANHYDROUS,FCGR2A
CYCLOPHOSPHAMIDE ANHYDROUS,ATM
CYTARABINE,RRM2
CISPLATIN,SEMA6A
IMIPRAMINE HYDROCHLORIDE,CYP1A2
AVAGACESTAT,PSENEN
BUCINDOLOL HYDROCHLORIDE,ADRB2
CCX354,CCR1
CIMICOXIB,PTGS2
DICLOFENAC SODIUM,PTGS1
CLX-0921,PPARG
CLODRONIC ACID,SLC25A4
DEXPRAMIPEXOLE,DRD3
DEXPRAMIPEXOLE,DRD2
ENILURACIL,DPYD
LEVODOPA,DRD3
METFORMIN,PRKAB1
BECAPLERMIN,PDGFRB
ICO-007,RAF1
ILOPERIDONE,HRH1
ILOPERIDONE,HTR1A
ILOPERIDONE,HTR6
INSM-18,ERBB2
TIRBANIBULIN,SRC
CHLORZOXAZONE,KCNMA1
CHLORPROTHIXENE,DRD2
DISULFIRAM,ALDH2
DINOPROSTONE,PTGER3
DINOPROSTONE,PTGER4
DROMOSTANOLONE,AR
FLUDIAZEPAM,GABRG3
OXYPHENCYCLIMINE,CHRM1
PINDOLOL,ADRB1
PHENFORMIN,PRKAA1
PICROTOXIN,GABRA1
PRACTOLOL,ADRB1
PROMAZINE,CHRM2
PROMETHAZINE HYDROCHLORIDE,CHRM2
PROMAZINE,HTR2C
SPIRAPRIL,ACE
ALFUZOSIN,ADRA1A
ALFUZOSIN,ADRA1D
ALCLOMETASONE,ANXA1
ABATACEPT,CD86
ANASTROZOLE,CYP19A1
AMCINONIDE,ANXA1
ATENOLOL,ADRB1
BETHANIDINE,ADRA1A
BROMOCRIPTINE,DRD2
BUTALBITAL,GABRA3
CALCITRIOL,VDR
PINDOLOL,ADRB1
PROGABIDE,GABBR1
RAMELTEON,MTNR1A
RESERPINE,SLC18A2
SUPROFEN,PTGS1
THIETHYLPERAZINE,CHRM1
THEOPHYLLINE,PDE4B
THIETHYLPERAZINE,HRH1
THYROTROPIN ALFA,TSHR
TRIDIHEXETHYL,CHRM2
VORINOSTAT,HDAC8
LUNACALCIPOL,CYP24A1
LIPROTAMASE,CALCR
TASELISIB,PIK3CG
NARSOPLIMAB,MASP2
PF-04236921,IL6
REMLARSEN,MIR155
REMLARSEN,AQP1
PF-06747143,CXCR4
VADASTUXIMAB TALIRINE,CD33
TM38837,CNR1
NAFAMOSTAT,TNF
IODINE I 124 OMBURTAMAB,CD276
MELANOMA VACCINE,MLANA
KW-2449,FGFR1
ASCORBIC ACID,AQP1
ROMIDEPSIN,HDAC1
RABEPRAZOLE,FGFR3
RINDOPEPIMUT,EGFR
SELEXIPAG,PTGIR
B-RAF/VEGFR-2 INHIBITOR RAF265,KDR
METHANESULFONYL FLUORIDE,ACHE
DA-8031,SLC6A4
CMX-2043,AKT1
MITOGLITAZONE,INSR
LIFITEGRAST,ICAM1
LECANEMAB,APP
CAPIVASERTIB,AKT3
TREGALIZUMAB,CD4
COPANLISIB,PIK3CD
APALUTAMIDE,AR
GNE-616,BBS1
DRONEDARONE,CALCA
GLPG-1837,CFTR
CARBINOXAMINE,HRH1
GNE-131,SCN9A
NEXOPAMIL,SLC25A20
MEFENAMIC ACID,PTGS2
S-222611,EGFR
ELAPEGADEMASE,ADA
BRL-15572,A1BG
TERGURIDE,A1BG
ROXINDOLE,A1BG
[3H]P-MPPF,A1BG
WAY-100135,A1BG
BRL-15572,A2M
FK-888,AQP4
5-HT-MODULINE,A2MP1
LYSERGIC ACID,A2MP1
CAPESEROD,A2MP1
QUETIAPINE FUMARATE,A2MP1
"L-772,405",A2MP1
(+)-DOI,HTR2C
OLANZAPINE,SERPINA3
MESULERGINE,SERPINA3
CAPIVASERTIB,FKBP2
SNAP5089,ABCB7
MIANSERIN,ABCB7
HG2+,BTG1
MRS3558,ABAT
TCPA,ABAT
AS100,ABAT
NELADENOSON,ABAT
RIFAMYCIN SV,SLCO1B3
MUROMONAB-CD3,GLRA2
TEPODITAMAB,GLRA2
TARLATAMAB,GLRA2
ELEXACAFTOR,CFTR
FK-881,CPT1B
KL044,GPX1
RIVOCERANIB,ELAVL1
IMATINIB,DUSP1
DDR-IN-1,DUSP1
TERGURIDE,ABCD1
TERGURIDE,ABCD1
VILAZODONE HYDROCHLORIDE,ABCD1
BENPERIDOL,ABCD1
SUMANIROLE,ABCD1
CV-6209,APLP2
GW274150,NOS2
MYCOPHENOLATE,GATA2
C391,APOE
"INOSITOL 2,4,5-TRISPHOSPHATE",ITPR1
GOLIDOCITINIB,EPHB1
CERDULATINIB,EPHB1
LEPZACITINIB,EPHB1
JAK3 INHIBITOR II,EPHB1
ITACITINIB,EPHB1
LORPUCITINIB,EPHB1
JNJ-7706621,EPHB2
ELAFIBRANOR,CCND1
WXFL10203614,EPHB1
TOFACITINIB,EPHB1
NIK INHIBITOR 12F,EPHB1
JAK3 INHIBITOR II,EPHB2
ITACITINIB,EPHB2
LY2874455,DRD2
NA+,ASIP
LPA,ACVRL1
LPA,ADH1A
IZORLISIB,ETFB
VABAMETKIB,DRD4
GERANYL DIPHOSPHATE,BLK
LY341495,ANPEP
TRIPLE MODULATOR 10 [PMID: 29878767],CCND1
COMPOUND 41 [PMID: 31855425],F3
ALDOSTERONE,NR3C2
BEXAROTENE,CCND1
ONAPRISTONE,NR3C2
KU-0060648,F5
KU-0060648,PIK3CB
STAUROSPORINE,ERBB3
GS-444217,MAP3K5
PICTILISIB,PIK3CB
NIK INHIBITOR 12F,ERCC6
CEP-1347,ERCC4
VULOLISIB,F7
ILOMASTAT,DBT
SAR260301,FKBP4
ARP100,DBT
BOMPPA,ANK3
IIK7,ANK3
UCM1014,ANK3
(-)-BREMAZOCINE,APOF
GYPGQV-NH2,APOH
GDC-0339,F9
APITOLISIB,F7
[125I]BH-MIT1,APOA1
GTP-14564,DPP6
COMPOUND 20 [PMID: 22136433],CTSS
GSK583,RIPK2
TRIFAROTENE,BCHE
AGN193836,BCHE
BMS614,BCHE
GSK4112,BCL2
SPARTALIZUMAB,CD274
CAMRELIZUMAB,CD274
FLUOROURACIL,FGFR2
QUISINOSTAT,FGFR3
FUTIBATINIB,FGFR3
SELUMETINIB,PIK3CA
SULINDAC,PIK3CA
CELECOXIB,PIK3CA
PEMETREXED DISODIUM,PTEN
GSK690693,PTEN
SUNITINIB,RET
REBEMADLIN,RB1
CERALASERTIB,TP53
MIRDAMETINIB,TP53
SULANEMADLIN,TP53
LY3009120,TP53
CABOZANTINIB S-MALATE,TP53
